date,site,country,segment,position,clicks,impressions,data_state
2025-06-08,celio,all,brand,1.4,9509,33751,final
2025-06-08,celio,all,nonbrand,13.2,3902,146584,final
2025-06-08,celio,all,total,26.8,18291,644123,final
2025-06-09,celio,all,brand,1.3,12571,39552,final
2025-06-09,celio,all,nonbrand,12.0,4884,152043,final
2025-06-09,celio,all,total,22.8,23317,627926,final
2025-06-10,celio,all,brand,1.4,11123,35874,final
2025-06-10,celio,all,nonbrand,12.9,4503,147377,final
2025-06-10,celio,all,total,21.0,21163,563227,final
2025-06-11,celio,all,brand,1.4,11435,37811,final
2025-06-11,celio,all,nonbrand,10.8,4732,146338,final
2025-06-11,celio,all,total,20.5,22039,567732,final
2025-06-12,celio,all,brand,1.4,11081,38201,final
2025-06-12,celio,all,nonbrand,10.1,4583,139909,final
2025-06-12,celio,all,total,19.7,21311,540303,final
2025-06-13,celio,all,brand,1.4,11092,38868,final
2025-06-13,celio,all,nonbrand,11.4,4380,142018,final
2025-06-13,celio,all,total,19.7,20940,526190,final
2025-06-14,celio,all,brand,1.4,11536,45711,final
2025-06-14,celio,all,nonbrand,9.8,4604,146263,final
2025-06-14,celio,all,total,19.1,22252,566926,final
2025-06-15,celio,all,brand,1.4,10692,37680,final
2025-06-15,celio,all,nonbrand,10.6,5025,153286,final
2025-06-15,celio,all,total,20.0,21483,552105,final
2025-06-16,celio,all,brand,1.3,13659,41612,final
2025-06-16,celio,all,nonbrand,10.8,4440,140470,final
2025-06-16,celio,all,total,19.9,23988,541265,final
2025-06-17,celio,all,brand,1.4,10973,35498,final
2025-06-17,celio,all,nonbrand,11.4,4336,147406,final
2025-06-17,celio,all,total,19.6,20643,526860,final
2025-06-18,celio,all,brand,1.4,11235,36273,final
2025-06-18,celio,all,nonbrand,11.2,4551,150964,final
2025-06-18,celio,all,total,19.5,21526,539022,final
2025-06-19,celio,all,brand,1.5,10310,34832,final
2025-06-19,celio,all,nonbrand,11.5,3977,147586,final
2025-06-19,celio,all,total,19.8,19468,520817,final
2025-06-20,celio,all,brand,1.4,9687,33556,final
2025-06-20,celio,all,nonbrand,11.5,3940,137891,final
2025-06-20,celio,all,total,20.0,18661,491063,final
2025-06-21,celio,all,brand,1.4,9902,35534,final
2025-06-21,celio,all,nonbrand,11.6,4138,144574,final
2025-06-21,celio,all,total,21.5,19127,539646,final
2025-06-22,celio,all,brand,1.4,9386,31219,final
2025-06-22,celio,all,nonbrand,10.6,4916,149789,final
2025-06-22,celio,all,total,19.7,19313,513217,final
2025-06-23,celio,all,brand,1.4,10298,33884,final
2025-06-23,celio,all,nonbrand,11.2,4421,142959,final
2025-06-23,celio,all,total,19.6,20104,519681,final
2025-06-24,celio,all,brand,1.3,12564,40043,final
2025-06-24,celio,all,nonbrand,10.0,4545,139794,final
2025-06-24,celio,all,total,17.4,22801,505798,final
2025-06-25,celio,all,brand,1.2,20633,63904,final
2025-06-25,celio,all,nonbrand,7.4,6158,156770,final
2025-06-25,celio,all,total,15.8,33995,622866,final
2025-06-26,celio,all,brand,1.4,12689,46139,final
2025-06-26,celio,all,nonbrand,9.6,4529,147477,final
2025-06-26,celio,all,total,16.7,23118,550233,final
2025-06-27,celio,all,brand,1.3,11465,45024,final
2025-06-27,celio,all,nonbrand,10.0,4412,146751,final
2025-06-27,celio,all,total,18.8,21626,559262,final
2025-06-28,celio,all,brand,1.3,11926,49042,final
2025-06-28,celio,all,nonbrand,9.9,4869,155909,final
2025-06-28,celio,all,total,18.4,22764,594232,final
2025-06-29,celio,all,brand,1.3,10993,42209,final
2025-06-29,celio,all,nonbrand,9.3,5581,165026,final
2025-06-29,celio,all,total,17.6,22431,568511,final
2025-06-30,celio,all,brand,1.3,11785,42426,final
2025-06-30,celio,all,nonbrand,9.9,5414,162401,final
2025-06-30,celio,all,total,18.7,23232,602301,final
2025-07-01,celio,all,brand,1.3,11507,40767,final
2025-07-01,celio,all,nonbrand,10.8,5266,150058,final
2025-07-01,celio,all,total,17.5,22541,531975,final
2025-07-02,celio,all,brand,1.3,12274,43707,final
2025-07-02,celio,all,nonbrand,10.5,4946,144846,final
2025-07-02,celio,all,total,18.0,23144,539345,final
2025-07-03,celio,all,brand,1.4,11784,44096,final
2025-07-03,celio,all,nonbrand,11.4,4181,137134,final
2025-07-03,celio,all,total,17.7,21688,504413,final
2025-07-04,celio,all,brand,1.3,11471,44251,final
2025-07-04,celio,all,nonbrand,12.3,3807,128840,final
2025-07-04,celio,all,total,19.1,20838,484504,final
2025-07-05,celio,all,brand,1.4,11431,47992,final
2025-07-05,celio,all,nonbrand,11.3,4208,135592,final
2025-07-05,celio,all,total,18.8,21682,534391,final
2025-07-06,celio,all,brand,1.4,10310,40715,final
2025-07-06,celio,all,nonbrand,11.5,4818,143012,final
2025-07-06,celio,all,total,19.3,20673,518464,final
2025-07-07,celio,all,brand,1.3,10254,39598,final
2025-07-07,celio,all,nonbrand,11.9,4217,129628,final
2025-07-07,celio,all,total,18.8,20018,486369,final
2025-07-08,celio,all,brand,1.4,9216,36576,final
2025-07-08,celio,all,nonbrand,12.1,3596,125704,final
2025-07-08,celio,all,total,18.4,17725,476806,final
2025-07-09,celio,all,brand,1.4,9512,36823,final
2025-07-09,celio,all,nonbrand,13.4,3685,126156,final
2025-07-09,celio,all,total,20.8,18108,501098,final
2025-07-10,celio,all,brand,1.4,8553,33653,final
2025-07-10,celio,all,nonbrand,13.9,3408,123995,final
2025-07-10,celio,all,total,21.0,16549,466598,final
2025-07-11,celio,all,brand,1.4,8217,34027,final
2025-07-11,celio,all,nonbrand,13.8,3241,123133,final
2025-07-11,celio,all,total,26.0,15739,553217,final
2025-07-12,celio,all,brand,1.4,8511,38006,final
2025-07-12,celio,all,nonbrand,13.8,3588,127838,final
2025-07-12,celio,all,total,23.1,16992,512290,final
2025-07-13,celio,all,brand,1.6,7098,29233,final
2025-07-13,celio,all,nonbrand,13.5,3483,119892,final
2025-07-13,celio,all,total,20.4,14723,416156,final
2025-07-14,celio,all,brand,1.4,8605,35128,final
2025-07-14,celio,all,nonbrand,12.8,3846,123918,final
2025-07-14,celio,all,total,19.2,17151,440201,final
2025-07-15,celio,all,brand,1.5,8071,30875,final
2025-07-15,celio,all,nonbrand,13.6,3292,118144,final
2025-07-15,celio,all,total,19.6,15669,420865,final
2025-07-16,celio,all,brand,1.5,7811,30317,final
2025-07-16,celio,all,nonbrand,14.3,3243,114844,final
2025-07-16,celio,all,total,19.1,15472,404144,final
2025-07-17,celio,all,brand,1.5,7156,28603,final
2025-07-17,celio,all,nonbrand,14.7,2974,109911,final
2025-07-17,celio,all,total,19.7,14248,390609,final
2025-07-18,celio,all,brand,1.5,6856,27558,final
2025-07-18,celio,all,nonbrand,15.9,2723,105712,final
2025-07-18,celio,all,total,20.3,13382,373841,final
2025-07-19,celio,all,brand,1.5,7872,32986,final
2025-07-19,celio,all,nonbrand,17.6,3145,121980,final
2025-07-19,celio,all,total,19.9,15523,403901,final
2025-07-20,celio,all,brand,1.5,6958,27249,final
2025-07-20,celio,all,nonbrand,17.9,3545,124367,final
2025-07-20,celio,all,total,20.7,14681,394126,final
2025-07-21,celio,all,brand,1.5,8099,31135,final
2025-07-21,celio,all,nonbrand,15.1,3322,114975,final
2025-07-21,celio,all,total,20.8,16036,423210,final
2025-07-22,celio,all,brand,1.5,8438,31387,final
2025-07-22,celio,all,nonbrand,16.4,3128,112033,final
2025-07-22,celio,all,total,21.6,15849,414903,final
2025-07-23,celio,all,brand,1.6,6807,25286,final
2025-07-23,celio,all,nonbrand,15.9,2480,101601,final
2025-07-23,celio,all,total,20.7,13082,362528,final
2025-07-24,celio,all,brand,1.6,6130,23855,final
2025-07-24,celio,all,nonbrand,17.1,2260,99940,final
2025-07-24,celio,all,total,21.0,11852,351042,final
2025-07-25,celio,all,brand,1.7,6458,25069,final
2025-07-25,celio,all,nonbrand,15.7,2232,97491,final
2025-07-25,celio,all,total,20.8,12139,350557,final
2025-07-26,celio,all,brand,1.7,6537,27633,final
2025-07-26,celio,all,nonbrand,15.7,2532,97662,final
2025-07-26,celio,all,total,20.6,12561,353656,final
2025-07-27,celio,all,brand,1.6,5970,22534,final
2025-07-27,celio,all,nonbrand,15.8,2703,102910,final
2025-07-27,celio,all,total,20.2,11919,344743,final
2025-07-28,celio,all,brand,1.6,7044,26146,final
2025-07-28,celio,all,nonbrand,15.4,2795,102087,final
2025-07-28,celio,all,total,20.2,13582,366536,final
2025-07-29,celio,all,brand,1.5,6466,24098,final
2025-07-29,celio,all,nonbrand,15.9,2500,103735,final
2025-07-29,celio,all,total,19.9,12549,353906,final
2025-07-30,celio,all,brand,1.6,6652,23912,final
2025-07-30,celio,all,nonbrand,16.1,2538,103118,final
2025-07-30,celio,all,total,20.0,12930,353076,final
2025-07-31,celio,all,brand,1.5,6503,23733,final
2025-07-31,celio,all,nonbrand,15.8,2511,103090,final
2025-07-31,celio,all,total,20.2,12510,355459,final
2025-08-01,celio,all,brand,1.6,7651,24403,final
2025-08-01,celio,all,nonbrand,15.4,2665,96119,final
2025-08-01,celio,all,total,20.8,14211,353004,final
2025-08-02,celio,all,brand,1.5,7395,26004,final
2025-08-02,celio,all,nonbrand,15.5,2847,99822,final
2025-08-02,celio,all,total,20.8,14133,365308,final
2025-08-03,celio,all,brand,1.6,5921,21069,final
2025-08-03,celio,all,nonbrand,15.4,2808,101252,final
2025-08-03,celio,all,total,21.1,12306,350964,final
2025-08-04,celio,all,brand,1.3,21879,46569,final
2025-08-04,celio,all,nonbrand,16.0,3048,107628,final
2025-08-04,celio,all,total,20.9,30233,422161,final
2025-08-05,celio,all,brand,1.3,24955,51088,final
2025-08-05,celio,all,nonbrand,16.5,2980,107796,final
2025-08-05,celio,all,total,20.9,33360,442088,final
2025-08-06,celio,all,brand,1.5,13033,35239,final
2025-08-06,celio,all,nonbrand,15.4,2790,105174,final
2025-08-06,celio,all,total,21.3,20601,412587,final
2025-08-07,celio,all,brand,1.6,11806,34456,final
2025-08-07,celio,all,nonbrand,15.5,2663,103898,final
2025-08-07,celio,all,total,21.9,18875,422503,final
2025-08-08,celio,all,brand,1.6,9471,31200,final
2025-08-08,celio,all,nonbrand,16.8,2497,100802,final
2025-08-08,celio,all,total,21.3,16072,383477,final
2025-08-09,celio,all,brand,1.6,9691,31706,final
2025-08-09,celio,all,nonbrand,16.9,2438,102266,final
2025-08-09,celio,all,total,23.1,16328,405275,final
2025-08-10,celio,all,brand,1.6,7916,26282,final
2025-08-10,celio,all,nonbrand,16.7,2644,103042,final
2025-08-10,celio,all,total,23.4,14500,386807,final
2025-08-11,celio,all,brand,1.5,11405,32467,final
2025-08-11,celio,all,nonbrand,15.8,2891,103355,final
2025-08-11,celio,all,total,29.0,18954,531421,final
2025-08-12,celio,all,brand,1.5,9949,29356,final
2025-08-12,celio,all,nonbrand,16.4,2678,103018,final
2025-08-12,celio,all,total,22.8,16891,407503,final
2025-08-13,celio,all,brand,1.8,9742,30690,final
2025-08-13,celio,all,nonbrand,15.5,2607,97395,final
2025-08-13,celio,all,total,21.9,16679,394767,final
2025-08-14,celio,all,brand,1.7,8716,27836,final
2025-08-14,celio,all,nonbrand,16.3,2432,99678,final
2025-08-14,celio,all,total,22.2,15219,390568,final
2025-08-15,celio,all,brand,1.6,7378,26281,final
2025-08-15,celio,all,nonbrand,16.2,2313,95142,final
2025-08-15,celio,all,total,22.0,13418,370249,final
2025-08-16,celio,all,brand,1.6,7591,25314,final
2025-08-16,celio,all,nonbrand,16.8,2294,97096,final
2025-08-16,celio,all,total,22.5,13648,365153,final
2025-08-17,celio,all,brand,1.6,6293,21129,final
2025-08-17,celio,all,nonbrand,15.5,2440,95069,final
2025-08-17,celio,all,total,20.4,12170,324542,final
2025-08-18,celio,all,brand,1.5,12056,31944,final
2025-08-18,celio,all,nonbrand,15.7,2640,101893,final
2025-08-18,celio,all,total,20.9,19090,387608,final
2025-08-19,celio,all,brand,1.5,12107,32511,final
2025-08-19,celio,all,nonbrand,16.2,2597,105661,final
2025-08-19,celio,all,total,21.3,19321,402832,final
2025-08-20,celio,all,brand,1.5,13499,35081,final
2025-08-20,celio,all,nonbrand,15.3,2693,110588,final
2025-08-20,celio,all,total,20.0,21291,406420,final
2025-08-21,celio,all,brand,1.5,9521,30630,final
2025-08-21,celio,all,nonbrand,15.2,2454,106247,final
2025-08-21,celio,all,total,21.3,16435,406603,final
2025-08-22,celio,all,brand,1.5,8176,26641,final
2025-08-22,celio,all,nonbrand,16.6,2271,103184,final
2025-08-22,celio,all,total,21.4,14474,374452,final
2025-08-23,celio,all,brand,1.5,7958,26513,final
2025-08-23,celio,all,nonbrand,17.1,2319,106760,final
2025-08-23,celio,all,total,21.9,14446,386463,final
2025-08-24,celio,all,brand,1.7,6956,22718,final
2025-08-24,celio,all,nonbrand,17.5,2454,107977,final
2025-08-24,celio,all,total,21.7,13150,366464,final
2025-08-25,celio,all,brand,1.5,8563,26288,final
2025-08-25,celio,all,nonbrand,17.5,2589,104810,final
2025-08-25,celio,all,total,20.4,15523,372601,final
2025-08-26,celio,all,brand,1.5,8053,26544,final
2025-08-26,celio,all,nonbrand,16.7,2650,108969,final
2025-08-26,celio,all,total,21.1,15003,402527,final
2025-08-27,celio,all,brand,1.4,10678,30649,final
2025-08-27,celio,all,nonbrand,17.0,2668,109800,final
2025-08-27,celio,all,total,21.7,18063,427507,final
2025-08-28,celio,all,brand,1.5,9435,29268,final
2025-08-28,celio,all,nonbrand,15.1,2752,107989,final
2025-08-28,celio,all,total,21.3,16817,422920,final
2025-08-29,celio,all,brand,1.5,10082,32165,final
2025-08-29,celio,all,nonbrand,14.7,2618,105711,final
2025-08-29,celio,all,total,20.0,17397,403170,final
2025-08-30,celio,all,brand,1.4,11211,34669,final
2025-08-30,celio,all,nonbrand,14.3,2780,108110,final
2025-08-30,celio,all,total,20.5,18938,428349,final
2025-08-31,celio,all,brand,1.7,9978,31426,final
2025-08-31,celio,all,nonbrand,15.0,2978,118420,final
2025-08-31,celio,all,total,21.5,17568,429168,final
2025-09-01,celio,all,brand,1.5,8578,28959,final
2025-09-01,celio,all,nonbrand,16.0,3019,116787,final
2025-09-01,celio,all,total,22.2,16183,429193,final
2025-09-02,celio,all,brand,1.5,8490,28490,final
2025-09-02,celio,all,nonbrand,15.1,2977,112257,final
2025-09-02,celio,all,total,20.5,15914,405237,final
2025-09-03,celio,all,brand,1.5,8322,29209,final
2025-09-03,celio,all,nonbrand,14.8,2958,113028,final
2025-09-03,celio,all,total,20.8,15878,418316,final
2025-09-04,celio,all,brand,1.5,9254,29520,final
2025-09-04,celio,all,nonbrand,14.7,2940,108203,final
2025-09-04,celio,all,total,20.7,16772,406470,final
2025-09-05,celio,all,brand,1.5,9250,28736,final
2025-09-05,celio,all,nonbrand,15.7,2509,102007,final
2025-09-05,celio,all,total,21.0,16143,401760,final
2025-09-06,celio,all,brand,1.4,9607,30884,final
2025-09-06,celio,all,nonbrand,14.3,2699,104754,final
2025-09-06,celio,all,total,21.0,17064,416402,final
2025-09-07,celio,all,brand,1.6,7963,24521,final
2025-09-07,celio,all,nonbrand,15.4,2776,113511,final
2025-09-07,celio,all,total,21.8,14945,407152,final
2025-09-08,celio,all,brand,1.5,8177,24555,final
2025-09-08,celio,all,nonbrand,15.5,2600,105391,final
2025-09-08,celio,all,total,21.0,15029,393105,final
2025-09-09,celio,all,brand,1.5,7494,23137,final
2025-09-09,celio,all,nonbrand,14.7,2451,100741,final
2025-09-09,celio,all,total,21.8,14087,403301,final
2025-09-10,celio,all,brand,1.5,8471,24998,final
2025-09-10,celio,all,nonbrand,12.9,2599,103653,final
2025-09-10,celio,all,total,18.7,15431,401861,final
2025-09-11,celio,all,brand,1.5,8749,26242,final
2025-09-11,celio,all,nonbrand,11.3,2489,97598,final
2025-09-11,celio,all,total,17.1,15507,359964,final
2025-09-12,celio,all,brand,1.5,8620,25966,final
2025-09-12,celio,all,nonbrand,9.0,2435,93021,final
2025-09-12,celio,all,total,13.4,15184,315722,final
2025-09-13,celio,all,brand,1.5,10956,32125,final
2025-09-13,celio,all,nonbrand,6.8,2990,99125,final
2025-09-13,celio,all,total,7.9,19111,319904,final
2025-09-14,celio,all,brand,2.0,10003,27333,final
2025-09-14,celio,all,nonbrand,7.1,3218,100581,final
2025-09-14,celio,all,total,9.1,18032,311691,final
2025-09-15,celio,all,brand,2.0,9112,25773,final
2025-09-15,celio,all,nonbrand,8.4,2805,94545,final
2025-09-15,celio,all,total,9.9,16282,298397,final
2025-09-16,celio,all,brand,2.6,8103,24466,final
2025-09-16,celio,all,nonbrand,8.4,2555,86819,final
2025-09-16,celio,all,total,9.7,14879,279401,final
2025-09-17,celio,all,brand,3.5,8264,25097,final
2025-09-17,celio,all,nonbrand,7.6,2545,85228,final
2025-09-17,celio,all,total,10.5,14925,290028,final
2025-09-18,celio,all,brand,3.0,7194,23282,final
2025-09-18,celio,all,nonbrand,8.3,2443,84280,final
2025-09-18,celio,all,total,10.3,13536,275011,final
2025-09-19,celio,all,brand,3.0,6706,23071,final
2025-09-19,celio,all,nonbrand,8.6,2169,81019,final
2025-09-19,celio,all,total,10.8,12534,267261,final
2025-09-20,celio,all,brand,2.6,8395,27661,final
2025-09-20,celio,all,nonbrand,8.1,2540,89836,final
2025-09-20,celio,all,total,11.2,15326,307311,final
2025-09-21,celio,all,brand,2.8,7856,25116,final
2025-09-21,celio,all,nonbrand,9.6,2973,105292,final
2025-09-21,celio,all,total,10.9,15286,316389,final
2025-09-22,celio,all,brand,2.6,7918,25789,final
2025-09-22,celio,all,nonbrand,8.4,2819,93643,final
2025-09-22,celio,all,total,10.3,15058,300433,final
2025-09-23,celio,all,brand,2.5,9755,27956,final
2025-09-23,celio,all,nonbrand,7.4,3008,94671,final
2025-09-23,celio,all,total,9.8,17441,308978,final
2025-09-24,celio,all,brand,2.2,11167,30802,final
2025-09-24,celio,all,nonbrand,7.4,3550,110011,final
2025-09-24,celio,all,total,10.2,19835,347079,final
2025-09-25,celio,all,brand,2.7,9223,27957,final
2025-09-25,celio,all,nonbrand,7.4,3258,101733,final
2025-09-25,celio,all,total,9.8,17063,324483,final
2025-09-26,celio,all,brand,2.5,9609,29175,final
2025-09-26,celio,all,nonbrand,7.8,3156,102521,final
2025-09-26,celio,all,total,10.2,17353,328609,final
2025-09-27,celio,all,brand,2.3,11198,34655,final
2025-09-27,celio,all,nonbrand,7.1,3516,106674,final
2025-09-27,celio,all,total,9.8,19887,350634,final
2025-09-28,celio,all,brand,2.8,9459,29729,final
2025-09-28,celio,all,nonbrand,7.2,3749,113201,final
2025-09-28,celio,all,total,10.6,18116,348052,final
2025-09-29,celio,all,brand,2.5,9116,28249,final
2025-09-29,celio,all,nonbrand,8.7,3066,104118,final
2025-09-29,celio,all,total,11.7,16797,338495,final
2025-09-30,celio,all,brand,2.3,8098,25528,final
2025-09-30,celio,all,nonbrand,8.4,2934,97889,final
2025-09-30,celio,all,total,11.1,15395,320152,final
2025-10-01,celio,all,brand,2.0,9015,27859,final
2025-10-01,celio,all,nonbrand,8.1,2833,95226,final
2025-10-01,celio,all,total,10.5,16412,315890,final
2025-10-02,celio,all,brand,2.7,10199,30227,final
2025-10-02,celio,all,nonbrand,8.5,2833,93159,final
2025-10-02,celio,all,total,10.5,17343,317053,final
2025-10-03,celio,all,brand,2.0,10084,31694,final
2025-10-03,celio,all,nonbrand,7.9,2857,92437,final
2025-10-03,celio,all,total,9.6,17250,306651,final
2025-10-04,celio,all,brand,2.2,10991,38509,final
2025-10-04,celio,all,nonbrand,9.4,3783,110624,final
2025-10-04,celio,all,total,10.4,19814,368001,final
2025-10-05,celio,all,brand,2.5,9121,30874,final
2025-10-05,celio,all,nonbrand,7.6,3805,111772,final
2025-10-05,celio,all,total,9.9,17732,346863,final
2025-10-06,celio,all,brand,2.3,9315,31063,final
2025-10-06,celio,all,nonbrand,8.2,3144,100564,final
2025-10-06,celio,all,total,10.7,17001,342970,final
2025-10-07,celio,all,brand,2.5,8278,28722,final
2025-10-07,celio,all,nonbrand,8.0,2986,94224,final
2025-10-07,celio,all,total,9.9,15611,311671,final
2025-10-08,celio,all,brand,2.0,10528,32808,final
2025-10-08,celio,all,nonbrand,8.0,2900,95119,final
2025-10-08,celio,all,total,9.4,18069,323272,final
2025-10-09,celio,all,brand,2.3,8807,30117,final
2025-10-09,celio,all,nonbrand,14.1,2588,104974,final
2025-10-09,celio,all,total,11.8,15713,322255,final
2025-10-10,celio,all,brand,2.7,8995,32028,final
2025-10-10,celio,all,nonbrand,8.2,2526,89530,final
2025-10-10,celio,all,total,10.3,15558,307423,final
2025-10-11,celio,all,brand,2.4,10073,37213,final
2025-10-11,celio,all,nonbrand,7.6,2835,96214,final
2025-10-11,celio,all,total,9.5,17581,339206,final
2025-10-12,celio,all,brand,2.2,7998,28847,final
2025-10-12,celio,all,nonbrand,7.4,3055,98845,final
2025-10-12,celio,all,total,9.6,15389,317637,final
2025-10-13,celio,all,brand,2.0,9899,27159,final
2025-10-13,celio,all,nonbrand,7.7,2780,93916,final
2025-10-13,celio,all,total,9.9,17152,314329,final
2025-10-14,celio,all,brand,2.2,6836,25412,final
2025-10-14,celio,all,nonbrand,7.4,2531,98350,final
2025-10-14,celio,all,total,9.9,13403,313661,final
2025-10-15,celio,all,brand,1.8,7740,27177,final
2025-10-15,celio,all,nonbrand,7.5,2555,95278,final
2025-10-15,celio,all,total,14.9,14554,382066,final
2025-10-16,celio,all,brand,2.6,6838,26646,final
2025-10-16,celio,all,nonbrand,7.9,2415,89745,final
2025-10-16,celio,all,total,15.2,13351,356533,final
2025-10-17,celio,all,brand,2.2,6654,25152,final
2025-10-17,celio,all,nonbrand,7.8,2365,88892,final
2025-10-17,celio,all,total,10.6,12846,304478,final
2025-10-18,celio,all,brand,1.9,7767,30391,final
2025-10-18,celio,all,nonbrand,7.7,2740,100315,final
2025-10-18,celio,all,total,11.6,14959,371259,final
2025-10-19,celio,all,brand,2.0,7129,26990,final
2025-10-19,celio,all,nonbrand,7.2,3181,104131,final
2025-10-19,celio,all,total,10.9,14683,354093,final
2025-10-20,celio,all,brand,2.1,7064,27534,final
2025-10-20,celio,all,nonbrand,7.2,3161,102886,final
2025-10-20,celio,all,total,9.8,14552,344113,final
2025-10-21,celio,all,brand,1.9,6505,25237,final
2025-10-21,celio,all,nonbrand,7.3,2806,95021,final
2025-10-21,celio,all,total,9.7,13274,317547,final
2025-10-22,celio,all,brand,1.7,7253,27208,final
2025-10-22,celio,all,nonbrand,7.5,2851,93143,final
2025-10-22,celio,all,total,10.3,14434,324661,final
2025-10-23,celio,all,brand,1.9,7559,27557,final
2025-10-23,celio,all,nonbrand,7.7,2965,102209,final
2025-10-23,celio,all,total,9.9,14646,329224,final
2025-10-24,celio,all,brand,1.9,7056,28056,final
2025-10-24,celio,all,nonbrand,8.2,2876,113984,final
2025-10-24,celio,all,total,9.3,13882,332572,final
2025-10-25,celio,all,brand,1.9,8420,31133,final
2025-10-25,celio,all,nonbrand,7.4,3145,100010,final
2025-10-25,celio,all,total,10.2,16114,339305,final
2025-10-26,celio,all,brand,2.3,7277,27454,final
2025-10-26,celio,all,nonbrand,7.2,3612,109218,final
2025-10-26,celio,all,total,9.8,15288,336789,final
2025-10-27,celio,all,brand,1.8,8212,29605,final
2025-10-27,celio,all,nonbrand,7.2,3507,105966,final
2025-10-27,celio,all,total,10.0,16363,344967,final
2025-10-28,celio,all,brand,1.8,7441,28266,final
2025-10-28,celio,all,nonbrand,7.3,3050,97828,final
2025-10-28,celio,all,total,9.4,15009,322147,final
2025-10-29,celio,all,brand,1.6,8889,30171,final
2025-10-29,celio,all,nonbrand,7.8,3187,103136,final
2025-10-29,celio,all,total,10.8,16588,357018,final
2025-10-30,celio,all,brand,1.7,14034,29985,final
2025-10-30,celio,all,nonbrand,7.2,2978,95930,final
2025-10-30,celio,all,total,8.9,21507,326535,final
2025-10-31,celio,all,brand,1.9,13301,29057,final
2025-10-31,celio,all,nonbrand,7.9,2747,92007,final
2025-10-31,celio,all,total,9.8,20228,307178,final
2025-11-01,celio,all,brand,1.7,16632,36820,final
2025-11-01,celio,all,nonbrand,7.3,3301,102162,final
2025-11-01,celio,all,total,9.5,24991,351941,final
2025-11-02,celio,all,brand,1.9,15669,31587,final
2025-11-02,celio,all,nonbrand,6.9,3746,113046,final
2025-11-02,celio,all,total,9.7,24539,367104,final
2025-11-03,celio,all,brand,1.8,15046,30537,final
2025-11-03,celio,all,nonbrand,7.2,3246,102383,final
2025-11-03,celio,all,total,8.8,23043,337252,final
2025-11-04,celio,all,brand,1.8,14328,28364,final
2025-11-04,celio,all,nonbrand,7.4,2987,99744,final
2025-11-04,celio,all,total,9.2,21935,328038,final
2025-11-05,celio,all,brand,1.7,15651,30755,final
2025-11-05,celio,all,nonbrand,7.2,3133,100898,final
2025-11-05,celio,all,total,9.1,23578,339463,final
2025-11-06,celio,all,brand,1.7,14889,29354,final
2025-11-06,celio,all,nonbrand,7.1,3028,105078,final
2025-11-06,celio,all,total,9.8,22549,356630,final
2025-11-07,celio,all,brand,1.7,14829,30928,final
2025-11-07,celio,all,nonbrand,7.1,2984,106670,final
2025-11-07,celio,all,total,9.2,22505,351549,final
2025-11-08,celio,all,brand,1.6,21244,41334,final
2025-11-08,celio,all,nonbrand,6.8,3667,118273,final
2025-11-08,celio,all,total,9.4,30642,405062,final
2025-11-09,celio,all,brand,1.8,20503,37134,final
2025-11-09,celio,all,nonbrand,6.6,4227,128880,final
2025-11-09,celio,all,total,10.3,30733,422816,final
2025-11-10,celio,all,brand,1.6,20137,39830,final
2025-11-10,celio,all,nonbrand,6.4,3777,123919,final
2025-11-10,celio,all,total,11.9,29874,443569,final
2025-11-11,celio,all,brand,1.6,20147,40377,final
2025-11-11,celio,all,nonbrand,6.1,4436,129307,final
2025-11-11,celio,all,total,9.8,30749,447577,final
2025-11-12,celio,all,brand,1.5,16201,31997,final
2025-11-12,celio,all,nonbrand,6.7,3585,114376,final
2025-11-12,celio,all,total,8.8,24974,379164,final
2025-11-13,celio,all,brand,1.5,15608,31643,final
2025-11-13,celio,all,nonbrand,7.2,3068,108928,final
2025-11-13,celio,all,total,8.4,23577,358029,final
2025-11-14,celio,all,brand,1.4,20338,37577,final
2025-11-14,celio,all,nonbrand,7.4,3493,117930,final
2025-11-14,celio,all,total,8.9,29072,383845,final
2025-11-15,celio,all,brand,1.4,23529,44612,final
2025-11-15,celio,all,nonbrand,6.6,4316,124423,final
2025-11-15,celio,all,total,8.0,33991,422585,final
2025-11-16,celio,all,brand,1.5,22744,40318,final
2025-11-16,celio,all,nonbrand,6.2,5087,136683,final
2025-11-16,celio,all,total,8.3,34375,445865,final
2025-11-17,celio,all,brand,1.5,23265,41900,final
2025-11-17,celio,all,nonbrand,7.3,4576,128641,final
2025-11-17,celio,all,total,8.9,34298,434991,final
2025-11-18,celio,all,brand,1.4,23151,41658,final
2025-11-18,celio,all,nonbrand,6.7,4664,126397,final
2025-11-18,celio,all,total,8.6,34168,424679,final
2025-11-19,celio,all,brand,1.5,43831,67530,final
2025-11-19,celio,all,nonbrand,6.0,5416,123457,final
2025-11-19,celio,all,total,7.7,57440,469324,final
2025-11-20,celio,all,brand,1.4,41636,65190,final
2025-11-20,celio,all,nonbrand,6.4,5928,129327,final
2025-11-20,celio,all,total,8.5,55850,485593,final
2025-11-21,celio,all,brand,1.3,36855,59515,final
2025-11-21,celio,all,nonbrand,6.2,6124,138142,final
2025-11-21,celio,all,total,8.5,50859,480617,final
2025-11-22,celio,all,brand,1.4,44541,74394,final
2025-11-22,celio,all,nonbrand,5.4,7115,133558,final
2025-11-22,celio,all,total,8.1,61694,554435,final
2025-11-23,celio,all,brand,1.5,42382,67430,final
2025-11-23,celio,all,nonbrand,5.1,8052,149154,final
2025-11-23,celio,all,total,8.5,60777,576321,final
2025-11-24,celio,all,brand,1.5,36766,61180,final
2025-11-24,celio,all,nonbrand,5.4,6425,128004,final
2025-11-24,celio,all,total,8.3,51733,501728,final
2025-11-25,celio,all,brand,1.4,35722,62455,final
2025-11-25,celio,all,nonbrand,6.1,5377,134051,final
2025-11-25,celio,all,total,8.3,48884,484483,final
2025-11-26,celio,all,brand,1.4,35107,63286,final
2025-11-26,celio,all,nonbrand,5.9,6085,138153,final
2025-11-26,celio,all,total,8.6,49065,524600,final
2025-11-27,celio,all,brand,1.5,37652,68627,final
2025-11-27,celio,all,nonbrand,5.9,5800,129702,final
2025-11-27,celio,all,total,9.0,51532,545609,final
2025-11-28,celio,all,brand,1.4,45064,81946,final
2025-11-28,celio,all,nonbrand,5.5,6450,126803,final
2025-11-28,celio,all,total,8.4,60851,610080,final
2025-11-29,celio,all,brand,1.6,42205,82159,final
2025-11-29,celio,all,nonbrand,5.2,6318,123575,final
2025-11-29,celio,all,total,8.1,58244,592255,final
2025-11-30,celio,all,brand,1.4,40617,76343,final
2025-11-30,celio,all,nonbrand,5.2,7162,142864,final
2025-11-30,celio,all,total,8.2,57695,620597,final
2025-12-01,celio,all,brand,1.6,32857,62295,final
2025-12-01,celio,all,nonbrand,5.8,5912,134062,final
2025-12-01,celio,all,total,8.4,46764,539570,final
2025-12-02,celio,all,brand,1.6,27904,52096,final
2025-12-02,celio,all,nonbrand,6.0,5984,129109,final
2025-12-02,celio,all,total,8.7,41091,491699,final
2025-12-03,celio,all,brand,1.6,28423,53974,final
2025-12-03,celio,all,nonbrand,5.3,6300,125720,final
2025-12-03,celio,all,total,8.4,42015,494291,final
2025-12-04,celio,all,brand,1.8,27591,52301,final
2025-12-04,celio,all,nonbrand,5.8,5849,126570,final
2025-12-04,celio,all,total,9.1,40592,487960,final
2025-12-05,celio,all,brand,1.7,28574,54583,final
2025-12-05,celio,all,nonbrand,6.1,5768,120971,final
2025-12-05,celio,all,total,10.4,41535,495107,final
2025-12-06,celio,all,brand,1.5,31790,62973,final
2025-12-06,celio,all,nonbrand,4.9,6204,108835,final
2025-12-06,celio,all,total,8.7,46091,530683,final
2025-12-07,celio,all,brand,1.6,33396,64053,final
2025-12-07,celio,all,nonbrand,4.8,7262,129324,final
2025-12-07,celio,all,total,8.3,49409,560607,final
2025-12-08,celio,all,brand,1.8,30829,57744,final
2025-12-08,celio,all,nonbrand,4.9,6655,108063,final
2025-12-08,celio,all,total,9.2,45467,526093,final
2025-12-09,celio,all,brand,1.7,28411,54102,final
2025-12-09,celio,all,nonbrand,5.4,5963,116903,final
2025-12-09,celio,all,total,12.1,41710,555106,final
2025-12-10,celio,all,brand,1.6,29831,56852,final
2025-12-10,celio,all,nonbrand,5.5,5632,121494,final
2025-12-10,celio,all,total,13.9,42703,588967,final
2025-12-11,celio,all,brand,1.6,28156,52945,final
2025-12-11,celio,all,nonbrand,5.6,5504,112880,final
2025-12-11,celio,all,total,9.4,40783,492153,final
2025-12-12,celio,all,brand,1.6,26373,52262,final
2025-12-12,celio,all,nonbrand,6.3,5057,117244,final
2025-12-12,celio,all,total,14.4,38134,549850,final
2025-12-13,celio,all,brand,1.7,31647,64170,final
2025-12-13,celio,all,nonbrand,5.2,5716,104190,final
2025-12-13,celio,all,total,10.7,45369,555499,final
2025-12-14,celio,all,brand,1.7,33657,65650,final
2025-12-14,celio,all,nonbrand,5.0,6461,120693,final
2025-12-14,celio,all,total,9.5,48859,568572,final
2025-12-15,celio,all,brand,1.7,31901,60218,final
2025-12-15,celio,all,nonbrand,5.2,5903,104566,final
2025-12-15,celio,all,total,12.3,46073,574078,final
2025-12-16,celio,all,brand,1.6,29040,55996,final
2025-12-16,celio,all,nonbrand,5.1,5678,93249,final
2025-12-16,celio,all,total,10.1,41971,511606,final
2025-12-17,celio,all,brand,1.5,30432,57856,final
2025-12-17,celio,all,nonbrand,4.9,5325,87616,final
2025-12-17,celio,all,total,8.0,43038,471651,final
2025-12-18,celio,all,brand,1.9,26944,54054,final
2025-12-18,celio,all,nonbrand,6.1,4595,111878,final
2025-12-18,celio,all,total,10.4,38162,492035,final
2025-12-19,celio,all,brand,1.8,26514,54144,final
2025-12-19,celio,all,nonbrand,6.6,4252,107178,final
2025-12-19,celio,all,total,11.1,37197,470233,final
2025-12-20,celio,all,brand,1.6,31509,66547,final
2025-12-20,celio,all,nonbrand,6.1,4701,92376,final
2025-12-20,celio,all,total,10.0,43427,510418,final
2025-12-21,celio,all,brand,1.4,31279,64262,final
2025-12-21,celio,all,nonbrand,5.3,4639,82242,final
2025-12-21,celio,all,total,10.4,43324,505984,final
2025-12-22,celio,all,brand,1.6,33503,68533,final
2025-12-22,celio,all,nonbrand,6.5,4445,85820,final
2025-12-22,celio,all,total,10.3,45602,516050,final
2025-12-23,celio,all,brand,1.6,29655,63785,final
2025-12-23,celio,all,nonbrand,6.0,3839,96489,final
2025-12-23,celio,all,total,9.8,40289,481541,final
2025-12-24,celio,all,brand,1.9,20341,47724,final
2025-12-24,celio,all,nonbrand,7.3,2671,98030,final
2025-12-24,celio,all,total,11.0,28075,397991,final
2025-12-25,celio,all,brand,1.9,24415,45423,final
2025-12-25,celio,all,nonbrand,6.9,3454,96506,final
2025-12-25,celio,all,total,10.9,33582,382435,final
2025-12-26,celio,all,brand,1.7,32033,61456,final
2025-12-26,celio,all,nonbrand,6.2,4012,88378,final
2025-12-26,celio,all,total,10.4,43026,454763,final
2025-12-27,celio,all,brand,1.9,25812,53014,final
2025-12-27,celio,all,nonbrand,7.0,3560,93076,final
2025-12-27,celio,all,total,10.2,35633,421991,final
2025-12-28,celio,all,brand,2.1,22021,45074,final
2025-12-28,celio,all,nonbrand,7.2,3488,95580,final
2025-12-28,celio,all,total,10.2,30941,398003,final
2025-12-29,celio,all,brand,2.2,25535,51476,final
2025-12-29,celio,all,nonbrand,6.9,3513,90030,final
2025-12-29,celio,all,total,10.5,35262,427015,final
2025-12-30,celio,all,brand,1.8,24048,48990,final
2025-12-30,celio,all,nonbrand,7.2,3368,91415,final
2025-12-30,celio,all,total,10.0,33354,404132,final
2025-12-31,celio,all,brand,2.0,17128,37839,final
2025-12-31,celio,all,nonbrand,8.8,2216,89814,final
2025-12-31,celio,all,total,12.0,23312,341461,final
2026-01-01,celio,all,brand,2.5,16079,32517,final
2026-01-01,celio,all,nonbrand,9.6,2521,93045,final
2026-01-01,celio,all,total,13.3,22182,325157,final
2026-01-02,celio,all,brand,1.9,23079,47885,final
2026-01-02,celio,all,nonbrand,7.9,3021,95926,final
2026-01-02,celio,all,total,10.7,31377,396379,final
2026-01-03,celio,all,brand,1.8,23822,48496,final
2026-01-03,celio,all,nonbrand,7.4,3267,95989,final
2026-01-03,celio,all,total,10.3,32474,397714,final
2026-01-04,celio,all,brand,1.9,19399,38911,final
2026-01-04,celio,all,nonbrand,8.0,3155,101617,final
2026-01-04,celio,all,total,10.6,27273,381716,final
2026-01-05,celio,all,brand,2.0,19932,39835,final
2026-01-05,celio,all,nonbrand,8.3,2938,99464,final
2026-01-05,celio,all,total,11.1,27705,373468,final
2026-01-06,celio,all,brand,1.8,27506,48429,final
2026-01-06,celio,all,nonbrand,7.4,3169,94927,final
2026-01-06,celio,all,total,10.1,35902,382105,final
2026-01-07,celio,all,brand,1.5,48864,76467,final
2026-01-07,celio,all,nonbrand,6.3,5161,101924,final
2026-01-07,celio,all,total,9.4,61527,519798,final
2026-01-08,celio,all,brand,1.8,28090,50831,final
2026-01-08,celio,all,nonbrand,7.7,3504,114976,final
2026-01-08,celio,all,total,10.2,37197,440025,final
2026-01-09,celio,all,brand,1.8,25267,49453,final
2026-01-09,celio,all,nonbrand,8.3,3030,109792,final
2026-01-09,celio,all,total,14.1,33414,469608,final
2026-01-10,celio,all,brand,1.6,33237,65761,final
2026-01-10,celio,all,nonbrand,6.7,3839,104002,final
2026-01-10,celio,all,total,12.6,43960,523987,final
2026-01-11,celio,all,brand,1.7,27784,52982,final
2026-01-11,celio,all,nonbrand,7.1,3990,110200,final
2026-01-11,celio,all,total,10.6,37585,459577,final
2026-01-12,celio,all,brand,2.0,23569,44920,final
2026-01-12,celio,all,nonbrand,7.7,3315,102757,final
2026-01-12,celio,all,total,10.2,32246,408451,final
2026-01-13,celio,all,brand,1.8,20456,39637,final
2026-01-13,celio,all,nonbrand,7.8,2967,98669,final
2026-01-13,celio,all,total,10.3,28127,382593,final
2026-01-14,celio,all,brand,1.9,22061,42261,final
2026-01-14,celio,all,nonbrand,8.1,2990,98114,final
2026-01-14,celio,all,total,10.3,29977,391819,final
2026-01-15,celio,all,brand,1.8,18534,36855,final
2026-01-15,celio,all,nonbrand,7.4,2654,87642,final
2026-01-15,celio,all,total,10.1,25659,353802,final
2026-01-16,celio,all,brand,2.5,18332,38004,final
2026-01-16,celio,all,nonbrand,9.0,2599,94898,final
2026-01-16,celio,all,total,11.2,25325,374298,final
2026-01-17,celio,all,brand,2.3,24307,50683,final
2026-01-17,celio,all,nonbrand,7.5,3383,96408,final
2026-01-17,celio,all,total,11.2,33360,438532,final
2026-01-18,celio,all,brand,2.6,19585,38471,final
2026-01-18,celio,all,nonbrand,8.4,3142,99615,final
2026-01-18,celio,all,total,11.0,27514,393100,final
2026-01-19,celio,all,brand,2.7,17599,34996,final
2026-01-19,celio,all,nonbrand,8.3,2780,93313,final
2026-01-19,celio,all,total,11.4,25102,386171,final
2026-01-20,celio,all,brand,2.4,15729,31742,final
2026-01-20,celio,all,nonbrand,9.4,2412,91331,final
2026-01-20,celio,all,total,12.2,22294,365410,final
2026-01-21,celio,all,brand,3.1,17594,34710,final
2026-01-21,celio,all,nonbrand,9.2,2545,92536,final
2026-01-21,celio,all,total,12.3,24683,373141,final
2026-01-22,celio,all,brand,2.6,16799,35562,final
2026-01-22,celio,all,nonbrand,9.6,2404,91752,final
2026-01-22,celio,all,total,12.5,23640,371532,final
2026-01-23,celio,all,brand,2.5,15937,33992,final
2026-01-23,celio,all,nonbrand,8.9,2290,84488,final
2026-01-23,celio,all,total,11.8,22302,335714,final
2026-01-24,celio,all,brand,2.4,20133,43216,final
2026-01-24,celio,all,nonbrand,8.0,2834,92622,final
2026-01-24,celio,all,total,10.9,27831,382318,final
2026-01-25,celio,all,brand,2.8,17950,35554,final
2026-01-25,celio,all,nonbrand,8.6,3067,97215,final
2026-01-25,celio,all,total,11.3,25717,367439,final
2026-01-26,celio,all,brand,2.9,16803,34033,final
2026-01-26,celio,all,nonbrand,8.5,2700,90917,final
2026-01-26,celio,all,total,12.0,23999,354842,final
2026-01-27,celio,all,brand,3.1,16259,32465,final
2026-01-27,celio,all,nonbrand,8.6,2472,91235,final
2026-01-27,celio,all,total,11.7,23134,347060,final
2026-01-28,celio,all,brand,3.0,17296,34927,final
2026-01-28,celio,all,nonbrand,8.1,2537,87052,final
2026-01-28,celio,all,total,10.9,24271,338792,final
2026-01-29,celio,all,brand,2.6,16191,33437,final
2026-01-29,celio,all,nonbrand,8.6,2482,86020,final
2026-01-29,celio,all,total,11.5,22872,337905,final
2026-01-30,celio,all,brand,2.7,16237,35389,final
2026-01-30,celio,all,nonbrand,9.3,2301,90520,final
2026-01-30,celio,all,total,11.6,22547,341482,final
2026-01-31,celio,all,brand,2.8,20756,44124,final
2026-01-31,celio,all,nonbrand,9.3,2888,105732,final
2026-01-31,celio,all,total,12.3,28526,412940,final
2026-02-01,celio,all,brand,2.8,19031,35258,final
2026-02-01,celio,all,nonbrand,10.3,3225,107487,final
2026-02-01,celio,all,total,13.3,27315,408257,final
2026-02-02,celio,all,brand,3.1,18150,35306,final
2026-02-02,celio,all,nonbrand,8.0,2847,93046,final
2026-02-02,celio,all,total,10.7,25797,348964,final
2026-02-03,celio,all,brand,2.2,18252,33629,final
2026-02-03,celio,all,nonbrand,7.3,2732,88575,final
2026-02-03,celio,all,total,8.9,25806,328374,final
2026-02-04,celio,all,brand,2.8,17264,32860,final
2026-02-04,celio,all,nonbrand,9.0,2634,90510,final
2026-02-04,celio,all,total,10.9,24526,338969,final
2026-02-05,celio,all,brand,3.5,13978,28065,final
2026-02-05,celio,all,nonbrand,10.7,2405,100950,final
2026-02-05,celio,all,total,13.7,20616,366066,final
2026-02-06,celio,all,brand,4.0,13367,28740,final
2026-02-06,celio,all,nonbrand,9.7,2333,86034,final
2026-02-06,celio,all,total,13.8,19776,336873,final
2026-02-07,celio,all,brand,2.5,15990,33097,final
2026-02-07,celio,all,nonbrand,8.0,2702,86602,final
2026-02-07,celio,all,total,10.4,23508,341485,final
2026-02-08,celio,all,brand,4.6,14571,29704,final
2026-02-08,celio,all,nonbrand,9.1,2974,94417,final
2026-02-08,celio,all,total,13.0,22171,358471,final
2026-02-09,celio,all,brand,3.7,14300,29755,final
2026-02-09,celio,all,nonbrand,9.6,2702,93493,final
2026-02-09,celio,all,total,13.0,21347,358682,final
2026-02-10,celio,all,brand,2.9,13405,26564,final
2026-02-10,celio,all,nonbrand,9.9,2567,88666,final
2026-02-10,celio,all,total,13.1,20116,344631,final
2026-02-11,celio,all,brand,3.1,16332,31260,final
2026-02-11,celio,all,nonbrand,9.6,2281,86455,final
2026-02-11,celio,all,total,12.9,23076,351840,final
2026-02-12,celio,all,brand,3.4,14679,29557,final
2026-02-12,celio,all,nonbrand,10.0,2070,84350,final
2026-02-12,celio,all,total,14.3,20967,353043,final
2026-02-13,celio,all,brand,3.0,13822,28629,final
2026-02-13,celio,all,nonbrand,9.4,1941,82422,final
2026-02-13,celio,all,total,12.1,19678,323478,final
2026-02-14,celio,all,brand,3.0,16746,33920,final
2026-02-14,celio,all,nonbrand,9.7,2248,88049,final
2026-02-14,celio,all,total,11.9,23640,343837,final
2026-02-15,celio,all,brand,3.5,14814,27926,final
2026-02-15,celio,all,nonbrand,9.7,2413,89607,final
2026-02-15,celio,all,total,12.8,21461,334302,final
2026-02-16,celio,all,brand,3.9,13295,26458,final
2026-02-16,celio,all,nonbrand,10.0,2049,90723,final
2026-02-16,celio,all,total,12.6,19438,330719,final
2026-02-17,celio,all,brand,3.2,11440,23431,final
2026-02-17,celio,all,nonbrand,10.2,1894,85585,final
2026-02-17,celio,all,total,12.4,16938,306632,final
2026-02-18,celio,all,brand,3.6,10808,22651,final
2026-02-18,celio,all,nonbrand,9.7,1850,87954,final
2026-02-18,celio,all,total,13.0,16162,326188,final
2026-02-19,celio,all,brand,3.6,10451,22282,final
2026-02-19,celio,all,nonbrand,10.5,1810,77630,final
2026-02-19,celio,all,total,13.3,15657,301050,final
2026-02-20,celio,all,brand,3.2,10592,22702,final
2026-02-20,celio,all,nonbrand,10.3,1814,81288,final
2026-02-20,celio,all,total,12.5,15776,303389,final
2026-02-21,celio,all,brand,3.3,12016,26448,final
2026-02-21,celio,all,nonbrand,10.6,1777,89619,final
2026-02-21,celio,all,total,12.8,17624,324127,final
2026-02-22,celio,all,brand,4.0,11273,23472,final
2026-02-22,celio,all,nonbrand,10.6,2083,86669,final
2026-02-22,celio,all,total,13.8,16798,313164,final
2026-02-23,celio,all,brand,3.9,11590,25510,final
2026-02-23,celio,all,nonbrand,11.1,1925,81082,final
2026-02-23,celio,all,total,13.2,17137,305216,final
2026-02-24,celio,all,brand,3.5,10728,22841,final
2026-02-24,celio,all,nonbrand,11.0,1888,84357,final
2026-02-24,celio,all,total,14.3,16201,324315,final
2026-02-25,celio,all,brand,4.2,11034,23914,final
2026-02-25,celio,all,nonbrand,11.5,1772,85795,final
2026-02-25,celio,all,total,13.6,16472,321932,final
2026-02-26,celio,all,brand,3.4,10491,22856,final
2026-02-26,celio,all,nonbrand,10.0,1801,84907,final
2026-02-26,celio,all,total,12.1,15697,308824,final
2026-02-27,celio,all,brand,3.1,11699,25057,final
2026-02-27,celio,all,nonbrand,12.1,1931,91595,final
2026-02-27,celio,all,total,14.8,17082,337819,final
2026-02-28,celio,all,brand,3.5,13482,29199,final
2026-02-28,celio,all,nonbrand,10.5,2267,97372,final
2026-02-28,celio,all,total,12.9,19827,348842,final
2026-03-01,celio,all,brand,3.3,11591,23263,final
2026-03-01,celio,all,nonbrand,9.8,2451,95176,final
2026-03-01,celio,all,total,12.6,17907,323864,final
2026-03-02,celio,all,brand,3.2,15261,29831,final
2026-03-02,celio,all,nonbrand,10.3,2227,99264,final
2026-03-02,celio,all,total,12.8,21502,342910,final
2026-03-03,celio,all,brand,3.3,15247,30259,final
2026-03-03,celio,all,nonbrand,11.1,2103,96512,final
2026-03-03,celio,all,total,12.9,21523,346514,final
2026-03-04,celio,all,brand,2.5,15709,30618,final
2026-03-04,celio,all,nonbrand,8.8,2353,91700,final
2026-03-04,celio,all,total,10.0,22544,327492,final
2026-03-05,celio,all,brand,3.4,14393,29654,final
2026-03-05,celio,all,nonbrand,9.7,2014,90928,final
2026-03-05,celio,all,total,11.1,20415,323075,final
2026-03-06,celio,all,brand,2.5,13686,28094,final
2026-03-06,celio,all,nonbrand,9.5,2035,92746,final
2026-03-06,celio,all,total,10.2,19646,314925,final
2026-03-07,celio,all,brand,2.8,15707,33239,final
2026-03-07,celio,all,nonbrand,9.7,2451,100302,final
2026-03-07,celio,all,total,10.5,22640,349028,final
2026-03-08,celio,all,brand,3.0,12749,25885,final
2026-03-08,celio,all,nonbrand,9.4,2440,96128,final
2026-03-08,celio,all,total,11.3,19097,332671,final
2026-03-09,celio,all,brand,2.9,13984,32698,final
2026-03-09,celio,all,nonbrand,8.9,2503,98256,final
2026-03-09,celio,all,total,10.6,20735,346459,final
2026-03-10,celio,all,brand,3.0,17678,36095,final
2026-03-10,celio,all,nonbrand,8.1,2359,87918,final
2026-03-10,celio,all,total,10.1,23951,329599,final
2026-03-11,celio,all,brand,2.9,13832,30054,final
2026-03-11,celio,all,nonbrand,7.8,2401,90096,final
2026-03-11,celio,all,total,9.4,20296,322777,final
2026-03-12,celio,all,brand,3.0,12823,28184,final
2026-03-12,celio,all,nonbrand,8.2,2254,90196,final
2026-03-12,celio,all,total,9.6,18899,315944,final
2026-03-13,celio,all,brand,2.2,13511,30874,final
2026-03-13,celio,all,nonbrand,8.2,2223,86891,final
2026-03-13,celio,all,total,9.5,19415,308307,final
2026-03-14,celio,all,brand,2.1,17283,37020,final
2026-03-14,celio,all,nonbrand,8.1,2756,96329,final
2026-03-14,celio,all,total,9.9,24767,350062,final
2026-03-15,celio,all,brand,3.1,14915,29338,final
2026-03-15,celio,all,nonbrand,8.3,2556,94562,final
2026-03-15,celio,all,total,10.4,21451,316367,final
2026-03-16,celio,all,brand,2.0,25900,48239,final
2026-03-16,celio,all,nonbrand,8.4,2649,92520,final
2026-03-16,celio,all,total,10.3,33263,344181,final
2026-03-17,celio,all,brand,1.9,23147,42627,final
2026-03-17,celio,all,nonbrand,9.1,2481,91857,final
2026-03-17,celio,all,total,10.9,29861,336435,final
2026-03-18,celio,all,brand,1.9,22024,41809,final
2026-03-18,celio,all,nonbrand,8.6,2686,93976,final
2026-03-18,celio,all,total,10.8,29395,356612,final
2026-03-19,celio,all,brand,1.9,18992,37684,final
2026-03-19,celio,all,nonbrand,8.4,2265,89308,final
2026-03-19,celio,all,total,10.7,25448,337213,final
2026-03-20,celio,all,brand,2.4,17931,35366,final
2026-03-20,celio,all,nonbrand,8.3,2162,87165,final
2026-03-20,celio,all,total,11.2,24290,333817,final
2026-03-21,celio,all,brand,2.0,20800,39610,final
2026-03-21,celio,all,nonbrand,8.4,2699,97063,final
2026-03-21,celio,all,total,11.2,28536,376694,final
2026-03-22,celio,all,brand,2.5,17938,32593,final
2026-03-22,celio,all,nonbrand,8.0,2938,100861,final
2026-03-22,celio,all,total,11.0,25394,359732,final
2026-03-23,celio,all,brand,2.3,16652,32187,final
2026-03-23,celio,all,nonbrand,7.9,2645,91621,final
2026-03-23,celio,all,total,10.7,23847,344265,final
2026-03-24,celio,all,brand,2.0,16535,31110,final
2026-03-24,celio,all,nonbrand,7.7,2542,89463,final
2026-03-24,celio,all,total,9.8,23418,330831,final
2026-03-25,celio,all,brand,1.8,20379,36394,final
2026-03-25,celio,all,nonbrand,7.1,2793,90267,final
2026-03-25,celio,all,total,9.5,28194,347006,final
2026-03-26,celio,all,brand,2.3,15680,30430,final
2026-03-26,celio,all,nonbrand,8.2,2356,86424,final
2026-03-26,celio,all,total,10.5,22318,320318,final
2026-03-27,celio,all,brand,2.1,15793,31156,final
2026-03-27,celio,all,nonbrand,7.6,2282,84604,final
2026-03-27,celio,all,total,10.7,22282,323229,final
2026-03-28,celio,all,brand,1.9,20379,40217,final
2026-03-28,celio,all,nonbrand,6.9,2924,91938,final
2026-03-28,celio,all,total,9.7,28544,357967,final
2026-03-29,celio,all,brand,2.4,18222,33641,final
2026-03-29,celio,all,nonbrand,7.4,2948,96823,final
2026-03-29,celio,all,total,11.1,25997,361258,final
2026-03-30,celio,all,brand,2.4,15972,31954,final
2026-03-30,celio,all,nonbrand,7.6,2702,90772,final
2026-03-30,celio,all,total,10.6,23211,343166,final
2026-03-31,celio,all,brand,2.3,14983,30521,final
2026-03-31,celio,all,nonbrand,9.0,2580,93749,final
2026-03-31,celio,all,total,11.9,21676,344009,final
2026-04-01,celio,all,brand,2.1,18519,36775,final
2026-04-01,celio,all,nonbrand,7.7,2713,89445,final
2026-04-01,celio,all,total,10.6,25676,341846,final
2026-04-02,celio,all,brand,1.9,17249,37185,final
2026-04-02,celio,all,nonbrand,8.2,2349,89862,final
2026-04-02,celio,all,total,10.6,23853,327537,final
2026-04-03,celio,all,brand,2.3,12157,34535,final
2026-04-03,celio,all,nonbrand,8.1,2369,83864,final
2026-04-03,celio,all,total,11.0,18771,318577,final
2026-04-04,celio,all,brand,2.0,14768,40963,final
2026-04-04,celio,all,nonbrand,7.5,2657,88236,final
2026-04-04,celio,all,total,10.2,22186,347015,final
2026-04-05,celio,all,brand,2.4,10951,33146,final
2026-04-05,celio,all,nonbrand,7.6,2764,89586,final
2026-04-05,celio,all,total,9.4,17795,310451,final
2026-04-06,celio,all,brand,2.2,13495,35811,final
2026-04-06,celio,all,nonbrand,7.2,2980,96515,final
2026-04-06,celio,all,total,9.5,21292,350035,final
2026-04-07,celio,all,brand,2.2,15815,31953,final
2026-04-07,celio,all,nonbrand,7.4,2782,89264,final
2026-04-07,celio,all,total,10.4,22991,335999,final
2026-04-08,celio,all,brand,2.7,15632,32156,final
2026-04-08,celio,all,nonbrand,7.2,2767,91593,final
2026-04-08,celio,all,total,10.4,22940,334489,final
2026-04-09,celio,all,brand,2.9,13483,29407,final
2026-04-09,celio,all,nonbrand,7.6,2513,88145,final
2026-04-09,celio,all,total,11.0,19955,318972,final
2026-04-10,celio,all,brand,2.2,13398,30328,final
2026-04-10,celio,all,nonbrand,7.5,2548,84104,final
2026-04-10,celio,all,total,10.2,19795,309062,final
2026-04-11,celio,all,brand,1.8,16997,36797,final
2026-04-11,celio,all,nonbrand,7.3,2998,90959,final
2026-04-11,celio,all,total,10.1,24758,342065,final
2026-04-12,celio,all,brand,2.6,14827,30750,final
2026-04-12,celio,all,nonbrand,7.3,3126,93255,final
2026-04-12,celio,all,total,11.0,22407,336226,final
2026-04-13,celio,all,brand,2.7,14186,30861,final
2026-04-13,celio,all,nonbrand,7.5,2767,89830,final
2026-04-13,celio,all,total,11.4,21332,337838,final
2026-04-14,celio,all,brand,2.5,12836,28664,final
2026-04-14,celio,all,nonbrand,7.9,2362,80075,final
2026-04-14,celio,all,total,11.4,19160,303297,final
2026-04-15,celio,all,brand,2.4,14625,31099,final
2026-04-15,celio,all,nonbrand,8.0,2326,79212,final
2026-04-15,celio,all,total,11.9,21047,314522,final
2026-04-16,celio,all,brand,2.7,13551,30133,final
2026-04-16,celio,all,nonbrand,7.9,2270,76661,final
2026-04-16,celio,all,total,12.1,19787,302740,final
2026-04-17,celio,all,brand,2.5,13475,30869,final
2026-04-17,celio,all,nonbrand,8.4,2332,79965,final
2026-04-17,celio,all,total,11.9,19724,306750,final
2026-04-18,celio,all,brand,2.0,15321,34840,final
2026-04-18,celio,all,nonbrand,7.7,2671,84927,final
2026-04-18,celio,all,total,11.3,22262,324849,final
2026-04-19,celio,all,brand,2.7,14040,30672,final
2026-04-19,celio,all,nonbrand,7.6,2932,88729,final
2026-04-19,celio,all,total,12.7,21112,336103,final
2026-04-20,celio,all,brand,2.4,14313,31095,final
2026-04-20,celio,all,nonbrand,9.4,2758,86074,final
2026-04-20,celio,all,total,12.0,21485,316358,final
2026-04-21,celio,all,brand,2.3,13349,29574,final
2026-04-21,celio,all,nonbrand,8.1,2684,82139,final
2026-04-21,celio,all,total,12.2,20290,305308,final
2026-04-22,celio,all,brand,2.5,13760,30274,final
2026-04-22,celio,all,nonbrand,8.5,2449,81045,final
2026-04-22,celio,all,total,12.3,20289,303616,final
2026-04-23,celio,all,brand,2.7,13499,29421,final
2026-04-23,celio,all,nonbrand,8.2,2341,76087,final
2026-04-23,celio,all,total,12.4,19818,285400,final
2026-04-24,celio,all,brand,2.5,14211,32309,final
2026-04-24,celio,all,nonbrand,8.1,2387,77893,final
2026-04-24,celio,all,total,14.1,20666,316330,final
2026-04-25,celio,all,brand,2.1,17175,36731,final
2026-04-25,celio,all,nonbrand,8.3,2634,83436,final
2026-04-25,celio,all,total,12.7,24374,326106,final
2026-04-26,celio,all,brand,2.8,16376,32382,final
2026-04-26,celio,all,nonbrand,8.7,3000,88472,final
2026-04-26,celio,all,total,13.2,23775,323805,final
2026-04-27,celio,all,brand,2.4,16424,33942,final
2026-04-27,celio,all,nonbrand,8.0,2687,82088,final
2026-04-27,celio,all,total,12.3,23483,310548,final
2026-04-28,celio,all,brand,3.0,14725,37076,final
2026-04-28,celio,all,nonbrand,8.4,2601,82606,final
2026-04-28,celio,all,total,13.8,21418,323343,final
2026-04-29,celio,all,brand,2.6,15685,34395,final
2026-04-29,celio,all,nonbrand,7.8,2798,83115,final
2026-04-29,celio,all,total,12.5,22928,314134,final
2026-04-30,celio,all,brand,2.3,13371,31492,final
2026-04-30,celio,all,nonbrand,8.6,2435,81130,final
2026-04-30,celio,all,total,12.7,19737,300707,final
2026-05-01,celio,all,brand,2.4,14594,32451,final
2026-05-01,celio,all,nonbrand,7.8,2960,87862,final
2026-05-01,celio,all,total,11.7,21399,304548,final
2026-05-02,celio,all,brand,2.0,17759,40557,final
2026-05-02,celio,all,nonbrand,7.5,3346,89345,final
2026-05-02,celio,all,total,10.6,26095,330085,final
2026-05-03,celio,all,brand,2.4,16585,33444,final
2026-05-03,celio,all,nonbrand,7.0,3447,93395,final
2026-05-03,celio,all,total,9.9,24896,319059,final
2026-05-04,celio,all,brand,2.4,15135,32589,final
2026-05-04,celio,all,nonbrand,7.7,3086,90299,final
2026-05-04,celio,all,total,13.3,22833,350142,final
2026-05-05,celio,all,brand,2.2,14729,32187,final
2026-05-05,celio,all,nonbrand,7.8,2867,86717,final
2026-05-05,celio,all,total,12.7,21808,327294,final
2026-05-06,celio,all,brand,2.3,14923,32788,final
2026-05-06,celio,all,nonbrand,8.1,2720,85112,final
2026-05-06,celio,all,total,11.8,22042,316074,final
2026-05-07,celio,all,brand,2.2,13555,33050,final
2026-05-07,celio,all,nonbrand,8.1,2469,81145,final
2026-05-07,celio,all,total,15.9,20032,357123,final
2026-05-08,celio,all,brand,2.0,16335,39590,final
2026-05-08,celio,all,nonbrand,7.8,2761,87703,final
2026-05-08,celio,all,total,11.8,23798,339457,final
2026-05-09,celio,all,brand,2.2,16516,38211,final
2026-05-09,celio,all,nonbrand,7.7,2813,87866,final
2026-05-09,celio,all,total,12.5,23956,348407,final
2026-05-10,celio,all,brand,2.4,15736,31591,final
2026-05-10,celio,all,nonbrand,7.4,3260,92410,final
2026-05-10,celio,all,total,11.2,23737,321066,final
2026-05-11,celio,all,brand,2.4,15138,32801,final
2026-05-11,celio,all,nonbrand,8.0,2905,84439,final
2026-05-11,celio,all,total,11.0,22517,308834,final
2026-05-12,celio,all,brand,2.6,15103,32481,final
2026-05-12,celio,all,nonbrand,8.8,2550,80444,final
2026-05-12,celio,all,total,12.4,21909,301462,final
2026-05-13,celio,all,brand,2.4,15342,35019,final
2026-05-13,celio,all,nonbrand,9.1,2426,81610,final
2026-05-13,celio,all,total,14.6,22163,327769,final
2026-05-14,celio,all,brand,1.9,18239,41528,final
2026-05-14,celio,all,nonbrand,7.3,2979,84800,final
2026-05-14,celio,all,total,10.4,26243,319716,final
2026-05-15,celio,all,brand,1.5,16915,36696,final
2026-05-15,celio,all,nonbrand,6.4,2857,79122,final
2026-05-15,celio,all,total,7.2,24331,282092,final
2026-05-16,celio,all,brand,1.5,16765,36396,final
2026-05-16,celio,all,nonbrand,6.3,2852,80497,final
2026-05-16,celio,all,total,7.4,24343,285214,final
2026-05-17,celio,all,brand,1.7,16054,31791,final
2026-05-17,celio,all,nonbrand,6.3,2874,82139,final
2026-05-17,celio,all,total,7.4,23453,271493,final
2026-05-18,celio,all,brand,1.9,15759,32860,final
2026-05-18,celio,all,nonbrand,7.0,2654,81929,final
2026-05-18,celio,all,total,7.9,22794,277400,final
2026-05-19,celio,all,brand,1.6,16039,32475,final
2026-05-19,celio,all,nonbrand,6.9,2582,78340,final
2026-05-19,celio,all,total,8.0,23079,280694,final
2026-05-20,celio,all,brand,1.7,15950,32737,final
2026-05-20,celio,all,nonbrand,6.8,2802,84075,final
2026-05-20,celio,all,total,7.9,23472,290031,final
2026-05-21,celio,all,brand,1.6,14806,31536,final
2026-05-21,celio,all,nonbrand,6.8,2714,82534,final
2026-05-21,celio,all,total,8.1,21950,287466,final
2026-05-22,celio,all,brand,1.5,15654,33628,final
2026-05-22,celio,all,nonbrand,6.4,2849,89663,final
2026-05-22,celio,all,total,7.5,23026,295300,final
2026-05-23,celio,all,brand,1.5,16893,37492,final
2026-05-23,celio,all,nonbrand,6.2,3480,98427,final
2026-05-23,celio,all,total,7.8,25437,330662,final
2026-05-24,celio,all,brand,1.7,16308,33311,final
2026-05-24,celio,all,nonbrand,6.4,3833,104614,final
2026-05-24,celio,all,total,8.1,25032,329706,final
2026-05-25,celio,all,brand,1.5,21589,43533,final
2026-05-25,celio,all,nonbrand,5.7,4838,113836,final
2026-05-25,celio,all,total,7.2,32618,372152,final
2026-05-26,celio,all,brand,1.6,19721,38963,final
2026-05-26,celio,all,nonbrand,5.7,4571,106600,final
2026-05-26,celio,all,total,7.4,30045,351569,final
2026-05-27,celio,all,brand,1.5,20489,39280,final
2026-05-27,celio,all,nonbrand,5.8,4447,104352,final
2026-05-27,celio,all,total,7.4,30647,345588,final
2026-05-28,celio,all,brand,1.6,19336,38200,final
2026-05-28,celio,all,nonbrand,6.0,4055,99417,final
2026-05-28,celio,all,total,7.8,29012,340347,final
2026-05-29,celio,all,brand,1.6,18072,38522,final
2026-05-29,celio,all,nonbrand,5.9,3858,94424,final
2026-05-29,celio,all,total,7.3,27005,317269,final
2026-05-30,celio,all,brand,1.5,18978,40629,final
2026-05-30,celio,all,nonbrand,5.9,3655,93908,final
2026-05-30,celio,all,total,7.2,27926,321983,final
2026-05-31,celio,all,brand,1.6,18753,35297,final
2026-05-31,celio,all,nonbrand,5.6,4258,97871,final
2026-05-31,celio,all,total,7.2,28236,321200,final
2026-06-01,celio,all,brand,1.7,19336,38479,final
2026-06-01,celio,all,nonbrand,6.1,3961,96189,final
2026-06-01,celio,all,total,7.6,28795,333327,final
2026-06-02,celio,all,brand,1.6,17595,35514,final
2026-06-02,celio,all,nonbrand,6.0,3476,90879,final
2026-06-02,celio,all,total,7.5,26266,314282,final
2026-06-03,celio,all,brand,1.6,18537,37037,final
2026-06-03,celio,all,nonbrand,6.3,3380,94235,final
2026-06-03,celio,all,total,7.5,27161,325725,final
2026-06-04,celio,all,brand,1.6,16926,35035,final
2026-06-04,celio,all,nonbrand,6.6,3028,91391,final
2026-06-04,celio,all,total,7.8,24880,310858,final
2026-06-05,celio,all,brand,1.6,16653,35897,final
2026-06-05,celio,all,nonbrand,6.4,2908,85221,final
2026-06-05,celio,all,total,7.9,24309,302891,final
2026-06-06,celio,all,brand,1.6,19503,41541,final
2026-06-06,celio,all,nonbrand,6.2,3381,91189,final
2026-06-06,celio,all,total,8.0,28240,339024,final
2026-06-07,celio,all,brand,1.9,18126,38055,final
2026-06-07,celio,all,nonbrand,5.8,3474,95697,final
2026-06-07,celio,all,total,7.5,26697,333406,final
2026-06-08,celio,all,brand,1.8,18297,37729,final
2026-06-08,celio,all,nonbrand,5.8,3441,91292,final
2026-06-08,celio,all,total,7.4,26879,321477,final
2026-06-09,celio,all,brand,1.7,18349,36828,final
2026-06-09,celio,all,nonbrand,6.1,3183,88516,final
2026-06-09,celio,all,total,7.5,26427,309686,final
2026-06-10,celio,all,brand,1.7,21538,41834,final
2026-06-10,celio,all,nonbrand,6.1,3176,89499,final
2026-06-10,celio,all,total,7.5,30061,320207,final
2026-06-11,celio,all,brand,1.7,19316,39014,final
2026-06-11,celio,all,nonbrand,6.2,2974,82447,final
2026-06-11,celio,all,total,7.7,27176,300735,final
2026-06-12,celio,all,brand,1.8,17793,37976,final
2026-06-12,celio,all,nonbrand,6.2,2916,83240,final
2026-06-12,celio,all,total,8.2,25346,306446,final
2026-06-13,celio,all,brand,1.6,20044,42331,final
2026-06-13,celio,all,nonbrand,5.8,3314,88360,final
2026-06-13,celio,all,total,7.5,28679,320945,final
2026-06-14,celio,all,brand,1.7,19144,36850,final
2026-06-14,celio,all,nonbrand,5.7,3749,95762,final
2026-06-14,celio,all,total,7.5,28066,317136,final
2026-06-15,celio,all,brand,1.7,26818,48285,final
2026-06-15,celio,all,nonbrand,5.7,3754,92475,final
2026-06-15,celio,all,total,7.2,36213,332362,final
2026-06-16,celio,all,brand,1.5,22711,42811,final
2026-06-16,celio,all,nonbrand,5.9,3428,88390,final
2026-06-16,celio,all,total,7.9,31525,327961,final
2026-06-17,celio,all,brand,1.5,23948,45660,final
2026-06-17,celio,all,nonbrand,5.8,3868,94472,final
2026-06-17,celio,all,total,7.6,33801,344407,final
2026-06-18,celio,all,brand,1.5,22628,44247,final
2026-06-18,celio,all,nonbrand,5.5,3874,92668,final
2026-06-18,celio,all,total,7.3,32267,332747,final
2026-06-19,celio,all,brand,1.5,22459,46474,final
2026-06-19,celio,all,nonbrand,5.9,3667,91301,final
2026-06-19,celio,all,total,7.2,31722,327478,final
2026-06-20,celio,all,brand,1.4,24933,53046,final
2026-06-20,celio,all,nonbrand,5.6,4006,93683,final
2026-06-20,celio,all,total,7.2,35093,351164,final
2026-06-21,celio,all,brand,1.6,21011,40563,final
2026-06-21,celio,all,nonbrand,5.8,4439,101680,final
2026-06-21,celio,all,total,7.3,30861,323447,final
2026-06-22,celio,all,brand,1.6,19991,40012,final
2026-06-22,celio,all,nonbrand,5.8,4002,96236,final
2026-06-22,celio,all,total,7.7,29161,325311,final
2026-06-23,celio,all,brand,1.4,26955,48379,final
2026-06-23,celio,all,nonbrand,5.7,4042,93432,final
2026-06-23,celio,all,total,7.1,36476,325185,final
2026-06-24,celio,all,brand,1.3,47748,77601,final
2026-06-24,celio,all,nonbrand,5.1,5652,108407,final
2026-06-24,celio,all,total,6.6,60957,414345,final
2026-06-25,celio,all,brand,1.4,27505,51976,final
2026-06-25,celio,all,nonbrand,5.6,4112,96686,final
2026-06-25,celio,all,total,7.1,37302,347124,final
2026-06-26,celio,all,brand,1.5,24993,50105,final
2026-06-26,celio,all,nonbrand,5.7,3862,90286,final
2026-06-26,celio,all,total,7.1,34479,335275,final
2026-06-27,celio,all,brand,1.4,30241,60386,final
2026-06-27,celio,all,nonbrand,5.3,4492,98998,final
2026-06-27,celio,all,total,7.5,41101,380988,final
2026-06-28,celio,all,brand,1.4,29184,54045,final
2026-06-28,celio,all,nonbrand,5.3,4750,98857,final
2026-06-28,celio,all,total,6.8,40102,357735,final
2026-06-29,celio,all,brand,1.5,27365,52179,final
2026-06-29,celio,all,nonbrand,5.5,4331,91121,final
2026-06-29,celio,all,total,6.9,37778,344901,final
2026-06-30,celio,all,brand,1.5,24241,47505,final
2026-06-30,celio,all,nonbrand,5.8,3786,89408,final
2026-06-30,celio,all,total,7.2,33468,332592,final
2026-07-01,celio,all,brand,1.5,26025,50294,final
2026-07-01,celio,all,nonbrand,6.0,3795,92072,final
2026-07-01,celio,all,total,7.5,35604,348803,final
2026-07-02,celio,all,brand,1.5,26059,50926,final
2026-07-02,celio,all,nonbrand,5.7,3487,85754,final
2026-07-02,celio,all,total,7.1,35112,332756,final
2026-07-03,celio,all,brand,1.5,24104,48888,final
2026-07-03,celio,all,nonbrand,6.1,3100,84699,final
2026-07-03,celio,all,total,7.4,32360,323288,final
2026-07-04,celio,all,brand,1.4,25284,53395,final
2026-07-04,celio,all,nonbrand,5.9,3441,88986,final
2026-07-04,celio,all,total,7.1,34458,338540,final
2026-07-05,celio,all,brand,1.7,22085,43767,final
2026-07-05,celio,all,nonbrand,5.6,3912,93268,final
2026-07-05,celio,all,total,7.1,31280,326389,final
2026-07-06,celio,all,brand,1.6,22910,45902,final
2026-07-06,celio,all,nonbrand,5.7,3836,88402,final
2026-07-06,celio,all,total,8.0,32272,337521,final
2026-07-07,celio,all,brand,1.5,20771,41382,final
2026-07-07,celio,all,nonbrand,6.2,3402,89072,final
2026-07-07,celio,all,total,8.5,29291,341299,final
2026-07-08,celio,all,brand,1.5,21836,43912,final
2026-07-08,celio,all,nonbrand,5.8,3530,87127,final
2026-07-08,celio,all,total,7.9,30778,339116,final
2026-07-09,celio,all,brand,1.4,23010,44458,final
2026-07-09,celio,all,nonbrand,6.0,3083,79737,final
2026-07-09,celio,all,total,7.5,31662,315605,final
2026-07-10,celio,all,brand,1.5,21377,44697,final
2026-07-10,celio,all,nonbrand,6.2,2872,78838,final
2026-07-10,celio,all,total,7.9,29456,306836,final
2026-07-11,celio,all,brand,1.6,22265,47841,final
2026-07-11,celio,all,nonbrand,6.1,3369,87015,final
2026-07-11,celio,all,total,7.9,31444,334082,final
2026-07-12,celio,all,brand,1.7,19621,39445,final
2026-07-12,celio,all,nonbrand,6.1,3348,86716,final
2026-07-12,celio,all,total,8.7,28015,315631,final
2026-07-13,celio,all,brand,1.9,20393,43949,final
2026-07-13,celio,all,nonbrand,6.3,3115,80312,final
2026-07-13,celio,all,total,7.8,28960,307453,final
2026-07-14,celio,all,brand,1.8,18129,39607,final
2026-07-14,celio,all,nonbrand,6.4,2906,79375,final
2026-07-14,celio,all,total,8.0,25678,291978,final
2026-07-15,celio,all,brand,1.8,17763,36108,final
2026-07-15,celio,all,nonbrand,6.3,2734,76873,final
2026-07-15,celio,all,total,7.8,25125,277501,final
2026-07-16,celio,all,brand,1.8,19854,39092,final
2026-07-16,celio,all,nonbrand,6.5,2830,78822,final
2026-07-16,celio,all,total,7.6,27425,283755,final
2026-07-17,celio,all,brand,1.6,20153,41242,final
2026-07-17,celio,all,nonbrand,6.5,2578,74966,final
2026-07-17,celio,all,total,7.7,27429,279038,final
2026-07-18,celio,all,brand,1.7,20332,42650,final
2026-07-18,celio,all,nonbrand,6.2,2897,79502,final
2026-07-18,celio,all,total,7.5,28216,294167,final
2026-07-19,celio,all,brand,1.8,16701,32724,final
2026-07-19,celio,all,nonbrand,6.4,2792,78030,final
2026-07-19,celio,all,total,7.9,23603,261457,final
2026-07-20,celio,all,brand,1.7,18082,36211,final
2026-07-20,celio,all,nonbrand,6.3,2655,76024,final
2026-07-20,celio,all,total,7.6,25410,273009,final
2026-07-21,celio,all,brand,1.8,17950,35507,final
2026-07-21,celio,all,nonbrand,6.5,2613,76816,final
2026-07-21,celio,all,total,7.7,24987,275452,final
2026-07-22,celio,all,brand,1.9,16218,33062,final
2026-07-22,celio,all,nonbrand,6.5,2477,73743,final
2026-07-22,celio,all,total,7.9,23108,270333,final
2026-07-23,celio,all,brand,1.8,14796,31349,final
2026-07-23,celio,all,nonbrand,7.8,2284,72773,final
2026-07-23,celio,all,total,8.4,20967,263035,final
2026-07-24,celio,all,brand,2.1,14298,31591,final
2026-07-24,celio,all,nonbrand,6.9,2147,69544,final
2026-07-24,celio,all,total,8.3,20165,251731,final
2026-07-25,celio,all,brand,2.3,16532,35948,final
2026-07-25,celio,all,nonbrand,7.6,2340,75217,final
2026-07-25,celio,all,total,9.0,22798,276991,final
2026-07-26,celio,all,brand,2.5,15776,31301,final
2026-07-26,celio,all,nonbrand,7.1,2588,77195,final
2026-07-26,celio,all,total,9.0,22235,269133,final
2026-07-27,celio,all,brand,2.4,17934,36483,final
2026-07-27,celio,all,nonbrand,7.5,2421,77259,final
2026-07-27,celio,all,total,10.3,24797,297475,final
2026-07-28,celio,all,brand,2.3,17819,35765,final
2026-07-28,celio,all,nonbrand,8.0,2539,79958,final
2026-07-28,celio,all,total,9.7,24599,292049,final
2026-07-29,celio,all,brand,2.5,15418,32637,final
2026-07-29,celio,all,nonbrand,7.5,2570,75787,final
2026-07-29,celio,all,total,9.4,22042,274933,final
2026-07-30,celio,all,brand,2.3,14663,31536,final
2026-07-30,celio,all,nonbrand,8.2,2306,75629,final
2026-07-30,celio,all,total,10.1,20883,283127,final
2026-07-31,celio,all,brand,2.3,14922,31950,final
2026-07-31,celio,all,nonbrand,8.6,2211,77195,final
2026-07-31,celio,all,total,10.2,21051,278646,final
2026-08-01,celio,all,brand,2.5,15785,34057,final
2026-08-01,celio,all,nonbrand,8.4,2371,76745,final
2026-08-01,celio,all,total,9.6,22258,280039,final
2026-08-02,celio,all,brand,2.6,14103,28392,final
2026-08-02,celio,all,nonbrand,7.8,2619,80236,final
2026-08-02,celio,all,total,10.0,20478,276005,final
2026-08-03,celio,all,brand,2.2,14844,30698,final
2026-08-03,celio,all,nonbrand,7.0,2571,73722,final
2026-08-03,celio,all,total,8.8,21495,265316,final
2026-08-04,celio,all,brand,2.3,14568,30307,final
2026-08-04,celio,all,nonbrand,8.4,2341,80458,final
2026-08-04,celio,all,total,9.7,20865,283495,final
2026-08-05,celio,all,brand,2.5,13783,30048,final
2026-08-05,celio,all,nonbrand,7.8,2290,76945,final
2026-08-05,celio,all,total,9.5,20078,278636,final
2026-08-06,celio,all,brand,2.3,13179,29860,final
2026-08-06,celio,all,nonbrand,7.7,2248,74150,final
2026-08-06,celio,all,total,10.3,19132,285886,final
2026-08-07,celio,all,brand,2.4,12035,28861,final
2026-08-07,celio,all,nonbrand,7.9,2110,72868,final
2026-08-07,celio,all,total,9.1,17688,257859,final
2026-08-08,celio,all,brand,3.1,11956,28758,final
2026-08-08,celio,all,nonbrand,8.2,2089,72783,final
2026-08-08,celio,all,total,9.2,17598,255421,final
2026-08-09,celio,all,brand,3.1,10991,24576,final
2026-08-09,celio,all,nonbrand,8.6,2168,75853,final
2026-08-09,celio,all,total,10.2,16539,256628,final
2026-08-10,celio,all,brand,3.0,12560,28931,final
2026-08-10,celio,all,nonbrand,8.7,2174,76594,final
2026-08-10,celio,all,total,9.8,18334,269029,final
2026-08-11,celio,all,brand,2.9,11937,27058,final
2026-08-11,celio,all,nonbrand,8.6,2013,73982,final
2026-08-11,celio,all,total,10.5,17412,270959,final
2026-08-12,celio,all,brand,2.8,12298,27142,final
2026-08-12,celio,all,nonbrand,9.7,1833,74490,final
2026-08-12,celio,all,total,10.4,17394,255532,final
2026-08-13,celio,all,brand,2.5,21939,40351,final
2026-08-13,celio,all,nonbrand,8.4,2103,71187,final
2026-08-13,celio,all,total,9.4,28261,268841,final
2026-08-14,celio,all,brand,2.6,13087,28754,final
2026-08-14,celio,all,nonbrand,8.9,1824,70798,final
2026-08-14,celio,all,total,8.5,18311,291242,final
2026-08-15,celio,all,brand,2.7,12080,28375,final
2026-08-15,celio,all,nonbrand,8.4,1797,68127,final
2026-08-15,celio,all,total,7.6,17269,304386,final
2026-08-16,celio,all,brand,2.7,11002,23773,final
2026-08-16,celio,all,nonbrand,9.2,1843,74280,final
2026-08-16,celio,all,total,9.8,15989,250530,final
2026-08-17,celio,all,brand,2.3,13884,29004,final
2026-08-17,celio,all,nonbrand,8.5,2013,71379,final
2026-08-17,celio,all,total,9.5,19546,260210,final
2026-08-18,celio,all,brand,2.6,13970,28642,final
2026-08-18,celio,all,nonbrand,8.5,2061,73428,final
2026-08-18,celio,all,total,9.5,19906,261803,final
2026-08-19,celio,all,brand,2.7,14515,29870,final
2026-08-19,celio,all,nonbrand,8.4,1956,72919,final
2026-08-19,celio,all,total,9.9,20377,266252,final
2026-08-20,celio,all,brand,2.6,14272,29648,final
2026-08-20,celio,all,nonbrand,8.4,1908,71329,final
2026-08-20,celio,all,total,9.2,20222,258387,final
2026-08-21,celio,all,brand,2.6,14138,29980,final
2026-08-21,celio,all,nonbrand,9.1,1795,72428,final
2026-08-21,celio,all,total,9.8,19798,262401,final
2026-08-22,celio,all,brand,2.6,14329,31063,final
2026-08-22,celio,all,nonbrand,8.6,1834,71866,final
2026-08-22,celio,all,total,9.2,20165,257536,final
2026-08-23,celio,all,brand,2.7,12755,25273,final
2026-08-23,celio,all,nonbrand,8.4,1891,70717,final
2026-08-23,celio,all,total,9.4,18155,240833,final
2026-08-24,celio,all,brand,2.4,14879,29747,final
2026-08-24,celio,all,nonbrand,9.0,1881,71676,final
2026-08-24,celio,all,total,9.3,20903,258112,final
2026-08-25,celio,all,brand,2.4,16654,33296,final
2026-08-25,celio,all,nonbrand,9.1,1896,74104,final
2026-08-25,celio,all,total,9.8,22833,276214,final
2026-08-26,celio,all,brand,2.9,14842,30607,final
2026-08-26,celio,all,nonbrand,10.0,1783,76683,final
2026-08-26,celio,all,total,10.8,20540,285376,final
2026-08-27,celio,all,brand,2.7,15561,30765,final
2026-08-27,celio,all,nonbrand,8.4,1865,71950,final
2026-08-27,celio,all,total,9.4,21599,262368,final
2026-08-28,celio,all,brand,2.3,16227,32551,final
2026-08-28,celio,all,nonbrand,8.8,1915,74434,final
2026-08-28,celio,all,total,9.6,22408,272338,final
2026-08-29,celio,all,brand,2.4,18096,36443,final
2026-08-29,celio,all,nonbrand,8.4,2131,77761,final
2026-08-29,celio,all,total,9.4,25169,289381,final
2026-08-30,celio,all,brand,2.6,15968,30075,final
2026-08-30,celio,all,nonbrand,8.7,2105,80640,final
2026-08-30,celio,all,total,9.9,22682,278787,final
2026-08-31,celio,all,brand,2.6,16906,33359,final
2026-08-31,celio,all,nonbrand,8.9,2056,78395,final
2026-08-31,celio,all,total,9.7,23660,285846,final
2026-09-01,celio,all,brand,2.8,14874,30685,final
2026-09-01,celio,all,nonbrand,8.7,1861,75152,final
2026-09-01,celio,all,total,9.4,20797,271002,final
2026-09-02,celio,all,brand,2.9,14652,31084,final
2026-09-02,celio,all,nonbrand,8.3,1924,75134,final
2026-09-02,celio,all,total,8.9,20725,265642,final
2026-09-03,celio,all,brand,2.7,13543,29156,final
2026-09-03,celio,all,nonbrand,9.2,1628,75868,final
2026-09-03,celio,all,total,10.7,19088,277204,final
2026-09-04,celio,all,brand,3.4,13864,30791,final
2026-09-04,celio,all,nonbrand,8.9,1677,72119,final
2026-09-04,celio,all,total,9.7,19292,259186,final
2026-09-05,celio,all,brand,2.5,15604,33916,final
2026-09-05,celio,all,nonbrand,8.7,1831,83281,final
2026-09-05,celio,all,total,9.3,21769,285650,final
2026-09-06,celio,all,brand,2.4,14285,28298,final
2026-09-06,celio,all,nonbrand,8.4,1971,80100,final
2026-09-06,celio,all,total,9.5,20196,272600,final
2026-09-07,celio,all,brand,2.8,13389,28474,final
2026-09-07,celio,all,nonbrand,8.6,1863,75133,final
2026-09-07,celio,all,total,9.4,19141,259782,final
2026-09-08,celio,all,brand,2.5,13188,27943,final
2026-09-08,celio,all,nonbrand,8.7,1707,74146,final
2026-09-08,celio,all,total,9.2,18666,253424,final
2026-09-09,celio,all,brand,2.9,14401,30315,final
2026-09-09,celio,all,nonbrand,8.3,1970,77901,final
2026-09-09,celio,all,total,9.1,20706,273379,final
2026-09-10,celio,all,brand,2.4,13653,28762,final
2026-09-10,celio,all,nonbrand,7.4,1873,69690,final
2026-09-10,celio,all,total,9.1,19714,257209,final
2026-09-11,celio,all,brand,2.5,13572,29444,final
2026-09-11,celio,all,nonbrand,7.9,1726,66421,final
2026-09-11,celio,all,total,8.1,19248,237806,final
2026-09-12,celio,all,brand,2.1,14166,32700,final
2026-09-12,celio,all,nonbrand,8.4,1837,80784,final
2026-09-12,celio,all,total,8.6,20265,276824,final
2026-09-13,celio,all,brand,2.7,13685,27685,final
2026-09-13,celio,all,nonbrand,7.7,2051,81924,final
2026-09-13,celio,all,total,8.5,19800,264831,final
2026-09-14,celio,all,brand,2.5,11964,26075,final
2026-09-14,celio,all,nonbrand,7.8,1757,72793,final
2026-09-14,celio,all,total,8.3,17438,245425,final
2026-09-15,celio,all,brand,2.8,11199,24894,final
2026-09-15,celio,all,nonbrand,8.1,1632,66014,final
2026-09-15,celio,all,total,8.5,16121,216825,final
2026-09-16,celio,all,brand,2.4,12017,26071,final
2026-09-16,celio,all,nonbrand,8.9,1799,80607,final
2026-09-16,celio,all,total,9.8,17427,267727,final
2026-09-17,celio,all,brand,2.7,11836,26326,final
2026-09-17,celio,all,nonbrand,7.4,1887,72366,final
2026-09-17,celio,all,total,8.1,17229,242268,final
2026-09-18,celio,all,brand,2.6,11593,26708,final
2026-09-18,celio,all,nonbrand,7.4,1663,70084,final
2026-09-18,celio,all,total,8.2,16724,234554,final
2026-09-19,celio,all,brand,2.3,13707,30463,final
2026-09-19,celio,all,nonbrand,7.0,2120,75598,final
2026-09-19,celio,all,total,7.9,19889,257396,final
2026-09-20,celio,all,brand,2.3,11920,25460,final
2026-09-20,celio,all,nonbrand,7.1,2315,84775,final
2026-09-20,celio,all,total,7.9,17975,253660,final
2026-09-21,celio,all,brand,2.5,12329,26478,final
2026-09-21,celio,all,nonbrand,7.3,2001,74561,final
2026-09-21,celio,all,total,8.5,18157,242195,final
2026-09-22,celio,all,brand,2.7,11890,26499,final
2026-09-22,celio,all,nonbrand,7.4,2062,76749,final
2026-09-22,celio,all,total,8.2,17645,242547,final
2026-09-23,celio,all,brand,2.5,11510,26123,final
2026-09-23,celio,all,nonbrand,7.1,1964,80334,final
2026-09-23,celio,all,total,8.1,17112,247136,final
2026-09-24,celio,all,brand,2.6,12658,27612,final
2026-09-24,celio,all,nonbrand,7.2,1807,69432,final
2026-09-24,celio,all,total,8.2,18006,232819,final
2026-09-25,celio,all,brand,1.9,24738,44768,final
2026-09-25,celio,all,nonbrand,7.3,1863,66117,final
2026-09-25,celio,all,total,7.6,30619,245428,final
2026-09-26,celio,all,brand,2.0,17996,37101,final
2026-09-26,celio,all,nonbrand,6.8,2446,77244,final
2026-09-26,celio,all,total,7.6,24811,262568,final
2026-09-27,celio,all,brand,2.2,16085,30911,final
2026-09-27,celio,all,nonbrand,6.9,2470,84269,final
2026-09-27,celio,all,total,7.7,22738,259215,final
2026-09-28,celio,all,brand,2.5,15578,31047,final
2026-09-28,celio,all,nonbrand,7.2,2225,78207,final
2026-09-28,celio,all,total,7.8,21999,253286,final
2026-09-29,celio,all,brand,2.7,14354,29708,final
2026-09-29,celio,all,nonbrand,7.0,2159,74319,final
2026-09-29,celio,all,total,8.0,20536,245919,final
2026-09-30,celio,all,brand,2.4,15159,29946,fresh
2026-09-30,celio,all,nonbrand,7.5,2177,84545,fresh
2026-09-30,celio,all,total,8.1,21578,255841,fresh
2026-10-01,celio,all,brand,2.7,12680,25848,fresh
2026-10-01,celio,all,nonbrand,7.6,1738,79775,fresh
2026-10-01,celio,all,total,8.2,17962,236925,fresh
2025-06-08,celio,bel,brand,1.1,276,1227,final
2025-06-08,celio,bel,nonbrand,9.2,143,8830,final
2025-06-08,celio,bel,total,9.4,603,17808,final
2025-06-09,celio,bel,brand,1.1,307,1085,final
2025-06-09,celio,bel,nonbrand,8.6,160,4842,final
2025-06-09,celio,bel,total,9.3,641,13693,final
2025-06-10,celio,bel,brand,1.0,233,1112,final
2025-06-10,celio,bel,nonbrand,8.6,157,4495,final
2025-06-10,celio,bel,total,9.2,571,13130,final
2025-06-11,celio,bel,brand,1.1,244,1155,final
2025-06-11,celio,bel,nonbrand,8.6,141,4785,final
2025-06-11,celio,bel,total,9.2,577,13436,final
2025-06-12,celio,bel,brand,1.1,231,1152,final
2025-06-12,celio,bel,nonbrand,8.5,156,4888,final
2025-06-12,celio,bel,total,9.1,546,13198,final
2025-06-13,celio,bel,brand,1.0,229,1203,final
2025-06-13,celio,bel,nonbrand,8.5,152,4851,final
2025-06-13,celio,bel,total,9.1,557,13104,final
2025-06-14,celio,bel,brand,1.1,328,1485,final
2025-06-14,celio,bel,nonbrand,10.6,166,6357,final
2025-06-14,celio,bel,total,10.6,688,16313,final
2025-06-15,celio,bel,brand,1.0,247,1116,final
2025-06-15,celio,bel,nonbrand,8.7,188,5857,final
2025-06-15,celio,bel,total,9.0,650,15229,final
2025-06-16,celio,bel,brand,1.1,294,1318,final
2025-06-16,celio,bel,nonbrand,8.5,180,5093,final
2025-06-16,celio,bel,total,8.8,703,14276,final
2025-06-17,celio,bel,brand,1.1,221,1245,final
2025-06-17,celio,bel,nonbrand,8.1,169,5371,final
2025-06-17,celio,bel,total,8.8,571,14435,final
2025-06-18,celio,bel,brand,1.1,298,1399,final
2025-06-18,celio,bel,nonbrand,8.3,156,5566,final
2025-06-18,celio,bel,total,8.5,678,14954,final
2025-06-19,celio,bel,brand,1.1,275,1328,final
2025-06-19,celio,bel,nonbrand,8.2,116,5120,final
2025-06-19,celio,bel,total,8.7,587,14247,final
2025-06-20,celio,bel,brand,1.1,281,1362,final
2025-06-20,celio,bel,nonbrand,8.0,136,4777,final
2025-06-20,celio,bel,total,8.7,608,13352,final
2025-06-21,celio,bel,brand,1.1,235,1453,final
2025-06-21,celio,bel,nonbrand,10.9,157,5930,final
2025-06-21,celio,bel,total,10.8,585,15345,final
2025-06-22,celio,bel,brand,1.0,214,1063,final
2025-06-22,celio,bel,nonbrand,8.0,153,5040,final
2025-06-22,celio,bel,total,9.1,513,13242,final
2025-06-23,celio,bel,brand,1.1,257,1289,final
2025-06-23,celio,bel,nonbrand,9.8,168,5102,final
2025-06-23,celio,bel,total,9.8,599,14269,final
2025-06-24,celio,bel,brand,1.1,238,1229,final
2025-06-24,celio,bel,nonbrand,9.6,157,4834,final
2025-06-24,celio,bel,total,9.4,577,13336,final
2025-06-25,celio,bel,brand,1.1,246,1219,final
2025-06-25,celio,bel,nonbrand,8.6,149,4203,final
2025-06-25,celio,bel,total,9.0,564,13275,final
2025-06-26,celio,bel,brand,1.1,250,1181,final
2025-06-26,celio,bel,nonbrand,8.2,144,4653,final
2025-06-26,celio,bel,total,9.3,596,13603,final
2025-06-27,celio,bel,brand,1.1,252,1376,final
2025-06-27,celio,bel,nonbrand,8.7,150,4421,final
2025-06-27,celio,bel,total,9.1,593,13184,final
2025-06-28,celio,bel,brand,1.1,280,1371,final
2025-06-28,celio,bel,nonbrand,12.6,162,5578,final
2025-06-28,celio,bel,total,11.5,627,15083,final
2025-06-29,celio,bel,brand,1.1,225,1061,final
2025-06-29,celio,bel,nonbrand,8.1,157,4904,final
2025-06-29,celio,bel,total,9.1,571,13388,final
2025-06-30,celio,bel,brand,1.1,348,1517,final
2025-06-30,celio,bel,nonbrand,8.2,211,5133,final
2025-06-30,celio,bel,total,8.5,772,14632,final
2025-07-01,celio,bel,brand,1.1,526,1953,final
2025-07-01,celio,bel,nonbrand,12.5,220,6668,final
2025-07-01,celio,bel,total,12.3,977,18218,final
2025-07-02,celio,bel,brand,1.1,414,1629,final
2025-07-02,celio,bel,nonbrand,22.4,164,8302,final
2025-07-02,celio,bel,total,21.0,799,22376,final
2025-07-03,celio,bel,brand,1.1,386,1881,final
2025-07-03,celio,bel,nonbrand,21.1,152,7688,final
2025-07-03,celio,bel,total,19.8,744,20791,final
2025-07-04,celio,bel,brand,1.1,450,1917,final
2025-07-04,celio,bel,nonbrand,24.2,124,7824,final
2025-07-04,celio,bel,total,22.7,780,21484,final
2025-07-05,celio,bel,brand,1.1,486,2060,final
2025-07-05,celio,bel,nonbrand,22.2,140,8173,final
2025-07-05,celio,bel,total,19.4,887,21329,final
2025-07-06,celio,bel,brand,1.1,513,1907,final
2025-07-06,celio,bel,nonbrand,21.0,160,8322,final
2025-07-06,celio,bel,total,18.7,911,21274,final
2025-07-07,celio,bel,brand,1.1,317,1533,final
2025-07-07,celio,bel,nonbrand,22.1,145,7176,final
2025-07-07,celio,bel,total,20.4,648,19393,final
2025-07-08,celio,bel,brand,1.1,308,1450,final
2025-07-08,celio,bel,nonbrand,21.9,122,7017,final
2025-07-08,celio,bel,total,20.2,575,18537,final
2025-07-09,celio,bel,brand,1.1,306,1351,final
2025-07-09,celio,bel,nonbrand,24.2,130,6854,final
2025-07-09,celio,bel,total,20.6,602,17634,final
2025-07-10,celio,bel,brand,1.1,266,1352,final
2025-07-10,celio,bel,nonbrand,24.7,123,7518,final
2025-07-10,celio,bel,total,22.3,573,18919,final
2025-07-11,celio,bel,brand,1.2,260,1200,final
2025-07-11,celio,bel,nonbrand,22.0,132,6179,final
2025-07-11,celio,bel,total,21.6,528,17198,final
2025-07-12,celio,bel,brand,1.1,325,1487,final
2025-07-12,celio,bel,nonbrand,29.2,121,10465,final
2025-07-12,celio,bel,total,32.7,635,34694,final
2025-07-13,celio,bel,brand,1.1,234,1186,final
2025-07-13,celio,bel,nonbrand,23.1,160,6921,final
2025-07-13,celio,bel,total,21.9,574,17001,final
2025-07-14,celio,bel,brand,1.1,283,1431,final
2025-07-14,celio,bel,nonbrand,21.9,125,6459,final
2025-07-14,celio,bel,total,21.4,596,17485,final
2025-07-15,celio,bel,brand,1.1,287,1316,final
2025-07-15,celio,bel,nonbrand,23.4,135,6964,final
2025-07-15,celio,bel,total,21.3,566,16929,final
2025-07-16,celio,bel,brand,1.1,236,1225,final
2025-07-16,celio,bel,nonbrand,22.6,116,6223,final
2025-07-16,celio,bel,total,21.1,507,16082,final
2025-07-17,celio,bel,brand,1.1,177,1045,final
2025-07-17,celio,bel,nonbrand,24.2,112,6966,final
2025-07-17,celio,bel,total,23.8,402,16691,final
2025-07-18,celio,bel,brand,1.1,193,1008,final
2025-07-18,celio,bel,nonbrand,21.9,95,5818,final
2025-07-18,celio,bel,total,23.2,426,15315,final
2025-07-19,celio,bel,brand,1.1,237,1378,final
2025-07-19,celio,bel,nonbrand,23.8,110,7072,final
2025-07-19,celio,bel,total,21.9,527,16593,final
2025-07-20,celio,bel,brand,1.1,140,826,final
2025-07-20,celio,bel,nonbrand,22.7,114,7221,final
2025-07-20,celio,bel,total,23.4,369,16990,final
2025-07-21,celio,bel,brand,1.1,202,908,final
2025-07-21,celio,bel,nonbrand,24.2,97,7984,final
2025-07-21,celio,bel,total,23.2,431,18604,final
2025-07-22,celio,bel,brand,1.1,250,1234,final
2025-07-22,celio,bel,nonbrand,25.2,119,7653,final
2025-07-22,celio,bel,total,27.2,500,22433,final
2025-07-23,celio,bel,brand,1.1,235,1140,final
2025-07-23,celio,bel,nonbrand,23.2,101,6178,final
2025-07-23,celio,bel,total,21.8,479,15405,final
2025-07-24,celio,bel,brand,1.1,224,1138,final
2025-07-24,celio,bel,nonbrand,24.8,101,6944,final
2025-07-24,celio,bel,total,24.1,468,16842,final
2025-07-25,celio,bel,brand,1.1,237,1112,final
2025-07-25,celio,bel,nonbrand,20.3,100,5694,final
2025-07-25,celio,bel,total,22.1,473,15319,final
2025-07-26,celio,bel,brand,1.1,257,1189,final
2025-07-26,celio,bel,nonbrand,24.2,92,7369,final
2025-07-26,celio,bel,total,22.7,490,16754,final
2025-07-27,celio,bel,brand,1.1,200,945,final
2025-07-27,celio,bel,nonbrand,20.3,121,6042,final
2025-07-27,celio,bel,total,21.4,467,14737,final
2025-07-28,celio,bel,brand,1.1,268,1165,final
2025-07-28,celio,bel,nonbrand,22.1,123,6402,final
2025-07-28,celio,bel,total,22.1,567,16672,final
2025-07-29,celio,bel,brand,1.1,242,1125,final
2025-07-29,celio,bel,nonbrand,23.0,118,6911,final
2025-07-29,celio,bel,total,22.2,514,16804,final
2025-07-30,celio,bel,brand,1.2,222,1129,final
2025-07-30,celio,bel,nonbrand,23.7,108,7435,final
2025-07-30,celio,bel,total,22.1,493,17125,final
2025-07-31,celio,bel,brand,1.1,252,1191,final
2025-07-31,celio,bel,nonbrand,21.6,123,8296,final
2025-07-31,celio,bel,total,22.0,513,19433,final
2025-08-01,celio,bel,brand,1.1,226,925,final
2025-08-01,celio,bel,nonbrand,20.3,112,6185,final
2025-08-01,celio,bel,total,22.8,496,16148,final
2025-08-02,celio,bel,brand,1.1,319,1047,final
2025-08-02,celio,bel,nonbrand,23.7,102,7871,final
2025-08-02,celio,bel,total,22.9,592,17739,final
2025-08-03,celio,bel,brand,1.1,239,803,final
2025-08-03,celio,bel,nonbrand,21.6,114,6203,final
2025-08-03,celio,bel,total,22.4,462,14900,final
2025-08-04,celio,bel,brand,1.1,1232,2239,final
2025-08-04,celio,bel,nonbrand,23.8,104,6306,final
2025-08-04,celio,bel,total,21.3,1547,18433,final
2025-08-05,celio,bel,brand,1.1,1222,2201,final
2025-08-05,celio,bel,nonbrand,25.3,114,6954,final
2025-08-05,celio,bel,total,22.3,1537,19045,final
2025-08-06,celio,bel,brand,1.1,711,1460,final
2025-08-06,celio,bel,nonbrand,25.1,103,6357,final
2025-08-06,celio,bel,total,22.1,1018,16863,final
2025-08-07,celio,bel,brand,1.1,579,1244,final
2025-08-07,celio,bel,nonbrand,26.4,102,7453,final
2025-08-07,celio,bel,total,23.8,843,18504,final
2025-08-08,celio,bel,brand,1.1,483,1273,final
2025-08-08,celio,bel,nonbrand,23.5,116,6152,final
2025-08-08,celio,bel,total,23.2,750,16854,final
2025-08-09,celio,bel,brand,1.1,501,1294,final
2025-08-09,celio,bel,nonbrand,26.5,97,7355,final
2025-08-09,celio,bel,total,23.6,769,17362,final
2025-08-10,celio,bel,brand,1.1,281,945,final
2025-08-10,celio,bel,nonbrand,22.5,90,5810,final
2025-08-10,celio,bel,total,22.1,490,15255,final
2025-08-11,celio,bel,brand,1.1,397,1028,final
2025-08-11,celio,bel,nonbrand,24.0,115,5965,final
2025-08-11,celio,bel,total,22.4,705,17046,final
2025-08-12,celio,bel,brand,1.1,442,1129,final
2025-08-12,celio,bel,nonbrand,24.1,95,6512,final
2025-08-12,celio,bel,total,22.5,681,16733,final
2025-08-13,celio,bel,brand,1.1,463,1072,final
2025-08-13,celio,bel,nonbrand,23.3,110,6631,final
2025-08-13,celio,bel,total,21.8,756,16673,final
2025-08-14,celio,bel,brand,1.1,363,1102,final
2025-08-14,celio,bel,nonbrand,27.2,99,10142,final
2025-08-14,celio,bel,total,32.2,611,31447,final
2025-08-15,celio,bel,brand,1.1,249,804,final
2025-08-15,celio,bel,nonbrand,22.0,96,6824,final
2025-08-15,celio,bel,total,24.2,494,16980,final
2025-08-16,celio,bel,brand,1.1,440,1278,final
2025-08-16,celio,bel,nonbrand,24.1,100,7784,final
2025-08-16,celio,bel,total,22.1,722,17717,final
2025-08-17,celio,bel,brand,1.1,277,793,final
2025-08-17,celio,bel,nonbrand,21.4,96,6953,final
2025-08-17,celio,bel,total,21.8,500,15272,final
2025-08-18,celio,bel,brand,1.1,647,1429,final
2025-08-18,celio,bel,nonbrand,22.6,115,6585,final
2025-08-18,celio,bel,total,20.8,959,17510,final
2025-08-19,celio,bel,brand,1.1,496,1287,final
2025-08-19,celio,bel,nonbrand,23.2,115,7000,final
2025-08-19,celio,bel,total,21.2,810,17311,final
2025-08-20,celio,bel,brand,1.1,645,1412,final
2025-08-20,celio,bel,nonbrand,24.1,111,6925,final
2025-08-20,celio,bel,total,20.9,965,16931,final
2025-08-21,celio,bel,brand,1.1,598,1372,final
2025-08-21,celio,bel,nonbrand,23.9,108,9273,final
2025-08-21,celio,bel,total,26.0,882,25600,final
2025-08-22,celio,bel,brand,1.2,472,1166,final
2025-08-22,celio,bel,nonbrand,21.2,123,7956,final
2025-08-22,celio,bel,total,21.2,801,19022,final
2025-08-23,celio,bel,brand,1.1,561,1328,final
2025-08-23,celio,bel,nonbrand,24.9,104,10371,final
2025-08-23,celio,bel,total,22.0,901,22070,final
2025-08-24,celio,bel,brand,1.1,377,961,final
2025-08-24,celio,bel,nonbrand,21.4,108,7067,final
2025-08-24,celio,bel,total,20.8,628,16251,final
2025-08-25,celio,bel,brand,1.1,368,1051,final
2025-08-25,celio,bel,nonbrand,22.9,110,7455,final
2025-08-25,celio,bel,total,22.0,661,17639,final
2025-08-26,celio,bel,brand,1.1,381,1065,final
2025-08-26,celio,bel,nonbrand,24.8,115,7760,final
2025-08-26,celio,bel,total,21.9,657,17728,final
2025-08-27,celio,bel,brand,1.2,633,1250,final
2025-08-27,celio,bel,nonbrand,22.7,106,6746,final
2025-08-27,celio,bel,total,20.4,928,17583,final
2025-08-28,celio,bel,brand,1.1,529,1291,final
2025-08-28,celio,bel,nonbrand,23.5,123,7299,final
2025-08-28,celio,bel,total,21.4,814,18650,final
2025-08-29,celio,bel,brand,1.1,476,1163,final
2025-08-29,celio,bel,nonbrand,22.2,125,7915,final
2025-08-29,celio,bel,total,21.1,822,19218,final
2025-08-30,celio,bel,brand,1.1,528,1411,final
2025-08-30,celio,bel,nonbrand,21.9,117,8552,final
2025-08-30,celio,bel,total,19.8,872,20024,final
2025-08-31,celio,bel,brand,1.1,423,1117,final
2025-08-31,celio,bel,nonbrand,20.9,135,8212,final
2025-08-31,celio,bel,total,19.8,753,19327,final
2025-09-01,celio,bel,brand,1.1,303,1108,final
2025-09-01,celio,bel,nonbrand,23.0,123,7278,final
2025-09-01,celio,bel,total,21.6,619,18535,final
2025-09-02,celio,bel,brand,1.1,276,1085,final
2025-09-02,celio,bel,nonbrand,23.1,113,7561,final
2025-09-02,celio,bel,total,20.7,587,17922,final
2025-09-03,celio,bel,brand,1.1,266,1146,final
2025-09-03,celio,bel,nonbrand,21.9,90,7341,final
2025-09-03,celio,bel,total,20.6,569,18346,final
2025-09-04,celio,bel,brand,1.1,303,1101,final
2025-09-04,celio,bel,nonbrand,21.0,110,7460,final
2025-09-04,celio,bel,total,21.2,609,19067,final
2025-09-05,celio,bel,brand,1.2,279,1029,final
2025-09-05,celio,bel,nonbrand,22.9,99,8078,final
2025-09-05,celio,bel,total,21.9,539,18372,final
2025-09-06,celio,bel,brand,1.1,338,1274,final
2025-09-06,celio,bel,nonbrand,20.8,92,7726,final
2025-09-06,celio,bel,total,20.2,617,18699,final
2025-09-07,celio,bel,brand,1.1,195,804,final
2025-09-07,celio,bel,nonbrand,21.3,106,6855,final
2025-09-07,celio,bel,total,21.5,430,16515,final
2025-09-08,celio,bel,brand,1.1,263,954,final
2025-09-08,celio,bel,nonbrand,21.3,118,6998,final
2025-09-08,celio,bel,total,21.8,543,17423,final
2025-09-09,celio,bel,brand,1.1,249,925,final
2025-09-09,celio,bel,nonbrand,22.4,132,7865,final
2025-09-09,celio,bel,total,23.3,539,20468,final
2025-09-10,celio,bel,brand,1.1,266,980,final
2025-09-10,celio,bel,nonbrand,18.0,112,6533,final
2025-09-10,celio,bel,total,18.2,544,16430,final
2025-09-11,celio,bel,brand,1.1,272,1066,final
2025-09-11,celio,bel,nonbrand,15.6,93,7096,final
2025-09-11,celio,bel,total,17.0,525,16706,final
2025-09-12,celio,bel,brand,1.2,256,1056,final
2025-09-12,celio,bel,nonbrand,12.2,111,7212,final
2025-09-12,celio,bel,total,16.3,540,16392,final
2025-09-13,celio,bel,brand,1.1,356,1199,final
2025-09-13,celio,bel,nonbrand,7.7,130,6570,final
2025-09-13,celio,bel,total,8.0,690,13861,final
2025-09-14,celio,bel,brand,1.0,254,927,final
2025-09-14,celio,bel,nonbrand,11.6,108,7510,final
2025-09-14,celio,bel,total,11.3,529,14758,final
2025-09-15,celio,bel,brand,1.1,298,1044,final
2025-09-15,celio,bel,nonbrand,9.5,122,6441,final
2025-09-15,celio,bel,total,10.2,587,13540,final
2025-09-16,celio,bel,brand,1.1,239,952,final
2025-09-16,celio,bel,nonbrand,8.7,119,6145,final
2025-09-16,celio,bel,total,9.4,539,12499,final
2025-09-17,celio,bel,brand,1.1,278,998,final
2025-09-17,celio,bel,nonbrand,12.5,118,7761,final
2025-09-17,celio,bel,total,11.9,575,14850,final
2025-09-18,celio,bel,brand,1.1,228,896,final
2025-09-18,celio,bel,nonbrand,9.4,84,6148,final
2025-09-18,celio,bel,total,10.9,485,12735,final
2025-09-19,celio,bel,brand,1.3,196,791,final
2025-09-19,celio,bel,nonbrand,10.9,98,6071,final
2025-09-19,celio,bel,total,10.2,413,11381,final
2025-09-20,celio,bel,brand,1.1,303,1054,final
2025-09-20,celio,bel,nonbrand,13.5,94,7407,final
2025-09-20,celio,bel,total,11.8,581,14477,final
2025-09-21,celio,bel,brand,1.1,253,898,final
2025-09-21,celio,bel,nonbrand,8.5,126,6582,final
2025-09-21,celio,bel,total,9.0,561,13868,final
2025-09-22,celio,bel,brand,1.0,292,994,final
2025-09-22,celio,bel,nonbrand,8.6,122,6388,final
2025-09-22,celio,bel,total,9.2,603,13220,final
2025-09-23,celio,bel,brand,1.2,344,1079,final
2025-09-23,celio,bel,nonbrand,9.8,106,6413,final
2025-09-23,celio,bel,total,10.1,642,13548,final
2025-09-24,celio,bel,brand,1.1,454,1221,final
2025-09-24,celio,bel,nonbrand,10.0,121,6839,final
2025-09-24,celio,bel,total,9.9,801,15134,final
2025-09-25,celio,bel,brand,1.1,276,1009,final
2025-09-25,celio,bel,nonbrand,10.5,131,7636,final
2025-09-25,celio,bel,total,10.5,584,15620,final
2025-09-26,celio,bel,brand,1.1,315,1050,final
2025-09-26,celio,bel,nonbrand,10.8,123,6723,final
2025-09-26,celio,bel,total,12.1,621,14579,final
2025-09-27,celio,bel,brand,1.1,365,1208,final
2025-09-27,celio,bel,nonbrand,14.2,120,8192,final
2025-09-27,celio,bel,total,12.6,667,16549,final
2025-09-28,celio,bel,brand,1.1,265,933,final
2025-09-28,celio,bel,nonbrand,10.6,130,6573,final
2025-09-28,celio,bel,total,10.9,573,14162,final
2025-09-29,celio,bel,brand,1.1,281,978,final
2025-09-29,celio,bel,nonbrand,14.1,97,7510,final
2025-09-29,celio,bel,total,13.5,537,16433,final
2025-09-30,celio,bel,brand,1.1,260,909,final
2025-09-30,celio,bel,nonbrand,12.1,107,6823,final
2025-09-30,celio,bel,total,11.9,517,14312,final
2025-10-01,celio,bel,brand,1.1,284,1073,final
2025-10-01,celio,bel,nonbrand,10.5,99,6247,final
2025-10-01,celio,bel,total,10.5,557,13844,final
2025-10-02,celio,bel,brand,1.1,319,1059,final
2025-10-02,celio,bel,nonbrand,10.7,116,6813,final
2025-10-02,celio,bel,total,10.8,599,14406,final
2025-10-03,celio,bel,brand,1.2,377,1164,final
2025-10-03,celio,bel,nonbrand,10.5,107,6912,final
2025-10-03,celio,bel,total,10.3,668,14647,final
2025-10-04,celio,bel,brand,1.1,449,1432,final
2025-10-04,celio,bel,nonbrand,13.0,128,7978,final
2025-10-04,celio,bel,total,11.6,812,17324,final
2025-10-05,celio,bel,brand,1.1,334,1118,final
2025-10-05,celio,bel,nonbrand,9.7,131,7074,final
2025-10-05,celio,bel,total,10.0,716,15524,final
2025-10-06,celio,bel,brand,1.2,418,1433,final
2025-10-06,celio,bel,nonbrand,10.8,102,6159,final
2025-10-06,celio,bel,total,10.8,749,14979,final
2025-10-07,celio,bel,brand,1.1,471,1251,final
2025-10-07,celio,bel,nonbrand,10.6,122,6890,final
2025-10-07,celio,bel,total,11.0,821,14885,final
2025-10-08,celio,bel,brand,1.2,577,1373,final
2025-10-08,celio,bel,nonbrand,10.4,130,6656,final
2025-10-08,celio,bel,total,10.5,909,14798,final
2025-10-09,celio,bel,brand,1.1,406,1151,final
2025-10-09,celio,bel,nonbrand,11.4,125,6630,final
2025-10-09,celio,bel,total,10.9,750,14199,final
2025-10-10,celio,bel,brand,1.4,362,1269,final
2025-10-10,celio,bel,nonbrand,13.0,119,7038,final
2025-10-10,celio,bel,total,13.0,657,15434,final
2025-10-11,celio,bel,brand,1.1,553,1551,final
2025-10-11,celio,bel,nonbrand,13.4,124,7717,final
2025-10-11,celio,bel,total,11.7,891,16555,final
2025-10-12,celio,bel,brand,1.1,347,1109,final
2025-10-12,celio,bel,nonbrand,9.6,108,6540,final
2025-10-12,celio,bel,total,9.8,642,14297,final
2025-10-13,celio,bel,brand,1.1,337,1091,final
2025-10-13,celio,bel,nonbrand,11.0,95,6365,final
2025-10-13,celio,bel,total,11.2,615,14038,final
2025-10-14,celio,bel,brand,1.2,342,1086,final
2025-10-14,celio,bel,nonbrand,10.2,116,6847,final
2025-10-14,celio,bel,total,11.1,668,14732,final
2025-10-15,celio,bel,brand,1.1,294,1054,final
2025-10-15,celio,bel,nonbrand,10.8,103,5679,final
2025-10-15,celio,bel,total,10.4,574,14851,final
2025-10-16,celio,bel,brand,1.4,238,886,final
2025-10-16,celio,bel,nonbrand,12.9,111,5297,final
2025-10-16,celio,bel,total,11.9,497,13844,final
2025-10-17,celio,bel,brand,2.2,282,908,final
2025-10-17,celio,bel,nonbrand,18.6,95,9917,final
2025-10-17,celio,bel,total,16.0,557,17171,final
2025-10-18,celio,bel,brand,1.9,387,1407,final
2025-10-18,celio,bel,nonbrand,29.6,121,20177,final
2025-10-18,celio,bel,total,24.5,730,29666,final
2025-10-19,celio,bel,brand,1.1,280,983,final
2025-10-19,celio,bel,nonbrand,10.5,118,6682,final
2025-10-19,celio,bel,total,12.4,569,15478,final
2025-10-20,celio,bel,brand,1.1,259,967,final
2025-10-20,celio,bel,nonbrand,10.9,107,6430,final
2025-10-20,celio,bel,total,11.8,526,14991,final
2025-10-21,celio,bel,brand,1.1,257,999,final
2025-10-21,celio,bel,nonbrand,9.7,123,6450,final
2025-10-21,celio,bel,total,10.8,578,13924,final
2025-10-22,celio,bel,brand,1.7,289,1037,final
2025-10-22,celio,bel,nonbrand,10.7,102,6900,final
2025-10-22,celio,bel,total,12.6,604,15510,final
2025-10-23,celio,bel,brand,1.9,264,990,final
2025-10-23,celio,bel,nonbrand,10.9,100,7520,final
2025-10-23,celio,bel,total,11.8,555,16116,final
2025-10-24,celio,bel,brand,2.3,292,1125,final
2025-10-24,celio,bel,nonbrand,10.3,115,14455,final
2025-10-24,celio,bel,total,11.6,567,22145,final
2025-10-25,celio,bel,brand,1.8,293,1172,final
2025-10-25,celio,bel,nonbrand,12.8,119,8881,final
2025-10-25,celio,bel,total,12.7,609,17384,final
2025-10-26,celio,bel,brand,1.1,284,994,final
2025-10-26,celio,bel,nonbrand,10.6,125,6755,final
2025-10-26,celio,bel,total,10.2,622,14493,final
2025-10-27,celio,bel,brand,1.4,269,1126,final
2025-10-27,celio,bel,nonbrand,10.5,134,7388,final
2025-10-27,celio,bel,total,11.1,622,16012,final
2025-10-28,celio,bel,brand,1.5,298,1154,final
2025-10-28,celio,bel,nonbrand,10.2,137,6542,final
2025-10-28,celio,bel,total,10.6,646,14375,final
2025-10-29,celio,bel,brand,1.3,315,1240,final
2025-10-29,celio,bel,nonbrand,10.1,120,6568,final
2025-10-29,celio,bel,total,10.1,633,15157,final
2025-10-30,celio,bel,brand,1.5,297,1178,final
2025-10-30,celio,bel,nonbrand,9.9,126,6954,final
2025-10-30,celio,bel,total,10.4,633,15386,final
2025-10-31,celio,bel,brand,1.2,458,1175,final
2025-10-31,celio,bel,nonbrand,10.6,115,7646,final
2025-10-31,celio,bel,total,12.2,747,15952,final
2025-11-01,celio,bel,brand,1.4,523,1313,final
2025-11-01,celio,bel,nonbrand,12.1,133,8260,final
2025-11-01,celio,bel,total,12.6,842,17207,final
2025-11-02,celio,bel,brand,1.1,479,1179,final
2025-11-02,celio,bel,nonbrand,10.0,143,7840,final
2025-11-02,celio,bel,total,10.9,835,16635,final
2025-11-03,celio,bel,brand,1.5,565,1212,final
2025-11-03,celio,bel,nonbrand,10.4,125,7873,final
2025-11-03,celio,bel,total,10.6,912,16231,final
2025-11-04,celio,bel,brand,1.1,498,1115,final
2025-11-04,celio,bel,nonbrand,11.2,119,7141,final
2025-11-04,celio,bel,total,11.2,799,14756,final
2025-11-05,celio,bel,brand,1.1,598,1235,final
2025-11-05,celio,bel,nonbrand,10.2,110,6764,final
2025-11-05,celio,bel,total,10.2,938,14735,final
2025-11-06,celio,bel,brand,1.8,466,1184,final
2025-11-06,celio,bel,nonbrand,10.9,124,6931,final
2025-11-06,celio,bel,total,11.2,783,15503,final
2025-11-07,celio,bel,brand,1.6,534,1208,final
2025-11-07,celio,bel,nonbrand,11.9,105,7565,final
2025-11-07,celio,bel,total,11.8,865,15799,final
2025-11-08,celio,bel,brand,1.1,852,1729,final
2025-11-08,celio,bel,nonbrand,14.9,125,9543,final
2025-11-08,celio,bel,total,17.5,1210,22039,final
2025-11-09,celio,bel,brand,1.4,735,1446,final
2025-11-09,celio,bel,nonbrand,10.8,143,7062,final
2025-11-09,celio,bel,total,10.5,1124,17033,final
2025-11-10,celio,bel,brand,1.1,759,1647,final
2025-11-10,celio,bel,nonbrand,11.0,126,7108,final
2025-11-10,celio,bel,total,10.2,1124,17459,final
2025-11-11,celio,bel,brand,1.4,639,1376,final
2025-11-11,celio,bel,nonbrand,10.1,156,7849,final
2025-11-11,celio,bel,total,9.8,1052,18777,final
2025-11-12,celio,bel,brand,1.4,481,1263,final
2025-11-12,celio,bel,nonbrand,10.2,155,7055,final
2025-11-12,celio,bel,total,10.2,858,15903,final
2025-11-13,celio,bel,brand,1.1,578,1611,final
2025-11-13,celio,bel,nonbrand,10.5,125,7301,final
2025-11-13,celio,bel,total,10.5,922,16379,final
2025-11-14,celio,bel,brand,1.4,828,1703,final
2025-11-14,celio,bel,nonbrand,12.8,139,7957,final
2025-11-14,celio,bel,total,11.7,1216,17353,final
2025-11-15,celio,bel,brand,1.3,849,1897,final
2025-11-15,celio,bel,nonbrand,10.4,164,7813,final
2025-11-15,celio,bel,total,10.1,1275,18290,final
2025-11-16,celio,bel,brand,1.1,700,1621,final
2025-11-16,celio,bel,nonbrand,9.6,181,7509,final
2025-11-16,celio,bel,total,9.4,1113,17982,final
2025-11-17,celio,bel,brand,1.0,884,1778,final
2025-11-17,celio,bel,nonbrand,14.6,147,8117,final
2025-11-17,celio,bel,total,11.4,1300,18879,final
2025-11-18,celio,bel,brand,1.1,795,1678,final
2025-11-18,celio,bel,nonbrand,10.4,169,7163,final
2025-11-18,celio,bel,total,10.2,1273,18061,final
2025-11-19,celio,bel,brand,1.1,2120,3334,final
2025-11-19,celio,bel,nonbrand,10.3,203,7556,final
2025-11-19,celio,bel,total,8.8,2683,20577,final
2025-11-20,celio,bel,brand,1.3,1888,3135,final
2025-11-20,celio,bel,nonbrand,12.0,223,9048,final
2025-11-20,celio,bel,total,10.8,2514,23190,final
2025-11-21,celio,bel,brand,1.1,1232,2920,final
2025-11-21,celio,bel,nonbrand,12.4,211,9624,final
2025-11-21,celio,bel,total,11.5,1770,23848,final
2025-11-22,celio,bel,brand,1.1,1625,3405,final
2025-11-22,celio,bel,nonbrand,10.6,224,8838,final
2025-11-22,celio,bel,total,8.9,2284,23812,final
2025-11-23,celio,bel,brand,1.0,1496,2963,final
2025-11-23,celio,bel,nonbrand,9.8,287,9479,final
2025-11-23,celio,bel,total,8.6,2188,24012,final
2025-11-24,celio,bel,brand,1.2,1105,2647,final
2025-11-24,celio,bel,nonbrand,10.2,215,8986,final
2025-11-24,celio,bel,total,9.2,1625,21860,final
2025-11-25,celio,bel,brand,1.3,992,2410,final
2025-11-25,celio,bel,nonbrand,11.2,216,8103,final
2025-11-25,celio,bel,total,10.0,1532,20612,final
2025-11-26,celio,bel,brand,1.4,986,2524,final
2025-11-26,celio,bel,nonbrand,12.1,178,8745,final
2025-11-26,celio,bel,total,10.2,1490,21924,final
2025-11-27,celio,bel,brand,1.2,1220,2804,final
2025-11-27,celio,bel,nonbrand,13.0,204,9370,final
2025-11-27,celio,bel,total,10.5,1784,23348,final
2025-11-28,celio,bel,brand,1.5,1450,3268,final
2025-11-28,celio,bel,nonbrand,13.4,264,10043,final
2025-11-28,celio,bel,total,10.5,2097,25765,final
2025-11-29,celio,bel,brand,1.4,1256,3023,final
2025-11-29,celio,bel,nonbrand,10.3,224,8389,final
2025-11-29,celio,bel,total,8.9,1805,23142,final
2025-11-30,celio,bel,brand,1.6,1206,2979,final
2025-11-30,celio,bel,nonbrand,10.7,233,9380,final
2025-11-30,celio,bel,total,9.3,1815,24656,final
2025-12-01,celio,bel,brand,1.1,950,2504,final
2025-12-01,celio,bel,nonbrand,11.5,222,8881,final
2025-12-01,celio,bel,total,10.6,1516,22810,final
2025-12-02,celio,bel,brand,1.5,934,2225,final
2025-12-02,celio,bel,nonbrand,12.2,213,7984,final
2025-12-02,celio,bel,total,10.8,1468,20600,final
2025-12-03,celio,bel,brand,1.2,1072,2627,final
2025-12-03,celio,bel,nonbrand,12.0,222,7656,final
2025-12-03,celio,bel,total,9.4,1630,20504,final
2025-12-04,celio,bel,brand,2.2,814,2268,final
2025-12-04,celio,bel,nonbrand,14.0,175,8513,final
2025-12-04,celio,bel,total,11.6,1294,20857,final
2025-12-05,celio,bel,brand,1.6,783,2227,final
2025-12-05,celio,bel,nonbrand,16.6,187,8449,final
2025-12-05,celio,bel,total,13.1,1264,20690,final
2025-12-06,celio,bel,brand,1.2,1054,2437,final
2025-12-06,celio,bel,nonbrand,11.8,222,9354,final
2025-12-06,celio,bel,total,9.8,1638,22695,final
2025-12-07,celio,bel,brand,1.3,849,2251,final
2025-12-07,celio,bel,nonbrand,10.9,297,8770,final
2025-12-07,celio,bel,total,9.7,1517,22659,final
2025-12-08,celio,bel,brand,1.5,679,2134,final
2025-12-08,celio,bel,nonbrand,12.1,251,8614,final
2025-12-08,celio,bel,total,10.3,1247,21690,final
2025-12-09,celio,bel,brand,1.3,855,1959,final
2025-12-09,celio,bel,nonbrand,15.1,225,8451,final
2025-12-09,celio,bel,total,11.8,1361,21529,final
2025-12-10,celio,bel,brand,1.6,963,2152,final
2025-12-10,celio,bel,nonbrand,13.4,244,8624,final
2025-12-10,celio,bel,total,10.8,1489,22924,final
2025-12-11,celio,bel,brand,2.0,755,2083,final
2025-12-11,celio,bel,nonbrand,12.7,232,8614,final
2025-12-11,celio,bel,total,10.7,1288,22514,final
2025-12-12,celio,bel,brand,1.6,689,2055,final
2025-12-12,celio,bel,nonbrand,19.5,233,13536,final
2025-12-12,celio,bel,total,24.4,1188,36447,final
2025-12-13,celio,bel,brand,1.2,831,2320,final
2025-12-13,celio,bel,nonbrand,11.8,250,8782,final
2025-12-13,celio,bel,total,10.1,1376,22358,final
2025-12-14,celio,bel,brand,1.4,1043,2323,final
2025-12-14,celio,bel,nonbrand,12.5,256,9492,final
2025-12-14,celio,bel,total,10.4,1631,24201,final
2025-12-15,celio,bel,brand,1.2,1001,2290,final
2025-12-15,celio,bel,nonbrand,12.6,281,9780,final
2025-12-15,celio,bel,total,10.7,1642,24793,final
2025-12-16,celio,bel,brand,1.4,1026,2358,final
2025-12-16,celio,bel,nonbrand,14.8,267,10714,final
2025-12-16,celio,bel,total,12.2,1638,25913,final
2025-12-17,celio,bel,brand,1.5,1076,2449,final
2025-12-17,celio,bel,nonbrand,10.5,236,8127,final
2025-12-17,celio,bel,total,9.6,1647,20906,final
2025-12-18,celio,bel,brand,2.8,878,2324,final
2025-12-18,celio,bel,nonbrand,14.4,231,8853,final
2025-12-18,celio,bel,total,12.6,1379,21622,final
2025-12-19,celio,bel,brand,2.1,929,2247,final
2025-12-19,celio,bel,nonbrand,15.6,209,9734,final
2025-12-19,celio,bel,total,16.0,1416,24703,final
2025-12-20,celio,bel,brand,1.3,1252,2785,final
2025-12-20,celio,bel,nonbrand,14.0,244,9573,final
2025-12-20,celio,bel,total,12.6,1865,25028,final
2025-12-21,celio,bel,brand,1.3,1024,2562,final
2025-12-21,celio,bel,nonbrand,12.2,225,8110,final
2025-12-21,celio,bel,total,11.2,1567,21546,final
2025-12-22,celio,bel,brand,1.6,1246,2863,final
2025-12-22,celio,bel,nonbrand,16.9,216,9535,final
2025-12-22,celio,bel,total,16.8,1816,27299,final
2025-12-23,celio,bel,brand,1.5,944,2622,final
2025-12-23,celio,bel,nonbrand,17.1,195,9387,final
2025-12-23,celio,bel,total,17.6,1429,26681,final
2025-12-24,celio,bel,brand,1.7,740,2155,final
2025-12-24,celio,bel,nonbrand,19.2,114,9463,final
2025-12-24,celio,bel,total,19.7,1073,24163,final
2025-12-25,celio,bel,brand,2.0,656,1733,final
2025-12-25,celio,bel,nonbrand,16.5,151,8470,final
2025-12-25,celio,bel,total,19.0,1008,21833,final
2025-12-26,celio,bel,brand,1.3,933,2315,final
2025-12-26,celio,bel,nonbrand,24.4,161,11833,final
2025-12-26,celio,bel,total,21.4,1379,28275,final
2025-12-27,celio,bel,brand,1.6,718,2020,final
2025-12-27,celio,bel,nonbrand,16.5,143,8531,final
2025-12-27,celio,bel,total,18.0,1107,23180,final
2025-12-28,celio,bel,brand,1.4,547,1556,final
2025-12-28,celio,bel,nonbrand,13.7,142,7198,final
2025-12-28,celio,bel,total,12.6,875,17464,final
2025-12-29,celio,bel,brand,2.2,853,2025,final
2025-12-29,celio,bel,nonbrand,26.9,128,14463,final
2025-12-29,celio,bel,total,21.7,1271,28615,final
2025-12-30,celio,bel,brand,1.6,755,1945,final
2025-12-30,celio,bel,nonbrand,15.5,148,7873,final
2025-12-30,celio,bel,total,15.7,1157,20361,final
2025-12-31,celio,bel,brand,1.5,607,1620,final
2025-12-31,celio,bel,nonbrand,23.6,96,12373,final
2025-12-31,celio,bel,total,22.1,870,23917,final
2026-01-01,celio,bel,brand,2.4,419,1529,final
2026-01-01,celio,bel,nonbrand,19.8,99,10464,final
2026-01-01,celio,bel,total,22.1,673,22721,final
2026-01-02,celio,bel,brand,1.3,963,2652,final
2026-01-02,celio,bel,nonbrand,17.1,129,10187,final
2026-01-02,celio,bel,total,17.2,1353,25495,final
2026-01-03,celio,bel,brand,1.2,1397,3289,final
2026-01-03,celio,bel,nonbrand,15.1,200,11189,final
2026-01-03,celio,bel,total,15.3,1950,28235,final
2026-01-04,celio,bel,brand,1.5,1116,2569,final
2026-01-04,celio,bel,nonbrand,12.1,173,8532,final
2026-01-04,celio,bel,total,11.3,1563,21448,final
2026-01-05,celio,bel,brand,1.4,866,2162,final
2026-01-05,celio,bel,nonbrand,16.6,134,9722,final
2026-01-05,celio,bel,total,17.3,1229,23678,final
2026-01-06,celio,bel,brand,1.6,641,1883,final
2026-01-06,celio,bel,nonbrand,16.9,126,8712,final
2026-01-06,celio,bel,total,17.8,975,21293,final
2026-01-07,celio,bel,brand,2.4,970,1872,final
2026-01-07,celio,bel,nonbrand,17.1,148,9403,final
2026-01-07,celio,bel,total,14.8,1367,22998,final
2026-01-08,celio,bel,brand,1.4,875,1709,final
2026-01-08,celio,bel,nonbrand,20.4,107,10716,final
2026-01-08,celio,bel,total,17.6,1210,23697,final
2026-01-09,celio,bel,brand,2.5,814,1783,final
2026-01-09,celio,bel,nonbrand,20.5,128,11816,final
2026-01-09,celio,bel,total,17.6,1159,24762,final
2026-01-10,celio,bel,brand,1.5,1073,2194,final
2026-01-10,celio,bel,nonbrand,18.0,140,10304,final
2026-01-10,celio,bel,total,15.0,1494,25156,final
2026-01-11,celio,bel,brand,1.7,762,1920,final
2026-01-11,celio,bel,nonbrand,19.0,147,12644,final
2026-01-11,celio,bel,total,22.6,1123,33166,final
2026-01-12,celio,bel,brand,1.8,762,1605,final
2026-01-12,celio,bel,nonbrand,17.1,131,8358,final
2026-01-12,celio,bel,total,16.8,1104,20686,final
2026-01-13,celio,bel,brand,1.4,748,1544,final
2026-01-13,celio,bel,nonbrand,18.4,109,10034,final
2026-01-13,celio,bel,total,18.1,1078,22445,final
2026-01-14,celio,bel,brand,1.6,727,1492,final
2026-01-14,celio,bel,nonbrand,16.2,102,8418,final
2026-01-14,celio,bel,total,15.7,1054,20376,final
2026-01-15,celio,bel,brand,1.8,602,1418,final
2026-01-15,celio,bel,nonbrand,18.5,107,9680,final
2026-01-15,celio,bel,total,19.8,885,21841,final
2026-01-16,celio,bel,brand,3.4,720,1558,final
2026-01-16,celio,bel,nonbrand,18.3,115,7728,final
2026-01-16,celio,bel,total,15.6,1027,18128,final
2026-01-17,celio,bel,brand,1.6,886,1846,final
2026-01-17,celio,bel,nonbrand,27.8,155,17766,final
2026-01-17,celio,bel,total,23.5,1273,32956,final
2026-01-18,celio,bel,brand,1.8,719,1374,final
2026-01-18,celio,bel,nonbrand,13.6,119,7076,final
2026-01-18,celio,bel,total,12.6,1043,17293,final
2026-01-19,celio,bel,brand,3.2,601,1270,final
2026-01-19,celio,bel,nonbrand,19.2,112,8491,final
2026-01-19,celio,bel,total,19.5,908,20824,final
2026-01-20,celio,bel,brand,2.1,617,1336,final
2026-01-20,celio,bel,nonbrand,23.2,102,11807,final
2026-01-20,celio,bel,total,22.3,887,26470,final
2026-01-21,celio,bel,brand,3.3,536,1278,final
2026-01-21,celio,bel,nonbrand,24.4,96,11463,final
2026-01-21,celio,bel,total,22.2,799,23971,final
2026-01-22,celio,bel,brand,2.3,641,1368,final
2026-01-22,celio,bel,nonbrand,21.6,102,8657,final
2026-01-22,celio,bel,total,20.5,943,20708,final
2026-01-23,celio,bel,brand,2.1,675,1429,final
2026-01-23,celio,bel,nonbrand,21.1,103,9122,final
2026-01-23,celio,bel,total,20.4,970,20550,final
2026-01-24,celio,bel,brand,1.9,765,1796,final
2026-01-24,celio,bel,nonbrand,16.4,96,7222,final
2026-01-24,celio,bel,total,13.4,1090,17721,final
2026-01-25,celio,bel,brand,1.7,682,1347,final
2026-01-25,celio,bel,nonbrand,19.2,120,9646,final
2026-01-25,celio,bel,total,19.1,1017,22168,final
2026-01-26,celio,bel,brand,2.5,614,1416,final
2026-01-26,celio,bel,nonbrand,21.0,112,9566,final
2026-01-26,celio,bel,total,20.0,909,21575,final
2026-01-27,celio,bel,brand,1.7,624,1407,final
2026-01-27,celio,bel,nonbrand,22.3,133,9453,final
2026-01-27,celio,bel,total,21.0,948,21169,final
2026-01-28,celio,bel,brand,1.4,725,1430,final
2026-01-28,celio,bel,nonbrand,19.7,91,8951,final
2026-01-28,celio,bel,total,19.6,1028,20699,final
2026-01-29,celio,bel,brand,3.0,666,1448,final
2026-01-29,celio,bel,nonbrand,21.5,89,9454,final
2026-01-29,celio,bel,total,20.7,937,20902,final
2026-01-30,celio,bel,brand,3.1,533,1656,final
2026-01-30,celio,bel,nonbrand,23.2,71,12151,final
2026-01-30,celio,bel,total,21.6,797,24158,final
2026-01-31,celio,bel,brand,1.8,1008,2191,final
2026-01-31,celio,bel,nonbrand,29.1,130,19227,final
2026-01-31,celio,bel,total,22.6,1402,31649,final
2026-02-01,celio,bel,brand,1.5,806,1318,final
2026-02-01,celio,bel,nonbrand,31.4,104,37167,final
2026-02-01,celio,bel,total,27.5,1137,47321,final
2026-02-02,celio,bel,brand,4.0,651,1287,final
2026-02-02,celio,bel,nonbrand,17.2,90,6616,final
2026-02-02,celio,bel,total,14.8,913,15093,final
2026-02-03,celio,bel,brand,1.8,634,1151,final
2026-02-03,celio,bel,nonbrand,12.8,90,5558,final
2026-02-03,celio,bel,total,11.2,918,13404,final
2026-02-04,celio,bel,brand,2.3,724,1241,final
2026-02-04,celio,bel,nonbrand,14.3,86,6551,final
2026-02-04,celio,bel,total,12.8,998,14760,final
2026-02-05,celio,bel,brand,2.4,528,1197,final
2026-02-05,celio,bel,nonbrand,21.3,90,9186,final
2026-02-05,celio,bel,total,17.2,781,18573,final
2026-02-06,celio,bel,brand,2.1,595,1164,final
2026-02-06,celio,bel,nonbrand,27.1,82,13468,final
2026-02-06,celio,bel,total,23.4,805,23374,final
2026-02-07,celio,bel,brand,1.2,690,1322,final
2026-02-07,celio,bel,nonbrand,10.3,88,7078,final
2026-02-07,celio,bel,total,10.4,999,15811,final
2026-02-08,celio,bel,brand,1.0,549,1002,final
2026-02-08,celio,bel,nonbrand,13.3,106,7240,final
2026-02-08,celio,bel,total,12.6,813,16228,final
2026-02-09,celio,bel,brand,1.9,574,1088,final
2026-02-09,celio,bel,nonbrand,17.1,96,8490,final
2026-02-09,celio,bel,total,14.9,837,17349,final
2026-02-10,celio,bel,brand,1.4,521,1043,final
2026-02-10,celio,bel,nonbrand,18.4,89,9341,final
2026-02-10,celio,bel,total,16.2,791,18643,final
2026-02-11,celio,bel,brand,1.5,743,1303,final
2026-02-11,celio,bel,nonbrand,24.2,84,11872,final
2026-02-11,celio,bel,total,21.1,1009,22072,final
2026-02-12,celio,bel,brand,2.2,604,1256,final
2026-02-12,celio,bel,nonbrand,16.3,69,9106,final
2026-02-12,celio,bel,total,16.6,851,19388,final
2026-02-13,celio,bel,brand,2.2,617,1257,final
2026-02-13,celio,bel,nonbrand,15.0,82,10483,final
2026-02-13,celio,bel,total,16.6,876,20379,final
2026-02-14,celio,bel,brand,1.9,709,1355,final
2026-02-14,celio,bel,nonbrand,13.5,95,8668,final
2026-02-14,celio,bel,total,13.8,998,18473,final
2026-02-15,celio,bel,brand,1.3,640,1037,final
2026-02-15,celio,bel,nonbrand,14.4,84,10228,final
2026-02-15,celio,bel,total,18.5,890,22197,final
2026-02-16,celio,bel,brand,1.1,609,1043,final
2026-02-16,celio,bel,nonbrand,13.2,76,7968,final
2026-02-16,celio,bel,total,13.6,837,16982,final
2026-02-17,celio,bel,brand,1.2,453,1041,final
2026-02-17,celio,bel,nonbrand,13.2,88,8117,final
2026-02-17,celio,bel,total,13.6,680,16638,final
2026-02-18,celio,bel,brand,1.2,287,933,final
2026-02-18,celio,bel,nonbrand,13.7,82,8594,final
2026-02-18,celio,bel,total,13.7,509,17139,final
2026-02-19,celio,bel,brand,2.4,296,929,final
2026-02-19,celio,bel,nonbrand,16.2,90,8733,final
2026-02-19,celio,bel,total,15.5,527,17277,final
2026-02-20,celio,bel,brand,2.1,360,976,final
2026-02-20,celio,bel,nonbrand,13.1,79,9448,final
2026-02-20,celio,bel,total,13.7,619,17873,final
2026-02-21,celio,bel,brand,1.9,329,1064,final
2026-02-21,celio,bel,nonbrand,11.7,74,15699,final
2026-02-21,celio,bel,total,12.9,582,25933,final
2026-02-22,celio,bel,brand,1.3,280,919,final
2026-02-22,celio,bel,nonbrand,14.7,89,9949,final
2026-02-22,celio,bel,total,15.0,541,19673,final
2026-02-23,celio,bel,brand,1.8,287,973,final
2026-02-23,celio,bel,nonbrand,13.1,73,8055,final
2026-02-23,celio,bel,total,13.4,501,16539,final
2026-02-24,celio,bel,brand,1.8,236,811,final
2026-02-24,celio,bel,nonbrand,14.7,82,8685,final
2026-02-24,celio,bel,total,14.5,470,17798,final
2026-02-25,celio,bel,brand,1.5,285,859,final
2026-02-25,celio,bel,nonbrand,13.6,86,7230,final
2026-02-25,celio,bel,total,13.9,532,16112,final
2026-02-26,celio,bel,brand,1.7,341,887,final
2026-02-26,celio,bel,nonbrand,16.4,71,8493,final
2026-02-26,celio,bel,total,15.6,572,17404,final
2026-02-27,celio,bel,brand,1.2,398,968,final
2026-02-27,celio,bel,nonbrand,15.3,78,9011,final
2026-02-27,celio,bel,total,15.3,650,18567,final
2026-02-28,celio,bel,brand,1.4,435,1115,final
2026-02-28,celio,bel,nonbrand,13.4,97,8249,final
2026-02-28,celio,bel,total,13.3,711,18545,final
2026-03-01,celio,bel,brand,1.1,316,898,final
2026-03-01,celio,bel,nonbrand,13.2,84,8238,final
2026-03-01,celio,bel,total,13.4,589,17719,final
2026-03-02,celio,bel,brand,2.1,453,1255,final
2026-03-02,celio,bel,nonbrand,14.0,75,7187,final
2026-03-02,celio,bel,total,13.5,703,16011,final
2026-03-03,celio,bel,brand,1.1,424,1159,final
2026-03-03,celio,bel,nonbrand,14.1,88,6871,final
2026-03-03,celio,bel,total,13.6,667,15704,final
2026-03-04,celio,bel,brand,2.1,432,1318,final
2026-03-04,celio,bel,nonbrand,10.9,104,7649,final
2026-03-04,celio,bel,total,10.9,720,16060,final
2026-03-05,celio,bel,brand,1.3,497,1295,final
2026-03-05,celio,bel,nonbrand,11.8,74,6929,final
2026-03-05,celio,bel,total,11.3,756,15209,final
2026-03-06,celio,bel,brand,1.2,372,1229,final
2026-03-06,celio,bel,nonbrand,12.2,75,7068,final
2026-03-06,celio,bel,total,11.7,622,15282,final
2026-03-07,celio,bel,brand,1.1,502,1410,final
2026-03-07,celio,bel,nonbrand,10.8,92,6561,final
2026-03-07,celio,bel,total,10.3,785,16207,final
2026-03-08,celio,bel,brand,1.3,361,1011,final
2026-03-08,celio,bel,nonbrand,10.5,100,6274,final
2026-03-08,celio,bel,total,10.5,600,14524,final
2026-03-09,celio,bel,brand,1.2,354,1317,final
2026-03-09,celio,bel,nonbrand,11.8,89,8025,final
2026-03-09,celio,bel,total,12.0,639,18159,final
2026-03-10,celio,bel,brand,1.6,493,1587,final
2026-03-10,celio,bel,nonbrand,11.1,111,6451,final
2026-03-10,celio,bel,total,10.7,776,15465,final
2026-03-11,celio,bel,brand,1.2,424,1752,final
2026-03-11,celio,bel,nonbrand,11.1,110,6801,final
2026-03-11,celio,bel,total,10.5,701,16185,final
2026-03-12,celio,bel,brand,1.5,341,1240,final
2026-03-12,celio,bel,nonbrand,11.3,90,7176,final
2026-03-12,celio,bel,total,10.7,613,15516,final
2026-03-13,celio,bel,brand,1.6,397,1280,final
2026-03-13,celio,bel,nonbrand,13.4,83,8236,final
2026-03-13,celio,bel,total,13.4,646,17187,final
2026-03-14,celio,bel,brand,1.2,576,1651,final
2026-03-14,celio,bel,nonbrand,11.4,111,8041,final
2026-03-14,celio,bel,total,10.5,917,17938,final
2026-03-15,celio,bel,brand,1.6,451,1211,final
2026-03-15,celio,bel,nonbrand,10.5,128,7103,final
2026-03-15,celio,bel,total,10.4,763,15372,final
2026-03-16,celio,bel,brand,1.3,602,1785,final
2026-03-16,celio,bel,nonbrand,11.9,91,6960,final
2026-03-16,celio,bel,total,10.9,893,16479,final
2026-03-17,celio,bel,brand,1.2,653,1970,final
2026-03-17,celio,bel,nonbrand,11.8,109,7074,final
2026-03-17,celio,bel,total,11.3,946,17028,final
2026-03-18,celio,bel,brand,1.1,608,1796,final
2026-03-18,celio,bel,nonbrand,12.8,83,7182,final
2026-03-18,celio,bel,total,11.4,905,17287,final
2026-03-19,celio,bel,brand,1.5,450,1572,final
2026-03-19,celio,bel,nonbrand,13.3,92,7677,final
2026-03-19,celio,bel,total,12.1,716,17096,final
2026-03-20,celio,bel,brand,1.6,382,1384,final
2026-03-20,celio,bel,nonbrand,11.7,77,7584,final
2026-03-20,celio,bel,total,11.5,650,16981,final
2026-03-21,celio,bel,brand,1.1,523,1487,final
2026-03-21,celio,bel,nonbrand,13.5,98,9427,final
2026-03-21,celio,bel,total,13.4,822,22920,final
2026-03-22,celio,bel,brand,1.1,364,1170,final
2026-03-22,celio,bel,nonbrand,13.0,106,7757,final
2026-03-22,celio,bel,total,12.0,651,17438,final
2026-03-23,celio,bel,brand,1.5,319,1152,final
2026-03-23,celio,bel,nonbrand,12.4,82,7025,final
2026-03-23,celio,bel,total,11.3,585,16219,final
2026-03-24,celio,bel,brand,1.4,366,1260,final
2026-03-24,celio,bel,nonbrand,9.3,106,6299,final
2026-03-24,celio,bel,total,9.5,689,14941,final
2026-03-25,celio,bel,brand,1.1,431,1354,final
2026-03-25,celio,bel,nonbrand,8.3,140,6171,final
2026-03-25,celio,bel,total,9.2,782,15484,final
2026-03-26,celio,bel,brand,1.3,388,1253,final
2026-03-26,celio,bel,nonbrand,9.8,110,6455,final
2026-03-26,celio,bel,total,10.1,711,15001,final
2026-03-27,celio,bel,brand,1.5,430,1269,final
2026-03-27,celio,bel,nonbrand,11.4,103,7103,final
2026-03-27,celio,bel,total,12.7,710,16271,final
2026-03-28,celio,bel,brand,1.2,540,1669,final
2026-03-28,celio,bel,nonbrand,9.9,125,7983,final
2026-03-28,celio,bel,total,9.6,931,18286,final
2026-03-29,celio,bel,brand,1.2,511,1289,final
2026-03-29,celio,bel,nonbrand,10.1,117,6886,final
2026-03-29,celio,bel,total,10.5,821,16640,final
2026-03-30,celio,bel,brand,1.5,450,1268,final
2026-03-30,celio,bel,nonbrand,11.5,124,6729,final
2026-03-30,celio,bel,total,12.6,759,17073,final
2026-03-31,celio,bel,brand,1.7,383,1354,final
2026-03-31,celio,bel,nonbrand,12.3,117,6964,final
2026-03-31,celio,bel,total,11.3,660,16032,final
2026-04-01,celio,bel,brand,1.1,476,1602,final
2026-04-01,celio,bel,nonbrand,10.9,93,6106,final
2026-04-01,celio,bel,total,10.2,744,14958,final
2026-04-02,celio,bel,brand,1.3,572,1808,final
2026-04-02,celio,bel,nonbrand,10.7,106,7365,final
2026-04-02,celio,bel,total,10.3,862,16219,final
2026-04-03,celio,bel,brand,1.3,465,1528,final
2026-04-03,celio,bel,nonbrand,10.4,111,7026,final
2026-04-03,celio,bel,total,10.4,773,15703,final
2026-04-04,celio,bel,brand,1.6,559,1825,final
2026-04-04,celio,bel,nonbrand,10.0,122,7483,final
2026-04-04,celio,bel,total,10.0,879,17425,final
2026-04-05,celio,bel,brand,1.2,340,1249,final
2026-04-05,celio,bel,nonbrand,10.4,92,7247,final
2026-04-05,celio,bel,total,10.1,634,15407,final
2026-04-06,celio,bel,brand,1.3,307,1105,final
2026-04-06,celio,bel,nonbrand,10.4,124,7037,final
2026-04-06,celio,bel,total,12.6,600,17457,final
2026-04-07,celio,bel,brand,2.1,271,1130,final
2026-04-07,celio,bel,nonbrand,10.5,107,6538,final
2026-04-07,celio,bel,total,10.7,544,14978,final
2026-04-08,celio,bel,brand,1.2,329,1167,final
2026-04-08,celio,bel,nonbrand,10.9,94,6972,final
2026-04-08,celio,bel,total,10.7,579,15390,final
2026-04-09,celio,bel,brand,1.2,310,1095,final
2026-04-09,celio,bel,nonbrand,11.2,102,7611,final
2026-04-09,celio,bel,total,12.1,607,16136,final
2026-04-10,celio,bel,brand,1.4,307,1254,final
2026-04-10,celio,bel,nonbrand,10.6,107,7632,final
2026-04-10,celio,bel,total,10.4,565,15915,final
2026-04-11,celio,bel,brand,1.1,387,1399,final
2026-04-11,celio,bel,nonbrand,10.8,114,8499,final
2026-04-11,celio,bel,total,10.9,742,18566,final
2026-04-12,celio,bel,brand,1.3,355,1195,final
2026-04-12,celio,bel,nonbrand,11.0,127,7020,final
2026-04-12,celio,bel,total,10.9,681,15736,final
2026-04-13,celio,bel,brand,1.7,379,1224,final
2026-04-13,celio,bel,nonbrand,11.1,122,7533,final
2026-04-13,celio,bel,total,14.5,691,19317,final
2026-04-14,celio,bel,brand,2.6,305,1190,final
2026-04-14,celio,bel,nonbrand,10.8,101,6794,final
2026-04-14,celio,bel,total,11.0,611,14853,final
2026-04-15,celio,bel,brand,1.5,345,1243,final
2026-04-15,celio,bel,nonbrand,11.4,112,7574,final
2026-04-15,celio,bel,total,11.6,661,16078,final
2026-04-16,celio,bel,brand,1.2,341,1137,final
2026-04-16,celio,bel,nonbrand,12.4,109,6848,final
2026-04-16,celio,bel,total,11.9,619,14670,final
2026-04-17,celio,bel,brand,1.5,334,1228,final
2026-04-17,celio,bel,nonbrand,11.4,112,8206,final
2026-04-17,celio,bel,total,12.3,677,17185,final
2026-04-18,celio,bel,brand,1.4,367,1517,final
2026-04-18,celio,bel,nonbrand,11.7,126,8298,final
2026-04-18,celio,bel,total,12.5,697,18549,final
2026-04-19,celio,bel,brand,1.4,320,1050,final
2026-04-19,celio,bel,nonbrand,11.3,111,7205,final
2026-04-19,celio,bel,total,11.5,630,15404,final
2026-04-20,celio,bel,brand,1.4,283,1041,final
2026-04-20,celio,bel,nonbrand,12.2,109,6631,final
2026-04-20,celio,bel,total,16.9,571,16787,final
2026-04-21,celio,bel,brand,1.8,284,1034,final
2026-04-21,celio,bel,nonbrand,12.3,86,8144,final
2026-04-21,celio,bel,total,13.8,554,16915,final
2026-04-22,celio,bel,brand,1.1,322,1093,final
2026-04-22,celio,bel,nonbrand,10.5,99,6403,final
2026-04-22,celio,bel,total,11.2,571,13601,final
2026-04-23,celio,bel,brand,1.6,384,1149,final
2026-04-23,celio,bel,nonbrand,14.6,89,9196,final
2026-04-23,celio,bel,total,15.7,610,17131,final
2026-04-24,celio,bel,brand,1.2,352,1184,final
2026-04-24,celio,bel,nonbrand,11.3,104,7203,final
2026-04-24,celio,bel,total,16.6,633,17477,final
2026-04-25,celio,bel,brand,1.5,516,1474,final
2026-04-25,celio,bel,nonbrand,11.7,104,8048,final
2026-04-25,celio,bel,total,12.0,827,17344,final
2026-04-26,celio,bel,brand,1.3,372,1246,final
2026-04-26,celio,bel,nonbrand,13.0,114,11068,final
2026-04-26,celio,bel,total,16.2,666,23188,final
2026-04-27,celio,bel,brand,1.5,439,1338,final
2026-04-27,celio,bel,nonbrand,10.9,118,6946,final
2026-04-27,celio,bel,total,16.1,738,17396,final
2026-04-28,celio,bel,brand,2.0,309,1227,final
2026-04-28,celio,bel,nonbrand,12.0,100,7346,final
2026-04-28,celio,bel,total,15.4,554,17162,final
2026-04-29,celio,bel,brand,1.1,298,1155,final
2026-04-29,celio,bel,nonbrand,12.2,113,10333,final
2026-04-29,celio,bel,total,15.8,608,20314,final
2026-04-30,celio,bel,brand,1.2,315,1183,final
2026-04-30,celio,bel,nonbrand,12.8,90,8464,final
2026-04-30,celio,bel,total,13.8,578,16673,final
2026-05-01,celio,bel,brand,1.2,303,1026,final
2026-05-01,celio,bel,nonbrand,11.3,94,7201,final
2026-05-01,celio,bel,total,11.6,548,14038,final
2026-05-02,celio,bel,brand,1.2,374,1532,final
2026-05-02,celio,bel,nonbrand,10.6,115,7890,final
2026-05-02,celio,bel,total,11.4,700,17152,final
2026-05-03,celio,bel,brand,1.5,370,1175,final
2026-05-03,celio,bel,nonbrand,10.9,141,7770,final
2026-05-03,celio,bel,total,11.0,730,16049,final
2026-05-04,celio,bel,brand,1.6,363,1362,final
2026-05-04,celio,bel,nonbrand,11.3,118,7120,final
2026-05-04,celio,bel,total,16.0,676,18863,final
2026-05-05,celio,bel,brand,1.4,391,1249,final
2026-05-05,celio,bel,nonbrand,10.1,155,6963,final
2026-05-05,celio,bel,total,11.2,743,15622,final
2026-05-06,celio,bel,brand,1.1,375,1247,final
2026-05-06,celio,bel,nonbrand,11.7,112,8486,final
2026-05-06,celio,bel,total,11.8,701,17138,final
2026-05-07,celio,bel,brand,1.3,332,1195,final
2026-05-07,celio,bel,nonbrand,12.1,119,7027,final
2026-05-07,celio,bel,total,12.9,655,15974,final
2026-05-08,celio,bel,brand,1.6,399,1449,final
2026-05-08,celio,bel,nonbrand,11.5,101,7279,final
2026-05-08,celio,bel,total,11.7,728,16188,final
2026-05-09,celio,bel,brand,1.4,360,1638,final
2026-05-09,celio,bel,nonbrand,13.9,120,12473,final
2026-05-09,celio,bel,total,22.5,697,31534,final
2026-05-10,celio,bel,brand,2.2,287,1019,final
2026-05-10,celio,bel,nonbrand,12.3,132,8002,final
2026-05-10,celio,bel,total,12.3,607,15781,final
2026-05-11,celio,bel,brand,1.5,352,1237,final
2026-05-11,celio,bel,nonbrand,11.5,115,7489,final
2026-05-11,celio,bel,total,11.6,658,15643,final
2026-05-12,celio,bel,brand,1.1,437,1373,final
2026-05-12,celio,bel,nonbrand,10.6,124,7222,final
2026-05-12,celio,bel,total,11.3,756,15274,final
2026-05-13,celio,bel,brand,1.4,337,1143,final
2026-05-13,celio,bel,nonbrand,13.1,98,8500,final
2026-05-13,celio,bel,total,15.5,609,18402,final
2026-05-14,celio,bel,brand,1.2,347,1219,final
2026-05-14,celio,bel,nonbrand,10.9,122,8139,final
2026-05-14,celio,bel,total,11.3,670,16399,final
2026-05-15,celio,bel,brand,1.2,478,1508,final
2026-05-15,celio,bel,nonbrand,9.5,132,8058,final
2026-05-15,celio,bel,total,9.2,852,16168,final
2026-05-16,celio,bel,brand,1.1,415,1561,final
2026-05-16,celio,bel,nonbrand,9.5,120,8771,final
2026-05-16,celio,bel,total,9.7,831,17705,final
2026-05-17,celio,bel,brand,1.4,407,1175,final
2026-05-17,celio,bel,nonbrand,9.1,120,9991,final
2026-05-17,celio,bel,total,9.3,730,17437,final
2026-05-18,celio,bel,brand,1.2,387,1251,final
2026-05-18,celio,bel,nonbrand,9.3,151,10122,final
2026-05-18,celio,bel,total,9.3,739,17427,final
2026-05-19,celio,bel,brand,1.2,406,1307,final
2026-05-19,celio,bel,nonbrand,10.5,131,7574,final
2026-05-19,celio,bel,total,9.9,745,15098,final
2026-05-20,celio,bel,brand,1.1,368,1345,final
2026-05-20,celio,bel,nonbrand,9.4,131,7497,final
2026-05-20,celio,bel,total,9.3,715,15475,final
2026-05-21,celio,bel,brand,1.4,329,1184,final
2026-05-21,celio,bel,nonbrand,11.9,105,7879,final
2026-05-21,celio,bel,total,11.9,638,16140,final
2026-05-22,celio,bel,brand,1.3,356,1362,final
2026-05-22,celio,bel,nonbrand,10.4,121,8371,final
2026-05-22,celio,bel,total,10.6,669,16719,final
2026-05-23,celio,bel,brand,1.1,369,1474,final
2026-05-23,celio,bel,nonbrand,11.3,112,9389,final
2026-05-23,celio,bel,total,12.6,727,21103,final
2026-05-24,celio,bel,brand,2.5,296,1056,final
2026-05-24,celio,bel,nonbrand,10.9,126,8488,final
2026-05-24,celio,bel,total,10.6,617,16170,final
2026-05-25,celio,bel,brand,1.1,435,1256,final
2026-05-25,celio,bel,nonbrand,10.7,136,8601,final
2026-05-25,celio,bel,total,10.1,776,17260,final
2026-05-26,celio,bel,brand,1.3,477,1599,final
2026-05-26,celio,bel,nonbrand,10.4,187,8770,final
2026-05-26,celio,bel,total,9.9,892,17884,final
2026-05-27,celio,bel,brand,1.1,473,1454,final
2026-05-27,celio,bel,nonbrand,9.1,164,8343,final
2026-05-27,celio,bel,total,9.2,890,17411,final
2026-05-28,celio,bel,brand,1.2,423,1357,final
2026-05-28,celio,bel,nonbrand,10.0,132,8587,final
2026-05-28,celio,bel,total,10.9,812,18832,final
2026-05-29,celio,bel,brand,1.2,469,1510,final
2026-05-29,celio,bel,nonbrand,8.7,139,7978,final
2026-05-29,celio,bel,total,9.0,825,16403,final
2026-05-30,celio,bel,brand,1.2,513,1766,final
2026-05-30,celio,bel,nonbrand,8.9,129,8549,final
2026-05-30,celio,bel,total,9.4,895,18416,final
2026-05-31,celio,bel,brand,1.1,408,1227,final
2026-05-31,celio,bel,nonbrand,8.7,165,8245,final
2026-05-31,celio,bel,total,9.0,798,16815,final
2026-06-01,celio,bel,brand,1.6,454,1505,final
2026-06-01,celio,bel,nonbrand,9.7,128,8594,final
2026-06-01,celio,bel,total,9.5,833,17260,final
2026-06-02,celio,bel,brand,1.1,436,1458,final
2026-06-02,celio,bel,nonbrand,9.5,167,7489,final
2026-06-02,celio,bel,total,9.3,843,15821,final
2026-06-03,celio,bel,brand,1.3,410,1393,final
2026-06-03,celio,bel,nonbrand,8.7,154,8134,final
2026-06-03,celio,bel,total,8.7,790,16406,final
2026-06-04,celio,bel,brand,1.1,382,1410,final
2026-06-04,celio,bel,nonbrand,9.6,115,7837,final
2026-06-04,celio,bel,total,9.7,725,16280,final
2026-06-05,celio,bel,brand,1.3,411,1444,final
2026-06-05,celio,bel,nonbrand,9.6,133,7431,final
2026-06-05,celio,bel,total,9.7,721,15475,final
2026-06-06,celio,bel,brand,1.1,681,1832,final
2026-06-06,celio,bel,nonbrand,9.4,165,8460,final
2026-06-06,celio,bel,total,9.6,1150,19056,final
2026-06-07,celio,bel,brand,1.8,519,1422,final
2026-06-07,celio,bel,nonbrand,9.3,125,7505,final
2026-06-07,celio,bel,total,9.2,911,16685,final
2026-06-08,celio,bel,brand,1.7,468,1628,final
2026-06-08,celio,bel,nonbrand,8.4,140,7338,final
2026-06-08,celio,bel,total,8.7,852,16243,final
2026-06-09,celio,bel,brand,1.2,523,1547,final
2026-06-09,celio,bel,nonbrand,8.4,118,7189,final
2026-06-09,celio,bel,total,8.8,899,15657,final
2026-06-10,celio,bel,brand,1.1,599,1771,final
2026-06-10,celio,bel,nonbrand,8.5,143,7631,final
2026-06-10,celio,bel,total,8.4,1008,16430,final
2026-06-11,celio,bel,brand,1.1,572,1823,final
2026-06-11,celio,bel,nonbrand,9.3,116,8351,final
2026-06-11,celio,bel,total,9.6,963,17409,final
2026-06-12,celio,bel,brand,1.5,548,1873,final
2026-06-12,celio,bel,nonbrand,9.5,138,9289,final
2026-06-12,celio,bel,total,12.0,946,21606,final
2026-06-13,celio,bel,brand,1.1,551,1983,final
2026-06-13,celio,bel,nonbrand,9.5,122,8309,final
2026-06-13,celio,bel,total,9.6,948,18624,final
2026-06-14,celio,bel,brand,1.6,419,1303,final
2026-06-14,celio,bel,nonbrand,8.8,138,7763,final
2026-06-14,celio,bel,total,9.4,776,15936,final
2026-06-15,celio,bel,brand,1.1,509,1388,final
2026-06-15,celio,bel,nonbrand,9.7,118,6845,final
2026-06-15,celio,bel,total,9.4,852,14752,final
2026-06-16,celio,bel,brand,1.2,536,1483,final
2026-06-16,celio,bel,nonbrand,9.8,141,7425,final
2026-06-16,celio,bel,total,10.5,903,16832,final
2026-06-17,celio,bel,brand,1.1,494,1604,final
2026-06-17,celio,bel,nonbrand,9.2,132,7448,final
2026-06-17,celio,bel,total,9.4,883,16404,final
2026-06-18,celio,bel,brand,1.3,525,1532,final
2026-06-18,celio,bel,nonbrand,8.9,160,7879,final
2026-06-18,celio,bel,total,9.4,954,16503,final
2026-06-19,celio,bel,brand,1.2,711,1703,final
2026-06-19,celio,bel,nonbrand,10.1,148,8990,final
2026-06-19,celio,bel,total,10.3,1137,18481,final
2026-06-20,celio,bel,brand,1.1,670,1876,final
2026-06-20,celio,bel,nonbrand,10.7,156,9642,final
2026-06-20,celio,bel,total,11.2,1110,21089,final
2026-06-21,celio,bel,brand,1.6,535,1463,final
2026-06-21,celio,bel,nonbrand,9.8,165,8984,final
2026-06-21,celio,bel,total,9.8,963,17532,final
2026-06-22,celio,bel,brand,1.1,669,1755,final
2026-06-22,celio,bel,nonbrand,8.7,181,8464,final
2026-06-22,celio,bel,total,10.0,1114,18984,final
2026-06-23,celio,bel,brand,1.1,623,1711,final
2026-06-23,celio,bel,nonbrand,8.7,164,8062,final
2026-06-23,celio,bel,total,8.8,1057,16982,final
2026-06-24,celio,bel,brand,1.1,612,1708,final
2026-06-24,celio,bel,nonbrand,9.0,142,7860,final
2026-06-24,celio,bel,total,9.0,1003,17477,final
2026-06-25,celio,bel,brand,1.3,611,1701,final
2026-06-25,celio,bel,nonbrand,8.7,168,7783,final
2026-06-25,celio,bel,total,8.9,1034,16695,final
2026-06-26,celio,bel,brand,1.2,571,1755,final
2026-06-26,celio,bel,nonbrand,8.6,141,7321,final
2026-06-26,celio,bel,total,8.8,964,16005,final
2026-06-27,celio,bel,brand,1.3,620,1879,final
2026-06-27,celio,bel,nonbrand,9.9,143,8015,final
2026-06-27,celio,bel,total,10.8,1029,19200,final
2026-06-28,celio,bel,brand,1.1,704,1642,final
2026-06-28,celio,bel,nonbrand,9.3,179,7930,final
2026-06-28,celio,bel,total,8.9,1128,16294,final
2026-06-29,celio,bel,brand,1.1,741,2134,final
2026-06-29,celio,bel,nonbrand,9.2,159,7373,final
2026-06-29,celio,bel,total,8.6,1185,16376,final
2026-06-30,celio,bel,brand,1.2,733,2062,final
2026-06-30,celio,bel,nonbrand,10.3,134,7846,final
2026-06-30,celio,bel,total,9.4,1138,16909,final
2026-07-01,celio,bel,brand,1.1,870,2519,final
2026-07-01,celio,bel,nonbrand,10.1,146,8107,final
2026-07-01,celio,bel,total,9.1,1314,18106,final
2026-07-02,celio,bel,brand,1.2,892,2400,final
2026-07-02,celio,bel,nonbrand,9.8,155,6989,final
2026-07-02,celio,bel,total,9.0,1334,16352,final
2026-07-03,celio,bel,brand,1.3,704,2251,final
2026-07-03,celio,bel,nonbrand,10.0,144,8282,final
2026-07-03,celio,bel,total,9.5,1126,17625,final
2026-07-04,celio,bel,brand,1.1,671,2308,final
2026-07-04,celio,bel,nonbrand,9.4,137,7894,final
2026-07-04,celio,bel,total,9.3,1091,18345,final
2026-07-05,celio,bel,brand,2.2,579,2023,final
2026-07-05,celio,bel,nonbrand,9.1,175,8112,final
2026-07-05,celio,bel,total,9.1,1006,17538,final
2026-07-06,celio,bel,brand,1.3,584,2105,final
2026-07-06,celio,bel,nonbrand,11.0,148,9880,final
2026-07-06,celio,bel,total,12.9,989,23060,final
2026-07-07,celio,bel,brand,1.3,497,1628,final
2026-07-07,celio,bel,nonbrand,10.4,118,7293,final
2026-07-07,celio,bel,total,11.3,816,17639,final
2026-07-08,celio,bel,brand,1.2,542,1776,final
2026-07-08,celio,bel,nonbrand,10.7,152,7627,final
2026-07-08,celio,bel,total,9.8,962,17126,final
2026-07-09,celio,bel,brand,1.1,660,1886,final
2026-07-09,celio,bel,nonbrand,9.1,138,6880,final
2026-07-09,celio,bel,total,9.0,1079,15882,final
2026-07-10,celio,bel,brand,1.7,501,1783,final
2026-07-10,celio,bel,nonbrand,9.3,97,6541,final
2026-07-10,celio,bel,total,9.4,822,14583,final
2026-07-11,celio,bel,brand,1.2,595,2015,final
2026-07-11,celio,bel,nonbrand,9.8,141,8003,final
2026-07-11,celio,bel,total,9.8,1010,17853,final
2026-07-12,celio,bel,brand,1.2,441,1507,final
2026-07-12,celio,bel,nonbrand,9.9,131,8036,final
2026-07-12,celio,bel,total,11.2,778,17723,final
2026-07-13,celio,bel,brand,1.3,488,1713,final
2026-07-13,celio,bel,nonbrand,9.5,152,7598,final
2026-07-13,celio,bel,total,9.9,895,16267,final
2026-07-14,celio,bel,brand,2.0,424,1618,final
2026-07-14,celio,bel,nonbrand,9.5,141,7105,final
2026-07-14,celio,bel,total,10.1,815,15301,final
2026-07-15,celio,bel,brand,1.7,454,1621,final
2026-07-15,celio,bel,nonbrand,9.3,115,6857,final
2026-07-15,celio,bel,total,9.7,789,14752,final
2026-07-16,celio,bel,brand,1.4,525,1796,final
2026-07-16,celio,bel,nonbrand,10.1,114,6555,final
2026-07-16,celio,bel,total,9.6,885,14304,final
2026-07-17,celio,bel,brand,1.2,540,1857,final
2026-07-17,celio,bel,nonbrand,11.2,109,7585,final
2026-07-17,celio,bel,total,10.7,856,15435,final
2026-07-18,celio,bel,brand,1.9,662,1895,final
2026-07-18,celio,bel,nonbrand,9.7,121,7734,final
2026-07-18,celio,bel,total,9.8,1009,16425,final
2026-07-19,celio,bel,brand,1.9,370,1200,final
2026-07-19,celio,bel,nonbrand,10.0,98,6837,final
2026-07-19,celio,bel,total,10.3,634,13157,final
2026-07-20,celio,bel,brand,1.6,446,1575,final
2026-07-20,celio,bel,nonbrand,8.8,106,6076,final
2026-07-20,celio,bel,total,9.3,751,13385,final
2026-07-21,celio,bel,brand,1.6,343,1246,final
2026-07-21,celio,bel,nonbrand,9.9,105,6105,final
2026-07-21,celio,bel,total,10.3,621,12932,final
2026-07-22,celio,bel,brand,1.7,361,1338,final
2026-07-22,celio,bel,nonbrand,9.6,82,6694,final
2026-07-22,celio,bel,total,11.1,632,15127,final
2026-07-23,celio,bel,brand,1.2,377,1265,final
2026-07-23,celio,bel,nonbrand,9.7,94,7104,final
2026-07-23,celio,bel,total,10.5,662,14738,final
2026-07-24,celio,bel,brand,1.4,488,1335,final
2026-07-24,celio,bel,nonbrand,9.2,84,6534,final
2026-07-24,celio,bel,total,9.5,779,13320,final
2026-07-25,celio,bel,brand,1.1,442,1428,final
2026-07-25,celio,bel,nonbrand,10.0,105,7041,final
2026-07-25,celio,bel,total,10.7,736,15144,final
2026-07-26,celio,bel,brand,1.8,525,1158,final
2026-07-26,celio,bel,nonbrand,9.6,107,7076,final
2026-07-26,celio,bel,total,10.1,811,14239,final
2026-07-27,celio,bel,brand,1.3,511,1407,final
2026-07-27,celio,bel,nonbrand,10.5,98,7230,final
2026-07-27,celio,bel,total,11.6,835,16449,final
2026-07-28,celio,bel,brand,1.5,457,1545,final
2026-07-28,celio,bel,nonbrand,10.8,121,6985,final
2026-07-28,celio,bel,total,10.2,763,14711,final
2026-07-29,celio,bel,brand,1.7,452,1451,final
2026-07-29,celio,bel,nonbrand,9.9,112,7548,final
2026-07-29,celio,bel,total,10.1,759,15074,final
2026-07-30,celio,bel,brand,1.1,461,1532,final
2026-07-30,celio,bel,nonbrand,12.6,118,9826,final
2026-07-30,celio,bel,total,14.2,831,22152,final
2026-07-31,celio,bel,brand,1.7,533,1605,final
2026-07-31,celio,bel,nonbrand,10.9,110,7766,final
2026-07-31,celio,bel,total,10.7,861,16125,final
2026-08-01,celio,bel,brand,1.8,387,1422,final
2026-08-01,celio,bel,nonbrand,11.3,94,7665,final
2026-08-01,celio,bel,total,11.3,672,15727,final
2026-08-02,celio,bel,brand,2.7,363,1112,final
2026-08-02,celio,bel,nonbrand,10.9,98,7156,final
2026-08-02,celio,bel,total,11.2,633,14075,final
2026-08-03,celio,bel,brand,2.1,393,1235,final
2026-08-03,celio,bel,nonbrand,8.7,109,6996,final
2026-08-03,celio,bel,total,9.4,686,13618,final
2026-08-04,celio,bel,brand,1.9,374,1216,final
2026-08-04,celio,bel,nonbrand,10.1,95,7776,final
2026-08-04,celio,bel,total,10.2,653,14759,final
2026-08-05,celio,bel,brand,1.6,333,1140,final
2026-08-05,celio,bel,nonbrand,10.5,119,7074,final
2026-08-05,celio,bel,total,10.4,656,14214,final
2026-08-06,celio,bel,brand,1.7,335,1121,final
2026-08-06,celio,bel,nonbrand,10.3,99,6560,final
2026-08-06,celio,bel,total,12.4,636,15749,final
2026-08-07,celio,bel,brand,1.4,308,1116,final
2026-08-07,celio,bel,nonbrand,10.2,91,6307,final
2026-08-07,celio,bel,total,10.1,576,12818,final
2026-08-08,celio,bel,brand,1.4,321,1117,final
2026-08-08,celio,bel,nonbrand,10.1,81,6133,final
2026-08-08,celio,bel,total,9.9,589,12579,final
2026-08-09,celio,bel,brand,1.2,275,923,final
2026-08-09,celio,bel,nonbrand,11.6,82,7338,final
2026-08-09,celio,bel,total,12.7,502,14293,final
2026-08-10,celio,bel,brand,1.4,352,1107,final
2026-08-10,celio,bel,nonbrand,11.3,94,7573,final
2026-08-10,celio,bel,total,11.1,614,14653,final
2026-08-11,celio,bel,brand,1.1,300,1002,final
2026-08-11,celio,bel,nonbrand,10.7,87,6983,final
2026-08-11,celio,bel,total,12.4,582,15113,final
2026-08-12,celio,bel,brand,1.2,373,1196,final
2026-08-12,celio,bel,nonbrand,11.4,91,6382,final
2026-08-12,celio,bel,total,11.1,608,12793,final
2026-08-13,celio,bel,brand,1.2,746,2050,final
2026-08-13,celio,bel,nonbrand,11.0,110,6895,final
2026-08-13,celio,bel,total,10.8,1098,14872,final
2026-08-14,celio,bel,brand,1.5,390,1288,final
2026-08-14,celio,bel,nonbrand,10.7,82,6563,final
2026-08-14,celio,bel,total,10.5,628,13177,final
2026-08-15,celio,bel,brand,1.2,294,985,final
2026-08-15,celio,bel,nonbrand,9.9,77,6710,final
2026-08-15,celio,bel,total,10.1,543,13517,final
2026-08-16,celio,bel,brand,2.8,288,945,final
2026-08-16,celio,bel,nonbrand,11.6,85,6801,final
2026-08-16,celio,bel,total,11.0,519,12634,final
2026-08-17,celio,bel,brand,1.2,361,1266,final
2026-08-17,celio,bel,nonbrand,10.7,92,6470,final
2026-08-17,celio,bel,total,9.9,621,13037,final
2026-08-18,celio,bel,brand,1.1,369,1214,final
2026-08-18,celio,bel,nonbrand,10.9,104,6671,final
2026-08-18,celio,bel,total,10.3,662,13549,final
2026-08-19,celio,bel,brand,1.4,344,1174,final
2026-08-19,celio,bel,nonbrand,10.3,87,6884,final
2026-08-19,celio,bel,total,10.1,636,13627,final
2026-08-20,celio,bel,brand,1.3,427,1307,final
2026-08-20,celio,bel,nonbrand,10.1,97,6690,final
2026-08-20,celio,bel,total,9.8,744,13583,final
2026-08-21,celio,bel,brand,1.4,443,1360,final
2026-08-21,celio,bel,nonbrand,10.5,101,7061,final
2026-08-21,celio,bel,total,12.2,746,15911,final
2026-08-22,celio,bel,brand,1.2,517,1546,final
2026-08-22,celio,bel,nonbrand,11.1,113,8141,final
2026-08-22,celio,bel,total,11.1,830,16740,final
2026-08-23,celio,bel,brand,1.2,319,1021,final
2026-08-23,celio,bel,nonbrand,10.3,102,7681,final
2026-08-23,celio,bel,total,10.6,609,14065,final
2026-08-24,celio,bel,brand,1.3,415,1305,final
2026-08-24,celio,bel,nonbrand,11.4,87,7788,final
2026-08-24,celio,bel,total,11.7,699,15337,final
2026-08-25,celio,bel,brand,1.5,407,1349,final
2026-08-25,celio,bel,nonbrand,11.4,91,7209,final
2026-08-25,celio,bel,total,10.9,713,14540,final
2026-08-26,celio,bel,brand,1.4,394,1371,final
2026-08-26,celio,bel,nonbrand,12.9,74,7619,final
2026-08-26,celio,bel,total,13.3,650,17394,final
2026-08-27,celio,bel,brand,1.4,419,1335,final
2026-08-27,celio,bel,nonbrand,11.0,75,6767,final
2026-08-27,celio,bel,total,10.9,720,13774,final
2026-08-28,celio,bel,brand,1.3,398,1419,final
2026-08-28,celio,bel,nonbrand,11.1,107,7302,final
2026-08-28,celio,bel,total,10.4,728,14983,final
2026-08-29,celio,bel,brand,1.1,518,1589,final
2026-08-29,celio,bel,nonbrand,10.6,112,8062,final
2026-08-29,celio,bel,total,10.4,881,17265,final
2026-08-30,celio,bel,brand,1.7,427,1222,final
2026-08-30,celio,bel,nonbrand,10.7,89,7441,final
2026-08-30,celio,bel,total,10.4,723,14842,final
2026-08-31,celio,bel,brand,1.3,427,1316,final
2026-08-31,celio,bel,nonbrand,10.8,118,7333,final
2026-08-31,celio,bel,total,10.4,775,15053,final
2026-09-01,celio,bel,brand,1.4,385,1316,final
2026-09-01,celio,bel,nonbrand,10.1,108,6863,final
2026-09-01,celio,bel,total,9.8,737,14057,final
2026-09-02,celio,bel,brand,1.1,366,1281,final
2026-09-02,celio,bel,nonbrand,10.2,87,7277,final
2026-09-02,celio,bel,total,9.8,673,14387,final
2026-09-03,celio,bel,brand,1.2,317,1217,final
2026-09-03,celio,bel,nonbrand,11.6,84,8281,final
2026-09-03,celio,bel,total,12.8,596,17082,final
2026-09-04,celio,bel,brand,1.6,348,1237,final
2026-09-04,celio,bel,nonbrand,9.8,98,7085,final
2026-09-04,celio,bel,total,9.6,633,13773,final
2026-09-05,celio,bel,brand,1.1,382,1308,final
2026-09-05,celio,bel,nonbrand,9.6,85,8051,final
2026-09-05,celio,bel,total,9.7,691,15770,final
2026-09-06,celio,bel,brand,1.2,258,948,final
2026-09-06,celio,bel,nonbrand,9.4,76,6527,final
2026-09-06,celio,bel,total,9.8,490,12938,final
2026-09-07,celio,bel,brand,1.5,303,1067,final
2026-09-07,celio,bel,nonbrand,9.8,81,6484,final
2026-09-07,celio,bel,total,9.9,564,12823,final
2026-09-08,celio,bel,brand,1.5,291,1056,final
2026-09-08,celio,bel,nonbrand,10.4,101,7180,final
2026-09-08,celio,bel,total,10.3,569,13994,final
2026-09-09,celio,bel,brand,1.1,336,1205,final
2026-09-09,celio,bel,nonbrand,9.9,103,6877,final
2026-09-09,celio,bel,total,9.8,634,14242,final
2026-09-10,celio,bel,brand,1.5,326,1074,final
2026-09-10,celio,bel,nonbrand,9.9,113,7367,final
2026-09-10,celio,bel,total,12.1,643,16189,final
2026-09-11,celio,bel,brand,1.2,321,1127,final
2026-09-11,celio,bel,nonbrand,9.6,98,6856,final
2026-09-11,celio,bel,total,9.7,617,12925,final
2026-09-12,celio,bel,brand,1.1,358,1390,final
2026-09-12,celio,bel,nonbrand,9.7,84,7691,final
2026-09-12,celio,bel,total,9.9,657,15746,final
2026-09-13,celio,bel,brand,2.2,337,1029,final
2026-09-13,celio,bel,nonbrand,8.9,106,7041,final
2026-09-13,celio,bel,total,8.9,618,13516,final
2026-09-14,celio,bel,brand,1.6,284,1032,final
2026-09-14,celio,bel,nonbrand,10.3,73,6306,final
2026-09-14,celio,bel,total,9.7,517,11862,final
2026-09-15,celio,bel,brand,1.6,224,892,final
2026-09-15,celio,bel,nonbrand,10.7,67,5931,final
2026-09-15,celio,bel,total,10.1,459,10889,final
2026-09-16,celio,bel,brand,1.2,269,961,final
2026-09-16,celio,bel,nonbrand,9.2,59,5199,final
2026-09-16,celio,bel,total,9.7,486,11049,final
2026-09-17,celio,bel,brand,1.3,308,1013,final
2026-09-17,celio,bel,nonbrand,7.8,54,6789,final
2026-09-17,celio,bel,total,8.7,513,12338,final
2026-09-18,celio,bel,brand,1.2,276,973,final
2026-09-18,celio,bel,nonbrand,8.2,78,6141,final
2026-09-18,celio,bel,total,9.3,492,11380,final
2026-09-19,celio,bel,brand,1.1,392,1184,final
2026-09-19,celio,bel,nonbrand,8.3,93,6633,final
2026-09-19,celio,bel,total,9.7,670,13726,final
2026-09-20,celio,bel,brand,1.6,266,940,final
2026-09-20,celio,bel,nonbrand,8.6,92,6924,final
2026-09-20,celio,bel,total,9.3,549,12940,final
2026-09-21,celio,bel,brand,1.4,314,1040,final
2026-09-21,celio,bel,nonbrand,8.0,93,6059,final
2026-09-21,celio,bel,total,8.8,621,11660,final
2026-09-22,celio,bel,brand,1.6,363,1093,final
2026-09-22,celio,bel,nonbrand,8.7,88,6819,final
2026-09-22,celio,bel,total,9.6,657,12750,final
2026-09-23,celio,bel,brand,1.2,350,1099,final
2026-09-23,celio,bel,nonbrand,8.2,87,6851,final
2026-09-23,celio,bel,total,9.0,616,12582,final
2026-09-24,celio,bel,brand,1.1,442,1129,final
2026-09-24,celio,bel,nonbrand,8.5,86,6825,final
2026-09-24,celio,bel,total,9.9,734,13154,final
2026-09-25,celio,bel,brand,1.3,1156,2114,final
2026-09-25,celio,bel,nonbrand,8.8,88,6501,final
2026-09-25,celio,bel,total,8.2,1425,12863,final
2026-09-26,celio,bel,brand,1.3,531,1579,final
2026-09-26,celio,bel,nonbrand,8.7,111,7491,final
2026-09-26,celio,bel,total,9.5,856,15051,final
2026-09-27,celio,bel,brand,1.5,484,1127,final
2026-09-27,celio,bel,nonbrand,8.6,97,7233,final
2026-09-27,celio,bel,total,9.3,755,13389,final
2026-09-28,celio,bel,brand,1.4,613,1249,final
2026-09-28,celio,bel,nonbrand,10.3,95,7173,final
2026-09-28,celio,bel,total,9.2,903,12874,final
2026-09-29,celio,bel,brand,2.3,511,1210,final
2026-09-29,celio,bel,nonbrand,8.6,98,6896,final
2026-09-29,celio,bel,total,8.8,820,12482,final
2026-09-30,celio,bel,brand,1.5,501,1220,fresh
2026-09-30,celio,bel,nonbrand,7.3,92,5222,fresh
2026-09-30,celio,bel,total,8.7,770,12423,fresh
2026-10-01,celio,bel,brand,1.2,401,1096,fresh
2026-10-01,celio,bel,nonbrand,7.1,80,4084,fresh
2026-10-01,celio,bel,total,8.5,633,10849,fresh
2025-06-08,celio,fra,brand,2.5,4847,204732,final
2025-06-08,celio,fra,nonbrand,6.8,3224,117557,final
2025-06-08,celio,fra,total,4.0,8071,322289,final
2025-06-09,celio,fra,brand,2.7,6250,238197,final
2025-06-09,celio,fra,nonbrand,6.6,4132,134028,final
2025-06-09,celio,fra,total,4.1,10382,372225,final
2025-06-10,celio,fra,brand,2.9,5375,224634,final
2025-06-10,celio,fra,nonbrand,6.0,3743,114731,final
2025-06-10,celio,fra,total,3.9,9118,339365,final
2025-06-11,celio,fra,brand,2.7,5704,235392,final
2025-06-11,celio,fra,nonbrand,6.3,3950,126091,final
2025-06-11,celio,fra,total,4.0,9654,361483,final
2025-06-12,celio,fra,brand,2.7,5754,227862,final
2025-06-12,celio,fra,nonbrand,6.3,3835,119496,final
2025-06-12,celio,fra,total,3.9,9589,347358,final
2025-06-13,celio,fra,brand,2.6,5862,231258,final
2025-06-13,celio,fra,nonbrand,6.3,3733,115581,final
2025-06-13,celio,fra,total,3.9,9595,346839,final
2025-06-14,celio,fra,brand,2.6,6155,269523,final
2025-06-14,celio,fra,nonbrand,6.6,3874,133002,final
2025-06-14,celio,fra,total,3.9,10029,402525,final
2025-06-15,celio,fra,brand,2.4,5216,234063,final
2025-06-15,celio,fra,nonbrand,6.2,4270,137579,final
2025-06-15,celio,fra,total,3.8,9486,371642,final
2025-06-16,celio,fra,brand,2.5,6090,259524,final
2025-06-16,celio,fra,nonbrand,6.1,3669,123243,final
2025-06-16,celio,fra,total,3.7,9759,382767,final
2025-06-17,celio,fra,brand,2.6,5400,214328,final
2025-06-17,celio,fra,nonbrand,6.0,3574,124039,final
2025-06-17,celio,fra,total,3.9,8974,338367,final
2025-06-18,celio,fra,brand,2.7,5619,224767,final
2025-06-18,celio,fra,nonbrand,6.2,3811,130378,final
2025-06-18,celio,fra,total,4.0,9430,355145,final
2025-06-19,celio,fra,brand,2.6,5250,204912,final
2025-06-19,celio,fra,nonbrand,6.0,3335,119533,final
2025-06-19,celio,fra,total,3.9,8585,324445,final
2025-06-20,celio,fra,brand,2.6,5079,200476,final
2025-06-20,celio,fra,nonbrand,6.0,3248,111766,final
2025-06-20,celio,fra,total,3.9,8327,312242,final
2025-06-21,celio,fra,brand,2.8,5228,210538,final
2025-06-21,celio,fra,nonbrand,6.0,3498,116321,final
2025-06-21,celio,fra,total,3.9,8726,326859,final
2025-06-22,celio,fra,brand,2.6,4723,191868,final
2025-06-22,celio,fra,nonbrand,5.7,4215,125276,final
2025-06-22,celio,fra,total,3.8,8938,317144,final
2025-06-23,celio,fra,brand,2.6,5122,202343,final
2025-06-23,celio,fra,nonbrand,6.0,3705,116276,final
2025-06-23,celio,fra,total,3.8,8827,318619,final
2025-06-24,celio,fra,brand,2.5,6072,250155,final
2025-06-24,celio,fra,nonbrand,5.7,3800,119088,final
2025-06-24,celio,fra,total,3.6,9872,369243,final
2025-06-25,celio,fra,brand,2.2,8934,408165,final
2025-06-25,celio,fra,nonbrand,5.6,5332,157201,final
2025-06-25,celio,fra,total,3.2,14266,565366,final
2025-06-26,celio,fra,brand,2.5,5694,278812,final
2025-06-26,celio,fra,nonbrand,5.9,3816,132084,final
2025-06-26,celio,fra,total,3.6,9510,410896,final
2025-06-27,celio,fra,brand,2.6,5450,268462,final
2025-06-27,celio,fra,nonbrand,6.1,3703,129670,final
2025-06-27,celio,fra,total,3.7,9153,398132,final
2025-06-28,celio,fra,brand,2.7,5632,292274,final
2025-06-28,celio,fra,nonbrand,6.2,4172,143931,final
2025-06-28,celio,fra,total,3.8,9804,436205,final
2025-06-29,celio,fra,brand,2.5,5022,260558,final
2025-06-29,celio,fra,nonbrand,5.7,4840,152874,final
2025-06-29,celio,fra,total,3.7,9862,413432,final
2025-06-30,celio,fra,brand,2.5,5215,255558,final
2025-06-30,celio,fra,nonbrand,6.1,4585,144039,final
2025-06-30,celio,fra,total,3.8,9800,399597,final
2025-07-01,celio,fra,brand,2.5,5015,245037,final
2025-07-01,celio,fra,nonbrand,7.4,4483,139769,final
2025-07-01,celio,fra,total,4.3,9498,384806,final
2025-07-02,celio,fra,brand,2.8,5477,266595,final
2025-07-02,celio,fra,nonbrand,11.7,4245,157304,final
2025-07-02,celio,fra,total,6.1,9722,423899,final
2025-07-03,celio,fra,brand,2.8,5430,260354,final
2025-07-03,celio,fra,nonbrand,12.2,3530,142662,final
2025-07-03,celio,fra,total,6.1,8960,403016,final
2025-07-04,celio,fra,brand,2.8,5521,257657,final
2025-07-04,celio,fra,nonbrand,13.5,3202,139349,final
2025-07-04,celio,fra,total,6.6,8723,397006,final
2025-07-05,celio,fra,brand,2.9,5489,282463,final
2025-07-05,celio,fra,nonbrand,12.7,3536,158133,final
2025-07-05,celio,fra,total,6.4,9025,440596,final
2025-07-06,celio,fra,brand,3.0,4682,248631,final
2025-07-06,celio,fra,nonbrand,13.8,4120,170350,final
2025-07-06,celio,fra,total,7.4,8802,418981,final
2025-07-07,celio,fra,brand,2.8,4859,236403,final
2025-07-07,celio,fra,nonbrand,12.6,3517,144499,final
2025-07-07,celio,fra,total,6.6,8376,380902,final
2025-07-08,celio,fra,brand,2.9,4195,218873,final
2025-07-08,celio,fra,nonbrand,12.8,2988,133751,final
2025-07-08,celio,fra,total,6.7,7183,352624,final
2025-07-09,celio,fra,brand,3.2,4333,220245,final
2025-07-09,celio,fra,nonbrand,15.5,3078,136688,final
2025-07-09,celio,fra,total,7.9,7411,356933,final
2025-07-10,celio,fra,brand,3.1,4083,193265,final
2025-07-10,celio,fra,nonbrand,14.9,2814,127754,final
2025-07-10,celio,fra,total,7.8,6897,321019,final
2025-07-11,celio,fra,brand,3.2,3953,192959,final
2025-07-11,celio,fra,nonbrand,16.2,2668,129521,final
2025-07-11,celio,fra,total,8.4,6621,322480,final
2025-07-12,celio,fra,brand,2.8,4125,209138,final
2025-07-12,celio,fra,nonbrand,15.6,3043,134610,final
2025-07-12,celio,fra,total,7.8,7168,343748,final
2025-07-13,celio,fra,brand,2.8,3296,165504,final
2025-07-13,celio,fra,nonbrand,14.0,2918,125400,final
2025-07-13,celio,fra,total,7.6,6214,290904,final
2025-07-14,celio,fra,brand,2.6,4200,196043,final
2025-07-14,celio,fra,nonbrand,13.0,3238,130734,final
2025-07-14,celio,fra,total,6.8,7438,326777,final
2025-07-15,celio,fra,brand,3.0,3501,178060,final
2025-07-15,celio,fra,nonbrand,14.1,2715,120137,final
2025-07-15,celio,fra,total,7.4,6216,298197,final
2025-07-16,celio,fra,brand,2.9,3609,177619,final
2025-07-16,celio,fra,nonbrand,13.5,2684,110476,final
2025-07-16,celio,fra,total,6.9,6293,288095,final
2025-07-17,celio,fra,brand,2.8,3113,165312,final
2025-07-17,celio,fra,nonbrand,14.0,2406,105127,final
2025-07-17,celio,fra,total,7.1,5519,270439,final
2025-07-18,celio,fra,brand,2.8,3149,157686,final
2025-07-18,celio,fra,nonbrand,15.9,2195,103068,final
2025-07-18,celio,fra,total,7.9,5344,260754,final
2025-07-19,celio,fra,brand,2.8,3631,186165,final
2025-07-19,celio,fra,nonbrand,17.4,2647,120961,final
2025-07-19,celio,fra,total,8.6,6278,307126,final
2025-07-20,celio,fra,brand,2.6,3114,164254,final
2025-07-20,celio,fra,nonbrand,17.1,2999,125956,final
2025-07-20,celio,fra,total,8.9,6113,290210,final
2025-07-21,celio,fra,brand,2.7,3709,187760,final
2025-07-21,celio,fra,nonbrand,16.4,2762,115631,final
2025-07-21,celio,fra,total,7.9,6471,303391,final
2025-07-22,celio,fra,brand,2.6,3624,188071,final
2025-07-22,celio,fra,nonbrand,15.4,2552,105585,final
2025-07-22,celio,fra,total,7.2,6176,293656,final
2025-07-23,celio,fra,brand,3.1,3092,146966,final
2025-07-23,celio,fra,nonbrand,15.9,1999,95976,final
2025-07-23,celio,fra,total,8.2,5091,242942,final
2025-07-24,celio,fra,brand,3.1,2717,134476,final
2025-07-24,celio,fra,nonbrand,16.1,1750,94439,final
2025-07-24,celio,fra,total,8.5,4467,228915,final
2025-07-25,celio,fra,brand,3.1,2940,134526,final
2025-07-25,celio,fra,nonbrand,16.8,1752,98771,final
2025-07-25,celio,fra,total,8.9,4692,233297,final
2025-07-26,celio,fra,brand,3.1,2987,148008,final
2025-07-26,celio,fra,nonbrand,15.5,2054,98637,final
2025-07-26,celio,fra,total,8.1,5041,246645,final
2025-07-27,celio,fra,brand,3.0,2759,132321,final
2025-07-27,celio,fra,nonbrand,15.3,2216,105896,final
2025-07-27,celio,fra,total,8.5,4975,238217,final
2025-07-28,celio,fra,brand,3.2,3182,147295,final
2025-07-28,celio,fra,nonbrand,15.9,2219,101097,final
2025-07-28,celio,fra,total,8.3,5401,248392,final
2025-07-29,celio,fra,brand,3.1,2925,139864,final
2025-07-29,celio,fra,nonbrand,15.9,1974,97679,final
2025-07-29,celio,fra,total,8.4,4899,237543,final
2025-07-30,celio,fra,brand,3.0,3008,133994,final
2025-07-30,celio,fra,nonbrand,15.8,2046,93689,final
2025-07-30,celio,fra,total,8.2,5054,227683,final
2025-07-31,celio,fra,brand,2.8,3016,131752,final
2025-07-31,celio,fra,nonbrand,16.4,1992,97945,final
2025-07-31,celio,fra,total,8.6,5008,229697,final
2025-08-01,celio,fra,brand,3.3,3335,138516,final
2025-08-01,celio,fra,nonbrand,15.8,2144,93196,final
2025-08-01,celio,fra,total,8.3,5479,231712,final
2025-08-02,celio,fra,brand,2.9,3222,146974,final
2025-08-02,celio,fra,nonbrand,15.8,2334,98984,final
2025-08-02,celio,fra,total,8.1,5556,245958,final
2025-08-03,celio,fra,brand,3.1,2583,125787,final
2025-08-03,celio,fra,nonbrand,15.4,2290,100236,final
2025-08-03,celio,fra,total,8.5,4873,226023,final
2025-08-04,celio,fra,brand,2.8,8512,288105,final
2025-08-04,celio,fra,nonbrand,15.0,2480,104121,final
2025-08-04,celio,fra,total,6.0,10992,392226,final
2025-08-05,celio,fra,brand,2.8,9392,277809,final
2025-08-05,celio,fra,nonbrand,14.2,2381,99159,final
2025-08-05,celio,fra,total,5.8,11773,376968,final
2025-08-06,celio,fra,brand,3.1,5737,197044,final
2025-08-06,celio,fra,nonbrand,15.4,2241,102672,final
2025-08-06,celio,fra,total,7.3,7978,299716,final
2025-08-07,celio,fra,brand,3.3,4791,195422,final
2025-08-07,celio,fra,nonbrand,16.9,2094,111345,final
2025-08-07,celio,fra,total,8.2,6885,306767,final
2025-08-08,celio,fra,brand,3.2,4120,184806,final
2025-08-08,celio,fra,nonbrand,16.7,1954,104154,final
2025-08-08,celio,fra,total,8.0,6074,288960,final
2025-08-09,celio,fra,brand,3.3,4157,194411,final
2025-08-09,celio,fra,nonbrand,17.9,1964,107616,final
2025-08-09,celio,fra,total,8.5,6121,302027,final
2025-08-10,celio,fra,brand,3.1,3409,163713,final
2025-08-10,celio,fra,nonbrand,17.0,2082,110260,final
2025-08-10,celio,fra,total,8.7,5491,273973,final
2025-08-11,celio,fra,brand,3.7,4208,187233,final
2025-08-11,celio,fra,nonbrand,18.5,2313,112269,final
2025-08-11,celio,fra,total,9.2,6521,299502,final
2025-08-12,celio,fra,brand,3.3,3712,171344,final
2025-08-12,celio,fra,nonbrand,16.0,2144,98555,final
2025-08-12,celio,fra,total,7.9,5856,269899,final
2025-08-13,celio,fra,brand,3.3,3766,169531,final
2025-08-13,celio,fra,nonbrand,15.9,2081,92797,final
2025-08-13,celio,fra,total,7.7,5847,262328,final
2025-08-14,celio,fra,brand,3.3,3578,156498,final
2025-08-14,celio,fra,nonbrand,15.4,1947,89836,final
2025-08-14,celio,fra,total,7.7,5525,246334,final
2025-08-15,celio,fra,brand,3.5,3414,155005,final
2025-08-15,celio,fra,nonbrand,15.8,1824,89542,final
2025-08-15,celio,fra,total,8.0,5238,244547,final
2025-08-16,celio,fra,brand,3.4,3155,153674,final
2025-08-16,celio,fra,nonbrand,16.9,1836,93105,final
2025-08-16,celio,fra,total,8.5,4991,246779,final
2025-08-17,celio,fra,brand,3.5,2569,131029,final
2025-08-17,celio,fra,nonbrand,15.0,1975,90621,final
2025-08-17,celio,fra,total,8.2,4544,221650,final
2025-08-18,celio,fra,brand,3.1,5123,202841,final
2025-08-18,celio,fra,nonbrand,16.5,2114,100539,final
2025-08-18,celio,fra,total,7.6,7237,303380,final
2025-08-19,celio,fra,brand,3.1,5176,202220,final
2025-08-19,celio,fra,nonbrand,15.6,2050,101371,final
2025-08-19,celio,fra,total,7.3,7226,303591,final
2025-08-20,celio,fra,brand,3.0,6804,214869,final
2025-08-20,celio,fra,nonbrand,14.1,2189,102877,final
2025-08-20,celio,fra,total,6.6,8993,317746,final
2025-08-21,celio,fra,brand,3.0,4305,177724,final
2025-08-21,celio,fra,nonbrand,15.4,1930,102792,final
2025-08-21,celio,fra,total,7.6,6235,280516,final
2025-08-22,celio,fra,brand,3.3,3643,161815,final
2025-08-22,celio,fra,nonbrand,16.3,1781,95931,final
2025-08-22,celio,fra,total,8.1,5424,257746,final
2025-08-23,celio,fra,brand,3.4,3450,163770,final
2025-08-23,celio,fra,nonbrand,18.0,1858,108364,final
2025-08-23,celio,fra,total,9.2,5308,272134,final
2025-08-24,celio,fra,brand,3.2,2920,144735,final
2025-08-24,celio,fra,nonbrand,16.7,1971,108128,final
2025-08-24,celio,fra,total,8.9,4891,252863,final
2025-08-25,celio,fra,brand,3.6,3604,167561,final
2025-08-25,celio,fra,nonbrand,16.5,2075,101534,final
2025-08-25,celio,fra,total,8.5,5679,269095,final
2025-08-26,celio,fra,brand,2.9,3632,166876,final
2025-08-26,celio,fra,nonbrand,16.3,2127,108647,final
2025-08-26,celio,fra,total,8.2,5759,275523,final
2025-08-27,celio,fra,brand,3.8,4477,198110,final
2025-08-27,celio,fra,nonbrand,18.3,2163,117389,final
2025-08-27,celio,fra,total,9.2,6640,315499,final
2025-08-28,celio,fra,brand,3.7,4099,185111,final
2025-08-28,celio,fra,nonbrand,17.9,2224,118693,final
2025-08-28,celio,fra,total,9.3,6323,303804,final
2025-08-29,celio,fra,brand,3.8,4165,191913,final
2025-08-29,celio,fra,nonbrand,14.9,2094,107654,final
2025-08-29,celio,fra,total,7.8,6259,299567,final
2025-08-30,celio,fra,brand,3.5,5278,221436,final
2025-08-30,celio,fra,nonbrand,15.3,2317,115468,final
2025-08-30,celio,fra,total,7.6,7595,336904,final
2025-08-31,celio,fra,brand,4.0,4010,189216,final
2025-08-31,celio,fra,nonbrand,16.1,2412,127264,final
2025-08-31,celio,fra,total,8.9,6422,316480,final
2025-09-01,celio,fra,brand,3.8,3619,189265,final
2025-09-01,celio,fra,nonbrand,16.7,2453,122668,final
2025-09-01,celio,fra,total,8.9,6072,311933,final
2025-09-02,celio,fra,brand,3.3,3589,185947,final
2025-09-02,celio,fra,nonbrand,15.0,2440,116411,final
2025-09-02,celio,fra,total,7.8,6029,302358,final
2025-09-03,celio,fra,brand,2.9,3594,183052,final
2025-09-03,celio,fra,nonbrand,14.1,2461,111448,final
2025-09-03,celio,fra,total,7.2,6055,294500,final
2025-09-04,celio,fra,brand,2.9,3778,178568,final
2025-09-04,celio,fra,nonbrand,13.7,2429,106498,final
2025-09-04,celio,fra,total,6.9,6207,285066,final
2025-09-05,celio,fra,brand,3.1,3768,176161,final
2025-09-05,celio,fra,nonbrand,14.3,2023,102612,final
2025-09-05,celio,fra,total,7.2,5791,278773,final
2025-09-06,celio,fra,brand,3.1,3923,192172,final
2025-09-06,celio,fra,nonbrand,14.0,2264,110549,final
2025-09-06,celio,fra,total,7.1,6187,302721,final
2025-09-07,celio,fra,brand,3.1,3286,162637,final
2025-09-07,celio,fra,nonbrand,14.6,2245,115737,final
2025-09-07,celio,fra,total,7.8,5531,278374,final
2025-09-08,celio,fra,brand,3.1,3227,158611,final
2025-09-08,celio,fra,nonbrand,15.0,2084,106556,final
2025-09-08,celio,fra,total,7.9,5311,265167,final
2025-09-09,celio,fra,brand,3.1,3049,144708,final
2025-09-09,celio,fra,nonbrand,14.5,1925,98940,final
2025-09-09,celio,fra,total,7.7,4974,243648,final
2025-09-10,celio,fra,brand,3.0,3675,158003,final
2025-09-10,celio,fra,nonbrand,13.8,2103,105537,final
2025-09-10,celio,fra,total,7.3,5778,263540,final
2025-09-11,celio,fra,brand,2.9,3628,159317,final
2025-09-11,celio,fra,nonbrand,11.4,2018,95138,final
2025-09-11,celio,fra,total,6.1,5646,254455,final
2025-09-12,celio,fra,brand,3.1,3631,160973,final
2025-09-12,celio,fra,nonbrand,11.5,1940,94175,final
2025-09-12,celio,fra,total,6.2,5571,255148,final
2025-09-13,celio,fra,brand,2.8,4899,208533,final
2025-09-13,celio,fra,nonbrand,7.6,2459,103407,final
2025-09-13,celio,fra,total,4.4,7358,311940,final
2025-09-14,celio,fra,brand,2.8,4236,182247,final
2025-09-14,celio,fra,nonbrand,8.4,2666,105865,final
2025-09-14,celio,fra,total,4.9,6902,288112,final
2025-09-15,celio,fra,brand,2.9,3654,161742,final
2025-09-15,celio,fra,nonbrand,9.2,2313,89412,final
2025-09-15,celio,fra,total,5.1,5967,251154,final
2025-09-16,celio,fra,brand,2.8,3389,153567,final
2025-09-16,celio,fra,nonbrand,9.1,2083,81666,final
2025-09-16,celio,fra,total,5.0,5472,235233,final
2025-09-17,celio,fra,brand,2.9,3433,155531,final
2025-09-17,celio,fra,nonbrand,8.6,2055,82510,final
2025-09-17,celio,fra,total,4.9,5488,238041,final
2025-09-18,celio,fra,brand,3.3,2998,144378,final
2025-09-18,celio,fra,nonbrand,10.4,1984,82771,final
2025-09-18,celio,fra,total,5.9,4982,227149,final
2025-09-19,celio,fra,brand,3.3,2882,139225,final
2025-09-19,celio,fra,nonbrand,11.1,1709,79187,final
2025-09-19,celio,fra,total,6.1,4591,218412,final
2025-09-20,celio,fra,brand,3.4,3701,173953,final
2025-09-20,celio,fra,nonbrand,11.6,2070,97461,final
2025-09-20,celio,fra,total,6.3,5771,271414,final
2025-09-21,celio,fra,brand,3.3,3381,166222,final
2025-09-21,celio,fra,nonbrand,11.7,2438,119534,final
2025-09-21,celio,fra,total,6.8,5819,285756,final
2025-09-22,celio,fra,brand,3.3,3319,163588,final
2025-09-22,celio,fra,nonbrand,11.3,2246,96085,final
2025-09-22,celio,fra,total,6.2,5565,259673,final
2025-09-23,celio,fra,brand,3.3,4305,180658,final
2025-09-23,celio,fra,nonbrand,10.2,2475,97457,final
2025-09-23,celio,fra,total,5.8,6780,278115,final
2025-09-24,celio,fra,brand,3.0,4767,205046,final
2025-09-24,celio,fra,nonbrand,7.9,2983,117911,final
2025-09-24,celio,fra,total,4.8,7750,322957,final
2025-09-25,celio,fra,brand,3.2,3928,176388,final
2025-09-25,celio,fra,nonbrand,8.4,2724,103177,final
2025-09-25,celio,fra,total,5.1,6652,279565,final
2025-09-26,celio,fra,brand,3.1,4300,184630,final
2025-09-26,celio,fra,nonbrand,7.9,2599,99520,final
2025-09-26,celio,fra,total,4.7,6899,284150,final
2025-09-27,celio,fra,brand,3.0,4931,224424,final
2025-09-27,celio,fra,nonbrand,7.4,3021,110261,final
2025-09-27,celio,fra,total,4.4,7952,334685,final
2025-09-28,celio,fra,brand,3.1,3878,188033,final
2025-09-28,celio,fra,nonbrand,7.6,3237,118178,final
2025-09-28,celio,fra,total,4.8,7115,306211,final
2025-09-29,celio,fra,brand,2.8,3819,177870,final
2025-09-29,celio,fra,nonbrand,8.2,2549,101023,final
2025-09-29,celio,fra,total,4.7,6368,278893,final
2025-09-30,celio,fra,brand,2.8,3359,161876,final
2025-09-30,celio,fra,nonbrand,8.7,2411,94914,final
2025-09-30,celio,fra,total,5.0,5770,256790,final
2025-10-01,celio,fra,brand,2.8,3815,173757,final
2025-10-01,celio,fra,nonbrand,9.1,2351,94016,final
2025-10-01,celio,fra,total,5.0,6166,267773,final
2025-10-02,celio,fra,brand,2.9,3708,190776,final
2025-10-02,celio,fra,nonbrand,8.0,2342,91970,final
2025-10-02,celio,fra,total,4.5,6050,282746,final
2025-10-03,celio,fra,brand,2.9,3811,198843,final
2025-10-03,celio,fra,nonbrand,8.6,2365,91970,final
2025-10-03,celio,fra,total,4.7,6176,290813,final
2025-10-04,celio,fra,brand,2.8,4698,246857,final
2025-10-04,celio,fra,nonbrand,7.3,3245,105818,final
2025-10-04,celio,fra,total,4.2,7943,352675,final
2025-10-05,celio,fra,brand,2.9,3638,202719,final
2025-10-05,celio,fra,nonbrand,7.8,3264,118317,final
2025-10-05,celio,fra,total,4.7,6902,321036,final
2025-10-06,celio,fra,brand,2.8,3461,194784,final
2025-10-06,celio,fra,nonbrand,8.4,2612,103600,final
2025-10-06,celio,fra,total,4.7,6073,298384,final
2025-10-07,celio,fra,brand,3.2,2908,180960,final
2025-10-07,celio,fra,nonbrand,8.6,2469,91372,final
2025-10-07,celio,fra,total,5.0,5377,272332,final
2025-10-08,celio,fra,brand,2.7,4041,203359,final
2025-10-08,celio,fra,nonbrand,8.1,2381,92118,final
2025-10-08,celio,fra,total,4.4,6422,295477,final
2025-10-09,celio,fra,brand,3.0,3273,184403,final
2025-10-09,celio,fra,nonbrand,9.9,2107,98322,final
2025-10-09,celio,fra,total,5.4,5380,282725,final
2025-10-10,celio,fra,brand,3.2,3531,191867,final
2025-10-10,celio,fra,nonbrand,10.3,2078,94395,final
2025-10-10,celio,fra,total,5.6,5609,286262,final
2025-10-11,celio,fra,brand,3.2,3887,230774,final
2025-10-11,celio,fra,nonbrand,8.8,2315,100564,final
2025-10-11,celio,fra,total,4.9,6202,331338,final
2025-10-12,celio,fra,brand,3.2,2843,188020,final
2025-10-12,celio,fra,nonbrand,9.0,2526,107563,final
2025-10-12,celio,fra,total,5.3,5369,295583,final
2025-10-13,celio,fra,brand,3.0,3865,168846,final
2025-10-13,celio,fra,nonbrand,9.8,2279,98797,final
2025-10-13,celio,fra,total,5.5,6144,267643,final
2025-10-14,celio,fra,brand,3.4,2756,153832,final
2025-10-14,celio,fra,nonbrand,9.5,2031,94398,final
2025-10-14,celio,fra,total,5.7,4787,248230,final
2025-10-15,celio,fra,brand,2.9,2902,168811,final
2025-10-15,celio,fra,nonbrand,9.4,2110,103022,final
2025-10-15,celio,fra,total,5.4,5012,271833,final
2025-10-16,celio,fra,brand,5.0,2728,169189,final
2025-10-16,celio,fra,nonbrand,13.1,1946,102225,final
2025-10-16,celio,fra,total,8.0,4674,271414,final
2025-10-17,celio,fra,brand,3.1,2516,154999,final
2025-10-17,celio,fra,nonbrand,9.5,1905,87420,final
2025-10-17,celio,fra,total,5.4,4421,242419,final
2025-10-18,celio,fra,brand,2.9,3242,190024,final
2025-10-18,celio,fra,nonbrand,7.8,2277,101469,final
2025-10-18,celio,fra,total,4.6,5519,291493,final
2025-10-19,celio,fra,brand,2.8,2893,173731,final
2025-10-19,celio,fra,nonbrand,7.5,2663,112269,final
2025-10-19,celio,fra,total,4.7,5556,286000,final
2025-10-20,celio,fra,brand,2.9,2877,176792,final
2025-10-20,celio,fra,nonbrand,7.6,2667,111955,final
2025-10-20,celio,fra,total,4.7,5544,288747,final
2025-10-21,celio,fra,brand,2.8,2615,161933,final
2025-10-21,celio,fra,nonbrand,8.5,2298,99041,final
2025-10-21,celio,fra,total,5.0,4913,260974,final
2025-10-22,celio,fra,brand,3.0,3088,174746,final
2025-10-22,celio,fra,nonbrand,9.0,2376,95744,final
2025-10-22,celio,fra,total,5.1,5464,270490,final
2025-10-23,celio,fra,brand,2.8,3086,172983,final
2025-10-23,celio,fra,nonbrand,7.9,2517,100416,final
2025-10-23,celio,fra,total,4.7,5603,273399,final
2025-10-24,celio,fra,brand,3.1,2990,175477,final
2025-10-24,celio,fra,nonbrand,8.6,2404,106365,final
2025-10-24,celio,fra,total,5.2,5394,281842,final
2025-10-25,celio,fra,brand,2.8,3559,195287,final
2025-10-25,celio,fra,nonbrand,8.0,2670,106330,final
2025-10-25,celio,fra,total,4.6,6229,301617,final
2025-10-26,celio,fra,brand,2.9,3001,184433,final
2025-10-26,celio,fra,nonbrand,8.6,3124,118616,final
2025-10-26,celio,fra,total,5.1,6125,303049,final
2025-10-27,celio,fra,brand,2.9,3496,194577,final
2025-10-27,celio,fra,nonbrand,8.0,3015,110838,final
2025-10-27,celio,fra,total,4.8,6511,305415,final
2025-10-28,celio,fra,brand,3.0,3162,180943,final
2025-10-28,celio,fra,nonbrand,8.3,2545,100343,final
2025-10-28,celio,fra,total,4.9,5707,281286,final
2025-10-29,celio,fra,brand,2.7,3609,192179,final
2025-10-29,celio,fra,nonbrand,8.5,2734,109782,final
2025-10-29,celio,fra,total,4.8,6343,301961,final
2025-10-30,celio,fra,brand,2.7,4569,191456,final
2025-10-30,celio,fra,nonbrand,9.0,2524,99142,final
2025-10-30,celio,fra,total,4.9,7093,290598,final
2025-10-31,celio,fra,brand,2.9,4643,177497,final
2025-10-31,celio,fra,nonbrand,9.6,2248,93305,final
2025-10-31,celio,fra,total,5.2,6891,270802,final
2025-11-01,celio,fra,brand,2.6,5886,222414,final
2025-11-01,celio,fra,nonbrand,7.8,2810,111931,final
2025-11-01,celio,fra,total,4.3,8696,334345,final
2025-11-02,celio,fra,brand,2.5,5111,200973,final
2025-11-02,celio,fra,nonbrand,7.6,3157,125285,final
2025-11-02,celio,fra,total,4.5,8268,326258,final
2025-11-03,celio,fra,brand,2.7,4849,188765,final
2025-11-03,celio,fra,nonbrand,8.2,2739,105797,final
2025-11-03,celio,fra,total,4.7,7588,294562,final
2025-11-04,celio,fra,brand,3.0,4398,177023,final
2025-11-04,celio,fra,nonbrand,9.1,2448,106950,final
2025-11-04,celio,fra,total,5.3,6846,283973,final
2025-11-05,celio,fra,brand,2.7,5151,192825,final
2025-11-05,celio,fra,nonbrand,8.4,2635,103318,final
2025-11-05,celio,fra,total,4.7,7786,296143,final
2025-11-06,celio,fra,brand,2.7,4775,187834,final
2025-11-06,celio,fra,nonbrand,7.5,2490,105971,final
2025-11-06,celio,fra,total,4.4,7265,293805,final
2025-11-07,celio,fra,brand,2.8,4955,190700,final
2025-11-07,celio,fra,nonbrand,7.3,2494,104853,final
2025-11-07,celio,fra,total,4.4,7449,295553,final
2025-11-08,celio,fra,brand,2.8,7230,253680,final
2025-11-08,celio,fra,nonbrand,6.9,3132,119025,final
2025-11-08,celio,fra,total,4.1,10362,372705,final
2025-11-09,celio,fra,brand,2.6,6681,240250,final
2025-11-09,celio,fra,nonbrand,7.7,3630,134568,final
2025-11-09,celio,fra,total,4.4,10311,374818,final
2025-11-10,celio,fra,brand,2.6,6743,244847,final
2025-11-10,celio,fra,nonbrand,7.5,3185,125413,final
2025-11-10,celio,fra,total,4.3,9928,370260,final
2025-11-11,celio,fra,brand,2.5,6939,256474,final
2025-11-11,celio,fra,nonbrand,6.8,3821,138638,final
2025-11-11,celio,fra,total,4.0,10760,395112,final
2025-11-12,celio,fra,brand,2.6,5128,199998,final
2025-11-12,celio,fra,nonbrand,7.0,2990,111287,final
2025-11-12,celio,fra,total,4.2,8118,311285,final
2025-11-13,celio,fra,brand,2.7,5309,191644,final
2025-11-13,celio,fra,nonbrand,7.2,2535,100941,final
2025-11-13,celio,fra,total,4.2,7844,292585,final
2025-11-14,celio,fra,brand,2.5,7090,228687,final
2025-11-14,celio,fra,nonbrand,7.2,2906,107596,final
2025-11-14,celio,fra,total,4.0,9996,336283,final
2025-11-15,celio,fra,brand,2.6,8163,277421,final
2025-11-15,celio,fra,nonbrand,6.6,3530,124122,final
2025-11-15,celio,fra,total,3.8,11693,401543,final
2025-11-16,celio,fra,brand,2.4,7699,256688,final
2025-11-16,celio,fra,nonbrand,6.7,4286,146543,final
2025-11-16,celio,fra,total,4.0,11985,403231,final
2025-11-17,celio,fra,brand,2.4,8378,257936,final
2025-11-17,celio,fra,nonbrand,7.2,3883,128463,final
2025-11-17,celio,fra,total,4.0,12261,386399,final
2025-11-18,celio,fra,brand,2.5,7939,262129,final
2025-11-18,celio,fra,nonbrand,7.1,3910,132329,final
2025-11-18,celio,fra,total,4.0,11849,394458,final
2025-11-19,celio,fra,brand,2.5,13959,418469,final
2025-11-19,celio,fra,nonbrand,6.6,4602,137197,final
2025-11-19,celio,fra,total,3.5,18561,555666,final
2025-11-20,celio,fra,brand,2.4,14189,407963,final
2025-11-20,celio,fra,nonbrand,7.1,5061,145259,final
2025-11-20,celio,fra,total,3.7,19250,553222,final
2025-11-21,celio,fra,brand,2.4,13225,370783,final
2025-11-21,celio,fra,nonbrand,6.9,5310,153133,final
2025-11-21,celio,fra,total,3.7,18535,523916,final
2025-11-22,celio,fra,brand,2.5,16575,464013,final
2025-11-22,celio,fra,nonbrand,6.9,6399,188210,final
2025-11-22,celio,fra,total,3.7,22974,652223,final
2025-11-23,celio,fra,brand,2.5,15700,433174,final
2025-11-23,celio,fra,nonbrand,6.6,7444,207051,final
2025-11-23,celio,fra,total,3.8,23144,640225,final
2025-11-24,celio,fra,brand,2.5,13148,384222,final
2025-11-24,celio,fra,nonbrand,6.3,5617,158733,final
2025-11-24,celio,fra,total,3.6,18765,542955,final
2025-11-25,celio,fra,brand,2.5,10561,406560,final
2025-11-25,celio,fra,nonbrand,6.4,4589,139229,final
2025-11-25,celio,fra,total,3.5,15150,545789,final
2025-11-26,celio,fra,brand,2.6,10102,423509,final
2025-11-26,celio,fra,nonbrand,6.9,5339,157073,final
2025-11-26,celio,fra,total,3.8,15441,580582,final
2025-11-27,celio,fra,brand,2.5,10418,445556,final
2025-11-27,celio,fra,nonbrand,7.1,4961,153915,final
2025-11-27,celio,fra,total,3.7,15379,599471,final
2025-11-28,celio,fra,brand,2.6,12627,537555,final
2025-11-28,celio,fra,nonbrand,6.8,5713,174468,final
2025-11-28,celio,fra,total,3.7,18340,712023,final
2025-11-29,celio,fra,brand,2.7,12630,548870,final
2025-11-29,celio,fra,nonbrand,6.2,5741,170882,final
2025-11-29,celio,fra,total,3.6,18371,719752,final
2025-11-30,celio,fra,brand,2.6,11720,522139,final
2025-11-30,celio,fra,nonbrand,6.3,6675,194189,final
2025-11-30,celio,fra,total,3.6,18395,716328,final
2025-12-01,celio,fra,brand,2.7,9530,423630,final
2025-12-01,celio,fra,nonbrand,6.6,5094,153848,final
2025-12-01,celio,fra,total,3.7,14624,577478,final
2025-12-02,celio,fra,brand,2.6,8433,347480,final
2025-12-02,celio,fra,nonbrand,7.1,5175,146776,final
2025-12-02,celio,fra,total,3.9,13608,494256,final
2025-12-03,celio,fra,brand,2.6,8460,359374,final
2025-12-03,celio,fra,nonbrand,6.8,5454,148978,final
2025-12-03,celio,fra,total,3.8,13914,508352,final
2025-12-04,celio,fra,brand,2.8,8792,357753,final
2025-12-04,celio,fra,nonbrand,7.3,5129,145276,final
2025-12-04,celio,fra,total,4.1,13921,503029,final
2025-12-05,celio,fra,brand,2.9,10030,370210,final
2025-12-05,celio,fra,nonbrand,7.6,5053,136875,final
2025-12-05,celio,fra,total,4.2,15083,507085,final
2025-12-06,celio,fra,brand,2.8,10586,423798,final
2025-12-06,celio,fra,nonbrand,6.5,5494,156894,final
2025-12-06,celio,fra,total,3.8,16080,580692,final
2025-12-07,celio,fra,brand,2.7,10474,438009,final
2025-12-07,celio,fra,nonbrand,6.4,6679,180154,final
2025-12-07,celio,fra,total,3.8,17153,618163,final
2025-12-08,celio,fra,brand,2.7,9626,386887,final
2025-12-08,celio,fra,nonbrand,7.1,5944,152214,final
2025-12-08,celio,fra,total,3.9,15570,539101,final
2025-12-09,celio,fra,brand,3.2,9320,370382,final
2025-12-09,celio,fra,nonbrand,9.4,5131,154692,final
2025-12-09,celio,fra,total,5.0,14451,525074,final
2025-12-10,celio,fra,brand,2.7,9242,378352,final
2025-12-10,celio,fra,nonbrand,8.0,4837,151008,final
2025-12-10,celio,fra,total,4.2,14079,529360,final
2025-12-11,celio,fra,brand,2.6,9219,349428,final
2025-12-11,celio,fra,nonbrand,7.5,4713,134091,final
2025-12-11,celio,fra,total,4.0,13932,483519,final
2025-12-12,celio,fra,brand,2.8,8776,333889,final
2025-12-12,celio,fra,nonbrand,8.4,4304,132211,final
2025-12-12,celio,fra,total,4.4,13080,466100,final
2025-12-13,celio,fra,brand,2.8,10516,413594,final
2025-12-13,celio,fra,nonbrand,7.4,5075,150537,final
2025-12-13,celio,fra,total,4.0,15591,564131,final
2025-12-14,celio,fra,brand,2.8,10707,432061,final
2025-12-14,celio,fra,nonbrand,7.0,5973,167058,final
2025-12-14,celio,fra,total,4.0,16680,599119,final
2025-12-15,celio,fra,brand,2.8,10405,384880,final
2025-12-15,celio,fra,nonbrand,7.7,5316,142064,final
2025-12-15,celio,fra,total,4.1,15721,526944,final
2025-12-16,celio,fra,brand,2.7,9570,353125,final
2025-12-16,celio,fra,nonbrand,7.4,4795,128645,final
2025-12-16,celio,fra,total,4.0,14365,481770,final
2025-12-17,celio,fra,brand,2.7,9962,368580,final
2025-12-17,celio,fra,nonbrand,6.3,4466,120291,final
2025-12-17,celio,fra,total,3.6,14428,488871,final
2025-12-18,celio,fra,brand,2.8,8836,333547,final
2025-12-18,celio,fra,nonbrand,8.6,3813,129338,final
2025-12-18,celio,fra,total,4.4,12649,462885,final
2025-12-19,celio,fra,brand,2.7,9208,331780,final
2025-12-19,celio,fra,nonbrand,8.6,3558,115128,final
2025-12-19,celio,fra,total,4.2,12766,446908,final
2025-12-20,celio,fra,brand,2.7,10958,408469,final
2025-12-20,celio,fra,nonbrand,7.0,3949,126818,final
2025-12-20,celio,fra,total,3.7,14907,535287,final
2025-12-21,celio,fra,brand,2.7,10678,391011,final
2025-12-21,celio,fra,nonbrand,7.5,3870,126490,final
2025-12-21,celio,fra,total,3.9,14548,517501,final
2025-12-22,celio,fra,brand,2.8,11632,407101,final
2025-12-22,celio,fra,nonbrand,9.2,3646,121761,final
2025-12-22,celio,fra,total,4.3,15278,528862,final
2025-12-23,celio,fra,brand,2.8,10572,370281,final
2025-12-23,celio,fra,nonbrand,8.0,3116,107471,final
2025-12-23,celio,fra,total,4.0,13688,477752,final
2025-12-24,celio,fra,brand,2.8,7120,273223,final
2025-12-24,celio,fra,nonbrand,7.6,2142,95211,final
2025-12-24,celio,fra,total,4.0,9262,368434,final
2025-12-25,celio,fra,brand,2.7,8118,283544,final
2025-12-25,celio,fra,nonbrand,7.1,2814,106184,final
2025-12-25,celio,fra,total,3.9,10932,389728,final
2025-12-26,celio,fra,brand,2.7,10654,374726,final
2025-12-26,celio,fra,nonbrand,7.8,3307,108767,final
2025-12-26,celio,fra,total,3.8,13961,483493,final
2025-12-27,celio,fra,brand,2.8,8604,311577,final
2025-12-27,celio,fra,nonbrand,7.4,2907,101613,final
2025-12-27,celio,fra,total,3.9,11511,413190,final
2025-12-28,celio,fra,brand,2.7,7163,287073,final
2025-12-28,celio,fra,nonbrand,7.7,2785,99759,final
2025-12-28,celio,fra,total,4.0,9948,386832,final
2025-12-29,celio,fra,brand,2.8,8119,341922,final
2025-12-29,celio,fra,nonbrand,8.1,2847,98401,final
2025-12-29,celio,fra,total,4.0,10966,440323,final
2025-12-30,celio,fra,brand,2.8,7834,323330,final
2025-12-30,celio,fra,nonbrand,8.0,2735,92788,final
2025-12-30,celio,fra,total,4.0,10569,416118,final
2025-12-31,celio,fra,brand,2.8,5380,241321,final
2025-12-31,celio,fra,nonbrand,8.9,1795,86483,final
2025-12-31,celio,fra,total,4.4,7175,327804,final
2026-01-01,celio,fra,brand,2.7,4420,214719,final
2026-01-01,celio,fra,nonbrand,9.7,2035,92940,final
2026-01-01,celio,fra,total,4.8,6455,307659,final
2026-01-02,celio,fra,brand,2.7,6486,316648,final
2026-01-02,celio,fra,nonbrand,7.9,2442,94172,final
2026-01-02,celio,fra,total,3.9,8928,410820,final
2026-01-03,celio,fra,brand,2.8,6940,327895,final
2026-01-03,celio,fra,nonbrand,7.4,2614,97811,final
2026-01-03,celio,fra,total,3.9,9554,425706,final
2026-01-04,celio,fra,brand,2.8,5353,232339,final
2026-01-04,celio,fra,nonbrand,8.0,2550,98676,final
2026-01-04,celio,fra,total,4.4,7903,331015,final
2026-01-05,celio,fra,brand,3.0,5430,229210,final
2026-01-05,celio,fra,nonbrand,8.9,2372,92150,final
2026-01-05,celio,fra,total,4.7,7802,321360,final
2026-01-06,celio,fra,brand,2.8,7031,294010,final
2026-01-06,celio,fra,nonbrand,7.7,2588,87611,final
2026-01-06,celio,fra,total,3.9,9619,381621,final
2026-01-07,celio,fra,brand,2.6,13896,511426,final
2026-01-07,celio,fra,nonbrand,8.6,4441,148590,final
2026-01-07,celio,fra,total,3.9,18337,660016,final
2026-01-08,celio,fra,brand,2.8,8062,322917,final
2026-01-08,celio,fra,nonbrand,9.0,2883,117088,final
2026-01-08,celio,fra,total,4.4,10945,440005,final
2026-01-09,celio,fra,brand,2.9,7445,307933,final
2026-01-09,celio,fra,nonbrand,9.5,2498,111525,final
2026-01-09,celio,fra,total,4.6,9943,419458,final
2026-01-10,celio,fra,brand,2.9,10188,460338,final
2026-01-10,celio,fra,nonbrand,8.0,3226,129138,final
2026-01-10,celio,fra,total,4.0,13414,589476,final
2026-01-11,celio,fra,brand,2.8,7929,357461,final
2026-01-11,celio,fra,nonbrand,7.6,3367,124741,final
2026-01-11,celio,fra,total,4.0,11296,482202,final
2026-01-12,celio,fra,brand,2.9,6777,274853,final
2026-01-12,celio,fra,nonbrand,8.5,2742,105784,final
2026-01-12,celio,fra,total,4.4,9519,380637,final
2026-01-13,celio,fra,brand,2.8,5684,242542,final
2026-01-13,celio,fra,nonbrand,8.2,2438,94912,final
2026-01-13,celio,fra,total,4.3,8122,337454,final
2026-01-14,celio,fra,brand,2.8,6347,263178,final
2026-01-14,celio,fra,nonbrand,8.1,2496,98713,final
2026-01-14,celio,fra,total,4.3,8843,361891,final
2026-01-15,celio,fra,brand,2.8,5255,222963,final
2026-01-15,celio,fra,nonbrand,8.6,2190,81427,final
2026-01-15,celio,fra,total,4.4,7445,304390,final
2026-01-16,celio,fra,brand,2.9,5539,220861,final
2026-01-16,celio,fra,nonbrand,9.7,2091,96060,final
2026-01-16,celio,fra,total,4.9,7630,316921,final
2026-01-17,celio,fra,brand,2.8,7295,302770,final
2026-01-17,celio,fra,nonbrand,7.4,2801,100863,final
2026-01-17,celio,fra,total,3.9,10096,403633,final
2026-01-18,celio,fra,brand,2.8,5510,237661,final
2026-01-18,celio,fra,nonbrand,8.3,2612,103889,final
2026-01-18,celio,fra,total,4.5,8122,341550,final
2026-01-19,celio,fra,brand,2.9,5353,204419,final
2026-01-19,celio,fra,nonbrand,9.7,2270,90680,final
2026-01-19,celio,fra,total,5.0,7623,295099,final
2026-01-20,celio,fra,brand,2.9,4561,181678,final
2026-01-20,celio,fra,nonbrand,10.2,1950,80762,final
2026-01-20,celio,fra,total,5.2,6511,262440,final
2026-01-21,celio,fra,brand,2.9,5574,200277,final
2026-01-21,celio,fra,nonbrand,10.7,2060,89533,final
2026-01-21,celio,fra,total,5.3,7634,289810,final
2026-01-22,celio,fra,brand,2.9,4821,185811,final
2026-01-22,celio,fra,nonbrand,12.2,1906,97578,final
2026-01-22,celio,fra,total,6.1,6727,283389,final
2026-01-23,celio,fra,brand,3.0,4775,191239,final
2026-01-23,celio,fra,nonbrand,11.4,1825,79907,final
2026-01-23,celio,fra,total,5.5,6600,271146,final
2026-01-24,celio,fra,brand,2.9,6053,254490,final
2026-01-24,celio,fra,nonbrand,8.8,2342,96513,final
2026-01-24,celio,fra,total,4.5,8395,351003,final
2026-01-25,celio,fra,brand,2.9,5141,216578,final
2026-01-25,celio,fra,nonbrand,9.2,2520,100433,final
2026-01-25,celio,fra,total,4.9,7661,317011,final
2026-01-26,celio,fra,brand,3.0,5048,194966,final
2026-01-26,celio,fra,nonbrand,10.8,2188,87458,final
2026-01-26,celio,fra,total,5.4,7236,282424,final
2026-01-27,celio,fra,brand,3.1,4793,186222,final
2026-01-27,celio,fra,nonbrand,10.8,1965,84605,final
2026-01-27,celio,fra,total,5.5,6758,270827,final
2026-01-28,celio,fra,brand,3.2,5093,202271,final
2026-01-28,celio,fra,nonbrand,9.7,2053,80685,final
2026-01-28,celio,fra,total,5.0,7146,282956,final
2026-01-29,celio,fra,brand,3.0,4884,185932,final
2026-01-29,celio,fra,nonbrand,10.7,1997,78738,final
2026-01-29,celio,fra,total,5.3,6881,264670,final
2026-01-30,celio,fra,brand,3.0,4904,203924,final
2026-01-30,celio,fra,nonbrand,11.1,1852,83666,final
2026-01-30,celio,fra,total,5.4,6756,287590,final
2026-01-31,celio,fra,brand,3.1,6271,260394,final
2026-01-31,celio,fra,nonbrand,11.0,2395,109601,final
2026-01-31,celio,fra,total,5.4,8666,369995,final
2026-02-01,celio,fra,brand,3.0,5767,214259,final
2026-02-01,celio,fra,nonbrand,9.5,2734,106605,final
2026-02-01,celio,fra,total,5.1,8501,320864,final
2026-02-02,celio,fra,brand,3.5,5567,207665,final
2026-02-02,celio,fra,nonbrand,11.2,2374,96150,final
2026-02-02,celio,fra,total,6.0,7941,303815,final
2026-02-03,celio,fra,brand,3.0,5709,204676,final
2026-02-03,celio,fra,nonbrand,9.7,2269,86798,final
2026-02-03,celio,fra,total,5.0,7978,291474,final
2026-02-04,celio,fra,brand,3.4,5578,192193,final
2026-02-04,celio,fra,nonbrand,12.7,2164,91593,final
2026-02-04,celio,fra,total,6.4,7742,283786,final
2026-02-05,celio,fra,brand,3.7,4373,157462,final
2026-02-05,celio,fra,nonbrand,14.4,1957,108908,final
2026-02-05,celio,fra,total,8.1,6330,266370,final
2026-02-06,celio,fra,brand,3.9,4317,159147,final
2026-02-06,celio,fra,nonbrand,13.8,1866,85504,final
2026-02-06,celio,fra,total,7.4,6183,244651,final
2026-02-07,celio,fra,brand,3.5,5370,188023,final
2026-02-07,celio,fra,nonbrand,11.1,2251,90223,final
2026-02-07,celio,fra,total,5.9,7621,278246,final
2026-02-08,celio,fra,brand,4.3,4396,171680,final
2026-02-08,celio,fra,nonbrand,13.7,2479,105964,final
2026-02-08,celio,fra,total,7.9,6875,277644,final
2026-02-09,celio,fra,brand,3.7,4304,163883,final
2026-02-09,celio,fra,nonbrand,13.5,2212,97719,final
2026-02-09,celio,fra,total,7.4,6516,261602,final
2026-02-10,celio,fra,brand,3.4,4149,143796,final
2026-02-10,celio,fra,nonbrand,14.9,2144,91889,final
2026-02-10,celio,fra,total,7.9,6293,235685,final
2026-02-11,celio,fra,brand,3.4,5181,176420,final
2026-02-11,celio,fra,nonbrand,13.3,1819,87870,final
2026-02-11,celio,fra,total,6.7,7000,264290,final
2026-02-12,celio,fra,brand,4.2,4829,165032,final
2026-02-12,celio,fra,nonbrand,15.6,1667,80266,final
2026-02-12,celio,fra,total,7.9,6496,245298,final
2026-02-13,celio,fra,brand,3.6,4632,154452,final
2026-02-13,celio,fra,nonbrand,14.4,1581,76363,final
2026-02-13,celio,fra,total,7.2,6213,230815,final
2026-02-14,celio,fra,brand,3.8,5998,191302,final
2026-02-14,celio,fra,nonbrand,14.2,1871,89972,final
2026-02-14,celio,fra,total,7.1,7869,281274,final
2026-02-15,celio,fra,brand,4.3,5168,159460,final
2026-02-15,celio,fra,nonbrand,14.0,2043,93248,final
2026-02-15,celio,fra,total,7.9,7211,252708,final
2026-02-16,celio,fra,brand,4.3,4255,146029,final
2026-02-16,celio,fra,nonbrand,15.2,1683,89482,final
2026-02-16,celio,fra,total,8.5,5938,235511,final
2026-02-17,celio,fra,brand,4.0,3794,126508,final
2026-02-17,celio,fra,nonbrand,14.6,1498,77121,final
2026-02-17,celio,fra,total,8.0,5292,203629,final
2026-02-18,celio,fra,brand,4.4,3575,125230,final
2026-02-18,celio,fra,nonbrand,13.9,1510,79624,final
2026-02-18,celio,fra,total,8.1,5085,204854,final
2026-02-19,celio,fra,brand,3.9,3496,121330,final
2026-02-19,celio,fra,nonbrand,15.2,1448,72188,final
2026-02-19,celio,fra,total,8.1,4944,193518,final
2026-02-20,celio,fra,brand,3.8,3417,125479,final
2026-02-20,celio,fra,nonbrand,14.6,1457,77344,final
2026-02-20,celio,fra,total,7.9,4874,202823,final
2026-02-21,celio,fra,brand,4.1,3932,148242,final
2026-02-21,celio,fra,nonbrand,14.3,1439,79957,final
2026-02-21,celio,fra,total,7.6,5371,228199,final
2026-02-22,celio,fra,brand,4.3,3599,130095,final
2026-02-22,celio,fra,nonbrand,14.1,1731,89987,final
2026-02-22,celio,fra,total,8.3,5330,220082,final
2026-02-23,celio,fra,brand,4.3,3864,133456,final
2026-02-23,celio,fra,nonbrand,15.8,1565,80836,final
2026-02-23,celio,fra,total,8.7,5429,214292,final
2026-02-24,celio,fra,brand,4.3,3410,124197,final
2026-02-24,celio,fra,nonbrand,17.0,1480,84217,final
2026-02-24,celio,fra,total,9.4,4890,208414,final
2026-02-25,celio,fra,brand,4.8,3506,130215,final
2026-02-25,celio,fra,nonbrand,17.0,1390,86334,final
2026-02-25,celio,fra,total,9.7,4896,216549,final
2026-02-26,celio,fra,brand,4.2,3320,118697,final
2026-02-26,celio,fra,nonbrand,13.9,1411,75621,final
2026-02-26,celio,fra,total,8.0,4731,194318,final
2026-02-27,celio,fra,brand,3.8,3834,129492,final
2026-02-27,celio,fra,nonbrand,14.9,1553,82360,final
2026-02-27,celio,fra,total,8.1,5387,211852,final
2026-02-28,celio,fra,brand,4.1,4345,157887,final
2026-02-28,celio,fra,nonbrand,15.8,1838,100453,final
2026-02-28,celio,fra,total,8.6,6183,258340,final
2026-03-01,celio,fra,brand,3.5,3546,126982,final
2026-03-01,celio,fra,nonbrand,13.9,2042,94600,final
2026-03-01,celio,fra,total,8.0,5588,221582,final
2026-03-02,celio,fra,brand,4.0,4693,170674,final
2026-03-02,celio,fra,nonbrand,16.0,1768,98927,final
2026-03-02,celio,fra,total,8.4,6461,269601,final
2026-03-03,celio,fra,brand,4.1,4716,169227,final
2026-03-03,celio,fra,nonbrand,16.5,1653,93329,final
2026-03-03,celio,fra,total,8.5,6369,262556,final
2026-03-04,celio,fra,brand,3.7,5090,169770,final
2026-03-04,celio,fra,nonbrand,11.3,1860,81696,final
2026-03-04,celio,fra,total,6.2,6950,251466,final
2026-03-05,celio,fra,brand,4.3,4652,165839,final
2026-03-05,celio,fra,nonbrand,12.4,1601,82307,final
2026-03-05,celio,fra,total,7.0,6253,248146,final
2026-03-06,celio,fra,brand,3.7,4620,155884,final
2026-03-06,celio,fra,nonbrand,11.8,1604,80802,final
2026-03-06,celio,fra,total,6.5,6224,236686,final
2026-03-07,celio,fra,brand,4.0,5355,188807,final
2026-03-07,celio,fra,nonbrand,12.3,1966,95249,final
2026-03-07,celio,fra,total,6.8,7321,284056,final
2026-03-08,celio,fra,brand,4.5,3985,150425,final
2026-03-08,celio,fra,nonbrand,12.3,1978,100887,final
2026-03-08,celio,fra,total,7.6,5963,251312,final
2026-03-09,celio,fra,brand,3.9,4396,186389,final
2026-03-09,celio,fra,nonbrand,12.1,2014,95432,final
2026-03-09,celio,fra,total,6.7,6410,281821,final
2026-03-10,celio,fra,brand,3.7,4229,206179,final
2026-03-10,celio,fra,nonbrand,12.5,1801,83866,final
2026-03-10,celio,fra,total,6.3,6030,290045,final
2026-03-11,celio,fra,brand,4.0,4306,158719,final
2026-03-11,celio,fra,nonbrand,10.8,1882,82487,final
2026-03-11,celio,fra,total,6.3,6188,241206,final
2026-03-12,celio,fra,brand,4.1,4032,151407,final
2026-03-12,celio,fra,nonbrand,11.2,1763,80112,final
2026-03-12,celio,fra,total,6.6,5795,231519,final
2026-03-13,celio,fra,brand,3.4,4330,168493,final
2026-03-13,celio,fra,nonbrand,10.4,1735,78177,final
2026-03-13,celio,fra,total,5.7,6065,246670,final
2026-03-14,celio,fra,brand,3.3,5583,200852,final
2026-03-14,celio,fra,nonbrand,10.3,2258,91736,final
2026-03-14,celio,fra,total,5.5,7841,292588,final
2026-03-15,celio,fra,brand,3.8,4347,161045,final
2026-03-15,celio,fra,nonbrand,10.9,2026,90122,final
2026-03-15,celio,fra,total,6.3,6373,251167,final
2026-03-16,celio,fra,brand,3.1,12167,311288,final
2026-03-16,celio,fra,nonbrand,10.7,2081,84749,final
2026-03-16,celio,fra,total,4.7,14248,396037,final
2026-03-17,celio,fra,brand,3.1,11076,284939,final
2026-03-17,celio,fra,nonbrand,11.9,1921,85921,final
2026-03-17,celio,fra,total,5.1,12997,370860,final
2026-03-18,celio,fra,brand,2.9,10571,280863,final
2026-03-18,celio,fra,nonbrand,11.0,2129,92194,final
2026-03-18,celio,fra,total,4.9,12700,373057,final
2026-03-19,celio,fra,brand,3.1,8973,250051,final
2026-03-19,celio,fra,nonbrand,11.0,1809,85694,final
2026-03-19,celio,fra,total,5.1,10782,335745,final
2026-03-20,celio,fra,brand,3.3,8555,232128,final
2026-03-20,celio,fra,nonbrand,10.9,1719,83464,final
2026-03-20,celio,fra,total,5.3,10274,315592,final
2026-03-21,celio,fra,brand,3.0,9554,254458,final
2026-03-21,celio,fra,nonbrand,9.6,2231,98468,final
2026-03-21,celio,fra,total,4.8,11785,352926,final
2026-03-22,celio,fra,brand,3.1,7870,210247,final
2026-03-22,celio,fra,nonbrand,10.5,2424,106274,final
2026-03-22,celio,fra,total,5.6,10294,316521,final
2026-03-23,celio,fra,brand,3.2,6746,189954,final
2026-03-23,celio,fra,nonbrand,11.1,2101,87968,final
2026-03-23,celio,fra,total,5.7,8847,277922,final
2026-03-24,celio,fra,brand,3.0,6840,187340,final
2026-03-24,celio,fra,nonbrand,10.0,2011,78264,final
2026-03-24,celio,fra,total,5.1,8851,265604,final
2026-03-25,celio,fra,brand,3.0,7649,229394,final
2026-03-25,celio,fra,nonbrand,9.2,2196,81717,final
2026-03-25,celio,fra,total,4.6,9845,311111,final
2026-03-26,celio,fra,brand,3.1,6008,179146,final
2026-03-26,celio,fra,nonbrand,10.9,1892,75962,final
2026-03-26,celio,fra,total,5.4,7900,255108,final
2026-03-27,celio,fra,brand,3.0,5992,180229,final
2026-03-27,celio,fra,nonbrand,10.0,1820,73573,final
2026-03-27,celio,fra,total,5.0,7812,253802,final
2026-03-28,celio,fra,brand,2.9,7661,232658,final
2026-03-28,celio,fra,nonbrand,8.8,2383,88562,final
2026-03-28,celio,fra,total,4.6,10044,321220,final
2026-03-29,celio,fra,brand,3.1,6744,195452,final
2026-03-29,celio,fra,nonbrand,9.9,2376,94503,final
2026-03-29,celio,fra,total,5.3,9120,289955,final
2026-03-30,celio,fra,brand,3.0,5735,178283,final
2026-03-30,celio,fra,nonbrand,9.9,2134,82285,final
2026-03-30,celio,fra,total,5.2,7869,260568,final
2026-03-31,celio,fra,brand,3.0,5099,168322,final
2026-03-31,celio,fra,nonbrand,13.0,2024,87283,final
2026-03-31,celio,fra,total,6.4,7123,255605,final
2026-04-01,celio,fra,brand,2.9,6019,209812,final
2026-04-01,celio,fra,nonbrand,9.8,2189,79853,final
2026-04-01,celio,fra,total,4.8,8208,289665,final
2026-04-02,celio,fra,brand,2.7,6055,208687,final
2026-04-02,celio,fra,nonbrand,9.9,1832,77097,final
2026-04-02,celio,fra,total,4.7,7887,285784,final
2026-04-03,celio,fra,brand,2.9,5214,190892,final
2026-04-03,celio,fra,nonbrand,10.6,1877,79006,final
2026-04-03,celio,fra,total,5.2,7091,269898,final
2026-04-04,celio,fra,brand,2.8,6199,230571,final
2026-04-04,celio,fra,nonbrand,9.0,2103,85270,final
2026-04-04,celio,fra,total,4.5,8302,315841,final
2026-04-05,celio,fra,brand,2.9,4936,191204,final
2026-04-05,celio,fra,nonbrand,9.6,2266,88376,final
2026-04-05,celio,fra,total,5.0,7202,279580,final
2026-04-06,celio,fra,brand,2.9,5466,201062,final
2026-04-06,celio,fra,nonbrand,8.7,2436,93148,final
2026-04-06,celio,fra,total,4.7,7902,294210,final
2026-04-07,celio,fra,brand,2.9,5497,171224,final
2026-04-07,celio,fra,nonbrand,9.8,2260,85619,final
2026-04-07,celio,fra,total,5.2,7757,256843,final
2026-04-08,celio,fra,brand,3.1,5512,171815,final
2026-04-08,celio,fra,nonbrand,9.7,2294,89012,final
2026-04-08,celio,fra,total,5.3,7806,260827,final
2026-04-09,celio,fra,brand,3.3,4472,157673,final
2026-04-09,celio,fra,nonbrand,10.0,2037,82253,final
2026-04-09,celio,fra,total,5.6,6509,239926,final
2026-04-10,celio,fra,brand,2.8,4509,158590,final
2026-04-10,celio,fra,nonbrand,9.4,2042,79235,final
2026-04-10,celio,fra,total,5.0,6551,237825,final
2026-04-11,celio,fra,brand,2.8,5777,206089,final
2026-04-11,celio,fra,nonbrand,9.5,2475,93457,final
2026-04-11,celio,fra,total,4.9,8252,299546,final
2026-04-12,celio,fra,brand,3.1,5030,175491,final
2026-04-12,celio,fra,nonbrand,10.0,2534,98977,final
2026-04-12,celio,fra,total,5.6,7564,274468,final
2026-04-13,celio,fra,brand,3.1,4764,169065,final
2026-04-13,celio,fra,nonbrand,10.0,2190,87958,final
2026-04-13,celio,fra,total,5.5,6954,257023,final
2026-04-14,celio,fra,brand,3.0,4325,153578,final
2026-04-14,celio,fra,nonbrand,10.1,1898,75922,final
2026-04-14,celio,fra,total,5.3,6223,229500,final
2026-04-15,celio,fra,brand,3.0,5000,172196,final
2026-04-15,celio,fra,nonbrand,10.5,1860,74395,final
2026-04-15,celio,fra,total,5.2,6860,246591,final
2026-04-16,celio,fra,brand,3.1,4908,163823,final
2026-04-16,celio,fra,nonbrand,10.2,1784,71121,final
2026-04-16,celio,fra,total,5.2,6692,234944,final
2026-04-17,celio,fra,brand,3.0,4803,165534,final
2026-04-17,celio,fra,nonbrand,9.8,1852,72192,final
2026-04-17,celio,fra,total,5.0,6655,237726,final
2026-04-18,celio,fra,brand,2.8,5367,190822,final
2026-04-18,celio,fra,nonbrand,9.6,2142,80548,final
2026-04-18,celio,fra,total,4.8,7509,271370,final
2026-04-19,celio,fra,brand,2.9,4636,170367,final
2026-04-19,celio,fra,nonbrand,9.6,2391,86710,final
2026-04-19,celio,fra,total,5.2,7027,257077,final
2026-04-20,celio,fra,brand,3.0,5179,168979,final
2026-04-20,celio,fra,nonbrand,10.6,2206,81690,final
2026-04-20,celio,fra,total,5.5,7385,250669,final
2026-04-21,celio,fra,brand,2.9,4813,160385,final
2026-04-21,celio,fra,nonbrand,9.6,2152,77412,final
2026-04-21,celio,fra,total,5.1,6965,237797,final
2026-04-22,celio,fra,brand,2.9,4891,161869,final
2026-04-22,celio,fra,nonbrand,10.0,1941,76454,final
2026-04-22,celio,fra,total,5.2,6832,238323,final
2026-04-23,celio,fra,brand,2.9,4992,158432,final
2026-04-23,celio,fra,nonbrand,9.6,1844,70275,final
2026-04-23,celio,fra,total,5.0,6836,228707,final
2026-04-24,celio,fra,brand,3.1,5357,181007,final
2026-04-24,celio,fra,nonbrand,9.8,1900,78008,final
2026-04-24,celio,fra,total,5.1,7257,259015,final
2026-04-25,celio,fra,brand,3.0,6919,209146,final
2026-04-25,celio,fra,nonbrand,9.6,2150,82443,final
2026-04-25,celio,fra,total,4.8,9069,291589,final
2026-04-26,celio,fra,brand,2.9,6705,184131,final
2026-04-26,celio,fra,nonbrand,10.8,2462,91238,final
2026-04-26,celio,fra,total,5.5,9167,275369,final
2026-04-27,celio,fra,brand,3.0,5968,187606,final
2026-04-27,celio,fra,nonbrand,9.7,2143,82544,final
2026-04-27,celio,fra,total,5.0,8111,270150,final
2026-04-28,celio,fra,brand,3.0,5594,178100,final
2026-04-28,celio,fra,nonbrand,10.1,2103,81810,final
2026-04-28,celio,fra,total,5.2,7697,259910,final
2026-04-29,celio,fra,brand,2.9,5955,189036,final
2026-04-29,celio,fra,nonbrand,8.9,2258,81513,final
2026-04-29,celio,fra,total,4.7,8213,270549,final
2026-04-30,celio,fra,brand,2.8,5010,167798,final
2026-04-30,celio,fra,nonbrand,10.5,1984,81030,final
2026-04-30,celio,fra,total,5.3,6994,248828,final
2026-05-01,celio,fra,brand,2.9,5158,181460,final
2026-05-01,celio,fra,nonbrand,8.9,2452,84795,final
2026-05-01,celio,fra,total,4.8,7610,266255,final
2026-05-02,celio,fra,brand,2.9,6361,228107,final
2026-05-02,celio,fra,nonbrand,8.4,2764,88575,final
2026-05-02,celio,fra,total,4.4,9125,316682,final
2026-05-03,celio,fra,brand,2.9,6267,198103,final
2026-05-03,celio,fra,nonbrand,8.3,2893,94080,final
2026-05-03,celio,fra,total,4.6,9160,292183,final
2026-05-04,celio,fra,brand,3.0,5402,178984,final
2026-05-04,celio,fra,nonbrand,10.3,2550,91413,final
2026-05-04,celio,fra,total,5.5,7952,270397,final
2026-05-05,celio,fra,brand,3.0,5257,173310,final
2026-05-05,celio,fra,nonbrand,10.4,2329,85792,final
2026-05-05,celio,fra,total,5.4,7586,259102,final
2026-05-06,celio,fra,brand,3.1,5676,175194,final
2026-05-06,celio,fra,nonbrand,9.3,2207,80704,final
2026-05-06,celio,fra,total,5.0,7883,255898,final
2026-05-07,celio,fra,brand,3.1,5221,175219,final
2026-05-07,celio,fra,nonbrand,9.7,1931,83612,final
2026-05-07,celio,fra,total,5.2,7152,258831,final
2026-05-08,celio,fra,brand,2.9,6517,212477,final
2026-05-08,celio,fra,nonbrand,9.7,2247,87902,final
2026-05-08,celio,fra,total,4.9,8764,300379,final
2026-05-09,celio,fra,brand,2.9,6055,208213,final
2026-05-09,celio,fra,nonbrand,9.5,2255,85431,final
2026-05-09,celio,fra,total,4.8,8310,293644,final
2026-05-10,celio,fra,brand,2.9,5728,176465,final
2026-05-10,celio,fra,nonbrand,8.6,2675,92249,final
2026-05-10,celio,fra,total,4.9,8403,268714,final
2026-05-11,celio,fra,brand,3.0,5485,176346,final
2026-05-11,celio,fra,nonbrand,9.3,2333,79752,final
2026-05-11,celio,fra,total,5.0,7818,256098,final
2026-05-12,celio,fra,brand,3.0,5554,176943,final
2026-05-12,celio,fra,nonbrand,10.4,2047,74987,final
2026-05-12,celio,fra,total,5.2,7601,251930,final
2026-05-13,celio,fra,brand,2.9,5913,184856,final
2026-05-13,celio,fra,nonbrand,11.8,1988,81190,final
2026-05-13,celio,fra,total,5.6,7901,266046,final
2026-05-14,celio,fra,brand,2.7,7246,225573,final
2026-05-14,celio,fra,nonbrand,8.2,2444,83655,final
2026-05-14,celio,fra,total,4.2,9690,309228,final
2026-05-15,celio,fra,brand,2.7,6430,207019,final
2026-05-15,celio,fra,nonbrand,6.1,2336,76449,final
2026-05-15,celio,fra,total,3.6,8766,283468,final
2026-05-16,celio,fra,brand,2.7,6429,206430,final
2026-05-16,celio,fra,nonbrand,6.1,2294,78917,final
2026-05-16,celio,fra,total,3.6,8723,285347,final
2026-05-17,celio,fra,brand,2.6,6018,185104,final
2026-05-17,celio,fra,nonbrand,5.9,2372,78627,final
2026-05-17,celio,fra,total,3.6,8390,263731,final
2026-05-18,celio,fra,brand,2.7,5906,175336,final
2026-05-18,celio,fra,nonbrand,6.6,2089,73453,final
2026-05-18,celio,fra,total,3.8,7995,248789,final
2026-05-19,celio,fra,brand,2.7,5824,177232,final
2026-05-19,celio,fra,nonbrand,6.7,2040,70458,final
2026-05-19,celio,fra,total,3.8,7864,247690,final
2026-05-20,celio,fra,brand,2.7,5786,182078,final
2026-05-20,celio,fra,nonbrand,6.6,2220,77011,final
2026-05-20,celio,fra,total,3.9,8006,259089,final
2026-05-21,celio,fra,brand,2.8,5413,174658,final
2026-05-21,celio,fra,nonbrand,6.5,2200,77201,final
2026-05-21,celio,fra,total,3.9,7613,251859,final
2026-05-22,celio,fra,brand,2.7,5876,185333,final
2026-05-22,celio,fra,nonbrand,5.8,2263,80666,final
2026-05-22,celio,fra,total,3.6,8139,265999,final
2026-05-23,celio,fra,brand,2.6,6354,207670,final
2026-05-23,celio,fra,nonbrand,5.8,2875,94061,final
2026-05-23,celio,fra,total,3.6,9229,301731,final
2026-05-24,celio,fra,brand,2.7,6003,187608,final
2026-05-24,celio,fra,nonbrand,6.9,3154,106878,final
2026-05-24,celio,fra,total,4.2,9157,294486,final
2026-05-25,celio,fra,brand,2.7,8148,251435,final
2026-05-25,celio,fra,nonbrand,5.8,4167,117328,final
2026-05-25,celio,fra,total,3.7,12315,368763,final
2026-05-26,celio,fra,brand,2.8,7345,224768,final
2026-05-26,celio,fra,nonbrand,6.1,3868,110022,final
2026-05-26,celio,fra,total,3.8,11213,334790,final
2026-05-27,celio,fra,brand,2.7,8081,232423,final
2026-05-27,celio,fra,nonbrand,5.8,3786,105924,final
2026-05-27,celio,fra,total,3.7,11867,338347,final
2026-05-28,celio,fra,brand,2.7,7360,217008,final
2026-05-28,celio,fra,nonbrand,6.0,3452,99997,final
2026-05-28,celio,fra,total,3.8,10812,317005,final
2026-05-29,celio,fra,brand,2.7,6757,217424,final
2026-05-29,celio,fra,nonbrand,6.1,3286,94403,final
2026-05-29,celio,fra,total,3.7,10043,311827,final
2026-05-30,celio,fra,brand,2.7,6983,230038,final
2026-05-30,celio,fra,nonbrand,6.0,3080,96199,final
2026-05-30,celio,fra,total,3.7,10063,326237,final
2026-05-31,celio,fra,brand,2.7,6861,209531,final
2026-05-31,celio,fra,nonbrand,5.9,3592,103647,final
2026-05-31,celio,fra,total,3.7,10453,313178,final
2026-06-01,celio,fra,brand,2.7,7015,226545,final
2026-06-01,celio,fra,nonbrand,6.6,3342,98823,final
2026-06-01,celio,fra,total,3.9,10357,325368,final
2026-06-02,celio,fra,brand,2.7,6289,203469,final
2026-06-02,celio,fra,nonbrand,6.1,2818,88309,final
2026-06-02,celio,fra,total,3.7,9107,291778,final
2026-06-03,celio,fra,brand,2.7,6647,217009,final
2026-06-03,celio,fra,nonbrand,6.3,2797,93164,final
2026-06-03,celio,fra,total,3.8,9444,310173,final
2026-06-04,celio,fra,brand,2.7,6109,199296,final
2026-06-04,celio,fra,nonbrand,7.1,2466,88242,final
2026-06-04,celio,fra,total,4.0,8575,287538,final
2026-06-05,celio,fra,brand,2.7,6092,198521,final
2026-06-05,celio,fra,nonbrand,6.6,2348,83488,final
2026-06-05,celio,fra,total,3.8,8440,282009,final
2026-06-06,celio,fra,brand,2.6,7054,236530,final
2026-06-06,celio,fra,nonbrand,6.4,2703,92142,final
2026-06-06,celio,fra,total,3.7,9757,328672,final
2026-06-07,celio,fra,brand,2.8,6378,222397,final
2026-06-07,celio,fra,nonbrand,6.1,2891,101460,final
2026-06-07,celio,fra,total,3.8,9269,323857,final
2026-06-08,celio,fra,brand,2.8,6422,216917,final
2026-06-08,celio,fra,nonbrand,6.0,2833,90794,final
2026-06-08,celio,fra,total,3.7,9255,307711,final
2026-06-09,celio,fra,brand,2.7,6515,210078,final
2026-06-09,celio,fra,nonbrand,6.0,2597,84473,final
2026-06-09,celio,fra,total,3.7,9112,294551,final
2026-06-10,celio,fra,brand,2.6,7819,241362,final
2026-06-10,celio,fra,nonbrand,6.1,2536,86035,final
2026-06-10,celio,fra,total,3.5,10355,327397,final
2026-06-11,celio,fra,brand,2.6,6768,217369,final
2026-06-11,celio,fra,nonbrand,6.1,2427,78568,final
2026-06-11,celio,fra,total,3.5,9195,295937,final
2026-06-12,celio,fra,brand,2.6,6291,205729,final
2026-06-12,celio,fra,nonbrand,6.2,2358,78824,final
2026-06-12,celio,fra,total,3.6,8649,284553,final
2026-06-13,celio,fra,brand,2.7,7248,235375,final
2026-06-13,celio,fra,nonbrand,5.9,2727,88808,final
2026-06-13,celio,fra,total,3.5,9975,324183,final
2026-06-14,celio,fra,brand,2.6,6801,217912,final
2026-06-14,celio,fra,nonbrand,5.7,3123,96962,final
2026-06-14,celio,fra,total,3.6,9924,314874,final
2026-06-15,celio,fra,brand,2.6,8985,288206,final
2026-06-15,celio,fra,nonbrand,5.7,3141,91942,final
2026-06-15,celio,fra,total,3.4,12126,380148,final
2026-06-16,celio,fra,brand,2.7,7836,247434,final
2026-06-16,celio,fra,nonbrand,6.1,2800,86856,final
2026-06-16,celio,fra,total,3.6,10636,334290,final
2026-06-17,celio,fra,brand,2.6,8204,265803,final
2026-06-17,celio,fra,nonbrand,5.9,3244,95094,final
2026-06-17,celio,fra,total,3.5,11448,360897,final
2026-06-18,celio,fra,brand,2.6,7893,251711,final
2026-06-18,celio,fra,nonbrand,5.7,3255,89870,final
2026-06-18,celio,fra,total,3.4,11148,341581,final
2026-06-19,celio,fra,brand,2.7,8317,258796,final
2026-06-19,celio,fra,nonbrand,6.3,3105,90227,final
2026-06-19,celio,fra,total,3.6,11422,349023,final
2026-06-20,celio,fra,brand,2.6,9134,299689,final
2026-06-20,celio,fra,nonbrand,6.0,3383,96078,final
2026-06-20,celio,fra,total,3.5,12517,395767,final
2026-06-21,celio,fra,brand,2.7,7443,240976,final
2026-06-21,celio,fra,nonbrand,5.9,3796,101923,final
2026-06-21,celio,fra,total,3.6,11239,342899,final
2026-06-22,celio,fra,brand,2.7,6752,227613,final
2026-06-22,celio,fra,nonbrand,6.2,3352,94423,final
2026-06-22,celio,fra,total,3.7,10104,322036,final
2026-06-23,celio,fra,brand,2.6,8720,294167,final
2026-06-23,celio,fra,nonbrand,5.8,3364,92230,final
2026-06-23,celio,fra,total,3.4,12084,386397,final
2026-06-24,celio,fra,brand,2.5,13887,504497,final
2026-06-24,celio,fra,nonbrand,5.4,4901,122947,final
2026-06-24,celio,fra,total,3.1,18788,627444,final
2026-06-25,celio,fra,brand,2.7,8754,315055,final
2026-06-25,celio,fra,nonbrand,5.9,3452,100618,final
2026-06-25,celio,fra,total,3.4,12206,415673,final
2026-06-26,celio,fra,brand,2.6,8271,290669,final
2026-06-26,celio,fra,nonbrand,6.2,3252,95477,final
2026-06-26,celio,fra,total,3.5,11523,386146,final
2026-06-27,celio,fra,brand,2.6,9842,355649,final
2026-06-27,celio,fra,nonbrand,5.6,3849,109077,final
2026-06-27,celio,fra,total,3.3,13691,464726,final
2026-06-28,celio,fra,brand,2.6,9054,328909,final
2026-06-28,celio,fra,nonbrand,5.9,4027,112099,final
2026-06-28,celio,fra,total,3.4,13081,441008,final
2026-06-29,celio,fra,brand,2.6,8585,305661,final
2026-06-29,celio,fra,nonbrand,6.0,3676,99950,final
2026-06-29,celio,fra,total,3.5,12261,405611,final
2026-06-30,celio,fra,brand,2.7,7504,280280,final
2026-06-30,celio,fra,nonbrand,6.0,3184,95432,final
2026-06-30,celio,fra,total,3.5,10688,375712,final
2026-07-01,celio,fra,brand,2.6,8077,298372,final
2026-07-01,celio,fra,nonbrand,6.4,3190,101622,final
2026-07-01,celio,fra,total,3.6,11267,399994,final
2026-07-02,celio,fra,brand,2.7,7833,296734,final
2026-07-02,celio,fra,nonbrand,6.1,2870,91386,final
2026-07-02,celio,fra,total,3.5,10703,388120,final
2026-07-03,celio,fra,brand,2.6,7629,280661,final
2026-07-03,celio,fra,nonbrand,6.4,2488,88248,final
2026-07-03,celio,fra,total,3.5,10117,368909,final
2026-07-04,celio,fra,brand,2.6,8149,313639,final
2026-07-04,celio,fra,nonbrand,6.5,2879,96575,final
2026-07-04,celio,fra,total,3.5,11028,410214,final
2026-07-05,celio,fra,brand,2.6,6780,265744,final
2026-07-05,celio,fra,nonbrand,5.9,3269,99627,final
2026-07-05,celio,fra,total,3.5,10049,365371,final
2026-07-06,celio,fra,brand,2.7,7013,266475,final
2026-07-06,celio,fra,nonbrand,6.1,3227,93237,final
2026-07-06,celio,fra,total,3.6,10240,359712,final
2026-07-07,celio,fra,brand,2.6,6809,246549,final
2026-07-07,celio,fra,nonbrand,6.8,2798,95998,final
2026-07-07,celio,fra,total,3.8,9607,342547,final
2026-07-08,celio,fra,brand,2.7,6912,256123,final
2026-07-08,celio,fra,nonbrand,6.2,2873,96366,final
2026-07-08,celio,fra,total,3.6,9785,352489,final
2026-07-09,celio,fra,brand,2.6,7101,250931,final
2026-07-09,celio,fra,nonbrand,6.3,2466,83013,final
2026-07-09,celio,fra,total,3.5,9567,333944,final
2026-07-10,celio,fra,brand,2.6,7232,252088,final
2026-07-10,celio,fra,nonbrand,6.6,2337,81547,final
2026-07-10,celio,fra,total,3.6,9569,333635,final
2026-07-11,celio,fra,brand,2.6,7424,268671,final
2026-07-11,celio,fra,nonbrand,6.5,2789,93308,final
2026-07-11,celio,fra,total,3.6,10213,361979,final
2026-07-12,celio,fra,brand,2.5,6287,221208,final
2026-07-12,celio,fra,nonbrand,6.4,2751,90079,final
2026-07-12,celio,fra,total,3.7,9038,311287,final
2026-07-13,celio,fra,brand,2.6,6810,235284,final
2026-07-13,celio,fra,nonbrand,6.3,2456,79878,final
2026-07-13,celio,fra,total,3.6,9266,315162,final
2026-07-14,celio,fra,brand,2.5,6245,215813,final
2026-07-14,celio,fra,nonbrand,6.6,2350,80381,final
2026-07-14,celio,fra,total,3.6,8595,296194,final
2026-07-15,celio,fra,brand,2.5,5649,204538,final
2026-07-15,celio,fra,nonbrand,6.4,2205,75499,final
2026-07-15,celio,fra,total,3.6,7854,280037,final
2026-07-16,celio,fra,brand,2.6,6263,219553,final
2026-07-16,celio,fra,nonbrand,6.6,2284,79205,final
2026-07-16,celio,fra,total,3.6,8547,298758,final
2026-07-17,celio,fra,brand,2.7,6497,226515,final
2026-07-17,celio,fra,nonbrand,6.8,2058,74480,final
2026-07-17,celio,fra,total,3.7,8555,300995,final
2026-07-18,celio,fra,brand,2.7,6637,243088,final
2026-07-18,celio,fra,nonbrand,6.5,2373,82242,final
2026-07-18,celio,fra,total,3.6,9010,325330,final
2026-07-19,celio,fra,brand,2.6,5239,192476,final
2026-07-19,celio,fra,nonbrand,6.4,2319,79762,final
2026-07-19,celio,fra,total,3.7,7558,272238,final
2026-07-20,celio,fra,brand,2.6,5748,205919,final
2026-07-20,celio,fra,nonbrand,6.3,2141,75559,final
2026-07-20,celio,fra,total,3.6,7889,281478,final
2026-07-21,celio,fra,brand,2.6,5639,201554,final
2026-07-21,celio,fra,nonbrand,6.8,2090,75991,final
2026-07-21,celio,fra,total,3.8,7729,277545,final
2026-07-22,celio,fra,brand,2.7,5272,182778,final
2026-07-22,celio,fra,nonbrand,6.5,1969,71855,final
2026-07-22,celio,fra,total,3.8,7241,254633,final
2026-07-23,celio,fra,brand,2.6,4959,171364,final
2026-07-23,celio,fra,nonbrand,7.8,1791,69259,final
2026-07-23,celio,fra,total,4.1,6750,240623,final
2026-07-24,celio,fra,brand,2.7,4661,169294,final
2026-07-24,celio,fra,nonbrand,7.0,1667,66397,final
2026-07-24,celio,fra,total,3.9,6328,235691,final
2026-07-25,celio,fra,brand,2.8,5401,194395,final
2026-07-25,celio,fra,nonbrand,8.2,1842,76400,final
2026-07-25,celio,fra,total,4.3,7243,270795,final
2026-07-26,celio,fra,brand,2.8,5268,175062,final
2026-07-26,celio,fra,nonbrand,7.8,2076,78382,final
2026-07-26,celio,fra,total,4.3,7344,253444,final
2026-07-27,celio,fra,brand,2.7,6424,202193,final
2026-07-27,celio,fra,nonbrand,8.6,1912,76544,final
2026-07-27,celio,fra,total,4.3,8336,278737,final
2026-07-28,celio,fra,brand,2.7,5871,197288,final
2026-07-28,celio,fra,nonbrand,9.2,2012,80814,final
2026-07-28,celio,fra,total,4.6,7883,278102,final
2026-07-29,celio,fra,brand,2.9,4982,173265,final
2026-07-29,celio,fra,nonbrand,8.1,2048,71825,final
2026-07-29,celio,fra,total,4.5,7030,245090,final
2026-07-30,celio,fra,brand,2.8,4756,165788,final
2026-07-30,celio,fra,nonbrand,8.7,1783,71406,final
2026-07-30,celio,fra,total,4.6,6539,237194,final
2026-07-31,celio,fra,brand,2.8,4561,159357,final
2026-07-31,celio,fra,nonbrand,9.6,1745,74458,final
2026-07-31,celio,fra,total,5.0,6306,233815,final
2026-08-01,celio,fra,brand,2.9,4956,173837,final
2026-08-01,celio,fra,nonbrand,9.2,1874,76028,final
2026-08-01,celio,fra,total,4.8,6830,249865,final
2026-08-02,celio,fra,brand,2.8,4344,153100,final
2026-08-02,celio,fra,nonbrand,8.4,2057,77463,final
2026-08-02,celio,fra,total,4.7,6401,230563,final
2026-08-03,celio,fra,brand,2.7,4793,164650,final
2026-08-03,celio,fra,nonbrand,7.3,1973,68263,final
2026-08-03,celio,fra,total,4.1,6766,232913,final
2026-08-04,celio,fra,brand,2.8,4748,162432,final
2026-08-04,celio,fra,nonbrand,9.9,1833,79538,final
2026-08-04,celio,fra,total,5.1,6581,241970,final
2026-08-05,celio,fra,brand,3.1,4446,159477,final
2026-08-05,celio,fra,nonbrand,8.9,1742,74050,final
2026-08-05,celio,fra,total,4.9,6188,233527,final
2026-08-06,celio,fra,brand,3.2,4285,156862,final
2026-08-06,celio,fra,nonbrand,9.6,1739,75167,final
2026-08-06,celio,fra,total,5.2,6024,232029,final
2026-08-07,celio,fra,brand,2.9,4024,143879,final
2026-08-07,celio,fra,nonbrand,8.6,1591,70827,final
2026-08-07,celio,fra,total,4.8,5615,214706,final
2026-08-08,celio,fra,brand,2.9,4037,143731,final
2026-08-08,celio,fra,nonbrand,8.9,1608,69790,final
2026-08-08,celio,fra,total,4.9,5645,213521,final
2026-08-09,celio,fra,brand,2.9,3300,127806,final
2026-08-09,celio,fra,nonbrand,9.4,1687,73460,final
2026-08-09,celio,fra,total,5.3,4987,201266,final
2026-08-10,celio,fra,brand,3.1,4083,151400,final
2026-08-10,celio,fra,nonbrand,9.7,1655,72956,final
2026-08-10,celio,fra,total,5.2,5738,224356,final
2026-08-11,celio,fra,brand,2.9,3881,138934,final
2026-08-11,celio,fra,nonbrand,9.2,1533,67564,final
2026-08-11,celio,fra,total,5.0,5414,206498,final
2026-08-12,celio,fra,brand,2.8,3835,139497,final
2026-08-12,celio,fra,nonbrand,10.8,1390,69531,final
2026-08-12,celio,fra,total,5.5,5225,209028,final
2026-08-13,celio,fra,brand,2.7,6550,224730,final
2026-08-13,celio,fra,nonbrand,8.8,1556,64331,final
2026-08-13,celio,fra,total,4.1,8106,289061,final
2026-08-14,celio,fra,brand,2.8,4219,156641,final
2026-08-14,celio,fra,nonbrand,9.9,1358,67810,final
2026-08-14,celio,fra,total,5.0,5577,224451,final
2026-08-15,celio,fra,brand,2.6,4033,145001,final
2026-08-15,celio,fra,nonbrand,8.2,1357,60541,final
2026-08-15,celio,fra,total,4.3,5390,205542,final
2026-08-16,celio,fra,brand,2.8,3393,123471,final
2026-08-16,celio,fra,nonbrand,10.5,1421,72852,final
2026-08-16,celio,fra,total,5.6,4814,196323,final
2026-08-17,celio,fra,brand,2.6,4358,151336,final
2026-08-17,celio,fra,nonbrand,9.2,1504,65899,final
2026-08-17,celio,fra,total,4.6,5862,217235,final
2026-08-18,celio,fra,brand,2.6,4435,150450,final
2026-08-18,celio,fra,nonbrand,9.3,1564,67993,final
2026-08-18,celio,fra,total,4.7,5999,218443,final
2026-08-19,celio,fra,brand,2.7,4711,156707,final
2026-08-19,celio,fra,nonbrand,9.1,1500,67589,final
2026-08-19,celio,fra,total,4.6,6211,224296,final
2026-08-20,celio,fra,brand,2.7,4574,163501,final
2026-08-20,celio,fra,nonbrand,9.0,1487,66211,final
2026-08-20,celio,fra,total,4.5,6061,229712,final
2026-08-21,celio,fra,brand,2.8,4504,155208,final
2026-08-21,celio,fra,nonbrand,9.9,1356,67924,final
2026-08-21,celio,fra,total,5.0,5860,223132,final
2026-08-22,celio,fra,brand,2.6,4500,160875,final
2026-08-22,celio,fra,nonbrand,9.0,1380,67389,final
2026-08-22,celio,fra,total,4.5,5880,228264,final
2026-08-23,celio,fra,brand,2.7,3881,136609,final
2026-08-23,celio,fra,nonbrand,8.8,1442,65801,final
2026-08-23,celio,fra,total,4.7,5323,202410,final
2026-08-24,celio,fra,brand,2.6,4705,162296,final
2026-08-24,celio,fra,nonbrand,9.2,1445,65699,final
2026-08-24,celio,fra,total,4.5,6150,227995,final
2026-08-25,celio,fra,brand,2.5,5995,178168,final
2026-08-25,celio,fra,nonbrand,9.6,1444,69000,final
2026-08-25,celio,fra,total,4.5,7439,247168,final
2026-08-26,celio,fra,brand,2.7,4918,164260,final
2026-08-26,celio,fra,nonbrand,10.6,1357,71244,final
2026-08-26,celio,fra,total,5.1,6275,235504,final
2026-08-27,celio,fra,brand,2.6,5322,165609,final
2026-08-27,celio,fra,nonbrand,8.9,1447,67947,final
2026-08-27,celio,fra,total,4.4,6769,233556,final
2026-08-28,celio,fra,brand,2.7,5558,180665,final
2026-08-28,celio,fra,nonbrand,9.8,1501,71921,final
2026-08-28,celio,fra,total,4.7,7059,252586,final
2026-08-29,celio,fra,brand,2.7,6653,207169,final
2026-08-29,celio,fra,nonbrand,8.7,1649,73404,final
2026-08-29,celio,fra,total,4.3,8302,280573,final
2026-08-30,celio,fra,brand,2.7,5516,173769,final
2026-08-30,celio,fra,nonbrand,8.9,1625,75005,final
2026-08-30,celio,fra,total,4.6,7141,248774,final
2026-08-31,celio,fra,brand,2.7,5945,185832,final
2026-08-31,celio,fra,nonbrand,9.8,1559,74637,final
2026-08-31,celio,fra,total,4.7,7504,260469,final
2026-09-01,celio,fra,brand,2.8,4736,166150,final
2026-09-01,celio,fra,nonbrand,9.5,1440,70163,final
2026-09-01,celio,fra,total,4.8,6176,236313,final
2026-09-02,celio,fra,brand,2.9,4760,172461,final
2026-09-02,celio,fra,nonbrand,8.5,1502,68875,final
2026-09-02,celio,fra,total,4.5,6262,241336,final
2026-09-03,celio,fra,brand,3.6,4489,159582,final
2026-09-03,celio,fra,nonbrand,10.8,1255,74186,final
2026-09-03,celio,fra,total,5.9,5744,233768,final
2026-09-04,celio,fra,brand,3.2,4761,159297,final
2026-09-04,celio,fra,nonbrand,9.7,1284,66444,final
2026-09-04,celio,fra,total,5.1,6045,225741,final
2026-09-05,celio,fra,brand,2.8,5218,182232,final
2026-09-05,celio,fra,nonbrand,9.0,1432,73417,final
2026-09-05,celio,fra,total,4.6,6650,255649,final
2026-09-06,celio,fra,brand,2.8,4504,159144,final
2026-09-06,celio,fra,nonbrand,8.7,1527,75816,final
2026-09-06,celio,fra,total,4.7,6031,234960,final
2026-09-07,celio,fra,brand,3.0,4260,148994,final
2026-09-07,celio,fra,nonbrand,8.9,1440,67196,final
2026-09-07,celio,fra,total,4.8,5700,216190,final
2026-09-08,celio,fra,brand,2.8,4285,149629,final
2026-09-08,celio,fra,nonbrand,9.2,1265,67013,final
2026-09-08,celio,fra,total,4.8,5550,216642,final
2026-09-09,celio,fra,brand,2.8,4773,164137,final
2026-09-09,celio,fra,nonbrand,8.6,1540,69864,final
2026-09-09,celio,fra,total,4.5,6313,234001,final
2026-09-10,celio,fra,brand,2.7,4710,154200,final
2026-09-10,celio,fra,nonbrand,7.6,1411,63179,final
2026-09-10,celio,fra,total,4.1,6121,217379,final
2026-09-11,celio,fra,brand,2.6,4861,151775,final
2026-09-11,celio,fra,nonbrand,7.5,1287,58503,final
2026-09-11,celio,fra,total,4.0,6148,210278,final
2026-09-12,celio,fra,brand,2.6,5011,173027,final
2026-09-12,celio,fra,nonbrand,7.8,1418,73068,final
2026-09-12,celio,fra,total,4.2,6429,246095,final
2026-09-13,celio,fra,brand,2.6,4765,150671,final
2026-09-13,celio,fra,nonbrand,7.5,1586,75648,final
2026-09-13,celio,fra,total,4.3,6351,226319,final
2026-09-14,celio,fra,brand,2.6,3957,135171,final
2026-09-14,celio,fra,nonbrand,7.6,1323,61151,final
2026-09-14,celio,fra,total,4.2,5280,196322,final
2026-09-15,celio,fra,brand,2.7,3596,128933,final
2026-09-15,celio,fra,nonbrand,7.4,1271,57990,final
2026-09-15,celio,fra,total,4.1,4867,186923,final
2026-09-16,celio,fra,brand,2.6,3884,135441,final
2026-09-16,celio,fra,nonbrand,9.3,1364,72744,final
2026-09-16,celio,fra,total,4.9,5248,208185,final
2026-09-17,celio,fra,brand,2.6,4032,134463,final
2026-09-17,celio,fra,nonbrand,6.9,1445,61232,final
2026-09-17,celio,fra,total,4.0,5477,195695,final
2026-09-18,celio,fra,brand,2.5,3871,132937,final
2026-09-18,celio,fra,nonbrand,7.1,1255,60737,final
2026-09-18,celio,fra,total,3.9,5126,193674,final
2026-09-19,celio,fra,brand,2.4,4540,157372,final
2026-09-19,celio,fra,nonbrand,6.8,1688,68559,final
2026-09-19,celio,fra,total,3.8,6228,225931,final
2026-09-20,celio,fra,brand,2.5,3789,135900,final
2026-09-20,celio,fra,nonbrand,6.9,1854,79080,final
2026-09-20,celio,fra,total,4.1,5643,214980,final
2026-09-21,celio,fra,brand,2.5,4087,137380,final
2026-09-21,celio,fra,nonbrand,7.5,1585,66239,final
2026-09-21,celio,fra,total,4.1,5672,203619,final
2026-09-22,celio,fra,brand,2.6,3832,129629,final
2026-09-22,celio,fra,nonbrand,7.0,1642,65008,final
2026-09-22,celio,fra,total,4.1,5474,194637,final
2026-09-23,celio,fra,brand,2.6,3812,129737,final
2026-09-23,celio,fra,nonbrand,6.9,1540,66118,final
2026-09-23,celio,fra,total,4.0,5352,195855,final
2026-09-24,celio,fra,brand,2.5,4440,132820,final
2026-09-24,celio,fra,nonbrand,7.0,1388,60649,final
2026-09-24,celio,fra,total,3.9,5828,193469,final
2026-09-25,celio,fra,brand,2.9,9035,232661,final
2026-09-25,celio,fra,nonbrand,7.2,1391,56945,final
2026-09-25,celio,fra,total,3.8,10426,289606,final
2026-09-26,celio,fra,brand,2.7,6443,184405,final
2026-09-26,celio,fra,nonbrand,6.5,1950,67459,final
2026-09-26,celio,fra,total,3.7,8393,251864,final
2026-09-27,celio,fra,brand,2.6,4884,150417,final
2026-09-27,celio,fra,nonbrand,6.5,1945,71187,final
2026-09-27,celio,fra,total,3.8,6829,221604,final
2026-09-28,celio,fra,brand,2.7,4922,150058,final
2026-09-28,celio,fra,nonbrand,6.7,1756,64197,final
2026-09-28,celio,fra,total,3.9,6678,214255,final
2026-09-29,celio,fra,brand,2.7,4581,144630,final
2026-09-29,celio,fra,nonbrand,6.7,1700,62901,final
2026-09-29,celio,fra,total,3.9,6281,207531,final
2026-09-30,celio,fra,brand,2.2,4892,140032,fresh
2026-09-30,celio,fra,nonbrand,5.1,1722,53381,fresh
2026-09-30,celio,fra,total,3.0,6614,193413,fresh
2026-10-01,celio,fra,brand,2.3,3904,117214,fresh
2026-10-01,celio,fra,nonbrand,5.3,1282,48190,fresh
2026-10-01,celio,fra,total,3.2,5186,165404,fresh
