date,site,query,position,clicks,impressions,data_state
2025-06-08,celio,blouson homme,2.1,19,379,final
2025-06-09,celio,blouson homme,2.2,18,370,final
2025-06-10,celio,blouson homme,2.1,9,377,final
2025-06-11,celio,blouson homme,2.6,15,269,final
2025-06-12,celio,blouson homme,2.2,14,281,final
2025-06-13,celio,blouson homme,2.6,4,234,final
2025-06-14,celio,blouson homme,2.6,12,279,final
2025-06-15,celio,blouson homme,2.6,10,279,final
2025-06-16,celio,blouson homme,2.6,5,246,final
2025-06-17,celio,blouson homme,3.5,7,228,final
2025-06-18,celio,blouson homme,3.1,4,240,final
2025-06-19,celio,blouson homme,4.5,3,171,final
2025-06-20,celio,blouson homme,4.8,1,177,final
2025-06-21,celio,blouson homme,5.2,3,174,final
2025-06-22,celio,blouson homme,5.0,4,204,final
2025-06-23,celio,blouson homme,4.9,4,208,final
2025-06-24,celio,blouson homme,4.5,3,184,final
2025-06-25,celio,blouson homme,4.4,7,235,final
2025-06-26,celio,blouson homme,4.6,0,223,final
2025-06-27,celio,blouson homme,3.0,5,229,final
2025-06-28,celio,blouson homme,2.6,7,247,final
2025-06-29,celio,blouson homme,3.4,2,207,final
2025-06-30,celio,blouson homme,3.0,5,220,final
2025-07-01,celio,blouson homme,4.2,4,174,final
2025-07-02,celio,blouson homme,4.3,4,207,final
2025-07-03,celio,blouson homme,4.7,2,199,final
2025-07-04,celio,blouson homme,4.9,3,199,final
2025-07-05,celio,blouson homme,3.5,1,240,final
2025-07-06,celio,blouson homme,3.5,6,284,final
2025-07-07,celio,blouson homme,3.6,4,242,final
2025-07-08,celio,blouson homme,2.7,4,239,final
2025-07-09,celio,blouson homme,3.1,4,228,final
2025-07-10,celio,blouson homme,3.9,4,211,final
2025-07-11,celio,blouson homme,3.8,3,189,final
2025-07-12,celio,blouson homme,4.0,4,217,final
2025-07-13,celio,blouson homme,3.7,4,198,final
2025-07-14,celio,blouson homme,3.5,6,232,final
2025-07-15,celio,blouson homme,3.8,7,217,final
2025-07-16,celio,blouson homme,4.2,4,208,final
2025-07-17,celio,blouson homme,4.7,4,175,final
2025-07-18,celio,blouson homme,4.5,4,190,final
2025-07-19,celio,blouson homme,3.9,6,240,final
2025-07-20,celio,blouson homme,4.3,4,220,final
2025-07-21,celio,blouson homme,4.2,8,282,final
2025-07-22,celio,blouson homme,4.0,4,247,final
2025-07-23,celio,blouson homme,4.2,7,245,final
2025-07-24,celio,blouson homme,4.7,5,247,final
2025-07-25,celio,blouson homme,4.3,5,224,final
2025-07-26,celio,blouson homme,4.0,8,223,final
2025-07-27,celio,blouson homme,3.4,5,258,final
2025-07-28,celio,blouson homme,3.3,12,230,final
2025-07-29,celio,blouson homme,4.2,5,265,final
2025-07-30,celio,blouson homme,5.2,10,268,final
2025-07-31,celio,blouson homme,5.8,1,265,final
2025-08-01,celio,blouson homme,4.4,4,214,final
2025-08-02,celio,blouson homme,3.8,3,225,final
2025-08-03,celio,blouson homme,4.0,6,237,final
2025-08-04,celio,blouson homme,4.0,4,222,final
2025-08-05,celio,blouson homme,3.7,6,210,final
2025-08-06,celio,blouson homme,4.3,4,232,final
2025-08-07,celio,blouson homme,3.8,7,234,final
2025-08-08,celio,blouson homme,4.9,8,173,final
2025-08-09,celio,blouson homme,4.3,12,184,final
2025-08-10,celio,blouson homme,4.2,5,200,final
2025-08-11,celio,blouson homme,4.6,4,176,final
2025-08-12,celio,blouson homme,4.1,6,210,final
2025-08-13,celio,blouson homme,4.5,8,197,final
2025-08-14,celio,blouson homme,4.2,3,163,final
2025-08-15,celio,blouson homme,4.2,0,192,final
2025-08-16,celio,blouson homme,4.5,6,232,final
2025-08-17,celio,blouson homme,4.4,1,195,final
2025-08-18,celio,blouson homme,4.3,8,254,final
2025-08-19,celio,blouson homme,3.8,11,274,final
2025-08-20,celio,blouson homme,3.6,6,316,final
2025-08-21,celio,blouson homme,3.6,12,305,final
2025-08-22,celio,blouson homme,3.9,8,294,final
2025-08-23,celio,blouson homme,3.6,7,295,final
2025-08-24,celio,blouson homme,3.4,19,301,final
2025-08-25,celio,blouson homme,3.6,7,281,final
2025-08-26,celio,blouson homme,3.9,12,319,final
2025-08-27,celio,blouson homme,3.8,8,353,final
2025-08-28,celio,blouson homme,3.8,7,371,final
2025-08-29,celio,blouson homme,4.2,12,481,final
2025-08-30,celio,blouson homme,3.9,20,491,final
2025-08-31,celio,blouson homme,3.6,19,540,final
2025-09-01,celio,blouson homme,3.8,13,533,final
2025-09-02,celio,blouson homme,3.2,22,643,final
2025-09-03,celio,blouson homme,2.4,20,601,final
2025-09-04,celio,blouson homme,3.1,25,506,final
2025-09-05,celio,blouson homme,2.2,27,474,final
2025-09-06,celio,blouson homme,2.6,18,443,final
2025-09-07,celio,blouson homme,2.3,17,432,final
2025-09-08,celio,blouson homme,2.4,24,450,final
2025-09-09,celio,blouson homme,2.7,17,397,final
2025-09-10,celio,blouson homme,2.8,16,541,final
2025-09-11,celio,blouson homme,2.2,22,602,final
2025-09-12,celio,blouson homme,2.6,28,549,final
2025-09-13,celio,blouson homme,2.2,31,734,final
2025-09-14,celio,blouson homme,2.1,63,909,final
2025-09-15,celio,blouson homme,2.0,44,682,final
2025-09-16,celio,blouson homme,1.7,25,600,final
2025-09-17,celio,blouson homme,2.6,14,491,final
2025-09-18,celio,blouson homme,2.7,24,434,final
2025-09-19,celio,blouson homme,2.5,16,432,final
2025-09-20,celio,blouson homme,3.3,38,540,final
2025-09-21,celio,blouson homme,3.5,41,806,final
2025-09-22,celio,blouson homme,3.9,28,777,final
2025-09-23,celio,blouson homme,4.0,43,999,final
2025-09-24,celio,blouson homme,3.6,60,1345,final
2025-09-25,celio,blouson homme,3.3,36,1010,final
2025-09-26,celio,blouson homme,3.2,40,964,final
2025-09-27,celio,blouson homme,3.3,44,1098,final
2025-09-28,celio,blouson homme,2.7,51,1074,final
2025-09-29,celio,blouson homme,3.5,32,735,final
2025-09-30,celio,blouson homme,2.6,32,673,final
2025-10-01,celio,blouson homme,3.8,31,668,final
2025-10-02,celio,blouson homme,3.1,35,778,final
2025-10-03,celio,blouson homme,4.4,32,733,final
2025-10-04,celio,blouson homme,3.4,48,1000,final
2025-10-05,celio,blouson homme,4.1,42,1037,final
2025-10-06,celio,blouson homme,3.5,38,860,final
2025-10-07,celio,blouson homme,2.6,32,675,final
2025-10-08,celio,blouson homme,2.8,36,717,final
2025-10-09,celio,blouson homme,2.6,39,640,final
2025-10-10,celio,blouson homme,2.9,30,624,final
2025-10-11,celio,blouson homme,2.4,30,794,final
2025-10-12,celio,blouson homme,2.3,44,790,final
2025-10-13,celio,blouson homme,2.3,50,740,final
2025-10-14,celio,blouson homme,2.3,28,654,final
2025-10-15,celio,blouson homme,2.1,33,634,final
2025-10-16,celio,blouson homme,2.1,32,615,final
2025-10-17,celio,blouson homme,1.8,41,704,final
2025-10-18,celio,blouson homme,1.7,60,869,final
2025-10-19,celio,blouson homme,1.8,49,951,final
2025-10-20,celio,blouson homme,1.8,52,851,final
2025-10-21,celio,blouson homme,1.8,45,758,final
2025-10-22,celio,blouson homme,2.0,40,720,final
2025-10-23,celio,blouson homme,1.7,34,885,final
2025-10-24,celio,blouson homme,2.0,41,887,final
2025-10-25,celio,blouson homme,2.1,54,983,final
2025-10-26,celio,blouson homme,2.2,82,980,final
2025-10-27,celio,blouson homme,2.1,59,841,final
2025-10-28,celio,blouson homme,2.3,46,771,final
2025-10-29,celio,blouson homme,2.8,49,768,final
2025-10-30,celio,blouson homme,2.2,37,739,final
2025-10-31,celio,blouson homme,2.3,33,777,final
2025-11-01,celio,blouson homme,2.7,57,1080,final
2025-11-02,celio,blouson homme,2.1,80,1232,final
2025-11-03,celio,blouson homme,2.1,47,861,final
2025-11-04,celio,blouson homme,2.3,59,826,final
2025-11-05,celio,blouson homme,2.1,61,812,final
2025-11-06,celio,blouson homme,2.2,41,866,final
2025-11-07,celio,blouson homme,2.3,40,826,final
2025-11-08,celio,blouson homme,2.4,55,1061,final
2025-11-09,celio,blouson homme,1.9,55,1170,final
2025-11-10,celio,blouson homme,1.9,79,1052,final
2025-11-11,celio,blouson homme,2.1,67,1268,final
2025-11-12,celio,blouson homme,1.8,65,925,final
2025-11-13,celio,blouson homme,2.0,33,825,final
2025-11-14,celio,blouson homme,1.9,52,1004,final
2025-11-15,celio,blouson homme,2.0,67,1173,final
2025-11-16,celio,blouson homme,1.8,50,1236,final
2025-11-17,celio,blouson homme,2.0,51,1226,final
2025-11-18,celio,blouson homme,2.1,52,1234,final
2025-11-19,celio,blouson homme,2.2,54,1114,final
2025-11-20,celio,blouson homme,2.2,54,981,final
2025-11-21,celio,blouson homme,1.9,60,1080,final
2025-11-22,celio,blouson homme,2.0,66,1280,final
2025-11-23,celio,blouson homme,1.6,70,1434,final
2025-11-24,celio,blouson homme,1.9,63,1104,final
2025-11-25,celio,blouson homme,2.0,39,1037,final
2025-11-26,celio,blouson homme,2.3,52,1300,final
2025-11-27,celio,blouson homme,3.0,93,1527,final
2025-11-28,celio,blouson homme,2.6,97,1724,final
2025-11-29,celio,blouson homme,2.3,79,1576,final
2025-11-30,celio,blouson homme,2.1,78,1734,final
2025-12-01,celio,blouson homme,2.0,88,1373,final
2025-12-02,celio,blouson homme,2.0,54,1332,final
2025-12-03,celio,blouson homme,2.4,59,1247,final
2025-12-04,celio,blouson homme,2.1,49,1255,final
2025-12-05,celio,blouson homme,1.9,46,1232,final
2025-12-06,celio,blouson homme,2.2,68,1391,final
2025-12-07,celio,blouson homme,2.3,95,1541,final
2025-12-08,celio,blouson homme,2.4,62,1189,final
2025-12-09,celio,blouson homme,2.4,45,1071,final
2025-12-10,celio,blouson homme,2.5,62,1082,final
2025-12-11,celio,blouson homme,2.9,51,964,final
2025-12-12,celio,blouson homme,2.5,45,983,final
2025-12-13,celio,blouson homme,2.3,53,1021,final
2025-12-14,celio,blouson homme,2.2,55,1183,final
2025-12-15,celio,blouson homme,2.3,69,1008,final
2025-12-16,celio,blouson homme,2.7,54,973,final
2025-12-17,celio,blouson homme,2.1,50,883,final
2025-12-18,celio,blouson homme,2.2,35,733,final
2025-12-19,celio,blouson homme,1.9,41,742,final
2025-12-20,celio,blouson homme,2.2,38,863,final
2025-12-21,celio,blouson homme,2.2,51,975,final
2025-12-22,celio,blouson homme,2.2,39,770,final
2025-12-23,celio,blouson homme,2.1,36,648,final
2025-12-24,celio,blouson homme,1.9,22,535,final
2025-12-25,celio,blouson homme,1.8,49,881,final
2025-12-26,celio,blouson homme,2.3,27,800,final
2025-12-27,celio,blouson homme,2.4,34,721,final
2025-12-28,celio,blouson homme,2.6,29,737,final
2025-12-29,celio,blouson homme,2.2,34,661,final
2025-12-30,celio,blouson homme,2.0,31,662,final
2025-12-31,celio,blouson homme,2.2,18,500,final
2026-01-01,celio,blouson homme,2.2,33,631,final
2026-01-02,celio,blouson homme,2.2,37,739,final
2026-01-03,celio,blouson homme,2.3,38,815,final
2026-01-04,celio,blouson homme,2.6,29,786,final
2026-01-05,celio,blouson homme,2.5,34,766,final
2026-01-06,celio,blouson homme,2.4,34,700,final
2026-01-07,celio,blouson homme,2.5,42,1180,final
2026-01-08,celio,blouson homme,2.2,37,834,final
2026-01-09,celio,blouson homme,2.4,27,819,final
2026-01-10,celio,blouson homme,2.3,40,945,final
2026-01-11,celio,blouson homme,2.5,25,867,final
2026-01-12,celio,blouson homme,2.6,21,734,final
2026-01-13,celio,blouson homme,2.8,31,663,final
2026-01-14,celio,blouson homme,2.3,38,639,final
2026-01-15,celio,blouson homme,2.4,28,561,final
2026-01-16,celio,blouson homme,3.1,26,569,final
2026-01-17,celio,blouson homme,3.2,22,665,final
2026-01-18,celio,blouson homme,2.5,23,608,final
2026-01-19,celio,blouson homme,2.7,21,553,final
2026-01-20,celio,blouson homme,3.5,20,460,final
2026-01-21,celio,blouson homme,3.0,18,464,final
2026-01-22,celio,blouson homme,3.6,14,494,final
2026-01-23,celio,blouson homme,2.4,29,518,final
2026-01-24,celio,blouson homme,2.6,41,626,final
2026-01-25,celio,blouson homme,2.4,21,577,final
2026-01-26,celio,blouson homme,3.3,27,539,final
2026-01-27,celio,blouson homme,2.5,18,526,final
2026-01-28,celio,blouson homme,2.6,24,464,final
2026-01-29,celio,blouson homme,2.7,21,444,final
2026-01-30,celio,blouson homme,2.6,14,509,final
2026-01-31,celio,blouson homme,2.6,25,651,final
2026-02-01,celio,blouson homme,2.7,28,646,final
2026-02-02,celio,blouson homme,2.8,26,511,final
2026-02-03,celio,blouson homme,3.5,22,516,final
2026-02-04,celio,blouson homme,2.6,17,464,final
2026-02-05,celio,blouson homme,2.5,19,510,final
2026-02-06,celio,blouson homme,2.9,28,490,final
2026-02-07,celio,blouson homme,2.5,20,537,final
2026-02-08,celio,blouson homme,2.6,34,562,final
2026-02-09,celio,blouson homme,2.4,17,441,final
2026-02-10,celio,blouson homme,2.2,20,424,final
2026-02-11,celio,blouson homme,2.5,16,428,final
2026-02-12,celio,blouson homme,2.2,14,462,final
2026-02-13,celio,blouson homme,2.4,22,449,final
2026-02-14,celio,blouson homme,2.5,18,491,final
2026-02-15,celio,blouson homme,2.8,25,532,final
2026-02-16,celio,blouson homme,4.1,17,478,final
2026-02-17,celio,blouson homme,3.8,11,451,final
2026-02-18,celio,blouson homme,3.1,5,352,final
2026-02-19,celio,blouson homme,2.0,23,392,final
2026-02-20,celio,blouson homme,2.2,17,411,final
2026-02-21,celio,blouson homme,2.9,14,468,final
2026-02-22,celio,blouson homme,2.8,15,442,final
2026-02-23,celio,blouson homme,2.8,18,452,final
2026-02-24,celio,blouson homme,2.7,21,399,final
2026-02-25,celio,blouson homme,3.4,12,396,final
2026-02-26,celio,blouson homme,3,21,427,final
2026-02-27,celio,blouson homme,2.4,22,433,final
2026-02-28,celio,blouson homme,3.2,19,505,final
2026-03-01,celio,blouson homme,3.7,20,460,final
2026-03-02,celio,blouson homme,4.0,14,433,final
2026-03-03,celio,blouson homme,2.3,19,423,final
2026-03-04,celio,blouson homme,2.3,16,452,final
2026-03-05,celio,blouson homme,2.3,10,393,final
2026-03-06,celio,blouson homme,2.8,10,365,final
2026-03-07,celio,blouson homme,3.0,23,457,final
2026-03-08,celio,blouson homme,2.3,22,520,final
2026-03-09,celio,blouson homme,2.3,20,484,final
2026-03-10,celio,blouson homme,3.7,16,429,final
2026-03-11,celio,blouson homme,2.9,18,450,final
2026-03-12,celio,blouson homme,4.3,20,405,final
2026-03-13,celio,blouson homme,3.1,15,382,final
2026-03-14,celio,blouson homme,3.8,14,480,final
2026-03-15,celio,blouson homme,3.6,17,431,final
2026-03-16,celio,blouson homme,4.3,11,391,final
2026-03-17,celio,blouson homme,4.5,12,330,final
2026-03-18,celio,blouson homme,2.8,21,390,final
2026-03-19,celio,blouson homme,2.4,17,347,final
2026-03-20,celio,blouson homme,2.7,16,368,final
2026-03-21,celio,blouson homme,2.5,17,426,final
2026-03-22,celio,blouson homme,3.1,15,493,final
2026-03-23,celio,blouson homme,3.1,15,453,final
2026-03-24,celio,blouson homme,2.6,12,375,final
2026-03-25,celio,blouson homme,3.5,8,393,final
2026-03-26,celio,blouson homme,4.5,20,382,final
2026-03-27,celio,blouson homme,7.2,3,311,final
2026-03-28,celio,blouson homme,6.7,12,407,final
2026-03-29,celio,blouson homme,5.2,10,450,final
2026-03-30,celio,blouson homme,5.5,16,347,final
2026-03-31,celio,blouson homme,5.1,12,359,final
2026-04-01,celio,blouson homme,4.2,14,307,final
2026-04-02,celio,blouson homme,5.7,10,377,final
2026-04-03,celio,blouson homme,5.6,13,471,final
2026-04-04,celio,blouson homme,5.4,12,318,final
2026-04-05,celio,blouson homme,5.0,3,261,final
2026-04-06,celio,blouson homme,6.4,5,215,final
2026-04-07,celio,blouson homme,3.2,9,292,final
2026-04-08,celio,blouson homme,3.6,12,351,final
2026-04-09,celio,blouson homme,3.2,17,325,final
2026-04-10,celio,blouson homme,3.0,17,366,final
2026-04-11,celio,blouson homme,3.1,19,426,final
2026-04-12,celio,blouson homme,3.2,12,422,final
2026-04-13,celio,blouson homme,3.1,17,362,final
2026-04-14,celio,blouson homme,3.7,17,308,final
2026-04-15,celio,blouson homme,8.5,1,106,final
2026-04-16,celio,blouson homme,8.4,4,116,final
2026-04-17,celio,blouson homme,9.3,3,128,final
2026-04-18,celio,blouson homme,7.0,7,166,final
2026-04-19,celio,blouson homme,6.3,7,181,final
2026-04-20,celio,blouson homme,10.0,9,145,final
2026-04-21,celio,blouson homme,6.0,8,203,final
2026-04-22,celio,blouson homme,7.1,8,170,final
2026-04-23,celio,blouson homme,7.8,5,142,final
2026-04-24,celio,blouson homme,8.8,2,99,final
2026-04-25,celio,blouson homme,8.4,0,102,final
2026-04-26,celio,blouson homme,8.3,3,117,final
2026-04-27,celio,blouson homme,7.6,5,127,final
2026-04-28,celio,blouson homme,4.3,11,187,final
2026-04-29,celio,blouson homme,3.2,21,334,final
2026-04-30,celio,blouson homme,3.7,12,273,final
2026-05-01,celio,blouson homme,3.2,17,286,final
2026-05-02,celio,blouson homme,2.8,17,313,final
2026-05-03,celio,blouson homme,2.7,17,326,final
2026-05-04,celio,blouson homme,2.9,14,335,final
2026-05-05,celio,blouson homme,4.6,13,329,final
2026-05-06,celio,blouson homme,6.1,11,265,final
2026-05-07,celio,blouson homme,7.4,3,126,final
2026-05-08,celio,blouson homme,5.2,9,264,final
2026-05-09,celio,blouson homme,5.3,9,276,final
2026-05-10,celio,blouson homme,5.4,11,342,final
2026-05-11,celio,blouson homme,5.2,11,340,final
2026-05-12,celio,blouson homme,5.8,10,296,final
2026-05-13,celio,blouson homme,6.4,7,223,final
2026-05-14,celio,blouson homme,5.9,5,263,final
2026-05-15,celio,blouson homme,5.9,7,204,final
2026-05-16,celio,blouson homme,6.0,13,367,final
2026-05-17,celio,blouson homme,5.3,7,192,final
2026-05-18,celio,blouson homme,8.6,2,206,final
2026-05-19,celio,blouson homme,5.4,5,181,final
2026-05-20,celio,blouson homme,4.1,8,235,final
2026-05-21,celio,blouson homme,4.5,8,186,final
2026-05-22,celio,blouson homme,3.3,2,192,final
2026-05-23,celio,blouson homme,3.1,4,174,final
2026-05-24,celio,blouson homme,3.2,4,135,final
2026-05-25,celio,blouson homme,3.9,2,173,final
2026-05-26,celio,blouson homme,4.0,2,147,final
2026-05-27,celio,blouson homme,2.9,5,159,final
2026-05-28,celio,blouson homme,3.3,2,123,final
2026-05-29,celio,blouson homme,3.7,4,127,final
2026-05-30,celio,blouson homme,4.7,1,108,final
2026-05-31,celio,blouson homme,3.6,2,143,final
2026-06-01,celio,blouson homme,2.6,2,141,final
2026-06-02,celio,blouson homme,5.2,1,138,final
2026-06-03,celio,blouson homme,2.9,5,227,final
2026-06-04,celio,blouson homme,3.6,7,275,final
2026-06-05,celio,blouson homme,3.3,4,213,final
2026-06-06,celio,blouson homme,3.2,14,295,final
2026-06-07,celio,blouson homme,3.2,9,209,final
2026-06-08,celio,blouson homme,3.3,10,242,final
2026-06-09,celio,blouson homme,4.4,4,229,final
2026-06-10,celio,blouson homme,3.5,7,233,final
2026-06-11,celio,blouson homme,7.1,1,92,final
2026-06-12,celio,blouson homme,6.9,3,121,final
2026-06-13,celio,blouson homme,5.3,3,144,final
2026-06-14,celio,blouson homme,4.9,4,165,final
2026-06-15,celio,blouson homme,5.1,2,153,final
2026-06-16,celio,blouson homme,7.0,0,117,final
2026-06-17,celio,blouson homme,5.5,2,76,final
2026-06-18,celio,blouson homme,7.0,1,81,final
2026-06-19,celio,blouson homme,5.9,0,108,final
2026-06-20,celio,blouson homme,8.2,0,72,final
2026-06-21,celio,blouson homme,8.6,1,76,final
2026-06-22,celio,blouson homme,8.9,0,71,final
2026-06-23,celio,blouson homme,7.8,0,86,final
2026-06-24,celio,blouson homme,6.3,1,91,final
2026-06-25,celio,blouson homme,10.6,1,87,final
2026-06-26,celio,blouson homme,9.0,1,101,final
2026-06-27,celio,blouson homme,7.7,2,88,final
2026-06-28,celio,blouson homme,7.2,0,81,final
2026-06-29,celio,blouson homme,6.9,1,70,final
2026-06-30,celio,blouson homme,6.9,1,89,final
2026-07-01,celio,blouson homme,7.0,0,91,final
2026-07-02,celio,blouson homme,7.8,1,94,final
2026-07-03,celio,blouson homme,7.4,0,106,final
2026-07-04,celio,blouson homme,8.1,1,107,final
2026-07-05,celio,blouson homme,5.1,0,70,final
2026-07-06,celio,blouson homme,6.9,2,95,final
2026-07-07,celio,blouson homme,8.0,1,91,final
2026-07-08,celio,blouson homme,7.1,0,82,final
2026-07-09,celio,blouson homme,7.8,1,72,final
2026-07-10,celio,blouson homme,7.0,0,77,final
2026-07-11,celio,blouson homme,6.4,0,84,final
2026-07-12,celio,blouson homme,7.6,0,85,final
2026-07-13,celio,blouson homme,6.1,0,82,final
2026-07-14,celio,blouson homme,6.2,0,92,final
2026-07-15,celio,blouson homme,6.2,0,92,final
2026-07-16,celio,blouson homme,5.7,1,79,final
2026-07-17,celio,blouson homme,5.8,0,85,final
2026-07-18,celio,blouson homme,5.6,0,83,final
2026-07-19,celio,blouson homme,6.1,1,98,final
2026-07-20,celio,blouson homme,5.9,4,116,final
2026-07-21,celio,blouson homme,6.5,1,90,final
2026-07-22,celio,blouson homme,6.4,0,108,final
2026-07-23,celio,blouson homme,6.2,1,80,final
2026-07-24,celio,blouson homme,7.5,1,70,final
2026-07-25,celio,blouson homme,12.1,0,90,final
2026-07-26,celio,blouson homme,10.8,1,81,final
2026-07-27,celio,blouson homme,16.7,0,88,final
2026-07-28,celio,blouson homme,12.2,2,96,final
2026-07-29,celio,blouson homme,11.2,2,77,final
2026-07-30,celio,blouson homme,11.0,1,88,final
2026-07-31,celio,blouson homme,9.9,1,100,final
2026-08-01,celio,blouson homme,8.8,2,83,final
2026-08-02,celio,blouson homme,8.8,1,91,final
2026-08-03,celio,blouson homme,8.5,0,69,final
2026-08-04,celio,blouson homme,10.3,1,82,final
2026-08-05,celio,blouson homme,9.9,1,92,final
2026-08-06,celio,blouson homme,10.3,2,88,final
2026-08-07,celio,blouson homme,10.1,0,65,final
2026-08-08,celio,blouson homme,10.7,0,70,final
2026-08-09,celio,blouson homme,10,0,94,final
2026-08-10,celio,blouson homme,10.5,0,79,final
2026-08-11,celio,blouson homme,12.4,1,62,final
2026-08-12,celio,blouson homme,11.1,1,89,final
2026-08-13,celio,blouson homme,9.5,1,75,final
2026-08-14,celio,blouson homme,10.8,1,62,final
2026-08-15,celio,blouson homme,12.8,0,59,final
2026-08-16,celio,blouson homme,11.7,0,78,final
2026-08-17,celio,blouson homme,11.6,2,102,final
2026-08-18,celio,blouson homme,10.5,1,84,final
2026-08-19,celio,blouson homme,10.0,0,100,final
2026-08-20,celio,blouson homme,9.8,2,92,final
2026-08-21,celio,blouson homme,11.4,3,103,final
2026-08-22,celio,blouson homme,10.0,3,113,final
2026-08-23,celio,blouson homme,8.4,5,123,final
2026-08-24,celio,blouson homme,9.3,2,107,final
2026-08-25,celio,blouson homme,10.0,0,107,final
2026-08-26,celio,blouson homme,9.1,2,141,final
2026-08-27,celio,blouson homme,8.9,0,83,final
2026-08-28,celio,blouson homme,9.2,1,91,final
2026-08-29,celio,blouson homme,8.0,5,161,final
2026-08-30,celio,blouson homme,6.2,8,243,final
2026-08-31,celio,blouson homme,7.9,3,176,final
2026-09-01,celio,blouson homme,7.8,1,144,final
2026-09-02,celio,blouson homme,8.2,2,115,final
2026-09-03,celio,blouson homme,7.0,6,152,final
2026-09-04,celio,blouson homme,8.4,2,87,final
2026-09-05,celio,blouson homme,9.5,1,101,final
2026-09-06,celio,blouson homme,6.6,4,161,final
2026-09-07,celio,blouson homme,7.9,2,191,final
2026-09-08,celio,blouson homme,7.9,5,207,final
2026-09-09,celio,blouson homme,8.4,2,138,final
2026-09-10,celio,blouson homme,7.7,7,163,final
2026-09-11,celio,blouson homme,7.9,3,124,final
2026-09-12,celio,blouson homme,3.1,5,255,final
2026-09-13,celio,blouson homme,2.8,9,347,final
2026-09-14,celio,blouson homme,2.9,10,255,final
2026-09-15,celio,blouson homme,2.8,1,166,final
2026-09-16,celio,blouson homme,3.9,6,203,final
2026-09-17,celio,blouson homme,3.3,11,260,final
2026-09-18,celio,blouson homme,2.7,15,273,final
2026-09-19,celio,blouson homme,2.9,10,324,final
2026-09-20,celio,blouson homme,2.5,17,292,final
2026-09-21,celio,blouson homme,2.4,15,299,final
2026-09-22,celio,blouson homme,3.1,11,305,final
2026-09-23,celio,blouson homme,3.4,15,294,final
2026-09-24,celio,blouson homme,3.7,9,251,final
2026-09-25,celio,blouson homme,3.9,6,268,final
2026-09-26,celio,blouson homme,4.5,9,273,final
2026-09-27,celio,blouson homme,3.7,15,330,final
2026-09-28,celio,blouson homme,3.3,9,315,final
2026-09-29,celio,blouson homme,3.2,14,264,fresh
2026-09-30,celio,blouson homme,3.1,19,347,fresh
2025-06-08,celio,cardigan homme,5.1,11,384,final
2025-06-09,celio,cardigan homme,4.1,12,411,final
2025-06-10,celio,cardigan homme,5.0,12,388,final
2025-06-11,celio,cardigan homme,3.7,6,326,final
2025-06-12,celio,cardigan homme,3.6,6,262,final
2025-06-13,celio,cardigan homme,4.0,1,241,final
2025-06-14,celio,cardigan homme,4.0,1,294,final
2025-06-15,celio,cardigan homme,4.1,8,321,final
2025-06-16,celio,cardigan homme,3.9,5,308,final
2025-06-17,celio,cardigan homme,5.2,6,264,final
2025-06-18,celio,cardigan homme,4.4,5,239,final
2025-06-19,celio,cardigan homme,4.2,2,221,final
2025-06-20,celio,cardigan homme,4.5,1,207,final
2025-06-21,celio,cardigan homme,4.6,5,232,final
2025-06-22,celio,cardigan homme,3.8,9,271,final
2025-06-23,celio,cardigan homme,3.9,4,249,final
2025-06-24,celio,cardigan homme,4.2,7,258,final
2025-06-25,celio,cardigan homme,3.9,14,332,final
2025-06-26,celio,cardigan homme,3.9,5,275,final
2025-06-27,celio,cardigan homme,4.5,5,277,final
2025-06-28,celio,cardigan homme,4.4,4,292,final
2025-06-29,celio,cardigan homme,4.6,3,262,final
2025-06-30,celio,cardigan homme,5.1,1,249,final
2025-07-01,celio,cardigan homme,5.5,4,253,final
2025-07-02,celio,cardigan homme,5.9,3,291,final
2025-07-03,celio,cardigan homme,4.4,5,261,final
2025-07-04,celio,cardigan homme,4.2,1,246,final
2025-07-05,celio,cardigan homme,4.8,5,285,final
2025-07-06,celio,cardigan homme,5.4,7,377,final
2025-07-07,celio,cardigan homme,6.0,6,340,final
2025-07-08,celio,cardigan homme,6.4,1,329,final
2025-07-09,celio,cardigan homme,7.3,6,302,final
2025-07-10,celio,cardigan homme,7.9,2,297,final
2025-07-11,celio,cardigan homme,8.8,0,243,final
2025-07-12,celio,cardigan homme,13.4,0,139,final
2025-07-13,celio,cardigan homme,13.4,1,142,final
2025-07-14,celio,cardigan homme,12.3,3,222,final
2025-07-15,celio,cardigan homme,13.3,2,136,final
2025-07-16,celio,cardigan homme,14.7,0,118,final
2025-07-17,celio,cardigan homme,12.7,2,138,final
2025-07-18,celio,cardigan homme,12.9,0,125,final
2025-07-19,celio,cardigan homme,12.7,1,101,final
2025-07-20,celio,cardigan homme,14.2,0,111,final
2025-07-21,celio,cardigan homme,15.3,0,107,final
2025-07-22,celio,cardigan homme,14.3,0,101,final
2025-07-23,celio,cardigan homme,10.7,0,120,final
2025-07-24,celio,cardigan homme,10.5,0,122,final
2025-07-25,celio,cardigan homme,10.1,0,104,final
2025-07-26,celio,cardigan homme,10.4,1,99,final
2025-07-27,celio,cardigan homme,9.8,0,158,final
2025-07-28,celio,cardigan homme,11.3,1,104,final
2025-07-29,celio,cardigan homme,10.5,0,154,final
2025-07-30,celio,cardigan homme,9.6,1,172,final
2025-07-31,celio,cardigan homme,9.9,1,228,final
2025-08-01,celio,cardigan homme,12.5,1,124,final
2025-08-02,celio,cardigan homme,12.3,1,122,final
2025-08-03,celio,cardigan homme,13.9,0,102,final
2025-08-04,celio,cardigan homme,12.5,0,132,final
2025-08-05,celio,cardigan homme,11.8,2,106,final
2025-08-06,celio,cardigan homme,12.8,2,104,final
2025-08-07,celio,cardigan homme,13.2,0,103,final
2025-08-08,celio,cardigan homme,13.3,3,114,final
2025-08-09,celio,cardigan homme,13.1,3,116,final
2025-08-10,celio,cardigan homme,13.3,1,139,final
2025-08-11,celio,cardigan homme,12.5,0,121,final
2025-08-12,celio,cardigan homme,11.7,3,165,final
2025-08-13,celio,cardigan homme,10.7,1,204,final
2025-08-14,celio,cardigan homme,10.1,2,227,final
2025-08-15,celio,cardigan homme,6.6,4,301,final
2025-08-16,celio,cardigan homme,6.3,5,332,final
2025-08-17,celio,cardigan homme,7.3,6,308,final
2025-08-18,celio,cardigan homme,7.5,4,341,final
2025-08-19,celio,cardigan homme,8.7,4,389,final
2025-08-20,celio,cardigan homme,8.2,4,400,final
2025-08-21,celio,cardigan homme,7.4,8,432,final
2025-08-22,celio,cardigan homme,7.5,5,353,final
2025-08-23,celio,cardigan homme,8.1,6,422,final
2025-08-24,celio,cardigan homme,7.1,4,455,final
2025-08-25,celio,cardigan homme,7.0,6,432,final
2025-08-26,celio,cardigan homme,3.6,3,464,final
2025-08-27,celio,cardigan homme,3.2,14,485,final
2025-08-28,celio,cardigan homme,2.6,18,478,final
2025-08-29,celio,cardigan homme,2.6,23,522,final
2025-08-30,celio,cardigan homme,2.6,21,597,final
2025-08-31,celio,cardigan homme,2.5,31,652,final
2025-09-01,celio,cardigan homme,2.4,20,696,final
2025-09-02,celio,cardigan homme,2.5,22,662,final
2025-09-03,celio,cardigan homme,2.2,22,623,final
2025-09-04,celio,cardigan homme,2.3,15,563,final
2025-09-05,celio,cardigan homme,2.9,10,513,final
2025-09-06,celio,cardigan homme,4.1,8,585,final
2025-09-07,celio,cardigan homme,3.7,15,657,final
2025-09-08,celio,cardigan homme,4.1,22,594,final
2025-09-09,celio,cardigan homme,4.7,13,576,final
2025-09-10,celio,cardigan homme,5.5,16,671,final
2025-09-11,celio,cardigan homme,5.9,19,631,final
2025-09-12,celio,cardigan homme,6.2,9,598,final
2025-09-13,celio,cardigan homme,5.7,13,818,final
2025-09-14,celio,cardigan homme,5.5,20,940,final
2025-09-15,celio,cardigan homme,4.8,10,682,final
2025-09-16,celio,cardigan homme,5.0,16,628,final
2025-09-17,celio,cardigan homme,6.1,14,564,final
2025-09-18,celio,cardigan homme,6.2,8,534,final
2025-09-19,celio,cardigan homme,5.6,15,479,final
2025-09-20,celio,cardigan homme,5.8,14,616,final
2025-09-21,celio,cardigan homme,5.1,22,840,final
2025-09-22,celio,cardigan homme,4.9,5,609,final
2025-09-23,celio,cardigan homme,4.9,15,774,final
2025-09-24,celio,cardigan homme,4.8,15,780,final
2025-09-25,celio,cardigan homme,4.6,19,721,final
2025-09-26,celio,cardigan homme,5.0,16,711,final
2025-09-27,celio,cardigan homme,4.8,27,1056,final
2025-09-28,celio,cardigan homme,4.9,32,1038,final
2025-09-29,celio,cardigan homme,4.6,16,782,final
2025-09-30,celio,cardigan homme,2.5,39,797,final
2025-10-01,celio,cardigan homme,2.4,33,787,final
2025-10-02,celio,cardigan homme,2.5,35,761,final
2025-10-03,celio,cardigan homme,2.3,34,752,final
2025-10-04,celio,cardigan homme,2.2,43,992,final
2025-10-05,celio,cardigan homme,2.4,43,1010,final
2025-10-06,celio,cardigan homme,2.7,48,846,final
2025-10-07,celio,cardigan homme,2.3,28,725,final
2025-10-08,celio,cardigan homme,3.7,24,708,final
2025-10-09,celio,cardigan homme,4.1,18,707,final
2025-10-10,celio,cardigan homme,3.3,23,704,final
2025-10-11,celio,cardigan homme,2.9,23,864,final
2025-10-12,celio,cardigan homme,3.3,26,818,final
2025-10-13,celio,cardigan homme,3.3,18,664,final
2025-10-14,celio,cardigan homme,3.1,32,749,final
2025-10-15,celio,cardigan homme,2.9,26,739,final
2025-10-16,celio,cardigan homme,2.6,25,757,final
2025-10-17,celio,cardigan homme,3.1,27,710,final
2025-10-18,celio,cardigan homme,3.5,20,765,final
2025-10-19,celio,cardigan homme,3.1,25,857,final
2025-10-20,celio,cardigan homme,3.2,22,764,final
2025-10-21,celio,cardigan homme,3.4,34,747,final
2025-10-22,celio,cardigan homme,3.8,28,762,final
2025-10-23,celio,cardigan homme,4.3,13,674,final
2025-10-24,celio,cardigan homme,4.3,15,685,final
2025-10-25,celio,cardigan homme,4.1,27,707,final
2025-10-26,celio,cardigan homme,4.3,21,880,final
2025-10-27,celio,cardigan homme,5.1,17,762,final
2025-10-28,celio,cardigan homme,6.0,13,665,final
2025-10-29,celio,cardigan homme,7.4,6,594,final
2025-10-30,celio,cardigan homme,5.9,14,690,final
2025-10-31,celio,cardigan homme,3.7,15,745,final
2025-11-01,celio,cardigan homme,3.6,29,891,final
2025-11-02,celio,cardigan homme,3.8,25,1050,final
2025-11-03,celio,cardigan homme,3.5,21,843,final
2025-11-04,celio,cardigan homme,3.6,12,660,final
2025-11-05,celio,cardigan homme,3.8,20,800,final
2025-11-06,celio,cardigan homme,3.8,21,745,final
2025-11-07,celio,cardigan homme,3.4,18,696,final
2025-11-08,celio,cardigan homme,3.7,21,823,final
2025-11-09,celio,cardigan homme,3.6,33,958,final
2025-11-10,celio,cardigan homme,3.4,34,836,final
2025-11-11,celio,cardigan homme,3.3,37,1013,final
2025-11-12,celio,cardigan homme,2.6,35,878,final
2025-11-13,celio,cardigan homme,3.6,27,817,final
2025-11-14,celio,cardigan homme,2.8,26,772,final
2025-11-15,celio,cardigan homme,2.8,28,910,final
2025-11-16,celio,cardigan homme,2.4,46,1002,final
2025-11-17,celio,cardigan homme,2.8,35,880,final
2025-11-18,celio,cardigan homme,2.8,30,899,final
2025-11-19,celio,cardigan homme,2.8,38,931,final
2025-11-20,celio,cardigan homme,3.2,41,883,final
2025-11-21,celio,cardigan homme,2.8,41,894,final
2025-11-22,celio,cardigan homme,2.9,44,1189,final
2025-11-23,celio,cardigan homme,4.4,32,1177,final
2025-11-24,celio,cardigan homme,6.6,13,917,final
2025-11-25,celio,cardigan homme,6.4,22,847,final
2025-11-26,celio,cardigan homme,5.7,22,795,final
2025-11-27,celio,cardigan homme,5.5,22,1060,final
2025-11-28,celio,cardigan homme,7.3,11,1098,final
2025-11-29,celio,cardigan homme,7.0,9,1136,final
2025-11-30,celio,cardigan homme,6.8,17,1286,final
2025-12-01,celio,cardigan homme,6.1,22,1018,final
2025-12-02,celio,cardigan homme,3.3,34,1079,final
2025-12-03,celio,cardigan homme,3.4,36,1003,final
2025-12-04,celio,cardigan homme,4.4,33,1006,final
2025-12-05,celio,cardigan homme,6.7,20,956,final
2025-12-06,celio,cardigan homme,3.9,29,1043,final
2025-12-07,celio,cardigan homme,3.8,35,1228,final
2025-12-08,celio,cardigan homme,3.5,41,1138,final
2025-12-09,celio,cardigan homme,3.9,37,970,final
2025-12-10,celio,cardigan homme,3.4,37,1004,final
2025-12-11,celio,cardigan homme,3.2,42,973,final
2025-12-12,celio,cardigan homme,3.1,40,886,final
2025-12-13,celio,cardigan homme,3.8,26,1013,final
2025-12-14,celio,cardigan homme,3.7,37,1197,final
2025-12-15,celio,cardigan homme,3.6,25,1109,final
2025-12-16,celio,cardigan homme,3.8,40,925,final
2025-12-17,celio,cardigan homme,3.7,37,963,final
2025-12-18,celio,cardigan homme,3.6,31,818,final
2025-12-19,celio,cardigan homme,3.6,24,779,final
2025-12-20,celio,cardigan homme,4.7,32,885,final
2025-12-21,celio,cardigan homme,4.2,22,886,final
2025-12-22,celio,cardigan homme,4.1,22,807,final
2025-12-23,celio,cardigan homme,4.1,29,776,final
2025-12-24,celio,cardigan homme,3.9,19,822,final
2025-12-25,celio,cardigan homme,4.8,18,791,final
2025-12-26,celio,cardigan homme,5.4,15,751,final
2025-12-27,celio,cardigan homme,5.9,10,716,final
2025-12-28,celio,cardigan homme,5.5,9,644,final
2025-12-29,celio,cardigan homme,5.6,12,589,final
2025-12-30,celio,cardigan homme,4.1,25,691,final
2025-12-31,celio,cardigan homme,2.6,13,597,final
2026-01-01,celio,cardigan homme,3.3,21,572,final
2026-01-02,celio,cardigan homme,2.9,18,688,final
2026-01-03,celio,cardigan homme,2.9,22,738,final
2026-01-04,celio,cardigan homme,3.5,17,630,final
2026-01-05,celio,cardigan homme,2.9,25,623,final
2026-01-06,celio,cardigan homme,3.1,21,593,final
2026-01-07,celio,cardigan homme,3.3,18,833,final
2026-01-08,celio,cardigan homme,3.8,24,701,final
2026-01-09,celio,cardigan homme,4.0,24,715,final
2026-01-10,celio,cardigan homme,2.9,24,862,final
2026-01-11,celio,cardigan homme,2.7,20,906,final
2026-01-12,celio,cardigan homme,2.6,19,779,final
2026-01-13,celio,cardigan homme,2.8,19,785,final
2026-01-14,celio,cardigan homme,3.2,21,760,final
2026-01-15,celio,cardigan homme,3.9,11,693,final
2026-01-16,celio,cardigan homme,3.2,14,671,final
2026-01-17,celio,cardigan homme,3.1,19,753,final
2026-01-18,celio,cardigan homme,5.0,15,768,final
2026-01-19,celio,cardigan homme,3.3,14,632,final
2026-01-20,celio,cardigan homme,3.6,17,638,final
2026-01-21,celio,cardigan homme,2.8,22,634,final
2026-01-22,celio,cardigan homme,3.1,27,578,final
2026-01-23,celio,cardigan homme,3.4,16,566,final
2026-01-24,celio,cardigan homme,3.8,18,621,final
2026-01-25,celio,cardigan homme,7.0,14,721,final
2026-01-26,celio,cardigan homme,4.9,9,603,final
2026-01-27,celio,cardigan homme,3.4,18,548,final
2026-01-28,celio,cardigan homme,4.5,15,472,final
2026-01-29,celio,cardigan homme,5.5,10,468,final
2026-01-30,celio,cardigan homme,6.2,16,506,final
2026-01-31,celio,cardigan homme,5.1,13,592,final
2026-02-01,celio,cardigan homme,4.4,24,635,final
2026-02-02,celio,cardigan homme,5.0,16,681,final
2026-02-03,celio,cardigan homme,4.2,10,500,final
2026-02-04,celio,cardigan homme,6.7,5,351,final
2026-02-05,celio,cardigan homme,4.2,22,588,final
2026-02-06,celio,cardigan homme,3.8,11,482,final
2026-02-07,celio,cardigan homme,4.3,13,590,final
2026-02-08,celio,cardigan homme,4.6,14,634,final
2026-02-09,celio,cardigan homme,3.7,20,572,final
2026-02-10,celio,cardigan homme,3.1,27,576,final
2026-02-11,celio,cardigan homme,3.3,20,548,final
2026-02-12,celio,cardigan homme,3.3,19,571,final
2026-02-13,celio,cardigan homme,3.2,11,497,final
2026-02-14,celio,cardigan homme,3.3,12,552,final
2026-02-15,celio,cardigan homme,3.6,12,560,final
2026-02-16,celio,cardigan homme,3.2,22,535,final
2026-02-17,celio,cardigan homme,5.7,7,328,final
2026-02-18,celio,cardigan homme,3.3,13,435,final
2026-02-19,celio,cardigan homme,4.2,11,483,final
2026-02-20,celio,cardigan homme,4.3,13,491,final
2026-02-21,celio,cardigan homme,4.3,10,572,final
2026-02-22,celio,cardigan homme,3.7,14,604,final
2026-02-23,celio,cardigan homme,3.8,15,498,final
2026-02-24,celio,cardigan homme,3.5,13,435,final
2026-02-25,celio,cardigan homme,5.6,6,367,final
2026-02-26,celio,cardigan homme,3.5,14,496,final
2026-02-27,celio,cardigan homme,6.5,12,480,final
2026-02-28,celio,cardigan homme,4.6,14,507,final
2026-03-01,celio,cardigan homme,4.1,15,560,final
2026-03-02,celio,cardigan homme,3.9,17,517,final
2026-03-03,celio,cardigan homme,2.4,13,475,final
2026-03-04,celio,cardigan homme,4.1,14,481,final
2026-03-05,celio,cardigan homme,5.1,14,434,final
2026-03-06,celio,cardigan homme,6.0,11,440,final
2026-03-07,celio,cardigan homme,5.3,15,481,final
2026-03-08,celio,cardigan homme,4.9,15,541,final
2026-03-09,celio,cardigan homme,4.3,25,532,final
2026-03-10,celio,cardigan homme,4.3,11,470,final
2026-03-11,celio,cardigan homme,4.7,8,415,final
2026-03-12,celio,cardigan homme,4.1,9,447,final
2026-03-13,celio,cardigan homme,4.3,14,566,final
2026-03-14,celio,cardigan homme,4.2,18,640,final
2026-03-15,celio,cardigan homme,4.0,18,623,final
2026-03-16,celio,cardigan homme,4.5,17,492,final
2026-03-17,celio,cardigan homme,3.5,19,531,final
2026-03-18,celio,cardigan homme,2.6,23,587,final
2026-03-19,celio,cardigan homme,2.4,18,504,final
2026-03-20,celio,cardigan homme,2.9,10,426,final
2026-03-21,celio,cardigan homme,2.7,15,566,final
2026-03-22,celio,cardigan homme,2.7,13,543,final
2026-03-23,celio,cardigan homme,3.0,25,481,final
2026-03-24,celio,cardigan homme,3.2,23,447,final
2026-03-25,celio,cardigan homme,3.2,16,479,final
2026-03-26,celio,cardigan homme,3.3,12,431,final
2026-03-27,celio,cardigan homme,4.6,11,409,final
2026-03-28,celio,cardigan homme,4.0,10,559,final
2026-03-29,celio,cardigan homme,3.6,12,511,final
2026-03-30,celio,cardigan homme,3.7,16,482,final
2026-03-31,celio,cardigan homme,4.9,12,438,final
2026-04-01,celio,cardigan homme,6.5,8,325,final
2026-04-02,celio,cardigan homme,7.8,5,376,final
2026-04-03,celio,cardigan homme,4.6,12,438,final
2026-04-04,celio,cardigan homme,4.5,9,509,final
2026-04-05,celio,cardigan homme,5.2,12,486,final
2026-04-06,celio,cardigan homme,5.5,12,478,final
2026-04-07,celio,cardigan homme,4.1,10,389,final
2026-04-08,celio,cardigan homme,5.0,7,392,final
2026-04-09,celio,cardigan homme,4.3,7,324,final
2026-04-10,celio,cardigan homme,3.4,5,368,final
2026-04-11,celio,cardigan homme,2.7,8,436,final
2026-04-12,celio,cardigan homme,2.4,17,473,final
2026-04-13,celio,cardigan homme,2.0,21,470,final
2026-04-14,celio,cardigan homme,2.0,13,371,final
2026-04-15,celio,cardigan homme,3.6,14,333,final
2026-04-16,celio,cardigan homme,4.2,11,303,final
2026-04-17,celio,cardigan homme,4.1,11,323,final
2026-04-18,celio,cardigan homme,3.4,9,390,final
2026-04-19,celio,cardigan homme,3.5,10,360,final
2026-04-20,celio,cardigan homme,2.9,9,359,final
2026-04-21,celio,cardigan homme,3.5,9,384,final
2026-04-22,celio,cardigan homme,3.1,14,354,final
2026-04-23,celio,cardigan homme,3.6,10,344,final
2026-04-24,celio,cardigan homme,3.5,13,370,final
2026-04-25,celio,cardigan homme,3.8,15,382,final
2026-04-26,celio,cardigan homme,3.5,10,351,final
2026-04-27,celio,cardigan homme,2.9,18,323,final
2026-04-28,celio,cardigan homme,5.7,6,324,final
2026-04-29,celio,cardigan homme,8.0,4,326,final
2026-04-30,celio,cardigan homme,5.6,3,303,final
2026-05-01,celio,cardigan homme,6.3,4,317,final
2026-05-02,celio,cardigan homme,5.1,8,307,final
2026-05-03,celio,cardigan homme,5.5,7,348,final
2026-05-04,celio,cardigan homme,5.8,7,351,final
2026-05-05,celio,cardigan homme,5.9,3,328,final
2026-05-06,celio,cardigan homme,6.4,10,338,final
2026-05-07,celio,cardigan homme,5.9,7,328,final
2026-05-08,celio,cardigan homme,3.2,6,321,final
2026-05-09,celio,cardigan homme,3.7,7,319,final
2026-05-10,celio,cardigan homme,3.8,11,408,final
2026-05-11,celio,cardigan homme,3.7,12,354,final
2026-05-12,celio,cardigan homme,5.3,8,346,final
2026-05-13,celio,cardigan homme,6.9,6,374,final
2026-05-14,celio,cardigan homme,4.9,7,444,final
2026-05-15,celio,cardigan homme,4.7,9,380,final
2026-05-16,celio,cardigan homme,4.9,10,422,final
2026-05-17,celio,cardigan homme,5.3,4,362,final
2026-05-18,celio,cardigan homme,4.7,3,329,final
2026-05-19,celio,cardigan homme,6.4,5,337,final
2026-05-20,celio,cardigan homme,5.3,10,274,final
2026-05-21,celio,cardigan homme,5.8,2,173,final
2026-05-22,celio,cardigan homme,2.4,2,218,final
2026-05-23,celio,cardigan homme,4.1,11,248,final
2026-05-24,celio,cardigan homme,4.5,11,223,final
2026-05-25,celio,cardigan homme,5.2,1,195,final
2026-05-26,celio,cardigan homme,5.0,3,188,final
2026-05-27,celio,cardigan homme,3.9,0,160,final
2026-05-28,celio,cardigan homme,3.6,1,138,final
2026-05-29,celio,cardigan homme,3.1,2,154,final
2026-05-30,celio,cardigan homme,3.8,2,165,final
2026-05-31,celio,cardigan homme,2.8,7,214,final
2026-06-01,celio,cardigan homme,3.6,5,210,final
2026-06-02,celio,cardigan homme,2.9,4,224,final
2026-06-03,celio,cardigan homme,3.0,10,284,final
2026-06-04,celio,cardigan homme,2.1,8,275,final
2026-06-05,celio,cardigan homme,2.5,9,252,final
2026-06-06,celio,cardigan homme,2.9,10,330,final
2026-06-07,celio,cardigan homme,3.3,8,317,final
2026-06-08,celio,cardigan homme,3.4,8,278,final
2026-06-09,celio,cardigan homme,3.4,3,260,final
2026-06-10,celio,cardigan homme,3.1,5,318,final
2026-06-11,celio,cardigan homme,6.2,3,245,final
2026-06-12,celio,cardigan homme,6.8,1,261,final
2026-06-13,celio,cardigan homme,6.4,3,211,final
2026-06-14,celio,cardigan homme,5.7,1,200,final
2026-06-15,celio,cardigan homme,4.0,3,204,final
2026-06-16,celio,cardigan homme,3.9,1,190,final
2026-06-17,celio,cardigan homme,4.8,3,164,final
2026-06-18,celio,cardigan homme,6.0,1,165,final
2026-06-19,celio,cardigan homme,4.7,1,182,final
2026-06-20,celio,cardigan homme,7.3,3,161,final
2026-06-21,celio,cardigan homme,5.9,2,153,final
2026-06-22,celio,cardigan homme,7.1,4,171,final
2026-06-23,celio,cardigan homme,7.2,0,123,final
2026-06-24,celio,cardigan homme,4.3,2,114,final
2026-06-25,celio,cardigan homme,5.7,0,135,final
2026-06-26,celio,cardigan homme,7.1,4,108,final
2026-06-27,celio,cardigan homme,7.7,1,115,final
2026-06-28,celio,cardigan homme,6.3,1,111,final
2026-06-29,celio,cardigan homme,6.2,0,111,final
2026-06-30,celio,cardigan homme,5.0,1,127,final
2026-07-01,celio,cardigan homme,7.2,2,117,final
2026-07-02,celio,cardigan homme,4.3,2,120,final
2026-07-03,celio,cardigan homme,5.3,2,133,final
2026-07-04,celio,cardigan homme,3.2,2,205,final
2026-07-05,celio,cardigan homme,5.7,1,154,final
2026-07-06,celio,cardigan homme,4.1,0,128,final
2026-07-07,celio,cardigan homme,6.0,0,131,final
2026-07-08,celio,cardigan homme,6.6,1,128,final
2026-07-09,celio,cardigan homme,6.5,0,119,final
2026-07-10,celio,cardigan homme,5.7,2,112,final
2026-07-11,celio,cardigan homme,4.7,1,167,final
2026-07-12,celio,cardigan homme,5.1,3,168,final
2026-07-13,celio,cardigan homme,4.0,1,134,final
2026-07-14,celio,cardigan homme,5.3,4,184,final
2026-07-15,celio,cardigan homme,5.5,1,131,final
2026-07-16,celio,cardigan homme,5.3,1,158,final
2026-07-17,celio,cardigan homme,6.7,2,161,final
2026-07-18,celio,cardigan homme,5.7,2,173,final
2026-07-19,celio,cardigan homme,5.1,2,202,final
2026-07-20,celio,cardigan homme,4.8,1,189,final
2026-07-21,celio,cardigan homme,3.7,0,177,final
2026-07-22,celio,cardigan homme,4.0,3,181,final
2026-07-23,celio,cardigan homme,6.8,4,208,final
2026-07-24,celio,cardigan homme,4.9,1,184,final
2026-07-25,celio,cardigan homme,5.0,2,197,final
2026-07-26,celio,cardigan homme,4.2,4,216,final
2026-07-27,celio,cardigan homme,6.0,5,216,final
2026-07-28,celio,cardigan homme,6.8,3,173,final
2026-07-29,celio,cardigan homme,7.8,2,134,final
2026-07-30,celio,cardigan homme,7.3,4,155,final
2026-07-31,celio,cardigan homme,10.4,0,105,final
2026-08-01,celio,cardigan homme,9.7,1,105,final
2026-08-02,celio,cardigan homme,8.5,0,133,final
2026-08-03,celio,cardigan homme,6.8,2,116,final
2026-08-04,celio,cardigan homme,7.2,3,163,final
2026-08-05,celio,cardigan homme,6.1,5,194,final
2026-08-06,celio,cardigan homme,8.4,0,109,final
2026-08-07,celio,cardigan homme,7.9,1,92,final
2026-08-08,celio,cardigan homme,6.1,5,187,final
2026-08-09,celio,cardigan homme,6.5,2,184,final
2026-08-10,celio,cardigan homme,7.3,4,203,final
2026-08-11,celio,cardigan homme,8.1,3,156,final
2026-08-12,celio,cardigan homme,7.2,2,135,final
2026-08-13,celio,cardigan homme,9.2,2,118,final
2026-08-14,celio,cardigan homme,7.1,2,105,final
2026-08-15,celio,cardigan homme,7.4,3,106,final
2026-08-16,celio,cardigan homme,7.8,3,123,final
2026-08-17,celio,cardigan homme,5.7,3,193,final
2026-08-18,celio,cardigan homme,5.2,4,259,final
2026-08-19,celio,cardigan homme,4.8,4,266,final
2026-08-20,celio,cardigan homme,3.0,9,367,final
2026-08-21,celio,cardigan homme,3.2,8,390,final
2026-08-22,celio,cardigan homme,3.0,11,405,final
2026-08-23,celio,cardigan homme,2.7,14,393,final
2026-08-24,celio,cardigan homme,3.2,9,412,final
2026-08-25,celio,cardigan homme,2.5,8,388,final
2026-08-26,celio,cardigan homme,2.7,7,386,final
2026-08-27,celio,cardigan homme,3.4,8,367,final
2026-08-28,celio,cardigan homme,4.1,5,401,final
2026-08-29,celio,cardigan homme,7.7,6,442,final
2026-08-30,celio,cardigan homme,5.1,8,506,final
2026-08-31,celio,cardigan homme,4.6,7,432,final
2026-09-01,celio,cardigan homme,3.5,19,427,final
2026-09-02,celio,cardigan homme,2.6,13,469,final
2026-09-03,celio,cardigan homme,3.1,18,425,final
2026-09-04,celio,cardigan homme,2.8,16,416,final
2026-09-05,celio,cardigan homme,3.2,7,442,final
2026-09-06,celio,cardigan homme,2.7,12,549,final
2026-09-07,celio,cardigan homme,3.3,17,408,final
2026-09-08,celio,cardigan homme,3.4,13,447,final
2026-09-09,celio,cardigan homme,3.0,12,573,final
2026-09-10,celio,cardigan homme,2.3,22,536,final
2026-09-11,celio,cardigan homme,2.2,17,517,final
2026-09-12,celio,cardigan homme,2.2,24,618,final
2026-09-13,celio,cardigan homme,2.3,26,631,final
2026-09-14,celio,cardigan homme,2.2,17,559,final
2026-09-15,celio,cardigan homme,2.2,13,451,final
2026-09-16,celio,cardigan homme,2.7,15,458,final
2026-09-17,celio,cardigan homme,2.6,19,443,final
2026-09-18,celio,cardigan homme,2.3,22,421,final
2026-09-19,celio,cardigan homme,2.0,31,519,final
2026-09-20,celio,cardigan homme,2.1,24,671,final
2026-09-21,celio,cardigan homme,2.0,24,555,final
2026-09-22,celio,cardigan homme,2.5,23,508,final
2026-09-23,celio,cardigan homme,3.6,19,468,final
2026-09-24,celio,cardigan homme,3.7,10,447,final
2026-09-25,celio,cardigan homme,3.7,5,422,final
2026-09-26,celio,cardigan homme,3.5,21,542,final
2026-09-27,celio,cardigan homme,3.8,18,661,final
2026-09-28,celio,cardigan homme,4.9,13,476,final
2026-09-29,celio,cardigan homme,5.5,8,383,fresh
2026-09-30,celio,cardigan homme,2.5,21,508,fresh
2025-06-08,celio,cargo homme,7.2,4,309,final
2025-06-09,celio,cargo homme,7.1,5,316,final
2025-06-10,celio,cargo homme,7.8,5,315,final
2025-06-11,celio,cargo homme,6.5,5,267,final
2025-06-12,celio,cargo homme,7.9,7,242,final
2025-06-13,celio,cargo homme,7.0,2,206,final
2025-06-14,celio,cargo homme,6.0,4,252,final
2025-06-15,celio,cargo homme,5.2,4,235,final
2025-06-16,celio,cargo homme,5.3,6,261,final
2025-06-17,celio,cargo homme,7.9,3,220,final
2025-06-18,celio,cargo homme,7.7,3,205,final
2025-06-19,celio,cargo homme,5.9,2,216,final
2025-06-20,celio,cargo homme,6.0,0,192,final
2025-06-21,celio,cargo homme,5.9,5,203,final
2025-06-22,celio,cargo homme,4.3,3,217,final
2025-06-23,celio,cargo homme,4.3,2,214,final
2025-06-24,celio,cargo homme,4.4,5,273,final
2025-06-25,celio,cargo homme,4.4,6,287,final
2025-06-26,celio,cargo homme,4.7,5,270,final
2025-06-27,celio,cargo homme,6.4,5,246,final
2025-06-28,celio,cargo homme,5.1,5,278,final
2025-06-29,celio,cargo homme,7.0,2,291,final
2025-06-30,celio,cargo homme,8.1,1,252,final
2025-07-01,celio,cargo homme,5.3,2,200,final
2025-07-02,celio,cargo homme,7.1,4,228,final
2025-07-03,celio,cargo homme,7.1,3,226,final
2025-07-04,celio,cargo homme,6.8,1,229,final
2025-07-05,celio,cargo homme,5.4,5,244,final
2025-07-06,celio,cargo homme,5.0,3,301,final
2025-07-07,celio,cargo homme,6.1,3,272,final
2025-07-08,celio,cargo homme,6.7,0,260,final
2025-07-09,celio,cargo homme,7.5,5,244,final
2025-07-10,celio,cargo homme,6.6,4,232,final
2025-07-11,celio,cargo homme,7.2,0,201,final
2025-07-12,celio,cargo homme,8.4,1,193,final
2025-07-13,celio,cargo homme,6.2,8,210,final
2025-07-14,celio,cargo homme,6.2,1,246,final
2025-07-15,celio,cargo homme,6.4,6,224,final
2025-07-16,celio,cargo homme,7.1,5,237,final
2025-07-17,celio,cargo homme,7.6,5,223,final
2025-07-18,celio,cargo homme,4.3,6,216,final
2025-07-19,celio,cargo homme,3.4,8,273,final
2025-07-20,celio,cargo homme,3.7,6,270,final
2025-07-21,celio,cargo homme,3.8,14,254,final
2025-07-22,celio,cargo homme,4.1,4,247,final
2025-07-23,celio,cargo homme,3.9,8,246,final
2025-07-24,celio,cargo homme,3.5,6,238,final
2025-07-25,celio,cargo homme,3.1,7,245,final
2025-07-26,celio,cargo homme,4.5,5,220,final
2025-07-27,celio,cargo homme,3.3,11,266,final
2025-07-28,celio,cargo homme,2.9,9,232,final
2025-07-29,celio,cargo homme,3.2,5,238,final
2025-07-30,celio,cargo homme,3.8,10,269,final
2025-07-31,celio,cargo homme,4.0,4,273,final
2025-08-01,celio,cargo homme,4.0,13,268,final
2025-08-02,celio,cargo homme,8.0,5,240,final
2025-08-03,celio,cargo homme,9.7,3,219,final
2025-08-04,celio,cargo homme,7.8,3,214,final
2025-08-05,celio,cargo homme,6.9,4,252,final
2025-08-06,celio,cargo homme,8.0,3,228,final
2025-08-07,celio,cargo homme,8.3,4,206,final
2025-08-08,celio,cargo homme,8.3,2,214,final
2025-08-09,celio,cargo homme,7.7,1,226,final
2025-08-10,celio,cargo homme,7.5,1,220,final
2025-08-11,celio,cargo homme,7.5,2,224,final
2025-08-12,celio,cargo homme,7.4,5,235,final
2025-08-13,celio,cargo homme,7.5,5,208,final
2025-08-14,celio,cargo homme,6.5,7,219,final
2025-08-15,celio,cargo homme,6.8,3,210,final
2025-08-16,celio,cargo homme,5.9,6,245,final
2025-08-17,celio,cargo homme,6.3,6,232,final
2025-08-18,celio,cargo homme,5.4,11,268,final
2025-08-19,celio,cargo homme,7.0,7,323,final
2025-08-20,celio,cargo homme,5.7,8,326,final
2025-08-21,celio,cargo homme,5.5,6,324,final
2025-08-22,celio,cargo homme,4.9,10,279,final
2025-08-23,celio,cargo homme,6.2,5,303,final
2025-08-24,celio,cargo homme,6.8,7,301,final
2025-08-25,celio,cargo homme,6.1,5,292,final
2025-08-26,celio,cargo homme,7.3,8,311,final
2025-08-27,celio,cargo homme,8.0,4,283,final
2025-08-28,celio,cargo homme,6.1,6,303,final
2025-08-29,celio,cargo homme,6.6,6,236,final
2025-08-30,celio,cargo homme,7.2,3,326,final
2025-08-31,celio,cargo homme,7.2,2,341,final
2025-09-01,celio,cargo homme,6.9,8,401,final
2025-09-02,celio,cargo homme,6.9,8,368,final
2025-09-03,celio,cargo homme,5.3,8,394,final
2025-09-04,celio,cargo homme,5.1,6,330,final
2025-09-05,celio,cargo homme,4.5,8,332,final
2025-09-06,celio,cargo homme,5.1,8,338,final
2025-09-07,celio,cargo homme,4.5,6,334,final
2025-09-08,celio,cargo homme,3.9,10,300,final
2025-09-09,celio,cargo homme,5.7,9,320,final
2025-09-10,celio,cargo homme,7.3,5,322,final
2025-09-11,celio,cargo homme,6.9,5,313,final
2025-09-12,celio,cargo homme,7.7,2,290,final
2025-09-13,celio,cargo homme,5.1,10,423,final
2025-09-14,celio,cargo homme,6.7,6,364,final
2025-09-15,celio,cargo homme,7.9,5,289,final
2025-09-16,celio,cargo homme,7.4,3,287,final
2025-09-17,celio,cargo homme,8.6,1,283,final
2025-09-18,celio,cargo homme,7.6,4,282,final
2025-09-19,celio,cargo homme,7.3,4,225,final
2025-09-20,celio,cargo homme,7.1,1,281,final
2025-09-21,celio,cargo homme,5.2,10,358,final
2025-09-22,celio,cargo homme,7.3,8,298,final
2025-09-23,celio,cargo homme,6.9,5,289,final
2025-09-24,celio,cargo homme,6.5,10,342,final
2025-09-25,celio,cargo homme,6.5,3,165,final
2025-09-26,celio,cargo homme,5.8,6,273,final
2025-09-27,celio,cargo homme,4.3,10,339,final
2025-09-28,celio,cargo homme,4.8,13,337,final
2025-09-29,celio,cargo homme,8.9,6,233,final
2025-09-30,celio,cargo homme,9.2,3,293,final
2025-10-01,celio,cargo homme,8.7,8,309,final
2025-10-02,celio,cargo homme,8.6,4,221,final
2025-10-03,celio,cargo homme,7.3,8,220,final
2025-10-04,celio,cargo homme,5.2,12,355,final
2025-10-05,celio,cargo homme,7.0,7,324,final
2025-10-06,celio,cargo homme,6.8,12,325,final
2025-10-07,celio,cargo homme,4.9,10,279,final
2025-10-08,celio,cargo homme,8.8,1,167,final
2025-10-09,celio,cargo homme,11.1,1,178,final
2025-10-10,celio,cargo homme,10.4,0,238,final
2025-10-11,celio,cargo homme,5.2,7,285,final
2025-10-12,celio,cargo homme,4.0,20,386,final
2025-10-13,celio,cargo homme,3.6,11,297,final
2025-10-14,celio,cargo homme,5.2,10,270,final
2025-10-15,celio,cargo homme,3.4,10,318,final
2025-10-16,celio,cargo homme,4.6,13,320,final
2025-10-17,celio,cargo homme,2.5,2,252,final
2025-10-18,celio,cargo homme,3.5,11,320,final
2025-10-19,celio,cargo homme,4.8,14,323,final
2025-10-20,celio,cargo homme,3.5,10,299,final
2025-10-21,celio,cargo homme,3.7,8,292,final
2025-10-22,celio,cargo homme,7.9,5,272,final
2025-10-23,celio,cargo homme,9.5,3,227,final
2025-10-24,celio,cargo homme,9.5,2,88,final
2025-10-25,celio,cargo homme,10.1,2,228,final
2025-10-26,celio,cargo homme,9.6,1,78,final
2025-10-27,celio,cargo homme,10.6,0,184,final
2025-10-28,celio,cargo homme,10.1,1,74,final
2025-10-29,celio,cargo homme,8.2,3,74,final
2025-10-30,celio,cargo homme,6.6,0,94,final
2025-10-31,celio,cargo homme,9.5,0,60,final
2025-11-01,celio,cargo homme,11.5,1,65,final
2025-11-02,celio,cargo homme,11.2,0,36,final
2025-11-03,celio,cargo homme,12.7,0,37,final
2025-11-04,celio,cargo homme,9.8,0,52,final
2025-11-05,celio,cargo homme,10.8,1,66,final
2025-11-06,celio,cargo homme,10.3,0,66,final
2025-11-07,celio,cargo homme,10.9,2,49,final
2025-11-08,celio,cargo homme,10.0,0,46,final
2025-11-09,celio,cargo homme,10.9,0,61,final
2025-11-10,celio,cargo homme,10.8,0,57,final
2025-11-11,celio,cargo homme,8.8,1,73,final
2025-11-12,celio,cargo homme,8.3,2,78,final
2025-11-13,celio,cargo homme,9.3,1,95,final
2025-11-14,celio,cargo homme,8.7,1,119,final
2025-11-15,celio,cargo homme,7.2,2,85,final
2025-11-16,celio,cargo homme,7.7,3,116,final
2025-11-17,celio,cargo homme,9.7,1,112,final
2025-11-18,celio,cargo homme,9.2,1,134,final
2025-11-19,celio,cargo homme,8.9,1,98,final
2025-11-20,celio,cargo homme,8.2,3,130,final
2025-11-21,celio,cargo homme,7.8,1,125,final
2025-11-22,celio,cargo homme,8.8,1,128,final
2025-11-23,celio,cargo homme,7.6,4,254,final
2025-11-24,celio,cargo homme,6.9,4,145,final
2025-11-25,celio,cargo homme,6.6,2,100,final
2025-11-26,celio,cargo homme,6.9,7,180,final
2025-11-27,celio,cargo homme,7.2,4,134,final
2025-11-28,celio,cargo homme,7.6,5,260,final
2025-11-29,celio,cargo homme,8.8,2,137,final
2025-11-30,celio,cargo homme,8.9,1,111,final
2025-12-01,celio,cargo homme,7.4,8,198,final
2025-12-02,celio,cargo homme,8.0,3,180,final
2025-12-03,celio,cargo homme,7.0,7,285,final
2025-12-04,celio,cargo homme,8.3,3,127,final
2025-12-05,celio,cargo homme,7.0,2,144,final
2025-12-06,celio,cargo homme,6.5,6,327,final
2025-12-07,celio,cargo homme,5.7,12,363,final
2025-12-08,celio,cargo homme,6.7,3,172,final
2025-12-09,celio,cargo homme,7.5,2,252,final
2025-12-10,celio,cargo homme,6.3,7,297,final
2025-12-11,celio,cargo homme,4.9,11,359,final
2025-12-12,celio,cargo homme,4.5,7,247,final
2025-12-13,celio,cargo homme,5.1,3,199,final
2025-12-15,celio,cargo homme,10.3,4,113,final
2025-12-16,celio,cargo homme,8.8,2,138,final
2025-12-17,celio,cargo homme,7.5,2,97,final
2025-12-18,celio,cargo homme,7.5,3,87,final
2025-12-19,celio,cargo homme,6.5,5,126,final
2025-12-20,celio,cargo homme,8.8,1,73,final
2025-12-21,celio,cargo homme,7.4,3,88,final
2025-12-22,celio,cargo homme,6.4,4,111,final
2025-12-23,celio,cargo homme,8.5,2,90,final
2025-12-24,celio,cargo homme,7.3,0,126,final
2025-12-25,celio,cargo homme,8.5,5,151,final
2025-12-26,celio,cargo homme,7.3,1,113,final
2025-12-27,celio,cargo homme,7.6,0,88,final
2025-12-28,celio,cargo homme,6.9,0,79,final
2025-12-29,celio,cargo homme,8.4,2,109,final
2025-12-30,celio,cargo homme,8.4,1,72,final
2025-12-31,celio,cargo homme,6.1,2,112,final
2026-01-01,celio,cargo homme,7.8,2,49,final
2026-01-02,celio,cargo homme,7.6,2,66,final
2026-01-03,celio,cargo homme,7.6,1,67,final
2026-01-04,celio,cargo homme,8.6,4,69,final
2026-01-05,celio,cargo homme,9.3,2,74,final
2026-01-06,celio,cargo homme,8.9,1,58,final
2026-01-07,celio,cargo homme,8.2,2,97,final
2026-01-08,celio,cargo homme,8.7,1,70,final
2026-01-09,celio,cargo homme,7.7,1,72,final
2026-01-10,celio,cargo homme,7.8,1,44,final
2026-01-11,celio,cargo homme,7.2,0,78,final
2026-01-12,celio,cargo homme,7.7,3,71,final
2026-01-13,celio,cargo homme,7.6,1,55,final
2026-01-14,celio,cargo homme,9.6,1,42,final
2026-01-15,celio,cargo homme,11.0,2,45,final
2026-01-16,celio,cargo homme,11.7,1,40,final
2026-01-17,celio,cargo homme,7.1,0,62,final
2026-01-18,celio,cargo homme,8.9,0,59,final
2026-01-19,celio,cargo homme,9.6,1,52,final
2026-01-20,celio,cargo homme,12.7,0,44,final
2026-01-21,celio,cargo homme,9.6,1,50,final
2026-01-22,celio,cargo homme,9.1,2,61,final
2026-01-23,celio,cargo homme,10.1,1,46,final
2026-01-24,celio,cargo homme,10.4,2,76,final
2026-01-25,celio,cargo homme,13.0,1,30,final
2026-01-26,celio,cargo homme,7.9,2,63,final
2026-01-27,celio,cargo homme,7.9,1,53,final
2026-01-28,celio,cargo homme,9.2,0,40,final
2026-01-29,celio,cargo homme,9.1,0,64,final
2026-01-30,celio,cargo homme,9.3,0,72,final
2026-01-31,celio,cargo homme,8.4,3,146,final
2026-02-01,celio,cargo homme,7.7,2,113,final
2026-02-02,celio,cargo homme,7.9,5,99,final
2026-02-03,celio,cargo homme,7.5,2,144,final
2026-02-04,celio,cargo homme,8.2,1,138,final
2026-02-05,celio,cargo homme,8.1,1,193,final
2026-02-06,celio,cargo homme,6.6,6,269,final
2026-02-07,celio,cargo homme,5.6,4,166,final
2026-02-08,celio,cargo homme,5.6,1,119,final
2026-02-09,celio,cargo homme,7.3,7,220,final
2026-02-10,celio,cargo homme,8.9,3,120,final
2026-02-11,celio,cargo homme,6.8,2,120,final
2026-02-12,celio,cargo homme,7.9,3,75,final
2026-02-13,celio,cargo homme,6.3,5,221,final
2026-02-14,celio,cargo homme,4.5,6,195,final
2026-02-15,celio,cargo homme,5.0,5,158,final
2026-02-16,celio,cargo homme,7.4,7,143,final
2026-02-17,celio,cargo homme,3.6,6,139,final
2026-02-18,celio,cargo homme,3.7,8,180,final
2026-02-19,celio,cargo homme,9.2,2,52,final
2026-02-20,celio,cargo homme,9.5,1,77,final
2026-02-21,celio,cargo homme,6.8,1,84,final
2026-02-22,celio,cargo homme,8.8,4,119,final
2026-02-23,celio,cargo homme,6.8,2,117,final
2026-02-24,celio,cargo homme,6.0,7,162,final
2026-02-25,celio,cargo homme,7.9,0,114,final
2026-02-26,celio,cargo homme,4.4,7,174,final
2026-02-27,celio,cargo homme,3.6,13,224,final
2026-02-28,celio,cargo homme,4.4,9,199,final
2026-03-01,celio,cargo homme,3.7,10,214,final
2026-03-02,celio,cargo homme,4.7,11,229,final
2026-03-03,celio,cargo homme,3.4,11,246,final
2026-03-04,celio,cargo homme,3.4,15,290,final
2026-03-05,celio,cargo homme,6.1,7,209,final
2026-03-06,celio,cargo homme,3.4,11,205,final
2026-03-07,celio,cargo homme,4.7,7,253,final
2026-03-08,celio,cargo homme,5.4,4,186,final
2026-03-09,celio,cargo homme,4.0,18,248,final
2026-03-10,celio,cargo homme,5.0,4,185,final
2026-03-11,celio,cargo homme,6.5,4,112,final
2026-03-12,celio,cargo homme,2.9,19,269,final
2026-03-13,celio,cargo homme,2.7,15,332,final
2026-03-14,celio,cargo homme,3.8,12,317,final
2026-03-15,celio,cargo homme,2.5,16,309,final
2026-03-16,celio,cargo homme,4.2,9,277,final
2026-03-17,celio,cargo homme,5.7,6,201,final
2026-03-18,celio,cargo homme,2.8,12,336,final
2026-03-19,celio,cargo homme,2.4,10,220,final
2026-03-20,celio,cargo homme,3.5,12,219,final
2026-03-21,celio,cargo homme,3.0,14,253,final
2026-03-22,celio,cargo homme,2.0,14,276,final
2026-03-23,celio,cargo homme,2.3,12,237,final
2026-03-24,celio,cargo homme,3.2,8,246,final
2026-03-25,celio,cargo homme,2.8,8,247,final
2026-03-26,celio,cargo homme,4.7,3,226,final
2026-03-27,celio,cargo homme,2.5,14,250,final
2026-03-28,celio,cargo homme,2.5,17,324,final
2026-03-29,celio,cargo homme,2.6,18,343,final
2026-03-30,celio,cargo homme,2.5,11,298,final
2026-03-31,celio,cargo homme,3.9,12,257,final
2026-04-01,celio,cargo homme,3.9,8,232,final
2026-04-02,celio,cargo homme,4.4,11,233,final
2026-04-03,celio,cargo homme,3.4,11,238,final
2026-04-04,celio,cargo homme,4.1,6,259,final
2026-04-05,celio,cargo homme,3.7,6,255,final
2026-04-06,celio,cargo homme,3.8,12,258,final
2026-04-07,celio,cargo homme,3.7,6,217,final
2026-04-08,celio,cargo homme,3.5,10,238,final
2026-04-09,celio,cargo homme,3.7,6,235,final
2026-04-10,celio,cargo homme,3.6,8,227,final
2026-04-11,celio,cargo homme,2.7,14,295,final
2026-04-12,celio,cargo homme,2.7,19,318,final
2026-04-13,celio,cargo homme,3.9,18,272,final
2026-04-14,celio,cargo homme,3.7,9,212,final
2026-04-15,celio,cargo homme,3.7,11,219,final
2026-04-16,celio,cargo homme,3,5,209,final
2026-04-17,celio,cargo homme,2.7,10,237,final
2026-04-18,celio,cargo homme,2.9,16,240,final
2026-04-19,celio,cargo homme,2.2,16,283,final
2026-04-20,celio,cargo homme,3.7,11,234,final
2026-04-21,celio,cargo homme,3.0,14,236,final
2026-04-22,celio,cargo homme,3.1,12,227,final
2026-04-23,celio,cargo homme,2.6,13,224,final
2026-04-24,celio,cargo homme,2.7,13,199,final
2026-04-25,celio,cargo homme,2.9,13,247,final
2026-04-26,celio,cargo homme,3.2,15,220,final
2026-04-27,celio,cargo homme,2.9,13,248,final
2026-04-28,celio,cargo homme,2.6,11,225,final
2026-04-29,celio,cargo homme,3.4,11,245,final
2026-04-30,celio,cargo homme,2.6,12,212,final
2026-05-01,celio,cargo homme,2.5,20,262,final
2026-05-02,celio,cargo homme,2.2,20,287,final
2026-05-03,celio,cargo homme,2.1,12,262,final
2026-05-04,celio,cargo homme,3.0,22,278,final
2026-05-05,celio,cargo homme,2.5,9,226,final
2026-05-06,celio,cargo homme,2.4,16,231,final
2026-05-07,celio,cargo homme,2.2,11,232,final
2026-05-08,celio,cargo homme,3.0,14,261,final
2026-05-09,celio,cargo homme,3.0,16,245,final
2026-05-10,celio,cargo homme,2.5,13,283,final
2026-05-11,celio,cargo homme,2.7,16,245,final
2026-05-12,celio,cargo homme,2.3,17,244,final
2026-05-13,celio,cargo homme,3.6,7,239,final
2026-05-14,celio,cargo homme,3.4,9,219,final
2026-05-15,celio,cargo homme,2.6,4,225,final
2026-05-16,celio,cargo homme,3.4,9,222,final
2026-05-17,celio,cargo homme,2.8,16,263,final
2026-05-18,celio,cargo homme,2.5,9,220,final
2026-05-19,celio,cargo homme,2.8,11,220,final
2026-05-20,celio,cargo homme,3.5,9,187,final
2026-05-21,celio,cargo homme,6.4,3,100,final
2026-05-22,celio,cargo homme,5.2,4,170,final
2026-05-23,celio,cargo homme,4.9,8,183,final
2026-05-24,celio,cargo homme,4.6,2,169,final
2026-05-25,celio,cargo homme,4.2,6,212,final
2026-05-26,celio,cargo homme,4.3,5,172,final
2026-05-27,celio,cargo homme,4.3,6,145,final
2026-05-28,celio,cargo homme,4.2,3,160,final
2026-05-29,celio,cargo homme,4.1,4,150,final
2026-05-30,celio,cargo homme,5.6,3,150,final
2026-05-31,celio,cargo homme,5.3,4,152,final
2026-06-01,celio,cargo homme,5.2,2,158,final
2026-06-02,celio,cargo homme,2.6,9,162,final
2026-06-03,celio,cargo homme,2.2,9,173,final
2026-06-04,celio,cargo homme,2.9,11,218,final
2026-06-05,celio,cargo homme,2.3,14,228,final
2026-06-06,celio,cargo homme,2.9,9,210,final
2026-06-07,celio,cargo homme,2.9,7,220,final
2026-06-08,celio,cargo homme,2.6,9,186,final
2026-06-09,celio,cargo homme,2.4,5,215,final
2026-06-10,celio,cargo homme,2.5,6,198,final
2026-06-11,celio,cargo homme,2.4,13,214,final
2026-06-12,celio,cargo homme,3.1,7,198,final
2026-06-13,celio,cargo homme,3.2,6,201,final
2026-06-14,celio,cargo homme,4.1,5,190,final
2026-06-15,celio,cargo homme,4.3,8,185,final
2026-06-16,celio,cargo homme,4.5,5,175,final
2026-06-17,celio,cargo homme,4.1,5,203,final
2026-06-18,celio,cargo homme,4.2,4,148,final
2026-06-19,celio,cargo homme,4.5,4,156,final
2026-06-20,celio,cargo homme,5.3,5,180,final
2026-06-21,celio,cargo homme,4.4,3,162,final
2026-06-22,celio,cargo homme,4.6,1,137,final
2026-06-23,celio,cargo homme,4.8,4,140,final
2026-06-24,celio,cargo homme,2.5,5,185,final
2026-06-25,celio,cargo homme,2.5,5,164,final
2026-06-26,celio,cargo homme,2.8,4,148,final
2026-06-27,celio,cargo homme,2.2,7,194,final
2026-06-28,celio,cargo homme,2.1,9,193,final
2026-06-29,celio,cargo homme,2.5,5,165,final
2026-06-30,celio,cargo homme,2.4,4,157,final
2026-07-01,celio,cargo homme,2.5,5,187,final
2026-07-02,celio,cargo homme,2.5,4,191,final
2026-07-03,celio,cargo homme,2.7,6,179,final
2026-07-04,celio,cargo homme,2.4,7,178,final
2026-07-05,celio,cargo homme,2.6,2,177,final
2026-07-06,celio,cargo homme,2.0,3,163,final
2026-07-07,celio,cargo homme,2.1,8,169,final
2026-07-08,celio,cargo homme,2.3,2,148,final
2026-07-09,celio,cargo homme,2.0,7,143,final
2026-07-10,celio,cargo homme,2.3,7,145,final
2026-07-11,celio,cargo homme,2.8,4,163,final
2026-07-12,celio,cargo homme,3.0,7,162,final
2026-07-13,celio,cargo homme,2.7,0,128,final
2026-07-14,celio,cargo homme,2.9,4,153,final
2026-07-15,celio,cargo homme,4,3,145,final
2026-07-16,celio,cargo homme,2.0,5,165,final
2026-07-17,celio,cargo homme,3.0,5,149,final
2026-07-18,celio,cargo homme,2.7,6,162,final
2026-07-19,celio,cargo homme,2.5,8,170,final
2026-07-20,celio,cargo homme,2.7,3,151,final
2026-07-21,celio,cargo homme,3.4,6,153,final
2026-07-22,celio,cargo homme,4.5,2,172,final
2026-07-23,celio,cargo homme,4.9,3,137,final
2026-07-24,celio,cargo homme,7.5,2,139,final
2026-07-25,celio,cargo homme,5.7,5,159,final
2026-07-26,celio,cargo homme,6.4,4,189,final
2026-07-27,celio,cargo homme,4.9,4,162,final
2026-07-28,celio,cargo homme,7.0,3,157,final
2026-07-29,celio,cargo homme,6.1,3,126,final
2026-07-30,celio,cargo homme,5.9,4,155,final
2026-07-31,celio,cargo homme,4.6,2,151,final
2026-08-01,celio,cargo homme,4.4,3,166,final
2026-08-02,celio,cargo homme,4.4,8,191,final
2026-08-03,celio,cargo homme,3.8,5,149,final
2026-08-04,celio,cargo homme,3.2,5,188,final
2026-08-05,celio,cargo homme,2.6,8,187,final
2026-08-06,celio,cargo homme,2.9,7,188,final
2026-08-07,celio,cargo homme,2.7,4,165,final
2026-08-08,celio,cargo homme,4.2,5,155,final
2026-08-09,celio,cargo homme,5.3,4,143,final
2026-08-10,celio,cargo homme,4.2,0,159,final
2026-08-11,celio,cargo homme,5.2,6,176,final
2026-08-12,celio,cargo homme,4.5,4,167,final
2026-08-13,celio,cargo homme,5.1,7,155,final
2026-08-14,celio,cargo homme,4.6,3,162,final
2026-08-15,celio,cargo homme,3.6,4,168,final
2026-08-16,celio,cargo homme,4.8,6,185,final
2026-08-17,celio,cargo homme,3.5,8,194,final
2026-08-18,celio,cargo homme,4.9,6,236,final
2026-08-19,celio,cargo homme,4.3,8,236,final
2026-08-20,celio,cargo homme,4.9,8,223,final
2026-08-21,celio,cargo homme,6.7,9,212,final
2026-08-22,celio,cargo homme,4.5,8,234,final
2026-08-23,celio,cargo homme,5.2,2,186,final
2026-08-24,celio,cargo homme,4.9,5,227,final
2026-08-25,celio,cargo homme,4.7,10,230,final
2026-08-26,celio,cargo homme,3.3,10,225,final
2026-08-27,celio,cargo homme,8.3,4,206,final
2026-08-28,celio,cargo homme,7.0,4,266,final
2026-08-29,celio,cargo homme,7.0,6,235,final
2026-08-30,celio,cargo homme,8.6,6,196,final
2026-08-31,celio,cargo homme,11.5,5,205,final
2026-09-01,celio,cargo homme,10.2,6,205,final
2026-09-02,celio,cargo homme,7.4,6,187,final
2026-09-03,celio,cargo homme,6.9,1,121,final
2026-09-04,celio,cargo homme,7.3,1,102,final
2026-09-05,celio,cargo homme,6.6,2,190,final
2026-09-06,celio,cargo homme,6.0,8,214,final
2026-09-07,celio,cargo homme,6.6,2,220,final
2026-09-08,celio,cargo homme,7.8,6,224,final
2026-09-09,celio,cargo homme,5.9,4,221,final
2026-09-10,celio,cargo homme,4.1,8,233,final
2026-09-11,celio,cargo homme,3.3,12,225,final
2026-09-12,celio,cargo homme,2.8,9,224,final
2026-09-13,celio,cargo homme,3.2,13,220,final
2026-09-14,celio,cargo homme,4.0,13,220,final
2026-09-15,celio,cargo homme,3.6,7,173,final
2026-09-16,celio,cargo homme,4.2,8,194,final
2026-09-17,celio,cargo homme,3.6,11,168,final
2026-09-18,celio,cargo homme,5.4,5,112,final
2026-09-19,celio,cargo homme,5.5,3,160,final
2026-09-20,celio,cargo homme,6.6,13,197,final
2026-09-21,celio,cargo homme,6.0,3,177,final
2026-09-22,celio,cargo homme,5.9,2,190,final
2026-09-23,celio,cargo homme,3.6,9,225,final
2026-09-24,celio,cargo homme,3.2,9,206,final
2026-09-25,celio,cargo homme,3.4,6,176,final
2026-09-26,celio,cargo homme,2.5,9,233,final
2026-09-27,celio,cargo homme,2.9,8,243,final
2026-09-28,celio,cargo homme,2.8,8,211,final
2026-09-29,celio,cargo homme,3.1,8,165,fresh
2026-09-30,celio,cargo homme,3.7,10,193,fresh
2025-06-08,celio,chemise blanche homme,2.0,10,328,final
2025-06-09,celio,chemise blanche homme,2.1,21,369,final
2025-06-10,celio,chemise blanche homme,2.6,17,365,final
2025-06-11,celio,chemise blanche homme,2.7,10,366,final
2025-06-12,celio,chemise blanche homme,2.9,11,358,final
2025-06-13,celio,chemise blanche homme,3.1,3,395,final
2025-06-14,celio,chemise blanche homme,2.9,10,362,final
2025-06-15,celio,chemise blanche homme,2.7,16,416,final
2025-06-16,celio,chemise blanche homme,2.7,12,365,final
2025-06-17,celio,chemise blanche homme,3.2,8,368,final
2025-06-18,celio,chemise blanche homme,4.1,14,374,final
2025-06-19,celio,chemise blanche homme,2.5,15,335,final
2025-06-20,celio,chemise blanche homme,3.0,4,321,final
2025-06-21,celio,chemise blanche homme,2.8,8,331,final
2025-06-22,celio,chemise blanche homme,2.5,4,341,final
2025-06-23,celio,chemise blanche homme,2.3,15,391,final
2025-06-24,celio,chemise blanche homme,2.4,12,373,final
2025-06-25,celio,chemise blanche homme,2.8,7,466,final
2025-06-26,celio,chemise blanche homme,2.6,16,377,final
2025-06-27,celio,chemise blanche homme,2.9,4,408,final
2025-06-28,celio,chemise blanche homme,2.7,5,376,final
2025-06-29,celio,chemise blanche homme,2.5,8,392,final
2025-06-30,celio,chemise blanche homme,3.6,13,397,final
2025-07-01,celio,chemise blanche homme,4.9,8,355,final
2025-07-02,celio,chemise blanche homme,5.3,6,381,final
2025-07-03,celio,chemise blanche homme,5.5,15,324,final
2025-07-04,celio,chemise blanche homme,5.8,7,320,final
2025-07-05,celio,chemise blanche homme,6.0,6,345,final
2025-07-06,celio,chemise blanche homme,6.4,12,423,final
2025-07-07,celio,chemise blanche homme,6.3,7,381,final
2025-07-08,celio,chemise blanche homme,6.6,7,348,final
2025-07-09,celio,chemise blanche homme,7.2,5,338,final
2025-07-10,celio,chemise blanche homme,7.2,0,277,final
2025-07-11,celio,chemise blanche homme,6.1,6,290,final
2025-07-12,celio,chemise blanche homme,4.4,8,301,final
2025-07-13,celio,chemise blanche homme,2.6,12,259,final
2025-07-14,celio,chemise blanche homme,2.7,11,323,final
2025-07-15,celio,chemise blanche homme,2.7,4,294,final
2025-07-16,celio,chemise blanche homme,3.0,6,326,final
2025-07-17,celio,chemise blanche homme,2.7,10,255,final
2025-07-18,celio,chemise blanche homme,2.7,10,242,final
2025-07-19,celio,chemise blanche homme,3.4,3,272,final
2025-07-20,celio,chemise blanche homme,3.8,6,333,final
2025-07-21,celio,chemise blanche homme,3.5,19,361,final
2025-07-22,celio,chemise blanche homme,3.7,6,299,final
2025-07-23,celio,chemise blanche homme,4.0,5,257,final
2025-07-24,celio,chemise blanche homme,4.0,11,248,final
2025-07-25,celio,chemise blanche homme,3.8,2,244,final
2025-07-26,celio,chemise blanche homme,3.7,7,259,final
2025-07-27,celio,chemise blanche homme,4.1,6,277,final
2025-07-28,celio,chemise blanche homme,3.6,11,273,final
2025-07-29,celio,chemise blanche homme,4.2,9,244,final
2025-07-30,celio,chemise blanche homme,4.0,5,247,final
2025-07-31,celio,chemise blanche homme,3.5,12,277,final
2025-08-01,celio,chemise blanche homme,3,7,219,final
2025-08-02,celio,chemise blanche homme,3.4,7,275,final
2025-08-03,celio,chemise blanche homme,3.7,5,252,final
2025-08-04,celio,chemise blanche homme,3.2,9,276,final
2025-08-05,celio,chemise blanche homme,3.0,6,238,final
2025-08-06,celio,chemise blanche homme,2.7,6,251,final
2025-08-07,celio,chemise blanche homme,2.1,11,232,final
2025-08-08,celio,chemise blanche homme,2.7,7,237,final
2025-08-09,celio,chemise blanche homme,2.6,5,261,final
2025-08-10,celio,chemise blanche homme,3.2,7,235,final
2025-08-11,celio,chemise blanche homme,3.2,5,261,final
2025-08-12,celio,chemise blanche homme,3.4,5,251,final
2025-08-13,celio,chemise blanche homme,3.2,5,234,final
2025-08-14,celio,chemise blanche homme,3.0,4,235,final
2025-08-15,celio,chemise blanche homme,3.6,3,237,final
2025-08-16,celio,chemise blanche homme,3.4,8,213,final
2025-08-17,celio,chemise blanche homme,3.3,8,248,final
2025-08-18,celio,chemise blanche homme,3.4,4,269,final
2025-08-19,celio,chemise blanche homme,3.1,8,249,final
2025-08-20,celio,chemise blanche homme,3.2,2,239,final
2025-08-21,celio,chemise blanche homme,3.0,4,257,final
2025-08-22,celio,chemise blanche homme,3.1,1,248,final
2025-08-23,celio,chemise blanche homme,3.6,4,254,final
2025-08-24,celio,chemise blanche homme,3.4,7,265,final
2025-08-25,celio,chemise blanche homme,2.7,9,226,final
2025-08-26,celio,chemise blanche homme,3.1,8,261,final
2025-08-27,celio,chemise blanche homme,2.8,13,338,final
2025-08-28,celio,chemise blanche homme,3.2,10,303,final
2025-08-29,celio,chemise blanche homme,3.5,9,263,final
2025-08-30,celio,chemise blanche homme,3.4,3,279,final
2025-08-31,celio,chemise blanche homme,3.5,6,325,final
2025-09-01,celio,chemise blanche homme,3.4,14,325,final
2025-09-02,celio,chemise blanche homme,3.2,7,321,final
2025-09-03,celio,chemise blanche homme,3.6,5,301,final
2025-09-04,celio,chemise blanche homme,3.5,10,303,final
2025-09-05,celio,chemise blanche homme,3.6,8,297,final
2025-09-06,celio,chemise blanche homme,3.4,10,308,final
2025-09-07,celio,chemise blanche homme,3.6,8,300,final
2025-09-08,celio,chemise blanche homme,3.2,10,302,final
2025-09-09,celio,chemise blanche homme,3.1,8,317,final
2025-09-10,celio,chemise blanche homme,3.2,6,288,final
2025-09-11,celio,chemise blanche homme,3.0,10,301,final
2025-09-12,celio,chemise blanche homme,2.9,12,299,final
2025-09-13,celio,chemise blanche homme,2.9,10,303,final
2025-09-14,celio,chemise blanche homme,3.3,7,294,final
2025-09-15,celio,chemise blanche homme,3.2,8,288,final
2025-09-16,celio,chemise blanche homme,3.3,9,281,final
2025-09-17,celio,chemise blanche homme,2.8,10,255,final
2025-09-18,celio,chemise blanche homme,2.9,12,260,final
2025-09-19,celio,chemise blanche homme,2.9,12,270,final
2025-09-20,celio,chemise blanche homme,3.1,12,299,final
2025-09-21,celio,chemise blanche homme,2.7,12,319,final
2025-09-22,celio,chemise blanche homme,2.5,10,280,final
2025-09-23,celio,chemise blanche homme,2.8,15,269,final
2025-09-24,celio,chemise blanche homme,2.6,10,269,final
2025-09-25,celio,chemise blanche homme,3.3,7,232,final
2025-09-26,celio,chemise blanche homme,2.6,11,244,final
2025-09-27,celio,chemise blanche homme,2.5,10,263,final
2025-09-28,celio,chemise blanche homme,2.8,8,280,final
2025-09-29,celio,chemise blanche homme,2.7,14,239,final
2025-09-30,celio,chemise blanche homme,2.6,5,257,final
2025-10-01,celio,chemise blanche homme,2.3,7,228,final
2025-10-02,celio,chemise blanche homme,2.9,11,257,final
2025-10-03,celio,chemise blanche homme,1.7,11,229,final
2025-10-04,celio,chemise blanche homme,2.4,14,293,final
2025-10-05,celio,chemise blanche homme,1.6,10,246,final
2025-10-06,celio,chemise blanche homme,1.9,10,266,final
2025-10-07,celio,chemise blanche homme,2.8,7,234,final
2025-10-08,celio,chemise blanche homme,3.2,9,266,final
2025-10-09,celio,chemise blanche homme,3.2,5,225,final
2025-10-10,celio,chemise blanche homme,2.8,6,234,final
2025-10-11,celio,chemise blanche homme,3.3,6,267,final
2025-10-12,celio,chemise blanche homme,2.9,6,268,final
2025-10-13,celio,chemise blanche homme,2.5,6,268,final
2025-10-14,celio,chemise blanche homme,2.9,3,239,final
2025-10-15,celio,chemise blanche homme,2.7,10,237,final
2025-10-16,celio,chemise blanche homme,2.9,10,252,final
2025-10-17,celio,chemise blanche homme,3.4,5,234,final
2025-10-18,celio,chemise blanche homme,3.9,2,205,final
2025-10-19,celio,chemise blanche homme,3.4,5,242,final
2025-10-20,celio,chemise blanche homme,3.1,6,268,final
2025-10-21,celio,chemise blanche homme,3.3,6,255,final
2025-10-22,celio,chemise blanche homme,3.7,5,227,final
2025-10-23,celio,chemise blanche homme,3.7,7,256,final
2025-10-24,celio,chemise blanche homme,4.3,3,259,final
2025-10-25,celio,chemise blanche homme,3.5,4,224,final
2025-10-26,celio,chemise blanche homme,3.1,3,253,final
2025-10-27,celio,chemise blanche homme,3.2,8,245,final
2025-10-28,celio,chemise blanche homme,3.6,5,257,final
2025-10-29,celio,chemise blanche homme,3.7,6,275,final
2025-10-30,celio,chemise blanche homme,3.5,10,243,final
2025-10-31,celio,chemise blanche homme,2.9,7,239,final
2025-11-01,celio,chemise blanche homme,3.1,7,252,final
2025-11-02,celio,chemise blanche homme,3.1,5,296,final
2025-11-03,celio,chemise blanche homme,3.2,10,230,final
2025-11-04,celio,chemise blanche homme,3.0,7,218,final
2025-11-05,celio,chemise blanche homme,2.9,6,246,final
2025-11-06,celio,chemise blanche homme,3.5,5,240,final
2025-11-07,celio,chemise blanche homme,3.6,4,237,final
2025-11-08,celio,chemise blanche homme,3.7,11,249,final
2025-11-09,celio,chemise blanche homme,3.3,11,263,final
2025-11-10,celio,chemise blanche homme,3.4,8,258,final
2025-11-11,celio,chemise blanche homme,3.3,7,299,final
2025-11-12,celio,chemise blanche homme,3.0,6,252,final
2025-11-13,celio,chemise blanche homme,3.0,9,257,final
2025-11-14,celio,chemise blanche homme,3.5,9,250,final
2025-11-15,celio,chemise blanche homme,3.6,8,262,final
2025-11-16,celio,chemise blanche homme,3.1,8,338,final
2025-11-17,celio,chemise blanche homme,2.9,10,279,final
2025-11-18,celio,chemise blanche homme,2.8,11,231,final
2025-11-19,celio,chemise blanche homme,2.8,6,229,final
2025-11-20,celio,chemise blanche homme,3.2,7,247,final
2025-11-21,celio,chemise blanche homme,3.3,8,253,final
2025-11-22,celio,chemise blanche homme,3.0,9,299,final
2025-11-23,celio,chemise blanche homme,3.2,11,321,final
2025-11-24,celio,chemise blanche homme,3.4,10,281,final
2025-11-25,celio,chemise blanche homme,3.3,6,289,final
2025-11-26,celio,chemise blanche homme,3.4,5,331,final
2025-11-27,celio,chemise blanche homme,4.4,6,305,final
2025-11-28,celio,chemise blanche homme,4.6,7,405,final
2025-11-29,celio,chemise blanche homme,4.4,5,383,final
2025-11-30,celio,chemise blanche homme,3.9,7,412,final
2025-12-01,celio,chemise blanche homme,4.2,8,401,final
2025-12-02,celio,chemise blanche homme,5.0,7,340,final
2025-12-03,celio,chemise blanche homme,4.2,11,322,final
2025-12-04,celio,chemise blanche homme,3.2,14,337,final
2025-12-05,celio,chemise blanche homme,2.8,4,266,final
2025-12-06,celio,chemise blanche homme,2.9,9,293,final
2025-12-07,celio,chemise blanche homme,3.6,9,431,final
2025-12-08,celio,chemise blanche homme,3.7,5,410,final
2025-12-09,celio,chemise blanche homme,3.5,11,312,final
2025-12-10,celio,chemise blanche homme,3.4,8,367,final
2025-12-11,celio,chemise blanche homme,3.4,12,332,final
2025-12-12,celio,chemise blanche homme,3.5,6,281,final
2025-12-13,celio,chemise blanche homme,4.5,10,392,final
2025-12-14,celio,chemise blanche homme,4.0,16,407,final
2025-12-15,celio,chemise blanche homme,3.6,12,348,final
2025-12-16,celio,chemise blanche homme,3.6,18,354,final
2025-12-17,celio,chemise blanche homme,3.7,11,331,final
2025-12-18,celio,chemise blanche homme,3.3,9,289,final
2025-12-19,celio,chemise blanche homme,3.6,11,316,final
2025-12-20,celio,chemise blanche homme,4.4,14,316,final
2025-12-21,celio,chemise blanche homme,3.8,13,346,final
2025-12-22,celio,chemise blanche homme,4.0,8,333,final
2025-12-23,celio,chemise blanche homme,4.1,8,271,final
2025-12-24,celio,chemise blanche homme,3.5,7,220,final
2025-12-25,celio,chemise blanche homme,3.9,5,241,final
2025-12-26,celio,chemise blanche homme,4.7,6,256,final
2025-12-27,celio,chemise blanche homme,5.0,3,244,final
2025-12-28,celio,chemise blanche homme,4.5,7,224,final
2025-12-29,celio,chemise blanche homme,4.5,10,285,final
2025-12-30,celio,chemise blanche homme,2.9,6,269,final
2025-12-31,celio,chemise blanche homme,2.9,5,227,final
2026-01-01,celio,chemise blanche homme,4.0,5,203,final
2026-01-02,celio,chemise blanche homme,3.5,4,182,final
2026-01-03,celio,chemise blanche homme,3.8,3,213,final
2026-01-04,celio,chemise blanche homme,3.2,6,170,final
2026-01-05,celio,chemise blanche homme,2.6,8,170,final
2026-01-06,celio,chemise blanche homme,2.6,3,123,final
2026-01-07,celio,chemise blanche homme,2.4,11,293,final
2026-01-08,celio,chemise blanche homme,3.2,6,219,final
2026-01-09,celio,chemise blanche homme,2.5,5,178,final
2026-01-10,celio,chemise blanche homme,3.2,5,246,final
2026-01-11,celio,chemise blanche homme,3.1,4,251,final
2026-01-12,celio,chemise blanche homme,2.5,7,269,final
2026-01-13,celio,chemise blanche homme,2.1,8,226,final
2026-01-14,celio,chemise blanche homme,2.6,8,219,final
2026-01-15,celio,chemise blanche homme,1.9,9,224,final
2026-01-16,celio,chemise blanche homme,1.9,6,226,final
2026-01-17,celio,chemise blanche homme,3.2,9,259,final
2026-01-18,celio,chemise blanche homme,5.0,17,293,final
2026-01-19,celio,chemise blanche homme,3.0,8,217,final
2026-01-20,celio,chemise blanche homme,2.3,8,226,final
2026-01-21,celio,chemise blanche homme,2.3,14,256,final
2026-01-22,celio,chemise blanche homme,3.0,6,239,final
2026-01-23,celio,chemise blanche homme,3.0,7,233,final
2026-01-24,celio,chemise blanche homme,2.7,13,281,final
2026-01-25,celio,chemise blanche homme,6.0,10,279,final
2026-01-26,celio,chemise blanche homme,3.4,7,243,final
2026-01-27,celio,chemise blanche homme,3.8,7,216,final
2026-01-28,celio,chemise blanche homme,3.1,5,209,final
2026-01-29,celio,chemise blanche homme,3.5,12,238,final
2026-01-30,celio,chemise blanche homme,2.6,7,202,final
2026-01-31,celio,chemise blanche homme,2.8,11,310,final
2026-02-01,celio,chemise blanche homme,3.6,9,294,final
2026-02-02,celio,chemise blanche homme,2.9,9,270,final
2026-02-03,celio,chemise blanche homme,2.1,14,256,final
2026-02-04,celio,chemise blanche homme,2.3,12,246,final
2026-02-05,celio,chemise blanche homme,2.8,14,277,final
2026-02-06,celio,chemise blanche homme,3.0,7,232,final
2026-02-07,celio,chemise blanche homme,2.7,4,195,final
2026-02-08,celio,chemise blanche homme,3.2,16,240,final
2026-02-09,celio,chemise blanche homme,2.6,10,216,final
2026-02-10,celio,chemise blanche homme,2.8,10,242,final
2026-02-11,celio,chemise blanche homme,2.2,4,228,final
2026-02-12,celio,chemise blanche homme,2.0,7,238,final
2026-02-13,celio,chemise blanche homme,3.2,10,185,final
2026-02-14,celio,chemise blanche homme,6.5,5,148,final
2026-02-15,celio,chemise blanche homme,7.4,3,122,final
2026-02-16,celio,chemise blanche homme,4.9,2,142,final
2026-02-17,celio,chemise blanche homme,4.5,5,150,final
2026-02-18,celio,chemise blanche homme,3.1,3,165,final
2026-02-19,celio,chemise blanche homme,2.4,5,168,final
2026-02-20,celio,chemise blanche homme,2.9,4,158,final
2026-02-21,celio,chemise blanche homme,4.7,6,192,final
2026-02-22,celio,chemise blanche homme,5.1,3,193,final
2026-02-23,celio,chemise blanche homme,3.0,3,147,final
2026-02-24,celio,chemise blanche homme,2.2,6,189,final
2026-02-25,celio,chemise blanche homme,2.2,5,199,final
2026-02-26,celio,chemise blanche homme,3.6,4,162,final
2026-02-27,celio,chemise blanche homme,4.4,6,173,final
2026-02-28,celio,chemise blanche homme,5.7,4,165,final
2026-03-01,celio,chemise blanche homme,6.3,2,179,final
2026-03-02,celio,chemise blanche homme,7.5,3,153,final
2026-03-03,celio,chemise blanche homme,3.5,5,182,final
2026-03-04,celio,chemise blanche homme,3.6,5,196,final
2026-03-05,celio,chemise blanche homme,2.5,11,207,final
2026-03-06,celio,chemise blanche homme,5.0,7,189,final
2026-03-07,celio,chemise blanche homme,4.4,5,214,final
2026-03-08,celio,chemise blanche homme,3.9,9,195,final
2026-03-09,celio,chemise blanche homme,4.4,7,189,final
2026-03-10,celio,chemise blanche homme,3.6,6,156,final
2026-03-11,celio,chemise blanche homme,3.4,7,196,final
2026-03-12,celio,chemise blanche homme,3.5,3,204,final
2026-03-13,celio,chemise blanche homme,2.3,3,201,final
2026-03-14,celio,chemise blanche homme,6.5,11,168,final
2026-03-15,celio,chemise blanche homme,4.0,8,237,final
2026-03-16,celio,chemise blanche homme,3.7,6,233,final
2026-03-17,celio,chemise blanche homme,3.8,8,189,final
2026-03-18,celio,chemise blanche homme,3.3,8,250,final
2026-03-19,celio,chemise blanche homme,2.9,8,215,final
2026-03-20,celio,chemise blanche homme,2.9,4,232,final
2026-03-21,celio,chemise blanche homme,2.7,12,261,final
2026-03-22,celio,chemise blanche homme,3.1,7,258,final
2026-03-23,celio,chemise blanche homme,2.7,12,254,final
2026-03-24,celio,chemise blanche homme,2.4,8,208,final
2026-03-25,celio,chemise blanche homme,2.4,10,233,final
2026-03-26,celio,chemise blanche homme,2.4,13,204,final
2026-03-27,celio,chemise blanche homme,2.7,5,225,final
2026-03-28,celio,chemise blanche homme,2.5,8,230,final
2026-03-29,celio,chemise blanche homme,2.9,10,255,final
2026-03-30,celio,chemise blanche homme,2.5,3,239,final
2026-03-31,celio,chemise blanche homme,2.8,11,215,final
2026-04-01,celio,chemise blanche homme,3.0,12,234,final
2026-04-02,celio,chemise blanche homme,2.8,6,249,final
2026-04-03,celio,chemise blanche homme,2.6,8,221,final
2026-04-04,celio,chemise blanche homme,3.3,1,234,final
2026-04-05,celio,chemise blanche homme,2.8,11,240,final
2026-04-06,celio,chemise blanche homme,2.4,8,280,final
2026-04-07,celio,chemise blanche homme,2.6,14,277,final
2026-04-08,celio,chemise blanche homme,2.9,10,231,final
2026-04-09,celio,chemise blanche homme,2.8,12,254,final
2026-04-10,celio,chemise blanche homme,2.4,13,236,final
2026-04-11,celio,chemise blanche homme,2.8,13,270,final
2026-04-12,celio,chemise blanche homme,2.4,15,320,final
2026-04-13,celio,chemise blanche homme,2.5,5,243,final
2026-04-14,celio,chemise blanche homme,2.8,9,258,final
2026-04-15,celio,chemise blanche homme,2.3,13,268,final
2026-04-16,celio,chemise blanche homme,2.2,9,231,final
2026-04-17,celio,chemise blanche homme,2.1,9,227,final
2026-04-18,celio,chemise blanche homme,2.2,9,225,final
2026-04-19,celio,chemise blanche homme,3.0,9,259,final
2026-04-20,celio,chemise blanche homme,2.4,14,289,final
2026-04-21,celio,chemise blanche homme,2.7,9,254,final
2026-04-22,celio,chemise blanche homme,2.3,9,249,final
2026-04-23,celio,chemise blanche homme,2.7,13,235,final
2026-04-24,celio,chemise blanche homme,2.6,12,239,final
2026-04-25,celio,chemise blanche homme,2.9,1,231,final
2026-04-26,celio,chemise blanche homme,2.8,10,300,final
2026-04-27,celio,chemise blanche homme,2.4,8,269,final
2026-04-28,celio,chemise blanche homme,2.2,10,265,final
2026-04-29,celio,chemise blanche homme,2.3,11,276,final
2026-04-30,celio,chemise blanche homme,2,3,252,final
2026-05-01,celio,chemise blanche homme,2.3,14,258,final
2026-05-02,celio,chemise blanche homme,2.9,7,280,final
2026-05-03,celio,chemise blanche homme,2.4,11,301,final
2026-05-04,celio,chemise blanche homme,2.9,9,306,final
2026-05-05,celio,chemise blanche homme,2.1,12,308,final
2026-05-06,celio,chemise blanche homme,2.0,13,285,final
2026-05-07,celio,chemise blanche homme,2.4,10,240,final
2026-05-08,celio,chemise blanche homme,2.6,8,264,final
2026-05-09,celio,chemise blanche homme,2.4,12,301,final
2026-05-10,celio,chemise blanche homme,2.7,5,316,final
2026-05-11,celio,chemise blanche homme,2.8,16,293,final
2026-05-12,celio,chemise blanche homme,3.2,10,259,final
2026-05-13,celio,chemise blanche homme,2.8,4,264,final
2026-05-14,celio,chemise blanche homme,2.1,14,309,final
2026-05-15,celio,chemise blanche homme,2.3,14,309,final
2026-05-16,celio,chemise blanche homme,2.3,7,275,final
2026-05-17,celio,chemise blanche homme,2.6,13,317,final
2026-05-18,celio,chemise blanche homme,2.5,20,297,final
2026-05-19,celio,chemise blanche homme,2.5,7,280,final
2026-05-20,celio,chemise blanche homme,2.5,10,303,final
2026-05-21,celio,chemise blanche homme,2.3,20,330,final
2026-05-22,celio,chemise blanche homme,2.3,13,272,final
2026-05-23,celio,chemise blanche homme,1.8,11,241,final
2026-05-24,celio,chemise blanche homme,2.6,11,261,final
2026-05-25,celio,chemise blanche homme,2.0,12,267,final
2026-05-26,celio,chemise blanche homme,2.2,10,287,final
2026-05-27,celio,chemise blanche homme,1.9,13,266,final
2026-05-28,celio,chemise blanche homme,2.2,14,273,final
2026-05-29,celio,chemise blanche homme,2.4,11,245,final
2026-05-30,celio,chemise blanche homme,2.5,13,230,final
2026-05-31,celio,chemise blanche homme,2.5,10,311,final
2026-06-01,celio,chemise blanche homme,2.2,11,336,final
2026-06-02,celio,chemise blanche homme,1.9,18,317,final
2026-06-03,celio,chemise blanche homme,1.9,19,332,final
2026-06-04,celio,chemise blanche homme,2.2,7,311,final
2026-06-05,celio,chemise blanche homme,2.2,10,317,final
2026-06-06,celio,chemise blanche homme,2.1,6,302,final
2026-06-07,celio,chemise blanche homme,2.1,11,326,final
2026-06-08,celio,chemise blanche homme,2.0,10,340,final
2026-06-09,celio,chemise blanche homme,1.8,10,331,final
2026-06-10,celio,chemise blanche homme,2.1,8,333,final
2026-06-11,celio,chemise blanche homme,2.2,12,300,final
2026-06-12,celio,chemise blanche homme,2.0,13,291,final
2026-06-13,celio,chemise blanche homme,2.3,7,286,final
2026-06-14,celio,chemise blanche homme,2.5,17,314,final
2026-06-15,celio,chemise blanche homme,1.6,9,276,final
2026-06-16,celio,chemise blanche homme,1.9,10,297,final
2026-06-17,celio,chemise blanche homme,2.3,10,309,final
2026-06-18,celio,chemise blanche homme,2.6,13,276,final
2026-06-19,celio,chemise blanche homme,2.2,10,268,final
2026-06-20,celio,chemise blanche homme,1.9,14,295,final
2026-06-21,celio,chemise blanche homme,1.9,13,289,final
2026-06-22,celio,chemise blanche homme,1.9,10,291,final
2026-06-23,celio,chemise blanche homme,2.1,7,302,final
2026-06-24,celio,chemise blanche homme,1.8,10,325,final
2026-06-25,celio,chemise blanche homme,1.6,10,278,final
2026-06-26,celio,chemise blanche homme,1.4,12,294,final
2026-06-27,celio,chemise blanche homme,1.9,13,289,final
2026-06-28,celio,chemise blanche homme,2.2,11,346,final
2026-06-29,celio,chemise blanche homme,1.4,16,311,final
2026-06-30,celio,chemise blanche homme,1.5,10,340,final
2026-07-01,celio,chemise blanche homme,1.9,9,314,final
2026-07-02,celio,chemise blanche homme,1.6,12,322,final
2026-07-03,celio,chemise blanche homme,1.7,8,261,final
2026-07-04,celio,chemise blanche homme,2.0,10,302,final
2026-07-05,celio,chemise blanche homme,2.7,10,268,final
2026-07-06,celio,chemise blanche homme,2.3,18,311,final
2026-07-07,celio,chemise blanche homme,1.6,12,288,final
2026-07-08,celio,chemise blanche homme,1.9,6,283,final
2026-07-09,celio,chemise blanche homme,2.6,5,252,final
2026-07-10,celio,chemise blanche homme,2.3,3,228,final
2026-07-11,celio,chemise blanche homme,2.1,7,287,final
2026-07-12,celio,chemise blanche homme,2.2,4,261,final
2026-07-13,celio,chemise blanche homme,2.5,8,239,final
2026-07-14,celio,chemise blanche homme,2.3,8,266,final
2026-07-15,celio,chemise blanche homme,2.7,11,234,final
2026-07-16,celio,chemise blanche homme,2.6,14,269,final
2026-07-17,celio,chemise blanche homme,2.4,12,206,final
2026-07-18,celio,chemise blanche homme,2.2,7,247,final
2026-07-19,celio,chemise blanche homme,2.4,10,214,final
2026-07-20,celio,chemise blanche homme,2.5,5,239,final
2026-07-21,celio,chemise blanche homme,2.5,9,220,final
2026-07-22,celio,chemise blanche homme,2.8,8,224,final
2026-07-23,celio,chemise blanche homme,2.9,7,228,final
2026-07-24,celio,chemise blanche homme,2.3,5,187,final
2026-07-25,celio,chemise blanche homme,2.3,8,228,final
2026-07-26,celio,chemise blanche homme,2.7,8,271,final
2026-07-27,celio,chemise blanche homme,2.6,12,274,final
2026-07-28,celio,chemise blanche homme,1.9,12,264,final
2026-07-29,celio,chemise blanche homme,2.3,7,219,final
2026-07-30,celio,chemise blanche homme,2.6,7,262,final
2026-07-31,celio,chemise blanche homme,2.3,9,221,final
2026-08-01,celio,chemise blanche homme,2.6,9,220,final
2026-08-02,celio,chemise blanche homme,3.5,7,229,final
2026-08-03,celio,chemise blanche homme,2.6,5,215,final
2026-08-04,celio,chemise blanche homme,2.0,3,205,final
2026-08-05,celio,chemise blanche homme,2.4,7,209,final
2026-08-06,celio,chemise blanche homme,2.2,7,247,final
2026-08-07,celio,chemise blanche homme,1.9,6,237,final
2026-08-08,celio,chemise blanche homme,2.0,4,194,final
2026-08-09,celio,chemise blanche homme,2.3,3,208,final
2026-08-10,celio,chemise blanche homme,2.3,4,203,final
2026-08-11,celio,chemise blanche homme,2.0,3,186,final
2026-08-12,celio,chemise blanche homme,1.9,3,210,final
2026-08-13,celio,chemise blanche homme,2.1,10,201,final
2026-08-14,celio,chemise blanche homme,2.0,7,192,final
2026-08-15,celio,chemise blanche homme,2.0,8,185,final
2026-08-16,celio,chemise blanche homme,2.4,6,239,final
2026-08-17,celio,chemise blanche homme,2.3,6,217,final
2026-08-18,celio,chemise blanche homme,2.5,8,255,final
2026-08-19,celio,chemise blanche homme,2.9,5,264,final
2026-08-20,celio,chemise blanche homme,2.5,5,233,final
2026-08-21,celio,chemise blanche homme,2.7,5,206,final
2026-08-22,celio,chemise blanche homme,2.7,9,242,final
2026-08-23,celio,chemise blanche homme,2.9,11,239,final
2026-08-24,celio,chemise blanche homme,2.6,8,238,final
2026-08-25,celio,chemise blanche homme,3.1,21,231,final
2026-08-26,celio,chemise blanche homme,3.1,7,246,final
2026-08-27,celio,chemise blanche homme,3.2,6,304,final
2026-08-28,celio,chemise blanche homme,2.4,8,247,final
2026-08-29,celio,chemise blanche homme,2.8,6,249,final
2026-08-30,celio,chemise blanche homme,2.6,6,245,final
2026-08-31,celio,chemise blanche homme,2.1,13,251,final
2026-09-01,celio,chemise blanche homme,2.1,8,273,final
2026-09-02,celio,chemise blanche homme,2.2,11,318,final
2026-09-03,celio,chemise blanche homme,2.3,8,272,final
2026-09-04,celio,chemise blanche homme,2.0,3,213,final
2026-09-05,celio,chemise blanche homme,1.9,11,278,final
2026-09-06,celio,chemise blanche homme,1.8,13,263,final
2026-09-07,celio,chemise blanche homme,1.8,15,257,final
2026-09-08,celio,chemise blanche homme,1.8,12,273,final
2026-09-09,celio,chemise blanche homme,1.6,8,241,final
2026-09-10,celio,chemise blanche homme,2.1,9,259,final
2026-09-11,celio,chemise blanche homme,1.9,13,240,final
2026-09-12,celio,chemise blanche homme,2.5,2,232,final
2026-09-13,celio,chemise blanche homme,2.1,10,272,final
2026-09-14,celio,chemise blanche homme,2.6,10,253,final
2026-09-15,celio,chemise blanche homme,2.1,18,246,final
2026-09-16,celio,chemise blanche homme,2.1,13,272,final
2026-09-17,celio,chemise blanche homme,1.7,9,269,final
2026-09-18,celio,chemise blanche homme,1.6,19,245,final
2026-09-19,celio,chemise blanche homme,2.0,14,292,final
2026-09-20,celio,chemise blanche homme,2.1,7,280,final
2026-09-21,celio,chemise blanche homme,2.0,3,237,final
2026-09-22,celio,chemise blanche homme,1.9,9,229,final
2026-09-23,celio,chemise blanche homme,2.7,8,233,final
2026-09-24,celio,chemise blanche homme,2.9,17,240,final
2026-09-25,celio,chemise blanche homme,2.6,7,201,final
2026-09-26,celio,chemise blanche homme,3.5,8,211,final
2026-09-27,celio,chemise blanche homme,2.5,2,220,final
2026-09-28,celio,chemise blanche homme,2.3,11,229,final
2026-09-29,celio,chemise blanche homme,2.7,7,172,fresh
2026-09-30,celio,chemise blanche homme,3.4,8,238,fresh
2025-06-08,celio,chemise homme,1.7,48,1546,final
2025-06-09,celio,chemise homme,1.6,67,1765,final
2025-06-10,celio,chemise homme,1.7,62,1720,final
2025-06-11,celio,chemise homme,1.9,71,1722,final
2025-06-12,celio,chemise homme,1.7,73,1674,final
2025-06-13,celio,chemise homme,1.7,57,1574,final
2025-06-14,celio,chemise homme,1.6,39,1554,final
2025-06-15,celio,chemise homme,1.8,50,1691,final
2025-06-16,celio,chemise homme,1.7,52,1538,final
2025-06-17,celio,chemise homme,1.9,43,1563,final
2025-06-18,celio,chemise homme,2.0,45,1467,final
2025-06-19,celio,chemise homme,2.1,53,1496,final
2025-06-20,celio,chemise homme,2.0,40,1345,final
2025-06-21,celio,chemise homme,2.0,44,1358,final
2025-06-22,celio,chemise homme,2.0,38,1487,final
2025-06-23,celio,chemise homme,1.8,38,1410,final
2025-06-24,celio,chemise homme,2.0,40,1603,final
2025-06-25,celio,chemise homme,1.9,54,1865,final
2025-06-26,celio,chemise homme,2.4,43,1634,final
2025-06-27,celio,chemise homme,2.5,40,1409,final
2025-06-28,celio,chemise homme,2.2,40,1691,final
2025-06-29,celio,chemise homme,2.1,54,1718,final
2025-06-30,celio,chemise homme,2.0,57,1642,final
2025-07-01,celio,chemise homme,2.6,37,1463,final
2025-07-02,celio,chemise homme,2.4,57,1576,final
2025-07-03,celio,chemise homme,2.5,46,1412,final
2025-07-04,celio,chemise homme,2.5,44,1408,final
2025-07-05,celio,chemise homme,2.4,57,1529,final
2025-07-06,celio,chemise homme,2.2,59,1749,final
2025-07-07,celio,chemise homme,2.7,51,1418,final
2025-07-08,celio,chemise homme,2.4,37,1293,final
2025-07-09,celio,chemise homme,3.0,37,1103,final
2025-07-10,celio,chemise homme,2.7,34,1076,final
2025-07-11,celio,chemise homme,2.7,24,1066,final
2025-07-12,celio,chemise homme,2.9,34,1232,final
2025-07-13,celio,chemise homme,3.5,26,1116,final
2025-07-14,celio,chemise homme,3.0,43,1187,final
2025-07-15,celio,chemise homme,3.2,31,1055,final
2025-07-16,celio,chemise homme,3.2,29,1216,final
2025-07-17,celio,chemise homme,3.8,18,1010,final
2025-07-18,celio,chemise homme,3.1,25,1181,final
2025-07-19,celio,chemise homme,2.7,39,1253,final
2025-07-20,celio,chemise homme,2.7,40,1334,final
2025-07-21,celio,chemise homme,2.9,35,1351,final
2025-07-22,celio,chemise homme,2.5,40,1252,final
2025-07-23,celio,chemise homme,2.8,39,1172,final
2025-07-24,celio,chemise homme,3.3,22,1102,final
2025-07-25,celio,chemise homme,3.1,28,1053,final
2025-07-26,celio,chemise homme,2.8,34,1095,final
2025-07-27,celio,chemise homme,2.8,39,1246,final
2025-07-28,celio,chemise homme,2.8,24,1081,final
2025-07-29,celio,chemise homme,2.9,29,1085,final
2025-07-30,celio,chemise homme,3.2,28,1088,final
2025-07-31,celio,chemise homme,2.7,30,1100,final
2025-08-01,celio,chemise homme,2.2,34,1061,final
2025-08-02,celio,chemise homme,2.0,44,1069,final
2025-08-03,celio,chemise homme,2.2,38,1170,final
2025-08-04,celio,chemise homme,2.2,40,1133,final
2025-08-05,celio,chemise homme,2.1,30,1121,final
2025-08-06,celio,chemise homme,2.1,41,1091,final
2025-08-07,celio,chemise homme,2.1,32,1003,final
2025-08-08,celio,chemise homme,2.3,23,964,final
2025-08-09,celio,chemise homme,2.4,15,943,final
2025-08-10,celio,chemise homme,2.3,23,1069,final
2025-08-11,celio,chemise homme,2.3,30,1106,final
2025-08-12,celio,chemise homme,2.3,35,1068,final
2025-08-13,celio,chemise homme,2.7,21,977,final
2025-08-14,celio,chemise homme,2.5,26,1044,final
2025-08-15,celio,chemise homme,2.5,32,1003,final
2025-08-16,celio,chemise homme,2.3,34,1022,final
2025-08-17,celio,chemise homme,2.4,31,1047,final
2025-08-18,celio,chemise homme,2.3,30,1108,final
2025-08-19,celio,chemise homme,2.6,28,1100,final
2025-08-20,celio,chemise homme,2.4,35,1216,final
2025-08-21,celio,chemise homme,2.5,43,1083,final
2025-08-22,celio,chemise homme,2.5,33,1064,final
2025-08-23,celio,chemise homme,2.7,31,1045,final
2025-08-24,celio,chemise homme,2.7,32,1059,final
2025-08-25,celio,chemise homme,2.3,38,1071,final
2025-08-26,celio,chemise homme,2.4,31,1171,final
2025-08-27,celio,chemise homme,2.5,31,1165,final
2025-08-28,celio,chemise homme,2.6,23,1165,final
2025-08-29,celio,chemise homme,2.3,32,1065,final
2025-08-30,celio,chemise homme,2.2,46,1165,final
2025-08-31,celio,chemise homme,2.2,48,1303,final
2025-09-01,celio,chemise homme,2.2,47,1219,final
2025-09-02,celio,chemise homme,2.2,42,1305,final
2025-09-03,celio,chemise homme,2.3,36,1191,final
2025-09-04,celio,chemise homme,2.9,34,1139,final
2025-09-05,celio,chemise homme,2.9,29,1073,final
2025-09-06,celio,chemise homme,3.3,27,1166,final
2025-09-07,celio,chemise homme,3.5,35,1215,final
2025-09-08,celio,chemise homme,3.8,41,1158,final
2025-09-09,celio,chemise homme,3.5,37,1070,final
2025-09-10,celio,chemise homme,3.0,41,1171,final
2025-09-11,celio,chemise homme,3.5,35,1151,final
2025-09-12,celio,chemise homme,3.2,26,1009,final
2025-09-13,celio,chemise homme,2.7,42,1216,final
2025-09-14,celio,chemise homme,2.2,42,1308,final
2025-09-15,celio,chemise homme,2.8,31,1069,final
2025-09-16,celio,chemise homme,3.1,46,1104,final
2025-09-17,celio,chemise homme,2.9,37,1023,final
2025-09-18,celio,chemise homme,2.7,23,1004,final
2025-09-19,celio,chemise homme,3.0,31,956,final
2025-09-20,celio,chemise homme,3.2,37,1104,final
2025-09-21,celio,chemise homme,2.9,36,1327,final
2025-09-22,celio,chemise homme,2.3,32,1113,final
2025-09-23,celio,chemise homme,2.2,28,1061,final
2025-09-24,celio,chemise homme,2.4,44,1145,final
2025-09-25,celio,chemise homme,2.1,38,984,final
2025-09-26,celio,chemise homme,2.3,22,893,final
2025-09-27,celio,chemise homme,2.2,45,1055,final
2025-09-28,celio,chemise homme,2.2,39,1110,final
2025-09-29,celio,chemise homme,2.3,33,1115,final
2025-09-30,celio,chemise homme,2.1,41,981,final
2025-10-01,celio,chemise homme,2.2,39,972,final
2025-10-02,celio,chemise homme,2.2,41,1078,final
2025-10-03,celio,chemise homme,2.3,29,1086,final
2025-10-04,celio,chemise homme,1.9,44,1340,final
2025-10-05,celio,chemise homme,2.1,53,1265,final
2025-10-06,celio,chemise homme,2.9,38,1072,final
2025-10-07,celio,chemise homme,2.9,27,953,final
2025-10-08,celio,chemise homme,2.8,34,1066,final
2025-10-09,celio,chemise homme,2.7,35,1230,final
2025-10-10,celio,chemise homme,2.9,26,920,final
2025-10-11,celio,chemise homme,3.1,25,1033,final
2025-10-12,celio,chemise homme,3.0,29,1086,final
2025-10-13,celio,chemise homme,3.0,31,929,final
2025-10-14,celio,chemise homme,3.2,28,925,final
2025-10-15,celio,chemise homme,2.9,33,974,final
2025-10-16,celio,chemise homme,2.6,31,938,final
2025-10-17,celio,chemise homme,2.2,24,884,final
2025-10-18,celio,chemise homme,2.7,41,1111,final
2025-10-19,celio,chemise homme,2.4,39,1083,final
2025-10-20,celio,chemise homme,2.0,36,1055,final
2025-10-21,celio,chemise homme,2.4,37,998,final
2025-10-22,celio,chemise homme,4.0,28,936,final
2025-10-23,celio,chemise homme,4.0,20,990,final
2025-10-24,celio,chemise homme,2.7,24,989,final
2025-10-25,celio,chemise homme,2.8,31,1081,final
2025-10-26,celio,chemise homme,3.2,27,1127,final
2025-10-27,celio,chemise homme,2.3,46,1129,final
2025-10-28,celio,chemise homme,2.5,42,975,final
2025-10-29,celio,chemise homme,3.9,32,688,final
2025-10-30,celio,chemise homme,4.9,9,529,final
2025-10-31,celio,chemise homme,3.4,30,806,final
2025-11-01,celio,chemise homme,2.3,35,1058,final
2025-11-02,celio,chemise homme,4.1,32,972,final
2025-11-03,celio,chemise homme,4.0,25,890,final
2025-11-04,celio,chemise homme,3.9,17,741,final
2025-11-05,celio,chemise homme,4.0,34,860,final
2025-11-06,celio,chemise homme,2.1,51,1117,final
2025-11-07,celio,chemise homme,1.8,29,1151,final
2025-11-08,celio,chemise homme,1.7,51,1296,final
2025-11-09,celio,chemise homme,1.8,58,1519,final
2025-11-10,celio,chemise homme,1.8,55,1416,final
2025-11-11,celio,chemise homme,1.7,77,1624,final
2025-11-12,celio,chemise homme,1.8,40,1278,final
2025-11-13,celio,chemise homme,1.7,38,1279,final
2025-11-14,celio,chemise homme,1.6,48,1365,final
2025-11-15,celio,chemise homme,1.6,64,1462,final
2025-11-16,celio,chemise homme,1.6,62,1738,final
2025-11-17,celio,chemise homme,1.7,56,1598,final
2025-11-18,celio,chemise homme,1.5,56,1396,final
2025-11-19,celio,chemise homme,1.6,49,1521,final
2025-11-20,celio,chemise homme,1.6,52,1485,final
2025-11-21,celio,chemise homme,1.7,61,1431,final
2025-11-22,celio,chemise homme,1.5,61,1706,final
2025-11-23,celio,chemise homme,1.6,76,2206,final
2025-11-24,celio,chemise homme,1.7,55,1865,final
2025-11-25,celio,chemise homme,2.0,55,1787,final
2025-11-26,celio,chemise homme,1.7,61,1885,final
2025-11-27,celio,chemise homme,1.9,71,1990,final
2025-11-28,celio,chemise homme,2.5,79,2284,final
2025-11-29,celio,chemise homme,2.8,62,2060,final
2025-11-30,celio,chemise homme,1.6,97,2996,final
2025-12-01,celio,chemise homme,1.6,81,2544,final
2025-12-02,celio,chemise homme,2.0,79,2119,final
2025-12-03,celio,chemise homme,1.8,101,2263,final
2025-12-04,celio,chemise homme,1.9,86,2077,final
2025-12-05,celio,chemise homme,2.5,64,1910,final
2025-12-06,celio,chemise homme,2.7,80,2135,final
2025-12-07,celio,chemise homme,2.8,88,2646,final
2025-12-08,celio,chemise homme,2.3,88,2490,final
2025-12-09,celio,chemise homme,2.5,77,2347,final
2025-12-10,celio,chemise homme,2.4,79,2483,final
2025-12-11,celio,chemise homme,2.2,75,2266,final
2025-12-12,celio,chemise homme,1.7,86,2015,final
2025-12-13,celio,chemise homme,2.0,89,2206,final
2025-12-14,celio,chemise homme,1.8,102,2512,final
2025-12-15,celio,chemise homme,3.4,94,2213,final
2025-12-16,celio,chemise homme,3.2,89,2315,final
2025-12-17,celio,chemise homme,3.0,80,2313,final
2025-12-18,celio,chemise homme,2.8,77,1975,final
2025-12-19,celio,chemise homme,2.5,72,1811,final
2025-12-20,celio,chemise homme,2.5,58,1897,final
2025-12-21,celio,chemise homme,3.1,48,1791,final
2025-12-22,celio,chemise homme,2.5,68,1861,final
2025-12-23,celio,chemise homme,2.3,64,1561,final
2025-12-24,celio,chemise homme,2.2,32,1117,final
2025-12-25,celio,chemise homme,2.6,36,1237,final
2025-12-26,celio,chemise homme,3.4,37,1166,final
2025-12-27,celio,chemise homme,2.7,43,1154,final
2025-12-28,celio,chemise homme,1.8,51,1102,final
2025-12-29,celio,chemise homme,1.9,38,1147,final
2025-12-30,celio,chemise homme,1.8,45,1162,final
2025-12-31,celio,chemise homme,1.7,38,997,final
2026-01-01,celio,chemise homme,1.8,23,912,final
2026-01-02,celio,chemise homme,1.8,16,904,final
2026-01-03,celio,chemise homme,2.1,29,1009,final
2026-01-04,celio,chemise homme,1.9,29,947,final
2026-01-05,celio,chemise homme,1.8,29,848,final
2026-01-06,celio,chemise homme,1.6,33,857,final
2026-01-07,celio,chemise homme,1.8,31,1213,final
2026-01-08,celio,chemise homme,1.7,21,1091,final
2026-01-09,celio,chemise homme,1.8,21,1012,final
2026-01-10,celio,chemise homme,1.9,26,1230,final
2026-01-11,celio,chemise homme,1.9,38,1217,final
2026-01-12,celio,chemise homme,2.0,19,1055,final
2026-01-13,celio,chemise homme,2.1,29,1030,final
2026-01-14,celio,chemise homme,1.9,37,1035,final
2026-01-15,celio,chemise homme,1.9,19,993,final
2026-01-16,celio,chemise homme,2.2,30,1003,final
2026-01-17,celio,chemise homme,2.3,33,1151,final
2026-01-18,celio,chemise homme,3.2,38,1193,final
2026-01-19,celio,chemise homme,1.9,40,1023,final
2026-01-20,celio,chemise homme,2.4,35,974,final
2026-01-21,celio,chemise homme,2.3,34,999,final
2026-01-22,celio,chemise homme,2.1,45,946,final
2026-01-23,celio,chemise homme,2.1,30,916,final
2026-01-24,celio,chemise homme,2.2,30,1151,final
2026-01-25,celio,chemise homme,3.4,22,1189,final
2026-01-26,celio,chemise homme,2.8,31,1102,final
2026-01-27,celio,chemise homme,2.1,26,1039,final
2026-01-28,celio,chemise homme,2.3,35,987,final
2026-01-29,celio,chemise homme,4.0,17,942,final
2026-01-30,celio,chemise homme,2.2,25,946,final
2026-01-31,celio,chemise homme,2.3,27,1273,final
2026-02-01,celio,chemise homme,2.8,55,1413,final
2026-02-02,celio,chemise homme,2.3,47,1227,final
2026-02-03,celio,chemise homme,2.1,40,1163,final
2026-02-04,celio,chemise homme,2.2,31,1126,final
2026-02-05,celio,chemise homme,2.0,36,1149,final
2026-02-06,celio,chemise homme,1.9,30,959,final
2026-02-07,celio,chemise homme,2.5,26,1082,final
2026-02-08,celio,chemise homme,2.7,44,1140,final
2026-02-09,celio,chemise homme,2.4,38,1124,final
2026-02-10,celio,chemise homme,2.1,38,1075,final
2026-02-11,celio,chemise homme,2.6,19,1053,final
2026-02-12,celio,chemise homme,2.6,41,1024,final
2026-02-13,celio,chemise homme,2.7,26,887,final
2026-02-14,celio,chemise homme,2.3,32,950,final
2026-02-15,celio,chemise homme,3.1,24,982,final
2026-02-16,celio,chemise homme,2.7,22,956,final
2026-02-17,celio,chemise homme,3.1,17,823,final
2026-02-18,celio,chemise homme,3.6,15,692,final
2026-02-19,celio,chemise homme,3.7,16,699,final
2026-02-20,celio,chemise homme,3.5,15,794,final
2026-02-21,celio,chemise homme,3.5,18,877,final
2026-02-22,celio,chemise homme,3.3,21,926,final
2026-02-23,celio,chemise homme,3.1,28,885,final
2026-02-24,celio,chemise homme,3.0,25,917,final
2026-02-25,celio,chemise homme,2.9,27,874,final
2026-02-26,celio,chemise homme,2.6,24,926,final
2026-02-27,celio,chemise homme,2.2,32,941,final
2026-02-28,celio,chemise homme,1.7,40,1015,final
2026-03-01,celio,chemise homme,2.1,42,1051,final
2026-03-02,celio,chemise homme,1.9,43,993,final
2026-03-03,celio,chemise homme,2.3,22,937,final
2026-03-04,celio,chemise homme,2.2,30,1010,final
2026-03-05,celio,chemise homme,2.0,36,1050,final
2026-03-06,celio,chemise homme,1.8,26,988,final
2026-03-07,celio,chemise homme,2.0,38,1146,final
2026-03-08,celio,chemise homme,2.0,54,1156,final
2026-03-09,celio,chemise homme,2.0,41,1221,final
2026-03-10,celio,chemise homme,2.3,31,1093,final
2026-03-11,celio,chemise homme,2.1,32,1109,final
2026-03-12,celio,chemise homme,2.3,39,975,final
2026-03-13,celio,chemise homme,3.2,24,928,final
2026-03-14,celio,chemise homme,2.8,27,1054,final
2026-03-15,celio,chemise homme,2.6,35,1246,final
2026-03-16,celio,chemise homme,2.7,33,1099,final
2026-03-17,celio,chemise homme,2.5,38,1047,final
2026-03-18,celio,chemise homme,2.4,38,1101,final
2026-03-19,celio,chemise homme,2.2,25,962,final
2026-03-20,celio,chemise homme,2.3,26,847,final
2026-03-21,celio,chemise homme,2.3,31,989,final
2026-03-22,celio,chemise homme,2.5,36,1101,final
2026-03-23,celio,chemise homme,2.1,40,973,final
2026-03-24,celio,chemise homme,2.1,32,1053,final
2026-03-25,celio,chemise homme,2.3,36,1090,final
2026-03-26,celio,chemise homme,2.9,21,994,final
2026-03-27,celio,chemise homme,2.6,29,940,final
2026-03-28,celio,chemise homme,2.2,39,1106,final
2026-03-29,celio,chemise homme,2.1,45,1246,final
2026-03-30,celio,chemise homme,2.1,39,1034,final
2026-03-31,celio,chemise homme,2.7,32,963,final
2026-04-01,celio,chemise homme,2.2,32,926,final
2026-04-02,celio,chemise homme,2.1,35,1010,final
2026-04-03,celio,chemise homme,3.7,20,907,final
2026-04-04,celio,chemise homme,3.4,33,1003,final
2026-04-05,celio,chemise homme,3.9,21,1054,final
2026-04-06,celio,chemise homme,4.0,29,1165,final
2026-04-07,celio,chemise homme,3.7,22,1034,final
2026-04-08,celio,chemise homme,2.8,26,1034,final
2026-04-09,celio,chemise homme,2.5,43,985,final
2026-04-10,celio,chemise homme,2.6,29,844,final
2026-04-11,celio,chemise homme,3.9,31,951,final
2026-04-12,celio,chemise homme,3.7,31,846,final
2026-04-13,celio,chemise homme,4.2,21,1023,final
2026-04-14,celio,chemise homme,2.4,32,1087,final
2026-04-15,celio,chemise homme,2.8,21,1127,final
2026-04-16,celio,chemise homme,3.4,32,1039,final
2026-04-17,celio,chemise homme,2.7,37,1131,final
2026-04-18,celio,chemise homme,2.7,37,1219,final
2026-04-19,celio,chemise homme,2.4,44,1237,final
2026-04-20,celio,chemise homme,2.5,48,1247,final
2026-04-21,celio,chemise homme,2.5,45,1164,final
2026-04-22,celio,chemise homme,2.4,29,1138,final
2026-04-23,celio,chemise homme,2.9,26,956,final
2026-04-24,celio,chemise homme,2.8,24,899,final
2026-04-25,celio,chemise homme,2.8,30,980,final
2026-04-26,celio,chemise homme,2.4,37,1081,final
2026-04-27,celio,chemise homme,2.6,34,1128,final
2026-04-28,celio,chemise homme,2.4,46,1059,final
2026-04-29,celio,chemise homme,2.6,40,1135,final
2026-04-30,celio,chemise homme,2.6,38,1035,final
2026-05-01,celio,chemise homme,2.1,46,1167,final
2026-05-02,celio,chemise homme,2.3,55,1277,final
2026-05-03,celio,chemise homme,2.4,44,1201,final
2026-05-04,celio,chemise homme,2.6,29,1163,final
2026-05-05,celio,chemise homme,3.7,34,1045,final
2026-05-06,celio,chemise homme,4.6,32,941,final
2026-05-07,celio,chemise homme,4.7,21,908,final
2026-05-08,celio,chemise homme,3.9,38,1133,final
2026-05-09,celio,chemise homme,3.4,31,1198,final
2026-05-10,celio,chemise homme,3.2,41,1301,final
2026-05-11,celio,chemise homme,3.2,22,1127,final
2026-05-12,celio,chemise homme,3.6,23,1068,final
2026-05-13,celio,chemise homme,3.7,30,1064,final
2026-05-14,celio,chemise homme,3.0,48,1398,final
2026-05-15,celio,chemise homme,3.2,37,1153,final
2026-05-16,celio,chemise homme,3.0,43,1234,final
2026-05-17,celio,chemise homme,2.6,44,1278,final
2026-05-18,celio,chemise homme,2.3,55,1202,final
2026-05-19,celio,chemise homme,2.8,35,1180,final
2026-05-20,celio,chemise homme,2.7,39,1175,final
2026-05-21,celio,chemise homme,2.5,40,1223,final
2026-05-22,celio,chemise homme,2.2,35,1157,final
2026-05-23,celio,chemise homme,2.3,30,1279,final
2026-05-24,celio,chemise homme,2.4,35,1327,final
2026-05-25,celio,chemise homme,2.1,42,1452,final
2026-05-26,celio,chemise homme,1.7,37,1314,final
2026-05-27,celio,chemise homme,2.0,51,1220,final
2026-05-28,celio,chemise homme,2.1,40,1151,final
2026-05-29,celio,chemise homme,2.2,37,1304,final
2026-05-30,celio,chemise homme,2.3,44,1284,final
2026-05-31,celio,chemise homme,1.9,58,1466,final
2026-06-01,celio,chemise homme,2.1,55,1396,final
2026-06-02,celio,chemise homme,2.5,34,1241,final
2026-06-03,celio,chemise homme,2.8,41,1219,final
2026-06-04,celio,chemise homme,3.2,34,1222,final
2026-06-05,celio,chemise homme,3.7,44,1072,final
2026-06-06,celio,chemise homme,3.3,44,1281,final
2026-06-07,celio,chemise homme,3.3,46,1299,final
2026-06-08,celio,chemise homme,2.4,37,1188,final
2026-06-09,celio,chemise homme,2.1,46,1245,final
2026-06-10,celio,chemise homme,2.1,53,1320,final
2026-06-11,celio,chemise homme,2.2,37,1143,final
2026-06-12,celio,chemise homme,2.2,41,1123,final
2026-06-13,celio,chemise homme,2.3,39,1224,final
2026-06-14,celio,chemise homme,2.2,42,1379,final
2026-06-15,celio,chemise homme,2.2,36,1252,final
2026-06-16,celio,chemise homme,2.0,34,1315,final
2026-06-17,celio,chemise homme,2.0,37,1236,final
2026-06-18,celio,chemise homme,1.8,52,1211,final
2026-06-19,celio,chemise homme,2.1,34,1164,final
2026-06-20,celio,chemise homme,1.9,37,1140,final
2026-06-21,celio,chemise homme,1.8,43,1123,final
2026-06-22,celio,chemise homme,2.0,32,1060,final
2026-06-23,celio,chemise homme,2.0,35,1031,final
2026-06-24,celio,chemise homme,2.3,54,1194,final
2026-06-25,celio,chemise homme,3.1,16,666,final
2026-06-26,celio,chemise homme,2.5,24,741,final
2026-06-27,celio,chemise homme,2.1,33,1114,final
2026-06-28,celio,chemise homme,1.9,41,1207,final
2026-06-29,celio,chemise homme,2.0,44,1105,final
2026-06-30,celio,chemise homme,2.1,37,1059,final
2026-07-01,celio,chemise homme,2.1,41,1203,final
2026-07-02,celio,chemise homme,2.2,32,1016,final
2026-07-03,celio,chemise homme,2.6,24,978,final
2026-07-04,celio,chemise homme,2.3,28,990,final
2026-07-05,celio,chemise homme,2.3,31,1064,final
2026-07-06,celio,chemise homme,2.3,26,1003,final
2026-07-07,celio,chemise homme,2.5,27,929,final
2026-07-08,celio,chemise homme,2.2,39,1151,final
2026-07-09,celio,chemise homme,1.9,34,919,final
2026-07-10,celio,chemise homme,2.2,25,908,final
2026-07-11,celio,chemise homme,2.2,41,1118,final
2026-07-12,celio,chemise homme,2.1,38,1074,final
2026-07-13,celio,chemise homme,2.0,30,904,final
2026-07-14,celio,chemise homme,2.1,27,914,final
2026-07-15,celio,chemise homme,2.5,22,898,final
2026-07-16,celio,chemise homme,2.3,22,865,final
2026-07-17,celio,chemise homme,2.3,15,880,final
2026-07-18,celio,chemise homme,2.2,28,980,final
2026-07-19,celio,chemise homme,2.2,31,945,final
2026-07-20,celio,chemise homme,2.1,35,905,final
2026-07-21,celio,chemise homme,2.3,20,902,final
2026-07-22,celio,chemise homme,2.3,34,942,final
2026-07-23,celio,chemise homme,2.3,29,861,final
2026-07-24,celio,chemise homme,2.4,20,770,final
2026-07-25,celio,chemise homme,2.3,29,880,final
2026-07-26,celio,chemise homme,2.5,30,885,final
2026-07-27,celio,chemise homme,2.4,17,861,final
2026-07-28,celio,chemise homme,2.3,20,872,final
2026-07-29,celio,chemise homme,2.5,34,777,final
2026-07-30,celio,chemise homme,2.9,24,748,final
2026-07-31,celio,chemise homme,2.0,24,775,final
2026-08-01,celio,chemise homme,2.2,19,834,final
2026-08-02,celio,chemise homme,2.2,22,828,final
2026-08-03,celio,chemise homme,2.3,30,784,final
2026-08-04,celio,chemise homme,2.3,19,819,final
2026-08-05,celio,chemise homme,2.4,21,817,final
2026-08-06,celio,chemise homme,2.1,13,839,final
2026-08-07,celio,chemise homme,2.4,21,736,final
2026-08-08,celio,chemise homme,2.2,35,831,final
2026-08-09,celio,chemise homme,2.6,26,859,final
2026-08-10,celio,chemise homme,2.1,33,785,final
2026-08-11,celio,chemise homme,2.4,23,765,final
2026-08-12,celio,chemise homme,2.6,24,763,final
2026-08-13,celio,chemise homme,2.4,16,731,final
2026-08-14,celio,chemise homme,2.6,14,691,final
2026-08-15,celio,chemise homme,2.4,18,715,final
2026-08-16,celio,chemise homme,2.4,19,773,final
2026-08-17,celio,chemise homme,3.1,14,647,final
2026-08-18,celio,chemise homme,4.1,15,597,final
2026-08-19,celio,chemise homme,2.3,24,896,final
2026-08-20,celio,chemise homme,2.1,29,799,final
2026-08-21,celio,chemise homme,1.9,15,761,final
2026-08-22,celio,chemise homme,2.1,23,785,final
2026-08-23,celio,chemise homme,2.0,19,680,final
2026-08-24,celio,chemise homme,2.0,21,833,final
2026-08-25,celio,chemise homme,1.8,26,752,final
2026-08-26,celio,chemise homme,2.0,21,808,final
2026-08-27,celio,chemise homme,2.5,32,829,final
2026-08-28,celio,chemise homme,2.4,25,863,final
2026-08-29,celio,chemise homme,2.0,32,897,final
2026-08-30,celio,chemise homme,2.5,23,881,final
2026-08-31,celio,chemise homme,3.1,37,863,final
2026-09-01,celio,chemise homme,3.4,19,875,final
2026-09-02,celio,chemise homme,5.7,23,924,final
2026-09-03,celio,chemise homme,5.8,22,894,final
2026-09-04,celio,chemise homme,4.2,23,919,final
2026-09-05,celio,chemise homme,4.5,22,856,final
2026-09-06,celio,chemise homme,5.6,29,909,final
2026-09-07,celio,chemise homme,4.0,18,890,final
2026-09-08,celio,chemise homme,3.6,30,906,final
2026-09-09,celio,chemise homme,3.0,21,888,final
2026-09-10,celio,chemise homme,2.3,38,903,final
2026-09-11,celio,chemise homme,2.5,25,872,final
2026-09-12,celio,chemise homme,2.3,38,962,final
2026-09-13,celio,chemise homme,2.4,38,1049,final
2026-09-14,celio,chemise homme,2.5,24,924,final
2026-09-15,celio,chemise homme,2.0,34,863,final
2026-09-16,celio,chemise homme,2.2,30,904,final
2026-09-17,celio,chemise homme,2.3,27,829,final
2026-09-18,celio,chemise homme,2.3,34,845,final
2026-09-19,celio,chemise homme,2.5,29,972,final
2026-09-20,celio,chemise homme,2.4,37,1055,final
2026-09-21,celio,chemise homme,2.5,29,949,final
2026-09-22,celio,chemise homme,2.9,19,910,final
2026-09-23,celio,chemise homme,2.8,27,923,final
2026-09-24,celio,chemise homme,2.7,25,886,final
2026-09-25,celio,chemise homme,2.7,38,867,final
2026-09-26,celio,chemise homme,3.0,34,1026,final
2026-09-27,celio,chemise homme,3.2,34,927,final
2026-09-28,celio,chemise homme,3.1,28,882,final
2026-09-29,celio,chemise homme,3.4,35,827,fresh
2026-09-30,celio,chemise homme,4.0,36,738,fresh
2025-06-08,celio,chino,24.3,0,383,final
2025-06-09,celio,chino,17.1,1,527,final
2025-06-10,celio,chino,19.3,1,580,final
2025-06-11,celio,chino,13.8,0,563,final
2025-06-12,celio,chino,15.2,3,476,final
2025-06-13,celio,chino,17.2,1,501,final
2025-06-14,celio,chino,17.9,2,622,final
2025-06-15,celio,chino,18.7,4,515,final
2025-06-16,celio,chino,17.6,1,580,final
2025-06-17,celio,chino,17.6,1,550,final
2025-06-18,celio,chino,14.8,2,525,final
2025-06-19,celio,chino,14.5,3,495,final
2025-06-20,celio,chino,14.6,0,483,final
2025-06-21,celio,chino,22.6,1,360,final
2025-06-22,celio,chino,24.8,1,318,final
2025-06-23,celio,chino,21.0,1,334,final
2025-06-24,celio,chino,17.7,1,353,final
2025-06-25,celio,chino,16.6,3,410,final
2025-06-26,celio,chino,23.3,1,217,final
2025-06-27,celio,chino,15.5,2,577,final
2025-06-28,celio,chino,15.7,1,636,final
2025-06-29,celio,chino,18.4,3,572,final
2025-06-30,celio,chino,16.4,2,627,final
2025-07-01,celio,chino,16.4,2,482,final
2025-07-02,celio,chino,18.1,3,543,final
2025-07-03,celio,chino,16.8,1,465,final
2025-07-04,celio,chino,16.5,1,508,final
2025-07-05,celio,chino,19.6,2,470,final
2025-07-06,celio,chino,22.7,2,452,final
2025-07-07,celio,chino,18.8,2,471,final
2025-07-08,celio,chino,16.7,1,409,final
2025-07-09,celio,chino,17.0,0,402,final
2025-07-10,celio,chino,13.7,7,522,final
2025-07-11,celio,chino,16.1,1,547,final
2025-07-12,celio,chino,15.5,1,519,final
2025-07-13,celio,chino,18.5,1,513,final
2025-07-14,celio,chino,20.0,3,521,final
2025-07-15,celio,chino,19.3,2,538,final
2025-07-16,celio,chino,18.2,1,495,final
2025-07-17,celio,chino,21.9,2,490,final
2025-07-18,celio,chino,22.0,3,464,final
2025-07-19,celio,chino,23.4,0,544,final
2025-07-20,celio,chino,23.1,1,545,final
2025-07-21,celio,chino,19.5,0,481,final
2025-07-22,celio,chino,18.0,2,518,final
2025-07-23,celio,chino,18.1,3,536,final
2025-07-24,celio,chino,17.3,4,520,final
2025-07-25,celio,chino,17.8,2,479,final
2025-07-26,celio,chino,16.5,2,497,final
2025-07-27,celio,chino,20.3,2,492,final
2025-07-28,celio,chino,17.5,2,496,final
2025-07-29,celio,chino,19.7,2,456,final
2025-07-30,celio,chino,22.4,3,409,final
2025-07-31,celio,chino,26.6,0,266,final
2025-08-01,celio,chino,27.3,1,262,final
2025-08-02,celio,chino,29.2,0,266,final
2025-08-03,celio,chino,34.9,1,221,final
2025-08-04,celio,chino,33.0,1,217,final
2025-08-05,celio,chino,32.1,0,288,final
2025-08-06,celio,chino,26.4,0,227,final
2025-08-07,celio,chino,21.5,0,275,final
2025-08-08,celio,chino,21.8,0,329,final
2025-08-09,celio,chino,21.3,0,301,final
2025-08-10,celio,chino,23.9,1,245,final
2025-08-11,celio,chino,22.0,1,271,final
2025-08-12,celio,chino,28.1,0,220,final
2025-08-13,celio,chino,29.7,0,201,final
2025-08-14,celio,chino,29.5,0,231,final
2025-08-15,celio,chino,25.2,1,223,final
2025-08-16,celio,chino,25.7,1,192,final
2025-08-17,celio,chino,28.6,0,171,final
2025-08-18,celio,chino,28.4,1,215,final
2025-08-19,celio,chino,30.0,0,199,final
2025-08-20,celio,chino,31.0,2,254,final
2025-08-21,celio,chino,26.1,1,276,final
2025-08-22,celio,chino,24.9,1,215,final
2025-08-23,celio,chino,27.1,0,230,final
2025-08-24,celio,chino,31.2,2,235,final
2025-08-25,celio,chino,23.2,0,235,final
2025-08-26,celio,chino,29.5,1,305,final
2025-08-27,celio,chino,27.3,2,216,final
2025-08-28,celio,chino,26.1,0,263,final
2025-08-29,celio,chino,26.7,1,227,final
2025-08-30,celio,chino,24.1,1,238,final
2025-08-31,celio,chino,24.9,1,257,final
2025-09-01,celio,chino,24.9,2,233,final
2025-09-02,celio,chino,20.4,0,432,final
2025-09-03,celio,chino,25.6,0,316,final
2025-09-04,celio,chino,29.6,0,198,final
2025-09-05,celio,chino,26.5,2,234,final
2025-09-06,celio,chino,20.1,3,321,final
2025-09-07,celio,chino,25.4,2,400,final
2025-09-08,celio,chino,26.7,2,262,final
2025-09-09,celio,chino,24.4,1,240,final
2025-09-10,celio,chino,26.3,2,168,final
2025-09-11,celio,chino,22,0,146,final
2025-09-12,celio,chino,17.6,2,175,final
2025-09-13,celio,chino,11.5,1,142,final
2025-09-14,celio,chino,12.5,1,138,final
2025-09-15,celio,chino,9.6,1,143,final
2025-09-16,celio,chino,11.8,0,187,final
2025-09-17,celio,chino,13.0,1,160,final
2025-09-18,celio,chino,11.1,2,214,final
2025-09-19,celio,chino,10.8,0,196,final
2025-09-20,celio,chino,11.6,1,183,final
2025-09-21,celio,chino,10.0,3,236,final
2025-09-22,celio,chino,11.5,0,216,final
2025-09-23,celio,chino,11.7,1,214,final
2025-09-24,celio,chino,12.2,3,224,final
2025-09-25,celio,chino,10.5,1,177,final
2025-09-26,celio,chino,12.4,4,251,final
2025-09-27,celio,chino,11.0,2,243,final
2025-09-28,celio,chino,9.7,1,171,final
2025-09-29,celio,chino,12.9,1,193,final
2025-09-30,celio,chino,11.7,2,257,final
2025-10-01,celio,chino,10.5,0,257,final
2025-10-02,celio,chino,16.7,0,219,final
2025-10-03,celio,chino,12.4,0,151,final
2025-10-04,celio,chino,22.8,2,149,final
2025-10-05,celio,chino,11.4,0,113,final
2025-10-06,celio,chino,29.2,1,161,final
2025-10-07,celio,chino,22.6,1,119,final
2025-10-08,celio,chino,14.9,1,89,final
2025-10-09,celio,chino,18.6,0,114,final
2025-10-10,celio,chino,18.7,0,95,final
2025-10-11,celio,chino,14.7,0,85,final
2025-10-12,celio,chino,14.8,0,98,final
2025-10-13,celio,chino,16.8,1,96,final
2025-10-14,celio,chino,14.9,1,95,final
2025-10-15,celio,chino,10.3,5,106,final
2025-10-16,celio,chino,8.1,35,287,final
2025-10-17,celio,chino,9.1,3,274,final
2025-10-18,celio,chino,16.6,0,115,final
2025-10-19,celio,chino,13.9,1,91,final
2025-10-20,celio,chino,18.4,1,82,final
2025-10-21,celio,chino,16.2,0,59,final
2025-10-22,celio,chino,21.4,0,60,final
2025-10-23,celio,chino,21.7,0,71,final
2025-10-24,celio,chino,15.5,0,44,final
2025-10-25,celio,chino,19.8,0,58,final
2025-10-26,celio,chino,21.5,0,58,final
2025-10-27,celio,chino,19.4,0,62,final
2025-10-28,celio,chino,15.7,0,95,final
2025-10-29,celio,chino,10.4,0,229,final
2025-10-30,celio,chino,8.1,1,297,final
2025-10-31,celio,chino,16.0,0,52,final
2025-11-01,celio,chino,19.2,0,83,final
2025-11-02,celio,chino,20.4,0,72,final
2025-11-03,celio,chino,18.6,0,58,final
2025-11-04,celio,chino,14.9,0,67,final
2025-11-05,celio,chino,19.2,0,72,final
2025-11-06,celio,chino,15.9,1,69,final
2025-11-07,celio,chino,14.7,0,82,final
2025-11-08,celio,chino,13.3,0,104,final
2025-11-09,celio,chino,14.4,1,102,final
2025-11-10,celio,chino,18.1,0,104,final
2025-11-11,celio,chino,12.2,0,125,final
2025-11-12,celio,chino,13.5,0,87,final
2025-11-13,celio,chino,14.3,1,91,final
2025-11-14,celio,chino,18.8,0,96,final
2025-11-15,celio,chino,16.3,0,102,final
2025-11-16,celio,chino,13.8,0,102,final
2025-11-17,celio,chino,13.6,0,96,final
2025-11-18,celio,chino,13.7,0,110,final
2025-11-19,celio,chino,12.9,0,85,final
2025-11-20,celio,chino,17.3,0,144,final
2025-11-21,celio,chino,14.8,0,126,final
2025-11-24,celio,chino,14.4,0,121,final
2025-11-25,celio,chino,14.2,0,133,final
2025-11-26,celio,chino,12.7,0,109,final
2025-11-27,celio,chino,15,0,122,final
2025-11-28,celio,chino,14.5,1,124,final
2025-11-29,celio,chino,13.6,1,129,final
2025-11-30,celio,chino,16.6,1,139,final
2025-12-01,celio,chino,19.1,2,104,final
2025-12-02,celio,chino,13.4,1,122,final
2025-12-03,celio,chino,15.3,4,149,final
2025-12-04,celio,chino,17.1,1,133,final
2025-12-05,celio,chino,15.6,1,132,final
2025-12-08,celio,chino,17.0,1,113,final
2025-12-09,celio,chino,17.6,0,109,final
2025-12-10,celio,chino,18.8,0,102,final
2025-12-11,celio,chino,14.1,1,328,final
2025-12-12,celio,chino,7.0,2,386,final
2025-12-13,celio,chino,9.5,3,251,final
2025-12-14,celio,chino,11.2,1,146,final
2025-12-15,celio,chino,15.7,6,168,final
2025-12-16,celio,chino,16.0,3,135,final
2025-12-18,celio,chino,15.9,1,186,final
2025-12-19,celio,chino,13.9,2,162,final
2025-12-20,celio,chino,9.4,0,370,final
2025-12-21,celio,chino,11.0,1,380,final
2025-12-22,celio,chino,10.5,4,350,final
2025-12-23,celio,chino,7.1,6,400,final
2025-12-24,celio,chino,9.8,0,446,final
2025-12-25,celio,chino,8.3,2,384,final
2025-12-26,celio,chino,10.4,4,370,final
2025-12-27,celio,chino,7.8,5,333,final
2025-12-28,celio,chino,9.6,2,356,final
2025-12-29,celio,chino,11.4,0,309,final
2025-12-30,celio,chino,13.8,1,115,final
2025-12-31,celio,chino,20.1,0,96,final
2026-01-01,celio,chino,31.3,0,100,final
2026-01-02,celio,chino,14.8,0,91,final
2026-01-03,celio,chino,7.2,1,341,final
2026-01-04,celio,chino,9.5,0,290,final
2026-01-05,celio,chino,10.7,0,273,final
2026-01-06,celio,chino,7.5,1,252,final
2026-01-07,celio,chino,9.9,3,354,final
2026-01-08,celio,chino,10.9,0,267,final
2026-01-09,celio,chino,15.2,1,235,final
2026-01-10,celio,chino,12.3,0,324,final
2026-01-11,celio,chino,10.4,0,347,final
2026-01-12,celio,chino,13.3,2,290,final
2026-01-13,celio,chino,10.5,1,176,final
2026-01-14,celio,chino,12.6,0,159,final
2026-01-15,celio,chino,14.3,1,133,final
2026-01-16,celio,chino,12.5,0,171,final
2026-01-17,celio,chino,11.7,1,240,final
2026-01-18,celio,chino,9.7,2,370,final
2026-01-19,celio,chino,11.6,1,342,final
2026-01-20,celio,chino,12.8,1,155,final
2026-01-21,celio,chino,13.4,1,139,final
2026-01-22,celio,chino,16.4,0,160,final
2026-01-23,celio,chino,20.7,0,108,final
2026-01-24,celio,chino,19.6,1,82,final
2026-01-25,celio,chino,16.3,1,137,final
2026-01-26,celio,chino,21.5,0,82,final
2026-01-27,celio,chino,22.4,1,87,final
2026-01-28,celio,chino,15.8,1,64,final
2026-01-29,celio,chino,39.5,0,137,final
2026-01-30,celio,chino,24.1,0,113,final
2026-01-31,celio,chino,26.5,1,135,final
2026-02-01,celio,chino,32.9,1,201,final
2026-02-02,celio,chino,13.6,0,118,final
2026-02-03,celio,chino,13.9,0,63,final
2026-02-04,celio,chino,18.3,0,63,final
2026-02-05,celio,chino,25.1,0,98,final
2026-02-06,celio,chino,28.0,0,81,final
2026-02-07,celio,chino,12.8,0,81,final
2026-02-08,celio,chino,13.3,2,79,final
2026-02-09,celio,chino,17.6,0,81,final
2026-02-10,celio,chino,16.1,1,81,final
2026-02-11,celio,chino,16.9,0,63,final
2026-02-12,celio,chino,16.0,0,73,final
2026-02-13,celio,chino,16.3,1,71,final
2026-02-14,celio,chino,9.3,0,202,final
2026-02-15,celio,chino,8.9,0,143,final
2026-02-16,celio,chino,6.3,2,247,final
2026-02-17,celio,chino,9.0,0,177,final
2026-02-18,celio,chino,5.1,1,278,final
2026-02-19,celio,chino,8.8,0,223,final
2026-02-20,celio,chino,14.9,0,108,final
2026-02-21,celio,chino,10.9,1,138,final
2026-02-22,celio,chino,9.4,0,164,final
2026-02-23,celio,chino,9.9,4,148,final
2026-02-24,celio,chino,9.4,1,127,final
2026-02-25,celio,chino,7.8,2,230,final
2026-02-26,celio,chino,5.1,8,397,final
2026-02-27,celio,chino,6.3,4,268,final
2026-02-28,celio,chino,5.9,5,334,final
2026-03-01,celio,chino,5.5,8,376,final
2026-03-02,celio,chino,7.7,2,231,final
2026-03-03,celio,chino,4.7,8,295,final
2026-03-04,celio,chino,6.9,6,282,final
2026-03-05,celio,chino,5.0,7,325,final
2026-03-06,celio,chino,4.9,5,350,final
2026-03-07,celio,chino,4.7,12,375,final
2026-03-08,celio,chino,6.2,5,291,final
2026-03-09,celio,chino,4.1,8,402,final
2026-03-10,celio,chino,3.4,8,364,final
2026-03-11,celio,chino,3.7,9,397,final
2026-03-12,celio,chino,4.8,6,391,final
2026-03-13,celio,chino,5.0,4,338,final
2026-03-14,celio,chino,6.1,3,292,final
2026-03-15,celio,chino,6.2,7,364,final
2026-03-16,celio,chino,5.3,12,382,final
2026-03-17,celio,chino,5.7,9,377,final
2026-03-18,celio,chino,5.9,10,390,final
2026-03-19,celio,chino,5.5,10,383,final
2026-03-20,celio,chino,4.5,8,414,final
2026-03-21,celio,chino,5.0,6,456,final
2026-03-22,celio,chino,4.2,4,411,final
2026-03-23,celio,chino,5.3,3,434,final
2026-03-24,celio,chino,4.9,8,393,final
2026-03-25,celio,chino,4.4,6,367,final
2026-03-26,celio,chino,4.6,6,413,final
2026-03-27,celio,chino,4.2,17,441,final
2026-03-28,celio,chino,5.2,13,604,final
2026-03-29,celio,chino,4.2,5,500,final
2026-03-30,celio,chino,4.1,10,443,final
2026-03-31,celio,chino,4.6,5,367,final
2026-04-01,celio,chino,4.4,7,413,final
2026-04-02,celio,chino,4.2,7,375,final
2026-04-03,celio,chino,4.7,8,418,final
2026-04-04,celio,chino,4.4,13,441,final
2026-04-05,celio,chino,4.9,14,461,final
2026-04-06,celio,chino,4.9,8,421,final
2026-04-07,celio,chino,5.2,18,440,final
2026-04-08,celio,chino,4.3,11,520,final
2026-04-09,celio,chino,4.2,11,450,final
2026-04-10,celio,chino,3.9,10,495,final
2026-04-11,celio,chino,4.4,11,539,final
2026-04-12,celio,chino,4.2,13,538,final
2026-04-13,celio,chino,4.6,6,474,final
2026-04-14,celio,chino,3.9,7,489,final
2026-04-15,celio,chino,4.4,7,426,final
2026-04-16,celio,chino,4.6,2,464,final
2026-04-17,celio,chino,4.8,10,490,final
2026-04-18,celio,chino,3.8,12,556,final
2026-04-19,celio,chino,4.7,7,526,final
2026-04-20,celio,chino,5.0,12,481,final
2026-04-21,celio,chino,5.0,8,471,final
2026-04-22,celio,chino,3.5,2,493,final
2026-04-23,celio,chino,3.9,6,480,final
2026-04-24,celio,chino,4.2,6,479,final
2026-04-25,celio,chino,4.1,13,496,final
2026-04-26,celio,chino,5.1,5,472,final
2026-04-27,celio,chino,4.4,11,450,final
2026-04-28,celio,chino,3.1,14,573,final
2026-04-29,celio,chino,4.2,14,500,final
2026-04-30,celio,chino,6.1,6,478,final
2026-05-01,celio,chino,5.2,5,509,final
2026-05-02,celio,chino,5.9,7,591,final
2026-05-03,celio,chino,5.4,6,550,final
2026-05-04,celio,chino,4.9,6,484,final
2026-05-05,celio,chino,5.7,4,471,final
2026-05-06,celio,chino,5.9,2,472,final
2026-05-07,celio,chino,4.9,2,467,final
2026-05-08,celio,chino,3.9,14,585,final
2026-05-09,celio,chino,3.9,7,508,final
2026-05-10,celio,chino,3.8,7,519,final
2026-05-11,celio,chino,3.8,11,466,final
2026-05-12,celio,chino,3.4,8,451,final
2026-05-13,celio,chino,5.5,4,463,final
2026-05-14,celio,chino,4.0,8,581,final
2026-05-15,celio,chino,3.9,14,497,final
2026-05-16,celio,chino,3.9,14,493,final
2026-05-17,celio,chino,3.6,13,487,final
2026-05-18,celio,chino,3.9,5,469,final
2026-05-19,celio,chino,3.4,13,420,final
2026-05-20,celio,chino,4.0,13,510,final
2026-05-21,celio,chino,4.2,6,515,final
2026-05-22,celio,chino,3.4,7,502,final
2026-05-23,celio,chino,3.5,6,496,final
2026-05-24,celio,chino,4.5,6,471,final
2026-05-25,celio,chino,4.0,9,523,final
2026-05-26,celio,chino,3.9,12,487,final
2026-05-27,celio,chino,4.0,10,556,final
2026-05-28,celio,chino,4.0,12,537,final
2026-05-29,celio,chino,3.8,9,456,final
2026-05-30,celio,chino,3.1,13,525,final
2026-05-31,celio,chino,2.7,9,538,final
2026-06-01,celio,chino,3.6,15,510,final
2026-06-02,celio,chino,3.7,17,462,final
2026-06-03,celio,chino,4.0,11,518,final
2026-06-04,celio,chino,3.6,10,451,final
2026-06-05,celio,chino,4.1,6,461,final
2026-06-06,celio,chino,3.8,11,545,final
2026-06-07,celio,chino,4.1,13,449,final
2026-06-08,celio,chino,3.7,8,479,final
2026-06-09,celio,chino,3.2,10,448,final
2026-06-10,celio,chino,3.3,17,482,final
2026-06-11,celio,chino,3.7,5,402,final
2026-06-12,celio,chino,3.5,7,462,final
2026-06-13,celio,chino,4.2,3,476,final
2026-06-14,celio,chino,4.4,11,466,final
2026-06-15,celio,chino,3.8,5,461,final
2026-06-16,celio,chino,4.2,8,475,final
2026-06-17,celio,chino,3.7,10,436,final
2026-06-18,celio,chino,3.0,10,464,final
2026-06-19,celio,chino,3.1,12,447,final
2026-06-20,celio,chino,3.6,7,482,final
2026-06-21,celio,chino,4.7,9,432,final
2026-06-22,celio,chino,4.1,7,425,final
2026-06-23,celio,chino,3.2,13,459,final
2026-06-24,celio,chino,3.6,16,532,final
2026-06-25,celio,chino,3.7,6,438,final
2026-06-26,celio,chino,3.9,9,460,final
2026-06-27,celio,chino,4.3,11,528,final
2026-06-28,celio,chino,4.2,8,493,final
2026-06-29,celio,chino,4.3,6,421,final
2026-06-30,celio,chino,4.0,10,536,final
2026-07-01,celio,chino,3.4,17,492,final
2026-07-02,celio,chino,3.5,8,478,final
2026-07-03,celio,chino,3.8,10,436,final
2026-07-04,celio,chino,3.4,7,440,final
2026-07-05,celio,chino,4.5,9,458,final
2026-07-06,celio,chino,3.7,6,457,final
2026-07-07,celio,chino,4.2,9,359,final
2026-07-08,celio,chino,4.2,7,411,final
2026-07-09,celio,chino,4.2,4,379,final
2026-07-10,celio,chino,3.4,7,383,final
2026-07-11,celio,chino,3.6,6,380,final
2026-07-12,celio,chino,4.3,6,367,final
2026-07-13,celio,chino,3.8,6,367,final
2026-07-14,celio,chino,4.8,3,361,final
2026-07-15,celio,chino,4.6,2,348,final
2026-07-16,celio,chino,4.2,3,349,final
2026-07-17,celio,chino,3.6,5,362,final
2026-07-18,celio,chino,4.1,2,347,final
2026-07-19,celio,chino,5.0,5,353,final
2026-07-20,celio,chino,3.4,6,367,final
2026-07-21,celio,chino,3.9,6,333,final
2026-07-22,celio,chino,4.7,4,343,final
2026-07-23,celio,chino,4.0,5,372,final
2026-07-24,celio,chino,4.0,5,347,final
2026-07-25,celio,chino,3.9,3,358,final
2026-07-26,celio,chino,3.0,6,297,final
2026-07-27,celio,chino,4.1,5,293,final
2026-07-28,celio,chino,3.4,6,332,final
2026-07-29,celio,chino,4.3,1,362,final
2026-07-30,celio,chino,3.5,9,389,final
2026-07-31,celio,chino,3.9,4,357,final
2026-08-01,celio,chino,4.1,10,406,final
2026-08-02,celio,chino,4.4,4,379,final
2026-08-03,celio,chino,3.7,1,368,final
2026-08-04,celio,chino,3.6,6,390,final
2026-08-05,celio,chino,3.3,3,359,final
2026-08-06,celio,chino,3.2,8,378,final
2026-08-07,celio,chino,3.5,4,362,final
2026-08-08,celio,chino,3.4,3,379,final
2026-08-09,celio,chino,2.6,4,345,final
2026-08-10,celio,chino,3.6,5,376,final
2026-08-11,celio,chino,3.8,3,377,final
2026-08-12,celio,chino,3.9,4,333,final
2026-08-13,celio,chino,3.9,5,373,final
2026-08-14,celio,chino,4.1,7,326,final
2026-08-15,celio,chino,4.1,6,391,final
2026-08-16,celio,chino,4.7,3,413,final
2026-08-17,celio,chino,4.6,5,369,final
2026-08-18,celio,chino,4.5,6,367,final
2026-08-19,celio,chino,4.5,8,378,final
2026-08-20,celio,chino,4.7,3,356,final
2026-08-21,celio,chino,4.7,8,447,final
2026-08-22,celio,chino,3.9,5,416,final
2026-08-23,celio,chino,3.7,9,398,final
2026-08-24,celio,chino,4.3,5,356,final
2026-08-25,celio,chino,4.4,8,419,final
2026-08-26,celio,chino,4.8,10,441,final
2026-08-27,celio,chino,4.0,9,483,final
2026-08-28,celio,chino,3.9,7,475,final
2026-08-29,celio,chino,4.0,6,413,final
2026-08-30,celio,chino,4.6,10,445,final
2026-08-31,celio,chino,3.7,9,447,final
2026-09-01,celio,chino,3.7,9,444,final
2026-09-02,celio,chino,3.6,5,432,final
2026-09-03,celio,chino,3.4,10,430,final
2026-09-04,celio,chino,3.8,10,403,final
2026-09-05,celio,chino,3.7,11,433,final
2026-09-06,celio,chino,3.8,4,364,final
2026-09-07,celio,chino,3.7,11,414,final
2026-09-08,celio,chino,3.6,9,383,final
2026-09-09,celio,chino,4.4,3,367,final
2026-09-10,celio,chino,3.2,9,395,final
2026-09-11,celio,chino,3.2,3,401,final
2026-09-12,celio,chino,4.4,0,409,final
2026-09-13,celio,chino,3.5,5,410,final
2026-09-14,celio,chino,3.8,5,382,final
2026-09-15,celio,chino,3.9,3,369,final
2026-09-16,celio,chino,4.2,14,361,final
2026-09-17,celio,chino,2.9,4,305,final
2026-09-18,celio,chino,3.6,4,345,final
2026-09-19,celio,chino,3.3,5,382,final
2026-09-20,celio,chino,3.4,8,392,final
2026-09-21,celio,chino,3.1,9,387,final
2026-09-22,celio,chino,4.2,9,334,final
2026-09-23,celio,chino,3.9,7,343,final
2026-09-24,celio,chino,3.5,4,356,final
2026-09-25,celio,chino,4.1,5,332,final
2026-09-26,celio,chino,3.5,8,424,final
2026-09-27,celio,chino,3.1,11,401,final
2026-09-28,celio,chino,3.7,8,364,final
2026-09-29,celio,chino,3.6,11,306,fresh
2026-09-30,celio,chino,3.8,10,371,fresh
2025-06-08,celio,costume 3 pièces homme,3.6,11,189,final
2025-06-09,celio,costume 3 pièces homme,4.3,20,209,final
2025-06-10,celio,costume 3 pièces homme,4.5,11,164,final
2025-06-11,celio,costume 3 pièces homme,4.4,9,167,final
2025-06-12,celio,costume 3 pièces homme,4.1,10,141,final
2025-06-13,celio,costume 3 pièces homme,4.3,8,134,final
2025-06-14,celio,costume 3 pièces homme,3.7,15,160,final
2025-06-15,celio,costume 3 pièces homme,3.7,10,191,final
2025-06-16,celio,costume 3 pièces homme,3.5,13,143,final
2025-06-17,celio,costume 3 pièces homme,3.6,6,121,final
2025-06-18,celio,costume 3 pièces homme,2.9,7,151,final
2025-06-19,celio,costume 3 pièces homme,2.9,8,132,final
2025-06-20,celio,costume 3 pièces homme,2.9,9,112,final
2025-06-21,celio,costume 3 pièces homme,3.4,4,155,final
2025-06-22,celio,costume 3 pièces homme,3.1,9,171,final
2025-06-23,celio,costume 3 pièces homme,3.7,9,134,final
2025-06-24,celio,costume 3 pièces homme,3.9,5,148,final
2025-06-25,celio,costume 3 pièces homme,3.2,9,154,final
2025-06-26,celio,costume 3 pièces homme,3.4,8,130,final
2025-06-27,celio,costume 3 pièces homme,2.9,13,164,final
2025-06-28,celio,costume 3 pièces homme,2.8,10,177,final
2025-06-29,celio,costume 3 pièces homme,4.7,4,158,final
2025-06-30,celio,costume 3 pièces homme,3.9,6,135,final
2025-07-01,celio,costume 3 pièces homme,4.2,10,138,final
2025-07-02,celio,costume 3 pièces homme,4.7,6,110,final
2025-07-03,celio,costume 3 pièces homme,4.3,0,140,final
2025-07-04,celio,costume 3 pièces homme,4.5,6,115,final
2025-07-05,celio,costume 3 pièces homme,4.5,5,134,final
2025-07-06,celio,costume 3 pièces homme,4.5,5,155,final
2025-07-07,celio,costume 3 pièces homme,5.5,6,134,final
2025-07-08,celio,costume 3 pièces homme,5.3,7,131,final
2025-07-09,celio,costume 3 pièces homme,5.3,5,117,final
2025-07-10,celio,costume 3 pièces homme,5.0,4,129,final
2025-07-11,celio,costume 3 pièces homme,4.1,4,109,final
2025-07-12,celio,costume 3 pièces homme,4.5,5,136,final
2025-07-13,celio,costume 3 pièces homme,4.6,3,141,final
2025-07-14,celio,costume 3 pièces homme,4.7,7,180,final
2025-07-15,celio,costume 3 pièces homme,4.5,9,136,final
2025-07-16,celio,costume 3 pièces homme,5.0,0,134,final
2025-07-17,celio,costume 3 pièces homme,5.1,8,126,final
2025-07-18,celio,costume 3 pièces homme,5.7,6,120,final
2025-07-19,celio,costume 3 pièces homme,5.7,8,171,final
2025-07-20,celio,costume 3 pièces homme,6.9,2,130,final
2025-07-21,celio,costume 3 pièces homme,6.9,4,152,final
2025-07-22,celio,costume 3 pièces homme,7.0,4,122,final
2025-07-23,celio,costume 3 pièces homme,8.3,1,106,final
2025-07-24,celio,costume 3 pièces homme,7.1,5,102,final
2025-07-25,celio,costume 3 pièces homme,6.9,2,88,final
2025-07-26,celio,costume 3 pièces homme,7.2,2,85,final
2025-07-27,celio,costume 3 pièces homme,6.6,6,102,final
2025-07-28,celio,costume 3 pièces homme,5.5,3,116,final
2025-07-29,celio,costume 3 pièces homme,4.4,11,154,final
2025-07-30,celio,costume 3 pièces homme,5.2,4,118,final
2025-07-31,celio,costume 3 pièces homme,3.6,6,132,final
2025-08-01,celio,costume 3 pièces homme,2.7,9,116,final
2025-08-02,celio,costume 3 pièces homme,2.8,7,170,final
2025-08-03,celio,costume 3 pièces homme,3.5,14,149,final
2025-08-04,celio,costume 3 pièces homme,3.6,5,106,final
2025-08-05,celio,costume 3 pièces homme,3.5,3,100,final
2025-08-06,celio,costume 3 pièces homme,3.4,9,117,final
2025-08-07,celio,costume 3 pièces homme,3.7,7,99,final
2025-08-08,celio,costume 3 pièces homme,3.2,6,119,final
2025-08-09,celio,costume 3 pièces homme,3.8,6,129,final
2025-08-10,celio,costume 3 pièces homme,3.8,10,128,final
2025-08-11,celio,costume 3 pièces homme,5.2,5,126,final
2025-08-12,celio,costume 3 pièces homme,6.1,2,99,final
2025-08-13,celio,costume 3 pièces homme,7.2,7,99,final
2025-08-14,celio,costume 3 pièces homme,4.3,7,100,final
2025-08-15,celio,costume 3 pièces homme,5.0,4,96,final
2025-08-16,celio,costume 3 pièces homme,4.6,2,97,final
2025-08-17,celio,costume 3 pièces homme,4.9,4,112,final
2025-08-18,celio,costume 3 pièces homme,4.6,6,122,final
2025-08-19,celio,costume 3 pièces homme,4.6,5,125,final
2025-08-20,celio,costume 3 pièces homme,6.2,4,112,final
2025-08-21,celio,costume 3 pièces homme,7.7,2,116,final
2025-08-22,celio,costume 3 pièces homme,6.9,5,101,final
2025-08-23,celio,costume 3 pièces homme,5.3,8,144,final
2025-08-24,celio,costume 3 pièces homme,4.5,13,148,final
2025-08-25,celio,costume 3 pièces homme,3.9,6,124,final
2025-08-26,celio,costume 3 pièces homme,1.7,8,109,final
2025-08-27,celio,costume 3 pièces homme,1.8,11,139,final
2025-08-28,celio,costume 3 pièces homme,1.8,16,127,final
2025-08-29,celio,costume 3 pièces homme,2.4,12,124,final
2025-08-30,celio,costume 3 pièces homme,2.5,12,197,final
2025-08-31,celio,costume 3 pièces homme,2,15,185,final
2025-09-01,celio,costume 3 pièces homme,2.7,18,156,final
2025-09-02,celio,costume 3 pièces homme,2.9,9,137,final
2025-09-03,celio,costume 3 pièces homme,3.2,8,123,final
2025-09-04,celio,costume 3 pièces homme,3.5,6,126,final
2025-09-05,celio,costume 3 pièces homme,2.9,10,121,final
2025-09-06,celio,costume 3 pièces homme,2.7,10,142,final
2025-09-07,celio,costume 3 pièces homme,2.4,15,161,final
2025-09-08,celio,costume 3 pièces homme,2.4,11,138,final
2025-09-09,celio,costume 3 pièces homme,3.0,7,126,final
2025-09-10,celio,costume 3 pièces homme,3.3,4,146,final
2025-09-11,celio,costume 3 pièces homme,3.2,8,143,final
2025-09-12,celio,costume 3 pièces homme,3.4,6,123,final
2025-09-13,celio,costume 3 pièces homme,3.3,11,191,final
2025-09-14,celio,costume 3 pièces homme,3.2,20,175,final
2025-09-15,celio,costume 3 pièces homme,3.0,5,127,final
2025-09-16,celio,costume 3 pièces homme,3.3,12,132,final
2025-09-17,celio,costume 3 pièces homme,3.4,6,131,final
2025-09-18,celio,costume 3 pièces homme,2.5,5,109,final
2025-09-19,celio,costume 3 pièces homme,2.5,9,139,final
2025-09-20,celio,costume 3 pièces homme,4.3,6,170,final
2025-09-21,celio,costume 3 pièces homme,4.6,5,168,final
2025-09-22,celio,costume 3 pièces homme,4.3,12,130,final
2025-09-23,celio,costume 3 pièces homme,3.3,7,121,final
2025-09-24,celio,costume 3 pièces homme,3.7,13,155,final
2025-09-25,celio,costume 3 pièces homme,3.3,7,124,final
2025-09-26,celio,costume 3 pièces homme,3.4,5,151,final
2025-09-27,celio,costume 3 pièces homme,3.5,16,194,final
2025-09-28,celio,costume 3 pièces homme,4.3,5,148,final
2025-09-29,celio,costume 3 pièces homme,4.3,8,134,final
2025-09-30,celio,costume 3 pièces homme,2.9,4,79,final
2025-10-01,celio,costume 3 pièces homme,3.5,16,142,final
2025-10-02,celio,costume 3 pièces homme,3.1,8,120,final
2025-10-03,celio,costume 3 pièces homme,2.9,14,154,final
2025-10-04,celio,costume 3 pièces homme,3.2,12,163,final
2025-10-05,celio,costume 3 pièces homme,3.9,8,143,final
2025-10-06,celio,costume 3 pièces homme,4.3,7,160,final
2025-10-07,celio,costume 3 pièces homme,3.6,8,106,final
2025-10-08,celio,costume 3 pièces homme,2.5,9,134,final
2025-10-09,celio,costume 3 pièces homme,3.0,18,142,final
2025-10-10,celio,costume 3 pièces homme,3.0,8,121,final
2025-10-11,celio,costume 3 pièces homme,2.7,16,175,final
2025-10-12,celio,costume 3 pièces homme,2.2,14,180,final
2025-10-13,celio,costume 3 pièces homme,3.4,5,129,final
2025-10-14,celio,costume 3 pièces homme,2.9,7,131,final
2025-10-15,celio,costume 3 pièces homme,2.6,11,126,final
2025-10-16,celio,costume 3 pièces homme,2.6,12,149,final
2025-10-17,celio,costume 3 pièces homme,2.0,9,124,final
2025-10-18,celio,costume 3 pièces homme,2.4,10,147,final
2025-10-19,celio,costume 3 pièces homme,2.5,8,154,final
2025-10-20,celio,costume 3 pièces homme,2.6,11,149,final
2025-10-21,celio,costume 3 pièces homme,2.3,2,123,final
2025-10-22,celio,costume 3 pièces homme,2.8,4,106,final
2025-10-23,celio,costume 3 pièces homme,2.7,6,129,final
2025-10-24,celio,costume 3 pièces homme,2.6,8,125,final
2025-10-25,celio,costume 3 pièces homme,2.4,17,185,final
2025-10-26,celio,costume 3 pièces homme,2.7,14,170,final
2025-10-27,celio,costume 3 pièces homme,3.0,10,163,final
2025-10-28,celio,costume 3 pièces homme,2.5,10,122,final
2025-10-29,celio,costume 3 pièces homme,2.4,9,124,final
2025-10-30,celio,costume 3 pièces homme,2.4,11,135,final
2025-10-31,celio,costume 3 pièces homme,2.5,9,151,final
2025-11-01,celio,costume 3 pièces homme,3.5,14,176,final
2025-11-02,celio,costume 3 pièces homme,3.7,18,186,final
2025-11-03,celio,costume 3 pièces homme,3.9,8,128,final
2025-11-04,celio,costume 3 pièces homme,2.3,12,105,final
2025-11-05,celio,costume 3 pièces homme,2.3,16,120,final
2025-11-06,celio,costume 3 pièces homme,3.1,10,133,final
2025-11-07,celio,costume 3 pièces homme,2.6,8,122,final
2025-11-08,celio,costume 3 pièces homme,2.9,7,163,final
2025-11-09,celio,costume 3 pièces homme,2.5,12,169,final
2025-11-10,celio,costume 3 pièces homme,3.3,9,137,final
2025-11-11,celio,costume 3 pièces homme,2.6,17,175,final
2025-11-12,celio,costume 3 pièces homme,2.0,13,170,final
2025-11-13,celio,costume 3 pièces homme,1.7,9,107,final
2025-11-14,celio,costume 3 pièces homme,1.8,14,168,final
2025-11-15,celio,costume 3 pièces homme,1.8,16,226,final
2025-11-16,celio,costume 3 pièces homme,1.7,21,205,final
2025-11-17,celio,costume 3 pièces homme,2.0,16,166,final
2025-11-18,celio,costume 3 pièces homme,2.4,10,134,final
2025-11-19,celio,costume 3 pièces homme,3.4,8,121,final
2025-11-20,celio,costume 3 pièces homme,3.3,2,124,final
2025-11-21,celio,costume 3 pièces homme,2.7,10,151,final
2025-11-22,celio,costume 3 pièces homme,2.2,13,173,final
2025-11-23,celio,costume 3 pièces homme,2.0,17,175,final
2025-11-24,celio,costume 3 pièces homme,2.3,12,156,final
2025-11-25,celio,costume 3 pièces homme,1.8,7,143,final
2025-11-26,celio,costume 3 pièces homme,1.9,8,134,final
2025-11-27,celio,costume 3 pièces homme,2.3,15,169,final
2025-11-28,celio,costume 3 pièces homme,1.6,7,156,final
2025-11-29,celio,costume 3 pièces homme,1.6,16,196,final
2025-11-30,celio,costume 3 pièces homme,1.6,20,215,final
2025-12-01,celio,costume 3 pièces homme,1.8,17,140,final
2025-12-02,celio,costume 3 pièces homme,1.9,20,144,final
2025-12-03,celio,costume 3 pièces homme,1.6,14,158,final
2025-12-04,celio,costume 3 pièces homme,2.3,8,156,final
2025-12-05,celio,costume 3 pièces homme,2.4,11,145,final
2025-12-06,celio,costume 3 pièces homme,2.5,8,177,final
2025-12-07,celio,costume 3 pièces homme,1.9,14,188,final
2025-12-08,celio,costume 3 pièces homme,1.7,21,155,final
2025-12-09,celio,costume 3 pièces homme,1.6,13,145,final
2025-12-10,celio,costume 3 pièces homme,2.0,12,182,final
2025-12-11,celio,costume 3 pièces homme,2.5,15,165,final
2025-12-12,celio,costume 3 pièces homme,2.1,6,122,final
2025-12-13,celio,costume 3 pièces homme,2.4,10,185,final
2025-12-14,celio,costume 3 pièces homme,2.8,6,188,final
2025-12-15,celio,costume 3 pièces homme,2.3,11,173,final
2025-12-16,celio,costume 3 pièces homme,2.5,14,142,final
2025-12-17,celio,costume 3 pièces homme,2.3,13,139,final
2025-12-18,celio,costume 3 pièces homme,2.5,4,129,final
2025-12-19,celio,costume 3 pièces homme,4.2,11,148,final
2025-12-20,celio,costume 3 pièces homme,2.9,16,175,final
2025-12-21,celio,costume 3 pièces homme,3.0,11,175,final
2025-12-22,celio,costume 3 pièces homme,2.3,12,167,final
2025-12-23,celio,costume 3 pièces homme,2.0,12,169,final
2025-12-24,celio,costume 3 pièces homme,3.1,6,155,final
2025-12-25,celio,costume 3 pièces homme,1.5,23,179,final
2025-12-26,celio,costume 3 pièces homme,2.7,20,168,final
2025-12-27,celio,costume 3 pièces homme,2.5,11,163,final
2025-12-28,celio,costume 3 pièces homme,2.5,13,173,final
2025-12-29,celio,costume 3 pièces homme,3.7,9,158,final
2025-12-30,celio,costume 3 pièces homme,3.8,8,161,final
2025-12-31,celio,costume 3 pièces homme,2.2,14,194,final
2026-01-01,celio,costume 3 pièces homme,2.3,11,136,final
2026-01-02,celio,costume 3 pièces homme,1.9,9,151,final
2026-01-03,celio,costume 3 pièces homme,2.5,9,192,final
2026-01-04,celio,costume 3 pièces homme,3.1,7,184,final
2026-01-05,celio,costume 3 pièces homme,2.5,5,137,final
2026-01-06,celio,costume 3 pièces homme,2.3,4,109,final
2026-01-07,celio,costume 3 pièces homme,2.6,7,152,final
2026-01-08,celio,costume 3 pièces homme,3.0,11,135,final
2026-01-09,celio,costume 3 pièces homme,3.2,9,152,final
2026-01-10,celio,costume 3 pièces homme,2.2,15,260,final
2026-01-11,celio,costume 3 pièces homme,3.4,11,199,final
2026-01-12,celio,costume 3 pièces homme,3.4,9,180,final
2026-01-13,celio,costume 3 pièces homme,3.1,7,188,final
2026-01-14,celio,costume 3 pièces homme,3.1,7,159,final
2026-01-15,celio,costume 3 pièces homme,3.5,8,145,final
2026-01-16,celio,costume 3 pièces homme,2.5,4,165,final
2026-01-17,celio,costume 3 pièces homme,2.5,16,211,final
2026-01-18,celio,costume 3 pièces homme,2.3,22,210,final
2026-01-19,celio,costume 3 pièces homme,2.7,16,183,final
2026-01-20,celio,costume 3 pièces homme,2.5,11,173,final
2026-01-21,celio,costume 3 pièces homme,4.2,5,137,final
2026-01-22,celio,costume 3 pièces homme,2.7,8,169,final
2026-01-23,celio,costume 3 pièces homme,7.6,2,144,final
2026-01-24,celio,costume 3 pièces homme,5.4,6,215,final
2026-01-25,celio,costume 3 pièces homme,4.5,8,207,final
2026-01-26,celio,costume 3 pièces homme,4.5,7,156,final
2026-01-27,celio,costume 3 pièces homme,4.2,7,145,final
2026-01-28,celio,costume 3 pièces homme,5.0,8,127,final
2026-01-29,celio,costume 3 pièces homme,3.8,8,148,final
2026-01-30,celio,costume 3 pièces homme,5.4,9,179,final
2026-01-31,celio,costume 3 pièces homme,6.0,12,190,final
2026-02-01,celio,costume 3 pièces homme,4.6,16,184,final
2026-02-02,celio,costume 3 pièces homme,4.5,5,149,final
2026-02-03,celio,costume 3 pièces homme,5.0,11,142,final
2026-02-04,celio,costume 3 pièces homme,5.2,7,172,final
2026-02-05,celio,costume 3 pièces homme,6.9,1,147,final
2026-02-06,celio,costume 3 pièces homme,7.0,9,164,final
2026-02-07,celio,costume 3 pièces homme,5.1,6,185,final
2026-02-08,celio,costume 3 pièces homme,4.9,12,189,final
2026-02-09,celio,costume 3 pièces homme,4.7,3,177,final
2026-02-10,celio,costume 3 pièces homme,2.9,17,151,final
2026-02-11,celio,costume 3 pièces homme,3.0,10,125,final
2026-02-12,celio,costume 3 pièces homme,3.0,5,132,final
2026-02-13,celio,costume 3 pièces homme,2.7,11,137,final
2026-02-14,celio,costume 3 pièces homme,4.4,17,211,final
2026-02-15,celio,costume 3 pièces homme,5.6,5,73,final
2026-02-16,celio,costume 3 pièces homme,8.2,4,56,final
2026-02-17,celio,costume 3 pièces homme,3.0,3,106,final
2026-02-18,celio,costume 3 pièces homme,2.9,5,125,final
2026-02-19,celio,costume 3 pièces homme,5.0,5,94,final
2026-02-20,celio,costume 3 pièces homme,3.7,6,117,final
2026-02-21,celio,costume 3 pièces homme,3.4,6,151,final
2026-02-22,celio,costume 3 pièces homme,3.7,7,147,final
2026-02-23,celio,costume 3 pièces homme,2.5,13,139,final
2026-02-24,celio,costume 3 pièces homme,1.6,10,155,final
2026-02-25,celio,costume 3 pièces homme,2.2,13,157,final
2026-02-26,celio,costume 3 pièces homme,4.9,4,69,final
2026-02-27,celio,costume 3 pièces homme,3.2,8,138,final
2026-02-28,celio,costume 3 pièces homme,4.7,7,134,final
2026-03-01,celio,costume 3 pièces homme,2.3,9,123,final
2026-03-02,celio,costume 3 pièces homme,5.2,1,93,final
2026-03-03,celio,costume 3 pièces homme,5.3,5,56,final
2026-03-04,celio,costume 3 pièces homme,3.6,8,133,final
2026-03-05,celio,costume 3 pièces homme,2.7,8,146,final
2026-03-06,celio,costume 3 pièces homme,4.5,14,143,final
2026-03-07,celio,costume 3 pièces homme,4.4,16,207,final
2026-03-08,celio,costume 3 pièces homme,5.3,8,109,final
2026-03-09,celio,costume 3 pièces homme,4.1,6,112,final
2026-03-10,celio,costume 3 pièces homme,4.7,4,99,final
2026-03-11,celio,costume 3 pièces homme,5.1,4,70,final
2026-03-12,celio,costume 3 pièces homme,5.3,4,81,final
2026-03-13,celio,costume 3 pièces homme,3.4,13,163,final
2026-03-14,celio,costume 3 pièces homme,6.9,8,214,final
2026-03-15,celio,costume 3 pièces homme,2.2,17,197,final
2026-03-16,celio,costume 3 pièces homme,2.6,7,160,final
2026-03-17,celio,costume 3 pièces homme,2.2,8,150,final
2026-03-18,celio,costume 3 pièces homme,2.6,14,140,final
2026-03-19,celio,costume 3 pièces homme,2.5,5,123,final
2026-03-20,celio,costume 3 pièces homme,2.7,10,174,final
2026-03-21,celio,costume 3 pièces homme,2.7,14,198,final
2026-03-22,celio,costume 3 pièces homme,2.4,19,208,final
2026-03-23,celio,costume 3 pièces homme,2.5,19,173,final
2026-03-24,celio,costume 3 pièces homme,2.3,9,151,final
2026-03-25,celio,costume 3 pièces homme,3.1,15,172,final
2026-03-26,celio,costume 3 pièces homme,3.1,11,178,final
2026-03-27,celio,costume 3 pièces homme,3.8,10,181,final
2026-03-28,celio,costume 3 pièces homme,2.7,17,242,final
2026-03-29,celio,costume 3 pièces homme,2.7,17,210,final
2026-03-30,celio,costume 3 pièces homme,2.9,10,212,final
2026-03-31,celio,costume 3 pièces homme,3.0,12,168,final
2026-04-01,celio,costume 3 pièces homme,2.8,12,173,final
2026-04-02,celio,costume 3 pièces homme,3.1,21,181,final
2026-04-03,celio,costume 3 pièces homme,2.5,9,186,final
2026-04-04,celio,costume 3 pièces homme,2.1,20,185,final
2026-04-05,celio,costume 3 pièces homme,2.2,16,200,final
2026-04-06,celio,costume 3 pièces homme,2.3,28,229,final
2026-04-07,celio,costume 3 pièces homme,2.1,16,160,final
2026-04-08,celio,costume 3 pièces homme,2.3,14,187,final
2026-04-09,celio,costume 3 pièces homme,2,12,155,final
2026-04-10,celio,costume 3 pièces homme,1.2,10,106,final
2026-04-11,celio,costume 3 pièces homme,1.5,19,250,final
2026-04-12,celio,costume 3 pièces homme,1.9,22,233,final
2026-04-13,celio,costume 3 pièces homme,1.8,17,203,final
2026-04-14,celio,costume 3 pièces homme,1.9,8,156,final
2026-04-15,celio,costume 3 pièces homme,1.8,12,155,final
2026-04-16,celio,costume 3 pièces homme,2.1,10,151,final
2026-04-17,celio,costume 3 pièces homme,3.7,12,164,final
2026-04-18,celio,costume 3 pièces homme,2.1,14,203,final
2026-04-19,celio,costume 3 pièces homme,2.1,22,192,final
2026-04-20,celio,costume 3 pièces homme,2.2,12,156,final
2026-04-21,celio,costume 3 pièces homme,2.5,10,179,final
2026-04-22,celio,costume 3 pièces homme,2.0,6,153,final
2026-04-23,celio,costume 3 pièces homme,2.3,13,151,final
2026-04-24,celio,costume 3 pièces homme,2.5,6,177,final
2026-04-25,celio,costume 3 pièces homme,2.6,10,169,final
2026-04-26,celio,costume 3 pièces homme,2.2,11,181,final
2026-04-27,celio,costume 3 pièces homme,2.6,10,179,final
2026-04-28,celio,costume 3 pièces homme,2.8,8,131,final
2026-04-29,celio,costume 3 pièces homme,1.9,15,152,final
2026-04-30,celio,costume 3 pièces homme,1.7,13,114,final
2026-05-01,celio,costume 3 pièces homme,1.8,18,146,final
2026-05-02,celio,costume 3 pièces homme,2.1,13,189,final
2026-05-03,celio,costume 3 pièces homme,1.7,18,163,final
2026-05-04,celio,costume 3 pièces homme,2.3,12,152,final
2026-05-05,celio,costume 3 pièces homme,1.7,15,141,final
2026-05-06,celio,costume 3 pièces homme,1.7,18,149,final
2026-05-07,celio,costume 3 pièces homme,2.0,7,125,final
2026-05-08,celio,costume 3 pièces homme,1.6,14,168,final
2026-05-09,celio,costume 3 pièces homme,1.2,14,188,final
2026-05-10,celio,costume 3 pièces homme,1.4,21,215,final
2026-05-11,celio,costume 3 pièces homme,1.6,16,197,final
2026-05-12,celio,costume 3 pièces homme,1.5,15,158,final
2026-05-13,celio,costume 3 pièces homme,2.0,16,163,final
2026-05-14,celio,costume 3 pièces homme,1.8,14,173,final
2026-05-15,celio,costume 3 pièces homme,1.7,16,211,final
2026-05-16,celio,costume 3 pièces homme,1.6,10,190,final
2026-05-17,celio,costume 3 pièces homme,1.4,16,189,final
2026-05-18,celio,costume 3 pièces homme,1.7,7,164,final
2026-05-19,celio,costume 3 pièces homme,1.7,18,155,final
2026-05-20,celio,costume 3 pièces homme,1.7,7,169,final
2026-05-21,celio,costume 3 pièces homme,3.6,2,139,final
2026-05-22,celio,costume 3 pièces homme,2.4,4,145,final
2026-05-23,celio,costume 3 pièces homme,2.6,4,137,final
2026-05-24,celio,costume 3 pièces homme,2.3,7,135,final
2026-05-25,celio,costume 3 pièces homme,2.6,6,136,final
2026-05-26,celio,costume 3 pièces homme,2.8,4,102,final
2026-05-27,celio,costume 3 pièces homme,2.3,4,122,final
2026-05-28,celio,costume 3 pièces homme,2.6,5,108,final
2026-05-29,celio,costume 3 pièces homme,2.7,5,128,final
2026-05-30,celio,costume 3 pièces homme,2.1,7,112,final
2026-05-31,celio,costume 3 pièces homme,2.6,6,136,final
2026-06-01,celio,costume 3 pièces homme,2.5,11,135,final
2026-06-02,celio,costume 3 pièces homme,2.4,11,148,final
2026-06-03,celio,costume 3 pièces homme,2.5,13,149,final
2026-06-04,celio,costume 3 pièces homme,2.3,9,153,final
2026-06-05,celio,costume 3 pièces homme,2.2,9,163,final
2026-06-06,celio,costume 3 pièces homme,2.8,13,140,final
2026-06-07,celio,costume 3 pièces homme,2.7,11,180,final
2026-06-08,celio,costume 3 pièces homme,2.6,11,152,final
2026-06-09,celio,costume 3 pièces homme,2.4,10,158,final
2026-06-10,celio,costume 3 pièces homme,2.6,8,146,final
2026-06-11,celio,costume 3 pièces homme,3.1,10,115,final
2026-06-12,celio,costume 3 pièces homme,2.9,4,131,final
2026-06-13,celio,costume 3 pièces homme,2.9,7,136,final
2026-06-14,celio,costume 3 pièces homme,2.9,8,144,final
2026-06-15,celio,costume 3 pièces homme,2.8,7,116,final
2026-06-16,celio,costume 3 pièces homme,2.0,9,124,final
2026-06-17,celio,costume 3 pièces homme,2.6,4,96,final
2026-06-18,celio,costume 3 pièces homme,2.2,6,115,final
2026-06-19,celio,costume 3 pièces homme,2.3,4,110,final
2026-06-20,celio,costume 3 pièces homme,2.1,8,138,final
2026-06-21,celio,costume 3 pièces homme,1.9,12,141,final
2026-06-22,celio,costume 3 pièces homme,2.4,4,111,final
2026-06-23,celio,costume 3 pièces homme,2.2,6,93,final
2026-06-24,celio,costume 3 pièces homme,1.6,11,120,final
2026-06-25,celio,costume 3 pièces homme,2.3,3,106,final
2026-06-26,celio,costume 3 pièces homme,2.3,3,111,final
2026-06-27,celio,costume 3 pièces homme,2.9,3,135,final
2026-06-28,celio,costume 3 pièces homme,2.4,13,120,final
2026-06-29,celio,costume 3 pièces homme,2.5,12,131,final
2026-06-30,celio,costume 3 pièces homme,1.7,15,123,final
2026-07-01,celio,costume 3 pièces homme,2.2,4,107,final
2026-07-02,celio,costume 3 pièces homme,2.4,6,98,final
2026-07-03,celio,costume 3 pièces homme,2.2,7,113,final
2026-07-04,celio,costume 3 pièces homme,2.1,6,132,final
2026-07-05,celio,costume 3 pièces homme,2.6,8,146,final
2026-07-06,celio,costume 3 pièces homme,2.4,13,97,final
2026-07-07,celio,costume 3 pièces homme,1.7,9,98,final
2026-07-08,celio,costume 3 pièces homme,1.5,6,111,final
2026-07-09,celio,costume 3 pièces homme,1.8,5,73,final
2026-07-10,celio,costume 3 pièces homme,1.7,8,108,final
2026-07-11,celio,costume 3 pièces homme,1.8,10,137,final
2026-07-12,celio,costume 3 pièces homme,1.9,3,112,final
2026-07-13,celio,costume 3 pièces homme,1.9,9,125,final
2026-07-14,celio,costume 3 pièces homme,1.6,9,108,final
2026-07-15,celio,costume 3 pièces homme,1.7,6,101,final
2026-07-16,celio,costume 3 pièces homme,1.6,7,88,final
2026-07-17,celio,costume 3 pièces homme,1.8,11,122,final
2026-07-18,celio,costume 3 pièces homme,1.6,6,126,final
2026-07-19,celio,costume 3 pièces homme,1.5,9,110,final
2026-07-20,celio,costume 3 pièces homme,1.8,9,105,final
2026-07-21,celio,costume 3 pièces homme,1.4,11,123,final
2026-07-22,celio,costume 3 pièces homme,1.6,3,106,final
2026-07-23,celio,costume 3 pièces homme,1.6,8,96,final
2026-07-24,celio,costume 3 pièces homme,2.2,5,105,final
2026-07-25,celio,costume 3 pièces homme,2.4,5,104,final
2026-07-26,celio,costume 3 pièces homme,2.6,3,112,final
2026-07-27,celio,costume 3 pièces homme,2.3,5,101,final
2026-07-28,celio,costume 3 pièces homme,2.2,5,111,final
2026-07-29,celio,costume 3 pièces homme,2.4,2,80,final
2026-07-30,celio,costume 3 pièces homme,2.5,5,89,final
2026-07-31,celio,costume 3 pièces homme,3.5,2,94,final
2026-08-01,celio,costume 3 pièces homme,2.7,7,125,final
2026-08-02,celio,costume 3 pièces homme,2.9,3,117,final
2026-08-03,celio,costume 3 pièces homme,2.8,4,109,final
2026-08-04,celio,costume 3 pièces homme,2.5,8,98,final
2026-08-05,celio,costume 3 pièces homme,2.7,7,114,final
2026-08-06,celio,costume 3 pièces homme,2.5,4,98,final
2026-08-07,celio,costume 3 pièces homme,2.7,8,91,final
2026-08-08,celio,costume 3 pièces homme,2.5,4,103,final
2026-08-09,celio,costume 3 pièces homme,2.4,5,116,final
2026-08-10,celio,costume 3 pièces homme,2.4,2,100,final
2026-08-11,celio,costume 3 pièces homme,2.2,7,118,final
2026-08-12,celio,costume 3 pièces homme,2.4,4,91,final
2026-08-13,celio,costume 3 pièces homme,2.3,7,118,final
2026-08-14,celio,costume 3 pièces homme,2.1,8,75,final
2026-08-15,celio,costume 3 pièces homme,2.4,8,124,final
2026-08-16,celio,costume 3 pièces homme,2.2,6,111,final
2026-08-17,celio,costume 3 pièces homme,2.3,9,118,final
2026-08-18,celio,costume 3 pièces homme,2.7,6,95,final
2026-08-19,celio,costume 3 pièces homme,2.2,9,100,final
2026-08-20,celio,costume 3 pièces homme,2.4,8,93,final
2026-08-21,celio,costume 3 pièces homme,1.9,8,116,final
2026-08-22,celio,costume 3 pièces homme,2.8,3,115,final
2026-08-23,celio,costume 3 pièces homme,2.4,6,104,final
2026-08-24,celio,costume 3 pièces homme,2.2,7,111,final
2026-08-25,celio,costume 3 pièces homme,1.9,8,104,final
2026-08-26,celio,costume 3 pièces homme,1.8,6,98,final
2026-08-27,celio,costume 3 pièces homme,1.9,12,115,final
2026-08-28,celio,costume 3 pièces homme,1.9,13,123,final
2026-08-29,celio,costume 3 pièces homme,2.3,11,140,final
2026-08-30,celio,costume 3 pièces homme,3.4,7,119,final
2026-08-31,celio,costume 3 pièces homme,3.1,5,135,final
2026-09-01,celio,costume 3 pièces homme,2.9,8,105,final
2026-09-02,celio,costume 3 pièces homme,2.1,5,97,final
2026-09-03,celio,costume 3 pièces homme,3.2,6,92,final
2026-09-04,celio,costume 3 pièces homme,3.4,4,103,final
2026-09-05,celio,costume 3 pièces homme,3.6,8,150,final
2026-09-06,celio,costume 3 pièces homme,3.1,11,119,final
2026-09-07,celio,costume 3 pièces homme,3.7,7,91,final
2026-09-08,celio,costume 3 pièces homme,2.8,1,110,final
2026-09-09,celio,costume 3 pièces homme,2.2,7,99,final
2026-09-10,celio,costume 3 pièces homme,2.0,9,98,final
2026-09-11,celio,costume 3 pièces homme,2.4,6,104,final
2026-09-12,celio,costume 3 pièces homme,2.3,10,142,final
2026-09-13,celio,costume 3 pièces homme,2.1,5,113,final
2026-09-14,celio,costume 3 pièces homme,2.1,10,112,final
2026-09-15,celio,costume 3 pièces homme,2.7,7,109,final
2026-09-16,celio,costume 3 pièces homme,2.2,9,113,final
2026-09-17,celio,costume 3 pièces homme,1.9,8,94,final
2026-09-18,celio,costume 3 pièces homme,1.9,10,134,final
2026-09-19,celio,costume 3 pièces homme,1.3,13,127,final
2026-09-20,celio,costume 3 pièces homme,1.5,16,158,final
2026-09-21,celio,costume 3 pièces homme,2.0,9,126,final
2026-09-22,celio,costume 3 pièces homme,1.8,4,98,final
2026-09-23,celio,costume 3 pièces homme,2.4,6,112,final
2026-09-24,celio,costume 3 pièces homme,2.5,5,115,final
2026-09-25,celio,costume 3 pièces homme,3.0,7,89,final
2026-09-26,celio,costume 3 pièces homme,2.6,6,127,final
2026-09-27,celio,costume 3 pièces homme,3.1,7,122,final
2026-09-28,celio,costume 3 pièces homme,3.1,4,110,final
2026-09-29,celio,costume 3 pièces homme,2.8,11,64,fresh
2026-09-30,celio,costume 3 pièces homme,2.3,6,84,fresh
2025-06-08,celio,costume homme,2.5,125,2244,final
2025-06-09,celio,costume homme,2.5,128,2415,final
2025-06-10,celio,costume homme,2.4,98,2111,final
2025-06-11,celio,costume homme,2.3,101,2033,final
2025-06-12,celio,costume homme,2.2,80,1863,final
2025-06-13,celio,costume homme,2.7,80,1783,final
2025-06-14,celio,costume homme,2.0,147,2167,final
2025-06-15,celio,costume homme,2.1,142,2256,final
2025-06-16,celio,costume homme,2.0,120,1935,final
2025-06-17,celio,costume homme,2.8,88,1771,final
2025-06-18,celio,costume homme,3.0,81,1727,final
2025-06-19,celio,costume homme,2.2,82,1670,final
2025-06-20,celio,costume homme,2.0,78,1611,final
2025-06-21,celio,costume homme,2.6,66,1695,final
2025-06-22,celio,costume homme,2.2,103,1870,final
2025-06-23,celio,costume homme,2.1,95,1820,final
2025-06-24,celio,costume homme,2.3,109,1845,final
2025-06-25,celio,costume homme,2.1,122,2176,final
2025-06-26,celio,costume homme,1.8,110,2024,final
2025-06-27,celio,costume homme,2.5,81,1969,final
2025-06-28,celio,costume homme,2.5,81,2046,final
2025-06-29,celio,costume homme,2.0,97,1966,final
2025-06-30,celio,costume homme,2.2,77,1795,final
2025-07-01,celio,costume homme,2.6,88,1597,final
2025-07-02,celio,costume homme,2.2,106,1845,final
2025-07-03,celio,costume homme,2.0,107,1651,final
2025-07-04,celio,costume homme,2.8,90,1773,final
2025-07-05,celio,costume homme,4.4,82,1961,final
2025-07-06,celio,costume homme,3.4,117,2097,final
2025-07-07,celio,costume homme,3.0,103,1886,final
2025-07-08,celio,costume homme,2.8,88,1737,final
2025-07-09,celio,costume homme,3.0,88,1608,final
2025-07-10,celio,costume homme,3.2,89,1541,final
2025-07-11,celio,costume homme,2.9,72,1589,final
2025-07-12,celio,costume homme,3.2,67,1740,final
2025-07-13,celio,costume homme,2.9,65,1518,final
2025-07-14,celio,costume homme,3.6,79,1738,final
2025-07-15,celio,costume homme,3.8,73,1569,final
2025-07-16,celio,costume homme,3.3,85,1571,final
2025-07-17,celio,costume homme,3.0,63,1504,final
2025-07-18,celio,costume homme,3.4,62,1462,final
2025-07-19,celio,costume homme,3.5,84,1742,final
2025-07-20,celio,costume homme,3.3,107,1831,final
2025-07-21,celio,costume homme,3.6,84,1687,final
2025-07-22,celio,costume homme,3.4,71,1697,final
2025-07-23,celio,costume homme,3.7,74,1565,final
2025-07-24,celio,costume homme,3.1,73,1466,final
2025-07-25,celio,costume homme,4.2,51,1380,final
2025-07-26,celio,costume homme,3.5,69,1584,final
2025-07-27,celio,costume homme,3.3,102,1717,final
2025-07-28,celio,costume homme,2.7,97,1544,final
2025-07-29,celio,costume homme,3.2,70,1666,final
2025-07-30,celio,costume homme,2.9,97,1570,final
2025-07-31,celio,costume homme,2.7,77,1393,final
2025-08-01,celio,costume homme,2.5,82,1412,final
2025-08-02,celio,costume homme,2.3,92,1586,final
2025-08-03,celio,costume homme,1.8,121,1643,final
2025-08-04,celio,costume homme,1.8,114,1550,final
2025-08-05,celio,costume homme,2.0,105,1519,final
2025-08-06,celio,costume homme,2.6,95,1479,final
2025-08-07,celio,costume homme,2.6,86,1342,final
2025-08-08,celio,costume homme,2.8,79,1367,final
2025-08-09,celio,costume homme,2.7,76,1448,final
2025-08-10,celio,costume homme,2.4,103,1533,final
2025-08-11,celio,costume homme,2.4,96,1447,final
2025-08-12,celio,costume homme,2.2,99,1424,final
2025-08-13,celio,costume homme,2.8,64,1363,final
2025-08-14,celio,costume homme,1.9,81,1307,final
2025-08-15,celio,costume homme,2.0,73,1324,final
2025-08-16,celio,costume homme,2.2,81,1533,final
2025-08-17,celio,costume homme,2.1,94,1428,final
2025-08-18,celio,costume homme,3.3,78,1502,final
2025-08-19,celio,costume homme,2.3,107,1590,final
2025-08-20,celio,costume homme,2.5,107,1746,final
2025-08-21,celio,costume homme,2.5,114,1696,final
2025-08-22,celio,costume homme,2.7,83,1589,final
2025-08-23,celio,costume homme,2.6,103,1703,final
2025-08-24,celio,costume homme,2.6,109,1741,final
2025-08-25,celio,costume homme,2.6,99,1578,final
2025-08-26,celio,costume homme,2.7,82,1684,final
2025-08-27,celio,costume homme,2.6,103,1714,final
2025-08-28,celio,costume homme,2.6,103,1743,final
2025-08-29,celio,costume homme,3.1,80,1726,final
2025-08-30,celio,costume homme,2.4,123,2009,final
2025-08-31,celio,costume homme,3.1,104,1986,final
2025-09-01,celio,costume homme,3.0,106,1750,final
2025-09-02,celio,costume homme,3.0,118,1822,final
2025-09-03,celio,costume homme,3.0,95,1737,final
2025-09-04,celio,costume homme,3.3,113,1737,final
2025-09-05,celio,costume homme,2.6,105,1625,final
2025-09-06,celio,costume homme,2.9,129,2020,final
2025-09-07,celio,costume homme,2.6,144,1942,final
2025-09-08,celio,costume homme,3.0,97,1796,final
2025-09-09,celio,costume homme,3.1,97,1595,final
2025-09-10,celio,costume homme,2.8,103,1662,final
2025-09-11,celio,costume homme,3.2,86,1653,final
2025-09-12,celio,costume homme,2.7,82,1526,final
2025-09-13,celio,costume homme,3.1,102,2096,final
2025-09-14,celio,costume homme,3.1,116,1933,final
2025-09-15,celio,costume homme,2.5,121,1696,final
2025-09-16,celio,costume homme,2.9,73,1559,final
2025-09-17,celio,costume homme,3.5,70,1551,final
2025-09-18,celio,costume homme,3.0,71,1439,final
2025-09-19,celio,costume homme,2.6,86,1486,final
2025-09-20,celio,costume homme,2.7,102,1971,final
2025-09-21,celio,costume homme,2.9,102,2056,final
2025-09-22,celio,costume homme,2.6,103,1809,final
2025-09-23,celio,costume homme,2.6,93,1654,final
2025-09-24,celio,costume homme,2.9,113,1721,final
2025-09-25,celio,costume homme,2.4,81,1556,final
2025-09-26,celio,costume homme,3.2,75,1586,final
2025-09-27,celio,costume homme,2.5,82,1856,final
2025-09-28,celio,costume homme,2.8,88,1903,final
2025-09-29,celio,costume homme,3.2,68,1561,final
2025-09-30,celio,costume homme,3.2,91,1481,final
2025-10-01,celio,costume homme,2.8,61,1365,final
2025-10-02,celio,costume homme,3.1,62,1444,final
2025-10-03,celio,costume homme,2.9,64,1502,final
2025-10-04,celio,costume homme,2.7,89,1926,final
2025-10-05,celio,costume homme,3.0,85,1708,final
2025-10-06,celio,costume homme,3.3,63,1571,final
2025-10-07,celio,costume homme,3.6,63,1376,final
2025-10-08,celio,costume homme,3.3,58,1382,final
2025-10-09,celio,costume homme,3.4,57,1605,final
2025-10-10,celio,costume homme,3.4,57,1486,final
2025-10-11,celio,costume homme,3.2,64,1638,final
2025-10-12,celio,costume homme,3.5,67,1624,final
2025-10-13,celio,costume homme,3.6,57,1366,final
2025-10-14,celio,costume homme,3.4,52,1314,final
2025-10-15,celio,costume homme,4.0,47,1185,final
2025-10-16,celio,costume homme,3.5,48,1212,final
2025-10-17,celio,costume homme,3.9,52,1251,final
2025-10-18,celio,costume homme,3.9,42,1430,final
2025-10-19,celio,costume homme,3.0,57,1570,final
2025-10-20,celio,costume homme,3.1,47,1382,final
2025-10-21,celio,costume homme,3.1,57,1299,final
2025-10-22,celio,costume homme,3.3,51,1305,final
2025-10-23,celio,costume homme,3.2,50,1309,final
2025-10-24,celio,costume homme,3.1,49,1322,final
2025-10-25,celio,costume homme,3.3,60,1500,final
2025-10-26,celio,costume homme,3.5,65,1515,final
2025-10-27,celio,costume homme,3.5,44,1341,final
2025-10-28,celio,costume homme,3.5,55,1211,final
2025-10-29,celio,costume homme,3.3,66,1361,final
2025-10-30,celio,costume homme,3.3,63,1159,final
2025-10-31,celio,costume homme,3.7,35,1175,final
2025-11-01,celio,costume homme,3.5,64,1537,final
2025-11-02,celio,costume homme,3.4,53,1638,final
2025-11-03,celio,costume homme,2.9,54,1353,final
2025-11-04,celio,costume homme,3.5,53,1175,final
2025-11-05,celio,costume homme,3.4,47,1232,final
2025-11-06,celio,costume homme,3.5,34,1245,final
2025-11-07,celio,costume homme,3.5,46,1274,final
2025-11-08,celio,costume homme,3.5,57,1589,final
2025-11-09,celio,costume homme,3.5,66,1662,final
2025-11-10,celio,costume homme,3.6,61,1309,final
2025-11-11,celio,costume homme,3.9,55,1635,final
2025-11-12,celio,costume homme,3.5,64,1369,final
2025-11-13,celio,costume homme,3.0,54,1263,final
2025-11-14,celio,costume homme,3.8,35,1238,final
2025-11-15,celio,costume homme,3.5,49,1544,final
2025-11-16,celio,costume homme,3.5,76,1742,final
2025-11-17,celio,costume homme,3.5,46,1336,final
2025-11-18,celio,costume homme,4.8,27,1018,final
2025-11-19,celio,costume homme,4.4,37,1021,final
2025-11-20,celio,costume homme,4.4,40,1083,final
2025-11-21,celio,costume homme,4.8,26,1053,final
2025-11-22,celio,costume homme,5.1,41,1184,final
2025-11-23,celio,costume homme,3.5,71,1538,final
2025-11-24,celio,costume homme,4.5,46,1143,final
2025-11-25,celio,costume homme,4.9,26,959,final
2025-11-26,celio,costume homme,3.7,64,1112,final
2025-11-27,celio,costume homme,4.7,45,1149,final
2025-11-28,celio,costume homme,4.6,34,1210,final
2025-11-29,celio,costume homme,4.5,40,1323,final
2025-11-30,celio,costume homme,4.4,42,1435,final
2025-12-01,celio,costume homme,5.0,25,998,final
2025-12-02,celio,costume homme,5.1,35,781,final
2025-12-03,celio,costume homme,4.4,28,940,final
2025-12-04,celio,costume homme,4.1,33,1116,final
2025-12-05,celio,costume homme,3.6,48,1158,final
2025-12-06,celio,costume homme,3.7,47,1386,final
2025-12-07,celio,costume homme,4.0,51,1281,final
2025-12-08,celio,costume homme,4.2,54,1025,final
2025-12-09,celio,costume homme,3.5,37,1147,final
2025-12-10,celio,costume homme,3.7,57,1121,final
2025-12-11,celio,costume homme,3.5,57,1230,final
2025-12-12,celio,costume homme,3.9,36,984,final
2025-12-13,celio,costume homme,3.6,47,1287,final
2025-12-14,celio,costume homme,3.9,58,1360,final
2025-12-15,celio,costume homme,3.4,67,1241,final
2025-12-16,celio,costume homme,3.9,52,1065,final
2025-12-17,celio,costume homme,3.6,42,1041,final
2025-12-18,celio,costume homme,3.5,54,1047,final
2025-12-19,celio,costume homme,3.6,55,1012,final
2025-12-20,celio,costume homme,3.5,54,1162,final
2025-12-21,celio,costume homme,3.8,37,1204,final
2025-12-22,celio,costume homme,3.3,51,1086,final
2025-12-23,celio,costume homme,2.8,57,1098,final
2025-12-24,celio,costume homme,3.4,42,1059,final
2025-12-25,celio,costume homme,3.7,47,1057,final
2025-12-26,celio,costume homme,3.8,49,1227,final
2025-12-27,celio,costume homme,4.6,42,1092,final
2025-12-28,celio,costume homme,4.1,52,1182,final
2025-12-29,celio,costume homme,4.3,38,1052,final
2025-12-30,celio,costume homme,4.0,51,1079,final
2025-12-31,celio,costume homme,3.6,30,1065,final
2026-01-01,celio,costume homme,3.7,46,1215,final
2026-01-02,celio,costume homme,3.9,41,1159,final
2026-01-03,celio,costume homme,3.8,63,1205,final
2026-01-04,celio,costume homme,4.2,47,1303,final
2026-01-05,celio,costume homme,3.8,24,892,final
2026-01-06,celio,costume homme,3.7,37,969,final
2026-01-07,celio,costume homme,3.3,66,1312,final
2026-01-08,celio,costume homme,4.1,41,1195,final
2026-01-09,celio,costume homme,4.3,37,1189,final
2026-01-10,celio,costume homme,4.8,43,1367,final
2026-01-11,celio,costume homme,5.2,48,1490,final
2026-01-12,celio,costume homme,5.2,51,1276,final
2026-01-13,celio,costume homme,4.1,55,1331,final
2026-01-14,celio,costume homme,5.2,31,1146,final
2026-01-15,celio,costume homme,3.9,42,1078,final
2026-01-16,celio,costume homme,4.0,47,1194,final
2026-01-17,celio,costume homme,4.6,65,1646,final
2026-01-18,celio,costume homme,4.6,54,1613,final
2026-01-19,celio,costume homme,4.1,56,1285,final
2026-01-20,celio,costume homme,4.4,44,1206,final
2026-01-21,celio,costume homme,4.2,51,1229,final
2026-01-22,celio,costume homme,4.2,46,1272,final
2026-01-23,celio,costume homme,4.4,43,1102,final
2026-01-24,celio,costume homme,4.6,63,1633,final
2026-01-25,celio,costume homme,4.3,68,1563,final
2026-01-26,celio,costume homme,4.1,47,1294,final
2026-01-27,celio,costume homme,4.6,41,1141,final
2026-01-28,celio,costume homme,4.5,45,1049,final
2026-01-29,celio,costume homme,4.6,46,1171,final
2026-01-30,celio,costume homme,4.6,41,1168,final
2026-01-31,celio,costume homme,5.0,33,1405,final
2026-02-01,celio,costume homme,4.8,58,1410,final
2026-02-02,celio,costume homme,5.0,38,1110,final
2026-02-03,celio,costume homme,4.8,44,929,final
2026-02-04,celio,costume homme,5.1,46,1172,final
2026-02-05,celio,costume homme,5.3,36,993,final
2026-02-06,celio,costume homme,5.8,38,1020,final
2026-02-07,celio,costume homme,4.7,64,1637,final
2026-02-08,celio,costume homme,4.9,75,1573,final
2026-02-09,celio,costume homme,5.2,45,1250,final
2026-02-10,celio,costume homme,4.9,61,1157,final
2026-02-11,celio,costume homme,5.6,32,1051,final
2026-02-12,celio,costume homme,4.4,39,1081,final
2026-02-13,celio,costume homme,4.4,37,1132,final
2026-02-14,celio,costume homme,4.3,57,1257,final
2026-02-15,celio,costume homme,4.3,106,1782,final
2026-02-16,celio,costume homme,3.2,78,1443,final
2026-02-17,celio,costume homme,3.0,47,1214,final
2026-02-18,celio,costume homme,4.0,43,1167,final
2026-02-19,celio,costume homme,4.4,56,1274,final
2026-02-20,celio,costume homme,3.5,55,1252,final
2026-02-21,celio,costume homme,4.2,50,1439,final
2026-02-22,celio,costume homme,3.6,81,1766,final
2026-02-23,celio,costume homme,3.7,48,1448,final
2026-02-24,celio,costume homme,3.7,55,1233,final
2026-02-25,celio,costume homme,3.1,67,1292,final
2026-02-26,celio,costume homme,4.2,40,1218,final
2026-02-27,celio,costume homme,3.6,60,1394,final
2026-02-28,celio,costume homme,3.8,73,1588,final
2026-03-01,celio,costume homme,3.4,83,1720,final
2026-03-02,celio,costume homme,3.3,66,1311,final
2026-03-03,celio,costume homme,4.0,54,1323,final
2026-03-04,celio,costume homme,5.6,53,1254,final
2026-03-05,celio,costume homme,5.0,46,1369,final
2026-03-06,celio,costume homme,3.6,61,1406,final
2026-03-07,celio,costume homme,4.3,72,1821,final
2026-03-08,celio,costume homme,4.2,87,1957,final
2026-03-09,celio,costume homme,4.3,81,1451,final
2026-03-10,celio,costume homme,4.7,44,1338,final
2026-03-11,celio,costume homme,4.7,55,1413,final
2026-03-12,celio,costume homme,4.3,62,1519,final
2026-03-13,celio,costume homme,3.5,84,1660,final
2026-03-14,celio,costume homme,3.7,115,2110,final
2026-03-15,celio,costume homme,3.8,110,1966,final
2026-03-16,celio,costume homme,4.8,66,1581,final
2026-03-17,celio,costume homme,3.3,71,1469,final
2026-03-18,celio,costume homme,4.1,68,1534,final
2026-03-19,celio,costume homme,4.3,49,1404,final
2026-03-20,celio,costume homme,4.4,42,1404,final
2026-03-21,celio,costume homme,4.6,71,1871,final
2026-03-22,celio,costume homme,4.2,77,2047,final
2026-03-23,celio,costume homme,3.6,96,1815,final
2026-03-24,celio,costume homme,4.3,68,1660,final
2026-03-25,celio,costume homme,3.6,89,1836,final
2026-03-26,celio,costume homme,4.1,75,1632,final
2026-03-27,celio,costume homme,4.4,53,1642,final
2026-03-28,celio,costume homme,4.2,67,2290,final
2026-03-29,celio,costume homme,4.8,70,2090,final
2026-03-30,celio,costume homme,3.3,80,1914,final
2026-03-31,celio,costume homme,4.7,72,1612,final
2026-04-01,celio,costume homme,4.0,84,1583,final
2026-04-02,celio,costume homme,3.7,74,1686,final
2026-04-03,celio,costume homme,4.2,76,1741,final
2026-04-04,celio,costume homme,3.5,105,2142,final
2026-04-05,celio,costume homme,4.1,87,2123,final
2026-04-06,celio,costume homme,4.2,86,2068,final
2026-04-07,celio,costume homme,3.2,60,1638,final
2026-04-08,celio,costume homme,3.3,77,1573,final
2026-04-09,celio,costume homme,3.8,55,1380,final
2026-04-10,celio,costume homme,3.0,68,1632,final
2026-04-11,celio,costume homme,3.5,110,2281,final
2026-04-12,celio,costume homme,3.4,117,2122,final
2026-04-13,celio,costume homme,3.0,121,1909,final
2026-04-14,celio,costume homme,3.4,79,1733,final
2026-04-15,celio,costume homme,3.2,92,1776,final
2026-04-16,celio,costume homme,3.8,86,1687,final
2026-04-17,celio,costume homme,4.2,85,1688,final
2026-04-18,celio,costume homme,3.8,75,2040,final
2026-04-19,celio,costume homme,3.2,133,2268,final
2026-04-20,celio,costume homme,3.1,96,1813,final
2026-04-21,celio,costume homme,3.3,92,1714,final
2026-04-22,celio,costume homme,3.6,80,1701,final
2026-04-23,celio,costume homme,3.0,93,1627,final
2026-04-24,celio,costume homme,2.6,89,1698,final
2026-04-25,celio,costume homme,2.7,95,2019,final
2026-04-26,celio,costume homme,2.8,99,2040,final
2026-04-27,celio,costume homme,3.6,73,1760,final
2026-04-28,celio,costume homme,3.0,101,1696,final
2026-04-29,celio,costume homme,2.5,83,1720,final
2026-04-30,celio,costume homme,2.8,59,1588,final
2026-05-01,celio,costume homme,3.1,81,1986,final
2026-05-02,celio,costume homme,2.5,148,2253,final
2026-05-03,celio,costume homme,2.8,123,2359,final
2026-05-04,celio,costume homme,3.5,89,2122,final
2026-05-05,celio,costume homme,3.7,90,1951,final
2026-05-06,celio,costume homme,3.4,89,1809,final
2026-05-07,celio,costume homme,3.5,56,1697,final
2026-05-08,celio,costume homme,3.1,97,2161,final
2026-05-09,celio,costume homme,3.7,86,2122,final
2026-05-10,celio,costume homme,3.3,116,2447,final
2026-05-11,celio,costume homme,2.7,125,1964,final
2026-05-12,celio,costume homme,3.0,79,1811,final
2026-05-13,celio,costume homme,2.9,93,1835,final
2026-05-14,celio,costume homme,2.8,136,2386,final
2026-05-15,celio,costume homme,3.1,130,2193,final
2026-05-16,celio,costume homme,3.6,97,2284,final
2026-05-17,celio,costume homme,3.8,105,2295,final
2026-05-18,celio,costume homme,3.6,85,1905,final
2026-05-19,celio,costume homme,3.1,95,1763,final
2026-05-20,celio,costume homme,3.1,92,1807,final
2026-05-21,celio,costume homme,3.2,68,1635,final
2026-05-22,celio,costume homme,3.0,60,1443,final
2026-05-23,celio,costume homme,3.2,64,1609,final
2026-05-24,celio,costume homme,2.8,76,1454,final
2026-05-25,celio,costume homme,2.5,86,1576,final
2026-05-26,celio,costume homme,3.5,61,1290,final
2026-05-27,celio,costume homme,3.2,61,1266,final
2026-05-28,celio,costume homme,3.1,63,1309,final
2026-05-29,celio,costume homme,2.9,58,1359,final
2026-05-30,celio,costume homme,3.7,65,1475,final
2026-05-31,celio,costume homme,3.5,81,1781,final
2026-06-01,celio,costume homme,3.9,72,1627,final
2026-06-02,celio,costume homme,3.1,95,1734,final
2026-06-03,celio,costume homme,2.7,106,1834,final
2026-06-04,celio,costume homme,3.1,93,1764,final
2026-06-05,celio,costume homme,3.0,93,1697,final
2026-06-06,celio,costume homme,3.9,76,1972,final
2026-06-07,celio,costume homme,3.6,102,1965,final
2026-06-08,celio,costume homme,3.1,98,1853,final
2026-06-09,celio,costume homme,3.2,88,1713,final
2026-06-10,celio,costume homme,2.7,98,1796,final
2026-06-11,celio,costume homme,3.2,77,1532,final
2026-06-12,celio,costume homme,3.2,69,1671,final
2026-06-13,celio,costume homme,2.9,85,1781,final
2026-06-14,celio,costume homme,2.9,83,1802,final
2026-06-15,celio,costume homme,2.7,77,1540,final
2026-06-16,celio,costume homme,2.9,65,1379,final
2026-06-17,celio,costume homme,2.9,62,1412,final
2026-06-18,celio,costume homme,3.1,73,1400,final
2026-06-19,celio,costume homme,3.5,50,1285,final
2026-06-20,celio,costume homme,3.4,71,1534,final
2026-06-21,celio,costume homme,3.0,83,1354,final
2026-06-22,celio,costume homme,3.2,78,1240,final
2026-06-23,celio,costume homme,3.3,80,1251,final
2026-06-24,celio,costume homme,3.5,57,1495,final
2026-06-25,celio,costume homme,3.0,56,1249,final
2026-06-26,celio,costume homme,3.2,43,1189,final
2026-06-27,celio,costume homme,2.3,89,1674,final
2026-06-28,celio,costume homme,2.7,89,1630,final
2026-06-29,celio,costume homme,3.2,59,1436,final
2026-06-30,celio,costume homme,2.5,84,1411,final
2026-07-01,celio,costume homme,2.1,75,1499,final
2026-07-02,celio,costume homme,2.8,65,1391,final
2026-07-03,celio,costume homme,2.9,49,1284,final
2026-07-04,celio,costume homme,3.6,54,1492,final
2026-07-05,celio,costume homme,3.9,44,1384,final
2026-07-06,celio,costume homme,3.3,68,1229,final
2026-07-07,celio,costume homme,3.0,53,1177,final
2026-07-08,celio,costume homme,3.8,43,1151,final
2026-07-09,celio,costume homme,3.8,33,1049,final
2026-07-10,celio,costume homme,3.7,40,1056,final
2026-07-11,celio,costume homme,3.6,57,1296,final
2026-07-12,celio,costume homme,3.5,41,1105,final
2026-07-13,celio,costume homme,3.2,45,1197,final
2026-07-14,celio,costume homme,3.8,26,1137,final
2026-07-15,celio,costume homme,3.6,52,1166,final
2026-07-16,celio,costume homme,3.6,42,1157,final
2026-07-17,celio,costume homme,4.0,38,1179,final
2026-07-18,celio,costume homme,3.5,50,1470,final
2026-07-19,celio,costume homme,3.4,63,1256,final
2026-07-20,celio,costume homme,3.4,49,1195,final
2026-07-21,celio,costume homme,3.3,44,1218,final
2026-07-22,celio,costume homme,3.4,49,1159,final
2026-07-23,celio,costume homme,3.5,34,1095,final
2026-07-24,celio,costume homme,3.4,41,1146,final
2026-07-25,celio,costume homme,3.5,43,1324,final
2026-07-26,celio,costume homme,4.2,51,1354,final
2026-07-27,celio,costume homme,3.0,47,1203,final
2026-07-28,celio,costume homme,3.5,47,1204,final
2026-07-29,celio,costume homme,2.8,52,1201,final
2026-07-30,celio,costume homme,3.6,46,1122,final
2026-07-31,celio,costume homme,3.6,51,1131,final
2026-08-01,celio,costume homme,2.9,61,1247,final
2026-08-02,celio,costume homme,3.0,63,1247,final
2026-08-03,celio,costume homme,3.6,47,1189,final
2026-08-04,celio,costume homme,3.8,42,1148,final
2026-08-05,celio,costume homme,3.2,45,1171,final
2026-08-06,celio,costume homme,3.3,33,1103,final
2026-08-07,celio,costume homme,3.4,34,1102,final
2026-08-08,celio,costume homme,4.2,37,1157,final
2026-08-09,celio,costume homme,4.2,43,1195,final
2026-08-10,celio,costume homme,4.1,41,1181,final
2026-08-11,celio,costume homme,3.8,47,1102,final
2026-08-12,celio,costume homme,3.1,42,948,final
2026-08-13,celio,costume homme,3.3,52,1037,final
2026-08-14,celio,costume homme,3.3,41,1051,final
2026-08-15,celio,costume homme,3.8,52,1212,final
2026-08-16,celio,costume homme,3.6,51,1227,final
2026-08-17,celio,costume homme,3.5,52,1219,final
2026-08-18,celio,costume homme,3.4,50,1218,final
2026-08-19,celio,costume homme,3.7,44,1152,final
2026-08-20,celio,costume homme,3.2,47,1126,final
2026-08-21,celio,costume homme,3.8,50,1091,final
2026-08-22,celio,costume homme,4.8,39,1128,final
2026-08-23,celio,costume homme,4.3,59,1259,final
2026-08-24,celio,costume homme,4.2,46,1201,final
2026-08-25,celio,costume homme,4.8,32,1236,final
2026-08-26,celio,costume homme,3.4,57,1203,final
2026-08-27,celio,costume homme,3.8,43,1115,final
2026-08-28,celio,costume homme,4.0,49,1207,final
2026-08-29,celio,costume homme,3.4,65,1428,final
2026-08-30,celio,costume homme,2.9,71,1502,final
2026-08-31,celio,costume homme,3.4,71,1316,final
2026-09-01,celio,costume homme,3.4,59,1340,final
2026-09-02,celio,costume homme,3.8,58,1228,final
2026-09-03,celio,costume homme,4.2,45,1186,final
2026-09-04,celio,costume homme,4.3,41,1188,final
2026-09-05,celio,costume homme,4.2,45,1433,final
2026-09-06,celio,costume homme,3.6,84,1515,final
2026-09-07,celio,costume homme,4.0,51,1388,final
2026-09-08,celio,costume homme,3.6,41,1274,final
2026-09-09,celio,costume homme,3.5,67,1325,final
2026-09-10,celio,costume homme,4.2,45,1172,final
2026-09-11,celio,costume homme,4.0,46,1281,final
2026-09-12,celio,costume homme,4.5,36,1478,final
2026-09-13,celio,costume homme,3.9,50,1484,final
2026-09-14,celio,costume homme,3.2,74,1325,final
2026-09-15,celio,costume homme,4.0,53,1223,final
2026-09-16,celio,costume homme,4.6,47,1267,final
2026-09-17,celio,costume homme,5.0,49,1151,final
2026-09-18,celio,costume homme,3.7,46,1143,final
2026-09-19,celio,costume homme,2.6,89,1488,final
2026-09-20,celio,costume homme,3.2,74,1483,final
2026-09-21,celio,costume homme,3.5,49,1181,final
2026-09-22,celio,costume homme,3.3,55,1169,final
2026-09-23,celio,costume homme,3.1,65,1256,final
2026-09-24,celio,costume homme,4.0,52,1145,final
2026-09-25,celio,costume homme,3.8,45,1178,final
2026-09-26,celio,costume homme,3.7,55,1436,final
2026-09-27,celio,costume homme,3.2,75,1501,final
2026-09-28,celio,costume homme,3.8,49,1211,final
2026-09-29,celio,costume homme,3.7,44,1170,fresh
2026-09-30,celio,costume homme,3.7,46,1193,fresh
2025-06-08,celio,costume homme pas cher,6.7,3,66,final
2025-06-09,celio,costume homme pas cher,6.2,4,99,final
2025-06-10,celio,costume homme pas cher,5.5,6,54,final
2025-06-11,celio,costume homme pas cher,5.2,5,62,final
2025-06-12,celio,costume homme pas cher,5.4,5,67,final
2025-06-13,celio,costume homme pas cher,6.0,4,64,final
2025-06-14,celio,costume homme pas cher,5.7,3,78,final
2025-06-15,celio,costume homme pas cher,5.5,7,80,final
2025-06-16,celio,costume homme pas cher,5.6,5,76,final
2025-06-17,celio,costume homme pas cher,5.1,8,83,final
2025-06-18,celio,costume homme pas cher,4.7,3,74,final
2025-06-19,celio,costume homme pas cher,4.5,5,65,final
2025-06-20,celio,costume homme pas cher,4.7,2,72,final
2025-06-21,celio,costume homme pas cher,5.6,3,53,final
2025-06-22,celio,costume homme pas cher,4.9,2,57,final
2025-06-23,celio,costume homme pas cher,4.7,4,74,final
2025-06-24,celio,costume homme pas cher,4.9,9,73,final
2025-06-25,celio,costume homme pas cher,5.1,9,77,final
2025-06-26,celio,costume homme pas cher,4.5,6,76,final
2025-06-27,celio,costume homme pas cher,4.0,6,62,final
2025-06-28,celio,costume homme pas cher,4.1,3,76,final
2025-06-29,celio,costume homme pas cher,4.3,2,49,final
2025-06-30,celio,costume homme pas cher,4.9,5,77,final
2025-07-01,celio,costume homme pas cher,4.7,5,58,final
2025-07-02,celio,costume homme pas cher,5.7,4,76,final
2025-07-03,celio,costume homme pas cher,5,9,56,final
2025-07-04,celio,costume homme pas cher,4.8,4,66,final
2025-07-05,celio,costume homme pas cher,2.0,5,60,final
2025-07-06,celio,costume homme pas cher,1.5,6,54,final
2025-07-07,celio,costume homme pas cher,2.3,7,60,final
2025-07-08,celio,costume homme pas cher,2.0,11,76,final
2025-07-09,celio,costume homme pas cher,1.8,11,64,final
2025-07-10,celio,costume homme pas cher,1.5,6,48,final
2025-07-11,celio,costume homme pas cher,1.6,11,62,final
2025-07-12,celio,costume homme pas cher,1.3,8,51,final
2025-07-13,celio,costume homme pas cher,1.6,8,42,final
2025-07-14,celio,costume homme pas cher,1.6,9,75,final
2025-07-15,celio,costume homme pas cher,1.3,9,59,final
2025-07-16,celio,costume homme pas cher,1.2,9,57,final
2025-07-17,celio,costume homme pas cher,1.3,5,57,final
2025-07-18,celio,costume homme pas cher,2.6,3,50,final
2025-07-19,celio,costume homme pas cher,2.6,11,61,final
2025-07-20,celio,costume homme pas cher,2.8,6,48,final
2025-07-21,celio,costume homme pas cher,2.9,7,59,final
2025-07-22,celio,costume homme pas cher,3.1,5,64,final
2025-07-23,celio,costume homme pas cher,3.4,7,60,final
2025-07-24,celio,costume homme pas cher,4.5,5,53,final
2025-07-25,celio,costume homme pas cher,3.9,4,73,final
2025-07-26,celio,costume homme pas cher,2.9,8,64,final
2025-07-27,celio,costume homme pas cher,3.4,2,62,final
2025-07-28,celio,costume homme pas cher,3.6,3,52,final
2025-07-29,celio,costume homme pas cher,3.9,3,50,final
2025-07-30,celio,costume homme pas cher,4.3,6,44,final
2025-07-31,celio,costume homme pas cher,1.9,7,49,final
2025-08-01,celio,costume homme pas cher,1.9,4,40,final
2025-08-02,celio,costume homme pas cher,2.1,11,57,final
2025-08-03,celio,costume homme pas cher,2.8,13,72,final
2025-08-04,celio,costume homme pas cher,2.8,2,46,final
2025-08-05,celio,costume homme pas cher,2.9,8,61,final
2025-08-06,celio,costume homme pas cher,3.3,4,44,final
2025-08-07,celio,costume homme pas cher,3.9,3,48,final
2025-08-08,celio,costume homme pas cher,4.6,9,52,final
2025-08-09,celio,costume homme pas cher,4.6,4,46,final
2025-08-10,celio,costume homme pas cher,3.5,8,44,final
2025-08-11,celio,costume homme pas cher,4.2,4,61,final
2025-08-12,celio,costume homme pas cher,2.9,5,49,final
2025-08-13,celio,costume homme pas cher,1.6,7,40,final
2025-08-14,celio,costume homme pas cher,2.2,6,51,final
2025-08-15,celio,costume homme pas cher,1.9,3,51,final
2025-08-16,celio,costume homme pas cher,2.0,3,37,final
2025-08-17,celio,costume homme pas cher,2.8,8,62,final
2025-08-18,celio,costume homme pas cher,1.4,4,53,final
2025-08-19,celio,costume homme pas cher,2.3,6,52,final
2025-08-20,celio,costume homme pas cher,2.1,10,58,final
2025-08-21,celio,costume homme pas cher,2.5,5,63,final
2025-08-22,celio,costume homme pas cher,2.2,9,65,final
2025-08-23,celio,costume homme pas cher,1.7,11,70,final
2025-08-24,celio,costume homme pas cher,2.0,16,71,final
2025-08-25,celio,costume homme pas cher,1.6,9,74,final
2025-08-26,celio,costume homme pas cher,1.4,15,99,final
2025-08-27,celio,costume homme pas cher,1.9,6,54,final
2025-08-28,celio,costume homme pas cher,2.4,9,74,final
2025-08-29,celio,costume homme pas cher,2.6,2,80,final
2025-08-30,celio,costume homme pas cher,1.7,9,81,final
2025-08-31,celio,costume homme pas cher,1.4,10,86,final
2025-09-01,celio,costume homme pas cher,1.8,16,104,final
2025-09-02,celio,costume homme pas cher,1.4,15,80,final
2025-09-03,celio,costume homme pas cher,1.7,20,82,final
2025-09-04,celio,costume homme pas cher,1.4,9,63,final
2025-09-05,celio,costume homme pas cher,2.3,11,74,final
2025-09-06,celio,costume homme pas cher,2.9,5,81,final
2025-09-07,celio,costume homme pas cher,2.0,10,82,final
2025-09-08,celio,costume homme pas cher,1.6,13,81,final
2025-09-09,celio,costume homme pas cher,2.8,7,79,final
2025-09-10,celio,costume homme pas cher,4.8,9,87,final
2025-09-11,celio,costume homme pas cher,4.7,5,70,final
2025-09-12,celio,costume homme pas cher,5.2,6,62,final
2025-09-13,celio,costume homme pas cher,5.1,8,72,final
2025-09-14,celio,costume homme pas cher,4.2,8,83,final
2025-09-15,celio,costume homme pas cher,5.0,7,79,final
2025-09-16,celio,costume homme pas cher,3.2,7,72,final
2025-09-17,celio,costume homme pas cher,2.0,9,78,final
2025-09-18,celio,costume homme pas cher,2.1,10,59,final
2025-09-19,celio,costume homme pas cher,2.3,7,75,final
2025-09-20,celio,costume homme pas cher,3.1,9,82,final
2025-09-21,celio,costume homme pas cher,2.6,6,67,final
2025-09-22,celio,costume homme pas cher,2.8,5,79,final
2025-09-23,celio,costume homme pas cher,2.5,15,76,final
2025-09-24,celio,costume homme pas cher,2.8,13,102,final
2025-09-25,celio,costume homme pas cher,3.2,9,82,final
2025-09-26,celio,costume homme pas cher,3.6,10,94,final
2025-09-27,celio,costume homme pas cher,2.2,11,77,final
2025-09-28,celio,costume homme pas cher,2.2,9,82,final
2025-09-29,celio,costume homme pas cher,3.5,20,98,final
2025-09-30,celio,costume homme pas cher,2.1,9,75,final
2025-10-01,celio,costume homme pas cher,2.0,6,63,final
2025-10-02,celio,costume homme pas cher,2.9,8,62,final
2025-10-03,celio,costume homme pas cher,4.5,3,68,final
2025-10-04,celio,costume homme pas cher,6.1,4,72,final
2025-10-05,celio,costume homme pas cher,4.7,6,66,final
2025-10-06,celio,costume homme pas cher,8.2,8,72,final
2025-10-07,celio,costume homme pas cher,5.3,6,83,final
2025-10-08,celio,costume homme pas cher,3.4,3,60,final
2025-10-09,celio,costume homme pas cher,5.4,6,65,final
2025-10-10,celio,costume homme pas cher,3.3,4,58,final
2025-10-11,celio,costume homme pas cher,4.1,6,60,final
2025-10-12,celio,costume homme pas cher,3.6,2,58,final
2025-10-13,celio,costume homme pas cher,3.8,10,74,final
2025-10-14,celio,costume homme pas cher,3.3,3,66,final
2025-10-15,celio,costume homme pas cher,2.4,4,52,final
2025-10-16,celio,costume homme pas cher,2.5,5,74,final
2025-10-17,celio,costume homme pas cher,2.0,8,72,final
2025-10-18,celio,costume homme pas cher,3.2,10,85,final
2025-10-19,celio,costume homme pas cher,2.0,6,68,final
2025-10-20,celio,costume homme pas cher,2.6,3,72,final
2025-10-21,celio,costume homme pas cher,3.4,6,64,final
2025-10-22,celio,costume homme pas cher,2.4,8,61,final
2025-10-23,celio,costume homme pas cher,2.4,7,54,final
2025-10-24,celio,costume homme pas cher,2.1,3,97,final
2025-10-25,celio,costume homme pas cher,2.5,6,66,final
2025-10-26,celio,costume homme pas cher,3.1,10,87,final
2025-10-27,celio,costume homme pas cher,3.4,6,69,final
2025-10-28,celio,costume homme pas cher,2.7,10,67,final
2025-10-29,celio,costume homme pas cher,1.7,5,54,final
2025-10-30,celio,costume homme pas cher,1.9,4,63,final
2025-10-31,celio,costume homme pas cher,1.7,6,52,final
2025-11-01,celio,costume homme pas cher,2.2,7,57,final
2025-11-02,celio,costume homme pas cher,2.1,3,52,final
2025-11-03,celio,costume homme pas cher,2.4,11,58,final
2025-11-04,celio,costume homme pas cher,1.7,13,58,final
2025-11-05,celio,costume homme pas cher,2.2,7,68,final
2025-11-06,celio,costume homme pas cher,1.3,6,55,final
2025-11-07,celio,costume homme pas cher,1.4,6,51,final
2025-11-08,celio,costume homme pas cher,1.3,6,59,final
2025-11-09,celio,costume homme pas cher,1.6,7,55,final
2025-11-10,celio,costume homme pas cher,1.3,4,58,final
2025-11-11,celio,costume homme pas cher,1.3,10,84,final
2025-11-12,celio,costume homme pas cher,1.3,7,59,final
2025-11-13,celio,costume homme pas cher,1.4,8,61,final
2025-11-14,celio,costume homme pas cher,2.5,7,47,final
2025-11-15,celio,costume homme pas cher,1.2,5,74,final
2025-11-16,celio,costume homme pas cher,1.4,4,79,final
2025-11-17,celio,costume homme pas cher,2.3,9,54,final
2025-11-18,celio,costume homme pas cher,1.8,7,45,final
2025-11-19,celio,costume homme pas cher,1.2,6,55,final
2025-11-20,celio,costume homme pas cher,2.2,6,59,final
2025-11-21,celio,costume homme pas cher,2.7,6,67,final
2025-11-22,celio,costume homme pas cher,4.6,7,57,final
2025-11-23,celio,costume homme pas cher,1.7,7,53,final
2025-11-24,celio,costume homme pas cher,1.9,7,46,final
2025-11-25,celio,costume homme pas cher,2.3,5,43,final
2025-11-26,celio,costume homme pas cher,2.0,4,54,final
2025-11-27,celio,costume homme pas cher,9.2,2,63,final
2025-11-28,celio,costume homme pas cher,15.1,5,72,final
2025-11-29,celio,costume homme pas cher,3.2,4,52,final
2025-11-30,celio,costume homme pas cher,4.7,7,76,final
2025-12-01,celio,costume homme pas cher,4.0,7,62,final
2025-12-02,celio,costume homme pas cher,2.8,4,58,final
2025-12-03,celio,costume homme pas cher,5.3,4,57,final
2025-12-04,celio,costume homme pas cher,3.3,8,58,final
2025-12-05,celio,costume homme pas cher,9.4,5,68,final
2025-12-06,celio,costume homme pas cher,5.4,7,78,final
2025-12-07,celio,costume homme pas cher,7.7,6,70,final
2025-12-08,celio,costume homme pas cher,1.7,7,82,final
2025-12-09,celio,costume homme pas cher,3.3,5,49,final
2025-12-10,celio,costume homme pas cher,2,2,34,final
2025-12-11,celio,costume homme pas cher,4.7,5,53,final
2025-12-12,celio,costume homme pas cher,10.1,6,71,final
2025-12-13,celio,costume homme pas cher,11.6,12,69,final
2025-12-14,celio,costume homme pas cher,1.8,5,39,final
2025-12-15,celio,costume homme pas cher,3.6,8,58,final
2025-12-16,celio,costume homme pas cher,3.0,9,60,final
2025-12-17,celio,costume homme pas cher,1.6,7,43,final
2025-12-18,celio,costume homme pas cher,3.6,7,47,final
2025-12-19,celio,costume homme pas cher,2.2,7,49,final
2025-12-20,celio,costume homme pas cher,3.7,2,53,final
2025-12-21,celio,costume homme pas cher,1.9,8,64,final
2025-12-22,celio,costume homme pas cher,1.6,2,39,final
2025-12-23,celio,costume homme pas cher,1.5,5,44,final
2025-12-24,celio,costume homme pas cher,1.7,4,35,final
2025-12-25,celio,costume homme pas cher,8.2,7,55,final
2025-12-26,celio,costume homme pas cher,6.3,4,49,final
2025-12-27,celio,costume homme pas cher,4.1,6,37,final
2025-12-28,celio,costume homme pas cher,1.6,2,40,final
2025-12-29,celio,costume homme pas cher,1.4,6,39,final
2025-12-30,celio,costume homme pas cher,3.6,10,50,final
2025-12-31,celio,costume homme pas cher,5.2,2,33,final
2026-01-01,celio,costume homme pas cher,1.7,2,46,final
2026-01-02,celio,costume homme pas cher,2.2,3,38,final
2026-01-03,celio,costume homme pas cher,3,10,61,final
2026-01-04,celio,costume homme pas cher,1.7,5,34,final
2026-01-05,celio,costume homme pas cher,2.0,5,45,final
2026-01-06,celio,costume homme pas cher,1.3,4,29,final
2026-01-07,celio,costume homme pas cher,3.1,4,46,final
2026-01-08,celio,costume homme pas cher,5.2,2,44,final
2026-01-09,celio,costume homme pas cher,3.7,5,60,final
2026-01-10,celio,costume homme pas cher,2.4,7,69,final
2026-01-11,celio,costume homme pas cher,4.0,6,63,final
2026-01-12,celio,costume homme pas cher,1.5,8,63,final
2026-01-13,celio,costume homme pas cher,2.1,2,49,final
2026-01-14,celio,costume homme pas cher,2.5,4,54,final
2026-01-15,celio,costume homme pas cher,2.4,6,48,final
2026-01-16,celio,costume homme pas cher,3.1,6,66,final
2026-01-17,celio,costume homme pas cher,3.3,5,60,final
2026-01-18,celio,costume homme pas cher,4.2,7,63,final
2026-01-19,celio,costume homme pas cher,3.7,3,54,final
2026-01-20,celio,costume homme pas cher,5.2,4,53,final
2026-01-21,celio,costume homme pas cher,7.3,3,56,final
2026-01-22,celio,costume homme pas cher,4.5,4,47,final
2026-01-23,celio,costume homme pas cher,9.9,5,54,final
2026-01-24,celio,costume homme pas cher,6.9,3,66,final
2026-01-25,celio,costume homme pas cher,5.5,7,65,final
2026-01-26,celio,costume homme pas cher,8.2,4,77,final
2026-01-27,celio,costume homme pas cher,3.9,5,49,final
2026-01-28,celio,costume homme pas cher,2.7,1,62,final
2026-01-29,celio,costume homme pas cher,3.0,4,49,final
2026-01-30,celio,costume homme pas cher,3.6,5,75,final
2026-01-31,celio,costume homme pas cher,3.8,6,58,final
2026-02-01,celio,costume homme pas cher,3.5,8,85,final
2026-02-02,celio,costume homme pas cher,2.9,4,56,final
2026-02-03,celio,costume homme pas cher,5.3,6,59,final
2026-02-04,celio,costume homme pas cher,5.3,3,58,final
2026-02-05,celio,costume homme pas cher,3.8,8,77,final
2026-02-06,celio,costume homme pas cher,7.6,4,51,final
2026-02-07,celio,costume homme pas cher,3.5,3,57,final
2026-02-08,celio,costume homme pas cher,11.6,6,103,final
2026-02-09,celio,costume homme pas cher,7.1,8,63,final
2026-02-10,celio,costume homme pas cher,4.3,9,83,final
2026-02-11,celio,costume homme pas cher,6.5,9,84,final
2026-02-12,celio,costume homme pas cher,6.1,2,59,final
2026-02-13,celio,costume homme pas cher,2.5,7,75,final
2026-02-14,celio,costume homme pas cher,5.1,8,57,final
2026-02-15,celio,costume homme pas cher,6.8,8,77,final
2026-02-16,celio,costume homme pas cher,7.5,5,59,final
2026-02-17,celio,costume homme pas cher,6.8,1,32,final
2026-02-18,celio,costume homme pas cher,3.2,4,45,final
2026-02-19,celio,costume homme pas cher,3.1,2,42,final
2026-02-20,celio,costume homme pas cher,1.4,7,49,final
2026-02-21,celio,costume homme pas cher,2.1,4,57,final
2026-02-22,celio,costume homme pas cher,11.1,6,77,final
2026-02-23,celio,costume homme pas cher,3.8,9,67,final
2026-02-24,celio,costume homme pas cher,3.8,7,70,final
2026-02-25,celio,costume homme pas cher,3.0,7,55,final
2026-02-26,celio,costume homme pas cher,1.3,10,56,final
2026-02-27,celio,costume homme pas cher,9.6,3,86,final
2026-02-28,celio,costume homme pas cher,3.6,11,55,final
2026-03-01,celio,costume homme pas cher,13.1,11,114,final
2026-03-02,celio,costume homme pas cher,1.9,10,78,final
2026-03-03,celio,costume homme pas cher,1.7,7,62,final
2026-03-04,celio,costume homme pas cher,6.6,6,77,final
2026-03-05,celio,costume homme pas cher,5.7,9,73,final
2026-03-06,celio,costume homme pas cher,3.7,9,89,final
2026-03-07,celio,costume homme pas cher,5.5,10,82,final
2026-03-08,celio,costume homme pas cher,1.8,6,57,final
2026-03-09,celio,costume homme pas cher,9.0,13,108,final
2026-03-10,celio,costume homme pas cher,3.6,11,83,final
2026-03-11,celio,costume homme pas cher,4.6,7,75,final
2026-03-12,celio,costume homme pas cher,3.5,6,59,final
2026-03-13,celio,costume homme pas cher,1.6,10,75,final
2026-03-14,celio,costume homme pas cher,6.1,10,90,final
2026-03-15,celio,costume homme pas cher,3.4,7,62,final
2026-03-16,celio,costume homme pas cher,4.1,6,71,final
2026-03-17,celio,costume homme pas cher,3.3,7,70,final
2026-03-18,celio,costume homme pas cher,3.3,18,87,final
2026-03-19,celio,costume homme pas cher,3.0,6,70,final
2026-03-20,celio,costume homme pas cher,2.9,6,60,final
2026-03-21,celio,costume homme pas cher,3.0,12,73,final
2026-03-22,celio,costume homme pas cher,3.3,4,78,final
2026-03-23,celio,costume homme pas cher,4.9,7,62,final
2026-03-24,celio,costume homme pas cher,2.4,8,70,final
2026-03-25,celio,costume homme pas cher,3.1,7,76,final
2026-03-26,celio,costume homme pas cher,2.9,14,65,final
2026-03-27,celio,costume homme pas cher,2.0,10,73,final
2026-03-28,celio,costume homme pas cher,3.5,9,85,final
2026-03-29,celio,costume homme pas cher,4.0,11,60,final
2026-03-30,celio,costume homme pas cher,3.8,10,72,final
2026-03-31,celio,costume homme pas cher,4,10,66,final
2026-04-01,celio,costume homme pas cher,4.0,5,63,final
2026-04-02,celio,costume homme pas cher,4.4,8,79,final
2026-04-03,celio,costume homme pas cher,3.3,6,65,final
2026-04-04,celio,costume homme pas cher,3.4,5,62,final
2026-04-05,celio,costume homme pas cher,3.4,6,63,final
2026-04-06,celio,costume homme pas cher,3.5,10,94,final
2026-04-07,celio,costume homme pas cher,2.4,11,70,final
2026-04-08,celio,costume homme pas cher,5,7,68,final
2026-04-09,celio,costume homme pas cher,1.6,8,51,final
2026-04-10,celio,costume homme pas cher,2.8,9,77,final
2026-04-11,celio,costume homme pas cher,2.7,9,82,final
2026-04-12,celio,costume homme pas cher,2.2,15,77,final
2026-04-13,celio,costume homme pas cher,2.6,11,84,final
2026-04-14,celio,costume homme pas cher,4.2,8,76,final
2026-04-15,celio,costume homme pas cher,3.8,12,85,final
2026-04-16,celio,costume homme pas cher,3.3,11,83,final
2026-04-17,celio,costume homme pas cher,3.6,10,79,final
2026-04-18,celio,costume homme pas cher,3.0,8,78,final
2026-04-19,celio,costume homme pas cher,2.5,11,80,final
2026-04-20,celio,costume homme pas cher,3.1,12,74,final
2026-04-21,celio,costume homme pas cher,1.4,15,65,final
2026-04-22,celio,costume homme pas cher,3.3,10,75,final
2026-04-23,celio,costume homme pas cher,2.3,9,62,final
2026-04-24,celio,costume homme pas cher,1.9,8,61,final
2026-04-25,celio,costume homme pas cher,1.7,9,47,final
2026-04-26,celio,costume homme pas cher,2.3,11,78,final
2026-04-27,celio,costume homme pas cher,1.8,12,69,final
2026-04-28,celio,costume homme pas cher,2.1,11,81,final
2026-04-29,celio,costume homme pas cher,2.5,10,61,final
2026-04-30,celio,costume homme pas cher,3.0,5,69,final
2026-05-01,celio,costume homme pas cher,2.0,13,85,final
2026-05-02,celio,costume homme pas cher,6.2,3,55,final
2026-05-03,celio,costume homme pas cher,2.5,11,81,final
2026-05-04,celio,costume homme pas cher,5.8,6,92,final
2026-05-05,celio,costume homme pas cher,1.7,17,94,final
2026-05-06,celio,costume homme pas cher,3.8,14,96,final
2026-05-07,celio,costume homme pas cher,2.0,11,72,final
2026-05-08,celio,costume homme pas cher,3.2,17,89,final
2026-05-09,celio,costume homme pas cher,3.1,9,81,final
2026-05-10,celio,costume homme pas cher,2.4,12,105,final
2026-05-11,celio,costume homme pas cher,3.4,11,78,final
2026-05-12,celio,costume homme pas cher,4.7,10,89,final
2026-05-13,celio,costume homme pas cher,2.0,16,81,final
2026-05-14,celio,costume homme pas cher,2.5,10,75,final
2026-05-15,celio,costume homme pas cher,1.9,10,80,final
2026-05-16,celio,costume homme pas cher,2.0,10,75,final
2026-05-17,celio,costume homme pas cher,1.7,13,99,final
2026-05-18,celio,costume homme pas cher,1.6,13,84,final
2026-05-19,celio,costume homme pas cher,1.9,3,81,final
2026-05-20,celio,costume homme pas cher,3.5,10,83,final
2026-05-21,celio,costume homme pas cher,3.5,9,70,final
2026-05-22,celio,costume homme pas cher,2.3,5,53,final
2026-05-23,celio,costume homme pas cher,3.3,8,66,final
2026-05-24,celio,costume homme pas cher,5.9,7,53,final
2026-05-25,celio,costume homme pas cher,2.9,4,67,final
2026-05-26,celio,costume homme pas cher,3.7,6,70,final
2026-05-27,celio,costume homme pas cher,3.7,8,73,final
2026-05-28,celio,costume homme pas cher,3.5,9,67,final
2026-05-29,celio,costume homme pas cher,4.1,9,64,final
2026-05-30,celio,costume homme pas cher,3.3,5,59,final
2026-05-31,celio,costume homme pas cher,3.5,10,85,final
2026-06-01,celio,costume homme pas cher,2.7,9,72,final
2026-06-02,celio,costume homme pas cher,2.6,7,67,final
2026-06-03,celio,costume homme pas cher,2.7,7,83,final
2026-06-04,celio,costume homme pas cher,2.7,10,81,final
2026-06-05,celio,costume homme pas cher,3.4,11,89,final
2026-06-06,celio,costume homme pas cher,3.3,12,78,final
2026-06-07,celio,costume homme pas cher,2.2,15,76,final
2026-06-08,celio,costume homme pas cher,5.6,14,92,final
2026-06-09,celio,costume homme pas cher,3.3,10,81,final
2026-06-10,celio,costume homme pas cher,2.8,6,78,final
2026-06-11,celio,costume homme pas cher,1.8,7,69,final
2026-06-12,celio,costume homme pas cher,2.9,11,71,final
2026-06-13,celio,costume homme pas cher,2.6,4,75,final
2026-06-14,celio,costume homme pas cher,3.6,7,67,final
2026-06-15,celio,costume homme pas cher,3.8,3,69,final
2026-06-16,celio,costume homme pas cher,2.8,5,55,final
2026-06-17,celio,costume homme pas cher,3.3,8,68,final
2026-06-18,celio,costume homme pas cher,3.8,1,60,final
2026-06-19,celio,costume homme pas cher,3.3,4,54,final
2026-06-20,celio,costume homme pas cher,3.5,3,47,final
2026-06-21,celio,costume homme pas cher,3.9,6,71,final
2026-06-22,celio,costume homme pas cher,3.4,2,37,final
2026-06-23,celio,costume homme pas cher,6.3,4,56,final
2026-06-24,celio,costume homme pas cher,2.8,4,49,final
2026-06-25,celio,costume homme pas cher,2.8,8,59,final
2026-06-26,celio,costume homme pas cher,2.3,9,56,final
2026-06-27,celio,costume homme pas cher,4.8,5,47,final
2026-06-28,celio,costume homme pas cher,3.9,7,67,final
2026-06-29,celio,costume homme pas cher,2.2,6,54,final
2026-06-30,celio,costume homme pas cher,2.8,7,53,final
2026-07-01,celio,costume homme pas cher,1.9,6,58,final
2026-07-02,celio,costume homme pas cher,1.7,7,61,final
2026-07-03,celio,costume homme pas cher,2.2,7,58,final
2026-07-04,celio,costume homme pas cher,3.1,5,53,final
2026-07-05,celio,costume homme pas cher,2.1,6,53,final
2026-07-06,celio,costume homme pas cher,3.7,4,46,final
2026-07-07,celio,costume homme pas cher,2.8,4,55,final
2026-07-08,celio,costume homme pas cher,3,5,46,final
2026-07-09,celio,costume homme pas cher,6.8,4,52,final
2026-07-10,celio,costume homme pas cher,2.0,2,31,final
2026-07-11,celio,costume homme pas cher,4.8,2,50,final
2026-07-12,celio,costume homme pas cher,2.7,7,48,final
2026-07-13,celio,costume homme pas cher,4.0,8,49,final
2026-07-14,celio,costume homme pas cher,3.1,1,33,final
2026-07-15,celio,costume homme pas cher,1.6,4,34,final
2026-07-16,celio,costume homme pas cher,2.3,3,40,final
2026-07-17,celio,costume homme pas cher,7.2,2,54,final
2026-07-18,celio,costume homme pas cher,2.3,10,56,final
2026-07-19,celio,costume homme pas cher,3.6,2,51,final
2026-07-20,celio,costume homme pas cher,6.7,3,41,final
2026-07-21,celio,costume homme pas cher,8.3,4,36,final
2026-07-22,celio,costume homme pas cher,2.0,3,44,final
2026-07-23,celio,costume homme pas cher,3.4,7,45,final
2026-07-24,celio,costume homme pas cher,3.8,3,56,final
2026-07-25,celio,costume homme pas cher,1.5,3,48,final
2026-07-26,celio,costume homme pas cher,4.5,5,50,final
2026-07-27,celio,costume homme pas cher,8.2,3,64,final
2026-07-28,celio,costume homme pas cher,1.9,5,42,final
2026-07-29,celio,costume homme pas cher,4.6,3,57,final
2026-07-30,celio,costume homme pas cher,1.3,1,28,final
2026-07-31,celio,costume homme pas cher,5.1,3,61,final
2026-08-01,celio,costume homme pas cher,4.5,5,42,final
2026-08-02,celio,costume homme pas cher,1.5,11,55,final
2026-08-03,celio,costume homme pas cher,6.1,6,51,final
2026-08-04,celio,costume homme pas cher,3.9,5,61,final
2026-08-05,celio,costume homme pas cher,3.2,3,57,final
2026-08-06,celio,costume homme pas cher,1.9,6,57,final
2026-08-07,celio,costume homme pas cher,3.7,3,49,final
2026-08-08,celio,costume homme pas cher,3.9,5,56,final
2026-08-09,celio,costume homme pas cher,4.8,6,46,final
2026-08-10,celio,costume homme pas cher,2.1,7,49,final
2026-08-11,celio,costume homme pas cher,3.2,5,38,final
2026-08-12,celio,costume homme pas cher,1.2,4,45,final
2026-08-13,celio,costume homme pas cher,1.9,6,60,final
2026-08-14,celio,costume homme pas cher,3.9,5,36,final
2026-08-15,celio,costume homme pas cher,9.2,0,44,final
2026-08-16,celio,costume homme pas cher,4.2,6,44,final
2026-08-17,celio,costume homme pas cher,3.8,6,51,final
2026-08-18,celio,costume homme pas cher,2.8,4,42,final
2026-08-19,celio,costume homme pas cher,5.1,5,54,final
2026-08-20,celio,costume homme pas cher,1.9,11,68,final
2026-08-21,celio,costume homme pas cher,2.6,3,38,final
2026-08-22,celio,costume homme pas cher,1.9,5,55,final
2026-08-23,celio,costume homme pas cher,3.5,12,55,final
2026-08-24,celio,costume homme pas cher,3.1,5,49,final
2026-08-25,celio,costume homme pas cher,2.5,5,58,final
2026-08-26,celio,costume homme pas cher,6.7,3,61,final
2026-08-27,celio,costume homme pas cher,3.5,8,49,final
2026-08-28,celio,costume homme pas cher,5.7,7,65,final
2026-08-29,celio,costume homme pas cher,2.9,6,73,final
2026-08-30,celio,costume homme pas cher,2.8,7,76,final
2026-08-31,celio,costume homme pas cher,3.2,2,52,final
2026-09-01,celio,costume homme pas cher,2.9,4,56,final
2026-09-02,celio,costume homme pas cher,2.5,9,65,final
2026-09-03,celio,costume homme pas cher,5.5,7,68,final
2026-09-04,celio,costume homme pas cher,3.0,10,57,final
2026-09-05,celio,costume homme pas cher,3.5,8,61,final
2026-09-06,celio,costume homme pas cher,5.7,4,47,final
2026-09-07,celio,costume homme pas cher,6.8,11,66,final
2026-09-08,celio,costume homme pas cher,3.8,9,67,final
2026-09-09,celio,costume homme pas cher,1.6,2,58,final
2026-09-10,celio,costume homme pas cher,7.7,3,46,final
2026-09-11,celio,costume homme pas cher,4.5,6,48,final
2026-09-12,celio,costume homme pas cher,3.7,4,56,final
2026-09-13,celio,costume homme pas cher,2.0,5,52,final
2026-09-14,celio,costume homme pas cher,3.1,3,54,final
2026-09-15,celio,costume homme pas cher,2.7,7,53,final
2026-09-16,celio,costume homme pas cher,3.7,6,39,final
2026-09-17,celio,costume homme pas cher,2.6,8,62,final
2026-09-18,celio,costume homme pas cher,4.3,10,58,final
2026-09-19,celio,costume homme pas cher,2.5,7,56,final
2026-09-20,celio,costume homme pas cher,2.2,4,70,final
2026-09-21,celio,costume homme pas cher,3.8,8,40,final
2026-09-22,celio,costume homme pas cher,5.4,1,46,final
2026-09-23,celio,costume homme pas cher,1.8,8,66,final
2026-09-24,celio,costume homme pas cher,4.1,5,62,final
2026-09-25,celio,costume homme pas cher,4.4,6,59,final
2026-09-26,celio,costume homme pas cher,4.4,15,75,final
2026-09-27,celio,costume homme pas cher,6.3,11,54,final
2026-09-28,celio,costume homme pas cher,4.0,6,58,final
2026-09-29,celio,costume homme pas cher,3.4,7,41,fresh
2026-09-30,celio,costume homme pas cher,4.6,5,59,fresh
2025-06-08,celio,ensemble homme,8.0,2,169,final
2025-06-09,celio,ensemble homme,8.0,7,161,final
2025-06-10,celio,ensemble homme,11,3,121,final
2025-06-11,celio,ensemble homme,11.8,0,143,final
2025-06-12,celio,ensemble homme,11.1,4,121,final
2025-06-13,celio,ensemble homme,10.5,1,115,final
2025-06-14,celio,ensemble homme,10.0,4,90,final
2025-06-15,celio,ensemble homme,9.3,1,150,final
2025-06-16,celio,ensemble homme,10.4,9,270,final
2025-06-17,celio,ensemble homme,11.3,3,140,final
2025-06-18,celio,ensemble homme,10.1,0,117,final
2025-06-19,celio,ensemble homme,10.4,7,207,final
2025-06-20,celio,ensemble homme,9.4,7,245,final
2025-06-21,celio,ensemble homme,11.3,6,230,final
2025-06-22,celio,ensemble homme,10.7,6,197,final
2025-06-23,celio,ensemble homme,10.3,8,197,final
2025-06-24,celio,ensemble homme,9.2,8,229,final
2025-06-25,celio,ensemble homme,6.6,17,430,final
2025-06-26,celio,ensemble homme,5.1,9,477,final
2025-06-27,celio,ensemble homme,5.5,8,458,final
2025-06-28,celio,ensemble homme,7.3,10,439,final
2025-06-29,celio,ensemble homme,6.7,18,525,final
2025-06-30,celio,ensemble homme,7.2,8,407,final
2025-07-01,celio,ensemble homme,6.2,16,464,final
2025-07-02,celio,ensemble homme,6.8,14,468,final
2025-07-03,celio,ensemble homme,5.1,22,552,final
2025-07-04,celio,ensemble homme,5.9,13,428,final
2025-07-05,celio,ensemble homme,6.3,15,439,final
2025-07-06,celio,ensemble homme,7.2,10,580,final
2025-07-07,celio,ensemble homme,7.0,6,458,final
2025-07-08,celio,ensemble homme,6.2,12,523,final
2025-07-09,celio,ensemble homme,7.6,7,391,final
2025-07-10,celio,ensemble homme,8.4,4,298,final
2025-07-11,celio,ensemble homme,8.4,3,193,final
2025-07-12,celio,ensemble homme,8.7,2,309,final
2025-07-13,celio,ensemble homme,8.1,7,291,final
2025-07-14,celio,ensemble homme,8.3,3,300,final
2025-07-15,celio,ensemble homme,9.0,4,249,final
2025-07-16,celio,ensemble homme,9.3,2,189,final
2025-07-17,celio,ensemble homme,8.7,2,189,final
2025-07-18,celio,ensemble homme,9.9,2,91,final
2025-07-19,celio,ensemble homme,10.8,3,75,final
2025-07-20,celio,ensemble homme,9.1,1,107,final
2025-07-21,celio,ensemble homme,9.4,4,121,final
2025-07-22,celio,ensemble homme,8.9,1,230,final
2025-07-23,celio,ensemble homme,9.5,2,232,final
2025-07-24,celio,ensemble homme,9.6,2,229,final
2025-07-25,celio,ensemble homme,8.3,2,225,final
2025-07-26,celio,ensemble homme,8.2,5,238,final
2025-07-27,celio,ensemble homme,7.5,7,347,final
2025-07-28,celio,ensemble homme,8.4,3,329,final
2025-07-29,celio,ensemble homme,8.3,6,331,final
2025-07-30,celio,ensemble homme,8.3,7,295,final
2025-07-31,celio,ensemble homme,7.9,3,283,final
2025-08-01,celio,ensemble homme,8.6,4,142,final
2025-08-02,celio,ensemble homme,8.7,3,281,final
2025-08-03,celio,ensemble homme,8.3,3,245,final
2025-08-04,celio,ensemble homme,8.4,2,257,final
2025-08-05,celio,ensemble homme,8.6,3,266,final
2025-08-06,celio,ensemble homme,8.8,4,313,final
2025-08-07,celio,ensemble homme,7.8,3,140,final
2025-08-08,celio,ensemble homme,7.5,6,102,final
2025-08-09,celio,ensemble homme,7.2,2,116,final
2025-08-10,celio,ensemble homme,8.8,3,125,final
2025-08-11,celio,ensemble homme,8.1,1,130,final
2025-08-12,celio,ensemble homme,7.7,5,238,final
2025-08-13,celio,ensemble homme,7.7,7,322,final
2025-08-14,celio,ensemble homme,6.2,11,284,final
2025-08-15,celio,ensemble homme,5.8,6,259,final
2025-08-16,celio,ensemble homme,6.0,5,301,final
2025-08-17,celio,ensemble homme,6.0,9,333,final
2025-08-18,celio,ensemble homme,6.5,6,370,final
2025-08-19,celio,ensemble homme,7.2,7,366,final
2025-08-20,celio,ensemble homme,9.4,5,348,final
2025-08-21,celio,ensemble homme,9.5,3,296,final
2025-08-22,celio,ensemble homme,11.7,1,97,final
2025-08-23,celio,ensemble homme,11,1,64,final
2025-08-24,celio,ensemble homme,10.4,0,62,final
2025-08-25,celio,ensemble homme,9.4,0,124,final
2025-08-26,celio,ensemble homme,8.6,3,291,final
2025-08-27,celio,ensemble homme,8.9,6,281,final
2025-08-28,celio,ensemble homme,7.2,5,340,final
2025-08-29,celio,ensemble homme,7.7,4,312,final
2025-08-30,celio,ensemble homme,7.3,6,349,final
2025-08-31,celio,ensemble homme,6.1,3,308,final
2025-09-01,celio,ensemble homme,6.8,9,334,final
2025-09-02,celio,ensemble homme,6.3,9,385,final
2025-09-03,celio,ensemble homme,7.1,4,342,final
2025-09-04,celio,ensemble homme,7.3,5,390,final
2025-09-05,celio,ensemble homme,9.2,3,244,final
2025-09-06,celio,ensemble homme,7.7,2,135,final
2025-09-07,celio,ensemble homme,7.8,4,176,final
2025-09-08,celio,ensemble homme,9.8,3,213,final
2025-09-09,celio,ensemble homme,9.8,5,182,final
2025-09-10,celio,ensemble homme,11.3,1,148,final
2025-09-11,celio,ensemble homme,11.1,3,173,final
2025-09-12,celio,ensemble homme,11.8,0,96,final
2025-09-13,celio,ensemble homme,11.1,1,358,final
2025-09-14,celio,ensemble homme,10.3,4,399,final
2025-09-15,celio,ensemble homme,9.6,2,284,final
2025-09-16,celio,ensemble homme,10.0,4,289,final
2025-09-17,celio,ensemble homme,11.1,4,288,final
2025-09-18,celio,ensemble homme,10.4,1,299,final
2025-09-19,celio,ensemble homme,11.5,2,270,final
2025-09-20,celio,ensemble homme,11.5,1,251,final
2025-09-21,celio,ensemble homme,11.4,0,319,final
2025-09-22,celio,ensemble homme,11.2,5,290,final
2025-09-23,celio,ensemble homme,11.7,5,298,final
2025-09-24,celio,ensemble homme,11.9,2,193,final
2025-09-25,celio,ensemble homme,10.9,2,203,final
2025-09-26,celio,ensemble homme,10.1,4,208,final
2025-09-27,celio,ensemble homme,9.0,0,147,final
2025-09-28,celio,ensemble homme,10.7,4,274,final
2025-09-29,celio,ensemble homme,10.8,4,278,final
2025-09-30,celio,ensemble homme,10.2,7,316,final
2025-10-01,celio,ensemble homme,9.8,6,324,final
2025-10-02,celio,ensemble homme,10.0,3,281,final
2025-10-03,celio,ensemble homme,9.7,5,174,final
2025-10-04,celio,ensemble homme,9.2,3,233,final
2025-10-05,celio,ensemble homme,9.2,6,317,final
2025-10-06,celio,ensemble homme,8.1,2,241,final
2025-10-07,celio,ensemble homme,7.9,4,174,final
2025-10-08,celio,ensemble homme,9.3,3,293,final
2025-10-09,celio,ensemble homme,9.6,2,283,final
2025-10-10,celio,ensemble homme,10.5,3,250,final
2025-10-11,celio,ensemble homme,9.4,4,275,final
2025-10-12,celio,ensemble homme,10.3,3,306,final
2025-10-13,celio,ensemble homme,9.2,5,272,final
2025-10-14,celio,ensemble homme,10.0,3,230,final
2025-10-15,celio,ensemble homme,8.0,6,347,final
2025-10-16,celio,ensemble homme,6.3,5,297,final
2025-10-17,celio,ensemble homme,5.2,9,289,final
2025-10-18,celio,ensemble homme,5.8,4,313,final
2025-10-19,celio,ensemble homme,4.2,10,455,final
2025-10-20,celio,ensemble homme,3.2,9,358,final
2025-10-21,celio,ensemble homme,4.1,7,343,final
2025-10-22,celio,ensemble homme,6.0,2,315,final
2025-10-23,celio,ensemble homme,11.1,2,254,final
2025-10-24,celio,ensemble homme,9.9,3,206,final
2025-10-25,celio,ensemble homme,10.0,1,207,final
2025-10-26,celio,ensemble homme,10.7,2,281,final
2025-10-27,celio,ensemble homme,11.7,1,242,final
2025-10-28,celio,ensemble homme,11.2,1,119,final
2025-10-29,celio,ensemble homme,7.3,0,36,final
2025-10-30,celio,ensemble homme,10.8,0,46,final
2025-10-31,celio,ensemble homme,11.2,3,125,final
2025-11-01,celio,ensemble homme,10.9,2,152,final
2025-11-02,celio,ensemble homme,11.5,0,48,final
2025-11-03,celio,ensemble homme,9.4,1,57,final
2025-11-04,celio,ensemble homme,10.1,1,152,final
2025-11-05,celio,ensemble homme,8.9,1,152,final
2025-11-06,celio,ensemble homme,11.1,2,341,final
2025-11-07,celio,ensemble homme,11.9,4,288,final
2025-11-08,celio,ensemble homme,11.5,2,307,final
2025-11-09,celio,ensemble homme,11.2,5,350,final
2025-11-10,celio,ensemble homme,11.1,1,324,final
2025-11-11,celio,ensemble homme,10.4,2,416,final
2025-11-12,celio,ensemble homme,9.2,2,357,final
2025-11-13,celio,ensemble homme,9.6,5,342,final
2025-11-14,celio,ensemble homme,8.3,3,272,final
2025-11-15,celio,ensemble homme,9.7,3,385,final
2025-11-16,celio,ensemble homme,8.7,6,527,final
2025-11-17,celio,ensemble homme,10.0,3,363,final
2025-11-18,celio,ensemble homme,10.7,1,326,final
2025-11-19,celio,ensemble homme,9.8,3,253,final
2025-11-20,celio,ensemble homme,10.8,2,239,final
2025-11-21,celio,ensemble homme,10.7,4,344,final
2025-11-23,celio,ensemble homme,7.5,5,610,final
2025-11-24,celio,ensemble homme,8.0,3,518,final
2025-11-25,celio,ensemble homme,7.8,6,597,final
2025-11-26,celio,ensemble homme,7.7,4,533,final
2025-11-27,celio,ensemble homme,6.7,3,560,final
2025-11-28,celio,ensemble homme,6.8,11,675,final
2025-11-29,celio,ensemble homme,6.6,6,552,final
2025-11-30,celio,ensemble homme,7.1,8,607,final
2025-12-01,celio,ensemble homme,7.4,7,606,final
2025-12-02,celio,ensemble homme,9.1,7,326,final
2025-12-03,celio,ensemble homme,9.5,6,521,final
2025-12-04,celio,ensemble homme,9.7,3,213,final
2025-12-05,celio,ensemble homme,9.6,0,201,final
2025-12-06,celio,ensemble homme,12.0,2,252,final
2025-12-07,celio,ensemble homme,11.1,6,346,final
2025-12-08,celio,ensemble homme,10.3,15,554,final
2025-12-09,celio,ensemble homme,9.9,5,447,final
2025-12-10,celio,ensemble homme,9.9,5,503,final
2025-12-11,celio,ensemble homme,8.8,10,556,final
2025-12-12,celio,ensemble homme,10.1,8,487,final
2025-12-13,celio,ensemble homme,11.1,3,424,final
2025-12-14,celio,ensemble homme,11.2,2,461,final
2025-12-15,celio,ensemble homme,10.9,7,387,final
2025-12-16,celio,ensemble homme,10.0,2,411,final
2025-12-17,celio,ensemble homme,11.4,1,354,final
2025-12-18,celio,ensemble homme,11.6,3,333,final
2025-12-19,celio,ensemble homme,9.7,3,236,final
2025-12-20,celio,ensemble homme,8.7,5,395,final
2025-12-21,celio,ensemble homme,9.3,5,430,final
2025-12-22,celio,ensemble homme,8.7,5,364,final
2025-12-23,celio,ensemble homme,8.8,7,349,final
2025-12-24,celio,ensemble homme,6.5,1,296,final
2025-12-25,celio,ensemble homme,9.1,11,346,final
2025-12-26,celio,ensemble homme,6.2,4,319,final
2025-12-27,celio,ensemble homme,5.8,2,265,final
2025-12-28,celio,ensemble homme,8.1,5,279,final
2025-12-29,celio,ensemble homme,6.7,5,209,final
2025-12-30,celio,ensemble homme,5.7,0,220,final
2025-12-31,celio,ensemble homme,8.1,4,182,final
2026-01-01,celio,ensemble homme,7.2,5,251,final
2026-01-02,celio,ensemble homme,7.5,4,242,final
2026-01-03,celio,ensemble homme,5.3,8,258,final
2026-01-04,celio,ensemble homme,6.3,2,311,final
2026-01-05,celio,ensemble homme,7.0,7,301,final
2026-01-06,celio,ensemble homme,7.8,1,273,final
2026-01-07,celio,ensemble homme,10.5,3,417,final
2026-01-08,celio,ensemble homme,9.5,3,274,final
2026-01-09,celio,ensemble homme,8.5,1,70,final
2026-01-10,celio,ensemble homme,8.3,1,59,final
2026-01-11,celio,ensemble homme,7.6,3,122,final
2026-01-12,celio,ensemble homme,7.4,6,161,final
2026-01-13,celio,ensemble homme,9.9,0,41,final
2026-01-14,celio,ensemble homme,8.1,2,72,final
2026-01-15,celio,ensemble homme,8.4,2,47,final
2026-01-16,celio,ensemble homme,9.9,1,90,final
2026-01-17,celio,ensemble homme,5.9,1,64,final
2026-01-18,celio,ensemble homme,4.9,8,318,final
2026-01-19,celio,ensemble homme,5.9,8,290,final
2026-01-20,celio,ensemble homme,9.8,3,191,final
2026-01-21,celio,ensemble homme,10.4,4,218,final
2026-01-22,celio,ensemble homme,9.8,2,118,final
2026-01-23,celio,ensemble homme,9.5,2,139,final
2026-01-24,celio,ensemble homme,9.3,2,191,final
2026-01-25,celio,ensemble homme,7.5,4,278,final
2026-01-26,celio,ensemble homme,5.4,4,244,final
2026-01-27,celio,ensemble homme,5.2,4,235,final
2026-01-28,celio,ensemble homme,6.3,4,210,final
2026-01-29,celio,ensemble homme,8.0,1,100,final
2026-01-30,celio,ensemble homme,8.2,2,149,final
2026-01-31,celio,ensemble homme,8.3,5,216,final
2026-02-01,celio,ensemble homme,11.4,0,182,final
2026-02-02,celio,ensemble homme,9.8,2,155,final
2026-02-03,celio,ensemble homme,5.9,3,281,final
2026-02-04,celio,ensemble homme,5.5,8,296,final
2026-02-05,celio,ensemble homme,6,5,342,final
2026-02-06,celio,ensemble homme,4.1,7,311,final
2026-02-07,celio,ensemble homme,7.6,1,301,final
2026-02-08,celio,ensemble homme,5.1,6,325,final
2026-02-09,celio,ensemble homme,5.5,7,277,final
2026-02-10,celio,ensemble homme,4.4,10,275,final
2026-02-11,celio,ensemble homme,3.9,5,327,final
2026-02-12,celio,ensemble homme,3.9,7,295,final
2026-02-13,celio,ensemble homme,4.4,7,252,final
2026-02-14,celio,ensemble homme,7.5,3,115,final
2026-02-15,celio,ensemble homme,3.7,10,374,final
2026-02-16,celio,ensemble homme,4.3,3,208,final
2026-02-17,celio,ensemble homme,6.2,2,188,final
2026-02-18,celio,ensemble homme,4.2,2,142,final
2026-02-19,celio,ensemble homme,7.5,1,80,final
2026-02-20,celio,ensemble homme,7.9,1,119,final
2026-02-21,celio,ensemble homme,10.6,0,70,final
2026-02-22,celio,ensemble homme,10.7,1,120,final
2026-02-23,celio,ensemble homme,10.0,3,190,final
2026-02-24,celio,ensemble homme,10.1,0,116,final
2026-02-25,celio,ensemble homme,8.0,2,119,final
2026-02-26,celio,ensemble homme,5.3,4,247,final
2026-02-27,celio,ensemble homme,7.6,4,159,final
2026-02-28,celio,ensemble homme,7.8,0,60,final
2026-03-01,celio,ensemble homme,6.7,3,257,final
2026-03-02,celio,ensemble homme,5.5,9,291,final
2026-03-03,celio,ensemble homme,7.9,2,97,final
2026-03-04,celio,ensemble homme,3.6,7,439,final
2026-03-05,celio,ensemble homme,4.2,13,480,final
2026-03-06,celio,ensemble homme,5.9,10,432,final
2026-03-07,celio,ensemble homme,6.0,12,480,final
2026-03-08,celio,ensemble homme,6.5,13,598,final
2026-03-09,celio,ensemble homme,6.4,10,521,final
2026-03-10,celio,ensemble homme,3.6,16,471,final
2026-03-11,celio,ensemble homme,3.8,27,570,final
2026-03-12,celio,ensemble homme,4.9,16,546,final
2026-03-13,celio,ensemble homme,3.7,13,519,final
2026-03-14,celio,ensemble homme,4.0,34,689,final
2026-03-15,celio,ensemble homme,6.2,7,615,final
2026-03-16,celio,ensemble homme,5.5,9,488,final
2026-03-17,celio,ensemble homme,3.5,18,432,final
2026-03-18,celio,ensemble homme,4.7,19,451,final
2026-03-19,celio,ensemble homme,4.0,14,477,final
2026-03-20,celio,ensemble homme,4.1,5,343,final
2026-03-21,celio,ensemble homme,4.4,3,344,final
2026-03-22,celio,ensemble homme,4.2,14,526,final
2026-03-23,celio,ensemble homme,4.3,9,456,final
2026-03-24,celio,ensemble homme,3.8,14,443,final
2026-03-25,celio,ensemble homme,2.8,12,411,final
2026-03-26,celio,ensemble homme,3.5,12,401,final
2026-03-27,celio,ensemble homme,3.0,7,374,final
2026-03-28,celio,ensemble homme,2.6,12,488,final
2026-03-29,celio,ensemble homme,2.9,26,474,final
2026-03-30,celio,ensemble homme,2.3,11,518,final
2026-03-31,celio,ensemble homme,3.3,15,457,final
2026-04-01,celio,ensemble homme,3.5,13,427,final
2026-04-02,celio,ensemble homme,4.5,8,436,final
2026-04-03,celio,ensemble homme,5.7,6,394,final
2026-04-04,celio,ensemble homme,5.2,10,366,final
2026-04-05,celio,ensemble homme,6.0,13,330,final
2026-04-06,celio,ensemble homme,5.9,5,410,final
2026-04-07,celio,ensemble homme,5.5,7,373,final
2026-04-08,celio,ensemble homme,4.9,5,323,final
2026-04-09,celio,ensemble homme,6.3,4,221,final
2026-04-10,celio,ensemble homme,4.7,10,331,final
2026-04-11,celio,ensemble homme,3.4,16,399,final
2026-04-12,celio,ensemble homme,4.2,19,393,final
2026-04-13,celio,ensemble homme,4.4,6,382,final
2026-04-14,celio,ensemble homme,3.7,13,347,final
2026-04-15,celio,ensemble homme,3.5,15,349,final
2026-04-16,celio,ensemble homme,3.0,12,275,final
2026-04-17,celio,ensemble homme,2.6,15,346,final
2026-04-18,celio,ensemble homme,4.7,5,281,final
2026-04-19,celio,ensemble homme,3.6,21,310,final
2026-04-20,celio,ensemble homme,6.0,5,306,final
2026-04-21,celio,ensemble homme,5.6,8,300,final
2026-04-22,celio,ensemble homme,3.5,11,287,final
2026-04-23,celio,ensemble homme,4.2,5,239,final
2026-04-24,celio,ensemble homme,4.8,5,174,final
2026-04-25,celio,ensemble homme,5.4,6,255,final
2026-04-26,celio,ensemble homme,3.3,9,283,final
2026-04-27,celio,ensemble homme,2.6,10,261,final
2026-04-28,celio,ensemble homme,3.3,14,294,final
2026-04-29,celio,ensemble homme,3.0,10,376,final
2026-04-30,celio,ensemble homme,2.5,16,339,final
2026-05-01,celio,ensemble homme,2.5,20,456,final
2026-05-02,celio,ensemble homme,3.3,6,354,final
2026-05-03,celio,ensemble homme,3.5,21,467,final
2026-05-04,celio,ensemble homme,3.8,24,498,final
2026-05-05,celio,ensemble homme,4.1,11,486,final
2026-05-06,celio,ensemble homme,5.0,14,449,final
2026-05-07,celio,ensemble homme,3.8,10,402,final
2026-05-08,celio,ensemble homme,3.8,10,494,final
2026-05-09,celio,ensemble homme,3.8,16,505,final
2026-05-10,celio,ensemble homme,3.2,19,530,final
2026-05-11,celio,ensemble homme,3.2,14,460,final
2026-05-12,celio,ensemble homme,2.8,11,367,final
2026-05-13,celio,ensemble homme,3.7,16,418,final
2026-05-14,celio,ensemble homme,6.6,5,448,final
2026-05-15,celio,ensemble homme,4.4,6,355,final
2026-05-16,celio,ensemble homme,3.2,12,382,final
2026-05-17,celio,ensemble homme,3.4,12,461,final
2026-05-18,celio,ensemble homme,5.4,9,486,final
2026-05-19,celio,ensemble homme,4.2,8,399,final
2026-05-20,celio,ensemble homme,6.1,6,346,final
2026-05-21,celio,ensemble homme,2.7,11,359,final
2026-05-22,celio,ensemble homme,3.1,8,357,final
2026-05-23,celio,ensemble homme,2.8,18,377,final
2026-05-24,celio,ensemble homme,3.2,12,435,final
2026-05-25,celio,ensemble homme,3.1,15,497,final
2026-05-26,celio,ensemble homme,3.2,13,410,final
2026-05-27,celio,ensemble homme,2.9,15,363,final
2026-05-28,celio,ensemble homme,3.0,16,437,final
2026-05-29,celio,ensemble homme,3.0,16,391,final
2026-05-30,celio,ensemble homme,3.4,13,368,final
2026-05-31,celio,ensemble homme,3.0,16,482,final
2026-06-01,celio,ensemble homme,2.8,22,536,final
2026-06-02,celio,ensemble homme,3.4,19,536,final
2026-06-03,celio,ensemble homme,4.1,13,492,final
2026-06-04,celio,ensemble homme,3.3,9,483,final
2026-06-05,celio,ensemble homme,4.8,7,324,final
2026-06-06,celio,ensemble homme,5.5,8,314,final
2026-06-07,celio,ensemble homme,5.8,4,452,final
2026-06-08,celio,ensemble homme,5.9,7,366,final
2026-06-09,celio,ensemble homme,5.4,7,405,final
2026-06-10,celio,ensemble homme,3.8,9,352,final
2026-06-11,celio,ensemble homme,5.1,4,338,final
2026-06-12,celio,ensemble homme,5.0,7,322,final
2026-06-13,celio,ensemble homme,3.2,7,319,final
2026-06-14,celio,ensemble homme,2.7,7,391,final
2026-06-15,celio,ensemble homme,2.7,15,382,final
2026-06-16,celio,ensemble homme,2.8,10,351,final
2026-06-17,celio,ensemble homme,3.7,14,352,final
2026-06-18,celio,ensemble homme,2.7,11,370,final
2026-06-19,celio,ensemble homme,2.7,4,338,final
2026-06-20,celio,ensemble homme,3.1,9,332,final
2026-06-21,celio,ensemble homme,2.7,9,374,final
2026-06-22,celio,ensemble homme,3.0,12,308,final
2026-06-23,celio,ensemble homme,2.7,7,302,final
2026-06-24,celio,ensemble homme,2.3,19,475,final
2026-06-25,celio,ensemble homme,2.2,7,467,final
2026-06-26,celio,ensemble homme,2.2,15,464,final
2026-06-27,celio,ensemble homme,1.8,24,480,final
2026-06-28,celio,ensemble homme,2.7,23,577,final
2026-06-29,celio,ensemble homme,2.4,20,577,final
2026-06-30,celio,ensemble homme,2.4,19,495,final
2026-07-01,celio,ensemble homme,2.5,14,507,final
2026-07-02,celio,ensemble homme,2.2,10,508,final
2026-07-03,celio,ensemble homme,2.4,19,480,final
2026-07-04,celio,ensemble homme,2.2,13,534,final
2026-07-05,celio,ensemble homme,2.2,23,627,final
2026-07-06,celio,ensemble homme,2.5,21,590,final
2026-07-07,celio,ensemble homme,2.3,16,591,final
2026-07-08,celio,ensemble homme,2.7,17,543,final
2026-07-09,celio,ensemble homme,2.5,21,460,final
2026-07-10,celio,ensemble homme,2.4,12,454,final
2026-07-11,celio,ensemble homme,2.3,17,495,final
2026-07-12,celio,ensemble homme,2.5,18,540,final
2026-07-13,celio,ensemble homme,2.5,19,470,final
2026-07-14,celio,ensemble homme,2.8,10,400,final
2026-07-15,celio,ensemble homme,2.6,13,397,final
2026-07-16,celio,ensemble homme,2.7,18,414,final
2026-07-17,celio,ensemble homme,2.8,14,390,final
2026-07-18,celio,ensemble homme,2.6,9,408,final
2026-07-19,celio,ensemble homme,2.6,14,417,final
2026-07-20,celio,ensemble homme,2.7,15,424,final
2026-07-21,celio,ensemble homme,2.9,14,423,final
2026-07-22,celio,ensemble homme,2.6,9,377,final
2026-07-23,celio,ensemble homme,2.6,8,364,final
2026-07-24,celio,ensemble homme,2.9,12,336,final
2026-07-25,celio,ensemble homme,2.8,19,388,final
2026-07-26,celio,ensemble homme,2.9,14,438,final
2026-07-27,celio,ensemble homme,2.9,14,436,final
2026-07-28,celio,ensemble homme,3.4,12,430,final
2026-07-29,celio,ensemble homme,2.8,11,352,final
2026-07-30,celio,ensemble homme,2.7,9,406,final
2026-07-31,celio,ensemble homme,2.7,12,402,final
2026-08-01,celio,ensemble homme,2.8,14,394,final
2026-08-02,celio,ensemble homme,2.6,9,445,final
2026-08-03,celio,ensemble homme,2.7,15,447,final
2026-08-04,celio,ensemble homme,2.9,11,403,final
2026-08-05,celio,ensemble homme,2.3,11,462,final
2026-08-06,celio,ensemble homme,2.3,15,457,final
2026-08-07,celio,ensemble homme,2.4,13,364,final
2026-08-08,celio,ensemble homme,2.6,9,391,final
2026-08-09,celio,ensemble homme,2.3,13,434,final
2026-08-10,celio,ensemble homme,2.4,11,375,final
2026-08-11,celio,ensemble homme,2.6,11,407,final
2026-08-12,celio,ensemble homme,2.4,8,385,final
2026-08-13,celio,ensemble homme,2.9,15,331,final
2026-08-14,celio,ensemble homme,2.4,7,345,final
2026-08-15,celio,ensemble homme,2.6,7,338,final
2026-08-16,celio,ensemble homme,2.6,4,408,final
2026-08-17,celio,ensemble homme,2.5,13,389,final
2026-08-18,celio,ensemble homme,2.3,7,412,final
2026-08-19,celio,ensemble homme,2.2,13,437,final
2026-08-20,celio,ensemble homme,2.4,11,364,final
2026-08-21,celio,ensemble homme,3.3,11,364,final
2026-08-22,celio,ensemble homme,3.2,4,361,final
2026-08-23,celio,ensemble homme,2.8,8,392,final
2026-08-24,celio,ensemble homme,3.2,7,442,final
2026-08-25,celio,ensemble homme,2.8,9,469,final
2026-08-26,celio,ensemble homme,2.5,6,447,final
2026-08-27,celio,ensemble homme,2.4,13,447,final
2026-08-28,celio,ensemble homme,2.5,12,414,final
2026-08-29,celio,ensemble homme,2.8,13,429,final
2026-08-30,celio,ensemble homme,2.9,17,449,final
2026-08-31,celio,ensemble homme,2.9,10,404,final
2026-09-01,celio,ensemble homme,2.6,10,403,final
2026-09-02,celio,ensemble homme,2.2,8,374,final
2026-09-03,celio,ensemble homme,2.5,6,331,final
2026-09-04,celio,ensemble homme,2.6,8,361,final
2026-09-05,celio,ensemble homme,3.3,10,352,final
2026-09-06,celio,ensemble homme,3.8,8,410,final
2026-09-07,celio,ensemble homme,3.5,8,305,final
2026-09-08,celio,ensemble homme,3.8,9,359,final
2026-09-09,celio,ensemble homme,3.4,11,425,final
2026-09-10,celio,ensemble homme,4.0,12,399,final
2026-09-11,celio,ensemble homme,3.9,8,304,final
2026-09-12,celio,ensemble homme,3.4,12,331,final
2026-09-13,celio,ensemble homme,3.1,5,338,final
2026-09-14,celio,ensemble homme,3.9,6,323,final
2026-09-15,celio,ensemble homme,4.7,10,384,final
2026-09-16,celio,ensemble homme,3.8,8,369,final
2026-09-17,celio,ensemble homme,3.8,10,341,final
2026-09-18,celio,ensemble homme,4.2,8,281,final
2026-09-19,celio,ensemble homme,5.3,7,290,final
2026-09-20,celio,ensemble homme,4.3,7,419,final
2026-09-21,celio,ensemble homme,6.1,4,300,final
2026-09-22,celio,ensemble homme,5.5,1,324,final
2026-09-23,celio,ensemble homme,5.3,5,354,final
2026-09-24,celio,ensemble homme,5.0,3,306,final
2026-09-25,celio,ensemble homme,4.3,5,246,final
2026-09-26,celio,ensemble homme,3.4,3,355,final
2026-09-27,celio,ensemble homme,4.0,12,364,final
2026-09-28,celio,ensemble homme,5.8,6,299,final
2026-09-29,celio,ensemble homme,4.1,9,262,fresh
2026-09-30,celio,ensemble homme,2.5,3,342,fresh
2025-06-08,celio,jean homme,1.7,13,438,final
2025-06-09,celio,jean homme,1.7,15,513,final
2025-06-10,celio,jean homme,1.7,21,402,final
2025-06-11,celio,jean homme,1.9,15,377,final
2025-06-12,celio,jean homme,1.6,6,334,final
2025-06-13,celio,jean homme,2.1,5,291,final
2025-06-14,celio,jean homme,1.7,9,346,final
2025-06-15,celio,jean homme,1.7,11,373,final
2025-06-16,celio,jean homme,1.8,2,292,final
2025-06-17,celio,jean homme,1.7,6,286,final
2025-06-18,celio,jean homme,1.5,5,293,final
2025-06-19,celio,jean homme,1.6,6,246,final
2025-06-20,celio,jean homme,1.6,4,244,final
2025-06-21,celio,jean homme,1.8,2,243,final
2025-06-22,celio,jean homme,1.7,4,264,final
2025-06-23,celio,jean homme,1.7,6,290,final
2025-06-24,celio,jean homme,1.7,7,305,final
2025-06-25,celio,jean homme,1.5,13,431,final
2025-06-26,celio,jean homme,1.8,6,361,final
2025-06-27,celio,jean homme,2.7,6,313,final
2025-06-28,celio,jean homme,3.2,8,327,final
2025-06-29,celio,jean homme,4.0,3,369,final
2025-06-30,celio,jean homme,3.5,6,312,final
2025-07-01,celio,jean homme,4.1,6,282,final
2025-07-02,celio,jean homme,3.8,3,299,final
2025-07-03,celio,jean homme,3.7,6,323,final
2025-07-04,celio,jean homme,4.0,2,293,final
2025-07-05,celio,jean homme,5.4,3,300,final
2025-07-06,celio,jean homme,5.1,8,419,final
2025-07-07,celio,jean homme,4.9,10,353,final
2025-07-08,celio,jean homme,4.7,6,391,final
2025-07-09,celio,jean homme,4.3,6,327,final
2025-07-10,celio,jean homme,3.3,4,279,final
2025-07-11,celio,jean homme,2.4,4,281,final
2025-07-12,celio,jean homme,1.6,13,296,final
2025-07-13,celio,jean homme,1.8,9,307,final
2025-07-14,celio,jean homme,1.6,9,324,final
2025-07-15,celio,jean homme,1.7,8,341,final
2025-07-16,celio,jean homme,1.7,8,330,final
2025-07-17,celio,jean homme,1.6,13,335,final
2025-07-18,celio,jean homme,1.6,4,247,final
2025-07-19,celio,jean homme,1.8,9,374,final
2025-07-20,celio,jean homme,1.9,13,386,final
2025-07-21,celio,jean homme,1.7,12,405,final
2025-07-22,celio,jean homme,1.8,10,357,final
2025-07-23,celio,jean homme,1.8,4,371,final
2025-07-24,celio,jean homme,1.7,6,334,final
2025-07-25,celio,jean homme,1.6,12,358,final
2025-07-26,celio,jean homme,1.9,18,358,final
2025-07-27,celio,jean homme,1.9,12,419,final
2025-07-28,celio,jean homme,1.8,9,397,final
2025-07-29,celio,jean homme,2.6,9,370,final
2025-07-30,celio,jean homme,3.4,11,400,final
2025-07-31,celio,jean homme,4.4,7,345,final
2025-08-01,celio,jean homme,3.1,11,325,final
2025-08-02,celio,jean homme,2.4,11,373,final
2025-08-03,celio,jean homme,1.9,12,363,final
2025-08-04,celio,jean homme,2.2,10,341,final
2025-08-05,celio,jean homme,2.2,10,370,final
2025-08-06,celio,jean homme,1.8,12,358,final
2025-08-07,celio,jean homme,2.0,5,328,final
2025-08-08,celio,jean homme,1.9,8,329,final
2025-08-09,celio,jean homme,1.9,6,309,final
2025-08-10,celio,jean homme,1.6,7,318,final
2025-08-11,celio,jean homme,1.6,11,358,final
2025-08-12,celio,jean homme,1.9,3,286,final
2025-08-13,celio,jean homme,1.8,10,320,final
2025-08-14,celio,jean homme,1.8,11,293,final
2025-08-15,celio,jean homme,1.7,14,314,final
2025-08-16,celio,jean homme,1.8,10,325,final
2025-08-17,celio,jean homme,1.7,11,361,final
2025-08-18,celio,jean homme,1.7,13,411,final
2025-08-19,celio,jean homme,1.5,16,471,final
2025-08-20,celio,jean homme,1.5,27,525,final
2025-08-21,celio,jean homme,1.7,11,498,final
2025-08-22,celio,jean homme,1.7,19,423,final
2025-08-23,celio,jean homme,2.0,21,486,final
2025-08-24,celio,jean homme,1.6,17,471,final
2025-08-25,celio,jean homme,1.5,15,441,final
2025-08-26,celio,jean homme,1.7,12,448,final
2025-08-27,celio,jean homme,1.8,16,496,final
2025-08-28,celio,jean homme,1.9,18,550,final
2025-08-29,celio,jean homme,1.7,20,480,final
2025-08-30,celio,jean homme,1.8,23,555,final
2025-08-31,celio,jean homme,1.8,18,640,final
2025-09-01,celio,jean homme,1.9,21,599,final
2025-09-02,celio,jean homme,1.7,21,608,final
2025-09-03,celio,jean homme,1.6,29,603,final
2025-09-04,celio,jean homme,1.6,20,515,final
2025-09-05,celio,jean homme,1.7,19,470,final
2025-09-06,celio,jean homme,1.5,21,520,final
2025-09-07,celio,jean homme,1.6,20,548,final
2025-09-08,celio,jean homme,1.5,6,500,final
2025-09-09,celio,jean homme,1.7,21,455,final
2025-09-10,celio,jean homme,1.5,15,490,final
2025-09-11,celio,jean homme,1.7,20,468,final
2025-09-12,celio,jean homme,1.7,16,490,final
2025-09-13,celio,jean homme,1.5,25,633,final
2025-09-14,celio,jean homme,1.3,16,660,final
2025-09-15,celio,jean homme,1.3,23,541,final
2025-09-16,celio,jean homme,1.8,18,453,final
2025-09-17,celio,jean homme,2.3,15,426,final
2025-09-18,celio,jean homme,2.2,23,423,final
2025-09-19,celio,jean homme,1.8,13,420,final
2025-09-20,celio,jean homme,1.4,20,528,final
2025-09-21,celio,jean homme,1.2,13,615,final
2025-09-22,celio,jean homme,1.5,16,443,final
2025-09-23,celio,jean homme,1.5,21,512,final
2025-09-24,celio,jean homme,1.3,14,521,final
2025-09-25,celio,jean homme,1.5,18,468,final
2025-09-26,celio,jean homme,1.5,29,488,final
2025-09-27,celio,jean homme,1.3,25,585,final
2025-09-28,celio,jean homme,1.5,29,681,final
2025-09-29,celio,jean homme,1.6,13,543,final
2025-09-30,celio,jean homme,1.5,22,524,final
2025-10-01,celio,jean homme,1.8,19,554,final
2025-10-02,celio,jean homme,1.7,20,559,final
2025-10-03,celio,jean homme,1.6,18,547,final
2025-10-04,celio,jean homme,1.9,17,685,final
2025-10-05,celio,jean homme,1.4,28,731,final
2025-10-06,celio,jean homme,1.6,18,614,final
2025-10-07,celio,jean homme,1.4,19,541,final
2025-10-08,celio,jean homme,1.7,20,505,final
2025-10-09,celio,jean homme,1.4,15,479,final
2025-10-10,celio,jean homme,1.5,12,466,final
2025-10-11,celio,jean homme,1.6,12,546,final
2025-10-12,celio,jean homme,1.6,16,610,final
2025-10-13,celio,jean homme,1.5,18,519,final
2025-10-14,celio,jean homme,1.5,14,494,final
2025-10-15,celio,jean homme,1.4,13,499,final
2025-10-16,celio,jean homme,1.4,13,471,final
2025-10-17,celio,jean homme,1.5,10,426,final
2025-10-18,celio,jean homme,1.3,12,557,final
2025-10-19,celio,jean homme,1.4,23,577,final
2025-10-20,celio,jean homme,1.3,26,619,final
2025-10-21,celio,jean homme,1.3,13,501,final
2025-10-22,celio,jean homme,1.5,22,459,final
2025-10-23,celio,jean homme,1.6,14,522,final
2025-10-24,celio,jean homme,1.7,16,493,final
2025-10-25,celio,jean homme,1.6,16,564,final
2025-10-26,celio,jean homme,1.4,21,611,final
2025-10-27,celio,jean homme,1.7,12,534,final
2025-10-28,celio,jean homme,1.5,21,515,final
2025-10-29,celio,jean homme,1.5,21,467,final
2025-10-30,celio,jean homme,1.3,17,529,final
2025-10-31,celio,jean homme,1.4,17,435,final
2025-11-01,celio,jean homme,1.5,16,592,final
2025-11-02,celio,jean homme,1.5,24,677,final
2025-11-03,celio,jean homme,1.4,21,600,final
2025-11-04,celio,jean homme,1.4,23,534,final
2025-11-05,celio,jean homme,1.4,15,582,final
2025-11-06,celio,jean homme,1.6,14,571,final
2025-11-07,celio,jean homme,1.9,13,571,final
2025-11-08,celio,jean homme,1.4,20,662,final
2025-11-09,celio,jean homme,1.5,23,753,final
2025-11-10,celio,jean homme,1.7,21,682,final
2025-11-11,celio,jean homme,1.4,26,763,final
2025-11-12,celio,jean homme,1.4,25,677,final
2025-11-13,celio,jean homme,1.4,21,601,final
2025-11-14,celio,jean homme,1.3,28,578,final
2025-11-15,celio,jean homme,1.4,22,714,final
2025-11-16,celio,jean homme,1.5,30,863,final
2025-11-17,celio,jean homme,1.5,22,653,final
2025-11-18,celio,jean homme,1.8,18,627,final
2025-11-19,celio,jean homme,1.5,24,634,final
2025-11-20,celio,jean homme,1.7,15,631,final
2025-11-21,celio,jean homme,1.8,26,618,final
2025-11-22,celio,jean homme,2.1,29,767,final
2025-11-23,celio,jean homme,1.9,27,1019,final
2025-11-24,celio,jean homme,1.8,26,781,final
2025-11-25,celio,jean homme,1.8,22,774,final
2025-11-26,celio,jean homme,1.9,25,850,final
2025-11-27,celio,jean homme,1.9,18,861,final
2025-11-28,celio,jean homme,2.0,32,1063,final
2025-11-29,celio,jean homme,2.3,30,1003,final
2025-11-30,celio,jean homme,1.9,37,1201,final
2025-12-01,celio,jean homme,1.9,36,949,final
2025-12-02,celio,jean homme,1.7,28,912,final
2025-12-03,celio,jean homme,1.6,31,896,final
2025-12-04,celio,jean homme,1.6,22,857,final
2025-12-05,celio,jean homme,1.6,29,778,final
2025-12-06,celio,jean homme,1.5,33,923,final
2025-12-07,celio,jean homme,1.5,41,1100,final
2025-12-08,celio,jean homme,1.5,41,888,final
2025-12-09,celio,jean homme,1.5,29,837,final
2025-12-10,celio,jean homme,1.4,23,862,final
2025-12-11,celio,jean homme,1.4,23,668,final
2025-12-12,celio,jean homme,1.5,23,715,final
2025-12-13,celio,jean homme,1.4,31,817,final
2025-12-14,celio,jean homme,1.4,35,1017,final
2025-12-15,celio,jean homme,1.3,39,827,final
2025-12-16,celio,jean homme,1.4,41,785,final
2025-12-17,celio,jean homme,1.5,17,700,final
2025-12-18,celio,jean homme,1.6,24,652,final
2025-12-19,celio,jean homme,1.6,22,594,final
2025-12-20,celio,jean homme,1.7,19,657,final
2025-12-21,celio,jean homme,1.4,20,762,final
2025-12-22,celio,jean homme,1.6,23,621,final
2025-12-23,celio,jean homme,1.5,13,542,final
2025-12-24,celio,jean homme,1.5,17,413,final
2025-12-25,celio,jean homme,1.4,20,598,final
2025-12-26,celio,jean homme,1.4,19,581,final
2025-12-27,celio,jean homme,1.6,19,486,final
2025-12-28,celio,jean homme,1.4,21,557,final
2025-12-29,celio,jean homme,1.5,18,541,final
2025-12-30,celio,jean homme,1.6,15,460,final
2025-12-31,celio,jean homme,1.9,15,353,final
2026-01-01,celio,jean homme,1.6,12,513,final
2026-01-02,celio,jean homme,1.5,20,530,final
2026-01-03,celio,jean homme,1.5,20,563,final
2026-01-04,celio,jean homme,1.6,13,526,final
2026-01-05,celio,jean homme,1.5,14,444,final
2026-01-06,celio,jean homme,1.4,14,474,final
2026-01-07,celio,jean homme,2.0,26,880,final
2026-01-08,celio,jean homme,1.4,14,635,final
2026-01-09,celio,jean homme,1.7,11,590,final
2026-01-10,celio,jean homme,1.8,14,727,final
2026-01-11,celio,jean homme,1.6,29,734,final
2026-01-12,celio,jean homme,1.6,15,622,final
2026-01-13,celio,jean homme,1.8,16,481,final
2026-01-14,celio,jean homme,1.8,13,543,final
2026-01-15,celio,jean homme,1.9,13,509,final
2026-01-16,celio,jean homme,1.6,12,436,final
2026-01-17,celio,jean homme,1.7,21,660,final
2026-01-18,celio,jean homme,1.8,13,594,final
2026-01-19,celio,jean homme,2.1,18,564,final
2026-01-20,celio,jean homme,1.8,17,479,final
2026-01-21,celio,jean homme,1.9,19,557,final
2026-01-22,celio,jean homme,3.1,15,552,final
2026-01-23,celio,jean homme,2.2,10,442,final
2026-01-24,celio,jean homme,2.0,17,649,final
2026-01-25,celio,jean homme,1.5,24,646,final
2026-01-26,celio,jean homme,1.6,13,530,final
2026-01-27,celio,jean homme,2.0,19,508,final
2026-01-28,celio,jean homme,2.0,20,516,final
2026-01-29,celio,jean homme,2.1,22,466,final
2026-01-30,celio,jean homme,1.8,12,451,final
2026-01-31,celio,jean homme,2.2,10,677,final
2026-02-01,celio,jean homme,2.1,21,731,final
2026-02-02,celio,jean homme,2.2,16,565,final
2026-02-03,celio,jean homme,2.0,26,569,final
2026-02-04,celio,jean homme,2.3,27,581,final
2026-02-05,celio,jean homme,2.0,12,519,final
2026-02-06,celio,jean homme,1.8,12,460,final
2026-02-07,celio,jean homme,2.0,21,500,final
2026-02-08,celio,jean homme,2.2,21,567,final
2026-02-09,celio,jean homme,1.7,20,511,final
2026-02-10,celio,jean homme,1.5,14,504,final
2026-02-11,celio,jean homme,1.6,11,438,final
2026-02-12,celio,jean homme,1.8,18,448,final
2026-02-13,celio,jean homme,1.6,15,370,final
2026-02-14,celio,jean homme,1.9,17,431,final
2026-02-15,celio,jean homme,1.7,20,517,final
2026-02-16,celio,jean homme,2.1,12,430,final
2026-02-17,celio,jean homme,2.0,16,423,final
2026-02-18,celio,jean homme,1.8,19,403,final
2026-02-19,celio,jean homme,1.6,15,352,final
2026-02-20,celio,jean homme,1.9,11,374,final
2026-02-21,celio,jean homme,2.1,9,385,final
2026-02-22,celio,jean homme,2.4,9,444,final
2026-02-23,celio,jean homme,1.7,16,409,final
2026-02-24,celio,jean homme,1.9,14,385,final
2026-02-25,celio,jean homme,1.9,12,402,final
2026-02-26,celio,jean homme,2.1,11,389,final
2026-02-27,celio,jean homme,2.4,10,414,final
2026-02-28,celio,jean homme,1.8,13,484,final
2026-03-01,celio,jean homme,1.7,19,499,final
2026-03-02,celio,jean homme,1.8,13,422,final
2026-03-03,celio,jean homme,2.1,7,433,final
2026-03-04,celio,jean homme,2.4,9,451,final
2026-03-05,celio,jean homme,2.1,16,484,final
2026-03-06,celio,jean homme,1.6,14,399,final
2026-03-07,celio,jean homme,3.5,13,507,final
2026-03-08,celio,jean homme,1.7,15,510,final
2026-03-09,celio,jean homme,1.7,14,495,final
2026-03-10,celio,jean homme,1.8,12,509,final
2026-03-11,celio,jean homme,1.8,20,496,final
2026-03-12,celio,jean homme,2.3,16,460,final
2026-03-13,celio,jean homme,1.6,14,398,final
2026-03-14,celio,jean homme,1.9,22,564,final
2026-03-15,celio,jean homme,1.5,20,531,final
2026-03-16,celio,jean homme,1.6,14,481,final
2026-03-17,celio,jean homme,1.7,9,414,final
2026-03-18,celio,jean homme,3.0,16,455,final
2026-03-19,celio,jean homme,1.4,11,374,final
2026-03-20,celio,jean homme,1.6,13,354,final
2026-03-21,celio,jean homme,2.2,14,429,final
2026-03-22,celio,jean homme,1.5,14,531,final
2026-03-23,celio,jean homme,1.5,11,396,final
2026-03-24,celio,jean homme,1.4,12,393,final
2026-03-25,celio,jean homme,1.5,10,426,final
2026-03-26,celio,jean homme,1.7,10,376,final
2026-03-27,celio,jean homme,2.4,10,346,final
2026-03-28,celio,jean homme,2.4,10,462,final
2026-03-29,celio,jean homme,1.7,22,538,final
2026-03-30,celio,jean homme,1.9,19,448,final
2026-03-31,celio,jean homme,3.2,21,432,final
2026-04-01,celio,jean homme,2.2,25,423,final
2026-04-02,celio,jean homme,1.6,13,391,final
2026-04-03,celio,jean homme,1.5,14,386,final
2026-04-04,celio,jean homme,1.9,10,446,final
2026-04-05,celio,jean homme,2.0,16,390,final
2026-04-06,celio,jean homme,1.7,18,446,final
2026-04-07,celio,jean homme,2.5,13,392,final
2026-04-08,celio,jean homme,1.5,18,361,final
2026-04-09,celio,jean homme,1.5,8,317,final
2026-04-10,celio,jean homme,1.9,10,325,final
2026-04-11,celio,jean homme,1.6,18,410,final
2026-04-12,celio,jean homme,1.5,16,455,final
2026-04-13,celio,jean homme,1.5,12,402,final
2026-04-14,celio,jean homme,1.5,15,358,final
2026-04-15,celio,jean homme,2.0,10,363,final
2026-04-16,celio,jean homme,1.5,10,315,final
2026-04-17,celio,jean homme,1.6,6,317,final
2026-04-18,celio,jean homme,1.5,14,374,final
2026-04-19,celio,jean homme,1.6,9,411,final
2026-04-20,celio,jean homme,1.5,18,353,final
2026-04-21,celio,jean homme,1.6,13,335,final
2026-04-22,celio,jean homme,1.7,11,360,final
2026-04-23,celio,jean homme,1.5,11,302,final
2026-04-24,celio,jean homme,1.7,6,307,final
2026-04-25,celio,jean homme,1.5,13,298,final
2026-04-26,celio,jean homme,1.7,11,334,final
2026-04-27,celio,jean homme,1.5,8,350,final
2026-04-28,celio,jean homme,1.9,11,386,final
2026-04-29,celio,jean homme,1.8,10,369,final
2026-04-30,celio,jean homme,2.7,10,333,final
2026-05-01,celio,jean homme,2.2,6,371,final
2026-05-02,celio,jean homme,2.4,9,352,final
2026-05-03,celio,jean homme,2.5,15,407,final
2026-05-04,celio,jean homme,2.4,9,392,final
2026-05-05,celio,jean homme,2.2,10,386,final
2026-05-06,celio,jean homme,2.2,12,377,final
2026-05-07,celio,jean homme,2.2,7,290,final
2026-05-08,celio,jean homme,1.5,13,372,final
2026-05-09,celio,jean homme,1.4,15,357,final
2026-05-10,celio,jean homme,1.3,16,474,final
2026-05-11,celio,jean homme,1.5,14,414,final
2026-05-12,celio,jean homme,2.2,7,371,final
2026-05-13,celio,jean homme,2.4,5,364,final
2026-05-14,celio,jean homme,2.0,11,455,final
2026-05-15,celio,jean homme,1.8,7,377,final
2026-05-16,celio,jean homme,1.7,7,407,final
2026-05-17,celio,jean homme,1.6,9,424,final
2026-05-18,celio,jean homme,1.7,15,380,final
2026-05-19,celio,jean homme,1.6,13,379,final
2026-05-20,celio,jean homme,1.4,18,358,final
2026-05-21,celio,jean homme,1.7,9,306,final
2026-05-22,celio,jean homme,1.5,7,236,final
2026-05-23,celio,jean homme,1.6,5,259,final
2026-05-24,celio,jean homme,1.4,4,225,final
2026-05-25,celio,jean homme,1.5,5,249,final
2026-05-26,celio,jean homme,1.4,4,191,final
2026-05-27,celio,jean homme,1.4,11,209,final
2026-05-28,celio,jean homme,1.6,7,179,final
2026-05-29,celio,jean homme,1.3,8,182,final
2026-05-30,celio,jean homme,1.7,2,171,final
2026-05-31,celio,jean homme,1.4,12,242,final
2026-06-01,celio,jean homme,2.1,8,284,final
2026-06-02,celio,jean homme,1.4,10,258,final
2026-06-03,celio,jean homme,1.6,6,311,final
2026-06-04,celio,jean homme,1.4,6,331,final
2026-06-05,celio,jean homme,1.4,9,281,final
2026-06-06,celio,jean homme,1.6,6,331,final
2026-06-07,celio,jean homme,1.5,19,381,final
2026-06-08,celio,jean homme,1.4,8,323,final
2026-06-09,celio,jean homme,1.4,10,337,final
2026-06-10,celio,jean homme,1.2,6,367,final
2026-06-11,celio,jean homme,1.4,5,293,final
2026-06-12,celio,jean homme,1.4,3,249,final
2026-06-13,celio,jean homme,1.5,4,256,final
2026-06-14,celio,jean homme,1.6,3,274,final
2026-06-15,celio,jean homme,1.8,9,258,final
2026-06-16,celio,jean homme,1.5,4,238,final
2026-06-17,celio,jean homme,1.5,5,213,final
2026-06-18,celio,jean homme,1.7,7,209,final
2026-06-19,celio,jean homme,2.1,1,190,final
2026-06-20,celio,jean homme,2.2,6,196,final
2026-06-21,celio,jean homme,1.7,7,189,final
2026-06-22,celio,jean homme,1.6,5,187,final
2026-06-23,celio,jean homme,1.8,6,204,final
2026-06-24,celio,jean homme,1.5,6,269,final
2026-06-25,celio,jean homme,1.6,3,202,final
2026-06-26,celio,jean homme,1.8,2,187,final
2026-06-27,celio,jean homme,2,4,228,final
2026-06-28,celio,jean homme,1.7,7,262,final
2026-06-29,celio,jean homme,1.8,6,247,final
2026-06-30,celio,jean homme,1.7,7,271,final
2026-07-01,celio,jean homme,1.6,4,266,final
2026-07-02,celio,jean homme,1.7,3,237,final
2026-07-03,celio,jean homme,1.5,3,252,final
2026-07-04,celio,jean homme,1.6,3,237,final
2026-07-05,celio,jean homme,1.7,3,274,final
2026-07-06,celio,jean homme,1.5,5,220,final
2026-07-07,celio,jean homme,1.6,3,239,final
2026-07-08,celio,jean homme,1.6,7,242,final
2026-07-09,celio,jean homme,1.4,5,210,final
2026-07-10,celio,jean homme,1.4,7,229,final
2026-07-11,celio,jean homme,2.3,2,230,final
2026-07-12,celio,jean homme,2.2,5,240,final
2026-07-13,celio,jean homme,1.5,5,221,final
2026-07-14,celio,jean homme,1.4,4,182,final
2026-07-15,celio,jean homme,1.5,5,201,final
2026-07-16,celio,jean homme,1.6,7,230,final
2026-07-17,celio,jean homme,1.7,4,245,final
2026-07-18,celio,jean homme,1.9,5,219,final
2026-07-19,celio,jean homme,1.5,4,233,final
2026-07-20,celio,jean homme,1.6,5,230,final
2026-07-21,celio,jean homme,1.6,6,222,final
2026-07-22,celio,jean homme,1.5,7,247,final
2026-07-23,celio,jean homme,1.7,12,259,final
2026-07-24,celio,jean homme,2.4,5,233,final
2026-07-25,celio,jean homme,2.7,3,260,final
2026-07-26,celio,jean homme,2.3,4,294,final
2026-07-27,celio,jean homme,2.6,4,288,final
2026-07-28,celio,jean homme,2.3,8,281,final
2026-07-29,celio,jean homme,2.2,3,224,final
2026-07-30,celio,jean homme,2.3,4,237,final
2026-07-31,celio,jean homme,1.5,11,268,final
2026-08-01,celio,jean homme,1.7,9,281,final
2026-08-02,celio,jean homme,1.5,9,326,final
2026-08-03,celio,jean homme,1.8,6,300,final
2026-08-04,celio,jean homme,1.6,14,299,final
2026-08-05,celio,jean homme,1.5,5,264,final
2026-08-06,celio,jean homme,1.4,7,356,final
2026-08-07,celio,jean homme,1.4,4,265,final
2026-08-08,celio,jean homme,1.6,6,299,final
2026-08-09,celio,jean homme,1.5,8,318,final
2026-08-10,celio,jean homme,1.6,5,254,final
2026-08-11,celio,jean homme,2.0,6,293,final
2026-08-12,celio,jean homme,2.0,6,286,final
2026-08-13,celio,jean homme,1.7,5,293,final
2026-08-14,celio,jean homme,1.7,6,268,final
2026-08-15,celio,jean homme,2.1,5,266,final
2026-08-16,celio,jean homme,1.8,3,325,final
2026-08-17,celio,jean homme,2.0,8,349,final
2026-08-18,celio,jean homme,1.8,19,408,final
2026-08-19,celio,jean homme,1.7,18,459,final
2026-08-20,celio,jean homme,1.5,18,393,final
2026-08-21,celio,jean homme,1.6,11,384,final
2026-08-22,celio,jean homme,1.6,14,466,final
2026-08-23,celio,jean homme,1.6,13,419,final
2026-08-24,celio,jean homme,1.5,15,468,final
2026-08-25,celio,jean homme,1.5,13,427,final
2026-08-26,celio,jean homme,1.5,14,422,final
2026-08-27,celio,jean homme,1.9,14,445,final
2026-08-28,celio,jean homme,1.9,17,438,final
2026-08-29,celio,jean homme,1.6,15,500,final
2026-08-30,celio,jean homme,1.8,20,586,final
2026-08-31,celio,jean homme,1.7,22,495,final
2026-09-01,celio,jean homme,1.8,17,431,final
2026-09-02,celio,jean homme,1.7,18,471,final
2026-09-03,celio,jean homme,1.5,21,436,final
2026-09-04,celio,jean homme,1.5,10,427,final
2026-09-05,celio,jean homme,1.6,21,461,final
2026-09-06,celio,jean homme,1.3,23,492,final
2026-09-07,celio,jean homme,1.5,15,430,final
2026-09-08,celio,jean homme,1.6,12,409,final
2026-09-09,celio,jean homme,1.4,15,446,final
2026-09-10,celio,jean homme,1.5,8,409,final
2026-09-11,celio,jean homme,1.3,8,390,final
2026-09-12,celio,jean homme,1.5,7,443,final
2026-09-13,celio,jean homme,1.2,16,535,final
2026-09-14,celio,jean homme,1.6,14,426,final
2026-09-15,celio,jean homme,1.3,13,367,final
2026-09-16,celio,jean homme,1.7,16,415,final
2026-09-17,celio,jean homme,1.3,14,384,final
2026-09-18,celio,jean homme,1.5,15,401,final
2026-09-19,celio,jean homme,1.2,24,449,final
2026-09-20,celio,jean homme,1.2,16,522,final
2026-09-21,celio,jean homme,1.3,17,405,final
2026-09-22,celio,jean homme,1.3,13,379,final
2026-09-23,celio,jean homme,1.3,7,358,final
2026-09-24,celio,jean homme,1.5,13,389,final
2026-09-25,celio,jean homme,1.6,9,355,final
2026-09-26,celio,jean homme,1.4,15,470,final
2026-09-27,celio,jean homme,1.5,17,484,final
2026-09-28,celio,jean homme,1.8,16,423,final
2026-09-29,celio,jean homme,1.7,17,362,fresh
2026-09-30,celio,jean homme,1.9,18,432,fresh
2025-06-08,celio,jeans homme,4.0,11,398,final
2025-06-09,celio,jeans homme,4.3,16,356,final
2025-06-10,celio,jeans homme,4.6,5,363,final
2025-06-11,celio,jeans homme,4.7,10,354,final
2025-06-12,celio,jeans homme,4.2,9,313,final
2025-06-13,celio,jeans homme,4.2,3,266,final
2025-06-14,celio,jeans homme,3.9,10,279,final
2025-06-15,celio,jeans homme,4.0,14,371,final
2025-06-16,celio,jeans homme,3.5,8,293,final
2025-06-17,celio,jeans homme,4.5,7,321,final
2025-06-18,celio,jeans homme,4.0,5,270,final
2025-06-19,celio,jeans homme,5.0,2,282,final
2025-06-20,celio,jeans homme,4.4,3,251,final
2025-06-21,celio,jeans homme,4.0,3,253,final
2025-06-22,celio,jeans homme,4.0,7,294,final
2025-06-23,celio,jeans homme,4.1,7,258,final
2025-06-24,celio,jeans homme,4.4,2,274,final
2025-06-25,celio,jeans homme,3.2,11,395,final
2025-06-26,celio,jeans homme,3.5,15,317,final
2025-06-27,celio,jeans homme,5.6,6,326,final
2025-06-28,celio,jeans homme,5.1,8,335,final
2025-06-29,celio,jeans homme,6,3,296,final
2025-06-30,celio,jeans homme,6.4,4,299,final
2025-07-01,celio,jeans homme,6.7,4,247,final
2025-07-02,celio,jeans homme,7.5,4,306,final
2025-07-03,celio,jeans homme,7.5,6,271,final
2025-07-04,celio,jeans homme,7.8,3,288,final
2025-07-05,celio,jeans homme,11.5,2,264,final
2025-07-06,celio,jeans homme,11.1,6,372,final
2025-07-07,celio,jeans homme,11.4,3,273,final
2025-07-08,celio,jeans homme,10.3,2,299,final
2025-07-09,celio,jeans homme,10.5,4,238,final
2025-07-10,celio,jeans homme,10.5,4,265,final
2025-07-11,celio,jeans homme,10.1,0,253,final
2025-07-12,celio,jeans homme,4.8,5,313,final
2025-07-13,celio,jeans homme,6.0,5,269,final
2025-07-14,celio,jeans homme,6.6,4,277,final
2025-07-15,celio,jeans homme,6.1,7,256,final
2025-07-16,celio,jeans homme,6.2,4,262,final
2025-07-17,celio,jeans homme,7.5,3,299,final
2025-07-18,celio,jeans homme,7.3,3,249,final
2025-07-19,celio,jeans homme,6.5,6,287,final
2025-07-20,celio,jeans homme,6.6,7,314,final
2025-07-21,celio,jeans homme,5.7,2,327,final
2025-07-22,celio,jeans homme,5.9,6,353,final
2025-07-23,celio,jeans homme,5.3,6,292,final
2025-07-24,celio,jeans homme,5.3,3,315,final
2025-07-25,celio,jeans homme,5.8,7,323,final
2025-07-26,celio,jeans homme,6.3,7,322,final
2025-07-27,celio,jeans homme,6.2,10,334,final
2025-07-28,celio,jeans homme,6.0,4,361,final
2025-07-29,celio,jeans homme,6.0,12,300,final
2025-07-30,celio,jeans homme,5,7,346,final
2025-07-31,celio,jeans homme,4.4,8,374,final
2025-08-01,celio,jeans homme,3.8,15,335,final
2025-08-02,celio,jeans homme,4.5,6,352,final
2025-08-03,celio,jeans homme,5.3,9,346,final
2025-08-04,celio,jeans homme,4.7,10,345,final
2025-08-05,celio,jeans homme,4.9,8,337,final
2025-08-06,celio,jeans homme,4.2,8,311,final
2025-08-07,celio,jeans homme,6.0,7,304,final
2025-08-08,celio,jeans homme,6.3,8,285,final
2025-08-09,celio,jeans homme,6.2,8,276,final
2025-08-10,celio,jeans homme,6.2,5,312,final
2025-08-11,celio,jeans homme,5.2,14,301,final
2025-08-12,celio,jeans homme,5.9,8,278,final
2025-08-13,celio,jeans homme,6.9,4,262,final
2025-08-14,celio,jeans homme,6.7,4,256,final
2025-08-15,celio,jeans homme,6.6,7,286,final
2025-08-16,celio,jeans homme,6.8,5,263,final
2025-08-17,celio,jeans homme,6.6,2,302,final
2025-08-18,celio,jeans homme,6.4,8,325,final
2025-08-19,celio,jeans homme,6.0,8,310,final
2025-08-20,celio,jeans homme,5.7,9,376,final
2025-08-21,celio,jeans homme,5.8,9,366,final
2025-08-22,celio,jeans homme,7.0,3,330,final
2025-08-23,celio,jeans homme,7.0,7,366,final
2025-08-24,celio,jeans homme,7.2,7,393,final
2025-08-25,celio,jeans homme,6.1,7,389,final
2025-08-26,celio,jeans homme,6.0,5,389,final
2025-08-27,celio,jeans homme,5.5,7,456,final
2025-08-28,celio,jeans homme,5.7,14,519,final
2025-08-29,celio,jeans homme,5.8,10,486,final
2025-08-30,celio,jeans homme,5.8,20,473,final
2025-08-31,celio,jeans homme,7.0,11,572,final
2025-09-01,celio,jeans homme,6.7,12,459,final
2025-09-02,celio,jeans homme,5.3,11,505,final
2025-09-03,celio,jeans homme,3.7,17,542,final
2025-09-04,celio,jeans homme,3.4,26,513,final
2025-09-05,celio,jeans homme,4.4,11,437,final
2025-09-06,celio,jeans homme,4.7,11,490,final
2025-09-07,celio,jeans homme,5.0,18,482,final
2025-09-08,celio,jeans homme,4.4,10,438,final
2025-09-09,celio,jeans homme,3.8,8,398,final
2025-09-10,celio,jeans homme,3.0,19,439,final
2025-09-11,celio,jeans homme,2.8,17,544,final
2025-09-12,celio,jeans homme,2.4,15,396,final
2025-09-13,celio,jeans homme,2.2,19,518,final
2025-09-14,celio,jeans homme,1.8,25,553,final
2025-09-15,celio,jeans homme,1.7,19,472,final
2025-09-16,celio,jeans homme,3.8,12,409,final
2025-09-17,celio,jeans homme,4.0,18,370,final
2025-09-18,celio,jeans homme,3.8,8,350,final
2025-09-19,celio,jeans homme,3.5,9,342,final
2025-09-20,celio,jeans homme,3.2,13,428,final
2025-09-21,celio,jeans homme,3.6,18,577,final
2025-09-22,celio,jeans homme,3.3,16,466,final
2025-09-23,celio,jeans homme,3.0,11,423,final
2025-09-24,celio,jeans homme,3.2,15,485,final
2025-09-25,celio,jeans homme,3.4,13,455,final
2025-09-26,celio,jeans homme,3.5,13,422,final
2025-09-27,celio,jeans homme,3.7,13,502,final
2025-09-28,celio,jeans homme,4.0,16,556,final
2025-09-29,celio,jeans homme,4.4,14,501,final
2025-09-30,celio,jeans homme,5.1,8,420,final
2025-10-01,celio,jeans homme,4.9,5,398,final
2025-10-02,celio,jeans homme,4.8,8,371,final
2025-10-03,celio,jeans homme,3.8,12,436,final
2025-10-04,celio,jeans homme,3.0,17,520,final
2025-10-05,celio,jeans homme,3.1,19,586,final
2025-10-06,celio,jeans homme,3.5,20,481,final
2025-10-07,celio,jeans homme,3.3,14,435,final
2025-10-08,celio,jeans homme,3.8,16,427,final
2025-10-09,celio,jeans homme,3.5,15,454,final
2025-10-10,celio,jeans homme,2.7,16,440,final
2025-10-11,celio,jeans homme,2.5,17,490,final
2025-10-12,celio,jeans homme,3.1,14,523,final
2025-10-13,celio,jeans homme,3.0,11,466,final
2025-10-14,celio,jeans homme,2.9,6,413,final
2025-10-15,celio,jeans homme,3.5,6,402,final
2025-10-16,celio,jeans homme,2.9,10,394,final
2025-10-17,celio,jeans homme,2.5,11,372,final
2025-10-18,celio,jeans homme,2.6,20,434,final
2025-10-19,celio,jeans homme,2.7,9,461,final
2025-10-20,celio,jeans homme,3.1,15,469,final
2025-10-21,celio,jeans homme,2.6,19,446,final
2025-10-22,celio,jeans homme,3.9,11,398,final
2025-10-23,celio,jeans homme,2.8,11,424,final
2025-10-24,celio,jeans homme,5.0,10,413,final
2025-10-25,celio,jeans homme,4.3,12,502,final
2025-10-26,celio,jeans homme,3.8,17,515,final
2025-10-27,celio,jeans homme,3.0,16,438,final
2025-10-28,celio,jeans homme,6.9,10,322,final
2025-10-29,celio,jeans homme,6.1,9,356,final
2025-10-30,celio,jeans homme,5.8,13,401,final
2025-10-31,celio,jeans homme,7.0,5,367,final
2025-11-01,celio,jeans homme,7.5,11,475,final
2025-11-02,celio,jeans homme,7.7,8,525,final
2025-11-03,celio,jeans homme,8.6,5,354,final
2025-11-04,celio,jeans homme,7.2,14,410,final
2025-11-05,celio,jeans homme,6.1,7,374,final
2025-11-06,celio,jeans homme,4.5,13,456,final
2025-11-07,celio,jeans homme,3.6,11,478,final
2025-11-08,celio,jeans homme,3.1,20,562,final
2025-11-09,celio,jeans homme,3.6,16,554,final
2025-11-10,celio,jeans homme,3.4,12,530,final
2025-11-11,celio,jeans homme,3.2,11,614,final
2025-11-12,celio,jeans homme,3.7,7,492,final
2025-11-13,celio,jeans homme,3.5,8,519,final
2025-11-14,celio,jeans homme,3.2,11,523,final
2025-11-15,celio,jeans homme,3.4,16,542,final
2025-11-16,celio,jeans homme,3.4,14,659,final
2025-11-17,celio,jeans homme,3.9,14,527,final
2025-11-18,celio,jeans homme,4.0,23,495,final
2025-11-19,celio,jeans homme,4.3,7,578,final
2025-11-20,celio,jeans homme,7.0,4,236,final
2025-11-21,celio,jeans homme,6.6,4,230,final
2025-11-22,celio,jeans homme,7.2,7,186,final
2025-11-23,celio,jeans homme,9.3,2,183,final
2025-11-24,celio,jeans homme,8.2,2,187,final
2025-11-25,celio,jeans homme,10.9,4,167,final
2025-11-26,celio,jeans homme,9.3,1,242,final
2025-11-27,celio,jeans homme,8.3,7,250,final
2025-11-28,celio,jeans homme,9.8,2,204,final
2025-11-29,celio,jeans homme,10.0,5,163,final
2025-11-30,celio,jeans homme,8.2,4,224,final
2025-12-01,celio,jeans homme,9.7,2,186,final
2025-12-02,celio,jeans homme,7.4,6,325,final
2025-12-03,celio,jeans homme,7.2,13,340,final
2025-12-04,celio,jeans homme,7.2,8,470,final
2025-12-05,celio,jeans homme,6.0,11,475,final
2025-12-06,celio,jeans homme,6.5,11,472,final
2025-12-07,celio,jeans homme,5.8,13,495,final
2025-12-08,celio,jeans homme,5.0,8,515,final
2025-12-09,celio,jeans homme,5.4,12,448,final
2025-12-10,celio,jeans homme,5.1,7,556,final
2025-12-11,celio,jeans homme,4.1,16,485,final
2025-12-12,celio,jeans homme,3.2,15,472,final
2025-12-13,celio,jeans homme,2.9,19,619,final
2025-12-14,celio,jeans homme,2.9,23,601,final
2025-12-15,celio,jeans homme,2.8,16,586,final
2025-12-16,celio,jeans homme,3.2,18,506,final
2025-12-17,celio,jeans homme,3.3,19,499,final
2025-12-18,celio,jeans homme,3.3,6,447,final
2025-12-19,celio,jeans homme,3.5,12,415,final
2025-12-20,celio,jeans homme,3.3,10,476,final
2025-12-21,celio,jeans homme,3.3,19,498,final
2025-12-22,celio,jeans homme,3.4,18,466,final
2025-12-23,celio,jeans homme,3.4,14,433,final
2025-12-24,celio,jeans homme,3.6,3,333,final
2025-12-25,celio,jeans homme,3.4,11,432,final
2025-12-26,celio,jeans homme,3.4,16,442,final
2025-12-27,celio,jeans homme,3.6,18,464,final
2025-12-28,celio,jeans homme,2.9,16,410,final
2025-12-29,celio,jeans homme,3.3,15,425,final
2025-12-30,celio,jeans homme,5.5,13,353,final
2025-12-31,celio,jeans homme,4.9,4,336,final
2026-01-01,celio,jeans homme,4.9,9,413,final
2026-01-02,celio,jeans homme,6.1,6,400,final
2026-01-03,celio,jeans homme,8.8,4,423,final
2026-01-04,celio,jeans homme,9.2,3,247,final
2026-01-05,celio,jeans homme,10.6,4,264,final
2026-01-06,celio,jeans homme,7.5,7,277,final
2026-01-07,celio,jeans homme,7.8,4,342,final
2026-01-08,celio,jeans homme,8.0,4,220,final
2026-01-09,celio,jeans homme,9.3,6,244,final
2026-01-10,celio,jeans homme,5.1,5,383,final
2026-01-11,celio,jeans homme,3.1,27,529,final
2026-01-12,celio,jeans homme,3.4,16,477,final
2026-01-13,celio,jeans homme,4.3,13,320,final
2026-01-14,celio,jeans homme,6.3,4,250,final
2026-01-15,celio,jeans homme,7.4,4,187,final
2026-01-16,celio,jeans homme,7.1,3,240,final
2026-01-17,celio,jeans homme,5.8,3,390,final
2026-01-18,celio,jeans homme,7.6,9,400,final
2026-01-19,celio,jeans homme,6.1,9,314,final
2026-01-20,celio,jeans homme,5.9,0,232,final
2026-01-21,celio,jeans homme,5.8,7,250,final
2026-01-22,celio,jeans homme,8.0,3,291,final
2026-01-23,celio,jeans homme,10.2,4,158,final
2026-01-24,celio,jeans homme,8.5,2,229,final
2026-01-25,celio,jeans homme,10.8,4,252,final
2026-01-26,celio,jeans homme,6.7,4,220,final
2026-01-27,celio,jeans homme,8.0,7,216,final
2026-01-28,celio,jeans homme,5.5,11,234,final
2026-01-29,celio,jeans homme,6.1,11,257,final
2026-01-30,celio,jeans homme,5.4,5,284,final
2026-01-31,celio,jeans homme,4.8,4,403,final
2026-02-01,celio,jeans homme,5.0,6,381,final
2026-02-02,celio,jeans homme,5.3,8,364,final
2026-02-03,celio,jeans homme,9.5,7,284,final
2026-02-04,celio,jeans homme,10.7,2,143,final
2026-02-05,celio,jeans homme,9.3,4,150,final
2026-02-06,celio,jeans homme,11.0,1,141,final
2026-02-07,celio,jeans homme,5.1,6,233,final
2026-02-08,celio,jeans homme,6.8,9,344,final
2026-02-09,celio,jeans homme,5.3,13,312,final
2026-02-10,celio,jeans homme,8.2,1,136,final
2026-02-11,celio,jeans homme,8.6,1,121,final
2026-02-12,celio,jeans homme,10.4,1,128,final
2026-02-13,celio,jeans homme,9.8,0,126,final
2026-02-14,celio,jeans homme,7.0,2,176,final
2026-02-15,celio,jeans homme,6.1,5,319,final
2026-02-16,celio,jeans homme,5.6,3,236,final
2026-02-17,celio,jeans homme,7.9,1,175,final
2026-02-18,celio,jeans homme,8.0,7,143,final
2026-02-19,celio,jeans homme,5.2,8,236,final
2026-02-20,celio,jeans homme,6.0,8,249,final
2026-02-21,celio,jeans homme,9.8,5,138,final
2026-02-22,celio,jeans homme,5.7,12,267,final
2026-02-23,celio,jeans homme,7.2,5,261,final
2026-02-24,celio,jeans homme,5.2,6,240,final
2026-02-25,celio,jeans homme,5.2,7,257,final
2026-02-26,celio,jeans homme,5.7,6,263,final
2026-02-27,celio,jeans homme,8.4,10,260,final
2026-02-28,celio,jeans homme,6.0,4,308,final
2026-03-01,celio,jeans homme,6.6,3,294,final
2026-03-02,celio,jeans homme,7,5,207,final
2026-03-03,celio,jeans homme,4.8,3,319,final
2026-03-04,celio,jeans homme,5.1,9,248,final
2026-03-05,celio,jeans homme,7.2,4,248,final
2026-03-06,celio,jeans homme,5.3,3,294,final
2026-03-07,celio,jeans homme,3.5,13,381,final
2026-03-08,celio,jeans homme,5.4,14,303,final
2026-03-09,celio,jeans homme,5.1,4,292,final
2026-03-10,celio,jeans homme,7.3,5,230,final
2026-03-11,celio,jeans homme,6.6,8,232,final
2026-03-12,celio,jeans homme,7.8,4,251,final
2026-03-13,celio,jeans homme,8.1,3,213,final
2026-03-14,celio,jeans homme,4.8,7,394,final
2026-03-15,celio,jeans homme,4.4,8,385,final
2026-03-16,celio,jeans homme,5.2,4,335,final
2026-03-17,celio,jeans homme,4.4,6,335,final
2026-03-18,celio,jeans homme,4.0,3,333,final
2026-03-19,celio,jeans homme,4.8,6,339,final
2026-03-20,celio,jeans homme,4.9,5,290,final
2026-03-21,celio,jeans homme,6.5,10,350,final
2026-03-22,celio,jeans homme,5.2,6,401,final
2026-03-23,celio,jeans homme,5.8,3,283,final
2026-03-24,celio,jeans homme,7.2,7,303,final
2026-03-25,celio,jeans homme,4.3,6,319,final
2026-03-26,celio,jeans homme,4.8,9,314,final
2026-03-27,celio,jeans homme,7.0,4,231,final
2026-03-28,celio,jeans homme,6.5,2,242,final
2026-03-29,celio,jeans homme,8.8,3,176,final
2026-03-30,celio,jeans homme,15.6,3,147,final
2026-03-31,celio,jeans homme,16.2,3,140,final
2026-04-01,celio,jeans homme,7.8,2,245,final
2026-04-02,celio,jeans homme,6.4,5,286,final
2026-04-03,celio,jeans homme,6.1,3,198,final
2026-04-04,celio,jeans homme,5.6,6,231,final
2026-04-05,celio,jeans homme,5.6,3,275,final
2026-04-06,celio,jeans homme,7.5,3,200,final
2026-04-07,celio,jeans homme,8.1,6,166,final
2026-04-08,celio,jeans homme,6.9,3,201,final
2026-04-09,celio,jeans homme,5.5,4,205,final
2026-04-10,celio,jeans homme,7.7,0,157,final
2026-04-11,celio,jeans homme,7.8,2,147,final
2026-04-12,celio,jeans homme,7.2,0,181,final
2026-04-13,celio,jeans homme,7.1,3,162,final
2026-04-14,celio,jeans homme,9.1,2,139,final
2026-04-15,celio,jeans homme,9.0,0,197,final
2026-04-16,celio,jeans homme,10.3,5,183,final
2026-04-17,celio,jeans homme,10.3,2,123,final
2026-04-18,celio,jeans homme,9.5,0,235,final
2026-04-19,celio,jeans homme,8.4,3,227,final
2026-04-20,celio,jeans homme,7.9,0,253,final
2026-04-21,celio,jeans homme,7.1,4,212,final
2026-04-22,celio,jeans homme,7.7,2,179,final
2026-04-23,celio,jeans homme,9.7,2,150,final
2026-04-24,celio,jeans homme,10.6,0,127,final
2026-04-25,celio,jeans homme,8.6,1,118,final
2026-04-26,celio,jeans homme,8.4,3,135,final
2026-04-27,celio,jeans homme,9.2,0,120,final
2026-04-28,celio,jeans homme,7.6,3,164,final
2026-04-29,celio,jeans homme,6.8,4,271,final
2026-04-30,celio,jeans homme,7.6,3,220,final
2026-05-01,celio,jeans homme,8.1,4,279,final
2026-05-02,celio,jeans homme,8.6,2,164,final
2026-05-03,celio,jeans homme,8.6,7,297,final
2026-05-04,celio,jeans homme,9.7,7,230,final
2026-05-05,celio,jeans homme,8.2,3,298,final
2026-05-06,celio,jeans homme,8.4,2,217,final
2026-05-07,celio,jeans homme,9.8,1,220,final
2026-05-08,celio,jeans homme,5.0,2,302,final
2026-05-09,celio,jeans homme,4.5,2,284,final
2026-05-10,celio,jeans homme,4.3,9,349,final
2026-05-11,celio,jeans homme,4.5,10,306,final
2026-05-12,celio,jeans homme,3.7,6,274,final
2026-05-13,celio,jeans homme,4.7,7,298,final
2026-05-14,celio,jeans homme,6.5,7,321,final
2026-05-15,celio,jeans homme,5.6,1,315,final
2026-05-16,celio,jeans homme,6.1,4,278,final
2026-05-17,celio,jeans homme,5.1,8,288,final
2026-05-18,celio,jeans homme,5.2,5,299,final
2026-05-19,celio,jeans homme,5.4,6,300,final
2026-05-20,celio,jeans homme,5.8,3,267,final
2026-05-21,celio,jeans homme,8.8,1,210,final
2026-05-22,celio,jeans homme,6.9,3,204,final
2026-05-23,celio,jeans homme,5.5,3,205,final
2026-05-24,celio,jeans homme,5.4,1,182,final
2026-05-25,celio,jeans homme,7.4,4,207,final
2026-05-26,celio,jeans homme,5.7,2,178,final
2026-05-27,celio,jeans homme,6.8,3,140,final
2026-05-28,celio,jeans homme,6.9,3,181,final
2026-05-29,celio,jeans homme,4.8,2,163,final
2026-05-30,celio,jeans homme,2.8,6,161,final
2026-05-31,celio,jeans homme,4.0,3,191,final
2026-06-01,celio,jeans homme,5.2,4,206,final
2026-06-02,celio,jeans homme,4.5,5,204,final
2026-06-03,celio,jeans homme,4.9,2,199,final
2026-06-04,celio,jeans homme,4.9,4,223,final
2026-06-05,celio,jeans homme,5.8,2,185,final
2026-06-06,celio,jeans homme,6.1,4,239,final
2026-06-07,celio,jeans homme,6.7,1,221,final
2026-06-08,celio,jeans homme,5.3,7,242,final
2026-06-09,celio,jeans homme,3.4,5,211,final
2026-06-10,celio,jeans homme,3.9,6,258,final
2026-06-11,celio,jeans homme,4.1,4,252,final
2026-06-12,celio,jeans homme,5.4,4,262,final
2026-06-13,celio,jeans homme,4.7,4,223,final
2026-06-14,celio,jeans homme,4.2,4,218,final
2026-06-15,celio,jeans homme,3.4,8,202,final
2026-06-16,celio,jeans homme,3.2,5,199,final
2026-06-17,celio,jeans homme,4.3,7,182,final
2026-06-18,celio,jeans homme,5.7,0,151,final
2026-06-19,celio,jeans homme,7.4,4,127,final
2026-06-20,celio,jeans homme,7.3,0,126,final
2026-06-21,celio,jeans homme,6.9,4,130,final
2026-06-22,celio,jeans homme,6.4,2,137,final
2026-06-23,celio,jeans homme,6.4,1,138,final
2026-06-24,celio,jeans homme,3.0,5,220,final
2026-06-25,celio,jeans homme,2.8,3,195,final
2026-06-26,celio,jeans homme,5.4,3,153,final
2026-06-27,celio,jeans homme,6.1,1,162,final
2026-06-28,celio,jeans homme,5.7,1,140,final
2026-06-29,celio,jeans homme,5.1,4,185,final
2026-06-30,celio,jeans homme,5.4,4,152,final
2026-07-01,celio,jeans homme,8.1,3,152,final
2026-07-02,celio,jeans homme,5.0,6,208,final
2026-07-03,celio,jeans homme,7.1,0,180,final
2026-07-04,celio,jeans homme,6.8,5,173,final
2026-07-05,celio,jeans homme,6.4,3,202,final
2026-07-06,celio,jeans homme,5.5,0,173,final
2026-07-07,celio,jeans homme,4.7,4,160,final
2026-07-08,celio,jeans homme,4.8,3,169,final
2026-07-09,celio,jeans homme,6.2,2,151,final
2026-07-10,celio,jeans homme,9.3,0,121,final
2026-07-11,celio,jeans homme,10.2,0,98,final
2026-07-12,celio,jeans homme,11.9,0,97,final
2026-07-13,celio,jeans homme,11.9,0,90,final
2026-07-14,celio,jeans homme,10.6,1,95,final
2026-07-15,celio,jeans homme,9.7,0,84,final
2026-07-16,celio,jeans homme,9.2,0,116,final
2026-07-17,celio,jeans homme,8.7,0,88,final
2026-07-18,celio,jeans homme,8.4,0,117,final
2026-07-19,celio,jeans homme,8.0,3,139,final
2026-07-20,celio,jeans homme,7.1,1,113,final
2026-07-21,celio,jeans homme,8.8,2,109,final
2026-07-22,celio,jeans homme,6.7,0,108,final
2026-07-23,celio,jeans homme,7.6,2,127,final
2026-07-24,celio,jeans homme,7.2,0,125,final
2026-07-25,celio,jeans homme,8.8,2,145,final
2026-07-26,celio,jeans homme,6.8,5,138,final
2026-07-27,celio,jeans homme,9.8,0,108,final
2026-07-28,celio,jeans homme,7.8,2,138,final
2026-07-29,celio,jeans homme,8.0,2,98,final
2026-07-30,celio,jeans homme,8.7,0,118,final
2026-07-31,celio,jeans homme,9.0,1,176,final
2026-08-01,celio,jeans homme,9.2,7,202,final
2026-08-02,celio,jeans homme,7.1,1,186,final
2026-08-03,celio,jeans homme,5.4,4,167,final
2026-08-04,celio,jeans homme,4.7,6,207,final
2026-08-05,celio,jeans homme,4.6,6,196,final
2026-08-06,celio,jeans homme,4.4,8,205,final
2026-08-07,celio,jeans homme,5.7,3,188,final
2026-08-08,celio,jeans homme,7.0,3,220,final
2026-08-09,celio,jeans homme,6.2,8,221,final
2026-08-10,celio,jeans homme,6.5,7,189,final
2026-08-11,celio,jeans homme,7.0,2,179,final
2026-08-12,celio,jeans homme,10.1,2,133,final
2026-08-13,celio,jeans homme,8.5,2,137,final
2026-08-14,celio,jeans homme,8.9,1,147,final
2026-08-15,celio,jeans homme,8.8,0,176,final
2026-08-16,celio,jeans homme,8.8,5,191,final
2026-08-17,celio,jeans homme,8.3,1,171,final
2026-08-18,celio,jeans homme,7.6,4,230,final
2026-08-19,celio,jeans homme,4.1,14,306,final
2026-08-20,celio,jeans homme,4.2,9,296,final
2026-08-21,celio,jeans homme,4.8,10,292,final
2026-08-22,celio,jeans homme,6.5,3,222,final
2026-08-23,celio,jeans homme,7.3,4,275,final
2026-08-24,celio,jeans homme,7.1,6,288,final
2026-08-25,celio,jeans homme,6.4,6,299,final
2026-08-26,celio,jeans homme,7.1,7,292,final
2026-08-27,celio,jeans homme,6.2,8,293,final
2026-08-28,celio,jeans homme,5.7,3,297,final
2026-08-29,celio,jeans homme,6.3,6,354,final
2026-08-30,celio,jeans homme,7.5,4,337,final
2026-08-31,celio,jeans homme,8.1,7,354,final
2026-09-01,celio,jeans homme,7.6,5,291,final
2026-09-02,celio,jeans homme,7.2,3,313,final
2026-09-03,celio,jeans homme,6.6,6,305,final
2026-09-04,celio,jeans homme,7.2,3,279,final
2026-09-05,celio,jeans homme,7.2,5,304,final
2026-09-06,celio,jeans homme,7.1,0,310,final
2026-09-07,celio,jeans homme,6.4,1,273,final
2026-09-08,celio,jeans homme,7.2,4,297,final
2026-09-09,celio,jeans homme,6.0,4,289,final
2026-09-10,celio,jeans homme,4.9,5,321,final
2026-09-11,celio,jeans homme,5.4,3,315,final
2026-09-12,celio,jeans homme,5.0,2,359,final
2026-09-13,celio,jeans homme,4.8,8,403,final
2026-09-14,celio,jeans homme,5.2,2,334,final
2026-09-15,celio,jeans homme,4.8,8,258,final
2026-09-16,celio,jeans homme,4.6,4,335,final
2026-09-17,celio,jeans homme,4.3,4,284,final
2026-09-18,celio,jeans homme,4.3,6,278,final
2026-09-19,celio,jeans homme,3.9,9,347,final
2026-09-20,celio,jeans homme,4.0,10,389,final
2026-09-21,celio,jeans homme,4.6,8,353,final
2026-09-22,celio,jeans homme,5.4,6,325,final
2026-09-23,celio,jeans homme,5.6,5,228,final
2026-09-24,celio,jeans homme,5.3,4,240,final
2026-09-25,celio,jeans homme,5.8,7,248,final
2026-09-26,celio,jeans homme,5.7,4,285,final
2026-09-27,celio,jeans homme,5.6,7,356,final
2026-09-28,celio,jeans homme,5.4,4,312,final
2026-09-29,celio,jeans homme,5.4,4,205,fresh
2026-09-30,celio,jeans homme,5.3,7,328,fresh
2025-06-08,celio,manteau homme,7.8,2,235,final
2025-06-09,celio,manteau homme,7.1,2,193,final
2025-06-10,celio,manteau homme,7.8,2,191,final
2025-06-11,celio,manteau homme,7.3,0,182,final
2025-06-12,celio,manteau homme,7.0,2,189,final
2025-06-13,celio,manteau homme,6.0,1,156,final
2025-06-14,celio,manteau homme,5.9,4,175,final
2025-06-15,celio,manteau homme,7.2,1,190,final
2025-06-16,celio,manteau homme,7.5,0,159,final
2025-06-17,celio,manteau homme,9.4,1,169,final
2025-06-18,celio,manteau homme,7.7,0,152,final
2025-06-19,celio,manteau homme,7.6,1,159,final
2025-06-20,celio,manteau homme,6.6,0,148,final
2025-06-21,celio,manteau homme,6.6,2,170,final
2025-06-22,celio,manteau homme,6.5,4,190,final
2025-06-23,celio,manteau homme,6.7,0,137,final
2025-06-24,celio,manteau homme,9.0,2,169,final
2025-06-25,celio,manteau homme,6.2,2,235,final
2025-06-26,celio,manteau homme,5.8,4,193,final
2025-06-27,celio,manteau homme,5.3,3,182,final
2025-06-28,celio,manteau homme,5.7,1,184,final
2025-06-29,celio,manteau homme,6.8,3,219,final
2025-06-30,celio,manteau homme,6.1,1,213,final
2025-07-01,celio,manteau homme,8.4,1,178,final
2025-07-02,celio,manteau homme,9.3,0,212,final
2025-07-03,celio,manteau homme,9.6,0,194,final
2025-07-04,celio,manteau homme,10.4,0,184,final
2025-07-05,celio,manteau homme,9.0,3,216,final
2025-07-06,celio,manteau homme,9.7,4,250,final
2025-07-07,celio,manteau homme,10.1,2,254,final
2025-07-08,celio,manteau homme,9.1,2,255,final
2025-07-09,celio,manteau homme,9.2,1,237,final
2025-07-10,celio,manteau homme,9.5,3,235,final
2025-07-11,celio,manteau homme,8.1,1,192,final
2025-07-12,celio,manteau homme,8.1,3,186,final
2025-07-13,celio,manteau homme,8.0,1,183,final
2025-07-14,celio,manteau homme,7.3,1,238,final
2025-07-15,celio,manteau homme,6.6,6,238,final
2025-07-16,celio,manteau homme,7.8,0,215,final
2025-07-17,celio,manteau homme,7.6,1,219,final
2025-07-18,celio,manteau homme,9.0,1,172,final
2025-07-19,celio,manteau homme,7.4,4,207,final
2025-07-20,celio,manteau homme,8.5,3,234,final
2025-07-21,celio,manteau homme,9.1,2,207,final
2025-07-22,celio,manteau homme,12.9,1,143,final
2025-07-23,celio,manteau homme,13.6,1,105,final
2025-07-24,celio,manteau homme,11.3,1,129,final
2025-07-25,celio,manteau homme,8.5,3,167,final
2025-07-26,celio,manteau homme,7.6,0,180,final
2025-07-27,celio,manteau homme,8.4,2,227,final
2025-07-28,celio,manteau homme,8.8,5,181,final
2025-07-29,celio,manteau homme,7.7,3,235,final
2025-07-30,celio,manteau homme,9.0,0,219,final
2025-07-31,celio,manteau homme,6.6,3,274,final
2025-08-01,celio,manteau homme,5.3,4,241,final
2025-08-02,celio,manteau homme,5.2,5,242,final
2025-08-03,celio,manteau homme,8.0,6,292,final
2025-08-04,celio,manteau homme,6.1,9,232,final
2025-08-05,celio,manteau homme,6.1,7,237,final
2025-08-06,celio,manteau homme,6.3,6,239,final
2025-08-07,celio,manteau homme,5.9,5,240,final
2025-08-08,celio,manteau homme,6.7,2,260,final
2025-08-09,celio,manteau homme,5.5,5,278,final
2025-08-10,celio,manteau homme,7.0,3,267,final
2025-08-11,celio,manteau homme,5.9,7,247,final
2025-08-12,celio,manteau homme,8.2,2,205,final
2025-08-13,celio,manteau homme,8.3,5,236,final
2025-08-14,celio,manteau homme,9.0,3,213,final
2025-08-15,celio,manteau homme,8.9,1,166,final
2025-08-16,celio,manteau homme,7.4,1,265,final
2025-08-17,celio,manteau homme,7.8,6,292,final
2025-08-18,celio,manteau homme,7.1,6,312,final
2025-08-19,celio,manteau homme,6.9,7,380,final
2025-08-20,celio,manteau homme,5.1,19,426,final
2025-08-21,celio,manteau homme,5.9,10,417,final
2025-08-22,celio,manteau homme,5.3,7,369,final
2025-08-23,celio,manteau homme,3.8,5,396,final
2025-08-24,celio,manteau homme,5.5,8,418,final
2025-08-25,celio,manteau homme,4.5,11,385,final
2025-08-26,celio,manteau homme,3.6,8,409,final
2025-08-27,celio,manteau homme,3.1,11,474,final
2025-08-28,celio,manteau homme,2.9,14,502,final
2025-08-29,celio,manteau homme,2.7,20,677,final
2025-08-30,celio,manteau homme,2.4,20,651,final
2025-08-31,celio,manteau homme,3.0,32,853,final
2025-09-01,celio,manteau homme,3.0,35,756,final
2025-09-02,celio,manteau homme,2.4,24,903,final
2025-09-03,celio,manteau homme,2.5,25,822,final
2025-09-04,celio,manteau homme,2.5,30,752,final
2025-09-05,celio,manteau homme,3.6,21,614,final
2025-09-06,celio,manteau homme,3.9,22,561,final
2025-09-07,celio,manteau homme,5.9,16,586,final
2025-09-08,celio,manteau homme,6.4,15,449,final
2025-09-09,celio,manteau homme,5.3,14,493,final
2025-09-10,celio,manteau homme,4.9,14,737,final
2025-09-11,celio,manteau homme,4.7,19,769,final
2025-09-12,celio,manteau homme,4.3,22,735,final
2025-09-13,celio,manteau homme,4.1,23,992,final
2025-09-14,celio,manteau homme,3.9,35,1252,final
2025-09-15,celio,manteau homme,3.6,20,878,final
2025-09-16,celio,manteau homme,3.8,22,839,final
2025-09-17,celio,manteau homme,4.0,21,756,final
2025-09-18,celio,manteau homme,3.4,26,677,final
2025-09-19,celio,manteau homme,3.7,12,545,final
2025-09-20,celio,manteau homme,2.7,12,814,final
2025-09-21,celio,manteau homme,3.1,31,1219,final
2025-09-22,celio,manteau homme,3.0,36,1266,final
2025-09-23,celio,manteau homme,3.1,57,1831,final
2025-09-24,celio,manteau homme,2.3,108,2249,final
2025-09-25,celio,manteau homme,2.1,73,2130,final
2025-09-26,celio,manteau homme,2.4,89,1995,final
2025-09-27,celio,manteau homme,2.6,100,2209,final
2025-09-28,celio,manteau homme,2.8,83,1973,final
2025-09-29,celio,manteau homme,2.7,58,1435,final
2025-09-30,celio,manteau homme,4.0,37,1280,final
2025-10-01,celio,manteau homme,3.6,45,1355,final
2025-10-02,celio,manteau homme,3.6,45,1255,final
2025-10-03,celio,manteau homme,4.0,56,1520,final
2025-10-04,celio,manteau homme,5.1,52,1757,final
2025-10-05,celio,manteau homme,5.2,68,1980,final
2025-10-06,celio,manteau homme,7.1,37,1440,final
2025-10-07,celio,manteau homme,6.2,40,1242,final
2025-10-08,celio,manteau homme,2.3,74,1515,final
2025-10-09,celio,manteau homme,2.0,50,1289,final
2025-10-10,celio,manteau homme,2.0,54,1299,final
2025-10-11,celio,manteau homme,1.8,73,1609,final
2025-10-12,celio,manteau homme,1.8,62,1656,final
2025-10-13,celio,manteau homme,2.0,54,1403,final
2025-10-14,celio,manteau homme,1.9,53,1349,final
2025-10-15,celio,manteau homme,2.0,57,1336,final
2025-10-16,celio,manteau homme,2.0,52,1258,final
2025-10-17,celio,manteau homme,1.7,43,1265,final
2025-10-18,celio,manteau homme,1.7,62,1572,final
2025-10-19,celio,manteau homme,1.7,103,1952,final
2025-10-20,celio,manteau homme,1.8,53,1646,final
2025-10-21,celio,manteau homme,1.7,48,1399,final
2025-10-22,celio,manteau homme,2.1,44,1397,final
2025-10-23,celio,manteau homme,1.7,94,1774,final
2025-10-24,celio,manteau homme,1.8,69,1680,final
2025-10-25,celio,manteau homme,1.9,84,2024,final
2025-10-26,celio,manteau homme,1.8,99,2457,final
2025-10-27,celio,manteau homme,1.9,103,1999,final
2025-10-28,celio,manteau homme,1.9,82,1694,final
2025-10-29,celio,manteau homme,1.8,98,1756,final
2025-10-30,celio,manteau homme,1.7,91,1654,final
2025-10-31,celio,manteau homme,1.8,98,1563,final
2025-11-01,celio,manteau homme,1.8,109,2091,final
2025-11-02,celio,manteau homme,1.9,106,2459,final
2025-11-03,celio,manteau homme,1.8,103,2013,final
2025-11-04,celio,manteau homme,1.9,86,1838,final
2025-11-05,celio,manteau homme,1.9,93,1745,final
2025-11-06,celio,manteau homme,1.6,85,1702,final
2025-11-07,celio,manteau homme,1.7,71,1765,final
2025-11-08,celio,manteau homme,1.7,97,2162,final
2025-11-09,celio,manteau homme,1.6,143,2512,final
2025-11-10,celio,manteau homme,1.7,111,2334,final
2025-11-11,celio,manteau homme,1.8,148,2696,final
2025-11-12,celio,manteau homme,1.7,88,1979,final
2025-11-13,celio,manteau homme,1.6,101,1725,final
2025-11-14,celio,manteau homme,1.7,88,1758,final
2025-11-15,celio,manteau homme,1.8,91,2229,final
2025-11-16,celio,manteau homme,1.7,144,3062,final
2025-11-17,celio,manteau homme,1.6,167,3396,final
2025-11-18,celio,manteau homme,1.6,175,3605,final
2025-11-19,celio,manteau homme,1.6,164,3881,final
2025-11-20,celio,manteau homme,1.6,163,4006,final
2025-11-21,celio,manteau homme,1.7,219,4300,final
2025-11-22,celio,manteau homme,1.6,246,5392,final
2025-11-23,celio,manteau homme,1.7,261,5584,final
2025-11-24,celio,manteau homme,1.7,193,3920,final
2025-11-25,celio,manteau homme,1.8,150,3536,final
2025-11-26,celio,manteau homme,2.0,166,3737,final
2025-11-27,celio,manteau homme,2.3,186,4145,final
2025-11-28,celio,manteau homme,1.9,201,4809,final
2025-11-29,celio,manteau homme,1.9,211,4930,final
2025-11-30,celio,manteau homme,1.8,235,5329,final
2025-12-01,celio,manteau homme,1.8,174,4218,final
2025-12-02,celio,manteau homme,1.9,175,3417,final
2025-12-03,celio,manteau homme,1.9,177,3280,final
2025-12-04,celio,manteau homme,1.8,172,3180,final
2025-12-05,celio,manteau homme,1.9,183,3162,final
2025-12-06,celio,manteau homme,2.0,183,3405,final
2025-12-07,celio,manteau homme,1.9,198,3810,final
2025-12-08,celio,manteau homme,1.9,188,2920,final
2025-12-09,celio,manteau homme,1.8,152,2489,final
2025-12-10,celio,manteau homme,1.9,135,2345,final
2025-12-11,celio,manteau homme,2.0,130,2332,final
2025-12-12,celio,manteau homme,2.0,125,2086,final
2025-12-13,celio,manteau homme,2.1,147,2616,final
2025-12-14,celio,manteau homme,2.0,138,2900,final
2025-12-15,celio,manteau homme,2.3,117,2423,final
2025-12-16,celio,manteau homme,2.4,145,2210,final
2025-12-17,celio,manteau homme,2.5,115,2045,final
2025-12-18,celio,manteau homme,2.2,90,1818,final
2025-12-19,celio,manteau homme,2.4,115,1737,final
2025-12-20,celio,manteau homme,2.3,106,2006,final
2025-12-21,celio,manteau homme,2.1,109,1997,final
2025-12-22,celio,manteau homme,2.0,87,1879,final
2025-12-23,celio,manteau homme,2.2,87,1709,final
2025-12-24,celio,manteau homme,2.0,62,1430,final
2025-12-25,celio,manteau homme,2.1,106,1923,final
2025-12-26,celio,manteau homme,2.9,117,2086,final
2025-12-27,celio,manteau homme,2.4,98,1954,final
2025-12-28,celio,manteau homme,2.3,98,1787,final
2025-12-29,celio,manteau homme,2.1,85,1862,final
2025-12-30,celio,manteau homme,2.1,104,1651,final
2025-12-31,celio,manteau homme,2.3,74,1199,final
2026-01-01,celio,manteau homme,2.0,75,1537,final
2026-01-02,celio,manteau homme,1.9,94,1788,final
2026-01-03,celio,manteau homme,2.0,91,1886,final
2026-01-04,celio,manteau homme,2.0,94,1852,final
2026-01-05,celio,manteau homme,1.8,87,1986,final
2026-01-06,celio,manteau homme,1.8,100,1914,final
2026-01-07,celio,manteau homme,1.8,165,2977,final
2026-01-08,celio,manteau homme,1.9,103,1934,final
2026-01-09,celio,manteau homme,2.2,68,1778,final
2026-01-10,celio,manteau homme,2.1,93,2120,final
2026-01-11,celio,manteau homme,2.3,100,2044,final
2026-01-12,celio,manteau homme,2.3,71,1557,final
2026-01-13,celio,manteau homme,2.7,50,1300,final
2026-01-14,celio,manteau homme,2.5,53,1220,final
2026-01-15,celio,manteau homme,2.3,61,1110,final
2026-01-16,celio,manteau homme,2.8,60,1130,final
2026-01-17,celio,manteau homme,2.5,78,1485,final
2026-01-18,celio,manteau homme,4.7,71,1345,final
2026-01-19,celio,manteau homme,2.7,55,1013,final
2026-01-20,celio,manteau homme,2.8,51,985,final
2026-01-21,celio,manteau homme,2.8,43,1027,final
2026-01-22,celio,manteau homme,3.5,44,1017,final
2026-01-23,celio,manteau homme,2.6,56,1050,final
2026-01-24,celio,manteau homme,2.5,68,1224,final
2026-01-25,celio,manteau homme,4.3,63,1253,final
2026-01-26,celio,manteau homme,2.7,57,1022,final
2026-01-27,celio,manteau homme,2.7,53,1021,final
2026-01-28,celio,manteau homme,2.2,41,938,final
2026-01-29,celio,manteau homme,2.2,41,961,final
2026-01-30,celio,manteau homme,2.3,35,1005,final
2026-01-31,celio,manteau homme,2.5,44,1292,final
2026-02-01,celio,manteau homme,2.8,53,1234,final
2026-02-02,celio,manteau homme,2.1,46,1040,final
2026-02-03,celio,manteau homme,1.9,39,922,final
2026-02-04,celio,manteau homme,2.2,56,835,final
2026-02-05,celio,manteau homme,2.3,39,869,final
2026-02-06,celio,manteau homme,2.6,32,777,final
2026-02-07,celio,manteau homme,2.2,39,834,final
2026-02-08,celio,manteau homme,3.3,41,791,final
2026-02-09,celio,manteau homme,2.9,40,769,final
2026-02-10,celio,manteau homme,2.6,31,734,final
2026-02-11,celio,manteau homme,2.4,27,732,final
2026-02-12,celio,manteau homme,2.7,23,643,final
2026-02-13,celio,manteau homme,2.7,24,683,final
2026-02-14,celio,manteau homme,2.7,40,780,final
2026-02-15,celio,manteau homme,2.9,40,873,final
2026-02-16,celio,manteau homme,2.6,22,624,final
2026-02-17,celio,manteau homme,3.3,26,575,final
2026-02-18,celio,manteau homme,3.5,29,574,final
2026-02-19,celio,manteau homme,2.8,18,543,final
2026-02-20,celio,manteau homme,2.2,19,551,final
2026-02-21,celio,manteau homme,2.8,31,602,final
2026-02-22,celio,manteau homme,2.8,27,661,final
2026-02-23,celio,manteau homme,3.0,15,464,final
2026-02-24,celio,manteau homme,2.6,20,410,final
2026-02-25,celio,manteau homme,3.2,17,361,final
2026-02-26,celio,manteau homme,3.0,9,333,final
2026-02-27,celio,manteau homme,3.1,15,412,final
2026-02-28,celio,manteau homme,2.7,19,435,final
2026-03-01,celio,manteau homme,3.8,25,413,final
2026-03-02,celio,manteau homme,3.0,9,367,final
2026-03-03,celio,manteau homme,3.0,13,336,final
2026-03-04,celio,manteau homme,2.7,17,293,final
2026-03-05,celio,manteau homme,2.5,8,307,final
2026-03-06,celio,manteau homme,2.9,6,305,final
2026-03-07,celio,manteau homme,3.3,8,340,final
2026-03-08,celio,manteau homme,4.1,4,282,final
2026-03-09,celio,manteau homme,4.5,5,262,final
2026-03-10,celio,manteau homme,4.6,2,264,final
2026-03-11,celio,manteau homme,2.6,15,377,final
2026-03-12,celio,manteau homme,3.4,10,305,final
2026-03-13,celio,manteau homme,3.6,7,358,final
2026-03-14,celio,manteau homme,4.3,14,418,final
2026-03-15,celio,manteau homme,3.6,9,381,final
2026-03-16,celio,manteau homme,4.0,9,339,final
2026-03-17,celio,manteau homme,3.0,14,288,final
2026-03-18,celio,manteau homme,2.3,11,291,final
2026-03-19,celio,manteau homme,2.1,9,242,final
2026-03-20,celio,manteau homme,2.5,6,226,final
2026-03-21,celio,manteau homme,2.4,4,307,final
2026-03-22,celio,manteau homme,3.2,8,353,final
2026-03-23,celio,manteau homme,2.0,5,265,final
2026-03-24,celio,manteau homme,2.8,8,266,final
2026-03-25,celio,manteau homme,2.8,8,292,final
2026-03-26,celio,manteau homme,2.5,7,316,final
2026-03-27,celio,manteau homme,2.3,15,326,final
2026-03-28,celio,manteau homme,2.0,18,431,final
2026-03-29,celio,manteau homme,2.2,11,377,final
2026-03-30,celio,manteau homme,3.1,10,424,final
2026-03-31,celio,manteau homme,2.8,14,343,final
2026-04-01,celio,manteau homme,2.5,18,316,final
2026-04-02,celio,manteau homme,2.5,8,302,final
2026-04-03,celio,manteau homme,2.9,9,268,final
2026-04-04,celio,manteau homme,3.5,6,288,final
2026-04-05,celio,manteau homme,4.1,5,288,final
2026-04-06,celio,manteau homme,5.0,4,255,final
2026-04-07,celio,manteau homme,3.5,4,199,final
2026-04-08,celio,manteau homme,3.0,3,178,final
2026-04-09,celio,manteau homme,2.1,7,164,final
2026-04-10,celio,manteau homme,2.1,3,178,final
2026-04-11,celio,manteau homme,2.7,7,272,final
2026-04-12,celio,manteau homme,2.7,8,259,final
2026-04-13,celio,manteau homme,3.1,5,266,final
2026-04-14,celio,manteau homme,3.6,6,215,final
2026-04-15,celio,manteau homme,3.1,7,237,final
2026-04-16,celio,manteau homme,3.3,1,193,final
2026-04-17,celio,manteau homme,3.5,3,157,final
2026-04-18,celio,manteau homme,2.7,6,192,final
2026-04-19,celio,manteau homme,3.2,6,181,final
2026-04-20,celio,manteau homme,2.4,3,170,final
2026-04-21,celio,manteau homme,3.8,2,208,final
2026-04-22,celio,manteau homme,3.7,3,154,final
2026-04-23,celio,manteau homme,3.8,0,145,final
2026-04-24,celio,manteau homme,4.9,1,134,final
2026-04-25,celio,manteau homme,4.0,0,164,final
2026-04-26,celio,manteau homme,4.2,5,148,final
2026-04-27,celio,manteau homme,5.4,8,159,final
2026-04-28,celio,manteau homme,4.8,3,188,final
2026-04-29,celio,manteau homme,4.8,1,131,final
2026-04-30,celio,manteau homme,4.2,0,144,final
2026-05-01,celio,manteau homme,3.1,2,113,final
2026-05-02,celio,manteau homme,4.0,5,162,final
2026-05-03,celio,manteau homme,5.2,2,166,final
2026-05-04,celio,manteau homme,5.9,6,130,final
2026-05-05,celio,manteau homme,5.4,1,166,final
2026-05-06,celio,manteau homme,5.2,4,162,final
2026-05-07,celio,manteau homme,6.0,3,133,final
2026-05-08,celio,manteau homme,6.2,2,175,final
2026-05-09,celio,manteau homme,6.3,5,163,final
2026-05-10,celio,manteau homme,4.6,4,213,final
2026-05-11,celio,manteau homme,5.3,2,178,final
2026-05-12,celio,manteau homme,3.4,2,182,final
2026-05-13,celio,manteau homme,3.7,2,189,final
2026-05-14,celio,manteau homme,4.3,7,220,final
2026-05-15,celio,manteau homme,4.3,6,195,final
2026-05-16,celio,manteau homme,4.0,6,195,final
2026-05-17,celio,manteau homme,4.3,3,177,final
2026-05-18,celio,manteau homme,4.2,9,199,final
2026-05-19,celio,manteau homme,5.1,4,204,final
2026-05-20,celio,manteau homme,5.4,1,169,final
2026-05-21,celio,manteau homme,5.0,1,125,final
2026-05-22,celio,manteau homme,4.2,4,113,final
2026-05-23,celio,manteau homme,3.6,0,118,final
2026-05-24,celio,manteau homme,4.6,0,118,final
2026-05-25,celio,manteau homme,3.5,0,91,final
2026-05-26,celio,manteau homme,5.9,2,103,final
2026-05-27,celio,manteau homme,5.4,0,76,final
2026-05-28,celio,manteau homme,5.7,0,107,final
2026-05-29,celio,manteau homme,4.3,0,107,final
2026-05-30,celio,manteau homme,4.7,2,111,final
2026-05-31,celio,manteau homme,4.0,0,122,final
2026-06-01,celio,manteau homme,5.0,1,125,final
2026-06-02,celio,manteau homme,3.3,1,142,final
2026-06-03,celio,manteau homme,3.0,1,142,final
2026-06-04,celio,manteau homme,3.1,3,161,final
2026-06-05,celio,manteau homme,2.0,2,137,final
2026-06-06,celio,manteau homme,2.8,2,155,final
2026-06-07,celio,manteau homme,2.5,3,169,final
2026-06-08,celio,manteau homme,2.8,0,136,final
2026-06-09,celio,manteau homme,3.3,0,131,final
2026-06-10,celio,manteau homme,3.6,3,156,final
2026-06-11,celio,manteau homme,3.9,4,132,final
2026-06-12,celio,manteau homme,4.3,3,141,final
2026-06-13,celio,manteau homme,3.9,0,143,final
2026-06-14,celio,manteau homme,3.5,3,130,final
2026-06-15,celio,manteau homme,3.4,1,124,final
2026-06-16,celio,manteau homme,4.2,0,121,final
2026-06-17,celio,manteau homme,3.1,1,125,final
2026-06-18,celio,manteau homme,3.8,1,122,final
2026-06-19,celio,manteau homme,3.9,1,134,final
2026-06-20,celio,manteau homme,3.9,3,119,final
2026-06-21,celio,manteau homme,3.9,1,115,final
2026-06-22,celio,manteau homme,4.4,0,126,final
2026-06-23,celio,manteau homme,3.9,0,109,final
2026-06-24,celio,manteau homme,5.3,3,138,final
2026-06-25,celio,manteau homme,4.5,0,118,final
2026-06-26,celio,manteau homme,4.4,0,124,final
2026-06-27,celio,manteau homme,5.2,0,161,final
2026-06-28,celio,manteau homme,4.5,1,166,final
2026-06-29,celio,manteau homme,4.6,0,129,final
2026-06-30,celio,manteau homme,5.1,4,140,final
2026-07-01,celio,manteau homme,4.4,0,140,final
2026-07-02,celio,manteau homme,4.4,4,136,final
2026-07-03,celio,manteau homme,3.9,0,136,final
2026-07-04,celio,manteau homme,4.7,1,157,final
2026-07-05,celio,manteau homme,5.8,5,163,final
2026-07-06,celio,manteau homme,6.0,1,135,final
2026-07-07,celio,manteau homme,5.0,2,161,final
2026-07-08,celio,manteau homme,4.0,1,167,final
2026-07-09,celio,manteau homme,4.3,3,123,final
2026-07-10,celio,manteau homme,2.4,5,163,final
2026-07-11,celio,manteau homme,2.7,3,180,final
2026-07-12,celio,manteau homme,4.1,3,198,final
2026-07-13,celio,manteau homme,3.9,1,151,final
2026-07-14,celio,manteau homme,4.6,4,165,final
2026-07-15,celio,manteau homme,4.5,1,148,final
2026-07-16,celio,manteau homme,4.6,2,179,final
2026-07-17,celio,manteau homme,3.6,2,143,final
2026-07-18,celio,manteau homme,3.4,4,176,final
2026-07-19,celio,manteau homme,2.9,2,164,final
2026-07-20,celio,manteau homme,3.4,2,180,final
2026-07-21,celio,manteau homme,2.8,3,198,final
2026-07-22,celio,manteau homme,3.2,5,194,final
2026-07-23,celio,manteau homme,2.7,6,173,final
2026-07-24,celio,manteau homme,3.1,6,184,final
2026-07-25,celio,manteau homme,3.0,1,188,final
2026-07-26,celio,manteau homme,3.1,1,204,final
2026-07-27,celio,manteau homme,3.3,5,181,final
2026-07-28,celio,manteau homme,2.6,3,193,final
2026-07-29,celio,manteau homme,4.4,2,181,final
2026-07-30,celio,manteau homme,4.3,2,180,final
2026-07-31,celio,manteau homme,3.9,1,192,final
2026-08-01,celio,manteau homme,4.0,2,192,final
2026-08-02,celio,manteau homme,3.4,4,196,final
2026-08-03,celio,manteau homme,4.1,7,164,final
2026-08-04,celio,manteau homme,6.9,2,160,final
2026-08-05,celio,manteau homme,6.8,3,182,final
2026-08-06,celio,manteau homme,6.9,4,154,final
2026-08-07,celio,manteau homme,6.3,2,146,final
2026-08-08,celio,manteau homme,6.6,3,177,final
2026-08-09,celio,manteau homme,5.2,3,207,final
2026-08-10,celio,manteau homme,5.6,6,207,final
2026-08-11,celio,manteau homme,5.9,2,186,final
2026-08-12,celio,manteau homme,7.9,2,142,final
2026-08-13,celio,manteau homme,8.7,1,141,final
2026-08-14,celio,manteau homme,8.3,3,147,final
2026-08-15,celio,manteau homme,8.5,3,175,final
2026-08-16,celio,manteau homme,8.8,4,208,final
2026-08-17,celio,manteau homme,9.3,1,216,final
2026-08-18,celio,manteau homme,5.5,3,262,final
2026-08-19,celio,manteau homme,3.5,7,299,final
2026-08-20,celio,manteau homme,3.1,8,301,final
2026-08-21,celio,manteau homme,5.6,7,280,final
2026-08-22,celio,manteau homme,2.1,13,403,final
2026-08-23,celio,manteau homme,2.5,6,393,final
2026-08-24,celio,manteau homme,2.5,13,378,final
2026-08-25,celio,manteau homme,2.6,15,347,final
2026-08-26,celio,manteau homme,2.6,5,370,final
2026-08-27,celio,manteau homme,3.1,12,357,final
2026-08-28,celio,manteau homme,3.8,12,470,final
2026-08-29,celio,manteau homme,5.0,10,395,final
2026-08-30,celio,manteau homme,7.0,3,194,final
2026-08-31,celio,manteau homme,7.6,4,224,final
2026-09-01,celio,manteau homme,5.3,3,228,final
2026-09-02,celio,manteau homme,3.5,14,349,final
2026-09-03,celio,manteau homme,3.1,9,356,final
2026-09-04,celio,manteau homme,2.9,12,363,final
2026-09-05,celio,manteau homme,3.0,14,363,final
2026-09-06,celio,manteau homme,2.9,28,456,final
2026-09-07,celio,manteau homme,3.4,9,393,final
2026-09-08,celio,manteau homme,3.3,8,451,final
2026-09-09,celio,manteau homme,2.7,19,512,final
2026-09-10,celio,manteau homme,2.5,22,519,final
2026-09-11,celio,manteau homme,2.6,19,412,final
2026-09-12,celio,manteau homme,2.6,15,542,final
2026-09-13,celio,manteau homme,2.3,29,658,final
2026-09-14,celio,manteau homme,2.6,15,467,final
2026-09-15,celio,manteau homme,2.4,10,397,final
2026-09-16,celio,manteau homme,2.9,23,442,final
2026-09-17,celio,manteau homme,2.7,23,528,final
2026-09-18,celio,manteau homme,3.0,17,440,final
2026-09-19,celio,manteau homme,2.5,23,582,final
2026-09-20,celio,manteau homme,2.2,28,654,final
2026-09-21,celio,manteau homme,2.6,26,525,final
2026-09-22,celio,manteau homme,3,13,455,final
2026-09-23,celio,manteau homme,5.5,4,192,final
2026-09-24,celio,manteau homme,6.2,2,167,final
2026-09-25,celio,manteau homme,7.0,7,317,final
2026-09-26,celio,manteau homme,4.4,15,461,final
2026-09-27,celio,manteau homme,3.7,18,600,final
2026-09-28,celio,manteau homme,5.2,17,607,final
2026-09-29,celio,manteau homme,2.9,20,417,fresh
2026-09-30,celio,manteau homme,2.8,27,604,fresh
2025-06-08,celio,pantalon blanc homme,2.5,22,273,final
2025-06-09,celio,pantalon blanc homme,2.1,27,344,final
2025-06-10,celio,pantalon blanc homme,2.4,27,335,final
2025-06-11,celio,pantalon blanc homme,2.8,9,283,final
2025-06-12,celio,pantalon blanc homme,3.2,17,301,final
2025-06-13,celio,pantalon blanc homme,2.6,21,274,final
2025-06-14,celio,pantalon blanc homme,2.8,6,262,final
2025-06-15,celio,pantalon blanc homme,2.9,19,300,final
2025-06-16,celio,pantalon blanc homme,2.8,17,281,final
2025-06-17,celio,pantalon blanc homme,2.7,16,291,final
2025-06-18,celio,pantalon blanc homme,2.3,21,319,final
2025-06-19,celio,pantalon blanc homme,2.5,19,277,final
2025-06-20,celio,pantalon blanc homme,2.6,19,244,final
2025-06-21,celio,pantalon blanc homme,2.8,15,264,final
2025-06-22,celio,pantalon blanc homme,2.5,20,295,final
2025-06-23,celio,pantalon blanc homme,2.8,14,270,final
2025-06-24,celio,pantalon blanc homme,2.1,17,273,final
2025-06-25,celio,pantalon blanc homme,2.4,17,322,final
2025-06-26,celio,pantalon blanc homme,2.1,21,331,final
2025-06-27,celio,pantalon blanc homme,2.7,24,292,final
2025-06-28,celio,pantalon blanc homme,2.3,18,320,final
2025-06-29,celio,pantalon blanc homme,2.6,16,342,final
2025-06-30,celio,pantalon blanc homme,2.2,5,301,final
2025-07-01,celio,pantalon blanc homme,2.7,20,287,final
2025-07-02,celio,pantalon blanc homme,2.7,17,298,final
2025-07-03,celio,pantalon blanc homme,2.2,16,275,final
2025-07-04,celio,pantalon blanc homme,2.2,20,270,final
2025-07-05,celio,pantalon blanc homme,1.9,14,264,final
2025-07-06,celio,pantalon blanc homme,2.1,27,361,final
2025-07-07,celio,pantalon blanc homme,2.7,21,304,final
2025-07-08,celio,pantalon blanc homme,2.3,11,297,final
2025-07-09,celio,pantalon blanc homme,2.4,28,275,final
2025-07-10,celio,pantalon blanc homme,1.9,12,361,final
2025-07-11,celio,pantalon blanc homme,1.6,30,736,final
2025-07-12,celio,pantalon blanc homme,3.2,9,262,final
2025-07-13,celio,pantalon blanc homme,3.2,14,227,final
2025-07-14,celio,pantalon blanc homme,2.9,6,246,final
2025-07-15,celio,pantalon blanc homme,2.8,12,250,final
2025-07-16,celio,pantalon blanc homme,2.7,9,254,final
2025-07-17,celio,pantalon blanc homme,3.1,12,205,final
2025-07-18,celio,pantalon blanc homme,2.3,10,234,final
2025-07-19,celio,pantalon blanc homme,2.3,9,238,final
2025-07-20,celio,pantalon blanc homme,2.2,16,238,final
2025-07-21,celio,pantalon blanc homme,2.6,6,235,final
2025-07-22,celio,pantalon blanc homme,2.4,12,241,final
2025-07-23,celio,pantalon blanc homme,3.1,6,209,final
2025-07-24,celio,pantalon blanc homme,3.1,6,217,final
2025-07-25,celio,pantalon blanc homme,2.8,9,191,final
2025-07-26,celio,pantalon blanc homme,2.6,5,213,final
2025-07-27,celio,pantalon blanc homme,2.9,11,196,final
2025-07-28,celio,pantalon blanc homme,2.5,11,202,final
2025-07-29,celio,pantalon blanc homme,2.7,16,213,final
2025-07-30,celio,pantalon blanc homme,3.2,19,227,final
2025-07-31,celio,pantalon blanc homme,3.0,7,193,final
2025-08-01,celio,pantalon blanc homme,2.8,13,186,final
2025-08-02,celio,pantalon blanc homme,2.9,12,199,final
2025-08-03,celio,pantalon blanc homme,3.1,6,172,final
2025-08-04,celio,pantalon blanc homme,3.2,19,227,final
2025-08-05,celio,pantalon blanc homme,3.0,18,230,final
2025-08-06,celio,pantalon blanc homme,2.5,16,216,final
2025-08-07,celio,pantalon blanc homme,3.2,11,189,final
2025-08-08,celio,pantalon blanc homme,3.8,14,179,final
2025-08-09,celio,pantalon blanc homme,3.2,11,207,final
2025-08-10,celio,pantalon blanc homme,3.0,13,188,final
2025-08-11,celio,pantalon blanc homme,2.7,13,215,final
2025-08-12,celio,pantalon blanc homme,2.7,13,182,final
2025-08-13,celio,pantalon blanc homme,2.2,20,226,final
2025-08-14,celio,pantalon blanc homme,2.3,14,217,final
2025-08-15,celio,pantalon blanc homme,2.8,2,194,final
2025-08-16,celio,pantalon blanc homme,3.1,5,173,final
2025-08-17,celio,pantalon blanc homme,2.4,10,186,final
2025-08-18,celio,pantalon blanc homme,2.6,4,192,final
2025-08-19,celio,pantalon blanc homme,2.5,10,216,final
2025-08-20,celio,pantalon blanc homme,2.7,6,212,final
2025-08-21,celio,pantalon blanc homme,3.5,10,217,final
2025-08-22,celio,pantalon blanc homme,4.2,9,225,final
2025-08-23,celio,pantalon blanc homme,2.7,6,237,final
2025-08-24,celio,pantalon blanc homme,3.1,8,195,final
2025-08-25,celio,pantalon blanc homme,3.0,16,216,final
2025-08-26,celio,pantalon blanc homme,2.5,10,241,final
2025-08-27,celio,pantalon blanc homme,2.5,10,232,final
2025-08-28,celio,pantalon blanc homme,3.0,21,244,final
2025-08-29,celio,pantalon blanc homme,2.5,13,245,final
2025-08-30,celio,pantalon blanc homme,2.5,13,238,final
2025-08-31,celio,pantalon blanc homme,2.2,12,222,final
2025-09-01,celio,pantalon blanc homme,2.4,9,204,final
2025-09-02,celio,pantalon blanc homme,3.2,10,217,final
2025-09-03,celio,pantalon blanc homme,15.1,16,479,final
2025-09-04,celio,pantalon blanc homme,3.0,11,201,final
2025-09-05,celio,pantalon blanc homme,3.7,13,195,final
2025-09-06,celio,pantalon blanc homme,3.9,9,219,final
2025-09-07,celio,pantalon blanc homme,3.9,5,226,final
2025-09-08,celio,pantalon blanc homme,3.6,7,239,final
2025-09-09,celio,pantalon blanc homme,4.2,9,179,final
2025-09-10,celio,pantalon blanc homme,4.1,10,184,final
2025-09-11,celio,pantalon blanc homme,3.8,9,209,final
2025-09-12,celio,pantalon blanc homme,3.4,11,214,final
2025-09-13,celio,pantalon blanc homme,4.4,8,191,final
2025-09-14,celio,pantalon blanc homme,3.6,5,216,final
2025-09-15,celio,pantalon blanc homme,4.6,10,190,final
2025-09-16,celio,pantalon blanc homme,3.6,9,151,final
2025-09-17,celio,pantalon blanc homme,2.8,14,182,final
2025-09-18,celio,pantalon blanc homme,3.4,8,173,final
2025-09-19,celio,pantalon blanc homme,3.1,14,159,final
2025-09-20,celio,pantalon blanc homme,2.3,22,186,final
2025-09-21,celio,pantalon blanc homme,2.0,9,191,final
2025-09-22,celio,pantalon blanc homme,2.6,9,153,final
2025-09-23,celio,pantalon blanc homme,2.8,10,191,final
2025-09-24,celio,pantalon blanc homme,2.9,7,163,final
2025-09-25,celio,pantalon blanc homme,3.3,11,158,final
2025-09-26,celio,pantalon blanc homme,3.2,12,165,final
2025-09-27,celio,pantalon blanc homme,2.9,12,171,final
2025-09-28,celio,pantalon blanc homme,2.5,10,142,final
2025-09-29,celio,pantalon blanc homme,3.4,8,150,final
2025-09-30,celio,pantalon blanc homme,2.9,9,139,final
2025-10-01,celio,pantalon blanc homme,3.0,8,164,final
2025-10-02,celio,pantalon blanc homme,4.0,11,151,final
2025-10-03,celio,pantalon blanc homme,2.5,6,147,final
2025-10-04,celio,pantalon blanc homme,3.3,14,183,final
2025-10-05,celio,pantalon blanc homme,2.2,7,179,final
2025-10-06,celio,pantalon blanc homme,2.3,4,135,final
2025-10-07,celio,pantalon blanc homme,4.4,7,151,final
2025-10-08,celio,pantalon blanc homme,3.3,10,146,final
2025-10-09,celio,pantalon blanc homme,2.3,9,163,final
2025-10-10,celio,pantalon blanc homme,4.2,9,142,final
2025-10-11,celio,pantalon blanc homme,3.4,4,163,final
2025-10-12,celio,pantalon blanc homme,2.7,8,170,final
2025-10-13,celio,pantalon blanc homme,3.6,11,146,final
2025-10-14,celio,pantalon blanc homme,3.6,4,150,final
2025-10-15,celio,pantalon blanc homme,2.8,13,140,final
2025-10-16,celio,pantalon blanc homme,5.6,4,133,final
2025-10-17,celio,pantalon blanc homme,4.2,4,132,final
2025-10-18,celio,pantalon blanc homme,4.8,6,148,final
2025-10-19,celio,pantalon blanc homme,4.1,4,147,final
2025-10-20,celio,pantalon blanc homme,4.0,6,134,final
2025-10-21,celio,pantalon blanc homme,3.8,7,140,final
2025-10-22,celio,pantalon blanc homme,3.9,2,147,final
2025-10-23,celio,pantalon blanc homme,5.9,5,154,final
2025-10-24,celio,pantalon blanc homme,5.8,6,162,final
2025-10-25,celio,pantalon blanc homme,5.1,1,128,final
2025-10-26,celio,pantalon blanc homme,4.5,8,144,final
2025-10-27,celio,pantalon blanc homme,3.1,3,127,final
2025-10-28,celio,pantalon blanc homme,5.5,2,142,final
2025-10-29,celio,pantalon blanc homme,4.9,3,152,final
2025-10-30,celio,pantalon blanc homme,4.5,7,156,final
2025-10-31,celio,pantalon blanc homme,4.0,6,123,final
2025-11-01,celio,pantalon blanc homme,12.8,3,290,final
2025-11-02,celio,pantalon blanc homme,4.6,6,175,final
2025-11-03,celio,pantalon blanc homme,3.8,5,142,final
2025-11-04,celio,pantalon blanc homme,5.4,5,133,final
2025-11-05,celio,pantalon blanc homme,4.1,4,129,final
2025-11-06,celio,pantalon blanc homme,5.6,5,151,final
2025-11-07,celio,pantalon blanc homme,6.0,2,182,final
2025-11-08,celio,pantalon blanc homme,4.9,3,156,final
2025-11-09,celio,pantalon blanc homme,5.6,5,153,final
2025-11-10,celio,pantalon blanc homme,6.4,9,190,final
2025-11-11,celio,pantalon blanc homme,5.1,1,181,final
2025-11-12,celio,pantalon blanc homme,4.5,4,134,final
2025-11-13,celio,pantalon blanc homme,4.8,5,140,final
2025-11-14,celio,pantalon blanc homme,4.7,2,162,final
2025-11-15,celio,pantalon blanc homme,4.4,6,195,final
2025-11-16,celio,pantalon blanc homme,4.2,4,167,final
2025-11-17,celio,pantalon blanc homme,4.7,8,142,final
2025-11-18,celio,pantalon blanc homme,5.7,4,130,final
2025-11-19,celio,pantalon blanc homme,4.5,2,144,final
2025-11-20,celio,pantalon blanc homme,5.3,1,122,final
2025-11-21,celio,pantalon blanc homme,5.4,4,129,final
2025-11-22,celio,pantalon blanc homme,5.3,7,178,final
2025-11-23,celio,pantalon blanc homme,4.9,9,141,final
2025-11-24,celio,pantalon blanc homme,4.2,7,175,final
2025-11-25,celio,pantalon blanc homme,5.8,7,143,final
2025-11-26,celio,pantalon blanc homme,5.7,5,152,final
2025-11-27,celio,pantalon blanc homme,5.4,3,155,final
2025-11-28,celio,pantalon blanc homme,10.9,7,257,final
2025-11-29,celio,pantalon blanc homme,5.1,8,183,final
2025-11-30,celio,pantalon blanc homme,4.1,7,189,final
2025-12-01,celio,pantalon blanc homme,5.4,2,166,final
2025-12-02,celio,pantalon blanc homme,5.3,7,155,final
2025-12-03,celio,pantalon blanc homme,5.3,5,169,final
2025-12-04,celio,pantalon blanc homme,4.9,5,187,final
2025-12-05,celio,pantalon blanc homme,5.0,3,147,final
2025-12-06,celio,pantalon blanc homme,4.5,2,173,final
2025-12-07,celio,pantalon blanc homme,5.8,2,167,final
2025-12-08,celio,pantalon blanc homme,4.6,8,162,final
2025-12-09,celio,pantalon blanc homme,6.1,4,165,final
2025-12-10,celio,pantalon blanc homme,6.7,5,173,final
2025-12-11,celio,pantalon blanc homme,4.4,2,157,final
2025-12-12,celio,pantalon blanc homme,5.1,8,178,final
2025-12-13,celio,pantalon blanc homme,4,7,184,final
2025-12-14,celio,pantalon blanc homme,4.2,12,189,final
2025-12-15,celio,pantalon blanc homme,6.5,7,152,final
2025-12-16,celio,pantalon blanc homme,3.8,4,152,final
2025-12-17,celio,pantalon blanc homme,6.4,5,144,final
2025-12-18,celio,pantalon blanc homme,5.1,3,132,final
2025-12-19,celio,pantalon blanc homme,4.7,1,154,final
2025-12-20,celio,pantalon blanc homme,5.2,1,164,final
2025-12-21,celio,pantalon blanc homme,3.6,2,163,final
2025-12-22,celio,pantalon blanc homme,5.2,5,155,final
2025-12-23,celio,pantalon blanc homme,5.0,3,144,final
2025-12-24,celio,pantalon blanc homme,6.6,2,140,final
2025-12-25,celio,pantalon blanc homme,4.3,1,137,final
2025-12-26,celio,pantalon blanc homme,5.2,1,139,final
2025-12-27,celio,pantalon blanc homme,5.8,4,181,final
2025-12-28,celio,pantalon blanc homme,5.5,3,174,final
2025-12-29,celio,pantalon blanc homme,5.0,6,204,final
2025-12-30,celio,pantalon blanc homme,4.3,5,186,final
2025-12-31,celio,pantalon blanc homme,6.0,2,134,final
2026-01-01,celio,pantalon blanc homme,6.0,2,106,final
2026-01-02,celio,pantalon blanc homme,4.8,3,113,final
2026-01-03,celio,pantalon blanc homme,5.5,3,140,final
2026-01-04,celio,pantalon blanc homme,5.9,3,125,final
2026-01-05,celio,pantalon blanc homme,6.7,2,128,final
2026-01-06,celio,pantalon blanc homme,5.9,2,95,final
2026-01-07,celio,pantalon blanc homme,4.2,1,159,final
2026-01-08,celio,pantalon blanc homme,5.1,4,119,final
2026-01-09,celio,pantalon blanc homme,4.4,2,152,final
2026-01-10,celio,pantalon blanc homme,4.3,2,144,final
2026-01-11,celio,pantalon blanc homme,4.5,1,176,final
2026-01-12,celio,pantalon blanc homme,6.0,3,157,final
2026-01-13,celio,pantalon blanc homme,5.0,1,146,final
2026-01-14,celio,pantalon blanc homme,5.4,6,163,final
2026-01-15,celio,pantalon blanc homme,7.2,1,133,final
2026-01-16,celio,pantalon blanc homme,5.8,3,161,final
2026-01-17,celio,pantalon blanc homme,5.1,1,149,final
2026-01-18,celio,pantalon blanc homme,4.0,3,165,final
2026-01-19,celio,pantalon blanc homme,5.3,0,125,final
2026-01-20,celio,pantalon blanc homme,5.5,1,131,final
2026-01-21,celio,pantalon blanc homme,6.1,3,159,final
2026-01-22,celio,pantalon blanc homme,6.3,5,143,final
2026-01-23,celio,pantalon blanc homme,7.1,1,137,final
2026-01-24,celio,pantalon blanc homme,6.6,1,153,final
2026-01-25,celio,pantalon blanc homme,6.0,4,150,final
2026-01-26,celio,pantalon blanc homme,6.2,4,165,final
2026-01-27,celio,pantalon blanc homme,5.9,0,129,final
2026-01-28,celio,pantalon blanc homme,5.8,1,123,final
2026-01-29,celio,pantalon blanc homme,5.9,1,161,final
2026-01-30,celio,pantalon blanc homme,6.2,2,159,final
2026-01-31,celio,pantalon blanc homme,6.1,3,170,final
2026-02-01,celio,pantalon blanc homme,6.9,5,209,final
2026-02-02,celio,pantalon blanc homme,6,2,134,final
2026-02-03,celio,pantalon blanc homme,5.4,3,135,final
2026-02-04,celio,pantalon blanc homme,6.5,1,130,final
2026-02-05,celio,pantalon blanc homme,7.0,3,183,final
2026-02-06,celio,pantalon blanc homme,7.8,0,121,final
2026-02-07,celio,pantalon blanc homme,7.1,2,155,final
2026-02-08,celio,pantalon blanc homme,7.0,0,169,final
2026-02-09,celio,pantalon blanc homme,6.1,3,151,final
2026-02-10,celio,pantalon blanc homme,5.1,3,125,final
2026-02-11,celio,pantalon blanc homme,4.3,2,117,final
2026-02-12,celio,pantalon blanc homme,4.1,1,134,final
2026-02-13,celio,pantalon blanc homme,3.9,5,129,final
2026-02-14,celio,pantalon blanc homme,5.6,9,159,final
2026-02-15,celio,pantalon blanc homme,4.7,5,147,final
2026-02-16,celio,pantalon blanc homme,3.8,3,127,final
2026-02-17,celio,pantalon blanc homme,5.6,3,119,final
2026-02-18,celio,pantalon blanc homme,4.5,4,138,final
2026-02-19,celio,pantalon blanc homme,8.3,2,123,final
2026-02-20,celio,pantalon blanc homme,7.7,4,134,final
2026-02-21,celio,pantalon blanc homme,8.1,0,146,final
2026-02-22,celio,pantalon blanc homme,5.7,3,174,final
2026-02-23,celio,pantalon blanc homme,6.8,2,129,final
2026-02-24,celio,pantalon blanc homme,6.1,0,158,final
2026-02-25,celio,pantalon blanc homme,5.6,3,137,final
2026-02-26,celio,pantalon blanc homme,6.2,2,127,final
2026-02-27,celio,pantalon blanc homme,6.1,5,135,final
2026-02-28,celio,pantalon blanc homme,4.8,3,169,final
2026-03-01,celio,pantalon blanc homme,4.5,5,188,final
2026-03-02,celio,pantalon blanc homme,3.9,8,177,final
2026-03-03,celio,pantalon blanc homme,3.9,0,138,final
2026-03-04,celio,pantalon blanc homme,5.2,3,186,final
2026-03-05,celio,pantalon blanc homme,4.2,4,165,final
2026-03-06,celio,pantalon blanc homme,4.5,4,178,final
2026-03-07,celio,pantalon blanc homme,6.7,5,215,final
2026-03-08,celio,pantalon blanc homme,3.6,7,213,final
2026-03-09,celio,pantalon blanc homme,5.6,5,250,final
2026-03-10,celio,pantalon blanc homme,4.1,5,172,final
2026-03-11,celio,pantalon blanc homme,4.5,5,181,final
2026-03-12,celio,pantalon blanc homme,7.2,2,140,final
2026-03-13,celio,pantalon blanc homme,3.5,6,183,final
2026-03-14,celio,pantalon blanc homme,3.3,4,200,final
2026-03-15,celio,pantalon blanc homme,4.4,5,179,final
2026-03-16,celio,pantalon blanc homme,5.6,5,168,final
2026-03-17,celio,pantalon blanc homme,5.2,6,159,final
2026-03-18,celio,pantalon blanc homme,3.6,4,167,final
2026-03-19,celio,pantalon blanc homme,3.9,3,183,final
2026-03-20,celio,pantalon blanc homme,2.9,2,185,final
2026-03-21,celio,pantalon blanc homme,3.9,2,187,final
2026-03-22,celio,pantalon blanc homme,3.6,4,233,final
2026-03-23,celio,pantalon blanc homme,5.0,5,189,final
2026-03-24,celio,pantalon blanc homme,5.4,3,161,final
2026-03-25,celio,pantalon blanc homme,4.2,3,159,final
2026-03-26,celio,pantalon blanc homme,4.5,3,149,final
2026-03-27,celio,pantalon blanc homme,5.7,3,142,final
2026-03-28,celio,pantalon blanc homme,5.0,4,155,final
2026-03-29,celio,pantalon blanc homme,4.2,1,196,final
2026-03-30,celio,pantalon blanc homme,4.2,4,178,final
2026-03-31,celio,pantalon blanc homme,4.7,5,192,final
2026-04-01,celio,pantalon blanc homme,4.0,5,217,final
2026-04-02,celio,pantalon blanc homme,4.4,3,181,final
2026-04-03,celio,pantalon blanc homme,3.2,4,183,final
2026-04-04,celio,pantalon blanc homme,3.4,0,191,final
2026-04-05,celio,pantalon blanc homme,3.0,3,211,final
2026-04-06,celio,pantalon blanc homme,3.7,4,223,final
2026-04-07,celio,pantalon blanc homme,3.2,7,205,final
2026-04-08,celio,pantalon blanc homme,2.9,7,199,final
2026-04-09,celio,pantalon blanc homme,3.3,4,206,final
2026-04-10,celio,pantalon blanc homme,3.3,3,177,final
2026-04-11,celio,pantalon blanc homme,3.6,7,227,final
2026-04-12,celio,pantalon blanc homme,3.8,8,229,final
2026-04-13,celio,pantalon blanc homme,2.9,5,229,final
2026-04-14,celio,pantalon blanc homme,2.7,6,190,final
2026-04-15,celio,pantalon blanc homme,4.4,5,185,final
2026-04-16,celio,pantalon blanc homme,3.8,1,188,final
2026-04-17,celio,pantalon blanc homme,3.1,4,200,final
2026-04-18,celio,pantalon blanc homme,3.1,8,216,final
2026-04-19,celio,pantalon blanc homme,3.2,3,227,final
2026-04-20,celio,pantalon blanc homme,3.7,2,174,final
2026-04-21,celio,pantalon blanc homme,3.5,3,220,final
2026-04-22,celio,pantalon blanc homme,2.9,3,210,final
2026-04-23,celio,pantalon blanc homme,3.5,9,233,final
2026-04-24,celio,pantalon blanc homme,3.0,6,201,final
2026-04-25,celio,pantalon blanc homme,3.4,5,243,final
2026-04-26,celio,pantalon blanc homme,2.6,5,236,final
2026-04-27,celio,pantalon blanc homme,2.7,7,218,final
2026-04-28,celio,pantalon blanc homme,2.9,9,190,final
2026-04-29,celio,pantalon blanc homme,2.4,9,251,final
2026-04-30,celio,pantalon blanc homme,3.7,9,217,final
2026-05-01,celio,pantalon blanc homme,2.8,7,217,final
2026-05-02,celio,pantalon blanc homme,2.3,6,262,final
2026-05-03,celio,pantalon blanc homme,2.7,12,250,final
2026-05-04,celio,pantalon blanc homme,3.3,6,224,final
2026-05-05,celio,pantalon blanc homme,3.8,7,243,final
2026-05-06,celio,pantalon blanc homme,4.2,2,234,final
2026-05-07,celio,pantalon blanc homme,4.0,3,259,final
2026-05-08,celio,pantalon blanc homme,3.7,8,245,final
2026-05-09,celio,pantalon blanc homme,4.1,6,227,final
2026-05-10,celio,pantalon blanc homme,5.5,6,240,final
2026-05-11,celio,pantalon blanc homme,4.9,4,231,final
2026-05-12,celio,pantalon blanc homme,4.1,3,213,final
2026-05-13,celio,pantalon blanc homme,4.2,6,192,final
2026-05-14,celio,pantalon blanc homme,3.9,9,213,final
2026-05-15,celio,pantalon blanc homme,3.8,8,231,final
2026-05-16,celio,pantalon blanc homme,3.8,9,239,final
2026-05-17,celio,pantalon blanc homme,3.1,10,237,final
2026-05-18,celio,pantalon blanc homme,3.3,10,261,final
2026-05-19,celio,pantalon blanc homme,3.3,13,278,final
2026-05-20,celio,pantalon blanc homme,4.3,7,262,final
2026-05-21,celio,pantalon blanc homme,3.9,3,269,final
2026-05-22,celio,pantalon blanc homme,2.4,6,229,final
2026-05-23,celio,pantalon blanc homme,2.9,8,233,final
2026-05-24,celio,pantalon blanc homme,3.0,9,242,final
2026-05-25,celio,pantalon blanc homme,2.1,9,271,final
2026-05-26,celio,pantalon blanc homme,2.7,10,226,final
2026-05-27,celio,pantalon blanc homme,3.0,11,246,final
2026-05-28,celio,pantalon blanc homme,2.8,11,249,final
2026-05-29,celio,pantalon blanc homme,2.7,10,236,final
2026-05-30,celio,pantalon blanc homme,2.2,13,229,final
2026-05-31,celio,pantalon blanc homme,2.8,11,286,final
2026-06-01,celio,pantalon blanc homme,2.9,10,260,final
2026-06-02,celio,pantalon blanc homme,2.5,14,283,final
2026-06-03,celio,pantalon blanc homme,1.9,18,277,final
2026-06-04,celio,pantalon blanc homme,2.1,19,268,final
2026-06-05,celio,pantalon blanc homme,2.0,18,255,final
2026-06-06,celio,pantalon blanc homme,2.5,11,282,final
2026-06-07,celio,pantalon blanc homme,2.0,13,249,final
2026-06-08,celio,pantalon blanc homme,2.0,8,284,final
2026-06-09,celio,pantalon blanc homme,2.2,17,306,final
2026-06-10,celio,pantalon blanc homme,2.2,6,286,final
2026-06-11,celio,pantalon blanc homme,2.1,10,260,final
2026-06-12,celio,pantalon blanc homme,2.2,16,278,final
2026-06-13,celio,pantalon blanc homme,2.4,14,272,final
2026-06-14,celio,pantalon blanc homme,2.3,16,307,final
2026-06-15,celio,pantalon blanc homme,2.3,16,260,final
2026-06-16,celio,pantalon blanc homme,2.4,17,240,final
2026-06-17,celio,pantalon blanc homme,2.4,8,255,final
2026-06-18,celio,pantalon blanc homme,2.0,12,228,final
2026-06-19,celio,pantalon blanc homme,2.1,17,242,final
2026-06-20,celio,pantalon blanc homme,2.3,13,245,final
2026-06-21,celio,pantalon blanc homme,2.2,15,214,final
2026-06-22,celio,pantalon blanc homme,2.6,7,251,final
2026-06-23,celio,pantalon blanc homme,1.9,13,221,final
2026-06-24,celio,pantalon blanc homme,1.9,9,279,final
2026-06-25,celio,pantalon blanc homme,1.7,10,256,final
2026-06-26,celio,pantalon blanc homme,1.9,6,233,final
2026-06-27,celio,pantalon blanc homme,2.1,13,275,final
2026-06-28,celio,pantalon blanc homme,2.0,11,275,final
2026-06-29,celio,pantalon blanc homme,2.0,8,276,final
2026-06-30,celio,pantalon blanc homme,2.5,13,262,final
2026-07-01,celio,pantalon blanc homme,3.2,6,234,final
2026-07-02,celio,pantalon blanc homme,3.6,10,243,final
2026-07-03,celio,pantalon blanc homme,3.5,2,252,final
2026-07-04,celio,pantalon blanc homme,2.9,6,265,final
2026-07-05,celio,pantalon blanc homme,3.1,6,244,final
2026-07-06,celio,pantalon blanc homme,3.0,7,270,final
2026-07-07,celio,pantalon blanc homme,3.2,6,270,final
2026-07-08,celio,pantalon blanc homme,3.3,5,266,final
2026-07-09,celio,pantalon blanc homme,3.8,8,246,final
2026-07-10,celio,pantalon blanc homme,4.6,5,223,final
2026-07-11,celio,pantalon blanc homme,5.4,4,224,final
2026-07-12,celio,pantalon blanc homme,5.2,5,213,final
2026-07-13,celio,pantalon blanc homme,5.0,6,215,final
2026-07-14,celio,pantalon blanc homme,5.6,4,180,final
2026-07-15,celio,pantalon blanc homme,5.2,4,190,final
2026-07-16,celio,pantalon blanc homme,5.7,8,200,final
2026-07-17,celio,pantalon blanc homme,5.2,7,233,final
2026-07-18,celio,pantalon blanc homme,5.2,5,239,final
2026-07-19,celio,pantalon blanc homme,5.2,7,204,final
2026-07-20,celio,pantalon blanc homme,4.5,7,184,final
2026-07-21,celio,pantalon blanc homme,3.8,5,199,final
2026-07-22,celio,pantalon blanc homme,3.5,6,203,final
2026-07-23,celio,pantalon blanc homme,3.7,7,181,final
2026-07-24,celio,pantalon blanc homme,2.2,7,187,final
2026-07-25,celio,pantalon blanc homme,2.6,9,226,final
2026-07-26,celio,pantalon blanc homme,2.8,10,199,final
2026-07-27,celio,pantalon blanc homme,2.0,6,206,final
2026-07-28,celio,pantalon blanc homme,2.0,8,192,final
2026-07-29,celio,pantalon blanc homme,1.7,7,175,final
2026-07-30,celio,pantalon blanc homme,1.8,8,192,final
2026-07-31,celio,pantalon blanc homme,1.8,3,200,final
2026-08-01,celio,pantalon blanc homme,1.7,9,183,final
2026-08-02,celio,pantalon blanc homme,1.9,11,186,final
2026-08-03,celio,pantalon blanc homme,2.1,7,195,final
2026-08-04,celio,pantalon blanc homme,2.0,6,200,final
2026-08-05,celio,pantalon blanc homme,2.1,9,176,final
2026-08-06,celio,pantalon blanc homme,2.0,6,194,final
2026-08-07,celio,pantalon blanc homme,2.0,7,183,final
2026-08-08,celio,pantalon blanc homme,1.9,7,200,final
2026-08-09,celio,pantalon blanc homme,1.9,7,191,final
2026-08-10,celio,pantalon blanc homme,2.2,4,207,final
2026-08-11,celio,pantalon blanc homme,2.3,6,204,final
2026-08-12,celio,pantalon blanc homme,3.1,9,178,final
2026-08-13,celio,pantalon blanc homme,2.5,2,175,final
2026-08-14,celio,pantalon blanc homme,2.5,5,167,final
2026-08-15,celio,pantalon blanc homme,2.3,5,199,final
2026-08-16,celio,pantalon blanc homme,2.6,3,174,final
2026-08-17,celio,pantalon blanc homme,2.9,8,192,final
2026-08-18,celio,pantalon blanc homme,4.0,12,221,final
2026-08-19,celio,pantalon blanc homme,5.2,3,213,final
2026-08-20,celio,pantalon blanc homme,4.9,7,202,final
2026-08-21,celio,pantalon blanc homme,4.9,7,179,final
2026-08-22,celio,pantalon blanc homme,4.5,7,181,final
2026-08-23,celio,pantalon blanc homme,4.8,7,167,final
2026-08-24,celio,pantalon blanc homme,5.2,8,177,final
2026-08-25,celio,pantalon blanc homme,5.8,4,202,final
2026-08-26,celio,pantalon blanc homme,5.7,5,177,final
2026-08-27,celio,pantalon blanc homme,2.5,13,210,final
2026-08-28,celio,pantalon blanc homme,2.4,14,192,final
2026-08-29,celio,pantalon blanc homme,3.2,8,197,final
2026-08-30,celio,pantalon blanc homme,2.6,9,218,final
2026-08-31,celio,pantalon blanc homme,2.7,9,200,final
2026-09-01,celio,pantalon blanc homme,2.7,9,188,final
2026-09-02,celio,pantalon blanc homme,3.5,10,192,final
2026-09-03,celio,pantalon blanc homme,2.9,8,204,final
2026-09-04,celio,pantalon blanc homme,2.8,9,185,final
2026-09-05,celio,pantalon blanc homme,2.7,12,215,final
2026-09-06,celio,pantalon blanc homme,2.8,7,206,final
2026-09-07,celio,pantalon blanc homme,2.5,6,184,final
2026-09-08,celio,pantalon blanc homme,3.0,15,228,final
2026-09-09,celio,pantalon blanc homme,3.2,18,186,final
2026-09-10,celio,pantalon blanc homme,3.6,12,197,final
2026-09-11,celio,pantalon blanc homme,5.0,6,185,final
2026-09-12,celio,pantalon blanc homme,5.0,7,235,final
2026-09-13,celio,pantalon blanc homme,3.8,7,195,final
2026-09-14,celio,pantalon blanc homme,3.7,7,173,final
2026-09-15,celio,pantalon blanc homme,3.8,14,195,final
2026-09-16,celio,pantalon blanc homme,3.2,15,193,final
2026-09-17,celio,pantalon blanc homme,2.7,6,232,final
2026-09-18,celio,pantalon blanc homme,2.6,12,160,final
2026-09-19,celio,pantalon blanc homme,2.8,11,172,final
2026-09-20,celio,pantalon blanc homme,2.3,7,199,final
2026-09-21,celio,pantalon blanc homme,2.5,10,157,final
2026-09-22,celio,pantalon blanc homme,2.5,11,166,final
2026-09-23,celio,pantalon blanc homme,2.2,12,150,final
2026-09-24,celio,pantalon blanc homme,3.0,9,180,final
2026-09-25,celio,pantalon blanc homme,3.4,10,161,final
2026-09-26,celio,pantalon blanc homme,2.3,7,176,final
2026-09-27,celio,pantalon blanc homme,2.4,10,173,final
2026-09-28,celio,pantalon blanc homme,2.9,7,158,final
2026-09-29,celio,pantalon blanc homme,3.0,6,101,fresh
2026-09-30,celio,pantalon blanc homme,3.9,3,140,fresh
2025-06-08,celio,pantalon cargo homme,2.6,57,875,final
2025-06-09,celio,pantalon cargo homme,2.6,42,880,final
2025-06-10,celio,pantalon cargo homme,3.7,33,759,final
2025-06-11,celio,pantalon cargo homme,4.0,32,709,final
2025-06-12,celio,pantalon cargo homme,3.9,19,644,final
2025-06-13,celio,pantalon cargo homme,3.8,19,580,final
2025-06-14,celio,pantalon cargo homme,3.9,24,687,final
2025-06-15,celio,pantalon cargo homme,3.5,27,726,final
2025-06-16,celio,pantalon cargo homme,2.9,31,618,final
2025-06-17,celio,pantalon cargo homme,3.9,24,606,final
2025-06-18,celio,pantalon cargo homme,3.5,23,593,final
2025-06-19,celio,pantalon cargo homme,3.6,19,565,final
2025-06-20,celio,pantalon cargo homme,3.5,22,572,final
2025-06-21,celio,pantalon cargo homme,3.8,17,528,final
2025-06-22,celio,pantalon cargo homme,3.9,18,627,final
2025-06-23,celio,pantalon cargo homme,4.2,31,540,final
2025-06-24,celio,pantalon cargo homme,4.1,16,616,final
2025-06-25,celio,pantalon cargo homme,3.5,34,758,final
2025-06-26,celio,pantalon cargo homme,3.9,23,718,final
2025-06-27,celio,pantalon cargo homme,3.4,25,705,final
2025-06-28,celio,pantalon cargo homme,3.0,23,684,final
2025-06-29,celio,pantalon cargo homme,3.1,28,681,final
2025-06-30,celio,pantalon cargo homme,2.8,27,622,final
2025-07-01,celio,pantalon cargo homme,3.1,31,618,final
2025-07-02,celio,pantalon cargo homme,4.6,10,598,final
2025-07-03,celio,pantalon cargo homme,4.3,18,641,final
2025-07-04,celio,pantalon cargo homme,4.2,28,634,final
2025-07-05,celio,pantalon cargo homme,3.6,25,662,final
2025-07-06,celio,pantalon cargo homme,3.7,28,844,final
2025-07-07,celio,pantalon cargo homme,3.9,26,724,final
2025-07-08,celio,pantalon cargo homme,4.3,22,643,final
2025-07-09,celio,pantalon cargo homme,4.3,12,569,final
2025-07-10,celio,pantalon cargo homme,4.4,22,574,final
2025-07-11,celio,pantalon cargo homme,4.3,8,477,final
2025-07-12,celio,pantalon cargo homme,4.9,23,555,final
2025-07-13,celio,pantalon cargo homme,4.3,12,573,final
2025-07-14,celio,pantalon cargo homme,4.2,18,574,final
2025-07-15,celio,pantalon cargo homme,4.3,10,485,final
2025-07-16,celio,pantalon cargo homme,4.5,20,548,final
2025-07-17,celio,pantalon cargo homme,5.3,8,459,final
2025-07-18,celio,pantalon cargo homme,3.8,11,492,final
2025-07-19,celio,pantalon cargo homme,3.6,23,616,final
2025-07-20,celio,pantalon cargo homme,3.8,21,637,final
2025-07-21,celio,pantalon cargo homme,4.2,19,582,final
2025-07-22,celio,pantalon cargo homme,4.2,31,603,final
2025-07-23,celio,pantalon cargo homme,3.6,14,564,final
2025-07-24,celio,pantalon cargo homme,3.5,18,522,final
2025-07-25,celio,pantalon cargo homme,3.4,20,559,final
2025-07-26,celio,pantalon cargo homme,3.6,25,569,final
2025-07-27,celio,pantalon cargo homme,3.4,26,628,final
2025-07-28,celio,pantalon cargo homme,3.8,33,578,final
2025-07-29,celio,pantalon cargo homme,3.3,27,593,final
2025-07-30,celio,pantalon cargo homme,3.1,29,576,final
2025-07-31,celio,pantalon cargo homme,2.5,45,861,final
2025-08-01,celio,pantalon cargo homme,2.7,26,597,final
2025-08-02,celio,pantalon cargo homme,3.7,20,632,final
2025-08-03,celio,pantalon cargo homme,3.2,33,630,final
2025-08-04,celio,pantalon cargo homme,4.2,21,582,final
2025-08-05,celio,pantalon cargo homme,3.9,23,540,final
2025-08-06,celio,pantalon cargo homme,4.1,16,565,final
2025-08-07,celio,pantalon cargo homme,4.5,20,521,final
2025-08-08,celio,pantalon cargo homme,4.4,15,525,final
2025-08-09,celio,pantalon cargo homme,4.8,12,483,final
2025-08-10,celio,pantalon cargo homme,4.8,9,502,final
2025-08-11,celio,pantalon cargo homme,4.6,9,491,final
2025-08-12,celio,pantalon cargo homme,5.4,13,480,final
2025-08-13,celio,pantalon cargo homme,5.9,14,451,final
2025-08-14,celio,pantalon cargo homme,5.6,13,446,final
2025-08-15,celio,pantalon cargo homme,5.1,16,493,final
2025-08-16,celio,pantalon cargo homme,5.0,8,472,final
2025-08-17,celio,pantalon cargo homme,5.5,13,535,final
2025-08-18,celio,pantalon cargo homme,4.7,12,529,final
2025-08-19,celio,pantalon cargo homme,4.7,13,597,final
2025-08-20,celio,pantalon cargo homme,4.4,24,690,final
2025-08-21,celio,pantalon cargo homme,3.9,19,652,final
2025-08-22,celio,pantalon cargo homme,3.7,26,618,final
2025-08-23,celio,pantalon cargo homme,3.7,21,656,final
2025-08-24,celio,pantalon cargo homme,4.1,21,667,final
2025-08-25,celio,pantalon cargo homme,3.7,26,625,final
2025-08-26,celio,pantalon cargo homme,4.9,21,654,final
2025-08-27,celio,pantalon cargo homme,5.4,19,699,final
2025-08-28,celio,pantalon cargo homme,4.4,27,741,final
2025-08-29,celio,pantalon cargo homme,5.9,26,749,final
2025-08-30,celio,pantalon cargo homme,5.2,23,855,final
2025-08-31,celio,pantalon cargo homme,5.0,34,960,final
2025-09-01,celio,pantalon cargo homme,4.4,37,895,final
2025-09-02,celio,pantalon cargo homme,3.9,48,837,final
2025-09-03,celio,pantalon cargo homme,4.0,42,852,final
2025-09-04,celio,pantalon cargo homme,3.9,31,894,final
2025-09-05,celio,pantalon cargo homme,3.3,31,769,final
2025-09-06,celio,pantalon cargo homme,3.3,33,850,final
2025-09-07,celio,pantalon cargo homme,3.2,27,809,final
2025-09-08,celio,pantalon cargo homme,3.5,39,770,final
2025-09-09,celio,pantalon cargo homme,3.4,28,713,final
2025-09-10,celio,pantalon cargo homme,2.9,38,1570,final
2025-09-11,celio,pantalon cargo homme,3.3,43,817,final
2025-09-12,celio,pantalon cargo homme,3.0,36,812,final
2025-09-13,celio,pantalon cargo homme,3.0,46,964,final
2025-09-14,celio,pantalon cargo homme,3.4,51,945,final
2025-09-15,celio,pantalon cargo homme,4.0,33,795,final
2025-09-16,celio,pantalon cargo homme,3.3,28,732,final
2025-09-17,celio,pantalon cargo homme,3.6,32,759,final
2025-09-18,celio,pantalon cargo homme,2.9,28,652,final
2025-09-19,celio,pantalon cargo homme,3.3,25,615,final
2025-09-20,celio,pantalon cargo homme,3.7,31,780,final
2025-09-21,celio,pantalon cargo homme,3.6,33,935,final
2025-09-22,celio,pantalon cargo homme,4.1,32,794,final
2025-09-23,celio,pantalon cargo homme,4.6,27,776,final
2025-09-24,celio,pantalon cargo homme,3.9,34,890,final
2025-09-25,celio,pantalon cargo homme,4.3,44,826,final
2025-09-26,celio,pantalon cargo homme,4.1,32,824,final
2025-09-27,celio,pantalon cargo homme,3.9,46,974,final
2025-09-28,celio,pantalon cargo homme,4.2,47,1017,final
2025-09-29,celio,pantalon cargo homme,6.3,26,766,final
2025-09-30,celio,pantalon cargo homme,3.8,25,790,final
2025-10-01,celio,pantalon cargo homme,3.7,32,788,final
2025-10-02,celio,pantalon cargo homme,3.5,30,809,final
2025-10-03,celio,pantalon cargo homme,2.9,38,833,final
2025-10-04,celio,pantalon cargo homme,3,50,975,final
2025-10-05,celio,pantalon cargo homme,3.1,53,1034,final
2025-10-06,celio,pantalon cargo homme,2.6,47,859,final
2025-10-07,celio,pantalon cargo homme,3.5,36,805,final
2025-10-08,celio,pantalon cargo homme,3.3,41,851,final
2025-10-09,celio,pantalon cargo homme,2.7,41,772,final
2025-10-10,celio,pantalon cargo homme,3.4,21,752,final
2025-10-11,celio,pantalon cargo homme,2.3,43,883,final
2025-10-12,celio,pantalon cargo homme,2.3,42,946,final
2025-10-13,celio,pantalon cargo homme,2.1,33,815,final
2025-10-14,celio,pantalon cargo homme,2.1,39,751,final
2025-10-15,celio,pantalon cargo homme,2.7,39,788,final
2025-10-16,celio,pantalon cargo homme,3.0,29,701,final
2025-10-17,celio,pantalon cargo homme,2.7,31,678,final
2025-10-18,celio,pantalon cargo homme,3.2,38,936,final
2025-10-19,celio,pantalon cargo homme,3.2,57,961,final
2025-10-20,celio,pantalon cargo homme,2.9,31,838,final
2025-10-21,celio,pantalon cargo homme,3.1,34,1325,final
2025-10-22,celio,pantalon cargo homme,3.6,34,819,final
2025-10-23,celio,pantalon cargo homme,3.5,37,850,final
2025-10-24,celio,pantalon cargo homme,3.9,30,821,final
2025-10-25,celio,pantalon cargo homme,3.6,26,929,final
2025-10-26,celio,pantalon cargo homme,3.5,54,1013,final
2025-10-27,celio,pantalon cargo homme,3.4,35,852,final
2025-10-28,celio,pantalon cargo homme,3.9,31,798,final
2025-10-29,celio,pantalon cargo homme,3.6,27,844,final
2025-10-30,celio,pantalon cargo homme,3.2,36,806,final
2025-10-31,celio,pantalon cargo homme,2.8,36,778,final
2025-11-01,celio,pantalon cargo homme,3.1,52,1053,final
2025-11-02,celio,pantalon cargo homme,3.1,39,1152,final
2025-11-03,celio,pantalon cargo homme,3.2,37,901,final
2025-11-04,celio,pantalon cargo homme,3.0,33,818,final
2025-11-05,celio,pantalon cargo homme,3.3,44,889,final
2025-11-06,celio,pantalon cargo homme,4.2,23,828,final
2025-11-07,celio,pantalon cargo homme,5.0,25,871,final
2025-11-08,celio,pantalon cargo homme,4.4,22,1058,final
2025-11-09,celio,pantalon cargo homme,4.7,37,1085,final
2025-11-10,celio,pantalon cargo homme,5.5,35,1020,final
2025-11-11,celio,pantalon cargo homme,4.2,39,1109,final
2025-11-12,celio,pantalon cargo homme,3.3,41,979,final
2025-11-13,celio,pantalon cargo homme,3.3,29,828,final
2025-11-14,celio,pantalon cargo homme,3.0,33,897,final
2025-11-15,celio,pantalon cargo homme,2.9,46,1111,final
2025-11-16,celio,pantalon cargo homme,2.8,40,1198,final
2025-11-17,celio,pantalon cargo homme,3.1,43,998,final
2025-11-18,celio,pantalon cargo homme,2.8,48,873,final
2025-11-19,celio,pantalon cargo homme,2.5,46,955,final
2025-11-20,celio,pantalon cargo homme,3.1,28,886,final
2025-11-21,celio,pantalon cargo homme,2.7,42,941,final
2025-11-22,celio,pantalon cargo homme,2.8,57,1096,final
2025-11-23,celio,pantalon cargo homme,3.4,58,1156,final
2025-11-24,celio,pantalon cargo homme,3.4,49,1030,final
2025-11-25,celio,pantalon cargo homme,4.0,37,1019,final
2025-11-26,celio,pantalon cargo homme,4.5,36,1077,final
2025-11-27,celio,pantalon cargo homme,3.9,35,1111,final
2025-11-28,celio,pantalon cargo homme,4.9,45,1173,final
2025-11-29,celio,pantalon cargo homme,4.2,42,1333,final
2025-11-30,celio,pantalon cargo homme,4.7,43,1396,final
2025-12-01,celio,pantalon cargo homme,4.8,30,1198,final
2025-12-02,celio,pantalon cargo homme,5.2,36,1088,final
2025-12-03,celio,pantalon cargo homme,6.0,40,1158,final
2025-12-04,celio,pantalon cargo homme,5.9,37,1129,final
2025-12-05,celio,pantalon cargo homme,5.6,38,1140,final
2025-12-06,celio,pantalon cargo homme,4.8,49,1319,final
2025-12-07,celio,pantalon cargo homme,5.2,43,1297,final
2025-12-08,celio,pantalon cargo homme,5.2,46,1037,final
2025-12-09,celio,pantalon cargo homme,5.7,41,1173,final
2025-12-10,celio,pantalon cargo homme,4.7,47,1141,final
2025-12-11,celio,pantalon cargo homme,4.8,37,1094,final
2025-12-12,celio,pantalon cargo homme,4.5,39,1063,final
2025-12-13,celio,pantalon cargo homme,2.8,54,1225,final
2025-12-14,celio,pantalon cargo homme,2.7,62,1252,final
2025-12-15,celio,pantalon cargo homme,3.0,59,1099,final
2025-12-16,celio,pantalon cargo homme,3.0,52,1040,final
2025-12-17,celio,pantalon cargo homme,4.1,32,921,final
2025-12-18,celio,pantalon cargo homme,4.5,27,1090,final
2025-12-19,celio,pantalon cargo homme,4.6,28,901,final
2025-12-20,celio,pantalon cargo homme,4.5,40,975,final
2025-12-21,celio,pantalon cargo homme,3.5,31,945,final
2025-12-22,celio,pantalon cargo homme,2.8,42,962,final
2025-12-23,celio,pantalon cargo homme,2.8,31,775,final
2025-12-24,celio,pantalon cargo homme,3.0,27,741,final
2025-12-25,celio,pantalon cargo homme,2.9,39,771,final
2025-12-26,celio,pantalon cargo homme,2.7,47,894,final
2025-12-27,celio,pantalon cargo homme,2.9,46,771,final
2025-12-28,celio,pantalon cargo homme,3,39,782,final
2025-12-29,celio,pantalon cargo homme,3.1,40,752,final
2025-12-30,celio,pantalon cargo homme,3.8,32,723,final
2025-12-31,celio,pantalon cargo homme,3.6,28,604,final
2026-01-01,celio,pantalon cargo homme,4.0,28,707,final
2026-01-02,celio,pantalon cargo homme,3.5,36,733,final
2026-01-03,celio,pantalon cargo homme,5.0,41,744,final
2026-01-04,celio,pantalon cargo homme,4.5,31,736,final
2026-01-05,celio,pantalon cargo homme,4.9,30,596,final
2026-01-06,celio,pantalon cargo homme,5.1,30,678,final
2026-01-07,celio,pantalon cargo homme,4.1,36,958,final
2026-01-08,celio,pantalon cargo homme,4.3,29,834,final
2026-01-09,celio,pantalon cargo homme,5.4,25,881,final
2026-01-10,celio,pantalon cargo homme,4.7,36,979,final
2026-01-11,celio,pantalon cargo homme,3.6,36,1023,final
2026-01-12,celio,pantalon cargo homme,3.6,23,775,final
2026-01-13,celio,pantalon cargo homme,4.9,23,797,final
2026-01-14,celio,pantalon cargo homme,4.2,31,822,final
2026-01-15,celio,pantalon cargo homme,4.1,29,754,final
2026-01-16,celio,pantalon cargo homme,4.2,37,792,final
2026-01-17,celio,pantalon cargo homme,3.4,49,903,final
2026-01-18,celio,pantalon cargo homme,2.7,50,890,final
2026-01-19,celio,pantalon cargo homme,4.3,48,754,final
2026-01-20,celio,pantalon cargo homme,5.5,21,727,final
2026-01-21,celio,pantalon cargo homme,4.2,40,792,final
2026-01-22,celio,pantalon cargo homme,4.5,34,751,final
2026-01-23,celio,pantalon cargo homme,4.7,27,732,final
2026-01-24,celio,pantalon cargo homme,3.7,32,884,final
2026-01-25,celio,pantalon cargo homme,3.7,36,936,final
2026-01-26,celio,pantalon cargo homme,4.2,32,721,final
2026-01-27,celio,pantalon cargo homme,4.4,25,701,final
2026-01-28,celio,pantalon cargo homme,4.6,21,699,final
2026-01-29,celio,pantalon cargo homme,4.6,11,522,final
2026-01-30,celio,pantalon cargo homme,5.1,23,710,final
2026-01-31,celio,pantalon cargo homme,4.6,40,957,final
2026-02-01,celio,pantalon cargo homme,4.9,38,1022,final
2026-02-02,celio,pantalon cargo homme,4.9,33,783,final
2026-02-03,celio,pantalon cargo homme,3.7,28,720,final
2026-02-04,celio,pantalon cargo homme,6.9,29,755,final
2026-02-05,celio,pantalon cargo homme,7.4,30,810,final
2026-02-06,celio,pantalon cargo homme,5.6,24,739,final
2026-02-07,celio,pantalon cargo homme,2.7,50,850,final
2026-02-08,celio,pantalon cargo homme,2.3,46,933,final
2026-02-09,celio,pantalon cargo homme,4.1,24,714,final
2026-02-10,celio,pantalon cargo homme,4.3,35,710,final
2026-02-11,celio,pantalon cargo homme,2.8,34,1147,final
2026-02-12,celio,pantalon cargo homme,3.8,48,678,final
2026-02-13,celio,pantalon cargo homme,4.0,8,670,final
2026-02-14,celio,pantalon cargo homme,2.8,42,749,final
2026-02-15,celio,pantalon cargo homme,2.7,53,841,final
2026-02-16,celio,pantalon cargo homme,3.4,34,701,final
2026-02-17,celio,pantalon cargo homme,4.2,35,615,final
2026-02-18,celio,pantalon cargo homme,3.1,35,672,final
2026-02-19,celio,pantalon cargo homme,4.3,28,577,final
2026-02-20,celio,pantalon cargo homme,4.8,25,682,final
2026-02-21,celio,pantalon cargo homme,4.3,22,704,final
2026-02-22,celio,pantalon cargo homme,3.7,40,774,final
2026-02-23,celio,pantalon cargo homme,3.3,39,692,final
2026-02-24,celio,pantalon cargo homme,3.4,26,674,final
2026-02-25,celio,pantalon cargo homme,4.2,25,607,final
2026-02-26,celio,pantalon cargo homme,2.9,36,713,final
2026-02-27,celio,pantalon cargo homme,3.5,32,751,final
2026-02-28,celio,pantalon cargo homme,2.9,49,867,final
2026-03-01,celio,pantalon cargo homme,3.1,54,860,final
2026-03-02,celio,pantalon cargo homme,2.6,28,669,final
2026-03-03,celio,pantalon cargo homme,2.5,36,734,final
2026-03-04,celio,pantalon cargo homme,2.6,55,787,final
2026-03-05,celio,pantalon cargo homme,2.6,43,741,final
2026-03-06,celio,pantalon cargo homme,2.6,49,866,final
2026-03-07,celio,pantalon cargo homme,2.9,43,881,final
2026-03-08,celio,pantalon cargo homme,2.4,50,856,final
2026-03-09,celio,pantalon cargo homme,2.2,49,753,final
2026-03-10,celio,pantalon cargo homme,2.5,42,756,final
2026-03-11,celio,pantalon cargo homme,2.8,43,787,final
2026-03-12,celio,pantalon cargo homme,2.6,47,740,final
2026-03-13,celio,pantalon cargo homme,2.4,34,791,final
2026-03-14,celio,pantalon cargo homme,2.7,43,851,final
2026-03-15,celio,pantalon cargo homme,2.5,55,928,final
2026-03-16,celio,pantalon cargo homme,3.0,39,725,final
2026-03-17,celio,pantalon cargo homme,3.2,46,736,final
2026-03-18,celio,pantalon cargo homme,3.3,45,775,final
2026-03-19,celio,pantalon cargo homme,2.3,47,730,final
2026-03-20,celio,pantalon cargo homme,3.0,35,656,final
2026-03-21,celio,pantalon cargo homme,2.8,41,796,final
2026-03-22,celio,pantalon cargo homme,3.0,50,819,final
2026-03-23,celio,pantalon cargo homme,3.0,35,696,final
2026-03-24,celio,pantalon cargo homme,3.2,39,709,final
2026-03-25,celio,pantalon cargo homme,3.2,27,740,final
2026-03-26,celio,pantalon cargo homme,4.9,25,714,final
2026-03-27,celio,pantalon cargo homme,3.5,24,691,final
2026-03-28,celio,pantalon cargo homme,2.2,63,924,final
2026-03-29,celio,pantalon cargo homme,2.3,40,823,final
2026-03-30,celio,pantalon cargo homme,2.7,42,739,final
2026-03-31,celio,pantalon cargo homme,3.0,27,604,final
2026-04-01,celio,pantalon cargo homme,2.8,46,710,final
2026-04-02,celio,pantalon cargo homme,2.8,38,697,final
2026-04-03,celio,pantalon cargo homme,2.6,38,738,final
2026-04-04,celio,pantalon cargo homme,2.4,44,796,final
2026-04-05,celio,pantalon cargo homme,2.0,34,784,final
2026-04-06,celio,pantalon cargo homme,1.7,56,817,final
2026-04-07,celio,pantalon cargo homme,2.3,45,685,final
2026-04-08,celio,pantalon cargo homme,2.0,59,698,final
2026-04-09,celio,pantalon cargo homme,2.2,45,663,final
2026-04-10,celio,pantalon cargo homme,2.1,46,668,final
2026-04-11,celio,pantalon cargo homme,2.0,41,809,final
2026-04-12,celio,pantalon cargo homme,2.0,74,871,final
2026-04-13,celio,pantalon cargo homme,2.2,55,766,final
2026-04-14,celio,pantalon cargo homme,2.5,36,658,final
2026-04-15,celio,pantalon cargo homme,3.1,30,696,final
2026-04-16,celio,pantalon cargo homme,2.3,28,646,final
2026-04-17,celio,pantalon cargo homme,2.5,49,711,final
2026-04-18,celio,pantalon cargo homme,2.0,60,779,final
2026-04-19,celio,pantalon cargo homme,1.6,70,792,final
2026-04-20,celio,pantalon cargo homme,1.8,57,686,final
2026-04-21,celio,pantalon cargo homme,2.2,54,703,final
2026-04-22,celio,pantalon cargo homme,2.7,35,664,final
2026-04-23,celio,pantalon cargo homme,2.0,37,647,final
2026-04-24,celio,pantalon cargo homme,2.3,46,620,final
2026-04-25,celio,pantalon cargo homme,2.0,44,711,final
2026-04-26,celio,pantalon cargo homme,2.0,67,733,final
2026-04-27,celio,pantalon cargo homme,2.3,48,662,final
2026-04-28,celio,pantalon cargo homme,2.7,31,625,final
2026-04-29,celio,pantalon cargo homme,2.3,53,652,final
2026-04-30,celio,pantalon cargo homme,2.1,50,629,final
2026-05-01,celio,pantalon cargo homme,1.9,63,815,final
2026-05-02,celio,pantalon cargo homme,1.9,58,755,final
2026-05-03,celio,pantalon cargo homme,2.1,39,757,final
2026-05-04,celio,pantalon cargo homme,1.9,45,716,final
2026-05-05,celio,pantalon cargo homme,2.3,42,740,final
2026-05-06,celio,pantalon cargo homme,2.1,43,783,final
2026-05-07,celio,pantalon cargo homme,1.7,48,669,final
2026-05-08,celio,pantalon cargo homme,1.9,47,841,final
2026-05-09,celio,pantalon cargo homme,1.9,52,767,final
2026-05-10,celio,pantalon cargo homme,2.0,57,940,final
2026-05-11,celio,pantalon cargo homme,2.2,39,685,final
2026-05-12,celio,pantalon cargo homme,2.1,37,641,final
2026-05-13,celio,pantalon cargo homme,2.3,47,756,final
2026-05-14,celio,pantalon cargo homme,1.9,67,907,final
2026-05-15,celio,pantalon cargo homme,1.9,53,730,final
2026-05-16,celio,pantalon cargo homme,1.8,64,825,final
2026-05-17,celio,pantalon cargo homme,2.0,68,918,final
2026-05-18,celio,pantalon cargo homme,2.0,47,722,final
2026-05-19,celio,pantalon cargo homme,1.9,48,692,final
2026-05-20,celio,pantalon cargo homme,2.4,45,713,final
2026-05-21,celio,pantalon cargo homme,2.7,28,652,final
2026-05-22,celio,pantalon cargo homme,2.7,24,583,final
2026-05-23,celio,pantalon cargo homme,2.9,44,609,final
2026-05-24,celio,pantalon cargo homme,2.5,33,573,final
2026-05-25,celio,pantalon cargo homme,2.2,35,574,final
2026-05-26,celio,pantalon cargo homme,2.3,37,525,final
2026-05-27,celio,pantalon cargo homme,2.4,21,452,final
2026-05-28,celio,pantalon cargo homme,2.1,30,464,final
2026-05-29,celio,pantalon cargo homme,2.1,32,440,final
2026-05-30,celio,pantalon cargo homme,2.4,19,449,final
2026-05-31,celio,pantalon cargo homme,3.5,20,541,final
2026-06-01,celio,pantalon cargo homme,3.3,29,522,final
2026-06-02,celio,pantalon cargo homme,3.5,18,527,final
2026-06-03,celio,pantalon cargo homme,3.7,21,574,final
2026-06-04,celio,pantalon cargo homme,3.9,16,501,final
2026-06-05,celio,pantalon cargo homme,3.4,26,559,final
2026-06-06,celio,pantalon cargo homme,4.3,34,681,final
2026-06-07,celio,pantalon cargo homme,4.3,22,621,final
2026-06-08,celio,pantalon cargo homme,4.1,26,569,final
2026-06-09,celio,pantalon cargo homme,2.1,38,572,final
2026-06-10,celio,pantalon cargo homme,2.2,25,606,final
2026-06-11,celio,pantalon cargo homme,2.1,39,571,final
2026-06-12,celio,pantalon cargo homme,2.1,35,656,final
2026-06-13,celio,pantalon cargo homme,2.2,25,574,final
2026-06-14,celio,pantalon cargo homme,2.5,28,588,final
2026-06-15,celio,pantalon cargo homme,2.7,18,515,final
2026-06-16,celio,pantalon cargo homme,2.9,15,514,final
2026-06-17,celio,pantalon cargo homme,3.1,15,456,final
2026-06-18,celio,pantalon cargo homme,3.4,23,480,final
2026-06-19,celio,pantalon cargo homme,3.6,19,430,final
2026-06-20,celio,pantalon cargo homme,4.0,18,487,final
2026-06-21,celio,pantalon cargo homme,4.5,15,406,final
2026-06-22,celio,pantalon cargo homme,4.7,14,390,final
2026-06-23,celio,pantalon cargo homme,4.0,14,434,final
2026-06-24,celio,pantalon cargo homme,4.4,28,504,final
2026-06-25,celio,pantalon cargo homme,4.3,13,409,final
2026-06-26,celio,pantalon cargo homme,4.6,13,378,final
2026-06-27,celio,pantalon cargo homme,3.9,17,472,final
2026-06-28,celio,pantalon cargo homme,4.2,12,459,final
2026-06-29,celio,pantalon cargo homme,4.0,15,427,final
2026-06-30,celio,pantalon cargo homme,3.8,18,418,final
2026-07-01,celio,pantalon cargo homme,3.6,10,472,final
2026-07-02,celio,pantalon cargo homme,3.0,15,479,final
2026-07-03,celio,pantalon cargo homme,3.2,13,467,final
2026-07-04,celio,pantalon cargo homme,3.1,18,484,final
2026-07-05,celio,pantalon cargo homme,3.0,13,497,final
2026-07-06,celio,pantalon cargo homme,2.5,21,499,final
2026-07-07,celio,pantalon cargo homme,2.1,21,406,final
2026-07-08,celio,pantalon cargo homme,2.6,12,437,final
2026-07-09,celio,pantalon cargo homme,2.7,24,418,final
2026-07-10,celio,pantalon cargo homme,2.7,8,380,final
2026-07-11,celio,pantalon cargo homme,3.7,17,414,final
2026-07-12,celio,pantalon cargo homme,4.2,13,420,final
2026-07-13,celio,pantalon cargo homme,3.7,15,390,final
2026-07-14,celio,pantalon cargo homme,3.1,18,414,final
2026-07-15,celio,pantalon cargo homme,3.1,10,372,final
2026-07-16,celio,pantalon cargo homme,4,12,400,final
2026-07-17,celio,pantalon cargo homme,4.2,8,396,final
2026-07-18,celio,pantalon cargo homme,3.7,20,466,final
2026-07-19,celio,pantalon cargo homme,3.7,16,395,final
2026-07-20,celio,pantalon cargo homme,3.4,16,372,final
2026-07-21,celio,pantalon cargo homme,3.2,15,416,final
2026-07-22,celio,pantalon cargo homme,2.4,18,359,final
2026-07-23,celio,pantalon cargo homme,2.5,14,382,final
2026-07-24,celio,pantalon cargo homme,3.6,11,422,final
2026-07-25,celio,pantalon cargo homme,2.9,22,410,final
2026-07-26,celio,pantalon cargo homme,3.3,12,482,final
2026-07-27,celio,pantalon cargo homme,3.2,10,436,final
2026-07-28,celio,pantalon cargo homme,2.9,17,418,final
2026-07-29,celio,pantalon cargo homme,3.3,25,402,final
2026-07-30,celio,pantalon cargo homme,4.1,14,423,final
2026-07-31,celio,pantalon cargo homme,3.7,14,449,final
2026-08-01,celio,pantalon cargo homme,3.7,10,447,final
2026-08-02,celio,pantalon cargo homme,3.9,14,467,final
2026-08-03,celio,pantalon cargo homme,3.5,12,431,final
2026-08-04,celio,pantalon cargo homme,3.7,12,436,final
2026-08-05,celio,pantalon cargo homme,3.4,14,494,final
2026-08-06,celio,pantalon cargo homme,3.7,17,432,final
2026-08-07,celio,pantalon cargo homme,3.4,15,418,final
2026-08-08,celio,pantalon cargo homme,3.2,11,435,final
2026-08-09,celio,pantalon cargo homme,3.4,17,466,final
2026-08-10,celio,pantalon cargo homme,3.7,11,400,final
2026-08-11,celio,pantalon cargo homme,3.9,12,392,final
2026-08-12,celio,pantalon cargo homme,3.1,9,426,final
2026-08-13,celio,pantalon cargo homme,3.8,28,426,final
2026-08-14,celio,pantalon cargo homme,3.4,10,458,final
2026-08-15,celio,pantalon cargo homme,3.5,17,456,final
2026-08-16,celio,pantalon cargo homme,3.0,17,464,final
2026-08-17,celio,pantalon cargo homme,3.1,24,487,final
2026-08-18,celio,pantalon cargo homme,3.6,22,516,final
2026-08-19,celio,pantalon cargo homme,3.4,16,539,final
2026-08-20,celio,pantalon cargo homme,3.5,24,587,final
2026-08-21,celio,pantalon cargo homme,3.2,34,589,final
2026-08-22,celio,pantalon cargo homme,2.7,29,630,final
2026-08-23,celio,pantalon cargo homme,2.9,35,669,final
2026-08-24,celio,pantalon cargo homme,3.4,28,610,final
2026-08-25,celio,pantalon cargo homme,3.2,30,612,final
2026-08-26,celio,pantalon cargo homme,2.9,35,572,final
2026-08-27,celio,pantalon cargo homme,4.4,26,583,final
2026-08-28,celio,pantalon cargo homme,4.8,26,674,final
2026-08-29,celio,pantalon cargo homme,5.3,18,728,final
2026-08-30,celio,pantalon cargo homme,5.4,21,718,final
2026-08-31,celio,pantalon cargo homme,5.4,14,705,final
2026-09-01,celio,pantalon cargo homme,5.4,19,605,final
2026-09-02,celio,pantalon cargo homme,4.5,26,659,final
2026-09-03,celio,pantalon cargo homme,5.0,14,574,final
2026-09-04,celio,pantalon cargo homme,5.2,24,595,final
2026-09-05,celio,pantalon cargo homme,4.6,13,658,final
2026-09-06,celio,pantalon cargo homme,4.1,26,673,final
2026-09-07,celio,pantalon cargo homme,4.2,28,580,final
2026-09-08,celio,pantalon cargo homme,5.9,15,601,final
2026-09-09,celio,pantalon cargo homme,6.2,13,588,final
2026-09-10,celio,pantalon cargo homme,4.7,27,618,final
2026-09-11,celio,pantalon cargo homme,5.0,12,529,final
2026-09-12,celio,pantalon cargo homme,4.7,26,676,final
2026-09-13,celio,pantalon cargo homme,4.5,22,686,final
2026-09-14,celio,pantalon cargo homme,4.4,14,517,final
2026-09-15,celio,pantalon cargo homme,4.8,18,508,final
2026-09-16,celio,pantalon cargo homme,4.0,22,616,final
2026-09-17,celio,pantalon cargo homme,3.9,17,627,final
2026-09-18,celio,pantalon cargo homme,4.7,22,580,final
2026-09-19,celio,pantalon cargo homme,4.5,21,644,final
2026-09-20,celio,pantalon cargo homme,4.2,33,743,final
2026-09-21,celio,pantalon cargo homme,5.0,18,520,final
2026-09-22,celio,pantalon cargo homme,4.4,22,536,final
2026-09-23,celio,pantalon cargo homme,2.7,25,611,final
2026-09-24,celio,pantalon cargo homme,3.1,27,595,final
2026-09-25,celio,pantalon cargo homme,2.8,26,566,final
2026-09-26,celio,pantalon cargo homme,2.3,54,662,final
2026-09-27,celio,pantalon cargo homme,2.3,41,697,final
2026-09-28,celio,pantalon cargo homme,2.7,36,635,final
2026-09-29,celio,pantalon cargo homme,2.6,40,645,fresh
2026-09-30,celio,pantalon cargo homme,3.1,25,593,fresh
2025-06-08,celio,pantalon chino homme,3.4,12,455,final
2025-06-09,celio,pantalon chino homme,3.2,15,473,final
2025-06-10,celio,pantalon chino homme,3.5,13,435,final
2025-06-11,celio,pantalon chino homme,3.4,22,456,final
2025-06-12,celio,pantalon chino homme,3.5,13,405,final
2025-06-13,celio,pantalon chino homme,3.4,11,403,final
2025-06-14,celio,pantalon chino homme,3.4,5,433,final
2025-06-15,celio,pantalon chino homme,3.3,18,468,final
2025-06-16,celio,pantalon chino homme,3.4,14,345,final
2025-06-17,celio,pantalon chino homme,3.3,16,395,final
2025-06-18,celio,pantalon chino homme,3.3,14,427,final
2025-06-19,celio,pantalon chino homme,3.5,13,375,final
2025-06-20,celio,pantalon chino homme,3.4,5,387,final
2025-06-21,celio,pantalon chino homme,3.6,7,388,final
2025-06-22,celio,pantalon chino homme,3.4,18,387,final
2025-06-23,celio,pantalon chino homme,3.4,11,384,final
2025-06-24,celio,pantalon chino homme,3.4,14,411,final
2025-06-25,celio,pantalon chino homme,3.2,22,497,final
2025-06-26,celio,pantalon chino homme,3.3,6,430,final
2025-06-27,celio,pantalon chino homme,3.3,7,403,final
2025-06-28,celio,pantalon chino homme,3.3,16,494,final
2025-06-29,celio,pantalon chino homme,3.4,9,443,final
2025-06-30,celio,pantalon chino homme,3.2,10,394,final
2025-07-01,celio,pantalon chino homme,3.2,13,415,final
2025-07-02,celio,pantalon chino homme,3.6,13,431,final
2025-07-03,celio,pantalon chino homme,3.6,13,378,final
2025-07-04,celio,pantalon chino homme,3.7,5,351,final
2025-07-05,celio,pantalon chino homme,4.0,8,436,final
2025-07-06,celio,pantalon chino homme,4.3,13,476,final
2025-07-07,celio,pantalon chino homme,4.3,3,379,final
2025-07-08,celio,pantalon chino homme,4.3,4,371,final
2025-07-09,celio,pantalon chino homme,4.3,8,337,final
2025-07-10,celio,pantalon chino homme,3.7,10,343,final
2025-07-11,celio,pantalon chino homme,4.0,9,346,final
2025-07-12,celio,pantalon chino homme,4.3,6,373,final
2025-07-13,celio,pantalon chino homme,4.3,16,331,final
2025-07-14,celio,pantalon chino homme,4.4,9,354,final
2025-07-15,celio,pantalon chino homme,4.2,10,339,final
2025-07-16,celio,pantalon chino homme,4.3,8,340,final
2025-07-17,celio,pantalon chino homme,3.9,8,325,final
2025-07-18,celio,pantalon chino homme,4.4,5,321,final
2025-07-19,celio,pantalon chino homme,5.4,9,409,final
2025-07-20,celio,pantalon chino homme,6.1,7,348,final
2025-07-21,celio,pantalon chino homme,5.4,6,347,final
2025-07-22,celio,pantalon chino homme,6.8,5,327,final
2025-07-23,celio,pantalon chino homme,6.5,1,344,final
2025-07-24,celio,pantalon chino homme,5.1,7,298,final
2025-07-25,celio,pantalon chino homme,4.7,3,266,final
2025-07-26,celio,pantalon chino homme,5.2,3,312,final
2025-07-27,celio,pantalon chino homme,5.3,8,288,final
2025-07-28,celio,pantalon chino homme,6.2,4,297,final
2025-07-29,celio,pantalon chino homme,5.5,6,308,final
2025-07-30,celio,pantalon chino homme,5.0,8,317,final
2025-07-31,celio,pantalon chino homme,4.6,3,279,final
2025-08-01,celio,pantalon chino homme,2.4,8,301,final
2025-08-02,celio,pantalon chino homme,3.5,9,339,final
2025-08-03,celio,pantalon chino homme,4.1,6,264,final
2025-08-04,celio,pantalon chino homme,4.3,8,297,final
2025-08-05,celio,pantalon chino homme,3.7,5,306,final
2025-08-06,celio,pantalon chino homme,4.1,3,295,final
2025-08-07,celio,pantalon chino homme,4.1,5,308,final
2025-08-08,celio,pantalon chino homme,4.0,3,276,final
2025-08-09,celio,pantalon chino homme,4.3,5,292,final
2025-08-10,celio,pantalon chino homme,4.4,6,305,final
2025-08-11,celio,pantalon chino homme,4.6,5,266,final
2025-08-12,celio,pantalon chino homme,3.9,3,274,final
2025-08-13,celio,pantalon chino homme,4.3,6,294,final
2025-08-14,celio,pantalon chino homme,3.9,7,278,final
2025-08-15,celio,pantalon chino homme,3.6,4,248,final
2025-08-16,celio,pantalon chino homme,4.5,7,294,final
2025-08-17,celio,pantalon chino homme,4.6,6,336,final
2025-08-18,celio,pantalon chino homme,4.2,9,317,final
2025-08-19,celio,pantalon chino homme,4.0,2,321,final
2025-08-20,celio,pantalon chino homme,3.5,6,316,final
2025-08-21,celio,pantalon chino homme,3.4,4,319,final
2025-08-22,celio,pantalon chino homme,3.7,3,340,final
2025-08-23,celio,pantalon chino homme,3.5,6,334,final
2025-08-24,celio,pantalon chino homme,3.5,15,331,final
2025-08-25,celio,pantalon chino homme,3.6,10,319,final
2025-08-26,celio,pantalon chino homme,3.4,3,315,final
2025-08-27,celio,pantalon chino homme,3.4,5,373,final
2025-08-28,celio,pantalon chino homme,3.4,5,398,final
2025-08-29,celio,pantalon chino homme,3.3,6,381,final
2025-08-30,celio,pantalon chino homme,3.5,8,437,final
2025-08-31,celio,pantalon chino homme,3.1,11,408,final
2025-09-01,celio,pantalon chino homme,2.9,12,368,final
2025-09-02,celio,pantalon chino homme,3.1,12,412,final
2025-09-03,celio,pantalon chino homme,3.0,12,405,final
2025-09-04,celio,pantalon chino homme,3.1,14,381,final
2025-09-05,celio,pantalon chino homme,2.1,18,401,final
2025-09-06,celio,pantalon chino homme,2.0,18,443,final
2025-09-07,celio,pantalon chino homme,2.0,19,433,final
2025-09-08,celio,pantalon chino homme,2.5,11,371,final
2025-09-09,celio,pantalon chino homme,3.3,11,357,final
2025-09-10,celio,pantalon chino homme,3.5,12,375,final
2025-09-11,celio,pantalon chino homme,3.1,11,360,final
2025-09-12,celio,pantalon chino homme,3.1,3,381,final
2025-09-13,celio,pantalon chino homme,3.1,4,424,final
2025-09-14,celio,pantalon chino homme,3.1,11,421,final
2025-09-15,celio,pantalon chino homme,3.0,11,377,final
2025-09-16,celio,pantalon chino homme,1.8,16,353,final
2025-09-17,celio,pantalon chino homme,1.4,19,339,final
2025-09-18,celio,pantalon chino homme,1.5,8,334,final
2025-09-19,celio,pantalon chino homme,1.3,13,343,final
2025-09-20,celio,pantalon chino homme,2.3,12,392,final
2025-09-21,celio,pantalon chino homme,2.5,5,415,final
2025-09-22,celio,pantalon chino homme,2.7,4,301,final
2025-09-23,celio,pantalon chino homme,2.6,14,312,final
2025-09-24,celio,pantalon chino homme,2.7,14,349,final
2025-09-25,celio,pantalon chino homme,2.7,13,344,final
2025-09-26,celio,pantalon chino homme,1.7,19,344,final
2025-09-27,celio,pantalon chino homme,1.3,21,407,final
2025-09-28,celio,pantalon chino homme,1.9,24,430,final
2025-09-29,celio,pantalon chino homme,1.8,27,348,final
2025-09-30,celio,pantalon chino homme,2.4,10,323,final
2025-10-01,celio,pantalon chino homme,2.7,10,299,final
2025-10-02,celio,pantalon chino homme,2.7,12,325,final
2025-10-03,celio,pantalon chino homme,2.8,11,289,final
2025-10-04,celio,pantalon chino homme,3.6,10,398,final
2025-10-05,celio,pantalon chino homme,3.1,12,397,final
2025-10-06,celio,pantalon chino homme,3.8,5,312,final
2025-10-07,celio,pantalon chino homme,3.5,8,298,final
2025-10-08,celio,pantalon chino homme,2.7,13,305,final
2025-10-09,celio,pantalon chino homme,2.5,7,318,final
2025-10-10,celio,pantalon chino homme,2.7,7,274,final
2025-10-11,celio,pantalon chino homme,2.9,7,359,final
2025-10-12,celio,pantalon chino homme,2.8,15,350,final
2025-10-13,celio,pantalon chino homme,2.7,7,301,final
2025-10-14,celio,pantalon chino homme,2.1,12,293,final
2025-10-15,celio,pantalon chino homme,1.5,14,306,final
2025-10-16,celio,pantalon chino homme,1.6,13,257,final
2025-10-17,celio,pantalon chino homme,1.7,14,319,final
2025-10-18,celio,pantalon chino homme,1.5,12,379,final
2025-10-19,celio,pantalon chino homme,1.5,13,377,final
2025-10-20,celio,pantalon chino homme,1.6,12,295,final
2025-10-21,celio,pantalon chino homme,1.8,11,321,final
2025-10-22,celio,pantalon chino homme,2.2,12,305,final
2025-10-23,celio,pantalon chino homme,2.6,13,318,final
2025-10-24,celio,pantalon chino homme,3.4,7,348,final
2025-10-25,celio,pantalon chino homme,2.2,16,348,final
2025-10-26,celio,pantalon chino homme,2.0,11,356,final
2025-10-27,celio,pantalon chino homme,1.9,9,307,final
2025-10-28,celio,pantalon chino homme,2.1,9,290,final
2025-10-29,celio,pantalon chino homme,2.0,13,349,final
2025-10-30,celio,pantalon chino homme,2.0,10,303,final
2025-10-31,celio,pantalon chino homme,1.8,16,310,final
2025-11-01,celio,pantalon chino homme,2.0,17,388,final
2025-11-02,celio,pantalon chino homme,1.8,19,387,final
2025-11-03,celio,pantalon chino homme,1.8,22,353,final
2025-11-04,celio,pantalon chino homme,1.7,15,297,final
2025-11-05,celio,pantalon chino homme,1.9,13,329,final
2025-11-06,celio,pantalon chino homme,4.3,8,341,final
2025-11-07,celio,pantalon chino homme,4.1,7,362,final
2025-11-08,celio,pantalon chino homme,4.3,8,406,final
2025-11-09,celio,pantalon chino homme,4.1,9,390,final
2025-11-10,celio,pantalon chino homme,4.2,10,365,final
2025-11-11,celio,pantalon chino homme,4.1,10,458,final
2025-11-12,celio,pantalon chino homme,4.4,4,331,final
2025-11-13,celio,pantalon chino homme,4.6,7,347,final
2025-11-14,celio,pantalon chino homme,4.1,12,327,final
2025-11-15,celio,pantalon chino homme,4.1,8,399,final
2025-11-16,celio,pantalon chino homme,4.4,9,467,final
2025-11-17,celio,pantalon chino homme,4.0,10,334,final
2025-11-18,celio,pantalon chino homme,2.2,12,319,final
2025-11-19,celio,pantalon chino homme,1.9,16,358,final
2025-11-20,celio,pantalon chino homme,2.4,18,348,final
2025-11-21,celio,pantalon chino homme,1.9,16,403,final
2025-11-22,celio,pantalon chino homme,2.0,26,415,final
2025-11-23,celio,pantalon chino homme,1.6,20,456,final
2025-11-24,celio,pantalon chino homme,1.4,22,401,final
2025-11-25,celio,pantalon chino homme,1.5,14,380,final
2025-11-26,celio,pantalon chino homme,1.5,11,378,final
2025-11-27,celio,pantalon chino homme,1.9,30,468,final
2025-11-28,celio,pantalon chino homme,2.0,21,490,final
2025-11-29,celio,pantalon chino homme,2.4,22,559,final
2025-11-30,celio,pantalon chino homme,2.2,22,540,final
2025-12-01,celio,pantalon chino homme,1.9,14,402,final
2025-12-02,celio,pantalon chino homme,2.3,13,404,final
2025-12-03,celio,pantalon chino homme,3.4,14,445,final
2025-12-04,celio,pantalon chino homme,1.7,13,396,final
2025-12-05,celio,pantalon chino homme,1.9,23,384,final
2025-12-06,celio,pantalon chino homme,1.8,28,464,final
2025-12-07,celio,pantalon chino homme,1.5,24,478,final
2025-12-08,celio,pantalon chino homme,1.7,19,411,final
2025-12-09,celio,pantalon chino homme,1.8,24,411,final
2025-12-10,celio,pantalon chino homme,1.6,21,390,final
2025-12-11,celio,pantalon chino homme,1.7,13,343,final
2025-12-12,celio,pantalon chino homme,1.9,19,375,final
2025-12-13,celio,pantalon chino homme,2.0,21,395,final
2025-12-14,celio,pantalon chino homme,2.0,31,474,final
2025-12-15,celio,pantalon chino homme,2.0,23,374,final
2025-12-16,celio,pantalon chino homme,1.9,18,344,final
2025-12-17,celio,pantalon chino homme,2.1,12,335,final
2025-12-18,celio,pantalon chino homme,2.0,75,1962,final
2025-12-19,celio,pantalon chino homme,2.2,13,329,final
2025-12-20,celio,pantalon chino homme,1.8,16,380,final
2025-12-21,celio,pantalon chino homme,1.7,22,393,final
2025-12-22,celio,pantalon chino homme,1.9,15,392,final
2025-12-23,celio,pantalon chino homme,1.9,14,342,final
2025-12-24,celio,pantalon chino homme,2.4,10,365,final
2025-12-25,celio,pantalon chino homme,1.8,17,399,final
2025-12-26,celio,pantalon chino homme,1.6,23,363,final
2025-12-27,celio,pantalon chino homme,1.7,20,380,final
2025-12-28,celio,pantalon chino homme,1.9,13,307,final
2025-12-29,celio,pantalon chino homme,3.4,13,356,final
2025-12-30,celio,pantalon chino homme,2.5,9,355,final
2025-12-31,celio,pantalon chino homme,3.4,8,335,final
2026-01-01,celio,pantalon chino homme,2.2,4,269,final
2026-01-02,celio,pantalon chino homme,3.2,10,326,final
2026-01-03,celio,pantalon chino homme,1.7,10,359,final
2026-01-04,celio,pantalon chino homme,1.9,9,341,final
2026-01-05,celio,pantalon chino homme,1.9,12,287,final
2026-01-06,celio,pantalon chino homme,2.1,15,271,final
2026-01-07,celio,pantalon chino homme,1.8,16,393,final
2026-01-08,celio,pantalon chino homme,2.4,11,332,final
2026-01-09,celio,pantalon chino homme,2.9,7,357,final
2026-01-10,celio,pantalon chino homme,2.7,7,420,final
2026-01-11,celio,pantalon chino homme,2.3,9,427,final
2026-01-12,celio,pantalon chino homme,1.9,19,340,final
2026-01-13,celio,pantalon chino homme,2.1,9,305,final
2026-01-14,celio,pantalon chino homme,1.9,10,340,final
2026-01-15,celio,pantalon chino homme,2.0,17,286,final
2026-01-16,celio,pantalon chino homme,2,11,330,final
2026-01-17,celio,pantalon chino homme,2.0,16,390,final
2026-01-18,celio,pantalon chino homme,2.7,11,406,final
2026-01-19,celio,pantalon chino homme,3.2,7,284,final
2026-01-20,celio,pantalon chino homme,2.9,6,306,final
2026-01-21,celio,pantalon chino homme,2.6,17,317,final
2026-01-22,celio,pantalon chino homme,2.4,15,330,final
2026-01-23,celio,pantalon chino homme,1.8,12,306,final
2026-01-24,celio,pantalon chino homme,2.2,13,393,final
2026-01-25,celio,pantalon chino homme,2.3,14,348,final
2026-01-26,celio,pantalon chino homme,2.0,12,320,final
2026-01-27,celio,pantalon chino homme,1.6,22,302,final
2026-01-28,celio,pantalon chino homme,2.1,13,315,final
2026-01-29,celio,pantalon chino homme,3.3,11,267,final
2026-01-30,celio,pantalon chino homme,3.4,10,315,final
2026-01-31,celio,pantalon chino homme,2.9,17,447,final
2026-02-01,celio,pantalon chino homme,2.5,16,379,final
2026-02-02,celio,pantalon chino homme,2.8,14,270,final
2026-02-03,celio,pantalon chino homme,2.7,10,294,final
2026-02-04,celio,pantalon chino homme,2.6,13,318,final
2026-02-05,celio,pantalon chino homme,2.6,6,294,final
2026-02-06,celio,pantalon chino homme,2.5,12,287,final
2026-02-07,celio,pantalon chino homme,2.9,8,326,final
2026-02-08,celio,pantalon chino homme,2.7,10,357,final
2026-02-09,celio,pantalon chino homme,3.0,22,307,final
2026-02-10,celio,pantalon chino homme,2.6,21,274,final
2026-02-11,celio,pantalon chino homme,2.9,14,283,final
2026-02-12,celio,pantalon chino homme,2.8,10,260,final
2026-02-13,celio,pantalon chino homme,2.6,8,250,final
2026-02-14,celio,pantalon chino homme,2.1,16,332,final
2026-02-15,celio,pantalon chino homme,1.9,18,328,final
2026-02-16,celio,pantalon chino homme,2.8,13,286,final
2026-02-17,celio,pantalon chino homme,2.3,14,255,final
2026-02-18,celio,pantalon chino homme,1.9,15,239,final
2026-02-19,celio,pantalon chino homme,1.8,16,261,final
2026-02-20,celio,pantalon chino homme,3.0,15,297,final
2026-02-21,celio,pantalon chino homme,2.6,10,298,final
2026-02-22,celio,pantalon chino homme,1.9,23,323,final
2026-02-23,celio,pantalon chino homme,2.1,11,272,final
2026-02-24,celio,pantalon chino homme,2.8,15,277,final
2026-02-25,celio,pantalon chino homme,3.0,5,283,final
2026-02-26,celio,pantalon chino homme,2.4,8,295,final
2026-02-27,celio,pantalon chino homme,2.7,16,335,final
2026-02-28,celio,pantalon chino homme,1.6,19,382,final
2026-03-01,celio,pantalon chino homme,1.9,16,308,final
2026-03-02,celio,pantalon chino homme,1.9,11,306,final
2026-03-03,celio,pantalon chino homme,1.5,15,286,final
2026-03-04,celio,pantalon chino homme,1.8,16,309,final
2026-03-05,celio,pantalon chino homme,3.6,10,341,final
2026-03-06,celio,pantalon chino homme,5.5,10,334,final
2026-03-07,celio,pantalon chino homme,5.7,14,389,final
2026-03-08,celio,pantalon chino homme,3.1,13,395,final
2026-03-09,celio,pantalon chino homme,2.1,16,337,final
2026-03-10,celio,pantalon chino homme,2.8,21,314,final
2026-03-11,celio,pantalon chino homme,3.1,19,388,final
2026-03-12,celio,pantalon chino homme,2.4,21,345,final
2026-03-13,celio,pantalon chino homme,3.1,20,347,final
2026-03-14,celio,pantalon chino homme,2.6,16,422,final
2026-03-15,celio,pantalon chino homme,2.6,27,386,final
2026-03-16,celio,pantalon chino homme,2.5,10,324,final
2026-03-17,celio,pantalon chino homme,2.5,27,333,final
2026-03-18,celio,pantalon chino homme,3.4,18,365,final
2026-03-19,celio,pantalon chino homme,2.8,14,316,final
2026-03-20,celio,pantalon chino homme,3.3,17,336,final
2026-03-21,celio,pantalon chino homme,2.4,23,442,final
2026-03-22,celio,pantalon chino homme,2.9,21,420,final
2026-03-23,celio,pantalon chino homme,3.7,20,297,final
2026-03-24,celio,pantalon chino homme,2.5,16,315,final
2026-03-25,celio,pantalon chino homme,3.0,8,324,final
2026-03-26,celio,pantalon chino homme,3.1,20,339,final
2026-03-27,celio,pantalon chino homme,2.6,12,305,final
2026-03-28,celio,pantalon chino homme,2.5,17,406,final
2026-03-29,celio,pantalon chino homme,3.3,13,394,final
2026-03-30,celio,pantalon chino homme,3.3,21,356,final
2026-03-31,celio,pantalon chino homme,4.6,22,353,final
2026-04-01,celio,pantalon chino homme,2.4,21,342,final
2026-04-02,celio,pantalon chino homme,2.6,15,343,final
2026-04-03,celio,pantalon chino homme,3.8,14,362,final
2026-04-04,celio,pantalon chino homme,1.9,15,398,final
2026-04-05,celio,pantalon chino homme,1.9,20,441,final
2026-04-06,celio,pantalon chino homme,1.8,24,398,final
2026-04-07,celio,pantalon chino homme,2.2,17,352,final
2026-04-08,celio,pantalon chino homme,1.7,21,357,final
2026-04-09,celio,pantalon chino homme,1.6,19,407,final
2026-04-10,celio,pantalon chino homme,1.7,19,354,final
2026-04-11,celio,pantalon chino homme,1.6,32,457,final
2026-04-12,celio,pantalon chino homme,2.0,36,425,final
2026-04-13,celio,pantalon chino homme,1.5,19,418,final
2026-04-14,celio,pantalon chino homme,2.0,10,369,final
2026-04-15,celio,pantalon chino homme,2.2,20,370,final
2026-04-16,celio,pantalon chino homme,2.0,21,346,final
2026-04-17,celio,pantalon chino homme,2.0,20,406,final
2026-04-18,celio,pantalon chino homme,2.2,25,441,final
2026-04-19,celio,pantalon chino homme,1.6,20,416,final
2026-04-20,celio,pantalon chino homme,1.5,23,353,final
2026-04-21,celio,pantalon chino homme,1.7,17,375,final
2026-04-22,celio,pantalon chino homme,2.2,28,378,final
2026-04-23,celio,pantalon chino homme,1.5,13,395,final
2026-04-24,celio,pantalon chino homme,2.1,24,394,final
2026-04-25,celio,pantalon chino homme,1.6,18,381,final
2026-04-26,celio,pantalon chino homme,1.8,19,410,final
2026-04-27,celio,pantalon chino homme,1.9,22,380,final
2026-04-28,celio,pantalon chino homme,2.0,22,407,final
2026-04-29,celio,pantalon chino homme,2.5,22,431,final
2026-04-30,celio,pantalon chino homme,4.1,18,423,final
2026-05-01,celio,pantalon chino homme,2.9,17,449,final
2026-05-02,celio,pantalon chino homme,2.4,25,489,final
2026-05-03,celio,pantalon chino homme,2.3,36,496,final
2026-05-04,celio,pantalon chino homme,2.2,20,438,final
2026-05-05,celio,pantalon chino homme,1.8,26,410,final
2026-05-06,celio,pantalon chino homme,1.9,26,415,final
2026-05-07,celio,pantalon chino homme,2.6,22,416,final
2026-05-08,celio,pantalon chino homme,2.0,21,441,final
2026-05-09,celio,pantalon chino homme,2.1,21,456,final
2026-05-10,celio,pantalon chino homme,2.2,22,461,final
2026-05-11,celio,pantalon chino homme,1.9,18,411,final
2026-05-12,celio,pantalon chino homme,1.6,21,383,final
2026-05-13,celio,pantalon chino homme,1.2,29,365,final
2026-05-14,celio,pantalon chino homme,1.7,29,495,final
2026-05-15,celio,pantalon chino homme,1.3,18,448,final
2026-05-16,celio,pantalon chino homme,1.3,21,454,final
2026-05-17,celio,pantalon chino homme,1.4,18,435,final
2026-05-18,celio,pantalon chino homme,1.8,12,376,final
2026-05-19,celio,pantalon chino homme,1.8,22,360,final
2026-05-20,celio,pantalon chino homme,1.5,36,429,final
2026-05-21,celio,pantalon chino homme,2.2,21,370,final
2026-05-22,celio,pantalon chino homme,1.5,12,372,final
2026-05-23,celio,pantalon chino homme,1.4,20,400,final
2026-05-24,celio,pantalon chino homme,1.4,20,391,final
2026-05-25,celio,pantalon chino homme,1.3,28,405,final
2026-05-26,celio,pantalon chino homme,1.2,13,367,final
2026-05-27,celio,pantalon chino homme,1.2,24,407,final
2026-05-28,celio,pantalon chino homme,1.3,22,392,final
2026-05-29,celio,pantalon chino homme,1.5,16,348,final
2026-05-30,celio,pantalon chino homme,1.3,23,374,final
2026-05-31,celio,pantalon chino homme,1.4,29,421,final
2026-06-01,celio,pantalon chino homme,1.6,22,397,final
2026-06-02,celio,pantalon chino homme,1.5,20,375,final
2026-06-03,celio,pantalon chino homme,1.2,32,376,final
2026-06-04,celio,pantalon chino homme,1.3,25,350,final
2026-06-05,celio,pantalon chino homme,1.2,23,351,final
2026-06-06,celio,pantalon chino homme,1.3,26,443,final
2026-06-07,celio,pantalon chino homme,1.3,28,394,final
2026-06-08,celio,pantalon chino homme,1.4,13,379,final
2026-06-09,celio,pantalon chino homme,1.8,19,337,final
2026-06-10,celio,pantalon chino homme,1.3,17,378,final
2026-06-11,celio,pantalon chino homme,1.3,22,350,final
2026-06-12,celio,pantalon chino homme,1.6,16,341,final
2026-06-13,celio,pantalon chino homme,1.3,14,379,final
2026-06-14,celio,pantalon chino homme,1.5,21,395,final
2026-06-15,celio,pantalon chino homme,1.4,15,374,final
2026-06-16,celio,pantalon chino homme,1.5,15,328,final
2026-06-17,celio,pantalon chino homme,1.4,13,361,final
2026-06-18,celio,pantalon chino homme,1.5,22,375,final
2026-06-19,celio,pantalon chino homme,1.3,19,359,final
2026-06-20,celio,pantalon chino homme,1.2,25,404,final
2026-06-21,celio,pantalon chino homme,1.4,28,395,final
2026-06-22,celio,pantalon chino homme,1.4,17,333,final
2026-06-23,celio,pantalon chino homme,1.3,27,354,final
2026-06-24,celio,pantalon chino homme,1.4,28,455,final
2026-06-25,celio,pantalon chino homme,1.6,9,337,final
2026-06-26,celio,pantalon chino homme,1.4,22,395,final
2026-06-27,celio,pantalon chino homme,1.2,25,398,final
2026-06-28,celio,pantalon chino homme,1.3,26,423,final
2026-06-29,celio,pantalon chino homme,1.3,27,380,final
2026-06-30,celio,pantalon chino homme,1.2,17,352,final
2026-07-01,celio,pantalon chino homme,1.7,26,381,final
2026-07-02,celio,pantalon chino homme,1.4,21,369,final
2026-07-03,celio,pantalon chino homme,1.2,30,435,final
2026-07-04,celio,pantalon chino homme,1.2,25,429,final
2026-07-05,celio,pantalon chino homme,2.2,17,403,final
2026-07-06,celio,pantalon chino homme,1.4,13,353,final
2026-07-07,celio,pantalon chino homme,1.5,20,315,final
2026-07-08,celio,pantalon chino homme,1.5,20,295,final
2026-07-09,celio,pantalon chino homme,1.4,14,345,final
2026-07-10,celio,pantalon chino homme,1.5,14,282,final
2026-07-11,celio,pantalon chino homme,2.6,21,350,final
2026-07-12,celio,pantalon chino homme,2.6,15,311,final
2026-07-13,celio,pantalon chino homme,3.0,7,314,final
2026-07-14,celio,pantalon chino homme,3.7,8,292,final
2026-07-15,celio,pantalon chino homme,3.0,14,304,final
2026-07-16,celio,pantalon chino homme,2.3,22,278,final
2026-07-17,celio,pantalon chino homme,1.9,11,292,final
2026-07-18,celio,pantalon chino homme,1.5,17,334,final
2026-07-19,celio,pantalon chino homme,1.8,8,267,final
2026-07-20,celio,pantalon chino homme,1.5,13,284,final
2026-07-21,celio,pantalon chino homme,2.3,14,277,final
2026-07-22,celio,pantalon chino homme,1.9,15,297,final
2026-07-23,celio,pantalon chino homme,2.5,11,281,final
2026-07-24,celio,pantalon chino homme,2.5,9,252,final
2026-07-25,celio,pantalon chino homme,2.4,11,334,final
2026-07-26,celio,pantalon chino homme,2.3,10,304,final
2026-07-27,celio,pantalon chino homme,1.5,9,275,final
2026-07-28,celio,pantalon chino homme,1.8,10,320,final
2026-07-29,celio,pantalon chino homme,3.6,15,305,final
2026-07-30,celio,pantalon chino homme,4.2,3,264,final
2026-07-31,celio,pantalon chino homme,2.9,9,293,final
2026-08-01,celio,pantalon chino homme,1.8,4,312,final
2026-08-02,celio,pantalon chino homme,2.9,11,277,final
2026-08-03,celio,pantalon chino homme,2.2,14,290,final
2026-08-04,celio,pantalon chino homme,2.1,14,307,final
2026-08-05,celio,pantalon chino homme,2.1,6,309,final
2026-08-06,celio,pantalon chino homme,1.8,11,284,final
2026-08-07,celio,pantalon chino homme,1.9,14,313,final
2026-08-08,celio,pantalon chino homme,2.1,15,282,final
2026-08-09,celio,pantalon chino homme,2.3,16,308,final
2026-08-10,celio,pantalon chino homme,2.1,13,292,final
2026-08-11,celio,pantalon chino homme,2.2,10,250,final
2026-08-12,celio,pantalon chino homme,2.3,13,261,final
2026-08-13,celio,pantalon chino homme,1.6,14,274,final
2026-08-14,celio,pantalon chino homme,1.4,19,261,final
2026-08-15,celio,pantalon chino homme,1.9,12,265,final
2026-08-16,celio,pantalon chino homme,1.8,8,288,final
2026-08-17,celio,pantalon chino homme,2.4,13,266,final
2026-08-18,celio,pantalon chino homme,2.3,18,303,final
2026-08-19,celio,pantalon chino homme,3.1,14,319,final
2026-08-20,celio,pantalon chino homme,2.6,13,325,final
2026-08-21,celio,pantalon chino homme,2.5,4,322,final
2026-08-22,celio,pantalon chino homme,2.1,14,354,final
2026-08-23,celio,pantalon chino homme,2.3,16,304,final
2026-08-24,celio,pantalon chino homme,2.6,11,322,final
2026-08-25,celio,pantalon chino homme,2.5,14,317,final
2026-08-26,celio,pantalon chino homme,2.3,11,335,final
2026-08-27,celio,pantalon chino homme,1.6,15,323,final
2026-08-28,celio,pantalon chino homme,1.6,19,381,final
2026-08-29,celio,pantalon chino homme,1.5,15,388,final
2026-08-30,celio,pantalon chino homme,1.4,16,360,final
2026-08-31,celio,pantalon chino homme,2.9,20,318,final
2026-09-01,celio,pantalon chino homme,1.6,10,294,final
2026-09-02,celio,pantalon chino homme,2.0,12,333,final
2026-09-03,celio,pantalon chino homme,1.6,4,336,final
2026-09-04,celio,pantalon chino homme,1.8,17,354,final
2026-09-05,celio,pantalon chino homme,1.5,15,358,final
2026-09-06,celio,pantalon chino homme,1.7,19,377,final
2026-09-07,celio,pantalon chino homme,1.3,11,444,final
2026-09-08,celio,pantalon chino homme,1.6,9,336,final
2026-09-09,celio,pantalon chino homme,2.2,22,404,final
2026-09-10,celio,pantalon chino homme,1.9,15,351,final
2026-09-11,celio,pantalon chino homme,1.7,16,384,final
2026-09-12,celio,pantalon chino homme,1.8,16,376,final
2026-09-13,celio,pantalon chino homme,2.0,20,342,final
2026-09-14,celio,pantalon chino homme,2.0,14,333,final
2026-09-15,celio,pantalon chino homme,1.4,13,314,final
2026-09-16,celio,pantalon chino homme,2.4,11,343,final
2026-09-17,celio,pantalon chino homme,2.2,12,293,final
2026-09-18,celio,pantalon chino homme,2.2,14,328,final
2026-09-19,celio,pantalon chino homme,1.7,24,355,final
2026-09-20,celio,pantalon chino homme,2.1,14,387,final
2026-09-21,celio,pantalon chino homme,1.6,14,297,final
2026-09-22,celio,pantalon chino homme,1.8,14,300,final
2026-09-23,celio,pantalon chino homme,1.9,16,318,final
2026-09-24,celio,pantalon chino homme,1.8,15,308,final
2026-09-25,celio,pantalon chino homme,1.8,19,309,final
2026-09-26,celio,pantalon chino homme,1.6,23,355,final
2026-09-27,celio,pantalon chino homme,1.5,7,344,final
2026-09-28,celio,pantalon chino homme,1.8,23,328,final
2026-09-29,celio,pantalon chino homme,2.1,14,287,fresh
2026-09-30,celio,pantalon chino homme,2.8,13,314,fresh
2025-06-08,celio,pantalon en lin homme,1.4,47,533,final
2025-06-09,celio,pantalon en lin homme,1.4,64,587,final
2025-06-10,celio,pantalon en lin homme,1.4,81,623,final
2025-06-11,celio,pantalon en lin homme,1.2,82,624,final
2025-06-12,celio,pantalon en lin homme,1.3,77,633,final
2025-06-13,celio,pantalon en lin homme,1.4,80,730,final
2025-06-14,celio,pantalon en lin homme,1.3,73,757,final
2025-06-15,celio,pantalon en lin homme,1.4,103,854,final
2025-06-16,celio,pantalon en lin homme,1.3,55,711,final
2025-06-17,celio,pantalon en lin homme,1.2,77,776,final
2025-06-18,celio,pantalon en lin homme,1.3,84,823,final
2025-06-19,celio,pantalon en lin homme,1.3,101,1068,final
2025-06-20,celio,pantalon en lin homme,1.3,101,865,final
2025-06-21,celio,pantalon en lin homme,1.3,89,922,final
2025-06-22,celio,pantalon en lin homme,1.4,112,904,final
2025-06-23,celio,pantalon en lin homme,1.3,87,826,final
2025-06-24,celio,pantalon en lin homme,1.2,87,823,final
2025-06-25,celio,pantalon en lin homme,1.2,82,1087,final
2025-06-26,celio,pantalon en lin homme,1.2,80,815,final
2025-06-27,celio,pantalon en lin homme,1.3,79,800,final
2025-06-28,celio,pantalon en lin homme,1.2,83,938,final
2025-06-29,celio,pantalon en lin homme,1.2,127,1095,final
2025-06-30,celio,pantalon en lin homme,1.2,121,1156,final
2025-07-01,celio,pantalon en lin homme,1.4,128,1063,final
2025-07-02,celio,pantalon en lin homme,1.4,119,1002,final
2025-07-03,celio,pantalon en lin homme,1.5,85,777,final
2025-07-04,celio,pantalon en lin homme,1.4,79,720,final
2025-07-05,celio,pantalon en lin homme,1.4,80,804,final
2025-07-06,celio,pantalon en lin homme,1.5,83,825,final
2025-07-07,celio,pantalon en lin homme,1.4,76,640,final
2025-07-08,celio,pantalon en lin homme,1.4,57,586,final
2025-07-09,celio,pantalon en lin homme,1.4,50,556,final
2025-07-10,celio,pantalon en lin homme,1.4,42,522,final
2025-07-11,celio,pantalon en lin homme,1.3,51,519,final
2025-07-12,celio,pantalon en lin homme,1.3,55,620,final
2025-07-13,celio,pantalon en lin homme,1.4,65,573,final
2025-07-14,celio,pantalon en lin homme,1.2,54,617,final
2025-07-15,celio,pantalon en lin homme,1.3,58,525,final
2025-07-16,celio,pantalon en lin homme,1.4,48,477,final
2025-07-17,celio,pantalon en lin homme,1.3,44,436,final
2025-07-18,celio,pantalon en lin homme,1.3,38,437,final
2025-07-19,celio,pantalon en lin homme,1.2,36,492,final
2025-07-20,celio,pantalon en lin homme,1.3,43,523,final
2025-07-21,celio,pantalon en lin homme,1.3,44,436,final
2025-07-22,celio,pantalon en lin homme,1.3,34,445,final
2025-07-23,celio,pantalon en lin homme,1.7,24,345,final
2025-07-24,celio,pantalon en lin homme,1.5,24,316,final
2025-07-25,celio,pantalon en lin homme,1.3,28,298,final
2025-07-26,celio,pantalon en lin homme,1.3,26,359,final
2025-07-27,celio,pantalon en lin homme,1.5,27,348,final
2025-07-28,celio,pantalon en lin homme,1.4,23,320,final
2025-07-29,celio,pantalon en lin homme,1.5,32,350,final
2025-07-30,celio,pantalon en lin homme,1.4,28,311,final
2025-07-31,celio,pantalon en lin homme,1.6,25,287,final
2025-08-01,celio,pantalon en lin homme,1.3,28,250,final
2025-08-02,celio,pantalon en lin homme,1.3,37,305,final
2025-08-03,celio,pantalon en lin homme,1.3,41,296,final
2025-08-04,celio,pantalon en lin homme,1.3,42,328,final
2025-08-05,celio,pantalon en lin homme,1.2,32,288,final
2025-08-06,celio,pantalon en lin homme,1.3,33,297,final
2025-08-07,celio,pantalon en lin homme,1.4,27,286,final
2025-08-08,celio,pantalon en lin homme,1.4,36,312,final
2025-08-09,celio,pantalon en lin homme,1.5,32,318,final
2025-08-10,celio,pantalon en lin homme,1.4,39,316,final
2025-08-11,celio,pantalon en lin homme,1.3,41,381,final
2025-08-12,celio,pantalon en lin homme,1.3,39,348,final
2025-08-13,celio,pantalon en lin homme,1.4,26,318,final
2025-08-14,celio,pantalon en lin homme,1.4,26,307,final
2025-08-15,celio,pantalon en lin homme,1.3,37,333,final
2025-08-16,celio,pantalon en lin homme,1.4,30,312,final
2025-08-17,celio,pantalon en lin homme,1.4,30,251,final
2025-08-18,celio,pantalon en lin homme,1.4,29,263,final
2025-08-19,celio,pantalon en lin homme,1.3,34,241,final
2025-08-20,celio,pantalon en lin homme,1.4,17,209,final
2025-08-21,celio,pantalon en lin homme,1.4,15,207,final
2025-08-22,celio,pantalon en lin homme,1.3,9,183,final
2025-08-23,celio,pantalon en lin homme,1.3,14,209,final
2025-08-24,celio,pantalon en lin homme,1.4,19,228,final
2025-08-25,celio,pantalon en lin homme,1.4,25,207,final
2025-08-26,celio,pantalon en lin homme,1.4,17,189,final
2025-08-27,celio,pantalon en lin homme,1.3,18,186,final
2025-08-28,celio,pantalon en lin homme,1.2,13,179,final
2025-08-29,celio,pantalon en lin homme,1.6,12,151,final
2025-08-30,celio,pantalon en lin homme,1.4,15,169,final
2025-08-31,celio,pantalon en lin homme,1.5,18,155,final
2025-09-01,celio,pantalon en lin homme,1.5,14,132,final
2025-09-02,celio,pantalon en lin homme,1.6,9,138,final
2025-09-03,celio,pantalon en lin homme,1.8,6,146,final
2025-09-04,celio,pantalon en lin homme,1.6,15,140,final
2025-09-05,celio,pantalon en lin homme,2.0,7,103,final
2025-09-06,celio,pantalon en lin homme,1.9,8,138,final
2025-09-07,celio,pantalon en lin homme,1.9,10,150,final
2025-09-08,celio,pantalon en lin homme,1.5,15,129,final
2025-09-09,celio,pantalon en lin homme,1.7,10,113,final
2025-09-10,celio,pantalon en lin homme,1.7,3,111,final
2025-09-11,celio,pantalon en lin homme,1.7,12,129,final
2025-09-12,celio,pantalon en lin homme,1.5,9,90,final
2025-09-13,celio,pantalon en lin homme,1.5,9,125,final
2025-09-14,celio,pantalon en lin homme,1.4,10,116,final
2025-09-15,celio,pantalon en lin homme,1.5,10,101,final
2025-09-16,celio,pantalon en lin homme,2.0,4,97,final
2025-09-17,celio,pantalon en lin homme,1.8,8,79,final
2025-09-18,celio,pantalon en lin homme,1.6,4,76,final
2025-09-19,celio,pantalon en lin homme,1.6,5,96,final
2025-09-20,celio,pantalon en lin homme,1.8,14,108,final
2025-09-21,celio,pantalon en lin homme,1.6,7,97,final
2025-09-22,celio,pantalon en lin homme,1.9,4,95,final
2025-09-23,celio,pantalon en lin homme,3.6,8,85,final
2025-09-24,celio,pantalon en lin homme,2.0,5,90,final
2025-09-25,celio,pantalon en lin homme,2.5,6,72,final
2025-09-26,celio,pantalon en lin homme,1.8,3,71,final
2025-09-27,celio,pantalon en lin homme,2.2,7,89,final
2025-09-28,celio,pantalon en lin homme,2.1,8,94,final
2025-09-29,celio,pantalon en lin homme,2.8,8,77,final
2025-09-30,celio,pantalon en lin homme,2.2,4,66,final
2025-10-01,celio,pantalon en lin homme,2.0,3,74,final
2025-10-02,celio,pantalon en lin homme,2.4,2,77,final
2025-10-03,celio,pantalon en lin homme,4,3,74,final
2025-10-04,celio,pantalon en lin homme,1.8,6,98,final
2025-10-05,celio,pantalon en lin homme,1.5,2,100,final
2025-10-06,celio,pantalon en lin homme,1.7,2,69,final
2025-10-07,celio,pantalon en lin homme,4.0,0,61,final
2025-10-08,celio,pantalon en lin homme,2.6,2,79,final
2025-10-09,celio,pantalon en lin homme,2.1,4,77,final
2025-10-10,celio,pantalon en lin homme,2.6,3,63,final
2025-10-11,celio,pantalon en lin homme,2.8,5,90,final
2025-10-12,celio,pantalon en lin homme,2.5,1,90,final
2025-10-13,celio,pantalon en lin homme,1.8,3,68,final
2025-10-14,celio,pantalon en lin homme,2.5,3,80,final
2025-10-15,celio,pantalon en lin homme,2.7,2,74,final
2025-10-16,celio,pantalon en lin homme,4.1,5,78,final
2025-10-17,celio,pantalon en lin homme,2.9,1,72,final
2025-10-18,celio,pantalon en lin homme,2.6,3,78,final
2025-10-19,celio,pantalon en lin homme,3.0,7,75,final
2025-10-20,celio,pantalon en lin homme,3.0,2,68,final
2025-10-21,celio,pantalon en lin homme,5.9,1,74,final
2025-10-22,celio,pantalon en lin homme,1.9,7,75,final
2025-10-23,celio,pantalon en lin homme,2.6,8,76,final
2025-10-24,celio,pantalon en lin homme,1.7,3,91,final
2025-10-25,celio,pantalon en lin homme,4.3,1,73,final
2025-10-26,celio,pantalon en lin homme,2.8,7,81,final
2025-10-27,celio,pantalon en lin homme,1.4,6,56,final
2025-10-28,celio,pantalon en lin homme,2.5,6,52,final
2025-10-29,celio,pantalon en lin homme,3.5,3,67,final
2025-10-30,celio,pantalon en lin homme,3.3,4,73,final
2025-10-31,celio,pantalon en lin homme,2.2,4,50,final
2025-11-01,celio,pantalon en lin homme,2.7,8,87,final
2025-11-02,celio,pantalon en lin homme,3.2,5,88,final
2025-11-03,celio,pantalon en lin homme,2.0,6,65,final
2025-11-04,celio,pantalon en lin homme,2.4,4,54,final
2025-11-05,celio,pantalon en lin homme,2.5,4,54,final
2025-11-06,celio,pantalon en lin homme,2.9,2,68,final
2025-11-07,celio,pantalon en lin homme,2.0,6,61,final
2025-11-08,celio,pantalon en lin homme,2.1,3,62,final
2025-11-09,celio,pantalon en lin homme,2.2,5,77,final
2025-11-10,celio,pantalon en lin homme,1.8,2,46,final
2025-11-11,celio,pantalon en lin homme,2.6,6,84,final
2025-11-12,celio,pantalon en lin homme,3.6,1,77,final
2025-11-13,celio,pantalon en lin homme,3.2,2,61,final
2025-11-14,celio,pantalon en lin homme,1.9,2,48,final
2025-11-15,celio,pantalon en lin homme,2.3,6,81,final
2025-11-16,celio,pantalon en lin homme,2.0,5,102,final
2025-11-17,celio,pantalon en lin homme,2.4,3,61,final
2025-11-18,celio,pantalon en lin homme,1.7,4,65,final
2025-11-19,celio,pantalon en lin homme,2.6,4,68,final
2025-11-20,celio,pantalon en lin homme,2.2,2,61,final
2025-11-21,celio,pantalon en lin homme,2.2,5,66,final
2025-11-22,celio,pantalon en lin homme,1.6,4,64,final
2025-11-23,celio,pantalon en lin homme,2.9,3,66,final
2025-11-24,celio,pantalon en lin homme,3.1,3,63,final
2025-11-25,celio,pantalon en lin homme,2.5,4,73,final
2025-11-26,celio,pantalon en lin homme,3.9,3,67,final
2025-11-27,celio,pantalon en lin homme,2.4,4,69,final
2025-11-28,celio,pantalon en lin homme,4.9,4,77,final
2025-11-29,celio,pantalon en lin homme,2.9,1,76,final
2025-11-30,celio,pantalon en lin homme,2.9,3,73,final
2025-12-01,celio,pantalon en lin homme,4.1,3,76,final
2025-12-02,celio,pantalon en lin homme,2.5,4,53,final
2025-12-03,celio,pantalon en lin homme,2.7,4,76,final
2025-12-04,celio,pantalon en lin homme,4.5,3,62,final
2025-12-05,celio,pantalon en lin homme,2.8,7,76,final
2025-12-06,celio,pantalon en lin homme,6.1,3,72,final
2025-12-07,celio,pantalon en lin homme,3.9,10,110,final
2025-12-08,celio,pantalon en lin homme,3.4,4,62,final
2025-12-09,celio,pantalon en lin homme,5.4,2,80,final
2025-12-10,celio,pantalon en lin homme,2.3,5,82,final
2025-12-11,celio,pantalon en lin homme,2.0,3,68,final
2025-12-12,celio,pantalon en lin homme,2.4,6,69,final
2025-12-13,celio,pantalon en lin homme,2.3,6,70,final
2025-12-14,celio,pantalon en lin homme,2.7,3,88,final
2025-12-15,celio,pantalon en lin homme,2.7,6,80,final
2025-12-16,celio,pantalon en lin homme,4.5,1,70,final
2025-12-17,celio,pantalon en lin homme,3.5,6,48,final
2025-12-18,celio,pantalon en lin homme,6.1,4,61,final
2025-12-19,celio,pantalon en lin homme,1.8,5,73,final
2025-12-20,celio,pantalon en lin homme,4.1,1,77,final
2025-12-21,celio,pantalon en lin homme,8.2,8,82,final
2025-12-22,celio,pantalon en lin homme,2.1,4,54,final
2025-12-23,celio,pantalon en lin homme,1.9,2,63,final
2025-12-24,celio,pantalon en lin homme,7.7,7,80,final
2025-12-25,celio,pantalon en lin homme,2.9,6,64,final
2025-12-26,celio,pantalon en lin homme,2.5,7,80,final
2025-12-27,celio,pantalon en lin homme,3.1,5,84,final
2025-12-28,celio,pantalon en lin homme,5.7,5,80,final
2025-12-29,celio,pantalon en lin homme,2.6,4,66,final
2025-12-30,celio,pantalon en lin homme,2,5,67,final
2025-12-31,celio,pantalon en lin homme,1.9,6,69,final
2026-01-01,celio,pantalon en lin homme,3.6,2,59,final
2026-01-02,celio,pantalon en lin homme,3.5,4,77,final
2026-01-03,celio,pantalon en lin homme,1.9,6,76,final
2026-01-04,celio,pantalon en lin homme,2.4,1,72,final
2026-01-05,celio,pantalon en lin homme,1.8,2,65,final
2026-01-06,celio,pantalon en lin homme,4.2,6,57,final
2026-01-07,celio,pantalon en lin homme,2.8,7,87,final
2026-01-08,celio,pantalon en lin homme,2.9,0,85,final
2026-01-09,celio,pantalon en lin homme,3.2,3,75,final
2026-01-10,celio,pantalon en lin homme,3.1,3,97,final
2026-01-11,celio,pantalon en lin homme,3.5,7,119,final
2026-01-12,celio,pantalon en lin homme,2.5,7,97,final
2026-01-13,celio,pantalon en lin homme,3.0,8,76,final
2026-01-14,celio,pantalon en lin homme,4.0,5,85,final
2026-01-15,celio,pantalon en lin homme,3.8,4,71,final
2026-01-16,celio,pantalon en lin homme,4.7,9,101,final
2026-01-17,celio,pantalon en lin homme,1.9,9,101,final
2026-01-18,celio,pantalon en lin homme,2.7,8,93,final
2026-01-19,celio,pantalon en lin homme,2.7,12,88,final
2026-01-20,celio,pantalon en lin homme,2.5,7,92,final
2026-01-21,celio,pantalon en lin homme,5.5,9,121,final
2026-01-22,celio,pantalon en lin homme,2.7,9,92,final
2026-01-23,celio,pantalon en lin homme,3.6,5,94,final
2026-01-24,celio,pantalon en lin homme,3.7,7,121,final
2026-01-25,celio,pantalon en lin homme,2.8,7,134,final
2026-01-26,celio,pantalon en lin homme,3.9,10,116,final
2026-01-27,celio,pantalon en lin homme,2.9,8,99,final
2026-01-28,celio,pantalon en lin homme,3.0,9,116,final
2026-01-29,celio,pantalon en lin homme,3.3,12,102,final
2026-01-30,celio,pantalon en lin homme,4.2,4,112,final
2026-01-31,celio,pantalon en lin homme,5.3,16,147,final
2026-02-01,celio,pantalon en lin homme,2.3,12,163,final
2026-02-02,celio,pantalon en lin homme,2.0,6,104,final
2026-02-03,celio,pantalon en lin homme,2.8,13,105,final
2026-02-04,celio,pantalon en lin homme,2.3,8,97,final
2026-02-05,celio,pantalon en lin homme,3.9,10,101,final
2026-02-06,celio,pantalon en lin homme,5.5,6,133,final
2026-02-07,celio,pantalon en lin homme,3.2,11,110,final
2026-02-08,celio,pantalon en lin homme,3.5,11,153,final
2026-02-09,celio,pantalon en lin homme,4.3,10,119,final
2026-02-10,celio,pantalon en lin homme,3.0,23,169,final
2026-02-11,celio,pantalon en lin homme,3.3,7,85,final
2026-02-12,celio,pantalon en lin homme,8.2,2,53,final
2026-02-13,celio,pantalon en lin homme,8.4,1,63,final
2026-02-14,celio,pantalon en lin homme,8.8,1,71,final
2026-02-15,celio,pantalon en lin homme,11.2,1,24,final
2026-02-16,celio,pantalon en lin homme,10.6,2,34,final
2026-02-17,celio,pantalon en lin homme,4.5,4,79,final
2026-02-18,celio,pantalon en lin homme,10.3,1,19,final
2026-02-19,celio,pantalon en lin homme,11.6,0,14,final
2026-02-20,celio,pantalon en lin homme,11.3,2,64,final
2026-02-21,celio,pantalon en lin homme,8.9,1,86,final
2026-02-22,celio,pantalon en lin homme,11.9,3,18,final
2026-02-23,celio,pantalon en lin homme,14.4,1,24,final
2026-02-24,celio,pantalon en lin homme,20.5,0,11,final
2026-02-25,celio,pantalon en lin homme,11.6,0,25,final
2026-02-26,celio,pantalon en lin homme,5.4,8,92,final
2026-02-27,celio,pantalon en lin homme,6.0,11,161,final
2026-02-28,celio,pantalon en lin homme,5.8,10,140,final
2026-03-01,celio,pantalon en lin homme,3.6,21,163,final
2026-03-02,celio,pantalon en lin homme,8.3,8,142,final
2026-03-03,celio,pantalon en lin homme,5.8,6,103,final
2026-03-04,celio,pantalon en lin homme,2.2,10,163,final
2026-03-05,celio,pantalon en lin homme,4.5,9,106,final
2026-03-06,celio,pantalon en lin homme,3.5,16,151,final
2026-03-07,celio,pantalon en lin homme,3.2,16,164,final
2026-03-08,celio,pantalon en lin homme,8.2,5,185,final
2026-03-09,celio,pantalon en lin homme,2.5,19,187,final
2026-03-10,celio,pantalon en lin homme,3.9,14,149,final
2026-03-11,celio,pantalon en lin homme,1.6,13,136,final
2026-03-12,celio,pantalon en lin homme,2.2,18,148,final
2026-03-13,celio,pantalon en lin homme,4.5,10,139,final
2026-03-14,celio,pantalon en lin homme,2.2,12,171,final
2026-03-15,celio,pantalon en lin homme,7.3,8,204,final
2026-03-16,celio,pantalon en lin homme,2.5,12,162,final
2026-03-17,celio,pantalon en lin homme,2.0,18,172,final
2026-03-18,celio,pantalon en lin homme,1.4,12,189,final
2026-03-19,celio,pantalon en lin homme,1.6,18,183,final
2026-03-20,celio,pantalon en lin homme,1.8,13,191,final
2026-03-21,celio,pantalon en lin homme,1.1,29,221,final
2026-03-22,celio,pantalon en lin homme,1.7,31,261,final
2026-03-23,celio,pantalon en lin homme,2.5,29,199,final
2026-03-24,celio,pantalon en lin homme,1.7,22,186,final
2026-03-25,celio,pantalon en lin homme,1.4,27,199,final
2026-03-26,celio,pantalon en lin homme,1.7,16,186,final
2026-03-27,celio,pantalon en lin homme,2.5,15,133,final
2026-03-28,celio,pantalon en lin homme,1.4,31,214,final
2026-03-29,celio,pantalon en lin homme,1.7,25,270,final
2026-03-30,celio,pantalon en lin homme,1.9,24,202,final
2026-03-31,celio,pantalon en lin homme,1.6,17,215,final
2026-04-01,celio,pantalon en lin homme,1.9,27,197,final
2026-04-02,celio,pantalon en lin homme,1.4,22,176,final
2026-04-03,celio,pantalon en lin homme,2.3,13,190,final
2026-04-04,celio,pantalon en lin homme,2.0,16,247,final
2026-04-05,celio,pantalon en lin homme,2.1,36,289,final
2026-04-06,celio,pantalon en lin homme,1.4,36,359,final
2026-04-07,celio,pantalon en lin homme,1.4,35,362,final
2026-04-08,celio,pantalon en lin homme,1.4,47,380,final
2026-04-09,celio,pantalon en lin homme,1.5,25,351,final
2026-04-10,celio,pantalon en lin homme,1.6,34,311,final
2026-04-11,celio,pantalon en lin homme,1.4,33,311,final
2026-04-12,celio,pantalon en lin homme,1.6,40,326,final
2026-04-13,celio,pantalon en lin homme,1.7,22,266,final
2026-04-14,celio,pantalon en lin homme,1.5,16,233,final
2026-04-15,celio,pantalon en lin homme,1.3,34,263,final
2026-04-16,celio,pantalon en lin homme,1.2,29,277,final
2026-04-17,celio,pantalon en lin homme,1.4,29,305,final
2026-04-18,celio,pantalon en lin homme,1.4,24,315,final
2026-04-19,celio,pantalon en lin homme,1.6,32,393,final
2026-04-20,celio,pantalon en lin homme,1.5,37,357,final
2026-04-21,celio,pantalon en lin homme,1.4,32,354,final
2026-04-22,celio,pantalon en lin homme,1.5,28,284,final
2026-04-23,celio,pantalon en lin homme,1.6,43,320,final
2026-04-24,celio,pantalon en lin homme,2.0,39,366,final
2026-04-25,celio,pantalon en lin homme,1.4,40,439,final
2026-04-26,celio,pantalon en lin homme,1.4,38,461,final
2026-04-27,celio,pantalon en lin homme,1.5,47,468,final
2026-04-28,celio,pantalon en lin homme,1.9,30,345,final
2026-04-29,celio,pantalon en lin homme,1.4,34,422,final
2026-04-30,celio,pantalon en lin homme,1.6,30,313,final
2026-05-01,celio,pantalon en lin homme,1.5,47,437,final
2026-05-02,celio,pantalon en lin homme,1.7,47,454,final
2026-05-03,celio,pantalon en lin homme,1.9,38,441,final
2026-05-04,celio,pantalon en lin homme,1.5,28,323,final
2026-05-05,celio,pantalon en lin homme,1.9,37,363,final
2026-05-06,celio,pantalon en lin homme,1.9,22,316,final
2026-05-07,celio,pantalon en lin homme,1.7,19,246,final
2026-05-08,celio,pantalon en lin homme,1.5,39,346,final
2026-05-09,celio,pantalon en lin homme,1.7,42,420,final
2026-05-10,celio,pantalon en lin homme,1.4,36,433,final
2026-05-11,celio,pantalon en lin homme,1.5,28,348,final
2026-05-12,celio,pantalon en lin homme,1.4,24,268,final
2026-05-13,celio,pantalon en lin homme,1.5,26,265,final
2026-05-14,celio,pantalon en lin homme,1.3,38,364,final
2026-05-15,celio,pantalon en lin homme,1.3,37,351,final
2026-05-16,celio,pantalon en lin homme,1.3,29,304,final
2026-05-17,celio,pantalon en lin homme,1.5,33,341,final
2026-05-18,celio,pantalon en lin homme,1.3,27,281,final
2026-05-19,celio,pantalon en lin homme,1.3,31,314,final
2026-05-20,celio,pantalon en lin homme,1.3,25,342,final
2026-05-21,celio,pantalon en lin homme,1.3,32,429,final
2026-05-22,celio,pantalon en lin homme,1.2,37,561,final
2026-05-23,celio,pantalon en lin homme,1.2,64,714,final
2026-05-24,celio,pantalon en lin homme,1.2,75,827,final
2026-05-25,celio,pantalon en lin homme,1.2,114,1037,final
2026-05-26,celio,pantalon en lin homme,1.2,134,1122,final
2026-05-27,celio,pantalon en lin homme,1.2,111,1028,final
2026-05-28,celio,pantalon en lin homme,1.2,93,879,final
2026-05-29,celio,pantalon en lin homme,1.2,101,792,final
2026-05-30,celio,pantalon en lin homme,1.2,92,809,final
2026-05-31,celio,pantalon en lin homme,1.3,85,832,final
2026-06-01,celio,pantalon en lin homme,1.2,76,694,final
2026-06-02,celio,pantalon en lin homme,1.3,61,585,final
2026-06-03,celio,pantalon en lin homme,1.3,49,540,final
2026-06-04,celio,pantalon en lin homme,1.4,30,447,final
2026-06-05,celio,pantalon en lin homme,1.3,23,434,final
2026-06-06,celio,pantalon en lin homme,1.3,39,498,final
2026-06-07,celio,pantalon en lin homme,1.3,44,570,final
2026-06-08,celio,pantalon en lin homme,1.3,30,483,final
2026-06-09,celio,pantalon en lin homme,1.2,39,464,final
2026-06-10,celio,pantalon en lin homme,1.3,36,493,final
2026-06-11,celio,pantalon en lin homme,1.2,30,411,final
2026-06-12,celio,pantalon en lin homme,1.3,27,430,final
2026-06-13,celio,pantalon en lin homme,1.4,59,574,final
2026-06-14,celio,pantalon en lin homme,1.2,63,640,final
2026-06-15,celio,pantalon en lin homme,1.3,47,620,final
2026-06-16,celio,pantalon en lin homme,1.3,48,572,final
2026-06-17,celio,pantalon en lin homme,1.3,56,733,final
2026-06-18,celio,pantalon en lin homme,1.2,71,822,final
2026-06-19,celio,pantalon en lin homme,1.3,82,730,final
2026-06-20,celio,pantalon en lin homme,1.3,70,842,final
2026-06-21,celio,pantalon en lin homme,1.4,121,963,final
2026-06-22,celio,pantalon en lin homme,1.3,110,961,final
2026-06-23,celio,pantalon en lin homme,1.3,105,946,final
2026-06-24,celio,pantalon en lin homme,1.3,148,1286,final
2026-06-25,celio,pantalon en lin homme,1.3,116,1002,final
2026-06-26,celio,pantalon en lin homme,1.3,107,899,final
2026-06-27,celio,pantalon en lin homme,1.4,112,1003,final
2026-06-28,celio,pantalon en lin homme,1.3,102,1013,final
2026-06-29,celio,pantalon en lin homme,1.4,79,829,final
2026-06-30,celio,pantalon en lin homme,1.3,68,736,final
2026-07-01,celio,pantalon en lin homme,1.3,63,648,final
2026-07-02,celio,pantalon en lin homme,1.2,56,646,final
2026-07-03,celio,pantalon en lin homme,1.3,68,658,final
2026-07-04,celio,pantalon en lin homme,1.2,64,751,final
2026-07-05,celio,pantalon en lin homme,1.3,82,873,final
2026-07-06,celio,pantalon en lin homme,1.3,69,741,final
2026-07-07,celio,pantalon en lin homme,1.2,63,761,final
2026-07-08,celio,pantalon en lin homme,1.2,72,779,final
2026-07-09,celio,pantalon en lin homme,1.2,56,652,final
2026-07-10,celio,pantalon en lin homme,1.3,47,652,final
2026-07-11,celio,pantalon en lin homme,1.4,52,717,final
2026-07-12,celio,pantalon en lin homme,1.6,47,683,final
2026-07-13,celio,pantalon en lin homme,1.3,55,599,final
2026-07-14,celio,pantalon en lin homme,1.4,43,551,final
2026-07-15,celio,pantalon en lin homme,1.3,54,551,final
2026-07-16,celio,pantalon en lin homme,1.4,44,554,final
2026-07-17,celio,pantalon en lin homme,1.4,53,498,final
2026-07-18,celio,pantalon en lin homme,1.4,43,486,final
2026-07-19,celio,pantalon en lin homme,1.5,41,465,final
2026-07-20,celio,pantalon en lin homme,1.6,43,486,final
2026-07-21,celio,pantalon en lin homme,1.5,25,449,final
2026-07-22,celio,pantalon en lin homme,1.5,29,395,final
2026-07-23,celio,pantalon en lin homme,1.3,34,368,final
2026-07-24,celio,pantalon en lin homme,1.3,24,385,final
2026-07-25,celio,pantalon en lin homme,1.5,26,471,final
2026-07-26,celio,pantalon en lin homme,1.3,37,421,final
2026-07-27,celio,pantalon en lin homme,1.3,28,469,final
2026-07-28,celio,pantalon en lin homme,1.4,24,433,final
2026-07-29,celio,pantalon en lin homme,1.3,26,421,final
2026-07-30,celio,pantalon en lin homme,1.6,30,357,final
2026-07-31,celio,pantalon en lin homme,1.2,26,337,final
2026-08-01,celio,pantalon en lin homme,1.3,29,349,final
2026-08-02,celio,pantalon en lin homme,1.4,35,382,final
2026-08-03,celio,pantalon en lin homme,1.3,23,389,final
2026-08-04,celio,pantalon en lin homme,1.3,30,362,final
2026-08-05,celio,pantalon en lin homme,1.5,29,354,final
2026-08-06,celio,pantalon en lin homme,1.4,28,365,final
2026-08-07,celio,pantalon en lin homme,1.3,19,323,final
2026-08-08,celio,pantalon en lin homme,1.3,25,335,final
2026-08-09,celio,pantalon en lin homme,1.4,27,303,final
2026-08-10,celio,pantalon en lin homme,1.4,31,335,final
2026-08-11,celio,pantalon en lin homme,1.4,38,341,final
2026-08-12,celio,pantalon en lin homme,1.3,26,283,final
2026-08-13,celio,pantalon en lin homme,1.5,25,297,final
2026-08-14,celio,pantalon en lin homme,1.5,16,302,final
2026-08-15,celio,pantalon en lin homme,1.3,18,287,final
2026-08-16,celio,pantalon en lin homme,1.4,23,317,final
2026-08-17,celio,pantalon en lin homme,1.5,18,241,final
2026-08-18,celio,pantalon en lin homme,1.5,21,241,final
2026-08-19,celio,pantalon en lin homme,1.7,14,246,final
2026-08-20,celio,pantalon en lin homme,1.3,18,200,final
2026-08-21,celio,pantalon en lin homme,1.4,23,231,final
2026-08-22,celio,pantalon en lin homme,1.4,23,236,final
2026-08-23,celio,pantalon en lin homme,1.6,16,192,final
2026-08-24,celio,pantalon en lin homme,1.3,15,151,final
2026-08-25,celio,pantalon en lin homme,1.4,15,208,final
2026-08-26,celio,pantalon en lin homme,1.3,9,183,final
2026-08-27,celio,pantalon en lin homme,1.4,12,169,final
2026-08-28,celio,pantalon en lin homme,1.4,7,148,final
2026-08-29,celio,pantalon en lin homme,1.3,11,175,final
2026-08-30,celio,pantalon en lin homme,1.5,17,219,final
2026-08-31,celio,pantalon en lin homme,1.1,13,151,final
2026-09-01,celio,pantalon en lin homme,1.2,15,174,final
2026-09-02,celio,pantalon en lin homme,1.2,19,169,final
2026-09-03,celio,pantalon en lin homme,1.5,13,145,final
2026-09-04,celio,pantalon en lin homme,1.5,10,141,final
2026-09-05,celio,pantalon en lin homme,2.1,12,166,final
2026-09-06,celio,pantalon en lin homme,1.3,11,161,final
2026-09-07,celio,pantalon en lin homme,1.3,9,134,final
2026-09-08,celio,pantalon en lin homme,1.4,7,124,final
2026-09-09,celio,pantalon en lin homme,1.4,10,151,final
2026-09-10,celio,pantalon en lin homme,1.2,14,112,final
2026-09-11,celio,pantalon en lin homme,1.2,6,129,final
2026-09-12,celio,pantalon en lin homme,1.2,10,154,final
2026-09-13,celio,pantalon en lin homme,1.8,10,112,final
2026-09-14,celio,pantalon en lin homme,1.3,7,109,final
2026-09-15,celio,pantalon en lin homme,1.5,6,106,final
2026-09-16,celio,pantalon en lin homme,2.9,3,110,final
2026-09-17,celio,pantalon en lin homme,2.1,8,99,final
2026-09-18,celio,pantalon en lin homme,1.4,4,93,final
2026-09-19,celio,pantalon en lin homme,1.3,8,95,final
2026-09-20,celio,pantalon en lin homme,1.6,7,116,final
2026-09-21,celio,pantalon en lin homme,1.5,6,60,final
2026-09-22,celio,pantalon en lin homme,1.4,10,83,final
2026-09-23,celio,pantalon en lin homme,1.3,9,87,final
2026-09-24,celio,pantalon en lin homme,1.6,4,73,final
2026-09-25,celio,pantalon en lin homme,1.6,4,80,final
2026-09-26,celio,pantalon en lin homme,1.6,11,87,final
2026-09-27,celio,pantalon en lin homme,1.6,11,99,final
2026-09-28,celio,pantalon en lin homme,1.6,4,89,final
2026-09-29,celio,pantalon en lin homme,1.8,6,52,fresh
2026-09-30,celio,pantalon en lin homme,2.2,3,52,fresh
2025-06-08,celio,pantalon homme,2.7,28,739,final
2025-06-09,celio,pantalon homme,2.8,29,771,final
2025-06-10,celio,pantalon homme,4.8,18,688,final
2025-06-11,celio,pantalon homme,6.1,11,667,final
2025-06-12,celio,pantalon homme,6.2,11,627,final
2025-06-13,celio,pantalon homme,5.5,9,517,final
2025-06-14,celio,pantalon homme,6.0,10,583,final
2025-06-15,celio,pantalon homme,6.5,15,678,final
2025-06-16,celio,pantalon homme,5.8,9,598,final
2025-06-17,celio,pantalon homme,5.9,14,570,final
2025-06-18,celio,pantalon homme,5.7,9,572,final
2025-06-19,celio,pantalon homme,5.7,9,587,final
2025-06-20,celio,pantalon homme,4.6,8,492,final
2025-06-21,celio,pantalon homme,4.5,11,555,final
2025-06-22,celio,pantalon homme,3.7,15,642,final
2025-06-23,celio,pantalon homme,4.1,14,604,final
2025-06-24,celio,pantalon homme,4.3,12,584,final
2025-06-25,celio,pantalon homme,4.3,15,795,final
2025-06-26,celio,pantalon homme,4.1,7,639,final
2025-06-27,celio,pantalon homme,4.4,8,642,final
2025-06-28,celio,pantalon homme,4.2,18,658,final
2025-06-29,celio,pantalon homme,4.1,18,685,final
2025-06-30,celio,pantalon homme,3.6,10,587,final
2025-07-01,celio,pantalon homme,5.3,13,597,final
2025-07-02,celio,pantalon homme,5.2,11,604,final
2025-07-03,celio,pantalon homme,4.6,13,544,final
2025-07-04,celio,pantalon homme,4.7,7,545,final
2025-07-05,celio,pantalon homme,5.5,12,659,final
2025-07-06,celio,pantalon homme,4.8,15,734,final
2025-07-07,celio,pantalon homme,4.6,18,573,final
2025-07-08,celio,pantalon homme,4.6,12,606,final
2025-07-09,celio,pantalon homme,4.1,15,577,final
2025-07-10,celio,pantalon homme,4.1,15,560,final
2025-07-11,celio,pantalon homme,5.3,9,499,final
2025-07-12,celio,pantalon homme,3.9,14,569,final
2025-07-13,celio,pantalon homme,4.1,16,523,final
2025-07-14,celio,pantalon homme,4.3,9,561,final
2025-07-15,celio,pantalon homme,3.9,12,549,final
2025-07-16,celio,pantalon homme,4.3,11,536,final
2025-07-17,celio,pantalon homme,4.2,13,492,final
2025-07-18,celio,pantalon homme,3.8,11,471,final
2025-07-19,celio,pantalon homme,3.5,16,507,final
2025-07-20,celio,pantalon homme,3.5,12,566,final
2025-07-21,celio,pantalon homme,3.9,21,559,final
2025-07-22,celio,pantalon homme,4.3,18,548,final
2025-07-23,celio,pantalon homme,3.7,11,573,final
2025-07-24,celio,pantalon homme,3.1,14,512,final
2025-07-25,celio,pantalon homme,3.2,15,537,final
2025-07-26,celio,pantalon homme,3.7,10,519,final
2025-07-27,celio,pantalon homme,3.5,13,616,final
2025-07-28,celio,pantalon homme,3.8,15,569,final
2025-07-29,celio,pantalon homme,4.0,15,559,final
2025-07-30,celio,pantalon homme,4.9,16,552,final
2025-07-31,celio,pantalon homme,5.7,11,557,final
2025-08-01,celio,pantalon homme,5.2,12,535,final
2025-08-02,celio,pantalon homme,4.4,15,584,final
2025-08-03,celio,pantalon homme,4.6,12,575,final
2025-08-04,celio,pantalon homme,4.8,11,536,final
2025-08-05,celio,pantalon homme,4.6,17,556,final
2025-08-06,celio,pantalon homme,4.5,15,564,final
2025-08-07,celio,pantalon homme,4.3,12,525,final
2025-08-08,celio,pantalon homme,4.8,7,513,final
2025-08-09,celio,pantalon homme,4.4,10,516,final
2025-08-10,celio,pantalon homme,4.7,8,529,final
2025-08-11,celio,pantalon homme,4.3,20,537,final
2025-08-12,celio,pantalon homme,4.9,9,476,final
2025-08-13,celio,pantalon homme,3.4,12,551,final
2025-08-14,celio,pantalon homme,3.7,18,523,final
2025-08-15,celio,pantalon homme,3.8,12,510,final
2025-08-16,celio,pantalon homme,3.6,13,516,final
2025-08-17,celio,pantalon homme,3.4,19,561,final
2025-08-18,celio,pantalon homme,4.0,17,569,final
2025-08-19,celio,pantalon homme,3.2,21,621,final
2025-08-20,celio,pantalon homme,2.9,16,692,final
2025-08-21,celio,pantalon homme,3.8,11,599,final
2025-08-22,celio,pantalon homme,3.4,17,603,final
2025-08-23,celio,pantalon homme,3.0,23,592,final
2025-08-24,celio,pantalon homme,3.2,18,619,final
2025-08-25,celio,pantalon homme,2.9,25,619,final
2025-08-26,celio,pantalon homme,4.4,15,558,final
2025-08-27,celio,pantalon homme,4.1,16,647,final
2025-08-28,celio,pantalon homme,4.5,18,678,final
2025-08-29,celio,pantalon homme,3.9,11,693,final
2025-08-30,celio,pantalon homme,4.6,17,711,final
2025-08-31,celio,pantalon homme,4.5,20,846,final
2025-09-01,celio,pantalon homme,5.5,15,778,final
2025-09-02,celio,pantalon homme,6.2,11,720,final
2025-09-03,celio,pantalon homme,3.4,24,754,final
2025-09-04,celio,pantalon homme,3.8,19,731,final
2025-09-05,celio,pantalon homme,4.4,14,659,final
2025-09-06,celio,pantalon homme,5.2,13,691,final
2025-09-07,celio,pantalon homme,4.0,22,817,final
2025-09-08,celio,pantalon homme,5.2,15,760,final
2025-09-09,celio,pantalon homme,5.4,18,630,final
2025-09-10,celio,pantalon homme,4.9,10,731,final
2025-09-11,celio,pantalon homme,4.9,8,633,final
2025-09-12,celio,pantalon homme,4.5,11,668,final
2025-09-13,celio,pantalon homme,4.4,18,783,final
2025-09-14,celio,pantalon homme,4.2,21,840,final
2025-09-15,celio,pantalon homme,4.3,22,693,final
2025-09-16,celio,pantalon homme,3.4,24,628,final
2025-09-17,celio,pantalon homme,4.2,25,661,final
2025-09-18,celio,pantalon homme,3.9,10,626,final
2025-09-19,celio,pantalon homme,4.1,17,550,final
2025-09-20,celio,pantalon homme,3.8,9,727,final
2025-09-21,celio,pantalon homme,3.2,26,800,final
2025-09-22,celio,pantalon homme,3.8,12,674,final
2025-09-23,celio,pantalon homme,3.8,17,707,final
2025-09-24,celio,pantalon homme,4.1,20,791,final
2025-09-25,celio,pantalon homme,3.6,15,684,final
2025-09-26,celio,pantalon homme,3.0,15,717,final
2025-09-27,celio,pantalon homme,3.1,31,816,final
2025-09-28,celio,pantalon homme,2.9,35,810,final
2025-09-29,celio,pantalon homme,3.3,31,804,final
2025-09-30,celio,pantalon homme,2.3,26,733,final
2025-10-01,celio,pantalon homme,2.6,26,758,final
2025-10-02,celio,pantalon homme,2.5,23,712,final
2025-10-03,celio,pantalon homme,2.1,25,702,final
2025-10-04,celio,pantalon homme,2.7,27,873,final
2025-10-05,celio,pantalon homme,2.0,30,955,final
2025-10-06,celio,pantalon homme,3.3,39,883,final
2025-10-07,celio,pantalon homme,3.1,16,763,final
2025-10-08,celio,pantalon homme,4.6,18,697,final
2025-10-09,celio,pantalon homme,4.2,11,631,final
2025-10-10,celio,pantalon homme,3.4,19,669,final
2025-10-11,celio,pantalon homme,3.5,15,795,final
2025-10-12,celio,pantalon homme,3.8,15,827,final
2025-10-13,celio,pantalon homme,3.6,24,738,final
2025-10-14,celio,pantalon homme,3.6,20,767,final
2025-10-15,celio,pantalon homme,3.5,15,694,final
2025-10-16,celio,pantalon homme,4.7,10,611,final
2025-10-17,celio,pantalon homme,5.3,13,553,final
2025-10-18,celio,pantalon homme,4.6,8,682,final
2025-10-19,celio,pantalon homme,4.7,15,738,final
2025-10-20,celio,pantalon homme,3.9,13,693,final
2025-10-21,celio,pantalon homme,3.9,12,619,final
2025-10-22,celio,pantalon homme,2.8,19,584,final
2025-10-23,celio,pantalon homme,2.9,20,668,final
2025-10-24,celio,pantalon homme,3.2,21,591,final
2025-10-25,celio,pantalon homme,3.2,23,692,final
2025-10-26,celio,pantalon homme,2.8,25,769,final
2025-10-27,celio,pantalon homme,3.1,23,676,final
2025-10-28,celio,pantalon homme,3.0,20,595,final
2025-10-29,celio,pantalon homme,2.5,20,690,final
2025-10-30,celio,pantalon homme,2.9,22,666,final
2025-10-31,celio,pantalon homme,2.6,28,725,final
2025-11-01,celio,pantalon homme,2.6,27,823,final
2025-11-02,celio,pantalon homme,2.4,43,924,final
2025-11-03,celio,pantalon homme,3.0,28,801,final
2025-11-04,celio,pantalon homme,2.4,21,664,final
2025-11-05,celio,pantalon homme,2.3,29,803,final
2025-11-06,celio,pantalon homme,5.9,12,431,final
2025-11-07,celio,pantalon homme,7.9,9,362,final
2025-11-08,celio,pantalon homme,6.2,10,369,final
2025-11-09,celio,pantalon homme,6.1,16,434,final
2025-11-10,celio,pantalon homme,7.6,9,467,final
2025-11-11,celio,pantalon homme,7.5,19,506,final
2025-11-12,celio,pantalon homme,7.8,7,438,final
2025-11-13,celio,pantalon homme,6.6,6,470,final
2025-11-14,celio,pantalon homme,5.8,8,647,final
2025-11-15,celio,pantalon homme,5.7,22,877,final
2025-11-16,celio,pantalon homme,4.8,23,1064,final
2025-11-17,celio,pantalon homme,5.3,25,843,final
2025-11-18,celio,pantalon homme,4.0,18,735,final
2025-11-19,celio,pantalon homme,3.1,25,825,final
2025-11-20,celio,pantalon homme,3.3,31,875,final
2025-11-21,celio,pantalon homme,3.2,28,887,final
2025-11-22,celio,pantalon homme,8.7,24,1544,final
2025-11-23,celio,pantalon homme,2.2,43,1374,final
2025-11-24,celio,pantalon homme,2.4,31,1190,final
2025-11-25,celio,pantalon homme,2.5,37,1069,final
2025-11-26,celio,pantalon homme,2.6,30,1036,final
2025-11-27,celio,pantalon homme,3.2,35,1138,final
2025-11-28,celio,pantalon homme,4.5,25,1303,final
2025-11-29,celio,pantalon homme,3.3,38,1319,final
2025-11-30,celio,pantalon homme,3.5,36,1623,final
2025-12-01,celio,pantalon homme,2.6,31,1285,final
2025-12-02,celio,pantalon homme,4.4,33,1135,final
2025-12-03,celio,pantalon homme,3.5,29,1053,final
2025-12-04,celio,pantalon homme,3.4,29,1032,final
2025-12-05,celio,pantalon homme,4.5,31,1059,final
2025-12-06,celio,pantalon homme,3.9,29,1167,final
2025-12-07,celio,pantalon homme,3.7,41,1499,final
2025-12-08,celio,pantalon homme,4.0,32,1158,final
2025-12-09,celio,pantalon homme,4.1,24,1042,final
2025-12-10,celio,pantalon homme,2.8,33,1157,final
2025-12-11,celio,pantalon homme,3.1,35,1026,final
2025-12-12,celio,pantalon homme,3.0,24,985,final
2025-12-13,celio,pantalon homme,3.1,41,1134,final
2025-12-14,celio,pantalon homme,2.7,40,1373,final
2025-12-15,celio,pantalon homme,2.7,48,1153,final
2025-12-16,celio,pantalon homme,3.2,31,997,final
2025-12-17,celio,pantalon homme,2.6,35,952,final
2025-12-18,celio,pantalon homme,2.7,34,873,final
2025-12-19,celio,pantalon homme,2.5,33,786,final
2025-12-20,celio,pantalon homme,2.6,35,991,final
2025-12-21,celio,pantalon homme,2.6,25,915,final
2025-12-22,celio,pantalon homme,2.9,25,938,final
2025-12-23,celio,pantalon homme,2.7,24,821,final
2025-12-24,celio,pantalon homme,2.3,21,684,final
2025-12-25,celio,pantalon homme,3.1,27,857,final
2025-12-26,celio,pantalon homme,2.4,26,884,final
2025-12-27,celio,pantalon homme,2.6,28,752,final
2025-12-28,celio,pantalon homme,3.2,29,754,final
2025-12-29,celio,pantalon homme,2.6,23,818,final
2025-12-30,celio,pantalon homme,3.0,15,667,final
2025-12-31,celio,pantalon homme,2.5,18,593,final
2026-01-01,celio,pantalon homme,2.5,18,720,final
2026-01-02,celio,pantalon homme,2.4,17,789,final
2026-01-03,celio,pantalon homme,2.9,15,792,final
2026-01-04,celio,pantalon homme,2.6,16,745,final
2026-01-05,celio,pantalon homme,2.7,21,665,final
2026-01-06,celio,pantalon homme,2.3,23,695,final
2026-01-07,celio,pantalon homme,4.7,27,1068,final
2026-01-08,celio,pantalon homme,3.5,16,849,final
2026-01-09,celio,pantalon homme,3.7,17,781,final
2026-01-10,celio,pantalon homme,2.7,26,933,final
2026-01-11,celio,pantalon homme,2.7,21,983,final
2026-01-12,celio,pantalon homme,2.7,24,792,final
2026-01-13,celio,pantalon homme,4.3,19,631,final
2026-01-14,celio,pantalon homme,4.5,17,703,final
2026-01-15,celio,pantalon homme,3.4,22,708,final
2026-01-16,celio,pantalon homme,4.0,18,653,final
2026-01-17,celio,pantalon homme,3.0,27,794,final
2026-01-18,celio,pantalon homme,4.4,17,874,final
2026-01-19,celio,pantalon homme,3.6,20,679,final
2026-01-20,celio,pantalon homme,3.9,19,697,final
2026-01-21,celio,pantalon homme,5.4,30,746,final
2026-01-22,celio,pantalon homme,2.9,24,695,final
2026-01-23,celio,pantalon homme,2.9,32,726,final
2026-01-24,celio,pantalon homme,3.0,21,785,final
2026-01-25,celio,pantalon homme,3.9,28,818,final
2026-01-26,celio,pantalon homme,2.7,13,692,final
2026-01-27,celio,pantalon homme,2.9,26,726,final
2026-01-28,celio,pantalon homme,3.8,22,665,final
2026-01-29,celio,pantalon homme,2.6,24,621,final
2026-01-30,celio,pantalon homme,2.5,18,712,final
2026-01-31,celio,pantalon homme,2.7,22,917,final
2026-02-01,celio,pantalon homme,2.6,30,853,final
2026-02-02,celio,pantalon homme,2.4,33,804,final
2026-02-03,celio,pantalon homme,2.5,27,662,final
2026-02-04,celio,pantalon homme,2.4,29,747,final
2026-02-05,celio,pantalon homme,2.9,31,733,final
2026-02-06,celio,pantalon homme,2.5,26,595,final
2026-02-07,celio,pantalon homme,2.6,28,689,final
2026-02-08,celio,pantalon homme,3.1,31,832,final
2026-02-09,celio,pantalon homme,2.3,32,700,final
2026-02-10,celio,pantalon homme,2.7,25,646,final
2026-02-11,celio,pantalon homme,2.6,33,659,final
2026-02-12,celio,pantalon homme,2.7,19,544,final
2026-02-13,celio,pantalon homme,2.6,28,545,final
2026-02-14,celio,pantalon homme,2.8,20,645,final
2026-02-15,celio,pantalon homme,2.8,29,745,final
2026-02-16,celio,pantalon homme,2.3,15,539,final
2026-02-17,celio,pantalon homme,3.0,24,536,final
2026-02-18,celio,pantalon homme,2.6,27,599,final
2026-02-19,celio,pantalon homme,2.7,22,460,final
2026-02-20,celio,pantalon homme,2.6,17,541,final
2026-02-21,celio,pantalon homme,2.2,23,587,final
2026-02-22,celio,pantalon homme,2.6,15,659,final
2026-02-23,celio,pantalon homme,2.1,25,608,final
2026-02-24,celio,pantalon homme,3.3,18,574,final
2026-02-25,celio,pantalon homme,3.9,19,574,final
2026-02-26,celio,pantalon homme,2.5,18,568,final
2026-02-27,celio,pantalon homme,2.7,20,633,final
2026-02-28,celio,pantalon homme,2.8,20,699,final
2026-03-01,celio,pantalon homme,3.3,30,755,final
2026-03-02,celio,pantalon homme,2.0,30,757,final
2026-03-03,celio,pantalon homme,1.9,27,702,final
2026-03-04,celio,pantalon homme,2.3,24,728,final
2026-03-05,celio,pantalon homme,2.6,24,710,final
2026-03-06,celio,pantalon homme,2.5,27,691,final
2026-03-07,celio,pantalon homme,2.1,22,832,final
2026-03-08,celio,pantalon homme,2.6,24,914,final
2026-03-09,celio,pantalon homme,2.5,19,698,final
2026-03-10,celio,pantalon homme,2.1,27,731,final
2026-03-11,celio,pantalon homme,1.9,37,739,final
2026-03-12,celio,pantalon homme,2.4,33,719,final
2026-03-13,celio,pantalon homme,2.3,22,659,final
2026-03-14,celio,pantalon homme,2.7,34,866,final
2026-03-15,celio,pantalon homme,2.3,29,763,final
2026-03-16,celio,pantalon homme,2.6,18,710,final
2026-03-17,celio,pantalon homme,2.2,28,647,final
2026-03-18,celio,pantalon homme,2.4,35,685,final
2026-03-19,celio,pantalon homme,2.4,19,611,final
2026-03-20,celio,pantalon homme,2.4,18,558,final
2026-03-21,celio,pantalon homme,3.0,24,715,final
2026-03-22,celio,pantalon homme,2.3,25,774,final
2026-03-23,celio,pantalon homme,2.6,14,645,final
2026-03-24,celio,pantalon homme,2.2,26,664,final
2026-03-25,celio,pantalon homme,2.1,28,657,final
2026-03-26,celio,pantalon homme,2.9,26,580,final
2026-03-27,celio,pantalon homme,2.2,15,636,final
2026-03-28,celio,pantalon homme,2.6,30,756,final
2026-03-29,celio,pantalon homme,2.8,23,856,final
2026-03-30,celio,pantalon homme,2.5,19,712,final
2026-03-31,celio,pantalon homme,4.1,21,617,final
2026-04-01,celio,pantalon homme,2.3,28,640,final
2026-04-02,celio,pantalon homme,2.1,24,619,final
2026-04-03,celio,pantalon homme,2.3,19,648,final
2026-04-04,celio,pantalon homme,2.1,21,682,final
2026-04-05,celio,pantalon homme,3.4,25,695,final
2026-04-06,celio,pantalon homme,2.6,24,750,final
2026-04-07,celio,pantalon homme,2.3,25,621,final
2026-04-08,celio,pantalon homme,2.3,25,644,final
2026-04-09,celio,pantalon homme,2.4,23,660,final
2026-04-10,celio,pantalon homme,2.4,26,652,final
2026-04-11,celio,pantalon homme,2.4,23,701,final
2026-04-12,celio,pantalon homme,2.7,26,757,final
2026-04-13,celio,pantalon homme,2.5,24,684,final
2026-04-14,celio,pantalon homme,2.9,27,650,final
2026-04-15,celio,pantalon homme,2.0,20,564,final
2026-04-16,celio,pantalon homme,2.8,22,593,final
2026-04-17,celio,pantalon homme,2.6,17,579,final
2026-04-18,celio,pantalon homme,2.2,23,675,final
2026-04-19,celio,pantalon homme,2.2,27,740,final
2026-04-20,celio,pantalon homme,2.1,27,688,final
2026-04-21,celio,pantalon homme,2.7,30,699,final
2026-04-22,celio,pantalon homme,2.3,21,631,final
2026-04-23,celio,pantalon homme,2.4,12,630,final
2026-04-24,celio,pantalon homme,2.6,22,653,final
2026-04-25,celio,pantalon homme,3.4,23,667,final
2026-04-26,celio,pantalon homme,2.4,26,715,final
2026-04-27,celio,pantalon homme,2.7,23,678,final
2026-04-28,celio,pantalon homme,2.5,18,657,final
2026-04-29,celio,pantalon homme,2.4,22,634,final
2026-04-30,celio,pantalon homme,2.6,25,621,final
2026-05-01,celio,pantalon homme,2.0,17,715,final
2026-05-02,celio,pantalon homme,2.4,17,697,final
2026-05-03,celio,pantalon homme,2.2,19,777,final
2026-05-04,celio,pantalon homme,2.4,26,789,final
2026-05-05,celio,pantalon homme,2.4,30,756,final
2026-05-06,celio,pantalon homme,2.4,29,721,final
2026-05-07,celio,pantalon homme,2.4,17,621,final
2026-05-08,celio,pantalon homme,2.2,19,753,final
2026-05-09,celio,pantalon homme,2.3,24,667,final
2026-05-10,celio,pantalon homme,2.3,18,738,final
2026-05-11,celio,pantalon homme,2.1,27,735,final
2026-05-12,celio,pantalon homme,2.7,24,653,final
2026-05-13,celio,pantalon homme,2.7,22,690,final
2026-05-14,celio,pantalon homme,2.7,35,750,final
2026-05-15,celio,pantalon homme,2.4,17,672,final
2026-05-16,celio,pantalon homme,2.4,30,649,final
2026-05-17,celio,pantalon homme,2.9,23,704,final
2026-05-18,celio,pantalon homme,3.1,16,697,final
2026-05-19,celio,pantalon homme,3.0,13,631,final
2026-05-20,celio,pantalon homme,2.6,18,658,final
2026-05-21,celio,pantalon homme,2.8,22,577,final
2026-05-22,celio,pantalon homme,1.9,19,606,final
2026-05-23,celio,pantalon homme,1.8,24,598,final
2026-05-24,celio,pantalon homme,2.0,20,547,final
2026-05-25,celio,pantalon homme,2.3,20,559,final
2026-05-26,celio,pantalon homme,2.1,24,558,final
2026-05-27,celio,pantalon homme,2.3,12,474,final
2026-05-28,celio,pantalon homme,2.1,16,513,final
2026-05-29,celio,pantalon homme,2.4,18,493,final
2026-05-30,celio,pantalon homme,2.1,16,474,final
2026-05-31,celio,pantalon homme,2.3,17,647,final
2026-06-01,celio,pantalon homme,2.5,17,592,final
2026-06-02,celio,pantalon homme,2.3,25,606,final
2026-06-03,celio,pantalon homme,2.1,26,691,final
2026-06-04,celio,pantalon homme,3.1,13,630,final
2026-06-05,celio,pantalon homme,2.8,20,624,final
2026-06-06,celio,pantalon homme,2.8,20,654,final
2026-06-07,celio,pantalon homme,3.0,22,698,final
2026-06-08,celio,pantalon homme,2.7,21,668,final
2026-06-09,celio,pantalon homme,3.2,22,655,final
2026-06-10,celio,pantalon homme,2.0,20,579,final
2026-06-11,celio,pantalon homme,2.1,23,580,final
2026-06-12,celio,pantalon homme,2.2,16,565,final
2026-06-13,celio,pantalon homme,2.1,22,595,final
2026-06-14,celio,pantalon homme,2.1,20,649,final
2026-06-15,celio,pantalon homme,2.6,17,582,final
2026-06-16,celio,pantalon homme,3.0,18,555,final
2026-06-17,celio,pantalon homme,3.3,25,552,final
2026-06-18,celio,pantalon homme,2.6,18,513,final
2026-06-19,celio,pantalon homme,3.3,12,507,final
2026-06-20,celio,pantalon homme,3.3,26,551,final
2026-06-21,celio,pantalon homme,3.7,28,582,final
2026-06-22,celio,pantalon homme,3.9,21,522,final
2026-06-23,celio,pantalon homme,3.1,19,488,final
2026-06-24,celio,pantalon homme,2.3,20,631,final
2026-06-25,celio,pantalon homme,2.7,16,522,final
2026-06-26,celio,pantalon homme,2.5,22,480,final
2026-06-27,celio,pantalon homme,2.6,25,609,final
2026-06-28,celio,pantalon homme,2.7,18,551,final
2026-06-29,celio,pantalon homme,3.1,25,589,final
2026-06-30,celio,pantalon homme,3.1,16,547,final
2026-07-01,celio,pantalon homme,4.2,16,608,final
2026-07-02,celio,pantalon homme,3.5,15,539,final
2026-07-03,celio,pantalon homme,4.1,11,518,final
2026-07-04,celio,pantalon homme,3.4,11,492,final
2026-07-05,celio,pantalon homme,2.9,15,516,final
2026-07-06,celio,pantalon homme,3.3,13,542,final
2026-07-07,celio,pantalon homme,3.0,13,531,final
2026-07-08,celio,pantalon homme,3.5,17,530,final
2026-07-09,celio,pantalon homme,3.3,10,471,final
2026-07-10,celio,pantalon homme,3.1,16,487,final
2026-07-11,celio,pantalon homme,2.5,10,483,final
2026-07-12,celio,pantalon homme,3.1,17,469,final
2026-07-13,celio,pantalon homme,3.6,6,466,final
2026-07-14,celio,pantalon homme,2.9,11,442,final
2026-07-15,celio,pantalon homme,2.5,11,425,final
2026-07-16,celio,pantalon homme,3.4,15,443,final
2026-07-17,celio,pantalon homme,2.7,13,407,final
2026-07-18,celio,pantalon homme,2.7,10,473,final
2026-07-19,celio,pantalon homme,3.7,14,480,final
2026-07-20,celio,pantalon homme,2.7,14,480,final
2026-07-21,celio,pantalon homme,3.3,12,504,final
2026-07-22,celio,pantalon homme,1.9,13,518,final
2026-07-23,celio,pantalon homme,2.7,16,422,final
2026-07-24,celio,pantalon homme,2.8,8,461,final
2026-07-25,celio,pantalon homme,2.9,15,471,final
2026-07-26,celio,pantalon homme,2.6,12,570,final
2026-07-27,celio,pantalon homme,3.0,11,510,final
2026-07-28,celio,pantalon homme,2.8,13,547,final
2026-07-29,celio,pantalon homme,2.9,9,520,final
2026-07-30,celio,pantalon homme,1.9,16,477,final
2026-07-31,celio,pantalon homme,2.5,13,497,final
2026-08-01,celio,pantalon homme,2.0,19,506,final
2026-08-02,celio,pantalon homme,2.4,15,479,final
2026-08-03,celio,pantalon homme,2.0,18,471,final
2026-08-04,celio,pantalon homme,2.1,12,500,final
2026-08-05,celio,pantalon homme,2.2,14,502,final
2026-08-06,celio,pantalon homme,2.3,12,512,final
2026-08-07,celio,pantalon homme,1.9,10,498,final
2026-08-08,celio,pantalon homme,1.8,12,468,final
2026-08-09,celio,pantalon homme,2.0,21,523,final
2026-08-10,celio,pantalon homme,1.7,13,515,final
2026-08-11,celio,pantalon homme,2.1,17,547,final
2026-08-12,celio,pantalon homme,2.2,13,484,final
2026-08-13,celio,pantalon homme,2.3,10,482,final
2026-08-14,celio,pantalon homme,2.2,23,505,final
2026-08-15,celio,pantalon homme,2.2,11,510,final
2026-08-16,celio,pantalon homme,2.5,19,583,final
2026-08-17,celio,pantalon homme,2.3,15,558,final
2026-08-18,celio,pantalon homme,2.1,18,542,final
2026-08-19,celio,pantalon homme,2.0,18,620,final
2026-08-20,celio,pantalon homme,2.1,18,585,final
2026-08-21,celio,pantalon homme,2.2,19,620,final
2026-08-22,celio,pantalon homme,2.3,18,656,final
2026-08-23,celio,pantalon homme,2.4,18,673,final
2026-08-24,celio,pantalon homme,2.2,36,598,final
2026-08-25,celio,pantalon homme,1.9,16,703,final
2026-08-26,celio,pantalon homme,2.2,22,704,final
2026-08-27,celio,pantalon homme,1.7,23,681,final
2026-08-28,celio,pantalon homme,2.1,13,638,final
2026-08-29,celio,pantalon homme,2.1,21,699,final
2026-08-30,celio,pantalon homme,2.0,36,769,final
2026-08-31,celio,pantalon homme,2.9,34,707,final
2026-09-01,celio,pantalon homme,2.1,28,685,final
2026-09-02,celio,pantalon homme,1.9,22,657,final
2026-09-03,celio,pantalon homme,2.3,20,612,final
2026-09-04,celio,pantalon homme,1.9,30,600,final
2026-09-05,celio,pantalon homme,2.2,21,731,final
2026-09-06,celio,pantalon homme,2.0,19,783,final
2026-09-07,celio,pantalon homme,2.0,25,652,final
2026-09-08,celio,pantalon homme,1.9,17,597,final
2026-09-09,celio,pantalon homme,2.2,28,709,final
2026-09-10,celio,pantalon homme,2.0,37,666,final
2026-09-11,celio,pantalon homme,2.2,17,642,final
2026-09-12,celio,pantalon homme,1.8,17,725,final
2026-09-13,celio,pantalon homme,1.7,26,764,final
2026-09-14,celio,pantalon homme,2.2,21,663,final
2026-09-15,celio,pantalon homme,2.1,22,648,final
2026-09-16,celio,pantalon homme,2.2,20,644,final
2026-09-17,celio,pantalon homme,2.4,19,618,final
2026-09-18,celio,pantalon homme,2.5,18,609,final
2026-09-19,celio,pantalon homme,2.8,22,741,final
2026-09-20,celio,pantalon homme,2.2,24,757,final
2026-09-21,celio,pantalon homme,2.6,22,669,final
2026-09-22,celio,pantalon homme,2.3,22,673,final
2026-09-23,celio,pantalon homme,2.2,18,644,final
2026-09-24,celio,pantalon homme,2.4,26,629,final
2026-09-25,celio,pantalon homme,2.4,17,594,final
2026-09-26,celio,pantalon homme,2.4,27,728,final
2026-09-27,celio,pantalon homme,2.4,27,745,final
2026-09-28,celio,pantalon homme,2.7,30,708,final
2026-09-29,celio,pantalon homme,2.0,22,642,fresh
2026-09-30,celio,pantalon homme,3.2,19,681,fresh
2025-06-08,celio,pantalon lin homme,1.4,72,791,final
2025-06-09,celio,pantalon lin homme,1.3,104,961,final
2025-06-10,celio,pantalon lin homme,1.3,109,871,final
2025-06-11,celio,pantalon lin homme,1.3,113,1104,final
2025-06-12,celio,pantalon lin homme,1.3,113,1109,final
2025-06-13,celio,pantalon lin homme,1.3,119,1127,final
2025-06-14,celio,pantalon lin homme,1.3,151,1270,final
2025-06-15,celio,pantalon lin homme,1.3,159,1413,final
2025-06-16,celio,pantalon lin homme,1.3,123,1184,final
2025-06-17,celio,pantalon lin homme,1.3,124,1278,final
2025-06-18,celio,pantalon lin homme,1.3,171,1416,final
2025-06-19,celio,pantalon lin homme,1.2,149,1517,final
2025-06-20,celio,pantalon lin homme,1.3,119,1326,final
2025-06-21,celio,pantalon lin homme,1.3,169,1597,final
2025-06-22,celio,pantalon lin homme,1.3,178,1576,final
2025-06-23,celio,pantalon lin homme,1.2,130,1359,final
2025-06-24,celio,pantalon lin homme,1.2,169,1421,final
2025-06-25,celio,pantalon lin homme,1.2,201,2052,final
2025-06-26,celio,pantalon lin homme,1.2,135,1467,final
2025-06-27,celio,pantalon lin homme,1.2,128,1380,final
2025-06-28,celio,pantalon lin homme,1.2,153,1794,final
2025-06-29,celio,pantalon lin homme,1.2,234,2272,final
2025-06-30,celio,pantalon lin homme,1.2,246,2259,final
2025-07-01,celio,pantalon lin homme,1.3,243,2057,final
2025-07-02,celio,pantalon lin homme,1.5,184,1695,final
2025-07-03,celio,pantalon lin homme,1.4,113,1383,final
2025-07-04,celio,pantalon lin homme,1.3,155,1300,final
2025-07-05,celio,pantalon lin homme,1.3,144,1432,final
2025-07-06,celio,pantalon lin homme,1.4,185,1585,final
2025-07-07,celio,pantalon lin homme,1.3,117,1057,final
2025-07-08,celio,pantalon lin homme,1.4,106,962,final
2025-07-09,celio,pantalon lin homme,1.3,96,967,final
2025-07-10,celio,pantalon lin homme,1.3,88,904,final
2025-07-11,celio,pantalon lin homme,1.3,95,896,final
2025-07-12,celio,pantalon lin homme,1.3,108,1039,final
2025-07-13,celio,pantalon lin homme,1.3,107,1010,final
2025-07-14,celio,pantalon lin homme,1.3,111,1071,final
2025-07-15,celio,pantalon lin homme,1.3,73,899,final
2025-07-16,celio,pantalon lin homme,1.3,84,842,final
2025-07-17,celio,pantalon lin homme,1.4,66,779,final
2025-07-18,celio,pantalon lin homme,1.3,56,738,final
2025-07-19,celio,pantalon lin homme,1.3,91,865,final
2025-07-20,celio,pantalon lin homme,1.4,85,976,final
2025-07-21,celio,pantalon lin homme,1.4,52,733,final
2025-07-22,celio,pantalon lin homme,1.3,45,685,final
2025-07-23,celio,pantalon lin homme,1.4,51,577,final
2025-07-24,celio,pantalon lin homme,1.5,50,533,final
2025-07-25,celio,pantalon lin homme,1.4,29,473,final
2025-07-26,celio,pantalon lin homme,1.3,58,642,final
2025-07-27,celio,pantalon lin homme,1.3,62,666,final
2025-07-28,celio,pantalon lin homme,1.4,53,621,final
2025-07-29,celio,pantalon lin homme,1.4,41,545,final
2025-07-30,celio,pantalon lin homme,1.4,49,559,final
2025-07-31,celio,pantalon lin homme,1.4,48,521,final
2025-08-01,celio,pantalon lin homme,1.3,36,446,final
2025-08-02,celio,pantalon lin homme,1.3,78,548,final
2025-08-03,celio,pantalon lin homme,1.2,63,577,final
2025-08-04,celio,pantalon lin homme,1.3,64,600,final
2025-08-05,celio,pantalon lin homme,1.2,63,564,final
2025-08-06,celio,pantalon lin homme,1.4,63,573,final
2025-08-07,celio,pantalon lin homme,1.4,48,493,final
2025-08-08,celio,pantalon lin homme,1.3,36,489,final
2025-08-09,celio,pantalon lin homme,1.4,69,588,final
2025-08-10,celio,pantalon lin homme,1.4,68,603,final
2025-08-11,celio,pantalon lin homme,1.4,85,694,final
2025-08-12,celio,pantalon lin homme,1.5,52,648,final
2025-08-13,celio,pantalon lin homme,1.4,55,583,final
2025-08-14,celio,pantalon lin homme,1.3,51,509,final
2025-08-15,celio,pantalon lin homme,1.2,58,559,final
2025-08-16,celio,pantalon lin homme,1.3,57,538,final
2025-08-17,celio,pantalon lin homme,1.4,60,585,final
2025-08-18,celio,pantalon lin homme,1.3,43,513,final
2025-08-19,celio,pantalon lin homme,1.4,40,446,final
2025-08-20,celio,pantalon lin homme,1.4,36,385,final
2025-08-21,celio,pantalon lin homme,1.4,24,375,final
2025-08-22,celio,pantalon lin homme,1.3,27,362,final
2025-08-23,celio,pantalon lin homme,1.5,19,342,final
2025-08-24,celio,pantalon lin homme,1.3,30,393,final
2025-08-25,celio,pantalon lin homme,1.3,29,360,final
2025-08-26,celio,pantalon lin homme,1.3,26,345,final
2025-08-27,celio,pantalon lin homme,1.6,24,324,final
2025-08-28,celio,pantalon lin homme,1.4,13,333,final
2025-08-29,celio,pantalon lin homme,1.6,21,309,final
2025-08-30,celio,pantalon lin homme,1.4,26,302,final
2025-08-31,celio,pantalon lin homme,1.5,18,295,final
2025-09-01,celio,pantalon lin homme,1.5,22,281,final
2025-09-02,celio,pantalon lin homme,1.5,30,291,final
2025-09-03,celio,pantalon lin homme,1.8,21,257,final
2025-09-04,celio,pantalon lin homme,1.6,21,273,final
2025-09-05,celio,pantalon lin homme,1.8,25,250,final
2025-09-06,celio,pantalon lin homme,2.2,20,292,final
2025-09-07,celio,pantalon lin homme,2.0,14,300,final
2025-09-08,celio,pantalon lin homme,1.9,14,217,final
2025-09-09,celio,pantalon lin homme,1.7,16,225,final
2025-09-10,celio,pantalon lin homme,1.8,16,263,final
2025-09-11,celio,pantalon lin homme,1.9,15,250,final
2025-09-12,celio,pantalon lin homme,1.7,10,217,final
2025-09-13,celio,pantalon lin homme,1.6,12,233,final
2025-09-14,celio,pantalon lin homme,1.8,17,222,final
2025-09-15,celio,pantalon lin homme,2.3,15,214,final
2025-09-16,celio,pantalon lin homme,1.6,12,211,final
2025-09-17,celio,pantalon lin homme,2.0,13,205,final
2025-09-18,celio,pantalon lin homme,1.7,19,217,final
2025-09-19,celio,pantalon lin homme,1.6,15,200,final
2025-09-20,celio,pantalon lin homme,1.8,14,227,final
2025-09-21,celio,pantalon lin homme,1.8,17,228,final
2025-09-22,celio,pantalon lin homme,1.6,15,219,final
2025-09-23,celio,pantalon lin homme,1.8,13,152,final
2025-09-24,celio,pantalon lin homme,2.7,8,165,final
2025-09-25,celio,pantalon lin homme,2.1,11,177,final
2025-09-26,celio,pantalon lin homme,1.8,7,154,final
2025-09-27,celio,pantalon lin homme,1.8,9,190,final
2025-09-28,celio,pantalon lin homme,1.6,12,217,final
2025-09-29,celio,pantalon lin homme,2.4,11,216,final
2025-09-30,celio,pantalon lin homme,2.2,11,194,final
2025-10-01,celio,pantalon lin homme,1.7,12,196,final
2025-10-02,celio,pantalon lin homme,1.5,7,154,final
2025-10-03,celio,pantalon lin homme,2.0,9,167,final
2025-10-04,celio,pantalon lin homme,2.4,17,208,final
2025-10-05,celio,pantalon lin homme,3.1,7,177,final
2025-10-06,celio,pantalon lin homme,2.1,11,158,final
2025-10-07,celio,pantalon lin homme,2.9,12,160,final
2025-10-08,celio,pantalon lin homme,2.1,5,179,final
2025-10-09,celio,pantalon lin homme,1.8,4,137,final
2025-10-10,celio,pantalon lin homme,1.5,5,177,final
2025-10-11,celio,pantalon lin homme,1.4,7,200,final
2025-10-12,celio,pantalon lin homme,1.7,6,186,final
2025-10-13,celio,pantalon lin homme,2,11,206,final
2025-10-14,celio,pantalon lin homme,1.8,5,166,final
2025-10-15,celio,pantalon lin homme,1.4,5,176,final
2025-10-16,celio,pantalon lin homme,2.1,7,152,final
2025-10-17,celio,pantalon lin homme,1.6,8,128,final
2025-10-18,celio,pantalon lin homme,2.9,5,132,final
2025-10-19,celio,pantalon lin homme,1.8,10,117,final
2025-10-20,celio,pantalon lin homme,2.7,12,138,final
2025-10-21,celio,pantalon lin homme,2.7,2,106,final
2025-10-22,celio,pantalon lin homme,2.2,12,122,final
2025-10-23,celio,pantalon lin homme,3.5,5,139,final
2025-10-24,celio,pantalon lin homme,1.4,8,170,final
2025-10-25,celio,pantalon lin homme,3.8,4,132,final
2025-10-26,celio,pantalon lin homme,1.7,14,145,final
2025-10-27,celio,pantalon lin homme,2.3,8,89,final
2025-10-28,celio,pantalon lin homme,3.5,9,102,final
2025-10-29,celio,pantalon lin homme,2.8,8,92,final
2025-10-30,celio,pantalon lin homme,3,6,101,final
2025-10-31,celio,pantalon lin homme,1.8,3,98,final
2025-11-01,celio,pantalon lin homme,6.4,6,158,final
2025-11-02,celio,pantalon lin homme,2.8,13,126,final
2025-11-03,celio,pantalon lin homme,3.4,7,122,final
2025-11-04,celio,pantalon lin homme,5.2,1,102,final
2025-11-05,celio,pantalon lin homme,3.0,4,90,final
2025-11-06,celio,pantalon lin homme,3.0,6,98,final
2025-11-07,celio,pantalon lin homme,2.2,4,98,final
2025-11-08,celio,pantalon lin homme,1.9,7,110,final
2025-11-09,celio,pantalon lin homme,2.1,10,115,final
2025-11-10,celio,pantalon lin homme,1.9,9,109,final
2025-11-11,celio,pantalon lin homme,2.5,6,106,final
2025-11-12,celio,pantalon lin homme,2.7,7,101,final
2025-11-13,celio,pantalon lin homme,2.2,5,91,final
2025-11-14,celio,pantalon lin homme,2.5,0,92,final
2025-11-15,celio,pantalon lin homme,2.4,8,100,final
2025-11-16,celio,pantalon lin homme,2.2,11,144,final
2025-11-17,celio,pantalon lin homme,2.6,2,92,final
2025-11-18,celio,pantalon lin homme,2.7,8,104,final
2025-11-19,celio,pantalon lin homme,2.2,7,100,final
2025-11-20,celio,pantalon lin homme,2.0,5,89,final
2025-11-21,celio,pantalon lin homme,3.8,7,103,final
2025-11-22,celio,pantalon lin homme,3.2,6,86,final
2025-11-23,celio,pantalon lin homme,1.9,15,150,final
2025-11-24,celio,pantalon lin homme,2.5,6,88,final
2025-11-25,celio,pantalon lin homme,2.8,8,106,final
2025-11-26,celio,pantalon lin homme,3.0,3,88,final
2025-11-27,celio,pantalon lin homme,2.0,5,92,final
2025-11-28,celio,pantalon lin homme,2.5,13,112,final
2025-11-29,celio,pantalon lin homme,2.4,7,111,final
2025-11-30,celio,pantalon lin homme,2.3,12,131,final
2025-12-01,celio,pantalon lin homme,2.5,6,111,final
2025-12-02,celio,pantalon lin homme,3.5,7,103,final
2025-12-03,celio,pantalon lin homme,2.8,7,100,final
2025-12-04,celio,pantalon lin homme,2.5,4,91,final
2025-12-05,celio,pantalon lin homme,2.8,10,91,final
2025-12-06,celio,pantalon lin homme,2.5,5,112,final
2025-12-07,celio,pantalon lin homme,2.6,11,162,final
2025-12-08,celio,pantalon lin homme,3.2,12,140,final
2025-12-09,celio,pantalon lin homme,2.8,7,118,final
2025-12-10,celio,pantalon lin homme,3.0,7,104,final
2025-12-11,celio,pantalon lin homme,1.9,0,89,final
2025-12-12,celio,pantalon lin homme,1.6,5,94,final
2025-12-13,celio,pantalon lin homme,1.8,11,117,final
2025-12-14,celio,pantalon lin homme,2.6,8,129,final
2025-12-15,celio,pantalon lin homme,2.8,8,118,final
2025-12-16,celio,pantalon lin homme,3.0,12,115,final
2025-12-17,celio,pantalon lin homme,3.9,5,105,final
2025-12-18,celio,pantalon lin homme,4.1,6,108,final
2025-12-19,celio,pantalon lin homme,4.0,5,101,final
2025-12-20,celio,pantalon lin homme,3.9,3,123,final
2025-12-21,celio,pantalon lin homme,5.4,3,93,final
2025-12-22,celio,pantalon lin homme,4.3,3,77,final
2025-12-23,celio,pantalon lin homme,5.0,4,101,final
2025-12-24,celio,pantalon lin homme,4.7,3,99,final
2025-12-25,celio,pantalon lin homme,4.5,4,113,final
2025-12-26,celio,pantalon lin homme,3.5,4,103,final
2025-12-27,celio,pantalon lin homme,3.1,4,99,final
2025-12-28,celio,pantalon lin homme,3.7,10,120,final
2025-12-29,celio,pantalon lin homme,2.9,7,119,final
2025-12-30,celio,pantalon lin homme,4.2,10,119,final
2025-12-31,celio,pantalon lin homme,2.9,6,108,final
2026-01-01,celio,pantalon lin homme,2.8,10,123,final
2026-01-02,celio,pantalon lin homme,2.2,5,118,final
2026-01-03,celio,pantalon lin homme,2.3,8,143,final
2026-01-04,celio,pantalon lin homme,2.9,9,154,final
2026-01-05,celio,pantalon lin homme,4.0,10,118,final
2026-01-06,celio,pantalon lin homme,2.1,7,100,final
2026-01-07,celio,pantalon lin homme,2.4,16,167,final
2026-01-08,celio,pantalon lin homme,2.2,4,124,final
2026-01-09,celio,pantalon lin homme,2.4,7,106,final
2026-01-10,celio,pantalon lin homme,5.4,9,170,final
2026-01-11,celio,pantalon lin homme,2.2,12,213,final
2026-01-12,celio,pantalon lin homme,3,8,131,final
2026-01-13,celio,pantalon lin homme,3.5,11,124,final
2026-01-14,celio,pantalon lin homme,4.4,8,119,final
2026-01-15,celio,pantalon lin homme,1.9,7,97,final
2026-01-16,celio,pantalon lin homme,4.8,6,125,final
2026-01-17,celio,pantalon lin homme,2.4,18,173,final
2026-01-18,celio,pantalon lin homme,2.7,13,193,final
2026-01-19,celio,pantalon lin homme,3.4,11,153,final
2026-01-20,celio,pantalon lin homme,5.1,12,160,final
2026-01-21,celio,pantalon lin homme,3.1,16,148,final
2026-01-22,celio,pantalon lin homme,3.9,10,135,final
2026-01-23,celio,pantalon lin homme,2.9,10,141,final
2026-01-24,celio,pantalon lin homme,3.6,12,187,final
2026-01-25,celio,pantalon lin homme,2.9,16,225,final
2026-01-26,celio,pantalon lin homme,3.9,12,135,final
2026-01-27,celio,pantalon lin homme,3.6,17,164,final
2026-01-28,celio,pantalon lin homme,2.5,8,157,final
2026-01-29,celio,pantalon lin homme,2.9,12,134,final
2026-01-30,celio,pantalon lin homme,8.1,16,185,final
2026-01-31,celio,pantalon lin homme,6.5,12,217,final
2026-02-01,celio,pantalon lin homme,4.0,14,220,final
2026-02-02,celio,pantalon lin homme,2.4,23,193,final
2026-02-03,celio,pantalon lin homme,3.7,18,136,final
2026-02-04,celio,pantalon lin homme,4.5,18,155,final
2026-02-05,celio,pantalon lin homme,4.8,10,135,final
2026-02-06,celio,pantalon lin homme,5,8,152,final
2026-02-07,celio,pantalon lin homme,2.7,15,185,final
2026-02-08,celio,pantalon lin homme,4.1,14,194,final
2026-02-09,celio,pantalon lin homme,5.5,13,175,final
2026-02-10,celio,pantalon lin homme,3.9,11,173,final
2026-02-11,celio,pantalon lin homme,6.4,13,153,final
2026-02-12,celio,pantalon lin homme,9.2,2,109,final
2026-02-13,celio,pantalon lin homme,10.1,5,103,final
2026-02-14,celio,pantalon lin homme,9.1,4,147,final
2026-02-15,celio,pantalon lin homme,13.1,0,64,final
2026-02-16,celio,pantalon lin homme,9.1,6,127,final
2026-02-17,celio,pantalon lin homme,5.3,4,116,final
2026-02-18,celio,pantalon lin homme,11.2,3,52,final
2026-02-19,celio,pantalon lin homme,9.9,0,37,final
2026-02-20,celio,pantalon lin homme,9.1,2,93,final
2026-02-21,celio,pantalon lin homme,11.8,2,57,final
2026-02-22,celio,pantalon lin homme,10.7,1,47,final
2026-02-23,celio,pantalon lin homme,12.0,4,37,final
2026-02-24,celio,pantalon lin homme,23,0,22,final
2026-02-25,celio,pantalon lin homme,11.4,0,36,final
2026-02-26,celio,pantalon lin homme,7.3,5,134,final
2026-02-27,celio,pantalon lin homme,6.2,7,176,final
2026-02-28,celio,pantalon lin homme,6.8,11,236,final
2026-03-01,celio,pantalon lin homme,3.5,23,216,final
2026-03-02,celio,pantalon lin homme,7.9,6,192,final
2026-03-03,celio,pantalon lin homme,7.9,7,172,final
2026-03-04,celio,pantalon lin homme,2.4,25,237,final
2026-03-05,celio,pantalon lin homme,5.3,4,152,final
2026-03-06,celio,pantalon lin homme,2.8,19,209,final
2026-03-07,celio,pantalon lin homme,4.1,19,239,final
2026-03-08,celio,pantalon lin homme,8.9,9,257,final
2026-03-09,celio,pantalon lin homme,4.2,30,274,final
2026-03-10,celio,pantalon lin homme,3.1,14,189,final
2026-03-11,celio,pantalon lin homme,2.3,13,199,final
2026-03-12,celio,pantalon lin homme,2.0,24,221,final
2026-03-13,celio,pantalon lin homme,4.0,12,197,final
2026-03-14,celio,pantalon lin homme,1.9,22,256,final
2026-03-15,celio,pantalon lin homme,7.0,9,228,final
2026-03-16,celio,pantalon lin homme,2.7,23,246,final
2026-03-17,celio,pantalon lin homme,1.7,21,233,final
2026-03-18,celio,pantalon lin homme,1.9,33,273,final
2026-03-19,celio,pantalon lin homme,1.5,29,260,final
2026-03-20,celio,pantalon lin homme,1.4,20,242,final
2026-03-21,celio,pantalon lin homme,1.7,27,328,final
2026-03-22,celio,pantalon lin homme,1.6,28,338,final
2026-03-23,celio,pantalon lin homme,1.5,20,228,final
2026-03-24,celio,pantalon lin homme,2.2,29,268,final
2026-03-25,celio,pantalon lin homme,2.0,29,249,final
2026-03-26,celio,pantalon lin homme,2.5,18,235,final
2026-03-27,celio,pantalon lin homme,1.8,27,261,final
2026-03-28,celio,pantalon lin homme,2.1,27,297,final
2026-03-29,celio,pantalon lin homme,2.2,34,335,final
2026-03-30,celio,pantalon lin homme,2.2,28,270,final
2026-03-31,celio,pantalon lin homme,3.8,24,264,final
2026-04-01,celio,pantalon lin homme,2.5,29,253,final
2026-04-02,celio,pantalon lin homme,2.1,19,257,final
2026-04-03,celio,pantalon lin homme,1.8,29,273,final
2026-04-04,celio,pantalon lin homme,1.8,39,383,final
2026-04-05,celio,pantalon lin homme,1.7,37,413,final
2026-04-06,celio,pantalon lin homme,1.5,62,518,final
2026-04-07,celio,pantalon lin homme,1.7,48,481,final
2026-04-08,celio,pantalon lin homme,1.7,57,546,final
2026-04-09,celio,pantalon lin homme,1.7,50,495,final
2026-04-10,celio,pantalon lin homme,1.9,37,337,final
2026-04-11,celio,pantalon lin homme,1.6,47,466,final
2026-04-12,celio,pantalon lin homme,1.8,47,456,final
2026-04-13,celio,pantalon lin homme,1.8,29,359,final
2026-04-14,celio,pantalon lin homme,1.6,21,344,final
2026-04-15,celio,pantalon lin homme,1.7,32,351,final
2026-04-16,celio,pantalon lin homme,2.0,32,378,final
2026-04-17,celio,pantalon lin homme,1.7,36,415,final
2026-04-18,celio,pantalon lin homme,1.6,55,538,final
2026-04-19,celio,pantalon lin homme,1.6,51,593,final
2026-04-20,celio,pantalon lin homme,2.0,40,505,final
2026-04-21,celio,pantalon lin homme,2.0,47,458,final
2026-04-22,celio,pantalon lin homme,2.1,37,446,final
2026-04-23,celio,pantalon lin homme,2.1,36,420,final
2026-04-24,celio,pantalon lin homme,2.1,52,520,final
2026-04-25,celio,pantalon lin homme,2.1,39,531,final
2026-04-26,celio,pantalon lin homme,2.0,63,695,final
2026-04-27,celio,pantalon lin homme,1.8,54,619,final
2026-04-28,celio,pantalon lin homme,1.7,37,475,final
2026-04-29,celio,pantalon lin homme,2.0,40,520,final
2026-04-30,celio,pantalon lin homme,3.0,34,441,final
2026-05-01,celio,pantalon lin homme,1.7,57,551,final
2026-05-02,celio,pantalon lin homme,1.9,59,615,final
2026-05-03,celio,pantalon lin homme,2.0,69,647,final
2026-05-04,celio,pantalon lin homme,1.8,51,463,final
2026-05-05,celio,pantalon lin homme,2.5,33,432,final
2026-05-06,celio,pantalon lin homme,2.4,36,442,final
2026-05-07,celio,pantalon lin homme,1.9,39,410,final
2026-05-08,celio,pantalon lin homme,1.9,38,522,final
2026-05-09,celio,pantalon lin homme,1.7,46,560,final
2026-05-10,celio,pantalon lin homme,1.9,47,583,final
2026-05-11,celio,pantalon lin homme,1.9,47,431,final
2026-05-12,celio,pantalon lin homme,1.6,33,395,final
2026-05-13,celio,pantalon lin homme,2.3,24,372,final
2026-05-14,celio,pantalon lin homme,1.8,37,503,final
2026-05-15,celio,pantalon lin homme,1.6,37,463,final
2026-05-16,celio,pantalon lin homme,1.6,38,522,final
2026-05-17,celio,pantalon lin homme,1.5,43,473,final
2026-05-18,celio,pantalon lin homme,1.5,33,410,final
2026-05-19,celio,pantalon lin homme,1.5,32,434,final
2026-05-20,celio,pantalon lin homme,1.5,50,540,final
2026-05-21,celio,pantalon lin homme,1.4,71,633,final
2026-05-22,celio,pantalon lin homme,1.4,64,714,final
2026-05-23,celio,pantalon lin homme,1.4,70,964,final
2026-05-24,celio,pantalon lin homme,1.5,121,1328,final
2026-05-25,celio,pantalon lin homme,1.4,206,1857,final
2026-05-26,celio,pantalon lin homme,1.5,192,1771,final
2026-05-27,celio,pantalon lin homme,1.4,199,1699,final
2026-05-28,celio,pantalon lin homme,1.4,177,1462,final
2026-05-29,celio,pantalon lin homme,1.3,136,1277,final
2026-05-30,celio,pantalon lin homme,1.4,114,1382,final
2026-05-31,celio,pantalon lin homme,1.4,127,1353,final
2026-06-01,celio,pantalon lin homme,1.6,102,1164,final
2026-06-02,celio,pantalon lin homme,1.4,86,889,final
2026-06-03,celio,pantalon lin homme,1.5,79,814,final
2026-06-04,celio,pantalon lin homme,1.4,63,770,final
2026-06-05,celio,pantalon lin homme,1.6,54,611,final
2026-06-06,celio,pantalon lin homme,1.5,60,779,final
2026-06-07,celio,pantalon lin homme,1.4,74,936,final
2026-06-08,celio,pantalon lin homme,1.4,76,848,final
2026-06-09,celio,pantalon lin homme,1.4,43,702,final
2026-06-10,celio,pantalon lin homme,1.6,60,769,final
2026-06-11,celio,pantalon lin homme,1.5,62,608,final
2026-06-12,celio,pantalon lin homme,1.3,45,658,final
2026-06-13,celio,pantalon lin homme,1.6,70,1036,final
2026-06-14,celio,pantalon lin homme,1.8,85,1252,final
2026-06-15,celio,pantalon lin homme,1.8,94,1101,final
2026-06-16,celio,pantalon lin homme,1.4,71,946,final
2026-06-17,celio,pantalon lin homme,1.4,99,1211,final
2026-06-18,celio,pantalon lin homme,1.3,124,1321,final
2026-06-19,celio,pantalon lin homme,1.3,119,1340,final
2026-06-20,celio,pantalon lin homme,1.4,174,1604,final
2026-06-21,celio,pantalon lin homme,1.3,210,1910,final
2026-06-22,celio,pantalon lin homme,1.3,189,1837,final
2026-06-23,celio,pantalon lin homme,1.3,179,1817,final
2026-06-24,celio,pantalon lin homme,1.5,295,2696,final
2026-06-25,celio,pantalon lin homme,1.3,181,1971,final
2026-06-26,celio,pantalon lin homme,1.5,176,1641,final
2026-06-27,celio,pantalon lin homme,1.4,214,2119,final
2026-06-28,celio,pantalon lin homme,1.4,181,2031,final
2026-06-29,celio,pantalon lin homme,1.5,174,1619,final
2026-06-30,celio,pantalon lin homme,1.5,126,1315,final
2026-07-01,celio,pantalon lin homme,1.5,128,1274,final
2026-07-02,celio,pantalon lin homme,1.3,114,1165,final
2026-07-03,celio,pantalon lin homme,1.3,100,1153,final
2026-07-04,celio,pantalon lin homme,1.3,112,1387,final
2026-07-05,celio,pantalon lin homme,1.4,140,1517,final
2026-07-06,celio,pantalon lin homme,1.3,154,1438,final
2026-07-07,celio,pantalon lin homme,1.4,118,1309,final
2026-07-08,celio,pantalon lin homme,1.4,118,1272,final
2026-07-09,celio,pantalon lin homme,1.4,107,1045,final
2026-07-10,celio,pantalon lin homme,1.4,93,1045,final
2026-07-11,celio,pantalon lin homme,1.5,93,1315,final
2026-07-12,celio,pantalon lin homme,1.6,94,1220,final
2026-07-13,celio,pantalon lin homme,1.5,104,1086,final
2026-07-14,celio,pantalon lin homme,1.6,85,1040,final
2026-07-15,celio,pantalon lin homme,1.4,62,889,final
2026-07-16,celio,pantalon lin homme,1.5,73,925,final
2026-07-17,celio,pantalon lin homme,1.5,53,795,final
2026-07-18,celio,pantalon lin homme,1.5,72,954,final
2026-07-19,celio,pantalon lin homme,1.5,77,877,final
2026-07-20,celio,pantalon lin homme,1.6,69,813,final
2026-07-21,celio,pantalon lin homme,1.4,65,730,final
2026-07-22,celio,pantalon lin homme,1.7,77,699,final
2026-07-23,celio,pantalon lin homme,1.5,60,630,final
2026-07-24,celio,pantalon lin homme,1.7,35,607,final
2026-07-25,celio,pantalon lin homme,1.5,46,729,final
2026-07-26,celio,pantalon lin homme,1.6,61,737,final
2026-07-27,celio,pantalon lin homme,1.6,40,651,final
2026-07-28,celio,pantalon lin homme,1.5,43,763,final
2026-07-29,celio,pantalon lin homme,1.8,72,748,final
2026-07-30,celio,pantalon lin homme,1.4,41,626,final
2026-07-31,celio,pantalon lin homme,1.6,47,629,final
2026-08-01,celio,pantalon lin homme,1.4,42,663,final
2026-08-02,celio,pantalon lin homme,1.6,68,744,final
2026-08-03,celio,pantalon lin homme,1.4,64,686,final
2026-08-04,celio,pantalon lin homme,1.6,47,634,final
2026-08-05,celio,pantalon lin homme,1.4,48,646,final
2026-08-06,celio,pantalon lin homme,1.5,45,596,final
2026-08-07,celio,pantalon lin homme,1.6,38,546,final
2026-08-08,celio,pantalon lin homme,1.4,52,609,final
2026-08-09,celio,pantalon lin homme,1.6,66,628,final
2026-08-10,celio,pantalon lin homme,1.4,49,605,final
2026-08-11,celio,pantalon lin homme,1.5,33,545,final
2026-08-12,celio,pantalon lin homme,1.8,38,513,final
2026-08-13,celio,pantalon lin homme,2.0,45,511,final
2026-08-14,celio,pantalon lin homme,1.6,48,517,final
2026-08-15,celio,pantalon lin homme,1.6,37,493,final
2026-08-16,celio,pantalon lin homme,1.8,47,573,final
2026-08-17,celio,pantalon lin homme,1.8,37,470,final
2026-08-18,celio,pantalon lin homme,2.0,21,441,final
2026-08-19,celio,pantalon lin homme,1.9,31,453,final
2026-08-20,celio,pantalon lin homme,1.7,32,409,final
2026-08-21,celio,pantalon lin homme,1.9,34,371,final
2026-08-22,celio,pantalon lin homme,1.8,19,390,final
2026-08-23,celio,pantalon lin homme,1.7,24,370,final
2026-08-24,celio,pantalon lin homme,1.9,27,324,final
2026-08-25,celio,pantalon lin homme,1.6,13,341,final
2026-08-26,celio,pantalon lin homme,1.6,22,318,final
2026-08-27,celio,pantalon lin homme,1.6,26,329,final
2026-08-28,celio,pantalon lin homme,1.6,21,320,final
2026-08-29,celio,pantalon lin homme,1.8,19,345,final
2026-08-30,celio,pantalon lin homme,1.6,23,363,final
2026-08-31,celio,pantalon lin homme,2.5,19,355,final
2026-09-01,celio,pantalon lin homme,2.0,17,302,final
2026-09-02,celio,pantalon lin homme,1.5,25,303,final
2026-09-03,celio,pantalon lin homme,2.1,22,299,final
2026-09-04,celio,pantalon lin homme,2.0,18,319,final
2026-09-05,celio,pantalon lin homme,1.8,22,352,final
2026-09-06,celio,pantalon lin homme,1.6,22,344,final
2026-09-07,celio,pantalon lin homme,1.9,23,322,final
2026-09-08,celio,pantalon lin homme,2.1,19,268,final
2026-09-09,celio,pantalon lin homme,1.6,20,318,final
2026-09-10,celio,pantalon lin homme,2.2,20,256,final
2026-09-11,celio,pantalon lin homme,1.7,14,241,final
2026-09-12,celio,pantalon lin homme,1.7,19,302,final
2026-09-13,celio,pantalon lin homme,1.5,19,280,final
2026-09-14,celio,pantalon lin homme,2.0,11,253,final
2026-09-15,celio,pantalon lin homme,1.8,9,247,final
2026-09-16,celio,pantalon lin homme,3.5,9,251,final
2026-09-17,celio,pantalon lin homme,2.2,17,257,final
2026-09-18,celio,pantalon lin homme,2.2,10,212,final
2026-09-19,celio,pantalon lin homme,2.0,9,263,final
2026-09-20,celio,pantalon lin homme,2.0,21,251,final
2026-09-21,celio,pantalon lin homme,1.9,15,226,final
2026-09-22,celio,pantalon lin homme,2.0,14,205,final
2026-09-23,celio,pantalon lin homme,1.9,13,239,final
2026-09-24,celio,pantalon lin homme,1.7,9,176,final
2026-09-25,celio,pantalon lin homme,1.7,16,198,final
2026-09-26,celio,pantalon lin homme,2.3,11,188,final
2026-09-27,celio,pantalon lin homme,2.1,25,243,final
2026-09-28,celio,pantalon lin homme,2.4,15,231,final
2026-09-29,celio,pantalon lin homme,2.6,12,164,fresh
2026-09-30,celio,pantalon lin homme,3.5,10,184,fresh
2025-06-08,celio,parka homme,6.0,3,192,final
2025-06-09,celio,parka homme,6.4,3,141,final
2025-06-10,celio,parka homme,6.8,0,168,final
2025-06-11,celio,parka homme,5.6,1,152,final
2025-06-12,celio,parka homme,7.0,0,141,final
2025-06-13,celio,parka homme,6.4,0,150,final
2025-06-14,celio,parka homme,6.6,0,138,final
2025-06-15,celio,parka homme,6.7,3,150,final
2025-06-16,celio,parka homme,7.2,2,150,final
2025-06-17,celio,parka homme,8.9,0,156,final
2025-06-18,celio,parka homme,6.8,0,138,final
2025-06-19,celio,parka homme,7.7,0,135,final
2025-06-20,celio,parka homme,7.4,1,135,final
2025-06-21,celio,parka homme,7.8,0,135,final
2025-06-22,celio,parka homme,8.1,0,121,final
2025-06-23,celio,parka homme,6.9,1,152,final
2025-06-24,celio,parka homme,10.5,0,156,final
2025-06-25,celio,parka homme,7.8,1,172,final
2025-06-26,celio,parka homme,8.8,0,141,final
2025-06-27,celio,parka homme,8.6,1,169,final
2025-06-28,celio,parka homme,7.2,1,166,final
2025-06-29,celio,parka homme,8.0,0,144,final
2025-06-30,celio,parka homme,7.7,2,183,final
2025-07-01,celio,parka homme,12.5,0,145,final
2025-07-02,celio,parka homme,11.7,1,173,final
2025-07-03,celio,parka homme,12.0,0,142,final
2025-07-04,celio,parka homme,12.3,1,154,final
2025-07-05,celio,parka homme,12.6,2,155,final
2025-07-06,celio,parka homme,11.8,2,252,final
2025-07-07,celio,parka homme,12.2,2,199,final
2025-07-08,celio,parka homme,14.4,1,142,final
2025-07-09,celio,parka homme,14.8,2,180,final
2025-07-10,celio,parka homme,13.8,1,138,final
2025-07-11,celio,parka homme,13.9,0,120,final
2025-07-12,celio,parka homme,13.1,1,138,final
2025-07-13,celio,parka homme,12.3,2,143,final
2025-07-14,celio,parka homme,13.0,0,141,final
2025-07-15,celio,parka homme,13.6,2,156,final
2025-07-16,celio,parka homme,13.6,1,166,final
2025-07-17,celio,parka homme,14.5,0,138,final
2025-07-18,celio,parka homme,18.4,1,91,final
2025-07-19,celio,parka homme,18.2,2,104,final
2025-07-20,celio,parka homme,17.4,2,111,final
2025-07-21,celio,parka homme,18.3,2,104,final
2025-07-22,celio,parka homme,24.6,0,95,final
2025-07-23,celio,parka homme,16.8,0,112,final
2025-07-24,celio,parka homme,15.8,0,124,final
2025-07-25,celio,parka homme,14.3,0,140,final
2025-07-26,celio,parka homme,15.5,0,102,final
2025-07-27,celio,parka homme,12.9,1,146,final
2025-07-28,celio,parka homme,11.7,2,126,final
2025-07-29,celio,parka homme,12.4,1,164,final
2025-07-30,celio,parka homme,11.4,0,164,final
2025-07-31,celio,parka homme,9.6,3,150,final
2025-08-01,celio,parka homme,8.4,1,155,final
2025-08-02,celio,parka homme,8.1,5,165,final
2025-08-03,celio,parka homme,8.4,1,161,final
2025-08-04,celio,parka homme,8.2,1,162,final
2025-08-05,celio,parka homme,10.7,3,176,final
2025-08-06,celio,parka homme,9.1,3,155,final
2025-08-07,celio,parka homme,7.9,0,179,final
2025-08-08,celio,parka homme,8.5,1,164,final
2025-08-09,celio,parka homme,9.0,0,177,final
2025-08-10,celio,parka homme,8.8,4,163,final
2025-08-11,celio,parka homme,7.4,1,150,final
2025-08-12,celio,parka homme,10.3,1,155,final
2025-08-13,celio,parka homme,9.2,0,151,final
2025-08-14,celio,parka homme,8.6,0,169,final
2025-08-15,celio,parka homme,9.1,1,151,final
2025-08-16,celio,parka homme,8.7,1,169,final
2025-08-17,celio,parka homme,9.1,1,166,final
2025-08-18,celio,parka homme,8.0,0,168,final
2025-08-19,celio,parka homme,9.5,3,230,final
2025-08-20,celio,parka homme,8.1,4,247,final
2025-08-21,celio,parka homme,11.6,3,239,final
2025-08-22,celio,parka homme,9.5,2,227,final
2025-08-23,celio,parka homme,6.5,3,279,final
2025-08-24,celio,parka homme,6.1,3,319,final
2025-08-25,celio,parka homme,6.5,7,271,final
2025-08-26,celio,parka homme,6.8,4,328,final
2025-08-27,celio,parka homme,6.5,7,362,final
2025-08-28,celio,parka homme,7.4,7,388,final
2025-08-29,celio,parka homme,7.2,10,450,final
2025-08-30,celio,parka homme,7.3,4,479,final
2025-08-31,celio,parka homme,6.3,15,562,final
2025-09-01,celio,parka homme,6.9,12,517,final
2025-09-02,celio,parka homme,7.2,15,634,final
2025-09-03,celio,parka homme,4.5,17,646,final
2025-09-04,celio,parka homme,4.4,21,549,final
2025-09-05,celio,parka homme,5.6,13,360,final
2025-09-06,celio,parka homme,10.3,4,226,final
2025-09-07,celio,parka homme,12.3,3,271,final
2025-09-08,celio,parka homme,11.8,4,143,final
2025-09-09,celio,parka homme,9.9,5,314,final
2025-09-10,celio,parka homme,12.3,4,159,final
2025-09-11,celio,parka homme,8.5,5,362,final
2025-09-12,celio,parka homme,6.2,8,492,final
2025-09-13,celio,parka homme,4.1,16,621,final
2025-09-14,celio,parka homme,5.5,15,700,final
2025-09-15,celio,parka homme,5.8,4,497,final
2025-09-16,celio,parka homme,7.0,8,416,final
2025-09-17,celio,parka homme,6.4,7,463,final
2025-09-18,celio,parka homme,6.7,8,417,final
2025-09-19,celio,parka homme,7.1,7,313,final
2025-09-20,celio,parka homme,6.3,18,602,final
2025-09-21,celio,parka homme,6.3,19,894,final
2025-09-22,celio,parka homme,4.9,25,920,final
2025-09-23,celio,parka homme,5.0,32,1173,final
2025-09-24,celio,parka homme,3.8,59,1647,final
2025-09-25,celio,parka homme,4.2,46,1270,final
2025-09-26,celio,parka homme,3.4,51,1231,final
2025-09-27,celio,parka homme,3.6,44,1301,final
2025-09-28,celio,parka homme,3.0,40,1228,final
2025-09-29,celio,parka homme,3.2,40,1021,final
2025-09-30,celio,parka homme,4.3,25,819,final
2025-10-01,celio,parka homme,5.5,10,656,final
2025-10-02,celio,parka homme,6.7,12,598,final
2025-10-03,celio,parka homme,3.8,30,866,final
2025-10-04,celio,parka homme,2.7,56,898,final
2025-10-05,celio,parka homme,2.9,44,1106,final
2025-10-06,celio,parka homme,4.0,39,815,final
2025-10-07,celio,parka homme,4.3,19,661,final
2025-10-08,celio,parka homme,3.4,36,824,final
2025-10-09,celio,parka homme,3.5,27,740,final
2025-10-10,celio,parka homme,3.1,26,776,final
2025-10-11,celio,parka homme,2.7,42,862,final
2025-10-12,celio,parka homme,3.6,35,875,final
2025-10-13,celio,parka homme,3.2,29,800,final
2025-10-14,celio,parka homme,3.6,19,768,final
2025-10-15,celio,parka homme,3.3,28,765,final
2025-10-16,celio,parka homme,2.8,28,681,final
2025-10-17,celio,parka homme,3.5,34,700,final
2025-10-18,celio,parka homme,3.4,40,940,final
2025-10-19,celio,parka homme,3.2,50,1205,final
2025-10-20,celio,parka homme,3.6,35,1079,final
2025-10-21,celio,parka homme,4.0,29,874,final
2025-10-22,celio,parka homme,3.7,35,952,final
2025-10-23,celio,parka homme,3.5,43,1211,final
2025-10-24,celio,parka homme,4.3,41,1163,final
2025-10-25,celio,parka homme,3.9,56,1293,final
2025-10-26,celio,parka homme,4.1,60,1564,final
2025-10-27,celio,parka homme,4.0,50,1239,final
2025-10-28,celio,parka homme,3.6,41,1151,final
2025-10-29,celio,parka homme,2.8,50,1117,final
2025-10-30,celio,parka homme,2.7,38,1046,final
2025-10-31,celio,parka homme,3.8,28,985,final
2025-11-01,celio,parka homme,3.4,42,1244,final
2025-11-02,celio,parka homme,2.0,70,1505,final
2025-11-03,celio,parka homme,3.7,18,1113,final
2025-11-04,celio,parka homme,3.8,30,958,final
2025-11-05,celio,parka homme,2.3,35,999,final
2025-11-06,celio,parka homme,3.1,26,996,final
2025-11-07,celio,parka homme,3.3,46,1068,final
2025-11-08,celio,parka homme,3.5,37,1227,final
2025-11-09,celio,parka homme,3.3,47,1354,final
2025-11-10,celio,parka homme,3.5,56,1321,final
2025-11-11,celio,parka homme,2.2,65,1374,final
2025-11-12,celio,parka homme,2.3,39,1229,final
2025-11-13,celio,parka homme,2.2,45,1022,final
2025-11-14,celio,parka homme,2.1,53,1123,final
2025-11-15,celio,parka homme,2.4,45,1274,final
2025-11-16,celio,parka homme,2.2,79,1735,final
2025-11-17,celio,parka homme,2.7,85,1825,final
2025-11-18,celio,parka homme,2.4,104,2068,final
2025-11-19,celio,parka homme,2.0,123,2384,final
2025-11-20,celio,parka homme,1.9,120,2487,final
2025-11-21,celio,parka homme,2.1,131,2835,final
2025-11-22,celio,parka homme,1.9,169,3522,final
2025-11-23,celio,parka homme,1.8,163,3443,final
2025-11-24,celio,parka homme,1.9,106,2491,final
2025-11-25,celio,parka homme,1.9,129,2231,final
2025-11-26,celio,parka homme,2.1,108,2239,final
2025-11-27,celio,parka homme,2.2,120,2416,final
2025-11-28,celio,parka homme,2.3,147,2777,final
2025-11-29,celio,parka homme,2.3,115,2654,final
2025-11-30,celio,parka homme,2.2,132,2853,final
2025-12-01,celio,parka homme,2.0,133,2290,final
2025-12-02,celio,parka homme,2.5,90,1784,final
2025-12-03,celio,parka homme,2.6,87,1769,final
2025-12-04,celio,parka homme,2.3,70,1656,final
2025-12-05,celio,parka homme,2.1,91,1540,final
2025-12-06,celio,parka homme,2.0,79,1606,final
2025-12-07,celio,parka homme,2.4,86,1886,final
2025-12-08,celio,parka homme,2.3,68,1360,final
2025-12-09,celio,parka homme,2.4,60,1216,final
2025-12-10,celio,parka homme,2.3,59,1114,final
2025-12-11,celio,parka homme,2.5,55,1082,final
2025-12-12,celio,parka homme,2.2,54,931,final
2025-12-13,celio,parka homme,2.2,62,1188,final
2025-12-14,celio,parka homme,1.8,73,1344,final
2025-12-15,celio,parka homme,2.4,73,1222,final
2025-12-16,celio,parka homme,2.7,58,1007,final
2025-12-17,celio,parka homme,2.2,59,974,final
2025-12-18,celio,parka homme,2.2,36,911,final
2025-12-19,celio,parka homme,2.4,43,924,final
2025-12-20,celio,parka homme,2.2,40,1023,final
2025-12-21,celio,parka homme,2.7,42,987,final
2025-12-22,celio,parka homme,2.4,45,912,final
2025-12-23,celio,parka homme,2.5,41,886,final
2025-12-24,celio,parka homme,2.4,29,658,final
2025-12-25,celio,parka homme,2.3,37,856,final
2025-12-26,celio,parka homme,2.2,66,1126,final
2025-12-27,celio,parka homme,2.2,43,1041,final
2025-12-28,celio,parka homme,2.3,48,1037,final
2025-12-29,celio,parka homme,2.3,48,972,final
2025-12-30,celio,parka homme,2.3,32,866,final
2025-12-31,celio,parka homme,2.4,28,653,final
2026-01-01,celio,parka homme,2.6,29,850,final
2026-01-02,celio,parka homme,2.4,44,1019,final
2026-01-03,celio,parka homme,2.7,56,1133,final
2026-01-04,celio,parka homme,2.5,41,1068,final
2026-01-05,celio,parka homme,2.4,57,1160,final
2026-01-06,celio,parka homme,2.5,50,1250,final
2026-01-07,celio,parka homme,2.2,99,2054,final
2026-01-08,celio,parka homme,2.2,61,1320,final
2026-01-09,celio,parka homme,2.0,52,1267,final
2026-01-10,celio,parka homme,2.1,60,1464,final
2026-01-11,celio,parka homme,2.4,42,1256,final
2026-01-12,celio,parka homme,2.8,45,883,final
2026-01-13,celio,parka homme,2.4,28,799,final
2026-01-14,celio,parka homme,2.3,41,866,final
2026-01-15,celio,parka homme,2.8,28,624,final
2026-01-16,celio,parka homme,3.3,27,631,final
2026-01-17,celio,parka homme,3.2,27,777,final
2026-01-18,celio,parka homme,2.9,32,739,final
2026-01-19,celio,parka homme,3.0,15,624,final
2026-01-20,celio,parka homme,5.8,23,618,final
2026-01-21,celio,parka homme,4.4,17,548,final
2026-01-22,celio,parka homme,3.1,20,523,final
2026-01-23,celio,parka homme,3.0,20,560,final
2026-01-24,celio,parka homme,3.0,24,615,final
2026-01-25,celio,parka homme,2.7,29,724,final
2026-01-26,celio,parka homme,2.8,26,653,final
2026-01-27,celio,parka homme,4.0,22,612,final
2026-01-28,celio,parka homme,3.0,23,541,final
2026-01-29,celio,parka homme,3.4,21,528,final
2026-01-30,celio,parka homme,3.5,11,492,final
2026-01-31,celio,parka homme,3.0,15,702,final
2026-02-01,celio,parka homme,2.7,18,635,final
2026-02-02,celio,parka homme,2.7,26,582,final
2026-02-03,celio,parka homme,3.8,17,563,final
2026-02-04,celio,parka homme,3.0,36,525,final
2026-02-05,celio,parka homme,3.0,16,450,final
2026-02-06,celio,parka homme,3.4,9,420,final
2026-02-07,celio,parka homme,2.9,13,433,final
2026-02-08,celio,parka homme,3.8,13,406,final
2026-02-09,celio,parka homme,3.7,9,383,final
2026-02-10,celio,parka homme,2.8,12,398,final
2026-02-11,celio,parka homme,3.1,15,355,final
2026-02-12,celio,parka homme,3.3,10,328,final
2026-02-13,celio,parka homme,3.4,9,291,final
2026-02-14,celio,parka homme,2.7,22,416,final
2026-02-15,celio,parka homme,5.2,11,388,final
2026-02-16,celio,parka homme,4.1,11,316,final
2026-02-17,celio,parka homme,5.4,4,259,final
2026-02-18,celio,parka homme,3.6,19,376,final
2026-02-19,celio,parka homme,6.2,9,229,final
2026-02-20,celio,parka homme,4.1,11,306,final
2026-02-21,celio,parka homme,8.2,2,205,final
2026-02-22,celio,parka homme,6.8,3,236,final
2026-02-23,celio,parka homme,9.0,0,189,final
2026-02-24,celio,parka homme,9.9,0,146,final
2026-02-25,celio,parka homme,7.5,3,150,final
2026-02-26,celio,parka homme,6.9,1,197,final
2026-02-27,celio,parka homme,3.6,4,284,final
2026-02-28,celio,parka homme,8.9,1,129,final
2026-03-01,celio,parka homme,5.7,1,176,final
2026-03-02,celio,parka homme,8.2,1,151,final
2026-03-03,celio,parka homme,13.6,0,84,final
2026-03-04,celio,parka homme,12.2,0,100,final
2026-03-05,celio,parka homme,12.1,0,106,final
2026-03-06,celio,parka homme,14.3,1,93,final
2026-03-07,celio,parka homme,15.3,0,97,final
2026-03-08,celio,parka homme,11.4,1,100,final
2026-03-09,celio,parka homme,12.7,1,91,final
2026-03-10,celio,parka homme,11.6,0,134,final
2026-03-11,celio,parka homme,18.1,0,68,final
2026-03-12,celio,parka homme,15.2,0,51,final
2026-03-13,celio,parka homme,11.2,1,77,final
2026-03-14,celio,parka homme,11.8,1,110,final
2026-03-15,celio,parka homme,14.5,1,54,final
2026-03-16,celio,parka homme,11.6,0,106,final
2026-03-17,celio,parka homme,11.0,2,89,final
2026-03-18,celio,parka homme,12.6,0,87,final
2026-03-19,celio,parka homme,14.1,1,72,final
2026-03-20,celio,parka homme,9.9,0,75,final
2026-03-21,celio,parka homme,15.6,0,79,final
2026-03-22,celio,parka homme,15.0,1,72,final
2026-03-23,celio,parka homme,13.9,2,69,final
2026-03-24,celio,parka homme,7.7,2,156,final
2026-03-25,celio,parka homme,9.0,1,202,final
2026-03-26,celio,parka homme,10.2,3,99,final
2026-03-27,celio,parka homme,6.9,6,243,final
2026-03-28,celio,parka homme,7.7,1,289,final
2026-03-29,celio,parka homme,7.3,1,263,final
2026-03-30,celio,parka homme,7.6,3,274,final
2026-03-31,celio,parka homme,8.2,0,237,final
2026-04-01,celio,parka homme,12.2,1,105,final
2026-04-02,celio,parka homme,15.4,0,65,final
2026-04-03,celio,parka homme,15.5,1,55,final
2026-04-04,celio,parka homme,12.1,0,61,final
2026-04-05,celio,parka homme,13.5,0,75,final
2026-04-06,celio,parka homme,13.4,0,74,final
2026-04-07,celio,parka homme,16.0,0,71,final
2026-04-08,celio,parka homme,18.3,0,64,final
2026-04-09,celio,parka homme,18.0,1,51,final
2026-04-10,celio,parka homme,18.5,1,54,final
2026-04-11,celio,parka homme,18.2,0,71,final
2026-04-12,celio,parka homme,19.9,0,67,final
2026-04-13,celio,parka homme,24.3,0,56,final
2026-04-14,celio,parka homme,25.3,0,63,final
2026-04-15,celio,parka homme,21.6,0,52,final
2026-04-16,celio,parka homme,25.3,0,32,final
2026-04-17,celio,parka homme,20.6,0,61,final
2026-04-18,celio,parka homme,23.1,0,58,final
2026-04-19,celio,parka homme,22.3,0,60,final
2026-04-20,celio,parka homme,19.5,0,49,final
2026-04-21,celio,parka homme,20.3,0,64,final
2026-04-22,celio,parka homme,19.9,2,70,final
2026-04-23,celio,parka homme,23,0,48,final
2026-04-24,celio,parka homme,22.9,0,41,final
2026-04-25,celio,parka homme,22.2,0,54,final
2026-04-26,celio,parka homme,23.6,0,54,final
2026-04-27,celio,parka homme,19.2,0,56,final
2026-04-28,celio,parka homme,22.7,0,52,final
2026-04-29,celio,parka homme,20.4,0,51,final
2026-04-30,celio,parka homme,22.4,0,72,final
2026-05-01,celio,parka homme,22.7,0,50,final
2026-05-02,celio,parka homme,23.2,0,42,final
2026-05-03,celio,parka homme,21.3,0,53,final
2026-05-04,celio,parka homme,20.7,0,50,final
2026-05-05,celio,parka homme,20.6,0,58,final
2026-05-06,celio,parka homme,19.4,0,65,final
2026-05-07,celio,parka homme,22.3,0,46,final
2026-05-08,celio,parka homme,20.2,0,49,final
2026-05-09,celio,parka homme,19.7,0,63,final
2026-05-10,celio,parka homme,19.7,1,44,final
2026-05-11,celio,parka homme,20.0,0,64,final
2026-05-12,celio,parka homme,22.7,0,57,final
2026-05-13,celio,parka homme,20.4,0,60,final
2026-05-14,celio,parka homme,16.8,0,63,final
2026-05-15,celio,parka homme,13.6,0,47,final
2026-05-16,celio,parka homme,12.0,0,76,final
2026-05-17,celio,parka homme,13.9,0,50,final
2026-05-18,celio,parka homme,14.3,0,57,final
2026-05-19,celio,parka homme,15.3,0,71,final
2026-05-20,celio,parka homme,16.7,0,60,final
2026-05-21,celio,parka homme,15.1,0,66,final
2026-05-22,celio,parka homme,12.6,0,37,final
2026-05-23,celio,parka homme,10.3,0,64,final
2026-05-24,celio,parka homme,8.7,0,66,final
2026-05-25,celio,parka homme,9.2,0,59,final
2026-05-26,celio,parka homme,10.2,0,62,final
2026-05-27,celio,parka homme,9.8,0,79,final
2026-05-28,celio,parka homme,11.3,0,53,final
2026-05-29,celio,parka homme,8.1,0,61,final
2026-05-30,celio,parka homme,7.9,0,55,final
2026-05-31,celio,parka homme,8.8,1,58,final
2026-06-01,celio,parka homme,9.5,0,61,final
2026-06-02,celio,parka homme,11.3,0,61,final
2026-06-03,celio,parka homme,10.1,0,76,final
2026-06-04,celio,parka homme,11.1,0,62,final
2026-06-05,celio,parka homme,11.7,0,66,final
2026-06-06,celio,parka homme,13.2,1,52,final
2026-06-07,celio,parka homme,11.3,0,62,final
2026-06-08,celio,parka homme,10.4,0,69,final
2026-06-09,celio,parka homme,9.7,0,61,final
2026-06-10,celio,parka homme,9.5,0,76,final
2026-06-11,celio,parka homme,11.9,0,50,final
2026-06-12,celio,parka homme,11.8,0,62,final
2026-06-13,celio,parka homme,9.0,0,61,final
2026-06-14,celio,parka homme,8.5,0,63,final
2026-06-15,celio,parka homme,9.9,0,68,final
2026-06-16,celio,parka homme,11.2,0,73,final
2026-06-17,celio,parka homme,10.1,1,70,final
2026-06-18,celio,parka homme,8.7,0,56,final
2026-06-19,celio,parka homme,8.6,0,53,final
2026-06-20,celio,parka homme,10.5,0,68,final
2026-06-21,celio,parka homme,9.0,0,84,final
2026-06-22,celio,parka homme,8.3,0,78,final
2026-06-23,celio,parka homme,12.2,0,66,final
2026-06-24,celio,parka homme,9.6,0,67,final
2026-06-25,celio,parka homme,7.7,0,70,final
2026-06-26,celio,parka homme,9.7,0,66,final
2026-06-27,celio,parka homme,10.9,3,78,final
2026-06-28,celio,parka homme,11,0,64,final
2026-06-29,celio,parka homme,7.5,0,96,final
2026-06-30,celio,parka homme,9.3,0,75,final
2026-07-01,celio,parka homme,7.6,0,83,final
2026-07-02,celio,parka homme,11.4,0,83,final
2026-07-03,celio,parka homme,11.7,0,69,final
2026-07-04,celio,parka homme,12.9,0,68,final
2026-07-05,celio,parka homme,11,0,62,final
2026-07-06,celio,parka homme,11.7,0,57,final
2026-07-07,celio,parka homme,13.3,0,68,final
2026-07-08,celio,parka homme,10.5,0,90,final
2026-07-09,celio,parka homme,12.0,1,69,final
2026-07-10,celio,parka homme,12.8,0,62,final
2026-07-11,celio,parka homme,11.4,0,66,final
2026-07-12,celio,parka homme,12.0,0,64,final
2026-07-13,celio,parka homme,12.2,0,61,final
2026-07-14,celio,parka homme,12.4,0,71,final
2026-07-15,celio,parka homme,9.0,1,62,final
2026-07-16,celio,parka homme,10.0,0,58,final
2026-07-17,celio,parka homme,11.5,0,68,final
2026-07-18,celio,parka homme,12.6,0,61,final
2026-07-19,celio,parka homme,11.3,1,70,final
2026-07-20,celio,parka homme,10.4,1,61,final
2026-07-21,celio,parka homme,10.1,0,60,final
2026-07-22,celio,parka homme,11.9,1,79,final
2026-07-23,celio,parka homme,11.4,2,57,final
2026-07-24,celio,parka homme,12.9,0,66,final
2026-07-25,celio,parka homme,16.5,1,62,final
2026-07-26,celio,parka homme,16.1,0,69,final
2026-07-27,celio,parka homme,16.0,1,72,final
2026-07-28,celio,parka homme,16.6,0,72,final
2026-07-29,celio,parka homme,13.3,0,76,final
2026-07-30,celio,parka homme,16.6,0,67,final
2026-07-31,celio,parka homme,24.8,0,44,final
2026-08-01,celio,parka homme,28.0,0,37,final
2026-08-02,celio,parka homme,23.9,0,35,final
2026-08-03,celio,parka homme,25.3,0,27,final
2026-08-04,celio,parka homme,28.6,0,47,final
2026-08-05,celio,parka homme,23.3,0,38,final
2026-08-06,celio,parka homme,25.1,0,40,final
2026-08-07,celio,parka homme,23.1,0,35,final
2026-08-08,celio,parka homme,21.9,1,35,final
2026-08-09,celio,parka homme,25.8,0,36,final
2026-08-10,celio,parka homme,26.4,0,36,final
2026-08-11,celio,parka homme,25.1,0,37,final
2026-08-12,celio,parka homme,27.0,0,41,final
2026-08-13,celio,parka homme,27.2,0,44,final
2026-08-14,celio,parka homme,25.9,0,33,final
2026-08-15,celio,parka homme,24.6,1,36,final
2026-08-16,celio,parka homme,28.1,0,37,final
2026-08-17,celio,parka homme,25.6,0,42,final
2026-08-18,celio,parka homme,24.8,0,35,final
2026-08-19,celio,parka homme,27.5,0,40,final
2026-08-20,celio,parka homme,28.9,0,37,final
2026-08-21,celio,parka homme,24.0,0,28,final
2026-08-22,celio,parka homme,25.1,0,34,final
2026-08-23,celio,parka homme,28.3,0,31,final
2026-08-24,celio,parka homme,28.1,0,31,final
2026-08-25,celio,parka homme,28.6,0,43,final
2026-08-26,celio,parka homme,28.2,0,31,final
2026-08-27,celio,parka homme,27.9,0,43,final
2026-08-28,celio,parka homme,22.5,0,45,final
2026-08-29,celio,parka homme,16.8,0,72,final
2026-08-30,celio,parka homme,18.4,2,79,final
2026-08-31,celio,parka homme,24.0,0,44,final
2026-09-01,celio,parka homme,23.7,0,50,final
2026-09-02,celio,parka homme,18.8,1,55,final
2026-09-03,celio,parka homme,17.0,0,63,final
2026-09-04,celio,parka homme,17.4,0,63,final
2026-09-05,celio,parka homme,17.7,0,60,final
2026-09-06,celio,parka homme,11.7,3,224,final
2026-09-07,celio,parka homme,19.7,0,59,final
2026-09-08,celio,parka homme,14.8,2,69,final
2026-09-09,celio,parka homme,14.6,1,79,final
2026-09-10,celio,parka homme,9.9,2,97,final
2026-09-11,celio,parka homme,11.1,1,72,final
2026-09-12,celio,parka homme,4.7,6,207,final
2026-09-13,celio,parka homme,4.2,7,232,final
2026-09-14,celio,parka homme,6.7,3,159,final
2026-09-15,celio,parka homme,6.4,3,141,final
2026-09-16,celio,parka homme,4.1,5,241,final
2026-09-17,celio,parka homme,4.8,7,181,final
2026-09-18,celio,parka homme,5.1,11,215,final
2026-09-19,celio,parka homme,6.5,12,231,final
2026-09-20,celio,parka homme,5.1,9,257,final
2026-09-21,celio,parka homme,5.2,7,264,final
2026-09-22,celio,parka homme,6.1,11,258,final
2026-09-23,celio,parka homme,5.1,4,231,final
2026-09-24,celio,parka homme,5.8,1,223,final
2026-09-25,celio,parka homme,6.6,6,136,final
2026-09-26,celio,parka homme,6.0,5,198,final
2026-09-27,celio,parka homme,6.2,4,236,final
2026-09-28,celio,parka homme,5.0,13,274,final
2026-09-29,celio,parka homme,3.2,13,278,fresh
2026-09-30,celio,parka homme,4.2,17,318,fresh
2025-06-08,celio,polo homme,2.7,36,1171,final
2025-06-09,celio,polo homme,2.6,60,1323,final
2025-06-10,celio,polo homme,2.4,56,1350,final
2025-06-11,celio,polo homme,2.0,53,1417,final
2025-06-12,celio,polo homme,2.0,54,1284,final
2025-06-13,celio,polo homme,2.1,53,1082,final
2025-06-14,celio,polo homme,2.4,54,1119,final
2025-06-15,celio,polo homme,2.8,46,1100,final
2025-06-16,celio,polo homme,2.6,40,951,final
2025-06-17,celio,polo homme,2.8,27,945,final
2025-06-18,celio,polo homme,3.7,35,910,final
2025-06-19,celio,polo homme,3.5,20,827,final
2025-06-20,celio,polo homme,3.4,24,819,final
2025-06-21,celio,polo homme,3.3,13,773,final
2025-06-22,celio,polo homme,3.1,40,953,final
2025-06-23,celio,polo homme,2.7,29,940,final
2025-06-24,celio,polo homme,2.6,32,950,final
2025-06-25,celio,polo homme,2.3,46,1570,final
2025-06-26,celio,polo homme,2.5,39,1135,final
2025-06-27,celio,polo homme,2.8,32,998,final
2025-06-28,celio,polo homme,2.4,29,1038,final
2025-06-29,celio,polo homme,2.6,36,1160,final
2025-06-30,celio,polo homme,3.4,28,1251,final
2025-07-01,celio,polo homme,3.9,33,1002,final
2025-07-02,celio,polo homme,3.9,31,1006,final
2025-07-03,celio,polo homme,3.6,33,889,final
2025-07-04,celio,polo homme,3.6,30,805,final
2025-07-05,celio,polo homme,5.6,15,817,final
2025-07-06,celio,polo homme,5.9,15,884,final
2025-07-07,celio,polo homme,5.7,29,855,final
2025-07-08,celio,polo homme,5.4,25,743,final
2025-07-09,celio,polo homme,6.5,16,621,final
2025-07-10,celio,polo homme,6.1,8,452,final
2025-07-11,celio,polo homme,5.4,13,480,final
2025-07-12,celio,polo homme,3.6,19,662,final
2025-07-13,celio,polo homme,3.3,23,714,final
2025-07-14,celio,polo homme,3.2,23,666,final
2025-07-15,celio,polo homme,3.4,22,694,final
2025-07-16,celio,polo homme,2.9,21,698,final
2025-07-17,celio,polo homme,3.0,19,620,final
2025-07-18,celio,polo homme,2.4,18,706,final
2025-07-19,celio,polo homme,2.5,22,1056,final
2025-07-20,celio,polo homme,2.7,16,1068,final
2025-07-21,celio,polo homme,4.3,17,603,final
2025-07-22,celio,polo homme,4.6,14,508,final
2025-07-23,celio,polo homme,6.2,8,370,final
2025-07-24,celio,polo homme,4.7,9,461,final
2025-07-25,celio,polo homme,4.0,2,408,final
2025-07-26,celio,polo homme,5.1,8,386,final
2025-07-27,celio,polo homme,5.1,20,534,final
2025-07-28,celio,polo homme,3.5,16,509,final
2025-07-29,celio,polo homme,3.8,17,616,final
2025-07-30,celio,polo homme,5.4,16,460,final
2025-07-31,celio,polo homme,10.0,0,428,final
2025-08-01,celio,polo homme,9.0,2,213,final
2025-08-02,celio,polo homme,7.8,3,376,final
2025-08-03,celio,polo homme,8.1,11,432,final
2025-08-04,celio,polo homme,5.3,13,466,final
2025-08-05,celio,polo homme,6.2,13,372,final
2025-08-06,celio,polo homme,7.4,4,371,final
2025-08-07,celio,polo homme,9.8,3,325,final
2025-08-08,celio,polo homme,10.7,7,274,final
2025-08-09,celio,polo homme,10.9,1,229,final
2025-08-10,celio,polo homme,10.2,2,193,final
2025-08-11,celio,polo homme,11.8,1,154,final
2025-08-12,celio,polo homme,9.6,0,251,final
2025-08-13,celio,polo homme,8.9,6,323,final
2025-08-14,celio,polo homme,8.6,5,354,final
2025-08-15,celio,polo homme,8.3,6,362,final
2025-08-16,celio,polo homme,7.8,3,391,final
2025-08-17,celio,polo homme,8.1,6,404,final
2025-08-18,celio,polo homme,8.1,5,428,final
2025-08-19,celio,polo homme,9.3,5,380,final
2025-08-20,celio,polo homme,8.0,8,424,final
2025-08-21,celio,polo homme,8.6,4,372,final
2025-08-22,celio,polo homme,9.1,1,327,final
2025-08-23,celio,polo homme,8.1,6,341,final
2025-08-24,celio,polo homme,8.2,11,375,final
2025-08-25,celio,polo homme,9.1,4,273,final
2025-08-26,celio,polo homme,5.6,12,381,final
2025-08-27,celio,polo homme,4.2,12,422,final
2025-08-28,celio,polo homme,5.0,15,406,final
2025-08-29,celio,polo homme,6.3,11,358,final
2025-08-30,celio,polo homme,6.0,12,393,final
2025-08-31,celio,polo homme,4.8,15,542,final
2025-09-01,celio,polo homme,5.5,13,435,final
2025-09-02,celio,polo homme,5.4,12,417,final
2025-09-03,celio,polo homme,4.2,15,404,final
2025-09-04,celio,polo homme,3.5,15,455,final
2025-09-05,celio,polo homme,3.3,22,437,final
2025-09-06,celio,polo homme,2.8,18,398,final
2025-09-07,celio,polo homme,3.0,12,439,final
2025-09-08,celio,polo homme,3.4,13,407,final
2025-09-09,celio,polo homme,8.7,5,244,final
2025-09-10,celio,polo homme,13.1,5,153,final
2025-09-11,celio,polo homme,17.4,0,112,final
2025-09-12,celio,polo homme,16.9,0,73,final
2025-09-13,celio,polo homme,17.5,0,64,final
2025-09-14,celio,polo homme,13.3,0,81,final
2025-09-15,celio,polo homme,13.1,2,77,final
2025-09-16,celio,polo homme,14.9,6,89,final
2025-09-17,celio,polo homme,15.3,0,90,final
2025-09-18,celio,polo homme,12.1,1,100,final
2025-09-19,celio,polo homme,11.2,3,97,final
2025-09-20,celio,polo homme,6.5,4,218,final
2025-09-21,celio,polo homme,4.6,6,394,final
2025-09-22,celio,polo homme,5.4,6,317,final
2025-09-23,celio,polo homme,5.0,7,317,final
2025-09-24,celio,polo homme,4.1,11,321,final
2025-09-25,celio,polo homme,3.9,8,313,final
2025-09-26,celio,polo homme,3.8,7,280,final
2025-09-27,celio,polo homme,4.5,6,285,final
2025-09-28,celio,polo homme,3.9,4,399,final
2025-09-29,celio,polo homme,6.8,10,283,final
2025-09-30,celio,polo homme,7.9,6,195,final
2025-10-01,celio,polo homme,4.1,8,393,final
2025-10-02,celio,polo homme,3.0,10,320,final
2025-10-03,celio,polo homme,2.0,8,340,final
2025-10-04,celio,polo homme,3.3,9,312,final
2025-10-05,celio,polo homme,4.5,13,299,final
2025-10-06,celio,polo homme,5.6,4,205,final
2025-10-07,celio,polo homme,2.8,7,298,final
2025-10-08,celio,polo homme,2.1,8,397,final
2025-10-09,celio,polo homme,2.4,12,330,final
2025-10-10,celio,polo homme,2.0,18,347,final
2025-10-11,celio,polo homme,2.1,12,355,final
2025-10-12,celio,polo homme,2.2,10,418,final
2025-10-13,celio,polo homme,2.1,14,443,final
2025-10-14,celio,polo homme,2.2,6,428,final
2025-10-15,celio,polo homme,3.7,12,332,final
2025-10-16,celio,polo homme,6.3,2,174,final
2025-10-17,celio,polo homme,2.7,8,279,final
2025-10-18,celio,polo homme,2.7,10,349,final
2025-10-19,celio,polo homme,2.8,6,345,final
2025-10-20,celio,polo homme,3.3,13,392,final
2025-10-21,celio,polo homme,2.6,4,360,final
2025-10-22,celio,polo homme,5.9,1,200,final
2025-10-23,celio,polo homme,10.5,0,116,final
2025-10-24,celio,polo homme,11.1,2,146,final
2025-10-25,celio,polo homme,11.4,2,108,final
2025-10-26,celio,polo homme,11.8,3,117,final
2025-10-27,celio,polo homme,9.3,3,115,final
2025-10-28,celio,polo homme,13.5,0,66,final
2025-10-29,celio,polo homme,14.5,3,107,final
2025-10-30,celio,polo homme,15.5,2,77,final
2025-10-31,celio,polo homme,15.0,2,99,final
2025-11-01,celio,polo homme,15.2,0,91,final
2025-11-02,celio,polo homme,12.3,1,122,final
2025-11-03,celio,polo homme,10.9,2,117,final
2025-11-04,celio,polo homme,10.6,3,124,final
2025-11-05,celio,polo homme,10.0,2,117,final
2025-11-06,celio,polo homme,12.2,1,112,final
2025-11-07,celio,polo homme,9.9,1,130,final
2025-11-08,celio,polo homme,9.3,3,153,final
2025-11-09,celio,polo homme,9.1,1,154,final
2025-11-10,celio,polo homme,8.5,0,126,final
2025-11-11,celio,polo homme,8.8,6,158,final
2025-11-12,celio,polo homme,7.2,3,190,final
2025-11-13,celio,polo homme,9.0,3,169,final
2025-11-14,celio,polo homme,8.5,1,253,final
2025-11-15,celio,polo homme,8.5,3,204,final
2025-11-16,celio,polo homme,8.1,4,208,final
2025-11-17,celio,polo homme,7.0,7,230,final
2025-11-18,celio,polo homme,7.6,2,263,final
2025-11-19,celio,polo homme,5.9,5,332,final
2025-11-20,celio,polo homme,6.6,5,369,final
2025-11-21,celio,polo homme,6.4,4,329,final
2025-11-22,celio,polo homme,6.8,9,376,final
2025-11-23,celio,polo homme,5.4,8,347,final
2025-11-24,celio,polo homme,5.3,16,471,final
2025-11-25,celio,polo homme,5.3,7,511,final
2025-11-26,celio,polo homme,7.2,6,332,final
2025-11-27,celio,polo homme,4.3,10,340,final
2025-11-28,celio,polo homme,5.1,13,483,final
2025-11-29,celio,polo homme,4.4,15,649,final
2025-11-30,celio,polo homme,4.8,15,787,final
2025-12-01,celio,polo homme,3.6,17,776,final
2025-12-02,celio,polo homme,3.2,20,763,final
2025-12-03,celio,polo homme,2.4,32,962,final
2025-12-04,celio,polo homme,2.3,39,959,final
2025-12-05,celio,polo homme,2.2,29,879,final
2025-12-06,celio,polo homme,2.3,34,988,final
2025-12-07,celio,polo homme,1.8,48,1333,final
2025-12-08,celio,polo homme,2.0,58,1296,final
2025-12-09,celio,polo homme,1.9,41,1187,final
2025-12-10,celio,polo homme,2.1,35,1057,final
2025-12-11,celio,polo homme,3.4,28,878,final
2025-12-12,celio,polo homme,3.0,13,718,final
2025-12-13,celio,polo homme,3.1,19,820,final
2025-12-14,celio,polo homme,2.8,44,1128,final
2025-12-15,celio,polo homme,2.8,30,1071,final
2025-12-16,celio,polo homme,2.9,34,950,final
2025-12-17,celio,polo homme,2.4,28,893,final
2025-12-18,celio,polo homme,3.1,26,682,final
2025-12-19,celio,polo homme,3.0,20,557,final
2025-12-20,celio,polo homme,2.7,20,631,final
2025-12-21,celio,polo homme,2.6,14,589,final
2025-12-22,celio,polo homme,3.0,14,572,final
2025-12-23,celio,polo homme,2.8,13,468,final
2025-12-24,celio,polo homme,3.4,5,344,final
2025-12-25,celio,polo homme,2.5,7,339,final
2025-12-26,celio,polo homme,3.9,5,308,final
2025-12-27,celio,polo homme,3.4,11,284,final
2025-12-28,celio,polo homme,2.4,11,285,final
2025-12-29,celio,polo homme,3.5,5,231,final
2025-12-30,celio,polo homme,3.2,4,297,final
2025-12-31,celio,polo homme,4.5,6,290,final
2026-01-01,celio,polo homme,4.3,4,250,final
2026-01-02,celio,polo homme,4.4,1,264,final
2026-01-03,celio,polo homme,4.5,2,272,final
2026-01-04,celio,polo homme,4.5,5,268,final
2026-01-05,celio,polo homme,5.7,3,302,final
2026-01-06,celio,polo homme,4.7,3,255,final
2026-01-07,celio,polo homme,3.5,11,391,final
2026-01-08,celio,polo homme,6.3,4,350,final
2026-01-09,celio,polo homme,4.1,4,360,final
2026-01-10,celio,polo homme,3.0,5,330,final
2026-01-11,celio,polo homme,3.5,9,339,final
2026-01-12,celio,polo homme,3.7,7,364,final
2026-01-13,celio,polo homme,3.1,10,361,final
2026-01-14,celio,polo homme,5.4,7,291,final
2026-01-15,celio,polo homme,8.2,4,173,final
2026-01-16,celio,polo homme,6.9,5,216,final
2026-01-17,celio,polo homme,11.1,1,142,final
2026-01-18,celio,polo homme,8.6,1,161,final
2026-01-19,celio,polo homme,12.0,4,158,final
2026-01-20,celio,polo homme,16.5,0,96,final
2026-01-21,celio,polo homme,16.1,1,135,final
2026-01-22,celio,polo homme,17.3,4,143,final
2026-01-23,celio,polo homme,7.6,2,211,final
2026-01-24,celio,polo homme,7.2,3,246,final
2026-01-25,celio,polo homme,8.8,4,267,final
2026-01-26,celio,polo homme,7.4,5,233,final
2026-01-27,celio,polo homme,16.7,2,144,final
2026-01-28,celio,polo homme,14.0,0,127,final
2026-01-29,celio,polo homme,8.8,7,257,final
2026-01-30,celio,polo homme,5.5,4,278,final
2026-01-31,celio,polo homme,6.0,5,359,final
2026-02-01,celio,polo homme,6.0,5,373,final
2026-02-02,celio,polo homme,4.5,6,322,final
2026-02-03,celio,polo homme,4.1,4,287,final
2026-02-04,celio,polo homme,5.4,12,318,final
2026-02-05,celio,polo homme,5.9,8,422,final
2026-02-06,celio,polo homme,5.8,4,306,final
2026-02-07,celio,polo homme,6.1,10,329,final
2026-02-08,celio,polo homme,6,8,340,final
2026-02-09,celio,polo homme,5.2,8,372,final
2026-02-10,celio,polo homme,5.5,4,346,final
2026-02-11,celio,polo homme,3.8,9,391,final
2026-02-12,celio,polo homme,5.5,7,333,final
2026-02-13,celio,polo homme,5.0,4,280,final
2026-02-14,celio,polo homme,3.8,9,310,final
2026-02-15,celio,polo homme,3.5,8,348,final
2026-02-16,celio,polo homme,3.2,7,345,final
2026-02-17,celio,polo homme,5.1,9,294,final
2026-02-18,celio,polo homme,4.0,5,287,final
2026-02-19,celio,polo homme,4.3,5,281,final
2026-02-20,celio,polo homme,3.3,6,278,final
2026-02-21,celio,polo homme,4.2,8,309,final
2026-02-22,celio,polo homme,4.8,9,338,final
2026-02-23,celio,polo homme,3.4,13,354,final
2026-02-24,celio,polo homme,3.9,9,370,final
2026-02-25,celio,polo homme,3.5,15,415,final
2026-02-26,celio,polo homme,3.8,11,389,final
2026-02-27,celio,polo homme,3.5,5,391,final
2026-02-28,celio,polo homme,3.8,9,402,final
2026-03-01,celio,polo homme,4.1,12,439,final
2026-03-02,celio,polo homme,4.4,9,474,final
2026-03-03,celio,polo homme,3.9,14,383,final
2026-03-04,celio,polo homme,4.1,9,420,final
2026-03-05,celio,polo homme,4.3,19,548,final
2026-03-06,celio,polo homme,4.6,10,534,final
2026-03-07,celio,polo homme,4.2,7,449,final
2026-03-08,celio,polo homme,3.5,15,515,final
2026-03-09,celio,polo homme,3.1,17,536,final
2026-03-10,celio,polo homme,3.0,29,546,final
2026-03-11,celio,polo homme,2.9,15,542,final
2026-03-12,celio,polo homme,3.3,18,538,final
2026-03-13,celio,polo homme,3.2,14,464,final
2026-03-14,celio,polo homme,2.6,14,500,final
2026-03-15,celio,polo homme,2.5,14,506,final
2026-03-16,celio,polo homme,3.9,13,497,final
2026-03-17,celio,polo homme,3.8,25,513,final
2026-03-18,celio,polo homme,3.6,17,467,final
2026-03-19,celio,polo homme,2.8,12,497,final
2026-03-20,celio,polo homme,3.2,15,400,final
2026-03-21,celio,polo homme,3.8,9,495,final
2026-03-22,celio,polo homme,3.7,20,486,final
2026-03-23,celio,polo homme,3.4,15,466,final
2026-03-24,celio,polo homme,3.2,6,471,final
2026-03-25,celio,polo homme,3.0,21,432,final
2026-03-26,celio,polo homme,4.2,11,426,final
2026-03-27,celio,polo homme,2.5,10,398,final
2026-03-28,celio,polo homme,2.8,12,434,final
2026-03-29,celio,polo homme,2.6,16,441,final
2026-03-30,celio,polo homme,2.5,9,401,final
2026-03-31,celio,polo homme,4.4,10,401,final
2026-04-01,celio,polo homme,3.1,13,364,final
2026-04-02,celio,polo homme,3.9,5,372,final
2026-04-03,celio,polo homme,5.5,9,354,final
2026-04-04,celio,polo homme,3.4,12,361,final
2026-04-05,celio,polo homme,3.1,14,395,final
2026-04-06,celio,polo homme,3.9,8,388,final
2026-04-07,celio,polo homme,2.6,19,389,final
2026-04-08,celio,polo homme,3.2,16,444,final
2026-04-09,celio,polo homme,4.3,9,398,final
2026-04-10,celio,polo homme,6.0,5,297,final
2026-04-11,celio,polo homme,7.4,11,304,final
2026-04-12,celio,polo homme,3.9,8,387,final
2026-04-13,celio,polo homme,2.1,11,409,final
2026-04-14,celio,polo homme,2.4,17,403,final
2026-04-15,celio,polo homme,2.6,8,413,final
2026-04-16,celio,polo homme,3.3,12,389,final
2026-04-17,celio,polo homme,2.4,15,432,final
2026-04-18,celio,polo homme,2.0,18,486,final
2026-04-19,celio,polo homme,2.3,15,538,final
2026-04-20,celio,polo homme,1.8,26,503,final
2026-04-21,celio,polo homme,2.2,19,507,final
2026-04-22,celio,polo homme,2.9,20,459,final
2026-04-23,celio,polo homme,7.9,7,227,final
2026-04-24,celio,polo homme,7.4,7,250,final
2026-04-25,celio,polo homme,7.7,9,325,final
2026-04-26,celio,polo homme,3.5,15,441,final
2026-04-27,celio,polo homme,5.5,15,442,final
2026-04-28,celio,polo homme,2.6,23,525,final
2026-04-29,celio,polo homme,2.9,20,624,final
2026-04-30,celio,polo homme,3.2,28,593,final
2026-05-01,celio,polo homme,2.6,36,648,final
2026-05-02,celio,polo homme,2.6,33,650,final
2026-05-03,celio,polo homme,2.5,31,680,final
2026-05-04,celio,polo homme,2.8,21,625,final
2026-05-05,celio,polo homme,2.7,27,570,final
2026-05-06,celio,polo homme,2.9,15,527,final
2026-05-07,celio,polo homme,2.8,32,476,final
2026-05-08,celio,polo homme,1.8,25,510,final
2026-05-09,celio,polo homme,2.2,21,544,final
2026-05-10,celio,polo homme,1.9,39,721,final
2026-05-11,celio,polo homme,2.3,36,627,final
2026-05-12,celio,polo homme,2.2,21,544,final
2026-05-13,celio,polo homme,2.0,16,534,final
2026-05-14,celio,polo homme,2.8,23,593,final
2026-05-15,celio,polo homme,2.4,17,471,final
2026-05-16,celio,polo homme,2.0,17,450,final
2026-05-17,celio,polo homme,1.9,12,522,final
2026-05-18,celio,polo homme,2.4,16,529,final
2026-05-19,celio,polo homme,2.3,25,533,final
2026-05-20,celio,polo homme,2.1,21,525,final
2026-05-21,celio,polo homme,2.0,39,598,final
2026-05-22,celio,polo homme,1.8,29,593,final
2026-05-23,celio,polo homme,2.0,31,596,final
2026-05-24,celio,polo homme,2.2,35,654,final
2026-05-25,celio,polo homme,2.2,35,833,final
2026-05-26,celio,polo homme,2.1,30,770,final
2026-05-27,celio,polo homme,1.8,39,762,final
2026-05-28,celio,polo homme,2.0,31,694,final
2026-05-29,celio,polo homme,2.3,33,587,final
2026-05-30,celio,polo homme,2.0,26,577,final
2026-05-31,celio,polo homme,2.4,40,709,final
2026-06-01,celio,polo homme,2.5,35,753,final
2026-06-02,celio,polo homme,2.3,20,646,final
2026-06-03,celio,polo homme,1.8,32,654,final
2026-06-04,celio,polo homme,1.8,17,581,final
2026-06-05,celio,polo homme,2.3,23,511,final
2026-06-06,celio,polo homme,2.0,29,614,final
2026-06-07,celio,polo homme,1.9,26,702,final
2026-06-08,celio,polo homme,1.8,36,830,final
2026-06-09,celio,polo homme,2.1,19,730,final
2026-06-10,celio,polo homme,2.3,37,761,final
2026-06-11,celio,polo homme,2.2,41,740,final
2026-06-12,celio,polo homme,2.0,30,672,final
2026-06-13,celio,polo homme,1.7,32,748,final
2026-06-14,celio,polo homme,1.9,31,971,final
2026-06-15,celio,polo homme,1.8,40,1039,final
2026-06-16,celio,polo homme,2.1,38,935,final
2026-06-17,celio,polo homme,2.2,33,1058,final
2026-06-18,celio,polo homme,2.2,52,849,final
2026-06-19,celio,polo homme,1.9,50,830,final
2026-06-20,celio,polo homme,2.1,37,792,final
2026-06-21,celio,polo homme,2.7,28,747,final
2026-06-22,celio,polo homme,2.3,28,651,final
2026-06-23,celio,polo homme,2.1,33,664,final
2026-06-24,celio,polo homme,2.0,43,951,final
2026-06-25,celio,polo homme,2.0,26,669,final
2026-06-26,celio,polo homme,2.0,22,586,final
2026-06-27,celio,polo homme,2.4,29,676,final
2026-06-28,celio,polo homme,2.2,33,701,final
2026-06-29,celio,polo homme,2.7,27,654,final
2026-06-30,celio,polo homme,2.0,27,611,final
2026-07-01,celio,polo homme,2.4,21,606,final
2026-07-02,celio,polo homme,2.1,27,601,final
2026-07-03,celio,polo homme,2.3,23,572,final
2026-07-04,celio,polo homme,2.3,34,689,final
2026-07-05,celio,polo homme,2.3,28,780,final
2026-07-06,celio,polo homme,2,30,721,final
2026-07-07,celio,polo homme,1.9,35,664,final
2026-07-08,celio,polo homme,2.1,25,652,final
2026-07-09,celio,polo homme,2.1,31,541,final
2026-07-10,celio,polo homme,2.0,17,530,final
2026-07-11,celio,polo homme,2.8,19,586,final
2026-07-12,celio,polo homme,2.4,20,587,final
2026-07-13,celio,polo homme,2.2,32,551,final
2026-07-14,celio,polo homme,2.2,29,572,final
2026-07-15,celio,polo homme,2.1,19,555,final
2026-07-16,celio,polo homme,2.0,16,447,final
2026-07-17,celio,polo homme,2.7,26,478,final
2026-07-18,celio,polo homme,2.2,15,502,final
2026-07-19,celio,polo homme,2.4,21,540,final
2026-07-20,celio,polo homme,2.2,20,557,final
2026-07-21,celio,polo homme,2.0,31,524,final
2026-07-22,celio,polo homme,2.0,22,481,final
2026-07-23,celio,polo homme,2.1,21,473,final
2026-07-24,celio,polo homme,1.9,22,486,final
2026-07-25,celio,polo homme,2.2,17,471,final
2026-07-26,celio,polo homme,2.4,20,567,final
2026-07-27,celio,polo homme,2.8,17,521,final
2026-07-28,celio,polo homme,2.2,14,538,final
2026-07-29,celio,polo homme,2.9,21,554,final
2026-07-30,celio,polo homme,2.5,16,498,final
2026-07-31,celio,polo homme,2.5,11,457,final
2026-08-01,celio,polo homme,1.7,19,496,final
2026-08-02,celio,polo homme,1.7,30,565,final
2026-08-03,celio,polo homme,1.7,30,547,final
2026-08-04,celio,polo homme,2.1,32,562,final
2026-08-05,celio,polo homme,2.1,18,516,final
2026-08-06,celio,polo homme,1.8,16,504,final
2026-08-07,celio,polo homme,1.9,18,441,final
2026-08-08,celio,polo homme,2.1,26,448,final
2026-08-09,celio,polo homme,2.3,21,502,final
2026-08-10,celio,polo homme,2.7,25,521,final
2026-08-11,celio,polo homme,2.3,16,496,final
2026-08-12,celio,polo homme,2.3,14,447,final
2026-08-13,celio,polo homme,2.5,23,430,final
2026-08-14,celio,polo homme,2.0,12,446,final
2026-08-15,celio,polo homme,2.6,14,414,final
2026-08-16,celio,polo homme,2.5,22,441,final
2026-08-17,celio,polo homme,2.3,14,505,final
2026-08-18,celio,polo homme,2.4,18,458,final
2026-08-19,celio,polo homme,2.4,24,459,final
2026-08-20,celio,polo homme,2.4,14,449,final
2026-08-21,celio,polo homme,1.7,13,419,final
2026-08-22,celio,polo homme,1.7,13,386,final
2026-08-23,celio,polo homme,2.1,17,453,final
2026-08-24,celio,polo homme,2.2,18,490,final
2026-08-25,celio,polo homme,2.1,15,413,final
2026-08-26,celio,polo homme,2.1,17,449,final
2026-08-27,celio,polo homme,2.3,14,431,final
2026-08-28,celio,polo homme,2.1,24,472,final
2026-08-29,celio,polo homme,2.3,16,407,final
2026-08-30,celio,polo homme,2.9,14,465,final
2026-08-31,celio,polo homme,4.1,13,450,final
2026-09-01,celio,polo homme,4.2,19,478,final
2026-09-02,celio,polo homme,2.5,14,435,final
2026-09-03,celio,polo homme,3.4,17,448,final
2026-09-04,celio,polo homme,3.0,20,406,final
2026-09-05,celio,polo homme,3.1,18,434,final
2026-09-06,celio,polo homme,3.3,11,437,final
2026-09-07,celio,polo homme,3.9,20,479,final
2026-09-08,celio,polo homme,5.0,11,455,final
2026-09-09,celio,polo homme,2.8,17,495,final
2026-09-10,celio,polo homme,2.3,14,406,final
2026-09-11,celio,polo homme,2.3,17,371,final
2026-09-12,celio,polo homme,2.4,21,443,final
2026-09-13,celio,polo homme,2.9,14,444,final
2026-09-14,celio,polo homme,2.8,15,423,final
2026-09-15,celio,polo homme,2.4,19,438,final
2026-09-16,celio,polo homme,2.2,23,477,final
2026-09-17,celio,polo homme,2.5,23,428,final
2026-09-18,celio,polo homme,2.4,12,356,final
2026-09-19,celio,polo homme,2.4,21,424,final
2026-09-20,celio,polo homme,2.5,27,493,final
2026-09-21,celio,polo homme,2.7,17,399,final
2026-09-22,celio,polo homme,2.6,20,448,final
2026-09-23,celio,polo homme,3.2,16,358,final
2026-09-24,celio,polo homme,4.0,13,363,final
2026-09-25,celio,polo homme,3.2,9,344,final
2026-09-26,celio,polo homme,2.6,19,365,final
2026-09-27,celio,polo homme,2.3,16,466,final
2026-09-28,celio,polo homme,2.8,13,408,final
2026-09-29,celio,polo homme,2.4,19,415,fresh
2026-09-30,celio,polo homme,3.4,20,380,fresh
2025-06-08,celio,pull homme,2.6,10,357,final
2025-06-09,celio,pull homme,2.3,6,419,final
2025-06-10,celio,pull homme,3.1,9,365,final
2025-06-11,celio,pull homme,2.8,8,308,final
2025-06-12,celio,pull homme,2.6,4,309,final
2025-06-13,celio,pull homme,2.9,3,228,final
2025-06-14,celio,pull homme,3.0,3,256,final
2025-06-15,celio,pull homme,2.7,2,304,final
2025-06-16,celio,pull homme,2.6,3,258,final
2025-06-17,celio,pull homme,2.6,3,265,final
2025-06-18,celio,pull homme,2.2,2,251,final
2025-06-19,celio,pull homme,2.8,3,223,final
2025-06-20,celio,pull homme,2.7,0,209,final
2025-06-21,celio,pull homme,3.1,4,193,final
2025-06-22,celio,pull homme,3.2,0,199,final
2025-06-23,celio,pull homme,3.5,3,232,final
2025-06-24,celio,pull homme,3.4,4,255,final
2025-06-25,celio,pull homme,2.9,3,311,final
2025-06-26,celio,pull homme,3.7,5,247,final
2025-06-27,celio,pull homme,3.0,4,250,final
2025-06-28,celio,pull homme,3.4,0,235,final
2025-06-29,celio,pull homme,4.0,3,275,final
2025-06-30,celio,pull homme,3.5,0,285,final
2025-07-01,celio,pull homme,3.9,7,259,final
2025-07-02,celio,pull homme,5.5,3,302,final
2025-07-03,celio,pull homme,5.1,1,272,final
2025-07-04,celio,pull homme,5.2,1,274,final
2025-07-05,celio,pull homme,4.2,2,245,final
2025-07-06,celio,pull homme,4.9,1,348,final
2025-07-07,celio,pull homme,4.7,4,349,final
2025-07-08,celio,pull homme,4.5,5,327,final
2025-07-09,celio,pull homme,5.0,0,297,final
2025-07-10,celio,pull homme,5.3,3,280,final
2025-07-11,celio,pull homme,4.1,3,257,final
2025-07-12,celio,pull homme,4.4,4,262,final
2025-07-13,celio,pull homme,4.8,4,267,final
2025-07-14,celio,pull homme,4.2,4,268,final
2025-07-15,celio,pull homme,4.3,2,300,final
2025-07-16,celio,pull homme,3.9,1,320,final
2025-07-17,celio,pull homme,4.8,1,258,final
2025-07-18,celio,pull homme,3.1,3,250,final
2025-07-19,celio,pull homme,2.7,5,483,final
2025-07-20,celio,pull homme,4.7,4,538,final
2025-07-21,celio,pull homme,3.1,8,381,final
2025-07-22,celio,pull homme,3.2,5,325,final
2025-07-23,celio,pull homme,3.8,3,269,final
2025-07-24,celio,pull homme,4.1,4,288,final
2025-07-25,celio,pull homme,4.2,1,321,final
2025-07-26,celio,pull homme,3.7,3,268,final
2025-07-27,celio,pull homme,3.3,5,343,final
2025-07-28,celio,pull homme,3.2,2,375,final
2025-07-29,celio,pull homme,3.7,10,368,final
2025-07-30,celio,pull homme,3.5,6,385,final
2025-07-31,celio,pull homme,3.6,7,401,final
2025-08-01,celio,pull homme,2.9,9,329,final
2025-08-02,celio,pull homme,4.5,9,344,final
2025-08-03,celio,pull homme,4.1,2,366,final
2025-08-04,celio,pull homme,4.2,3,355,final
2025-08-05,celio,pull homme,4.6,2,373,final
2025-08-06,celio,pull homme,4.3,3,368,final
2025-08-07,celio,pull homme,3.1,4,397,final
2025-08-08,celio,pull homme,2.9,6,342,final
2025-08-09,celio,pull homme,3.2,4,306,final
2025-08-10,celio,pull homme,3.2,5,349,final
2025-08-11,celio,pull homme,2.9,11,332,final
2025-08-12,celio,pull homme,3.1,7,336,final
2025-08-13,celio,pull homme,3.0,11,365,final
2025-08-14,celio,pull homme,4.1,4,336,final
2025-08-15,celio,pull homme,3.7,5,372,final
2025-08-16,celio,pull homme,3.1,8,377,final
2025-08-17,celio,pull homme,2.3,9,405,final
2025-08-18,celio,pull homme,2.6,17,439,final
2025-08-19,celio,pull homme,2.5,7,538,final
2025-08-20,celio,pull homme,2.5,9,640,final
2025-08-21,celio,pull homme,2.6,13,615,final
2025-08-22,celio,pull homme,2.9,8,550,final
2025-08-23,celio,pull homme,2.1,8,554,final
2025-08-24,celio,pull homme,2.2,7,623,final
2025-08-25,celio,pull homme,2.1,10,570,final
2025-08-26,celio,pull homme,2.4,19,583,final
2025-08-27,celio,pull homme,2.2,12,662,final
2025-08-28,celio,pull homme,2.1,18,670,final
2025-08-29,celio,pull homme,2.1,35,804,final
2025-08-30,celio,pull homme,2.3,21,828,final
2025-08-31,celio,pull homme,1.9,32,1024,final
2025-09-01,celio,pull homme,1.8,42,1075,final
2025-09-02,celio,pull homme,1.8,37,1048,final
2025-09-03,celio,pull homme,2.9,28,1034,final
2025-09-04,celio,pull homme,2.8,35,997,final
2025-09-05,celio,pull homme,2.8,29,866,final
2025-09-06,celio,pull homme,3.0,25,842,final
2025-09-07,celio,pull homme,2.7,31,1025,final
2025-09-08,celio,pull homme,2.7,28,995,final
2025-09-09,celio,pull homme,3.7,24,867,final
2025-09-10,celio,pull homme,3.4,32,995,final
2025-09-11,celio,pull homme,4.0,18,893,final
2025-09-12,celio,pull homme,3.1,27,844,final
2025-09-13,celio,pull homme,1.9,37,1194,final
2025-09-14,celio,pull homme,1.7,69,1592,final
2025-09-15,celio,pull homme,2.0,44,1191,final
2025-09-16,celio,pull homme,2.9,37,1083,final
2025-09-17,celio,pull homme,3.1,29,1024,final
2025-09-18,celio,pull homme,2.5,24,853,final
2025-09-19,celio,pull homme,2.8,17,726,final
2025-09-20,celio,pull homme,2.0,27,1022,final
2025-09-21,celio,pull homme,1.8,67,1543,final
2025-09-22,celio,pull homme,1.6,60,1518,final
2025-09-23,celio,pull homme,1.6,84,1758,final
2025-09-24,celio,pull homme,1.8,81,1986,final
2025-09-25,celio,pull homme,1.8,77,1776,final
2025-09-26,celio,pull homme,2.6,70,1665,final
2025-09-27,celio,pull homme,2.5,67,1819,final
2025-09-28,celio,pull homme,2.1,85,2232,final
2025-09-29,celio,pull homme,1.8,81,1845,final
2025-09-30,celio,pull homme,1.3,87,1756,final
2025-10-01,celio,pull homme,1.4,71,1811,final
2025-10-02,celio,pull homme,1.4,79,1699,final
2025-10-03,celio,pull homme,1.4,73,1546,final
2025-10-04,celio,pull homme,1.5,108,1955,final
2025-10-05,celio,pull homme,1.6,101,2368,final
2025-10-06,celio,pull homme,1.5,84,2142,final
2025-10-07,celio,pull homme,1.5,85,1920,final
2025-10-08,celio,pull homme,1.5,78,1709,final
2025-10-09,celio,pull homme,1.7,66,1693,final
2025-10-10,celio,pull homme,1.7,80,1535,final
2025-10-11,celio,pull homme,1.6,87,1695,final
2025-10-12,celio,pull homme,1.7,87,2064,final
2025-10-13,celio,pull homme,1.9,67,1790,final
2025-10-14,celio,pull homme,1.5,49,1676,final
2025-10-15,celio,pull homme,1.5,69,1660,final
2025-10-16,celio,pull homme,1.7,44,1448,final
2025-10-17,celio,pull homme,1.4,67,1308,final
2025-10-18,celio,pull homme,1.5,72,1650,final
2025-10-19,celio,pull homme,1.4,91,2060,final
2025-10-20,celio,pull homme,1.5,88,2192,final
2025-10-21,celio,pull homme,1.5,77,1920,final
2025-10-22,celio,pull homme,1.5,75,1730,final
2025-10-23,celio,pull homme,1.4,73,1732,final
2025-10-24,celio,pull homme,1.5,74,1631,final
2025-10-25,celio,pull homme,1.7,97,1920,final
2025-10-26,celio,pull homme,1.4,123,2443,final
2025-10-27,celio,pull homme,1.4,126,2332,final
2025-10-28,celio,pull homme,1.3,91,2059,final
2025-10-29,celio,pull homme,1.4,113,2227,final
2025-10-30,celio,pull homme,1.4,98,1856,final
2025-10-31,celio,pull homme,1.5,90,1735,final
2025-11-01,celio,pull homme,1.5,127,2342,final
2025-11-02,celio,pull homme,1.3,157,3080,final
2025-11-03,celio,pull homme,1.4,136,2690,final
2025-11-04,celio,pull homme,1.4,100,2354,final
2025-11-05,celio,pull homme,1.4,126,2388,final
2025-11-06,celio,pull homme,1.5,101,2296,final
2025-11-07,celio,pull homme,1.4,88,2105,final
2025-11-08,celio,pull homme,1.4,118,2458,final
2025-11-09,celio,pull homme,1.4,145,3265,final
2025-11-10,celio,pull homme,1.5,140,2963,final
2025-11-11,celio,pull homme,1.4,158,3741,final
2025-11-12,celio,pull homme,1.5,114,3027,final
2025-11-13,celio,pull homme,1.5,103,2678,final
2025-11-14,celio,pull homme,1.4,111,2414,final
2025-11-15,celio,pull homme,1.5,154,3077,final
2025-11-16,celio,pull homme,1.5,193,4310,final
2025-11-17,celio,pull homme,1.4,161,3934,final
2025-11-18,celio,pull homme,1.5,179,3821,final
2025-11-19,celio,pull homme,1.5,183,4315,final
2025-11-20,celio,pull homme,1.4,206,4292,final
2025-11-21,celio,pull homme,1.4,241,4298,final
2025-11-22,celio,pull homme,1.7,235,5295,final
2025-11-23,celio,pull homme,1.6,306,7173,final
2025-11-24,celio,pull homme,1.7,258,5797,final
2025-11-25,celio,pull homme,1.7,244,5374,final
2025-11-26,celio,pull homme,1.9,214,5611,final
2025-11-27,celio,pull homme,2.2,202,5752,final
2025-11-28,celio,pull homme,2.2,275,7169,final
2025-11-29,celio,pull homme,2.0,233,7005,final
2025-11-30,celio,pull homme,2.1,349,8648,final
2025-12-01,celio,pull homme,2.0,247,7396,final
2025-12-02,celio,pull homme,1.9,310,6933,final
2025-12-03,celio,pull homme,2.0,309,6852,final
2025-12-04,celio,pull homme,2.0,286,6095,final
2025-12-05,celio,pull homme,1.8,312,5703,final
2025-12-06,celio,pull homme,2.0,270,6308,final
2025-12-07,celio,pull homme,1.8,351,8176,final
2025-12-08,celio,pull homme,1.7,320,6907,final
2025-12-09,celio,pull homme,1.8,260,6286,final
2025-12-10,celio,pull homme,2.0,284,6411,final
2025-12-11,celio,pull homme,1.8,233,5639,final
2025-12-12,celio,pull homme,1.7,207,4893,final
2025-12-13,celio,pull homme,1.8,240,5460,final
2025-12-14,celio,pull homme,1.8,286,6763,final
2025-12-15,celio,pull homme,1.9,282,6244,final
2025-12-16,celio,pull homme,1.8,253,5466,final
2025-12-17,celio,pull homme,1.8,197,5061,final
2025-12-18,celio,pull homme,1.7,163,4156,final
2025-12-19,celio,pull homme,1.9,127,3509,final
2025-12-20,celio,pull homme,1.8,149,3641,final
2025-12-21,celio,pull homme,1.8,147,3444,final
2025-12-22,celio,pull homme,2.0,138,3155,final
2025-12-23,celio,pull homme,1.9,104,2467,final
2025-12-24,celio,pull homme,1.8,50,1796,final
2025-12-25,celio,pull homme,1.7,85,2266,final
2025-12-26,celio,pull homme,1.7,83,2089,final
2025-12-27,celio,pull homme,1.7,68,1597,final
2025-12-28,celio,pull homme,1.8,67,1759,final
2025-12-29,celio,pull homme,1.8,59,1641,final
2025-12-30,celio,pull homme,1.8,37,1489,final
2025-12-31,celio,pull homme,1.8,34,1040,final
2026-01-01,celio,pull homme,1.7,49,1363,final
2026-01-02,celio,pull homme,1.9,35,1430,final
2026-01-03,celio,pull homme,1.9,63,1589,final
2026-01-04,celio,pull homme,1.8,54,1617,final
2026-01-05,celio,pull homme,1.9,61,1620,final
2026-01-06,celio,pull homme,1.8,52,1677,final
2026-01-07,celio,pull homme,2.0,126,2705,final
2026-01-08,celio,pull homme,1.9,84,2028,final
2026-01-09,celio,pull homme,2.0,59,1719,final
2026-01-10,celio,pull homme,1.9,60,1934,final
2026-01-11,celio,pull homme,1.8,79,2066,final
2026-01-12,celio,pull homme,2.0,59,1657,final
2026-01-13,celio,pull homme,1.9,58,1505,final
2026-01-14,celio,pull homme,2.4,46,1425,final
2026-01-15,celio,pull homme,2.1,50,1293,final
2026-01-16,celio,pull homme,2.1,38,1211,final
2026-01-17,celio,pull homme,2.0,61,1429,final
2026-01-18,celio,pull homme,2.0,46,1429,final
2026-01-19,celio,pull homme,1.9,59,1301,final
2026-01-20,celio,pull homme,2.6,53,1242,final
2026-01-21,celio,pull homme,2.8,49,1277,final
2026-01-22,celio,pull homme,2.0,39,1185,final
2026-01-23,celio,pull homme,2.2,27,1158,final
2026-01-24,celio,pull homme,2.2,35,1291,final
2026-01-25,celio,pull homme,2.1,43,1530,final
2026-01-26,celio,pull homme,2.1,52,1349,final
2026-01-27,celio,pull homme,2.1,46,1236,final
2026-01-28,celio,pull homme,2.2,50,1237,final
2026-01-29,celio,pull homme,2.2,42,1180,final
2026-01-30,celio,pull homme,2.5,31,1185,final
2026-01-31,celio,pull homme,2.2,42,1419,final
2026-02-01,celio,pull homme,2.4,57,1594,final
2026-02-02,celio,pull homme,1.9,55,1539,final
2026-02-03,celio,pull homme,1.9,49,1414,final
2026-02-04,celio,pull homme,1.8,53,1256,final
2026-02-05,celio,pull homme,1.9,43,1326,final
2026-02-06,celio,pull homme,2.4,32,1003,final
2026-02-07,celio,pull homme,1.9,46,1071,final
2026-02-08,celio,pull homme,2.4,54,1266,final
2026-02-09,celio,pull homme,1.9,55,1278,final
2026-02-10,celio,pull homme,1.9,54,1275,final
2026-02-11,celio,pull homme,1.9,30,1075,final
2026-02-12,celio,pull homme,1.7,29,1029,final
2026-02-13,celio,pull homme,2.1,31,870,final
2026-02-14,celio,pull homme,1.8,38,986,final
2026-02-15,celio,pull homme,2.0,40,1165,final
2026-02-16,celio,pull homme,2.1,44,950,final
2026-02-17,celio,pull homme,3.1,31,843,final
2026-02-18,celio,pull homme,1.9,32,785,final
2026-02-19,celio,pull homme,2.4,29,756,final
2026-02-20,celio,pull homme,1.8,20,665,final
2026-02-21,celio,pull homme,2.2,21,759,final
2026-02-22,celio,pull homme,1.9,26,852,final
2026-02-23,celio,pull homme,2.1,25,784,final
2026-02-24,celio,pull homme,2.3,27,730,final
2026-02-25,celio,pull homme,2.2,16,731,final
2026-02-26,celio,pull homme,2.4,29,718,final
2026-02-27,celio,pull homme,2.4,26,779,final
2026-02-28,celio,pull homme,3.6,25,790,final
2026-03-01,celio,pull homme,2.4,28,851,final
2026-03-02,celio,pull homme,1.6,21,844,final
2026-03-03,celio,pull homme,2.7,22,697,final
2026-03-04,celio,pull homme,2.1,25,693,final
2026-03-05,celio,pull homme,1.7,23,780,final
2026-03-06,celio,pull homme,1.7,27,759,final
2026-03-07,celio,pull homme,1.8,24,835,final
2026-03-08,celio,pull homme,2.0,38,886,final
2026-03-09,celio,pull homme,1.9,25,773,final
2026-03-10,celio,pull homme,1.8,30,831,final
2026-03-11,celio,pull homme,1.9,28,895,final
2026-03-12,celio,pull homme,2.0,24,752,final
2026-03-13,celio,pull homme,1.7,26,816,final
2026-03-14,celio,pull homme,2.5,32,919,final
2026-03-15,celio,pull homme,1.7,43,961,final
2026-03-16,celio,pull homme,2.1,34,858,final
2026-03-17,celio,pull homme,1.8,36,723,final
2026-03-18,celio,pull homme,1.8,23,724,final
2026-03-19,celio,pull homme,1.9,22,590,final
2026-03-20,celio,pull homme,2.2,7,550,final
2026-03-21,celio,pull homme,1.7,21,635,final
2026-03-22,celio,pull homme,1.8,28,738,final
2026-03-23,celio,pull homme,2.1,18,607,final
2026-03-24,celio,pull homme,1.9,22,581,final
2026-03-25,celio,pull homme,1.7,21,712,final
2026-03-26,celio,pull homme,2.0,24,652,final
2026-03-27,celio,pull homme,1.9,20,574,final
2026-03-28,celio,pull homme,1.8,21,737,final
2026-03-29,celio,pull homme,2.2,25,762,final
2026-03-30,celio,pull homme,1.7,26,686,final
2026-03-31,celio,pull homme,2.2,27,704,final
2026-04-01,celio,pull homme,1.8,18,667,final
2026-04-02,celio,pull homme,2.2,19,594,final
2026-04-03,celio,pull homme,2.2,23,567,final
2026-04-04,celio,pull homme,1.6,18,610,final
2026-04-05,celio,pull homme,1.7,16,611,final
2026-04-06,celio,pull homme,2.2,17,490,final
2026-04-07,celio,pull homme,2.3,8,434,final
2026-04-08,celio,pull homme,1.9,8,432,final
2026-04-09,celio,pull homme,2.4,15,353,final
2026-04-10,celio,pull homme,2.4,6,334,final
2026-04-11,celio,pull homme,2.2,16,510,final
2026-04-12,celio,pull homme,1.6,16,582,final
2026-04-13,celio,pull homme,2.0,15,584,final
2026-04-14,celio,pull homme,2.4,11,423,final
2026-04-15,celio,pull homme,2.0,10,432,final
2026-04-16,celio,pull homme,1.8,8,319,final
2026-04-17,celio,pull homme,3.1,11,323,final
2026-04-18,celio,pull homme,2.4,5,339,final
2026-04-19,celio,pull homme,2.4,12,391,final
2026-04-20,celio,pull homme,2.4,12,386,final
2026-04-21,celio,pull homme,2.4,8,370,final
2026-04-22,celio,pull homme,2.0,20,393,final
2026-04-23,celio,pull homme,2.3,9,295,final
2026-04-24,celio,pull homme,2.8,5,266,final
2026-04-25,celio,pull homme,3.5,6,271,final
2026-04-26,celio,pull homme,3.2,11,285,final
2026-04-27,celio,pull homme,2.8,6,265,final
2026-04-28,celio,pull homme,3.0,6,328,final
2026-04-29,celio,pull homme,2.3,7,281,final
2026-04-30,celio,pull homme,4.0,8,280,final
2026-05-01,celio,pull homme,2.4,9,286,final
2026-05-02,celio,pull homme,2.2,10,327,final
2026-05-03,celio,pull homme,2.0,10,363,final
2026-05-04,celio,pull homme,2.1,16,399,final
2026-05-05,celio,pull homme,1.9,6,418,final
2026-05-06,celio,pull homme,2.9,15,369,final
2026-05-07,celio,pull homme,4.0,6,306,final
2026-05-08,celio,pull homme,3.6,5,343,final
2026-05-09,celio,pull homme,2.8,4,313,final
2026-05-10,celio,pull homme,2.1,14,466,final
2026-05-11,celio,pull homme,2.4,15,393,final
2026-05-12,celio,pull homme,2.0,16,378,final
2026-05-13,celio,pull homme,2.5,8,366,final
2026-05-14,celio,pull homme,2.9,16,460,final
2026-05-15,celio,pull homme,1.7,17,391,final
2026-05-16,celio,pull homme,1.7,13,343,final
2026-05-17,celio,pull homme,1.6,10,349,final
2026-05-18,celio,pull homme,2.2,6,392,final
2026-05-19,celio,pull homme,1.5,10,315,final
2026-05-20,celio,pull homme,3.1,11,332,final
2026-05-21,celio,pull homme,2.0,12,201,final
2026-05-22,celio,pull homme,2.5,3,141,final
2026-05-23,celio,pull homme,3.5,3,152,final
2026-05-24,celio,pull homme,2.1,2,134,final
2026-05-25,celio,pull homme,2.3,6,133,final
2026-05-26,celio,pull homme,1.8,1,118,final
2026-05-27,celio,pull homme,2.7,2,138,final
2026-05-28,celio,pull homme,2.3,1,109,final
2026-05-29,celio,pull homme,4.4,1,139,final
2026-05-30,celio,pull homme,2.5,0,134,final
2026-05-31,celio,pull homme,1.9,4,142,final
2026-06-01,celio,pull homme,2.2,4,160,final
2026-06-02,celio,pull homme,1.6,5,184,final
2026-06-03,celio,pull homme,2.4,1,201,final
2026-06-04,celio,pull homme,4.2,0,248,final
2026-06-05,celio,pull homme,1.8,3,238,final
2026-06-06,celio,pull homme,2.4,6,242,final
2026-06-07,celio,pull homme,2.0,6,241,final
2026-06-08,celio,pull homme,1.8,8,251,final
2026-06-09,celio,pull homme,1.9,3,251,final
2026-06-10,celio,pull homme,2.5,2,261,final
2026-06-11,celio,pull homme,1.8,6,288,final
2026-06-12,celio,pull homme,1.8,4,238,final
2026-06-13,celio,pull homme,2.1,2,188,final
2026-06-14,celio,pull homme,1.5,5,201,final
2026-06-15,celio,pull homme,2.0,6,173,final
2026-06-16,celio,pull homme,2.1,3,166,final
2026-06-17,celio,pull homme,1.9,6,193,final
2026-06-18,celio,pull homme,1.9,4,165,final
2026-06-19,celio,pull homme,3.8,3,143,final
2026-06-20,celio,pull homme,3.2,2,173,final
2026-06-21,celio,pull homme,3.5,1,116,final
2026-06-22,celio,pull homme,3,4,138,final
2026-06-23,celio,pull homme,3.8,2,151,final
2026-06-24,celio,pull homme,3.6,2,170,final
2026-06-25,celio,pull homme,2.6,3,144,final
2026-06-26,celio,pull homme,2.8,1,133,final
2026-06-27,celio,pull homme,2.5,2,132,final
2026-06-28,celio,pull homme,2.2,2,157,final
2026-06-29,celio,pull homme,3.2,2,167,final
2026-06-30,celio,pull homme,2.1,1,146,final
2026-07-01,celio,pull homme,2.9,2,221,final
2026-07-02,celio,pull homme,1.7,4,189,final
2026-07-03,celio,pull homme,2.8,2,168,final
2026-07-04,celio,pull homme,2.8,4,154,final
2026-07-05,celio,pull homme,2.7,2,170,final
2026-07-06,celio,pull homme,3.8,8,157,final
2026-07-07,celio,pull homme,3.6,6,160,final
2026-07-08,celio,pull homme,2.7,5,199,final
2026-07-09,celio,pull homme,3.1,1,155,final
2026-07-10,celio,pull homme,5.5,0,130,final
2026-07-11,celio,pull homme,4.6,4,145,final
2026-07-12,celio,pull homme,2.4,2,168,final
2026-07-13,celio,pull homme,2.9,2,196,final
2026-07-14,celio,pull homme,2.2,4,127,final
2026-07-15,celio,pull homme,2.7,2,198,final
2026-07-16,celio,pull homme,2.2,3,168,final
2026-07-17,celio,pull homme,2.5,3,165,final
2026-07-18,celio,pull homme,2.0,4,219,final
2026-07-19,celio,pull homme,2.3,2,224,final
2026-07-20,celio,pull homme,2.3,4,200,final
2026-07-21,celio,pull homme,2.2,3,183,final
2026-07-22,celio,pull homme,2.6,4,220,final
2026-07-23,celio,pull homme,2.0,3,200,final
2026-07-24,celio,pull homme,2.2,5,210,final
2026-07-25,celio,pull homme,3.4,1,218,final
2026-07-26,celio,pull homme,2.7,1,289,final
2026-07-27,celio,pull homme,2.4,8,287,final
2026-07-28,celio,pull homme,1.8,7,280,final
2026-07-29,celio,pull homme,2.8,3,238,final
2026-07-30,celio,pull homme,2.4,4,253,final
2026-07-31,celio,pull homme,2.9,6,292,final
2026-08-01,celio,pull homme,1.9,4,282,final
2026-08-02,celio,pull homme,2.2,7,315,final
2026-08-03,celio,pull homme,2.1,4,300,final
2026-08-04,celio,pull homme,2.2,7,323,final
2026-08-05,celio,pull homme,2.7,3,291,final
2026-08-06,celio,pull homme,3.0,6,302,final
2026-08-07,celio,pull homme,3.3,3,285,final
2026-08-08,celio,pull homme,2.0,6,321,final
2026-08-09,celio,pull homme,2.1,7,323,final
2026-08-10,celio,pull homme,1.9,1,344,final
2026-08-11,celio,pull homme,2.0,3,299,final
2026-08-12,celio,pull homme,2.2,4,281,final
2026-08-13,celio,pull homme,1.8,5,365,final
2026-08-14,celio,pull homme,2.1,4,313,final
2026-08-15,celio,pull homme,2.2,5,357,final
2026-08-16,celio,pull homme,2.2,11,402,final
2026-08-17,celio,pull homme,1.6,11,435,final
2026-08-18,celio,pull homme,2.0,5,493,final
2026-08-19,celio,pull homme,1.9,16,494,final
2026-08-20,celio,pull homme,2.2,15,516,final
2026-08-21,celio,pull homme,2.0,15,528,final
2026-08-22,celio,pull homme,2.0,12,564,final
2026-08-23,celio,pull homme,1.6,21,568,final
2026-08-24,celio,pull homme,2.0,12,615,final
2026-08-25,celio,pull homme,2.0,13,609,final
2026-08-26,celio,pull homme,2.0,12,537,final
2026-08-27,celio,pull homme,2.2,20,542,final
2026-08-28,celio,pull homme,2.3,16,587,final
2026-08-29,celio,pull homme,2.7,10,709,final
2026-08-30,celio,pull homme,2.0,31,786,final
2026-08-31,celio,pull homme,2.6,21,772,final
2026-09-01,celio,pull homme,2.5,11,643,final
2026-09-02,celio,pull homme,3.7,18,661,final
2026-09-03,celio,pull homme,3.8,17,632,final
2026-09-04,celio,pull homme,3.5,7,538,final
2026-09-05,celio,pull homme,3.5,20,573,final
2026-09-06,celio,pull homme,3.1,15,751,final
2026-09-07,celio,pull homme,2.1,14,720,final
2026-09-08,celio,pull homme,1.8,14,750,final
2026-09-09,celio,pull homme,1.8,26,904,final
2026-09-10,celio,pull homme,1.6,34,866,final
2026-09-11,celio,pull homme,1.7,28,731,final
2026-09-12,celio,pull homme,1.8,19,753,final
2026-09-13,celio,pull homme,1.7,21,1041,final
2026-09-14,celio,pull homme,1.6,27,856,final
2026-09-15,celio,pull homme,1.7,17,693,final
2026-09-16,celio,pull homme,1.5,23,866,final
2026-09-17,celio,pull homme,1.6,33,855,final
2026-09-18,celio,pull homme,1.7,27,740,final
2026-09-19,celio,pull homme,1.4,22,866,final
2026-09-20,celio,pull homme,1.3,40,1137,final
2026-09-21,celio,pull homme,1.4,24,863,final
2026-09-22,celio,pull homme,1.5,34,853,final
2026-09-23,celio,pull homme,1.6,30,766,final
2026-09-24,celio,pull homme,1.8,20,741,final
2026-09-25,celio,pull homme,2.1,9,606,final
2026-09-26,celio,pull homme,2.6,20,758,final
2026-09-27,celio,pull homme,2.0,33,1000,final
2026-09-28,celio,pull homme,2.2,27,1000,final
2026-09-29,celio,pull homme,2.6,18,773,fresh
2026-09-30,celio,pull homme,2.7,22,861,fresh
2025-06-08,celio,pyjama homme,2.0,52,942,final
2025-06-09,celio,pyjama homme,1.8,56,1101,final
2025-06-10,celio,pyjama homme,1.8,53,1044,final
2025-06-11,celio,pyjama homme,1.7,52,960,final
2025-06-12,celio,pyjama homme,1.8,58,832,final
2025-06-13,celio,pyjama homme,1.8,42,721,final
2025-06-14,celio,pyjama homme,1.8,39,780,final
2025-06-15,celio,pyjama homme,2.2,19,758,final
2025-06-16,celio,pyjama homme,2.0,39,647,final
2025-06-17,celio,pyjama homme,1.8,23,595,final
2025-06-18,celio,pyjama homme,2.0,20,581,final
2025-06-19,celio,pyjama homme,2.7,21,613,final
2025-06-20,celio,pyjama homme,3.9,17,524,final
2025-06-21,celio,pyjama homme,3.7,10,506,final
2025-06-22,celio,pyjama homme,3.7,23,608,final
2025-06-23,celio,pyjama homme,3.7,19,618,final
2025-06-24,celio,pyjama homme,2.9,25,612,final
2025-06-25,celio,pyjama homme,2.8,31,799,final
2025-06-26,celio,pyjama homme,3.2,30,647,final
2025-06-27,celio,pyjama homme,5.7,17,621,final
2025-06-28,celio,pyjama homme,5.3,24,692,final
2025-06-29,celio,pyjama homme,5.0,28,751,final
2025-06-30,celio,pyjama homme,4.9,25,675,final
2025-07-01,celio,pyjama homme,5.1,19,611,final
2025-07-02,celio,pyjama homme,5.9,28,635,final
2025-07-03,celio,pyjama homme,5.7,27,580,final
2025-07-04,celio,pyjama homme,5.8,16,540,final
2025-07-05,celio,pyjama homme,6.4,20,592,final
2025-07-06,celio,pyjama homme,5.8,24,718,final
2025-07-07,celio,pyjama homme,5.4,34,736,final
2025-07-08,celio,pyjama homme,5.0,27,644,final
2025-07-09,celio,pyjama homme,4.8,31,629,final
2025-07-10,celio,pyjama homme,4.6,28,607,final
2025-07-11,celio,pyjama homme,4.4,16,563,final
2025-07-12,celio,pyjama homme,2.8,26,579,final
2025-07-13,celio,pyjama homme,3.8,25,576,final
2025-07-14,celio,pyjama homme,3.8,22,694,final
2025-07-15,celio,pyjama homme,3.7,24,639,final
2025-07-16,celio,pyjama homme,4.0,30,608,final
2025-07-17,celio,pyjama homme,3.9,15,522,final
2025-07-18,celio,pyjama homme,2.9,18,571,final
2025-07-19,celio,pyjama homme,2.7,23,625,final
2025-07-20,celio,pyjama homme,3.3,54,827,final
2025-07-21,celio,pyjama homme,2.2,42,709,final
2025-07-22,celio,pyjama homme,2.1,34,692,final
2025-07-23,celio,pyjama homme,2.1,27,637,final
2025-07-24,celio,pyjama homme,2.1,20,559,final
2025-07-25,celio,pyjama homme,2.0,27,546,final
2025-07-26,celio,pyjama homme,1.9,34,559,final
2025-07-27,celio,pyjama homme,2.1,37,743,final
2025-07-28,celio,pyjama homme,2.0,41,684,final
2025-07-29,celio,pyjama homme,1.9,35,541,final
2025-07-30,celio,pyjama homme,1.9,30,665,final
2025-07-31,celio,pyjama homme,2.9,19,566,final
2025-08-01,celio,pyjama homme,5.1,21,544,final
2025-08-02,celio,pyjama homme,6.1,14,483,final
2025-08-03,celio,pyjama homme,7.2,18,494,final
2025-08-04,celio,pyjama homme,7.6,17,482,final
2025-08-05,celio,pyjama homme,6.7,6,506,final
2025-08-06,celio,pyjama homme,8.7,14,392,final
2025-08-07,celio,pyjama homme,9.5,8,325,final
2025-08-08,celio,pyjama homme,8.9,11,379,final
2025-08-09,celio,pyjama homme,9.5,6,350,final
2025-08-10,celio,pyjama homme,7.7,11,377,final
2025-08-11,celio,pyjama homme,7.7,11,402,final
2025-08-12,celio,pyjama homme,7.0,9,282,final
2025-08-13,celio,pyjama homme,9.1,8,433,final
2025-08-14,celio,pyjama homme,10.8,9,408,final
2025-08-15,celio,pyjama homme,11.2,9,367,final
2025-08-16,celio,pyjama homme,10.7,7,413,final
2025-08-17,celio,pyjama homme,10.8,7,527,final
2025-08-18,celio,pyjama homme,10.7,5,511,final
2025-08-19,celio,pyjama homme,10.9,8,518,final
2025-08-20,celio,pyjama homme,10.9,10,554,final
2025-08-21,celio,pyjama homme,11.4,7,530,final
2025-08-22,celio,pyjama homme,11.2,7,278,final
2025-08-23,celio,pyjama homme,11.0,4,323,final
2025-08-24,celio,pyjama homme,10.9,5,335,final
2025-08-25,celio,pyjama homme,10.8,7,248,final
2025-08-26,celio,pyjama homme,6.4,17,539,final
2025-08-27,celio,pyjama homme,6.8,23,621,final
2025-08-28,celio,pyjama homme,6.6,19,653,final
2025-08-29,celio,pyjama homme,5.3,30,710,final
2025-08-30,celio,pyjama homme,5.2,23,754,final
2025-08-31,celio,pyjama homme,5.7,34,907,final
2025-09-01,celio,pyjama homme,4.4,27,876,final
2025-09-02,celio,pyjama homme,4.6,30,975,final
2025-09-03,celio,pyjama homme,4.4,28,843,final
2025-09-04,celio,pyjama homme,4.6,29,829,final
2025-09-05,celio,pyjama homme,6.5,20,774,final
2025-09-06,celio,pyjama homme,6.4,35,807,final
2025-09-07,celio,pyjama homme,6.4,37,899,final
2025-09-08,celio,pyjama homme,5.3,26,855,final
2025-09-09,celio,pyjama homme,6.6,11,645,final
2025-09-10,celio,pyjama homme,5.5,42,841,final
2025-09-11,celio,pyjama homme,5.2,36,848,final
2025-09-12,celio,pyjama homme,4.5,37,871,final
2025-09-13,celio,pyjama homme,4.5,55,1190,final
2025-09-14,celio,pyjama homme,5.4,42,1300,final
2025-09-15,celio,pyjama homme,5.2,32,951,final
2025-09-16,celio,pyjama homme,4.7,56,1010,final
2025-09-17,celio,pyjama homme,5.5,32,919,final
2025-09-18,celio,pyjama homme,3.9,38,803,final
2025-09-19,celio,pyjama homme,3.6,31,739,final
2025-09-20,celio,pyjama homme,2.9,48,911,final
2025-09-21,celio,pyjama homme,3.2,83,1323,final
2025-09-22,celio,pyjama homme,3.7,77,1287,final
2025-09-23,celio,pyjama homme,3.6,99,1563,final
2025-09-24,celio,pyjama homme,3.5,96,1749,final
2025-09-25,celio,pyjama homme,3.6,93,1617,final
2025-09-26,celio,pyjama homme,3.6,102,1657,final
2025-09-27,celio,pyjama homme,3.5,97,1749,final
2025-09-28,celio,pyjama homme,3.4,120,2043,final
2025-09-29,celio,pyjama homme,3.5,79,1532,final
2025-09-30,celio,pyjama homme,3.9,75,1348,final
2025-10-01,celio,pyjama homme,4.3,68,1269,final
2025-10-02,celio,pyjama homme,4.4,53,1157,final
2025-10-03,celio,pyjama homme,4.3,59,1347,final
2025-10-04,celio,pyjama homme,4.5,88,1667,final
2025-10-05,celio,pyjama homme,3.8,67,2029,final
2025-10-06,celio,pyjama homme,4.0,45,1717,final
2025-10-07,celio,pyjama homme,4.0,86,1469,final
2025-10-08,celio,pyjama homme,3.0,84,1420,final
2025-10-09,celio,pyjama homme,2.9,51,1281,final
2025-10-10,celio,pyjama homme,2.7,55,1236,final
2025-10-11,celio,pyjama homme,2.6,74,1517,final
2025-10-12,celio,pyjama homme,2.7,109,1726,final
2025-10-13,celio,pyjama homme,2.8,97,1543,final
2025-10-14,celio,pyjama homme,2.8,74,1496,final
2025-10-15,celio,pyjama homme,2.6,70,1421,final
2025-10-16,celio,pyjama homme,2.4,83,1268,final
2025-10-17,celio,pyjama homme,2.6,105,1357,final
2025-10-18,celio,pyjama homme,2.6,80,1505,final
2025-10-19,celio,pyjama homme,2.6,122,1957,final
2025-10-20,celio,pyjama homme,2.6,115,1736,final
2025-10-21,celio,pyjama homme,2.4,82,1560,final
2025-10-22,celio,pyjama homme,3.2,90,1540,final
2025-10-23,celio,pyjama homme,3.2,85,1618,final
2025-10-24,celio,pyjama homme,2.8,99,1658,final
2025-10-25,celio,pyjama homme,2.9,116,1815,final
2025-10-26,celio,pyjama homme,2.7,134,2300,final
2025-10-27,celio,pyjama homme,2.8,146,2225,final
2025-10-28,celio,pyjama homme,2.9,103,1885,final
2025-10-29,celio,pyjama homme,2.8,130,2031,final
2025-10-30,celio,pyjama homme,2.9,115,1824,final
2025-10-31,celio,pyjama homme,3.3,68,1588,final
2025-11-01,celio,pyjama homme,3.4,123,2108,final
2025-11-02,celio,pyjama homme,3.5,118,2958,final
2025-11-03,celio,pyjama homme,3.5,121,2373,final
2025-11-04,celio,pyjama homme,4.3,87,2167,final
2025-11-05,celio,pyjama homme,3.5,123,2111,final
2025-11-06,celio,pyjama homme,3.1,91,2010,final
2025-11-07,celio,pyjama homme,3.4,102,1949,final
2025-11-08,celio,pyjama homme,3.5,96,2214,final
2025-11-09,celio,pyjama homme,3.4,156,3013,final
2025-11-10,celio,pyjama homme,3.4,144,2788,final
2025-11-11,celio,pyjama homme,3.3,184,3387,final
2025-11-12,celio,pyjama homme,3.2,162,2638,final
2025-11-13,celio,pyjama homme,2.9,118,2270,final
2025-11-14,celio,pyjama homme,2.9,98,2312,final
2025-11-15,celio,pyjama homme,3.1,165,2846,final
2025-11-16,celio,pyjama homme,2.8,210,3808,final
2025-11-17,celio,pyjama homme,2.7,153,3340,final
2025-11-18,celio,pyjama homme,3.4,166,3361,final
2025-11-19,celio,pyjama homme,3.5,211,3863,final
2025-11-20,celio,pyjama homme,3.6,199,3721,final
2025-11-21,celio,pyjama homme,3.5,212,3698,final
2025-11-22,celio,pyjama homme,3.6,236,4626,final
2025-11-23,celio,pyjama homme,3.2,371,6358,final
2025-11-24,celio,pyjama homme,3.4,309,5250,final
2025-11-25,celio,pyjama homme,3.4,256,4968,final
2025-11-26,celio,pyjama homme,3.4,276,5338,final
2025-11-27,celio,pyjama homme,3.6,263,5419,final
2025-11-28,celio,pyjama homme,3.4,297,6178,final
2025-11-29,celio,pyjama homme,3.3,359,6382,final
2025-11-30,celio,pyjama homme,3.2,437,8099,final
2025-12-01,celio,pyjama homme,3.3,350,6789,final
2025-12-02,celio,pyjama homme,3.3,319,5631,final
2025-12-03,celio,pyjama homme,3.1,353,5635,final
2025-12-04,celio,pyjama homme,2.9,303,5343,final
2025-12-05,celio,pyjama homme,3.4,329,5034,final
2025-12-06,celio,pyjama homme,3.4,311,5678,final
2025-12-07,celio,pyjama homme,3.2,474,7516,final
2025-12-08,celio,pyjama homme,3.4,381,6443,final
2025-12-09,celio,pyjama homme,3.7,315,5686,final
2025-12-10,celio,pyjama homme,3.3,311,5790,final
2025-12-11,celio,pyjama homme,3.4,274,5181,final
2025-12-12,celio,pyjama homme,3.7,249,4449,final
2025-12-13,celio,pyjama homme,3.1,328,5514,final
2025-12-14,celio,pyjama homme,3.1,413,6728,final
2025-12-15,celio,pyjama homme,3.1,278,5856,final
2025-12-16,celio,pyjama homme,3.3,271,5203,final
2025-12-17,celio,pyjama homme,3.4,225,4816,final
2025-12-18,celio,pyjama homme,3.3,187,4071,final
2025-12-19,celio,pyjama homme,3.3,183,3441,final
2025-12-20,celio,pyjama homme,3.5,166,3881,final
2025-12-21,celio,pyjama homme,3.3,149,3853,final
2025-12-22,celio,pyjama homme,3.2,178,3459,final
2025-12-23,celio,pyjama homme,3.7,109,2499,final
2025-12-24,celio,pyjama homme,3.0,55,1556,final
2025-12-25,celio,pyjama homme,3.1,105,2119,final
2025-12-26,celio,pyjama homme,3.0,168,2339,final
2025-12-27,celio,pyjama homme,3.3,133,2213,final
2025-12-28,celio,pyjama homme,3.4,125,2208,final
2025-12-29,celio,pyjama homme,3.5,113,2082,final
2025-12-30,celio,pyjama homme,3.5,85,1825,final
2025-12-31,celio,pyjama homme,3.7,50,1183,final
2026-01-01,celio,pyjama homme,3.7,75,1668,final
2026-01-02,celio,pyjama homme,3.7,85,1928,final
2026-01-03,celio,pyjama homme,3.5,98,1959,final
2026-01-04,celio,pyjama homme,3.5,104,2156,final
2026-01-05,celio,pyjama homme,3.3,82,2068,final
2026-01-06,celio,pyjama homme,5.4,69,2086,final
2026-01-07,celio,pyjama homme,3.0,125,2753,final
2026-01-08,celio,pyjama homme,3.3,87,2039,final
2026-01-09,celio,pyjama homme,3.1,95,1859,final
2026-01-10,celio,pyjama homme,3.4,108,2105,final
2026-01-11,celio,pyjama homme,3.4,116,2383,final
2026-01-12,celio,pyjama homme,3.4,101,1907,final
2026-01-13,celio,pyjama homme,3.2,92,1645,final
2026-01-14,celio,pyjama homme,3.9,87,1514,final
2026-01-15,celio,pyjama homme,3.8,74,1341,final
2026-01-16,celio,pyjama homme,4.0,77,1353,final
2026-01-17,celio,pyjama homme,3.9,100,1576,final
2026-01-18,celio,pyjama homme,3.9,95,1792,final
2026-01-19,celio,pyjama homme,3.2,63,1561,final
2026-01-20,celio,pyjama homme,4.1,53,1312,final
2026-01-21,celio,pyjama homme,4.0,74,1291,final
2026-01-22,celio,pyjama homme,3.8,54,1220,final
2026-01-23,celio,pyjama homme,3.6,69,1282,final
2026-01-24,celio,pyjama homme,3.2,79,1506,final
2026-01-25,celio,pyjama homme,4.0,75,1786,final
2026-01-26,celio,pyjama homme,3.5,97,1410,final
2026-01-27,celio,pyjama homme,3.6,73,1272,final
2026-01-28,celio,pyjama homme,3.0,67,1331,final
2026-01-29,celio,pyjama homme,3.7,84,1409,final
2026-01-30,celio,pyjama homme,3.0,64,1390,final
2026-01-31,celio,pyjama homme,4.3,98,1753,final
2026-02-01,celio,pyjama homme,3.3,115,1965,final
2026-02-02,celio,pyjama homme,3.2,90,1793,final
2026-02-03,celio,pyjama homme,3.6,85,1710,final
2026-02-04,celio,pyjama homme,3.5,130,1561,final
2026-02-05,celio,pyjama homme,3.5,98,1438,final
2026-02-06,celio,pyjama homme,2.9,80,1232,final
2026-02-07,celio,pyjama homme,3.5,92,1419,final
2026-02-08,celio,pyjama homme,3.6,106,1783,final
2026-02-09,celio,pyjama homme,3.4,72,1691,final
2026-02-10,celio,pyjama homme,3.0,87,1611,final
2026-02-11,celio,pyjama homme,3.0,67,1474,final
2026-02-12,celio,pyjama homme,3.2,62,1350,final
2026-02-13,celio,pyjama homme,2.6,73,1218,final
2026-02-14,celio,pyjama homme,2.8,55,1270,final
2026-02-15,celio,pyjama homme,3.2,78,1369,final
2026-02-16,celio,pyjama homme,2.7,68,1180,final
2026-02-17,celio,pyjama homme,2.6,66,1029,final
2026-02-18,celio,pyjama homme,3.2,64,1013,final
2026-02-19,celio,pyjama homme,4.0,47,917,final
2026-02-20,celio,pyjama homme,3.1,47,839,final
2026-02-21,celio,pyjama homme,4.6,47,863,final
2026-02-22,celio,pyjama homme,3.7,69,1137,final
2026-02-23,celio,pyjama homme,4.0,44,992,final
2026-02-24,celio,pyjama homme,3.3,36,827,final
2026-02-25,celio,pyjama homme,5.5,15,705,final
2026-02-26,celio,pyjama homme,5.8,14,615,final
2026-02-27,celio,pyjama homme,4.4,28,726,final
2026-02-28,celio,pyjama homme,5.0,38,740,final
2026-03-01,celio,pyjama homme,4.5,30,933,final
2026-03-02,celio,pyjama homme,4.5,35,744,final
2026-03-03,celio,pyjama homme,3.2,27,779,final
2026-03-04,celio,pyjama homme,3.9,36,750,final
2026-03-05,celio,pyjama homme,4.2,19,803,final
2026-03-06,celio,pyjama homme,5.5,23,651,final
2026-03-07,celio,pyjama homme,4.6,35,796,final
2026-03-08,celio,pyjama homme,3.5,40,1013,final
2026-03-09,celio,pyjama homme,4.2,55,910,final
2026-03-10,celio,pyjama homme,4.4,24,813,final
2026-03-11,celio,pyjama homme,2.6,46,987,final
2026-03-12,celio,pyjama homme,7.3,14,707,final
2026-03-13,celio,pyjama homme,3.2,37,806,final
2026-03-14,celio,pyjama homme,4.7,34,790,final
2026-03-15,celio,pyjama homme,3.1,55,961,final
2026-03-16,celio,pyjama homme,3.8,41,792,final
2026-03-17,celio,pyjama homme,3.7,27,595,final
2026-03-18,celio,pyjama homme,3.3,37,762,final
2026-03-19,celio,pyjama homme,2.8,28,675,final
2026-03-20,celio,pyjama homme,2.6,28,647,final
2026-03-21,celio,pyjama homme,2.9,35,793,final
2026-03-22,celio,pyjama homme,3.1,45,887,final
2026-03-23,celio,pyjama homme,2.3,43,778,final
2026-03-24,celio,pyjama homme,2.1,42,725,final
2026-03-25,celio,pyjama homme,2.4,33,844,final
2026-03-26,celio,pyjama homme,2.8,32,767,final
2026-03-27,celio,pyjama homme,2.9,44,805,final
2026-03-28,celio,pyjama homme,2.4,43,898,final
2026-03-29,celio,pyjama homme,2.4,64,1036,final
2026-03-30,celio,pyjama homme,2.4,46,902,final
2026-03-31,celio,pyjama homme,3.1,49,855,final
2026-04-01,celio,pyjama homme,2.5,41,860,final
2026-04-02,celio,pyjama homme,2.5,40,823,final
2026-04-03,celio,pyjama homme,3.1,34,733,final
2026-04-04,celio,pyjama homme,3.1,39,831,final
2026-04-05,celio,pyjama homme,2.3,48,854,final
2026-04-06,celio,pyjama homme,2.8,41,839,final
2026-04-07,celio,pyjama homme,2.9,35,660,final
2026-04-08,celio,pyjama homme,3.3,32,669,final
2026-04-09,celio,pyjama homme,3.6,25,658,final
2026-04-10,celio,pyjama homme,3.7,32,658,final
2026-04-11,celio,pyjama homme,3.7,40,842,final
2026-04-12,celio,pyjama homme,3.2,45,885,final
2026-04-13,celio,pyjama homme,2.5,34,805,final
2026-04-14,celio,pyjama homme,2.6,35,743,final
2026-04-15,celio,pyjama homme,3.0,21,708,final
2026-04-16,celio,pyjama homme,3.3,27,632,final
2026-04-17,celio,pyjama homme,3.5,21,620,final
2026-04-18,celio,pyjama homme,3.3,28,682,final
2026-04-19,celio,pyjama homme,3.5,18,831,final
2026-04-20,celio,pyjama homme,3.3,28,796,final
2026-04-21,celio,pyjama homme,3.9,22,707,final
2026-04-22,celio,pyjama homme,3.8,26,708,final
2026-04-23,celio,pyjama homme,3.4,16,621,final
2026-04-24,celio,pyjama homme,3.8,17,615,final
2026-04-25,celio,pyjama homme,2.9,29,606,final
2026-04-26,celio,pyjama homme,3.3,40,775,final
2026-04-27,celio,pyjama homme,2.9,21,710,final
2026-04-28,celio,pyjama homme,3.3,29,656,final
2026-04-29,celio,pyjama homme,4.1,26,731,final
2026-04-30,celio,pyjama homme,4.3,19,572,final
2026-05-01,celio,pyjama homme,4.2,25,717,final
2026-05-02,celio,pyjama homme,3.6,22,659,final
2026-05-03,celio,pyjama homme,3.3,28,821,final
2026-05-04,celio,pyjama homme,3.1,36,819,final
2026-05-05,celio,pyjama homme,3.2,38,734,final
2026-05-06,celio,pyjama homme,3.2,29,700,final
2026-05-07,celio,pyjama homme,3.0,34,626,final
2026-05-08,celio,pyjama homme,3.9,17,590,final
2026-05-09,celio,pyjama homme,4.2,22,645,final
2026-05-10,celio,pyjama homme,3.9,31,897,final
2026-05-11,celio,pyjama homme,3.9,28,703,final
2026-05-12,celio,pyjama homme,3.1,32,645,final
2026-05-13,celio,pyjama homme,2.6,32,747,final
2026-05-14,celio,pyjama homme,2.1,42,773,final
2026-05-15,celio,pyjama homme,2.5,36,711,final
2026-05-16,celio,pyjama homme,2.3,42,812,final
2026-05-17,celio,pyjama homme,2.4,45,904,final
2026-05-18,celio,pyjama homme,2.2,45,751,final
2026-05-19,celio,pyjama homme,2.1,31,723,final
2026-05-20,celio,pyjama homme,2.1,21,609,final
2026-05-21,celio,pyjama homme,2.3,32,571,final
2026-05-22,celio,pyjama homme,2.5,32,612,final
2026-05-23,celio,pyjama homme,2.5,29,593,final
2026-05-24,celio,pyjama homme,2.6,21,681,final
2026-05-25,celio,pyjama homme,2.6,30,707,final
2026-05-26,celio,pyjama homme,2.5,29,609,final
2026-05-27,celio,pyjama homme,2.5,26,613,final
2026-05-28,celio,pyjama homme,2.6,36,557,final
2026-05-29,celio,pyjama homme,2.2,20,505,final
2026-05-30,celio,pyjama homme,2.2,19,518,final
2026-05-31,celio,pyjama homme,2.4,36,723,final
2026-06-01,celio,pyjama homme,2.8,19,747,final
2026-06-02,celio,pyjama homme,2.9,24,675,final
2026-06-03,celio,pyjama homme,3.3,28,671,final
2026-06-04,celio,pyjama homme,4.1,23,660,final
2026-06-05,celio,pyjama homme,3.5,31,602,final
2026-06-06,celio,pyjama homme,2.7,38,740,final
2026-06-07,celio,pyjama homme,2.6,36,804,final
2026-06-08,celio,pyjama homme,2.9,37,828,final
2026-06-09,celio,pyjama homme,2.5,34,744,final
2026-06-10,celio,pyjama homme,2.4,44,900,final
2026-06-11,celio,pyjama homme,2.4,42,749,final
2026-06-12,celio,pyjama homme,2.6,29,691,final
2026-06-13,celio,pyjama homme,2.5,47,721,final
2026-06-14,celio,pyjama homme,2.5,45,924,final
2026-06-15,celio,pyjama homme,2.3,33,901,final
2026-06-16,celio,pyjama homme,2.4,45,774,final
2026-06-17,celio,pyjama homme,2.5,60,760,final
2026-06-18,celio,pyjama homme,2.4,37,628,final
2026-06-19,celio,pyjama homme,2.9,32,584,final
2026-06-20,celio,pyjama homme,3.2,28,592,final
2026-06-21,celio,pyjama homme,3.5,22,604,final
2026-06-22,celio,pyjama homme,3.3,18,538,final
2026-06-23,celio,pyjama homme,2.7,28,552,final
2026-06-24,celio,pyjama homme,2.4,38,747,final
2026-06-25,celio,pyjama homme,2.2,29,576,final
2026-06-26,celio,pyjama homme,2.4,30,577,final
2026-06-27,celio,pyjama homme,2.6,25,636,final
2026-06-28,celio,pyjama homme,2.2,42,701,final
2026-06-29,celio,pyjama homme,2.2,32,651,final
2026-06-30,celio,pyjama homme,2.7,40,661,final
2026-07-01,celio,pyjama homme,2.3,31,635,final
2026-07-02,celio,pyjama homme,2.2,31,577,final
2026-07-03,celio,pyjama homme,2.2,34,624,final
2026-07-04,celio,pyjama homme,2.3,26,596,final
2026-07-05,celio,pyjama homme,2.3,39,711,final
2026-07-06,celio,pyjama homme,2.5,26,582,final
2026-07-07,celio,pyjama homme,3.5,23,592,final
2026-07-08,celio,pyjama homme,2.3,21,581,final
2026-07-09,celio,pyjama homme,2.4,28,508,final
2026-07-10,celio,pyjama homme,2.2,27,490,final
2026-07-11,celio,pyjama homme,2.9,23,552,final
2026-07-12,celio,pyjama homme,3.6,22,569,final
2026-07-13,celio,pyjama homme,2.8,28,547,final
2026-07-14,celio,pyjama homme,2.2,15,547,final
2026-07-15,celio,pyjama homme,2.2,32,596,final
2026-07-16,celio,pyjama homme,2.4,23,510,final
2026-07-17,celio,pyjama homme,2.5,19,490,final
2026-07-18,celio,pyjama homme,2.4,30,627,final
2026-07-19,celio,pyjama homme,2.1,37,595,final
2026-07-20,celio,pyjama homme,2.1,22,554,final
2026-07-21,celio,pyjama homme,2.2,18,540,final
2026-07-22,celio,pyjama homme,2.6,19,624,final
2026-07-23,celio,pyjama homme,2.6,25,520,final
2026-07-24,celio,pyjama homme,3.1,21,509,final
2026-07-25,celio,pyjama homme,2.4,19,546,final
2026-07-26,celio,pyjama homme,2.7,29,654,final
2026-07-27,celio,pyjama homme,2.6,24,627,final
2026-07-28,celio,pyjama homme,3.1,25,545,final
2026-07-29,celio,pyjama homme,2.5,27,556,final
2026-07-30,celio,pyjama homme,2.1,24,511,final
2026-07-31,celio,pyjama homme,2.7,18,489,final
2026-08-01,celio,pyjama homme,2.6,30,518,final
2026-08-02,celio,pyjama homme,3.2,17,547,final
2026-08-03,celio,pyjama homme,3.6,19,582,final
2026-08-04,celio,pyjama homme,3.3,20,507,final
2026-08-05,celio,pyjama homme,3.5,19,571,final
2026-08-06,celio,pyjama homme,3.2,29,558,final
2026-08-07,celio,pyjama homme,3.4,15,478,final
2026-08-08,celio,pyjama homme,3.5,24,505,final
2026-08-09,celio,pyjama homme,3.7,19,550,final
2026-08-10,celio,pyjama homme,3.9,21,529,final
2026-08-11,celio,pyjama homme,4.4,22,503,final
2026-08-12,celio,pyjama homme,5.0,10,469,final
2026-08-13,celio,pyjama homme,5.0,9,452,final
2026-08-14,celio,pyjama homme,5.2,17,423,final
2026-08-15,celio,pyjama homme,5.1,22,494,final
2026-08-16,celio,pyjama homme,4.7,19,533,final
2026-08-17,celio,pyjama homme,4.7,15,567,final
2026-08-18,celio,pyjama homme,4.1,24,582,final
2026-08-19,celio,pyjama homme,3.4,27,604,final
2026-08-20,celio,pyjama homme,3.7,28,581,final
2026-08-21,celio,pyjama homme,3.7,21,614,final
2026-08-22,celio,pyjama homme,3.6,27,691,final
2026-08-23,celio,pyjama homme,3.5,38,771,final
2026-08-24,celio,pyjama homme,3.5,35,740,final
2026-08-25,celio,pyjama homme,2.8,28,702,final
2026-08-26,celio,pyjama homme,3.6,22,668,final
2026-08-27,celio,pyjama homme,2.3,24,653,final
2026-08-28,celio,pyjama homme,2.4,37,663,final
2026-08-29,celio,pyjama homme,2.4,43,733,final
2026-08-30,celio,pyjama homme,3.2,29,804,final
2026-08-31,celio,pyjama homme,3.3,40,771,final
2026-09-01,celio,pyjama homme,3.7,35,691,final
2026-09-02,celio,pyjama homme,4.2,15,639,final
2026-09-03,celio,pyjama homme,4.1,14,586,final
2026-09-04,celio,pyjama homme,4.0,17,608,final
2026-09-05,celio,pyjama homme,4.9,19,689,final
2026-09-06,celio,pyjama homme,4.4,29,778,final
2026-09-07,celio,pyjama homme,4.3,25,719,final
2026-09-08,celio,pyjama homme,4.6,13,711,final
2026-09-09,celio,pyjama homme,4.1,30,820,final
2026-09-10,celio,pyjama homme,5.7,20,719,final
2026-09-11,celio,pyjama homme,7.0,23,681,final
2026-09-12,celio,pyjama homme,7.3,17,730,final
2026-09-13,celio,pyjama homme,6.9,22,860,final
2026-09-14,celio,pyjama homme,6.9,18,739,final
2026-09-15,celio,pyjama homme,5.8,22,643,final
2026-09-16,celio,pyjama homme,4.5,36,759,final
2026-09-17,celio,pyjama homme,5.2,19,805,final
2026-09-18,celio,pyjama homme,7.3,11,661,final
2026-09-19,celio,pyjama homme,8.5,11,671,final
2026-09-20,celio,pyjama homme,6.8,20,870,final
2026-09-21,celio,pyjama homme,6.6,19,767,final
2026-09-22,celio,pyjama homme,6.4,13,799,final
2026-09-23,celio,pyjama homme,5.0,44,817,final
2026-09-24,celio,pyjama homme,6.4,27,709,final
2026-09-25,celio,pyjama homme,3.7,28,772,final
2026-09-26,celio,pyjama homme,3.9,49,918,final
2026-09-27,celio,pyjama homme,4.4,35,1012,final
2026-09-28,celio,pyjama homme,5.4,31,955,final
2026-09-29,celio,pyjama homme,3.5,35,801,fresh
2026-09-30,celio,pyjama homme,3.2,43,944,fresh
2025-06-08,celio,short homme,4.2,26,1363,final
2025-06-09,celio,short homme,3.9,46,1931,final
2025-06-10,celio,short homme,2.8,56,2047,final
2025-06-11,celio,short homme,2.3,69,2495,final
2025-06-12,celio,short homme,2.2,65,2532,final
2025-06-13,celio,short homme,2.2,93,2650,final
2025-06-14,celio,short homme,2.3,89,2835,final
2025-06-15,celio,short homme,2.3,78,2996,final
2025-06-16,celio,short homme,2.1,83,2722,final
2025-06-17,celio,short homme,2.3,68,2760,final
2025-06-18,celio,short homme,2.0,100,2896,final
2025-06-19,celio,short homme,1.9,82,3021,final
2025-06-20,celio,short homme,1.9,83,2971,final
2025-06-21,celio,short homme,1.8,105,3392,final
2025-06-22,celio,short homme,1.8,107,3568,final
2025-06-23,celio,short homme,1.9,90,2801,final
2025-06-24,celio,short homme,2.1,96,3073,final
2025-06-25,celio,short homme,1.9,125,4194,final
2025-06-26,celio,short homme,2.0,70,3094,final
2025-06-27,celio,short homme,2.2,80,2869,final
2025-06-28,celio,short homme,2.1,94,3629,final
2025-06-29,celio,short homme,2.3,133,4663,final
2025-06-30,celio,short homme,2.8,111,4459,final
2025-07-01,celio,short homme,3.6,105,4221,final
2025-07-02,celio,short homme,4.4,72,3680,final
2025-07-03,celio,short homme,4.2,62,2855,final
2025-07-04,celio,short homme,4.2,54,2475,final
2025-07-05,celio,short homme,4.5,66,2728,final
2025-07-06,celio,short homme,4.4,65,2750,final
2025-07-07,celio,short homme,4.7,47,2128,final
2025-07-08,celio,short homme,4.6,33,1839,final
2025-07-09,celio,short homme,4.5,34,1819,final
2025-07-10,celio,short homme,4.6,38,1792,final
2025-07-11,celio,short homme,4.2,40,1811,final
2025-07-12,celio,short homme,2.8,59,2175,final
2025-07-13,celio,short homme,2.6,55,2092,final
2025-07-14,celio,short homme,3.3,47,2267,final
2025-07-15,celio,short homme,3.9,29,1736,final
2025-07-16,celio,short homme,3.8,32,1613,final
2025-07-17,celio,short homme,3.4,37,1474,final
2025-07-18,celio,short homme,2.6,30,1498,final
2025-07-19,celio,short homme,2.3,46,2017,final
2025-07-20,celio,short homme,2.4,51,1982,final
2025-07-21,celio,short homme,2.5,33,1430,final
2025-07-22,celio,short homme,2.7,44,1353,final
2025-07-23,celio,short homme,2.8,30,972,final
2025-07-24,celio,short homme,2.7,34,957,final
2025-07-25,celio,short homme,2.5,30,966,final
2025-07-26,celio,short homme,2.8,32,1113,final
2025-07-27,celio,short homme,2.7,36,1194,final
2025-07-28,celio,short homme,2.6,32,1063,final
2025-07-29,celio,short homme,2.7,38,1017,final
2025-07-30,celio,short homme,3.5,14,940,final
2025-07-31,celio,short homme,4.3,20,953,final
2025-08-01,celio,short homme,4.3,11,874,final
2025-08-02,celio,short homme,3.7,27,987,final
2025-08-03,celio,short homme,4.0,20,1026,final
2025-08-04,celio,short homme,3.8,23,1095,final
2025-08-05,celio,short homme,3.9,30,1098,final
2025-08-06,celio,short homme,3.9,22,952,final
2025-08-07,celio,short homme,3.6,18,1027,final
2025-08-08,celio,short homme,3.8,28,993,final
2025-08-09,celio,short homme,4.0,30,1085,final
2025-08-10,celio,short homme,4.5,21,1146,final
2025-08-11,celio,short homme,4.3,22,1185,final
2025-08-12,celio,short homme,4.7,27,1184,final
2025-08-13,celio,short homme,3.6,28,1152,final
2025-08-14,celio,short homme,4.5,23,1082,final
2025-08-15,celio,short homme,5.2,18,1036,final
2025-08-16,celio,short homme,4.1,20,1001,final
2025-08-17,celio,short homme,3.9,25,1000,final
2025-08-18,celio,short homme,4.2,21,904,final
2025-08-19,celio,short homme,4.4,9,779,final
2025-08-20,celio,short homme,5.1,15,671,final
2025-08-21,celio,short homme,5.6,11,583,final
2025-08-22,celio,short homme,5.8,11,577,final
2025-08-23,celio,short homme,4.8,8,564,final
2025-08-24,celio,short homme,4.4,11,636,final
2025-08-25,celio,short homme,4.6,17,574,final
2025-08-26,celio,short homme,3.5,23,575,final
2025-08-27,celio,short homme,3.8,11,502,final
2025-08-28,celio,short homme,3.9,15,461,final
2025-08-29,celio,short homme,4.0,10,419,final
2025-08-30,celio,short homme,4.4,10,467,final
2025-08-31,celio,short homme,5.6,13,425,final
2025-09-01,celio,short homme,4.3,11,399,final
2025-09-02,celio,short homme,4.9,8,359,final
2025-09-03,celio,short homme,4.0,12,340,final
2025-09-04,celio,short homme,3.7,5,378,final
2025-09-05,celio,short homme,3.5,5,348,final
2025-09-06,celio,short homme,4.5,10,406,final
2025-09-07,celio,short homme,4.5,13,411,final
2025-09-08,celio,short homme,4.4,9,334,final
2025-09-09,celio,short homme,5.2,8,337,final
2025-09-10,celio,short homme,5.1,12,314,final
2025-09-11,celio,short homme,4.7,7,295,final
2025-09-12,celio,short homme,3.9,9,267,final
2025-09-13,celio,short homme,3.4,4,305,final
2025-09-14,celio,short homme,2.4,11,292,final
2025-09-15,celio,short homme,4.0,3,254,final
2025-09-16,celio,short homme,4.3,3,259,final
2025-09-17,celio,short homme,4.7,9,301,final
2025-09-18,celio,short homme,4.9,5,278,final
2025-09-19,celio,short homme,3.5,7,258,final
2025-09-20,celio,short homme,4.7,6,299,final
2025-09-21,celio,short homme,3.8,6,288,final
2025-09-22,celio,short homme,4.4,5,205,final
2025-09-23,celio,short homme,4.0,2,247,final
2025-09-24,celio,short homme,4.9,5,238,final
2025-09-25,celio,short homme,4.7,3,185,final
2025-09-26,celio,short homme,4.3,2,186,final
2025-09-27,celio,short homme,4.6,1,206,final
2025-09-28,celio,short homme,3.7,2,224,final
2025-09-29,celio,short homme,4.6,2,194,final
2025-09-30,celio,short homme,4.3,1,186,final
2025-10-01,celio,short homme,3.8,5,200,final
2025-10-02,celio,short homme,4.1,2,189,final
2025-10-03,celio,short homme,2.6,8,283,final
2025-10-04,celio,short homme,3.7,5,238,final
2025-10-05,celio,short homme,3.2,6,216,final
2025-10-06,celio,short homme,3.7,1,193,final
2025-10-07,celio,short homme,4.5,2,191,final
2025-10-08,celio,short homme,2.9,1,200,final
2025-10-09,celio,short homme,3.4,6,211,final
2025-10-10,celio,short homme,2.5,2,185,final
2025-10-11,celio,short homme,2.9,2,200,final
2025-10-12,celio,short homme,3.6,3,183,final
2025-10-13,celio,short homme,3.2,2,200,final
2025-10-14,celio,short homme,2.9,5,199,final
2025-10-15,celio,short homme,3.9,1,167,final
2025-10-16,celio,short homme,4.3,4,189,final
2025-10-17,celio,short homme,3.8,2,177,final
2025-10-18,celio,short homme,4.0,4,234,final
2025-10-19,celio,short homme,2.3,6,192,final
2025-10-20,celio,short homme,5.0,5,180,final
2025-10-21,celio,short homme,3.9,3,169,final
2025-10-22,celio,short homme,4.0,6,186,final
2025-10-23,celio,short homme,4.9,5,175,final
2025-10-24,celio,short homme,7.6,4,221,final
2025-10-25,celio,short homme,8.8,2,185,final
2025-10-26,celio,short homme,8.1,2,191,final
2025-10-27,celio,short homme,6.5,1,143,final
2025-10-28,celio,short homme,8.3,1,153,final
2025-10-29,celio,short homme,6.4,1,177,final
2025-10-30,celio,short homme,7.2,0,174,final
2025-10-31,celio,short homme,9.0,1,189,final
2025-11-01,celio,short homme,13.9,2,194,final
2025-11-02,celio,short homme,6.9,1,205,final
2025-11-03,celio,short homme,7.3,1,211,final
2025-11-04,celio,short homme,6.7,4,215,final
2025-11-05,celio,short homme,6.1,2,204,final
2025-11-06,celio,short homme,5.9,4,234,final
2025-11-07,celio,short homme,5.2,3,207,final
2025-11-08,celio,short homme,4.0,2,198,final
2025-11-09,celio,short homme,5.5,1,242,final
2025-11-10,celio,short homme,5.0,2,218,final
2025-11-11,celio,short homme,6.4,3,254,final
2025-11-12,celio,short homme,5.6,3,207,final
2025-11-13,celio,short homme,6.6,3,179,final
2025-11-14,celio,short homme,5.2,0,240,final
2025-11-15,celio,short homme,3.2,4,217,final
2025-11-16,celio,short homme,4.5,2,264,final
2025-11-17,celio,short homme,3.5,4,208,final
2025-11-18,celio,short homme,5.9,3,187,final
2025-11-19,celio,short homme,5.0,4,213,final
2025-11-20,celio,short homme,6.4,1,188,final
2025-11-21,celio,short homme,4.9,1,194,final
2025-11-22,celio,short homme,6.3,2,213,final
2025-11-23,celio,short homme,4.4,1,202,final
2025-11-24,celio,short homme,4.2,3,203,final
2025-11-25,celio,short homme,3.6,2,216,final
2025-11-26,celio,short homme,3.8,2,196,final
2025-11-27,celio,short homme,5.5,1,195,final
2025-11-28,celio,short homme,6.4,3,218,final
2025-11-29,celio,short homme,5.7,2,232,final
2025-11-30,celio,short homme,5.1,2,264,final
2025-12-01,celio,short homme,4.4,2,205,final
2025-12-02,celio,short homme,8.1,2,220,final
2025-12-03,celio,short homme,8.7,5,218,final
2025-12-04,celio,short homme,10.0,0,178,final
2025-12-05,celio,short homme,7.5,1,156,final
2025-12-06,celio,short homme,8.4,2,191,final
2025-12-07,celio,short homme,5.3,1,237,final
2025-12-08,celio,short homme,5.7,4,238,final
2025-12-09,celio,short homme,7.3,2,227,final
2025-12-10,celio,short homme,3.3,1,195,final
2025-12-11,celio,short homme,4.9,2,202,final
2025-12-12,celio,short homme,5.1,3,179,final
2025-12-13,celio,short homme,5.6,4,214,final
2025-12-14,celio,short homme,3.4,3,200,final
2025-12-15,celio,short homme,3.4,6,244,final
2025-12-16,celio,short homme,4.1,4,209,final
2025-12-17,celio,short homme,3.5,5,190,final
2025-12-18,celio,short homme,5.0,2,187,final
2025-12-19,celio,short homme,5.1,2,195,final
2025-12-20,celio,short homme,6.5,3,197,final
2025-12-21,celio,short homme,6.0,2,270,final
2025-12-22,celio,short homme,4.0,3,156,final
2025-12-23,celio,short homme,5.8,2,191,final
2025-12-24,celio,short homme,3.6,0,137,final
2025-12-25,celio,short homme,4.9,5,173,final
2025-12-26,celio,short homme,4.2,3,171,final
2025-12-27,celio,short homme,4.0,5,173,final
2025-12-28,celio,short homme,3.1,6,182,final
2025-12-29,celio,short homme,3.6,0,135,final
2025-12-30,celio,short homme,4.0,4,173,final
2025-12-31,celio,short homme,2.8,3,152,final
2026-01-01,celio,short homme,3.7,2,181,final
2026-01-02,celio,short homme,3.3,6,195,final
2026-01-03,celio,short homme,3.5,4,181,final
2026-01-04,celio,short homme,3.9,4,214,final
2026-01-05,celio,short homme,5.4,2,200,final
2026-01-06,celio,short homme,2.6,2,166,final
2026-01-07,celio,short homme,4.5,6,290,final
2026-01-08,celio,short homme,3.5,4,247,final
2026-01-09,celio,short homme,3.2,1,215,final
2026-01-10,celio,short homme,3.1,6,199,final
2026-01-11,celio,short homme,2.8,5,277,final
2026-01-12,celio,short homme,2.7,7,244,final
2026-01-13,celio,short homme,3.7,4,238,final
2026-01-14,celio,short homme,4.0,6,310,final
2026-01-15,celio,short homme,4.4,4,439,final
2026-01-16,celio,short homme,5.0,2,206,final
2026-01-17,celio,short homme,4.4,3,234,final
2026-01-18,celio,short homme,9.5,4,281,final
2026-01-19,celio,short homme,4.0,7,218,final
2026-01-20,celio,short homme,7.7,4,236,final
2026-01-21,celio,short homme,3.9,6,242,final
2026-01-22,celio,short homme,3.2,2,233,final
2026-01-23,celio,short homme,3.5,0,192,final
2026-01-24,celio,short homme,2.5,1,211,final
2026-01-25,celio,short homme,6.1,5,323,final
2026-01-26,celio,short homme,2.6,8,252,final
2026-01-27,celio,short homme,3.2,10,254,final
2026-01-28,celio,short homme,2.5,7,200,final
2026-01-29,celio,short homme,2.2,10,201,final
2026-01-30,celio,short homme,3.3,6,205,final
2026-01-31,celio,short homme,2.9,6,276,final
2026-02-01,celio,short homme,3.5,10,320,final
2026-02-02,celio,short homme,2.9,13,250,final
2026-02-03,celio,short homme,4.5,7,258,final
2026-02-04,celio,short homme,3.0,5,219,final
2026-02-05,celio,short homme,3.7,6,255,final
2026-02-06,celio,short homme,3.2,2,214,final
2026-02-07,celio,short homme,2.4,10,273,final
2026-02-08,celio,short homme,3.1,12,301,final
2026-02-09,celio,short homme,2.4,14,256,final
2026-02-10,celio,short homme,4.2,4,223,final
2026-02-11,celio,short homme,5.2,13,225,final
2026-02-12,celio,short homme,6.5,3,155,final
2026-02-13,celio,short homme,11.6,2,76,final
2026-02-14,celio,short homme,13.4,2,85,final
2026-02-15,celio,short homme,7.6,2,137,final
2026-02-16,celio,short homme,8.7,3,109,final
2026-02-17,celio,short homme,6.4,3,138,final
2026-02-18,celio,short homme,5.7,2,185,final
2026-02-19,celio,short homme,3.7,12,211,final
2026-02-20,celio,short homme,3.0,4,191,final
2026-02-21,celio,short homme,6.4,5,154,final
2026-02-22,celio,short homme,14.4,1,103,final
2026-02-23,celio,short homme,13.6,0,70,final
2026-02-24,celio,short homme,8,3,198,final
2026-02-25,celio,short homme,6.4,3,251,final
2026-02-26,celio,short homme,6.5,7,303,final
2026-02-27,celio,short homme,5.8,2,257,final
2026-02-28,celio,short homme,9.9,5,327,final
2026-03-01,celio,short homme,4.8,5,377,final
2026-03-02,celio,short homme,4.8,6,323,final
2026-03-03,celio,short homme,7.0,4,345,final
2026-03-04,celio,short homme,6.3,9,385,final
2026-03-05,celio,short homme,3.5,13,335,final
2026-03-06,celio,short homme,4.8,7,328,final
2026-03-07,celio,short homme,2.6,7,386,final
2026-03-08,celio,short homme,2.6,12,477,final
2026-03-09,celio,short homme,2.5,10,465,final
2026-03-10,celio,short homme,3.6,4,365,final
2026-03-11,celio,short homme,2.7,10,325,final
2026-03-12,celio,short homme,3.1,3,321,final
2026-03-13,celio,short homme,2.9,12,294,final
2026-03-14,celio,short homme,3.3,2,373,final
2026-03-15,celio,short homme,3.8,7,444,final
2026-03-16,celio,short homme,3.3,4,349,final
2026-03-17,celio,short homme,4.3,19,384,final
2026-03-18,celio,short homme,3.0,7,419,final
2026-03-19,celio,short homme,3.1,10,369,final
2026-03-20,celio,short homme,4.6,6,364,final
2026-03-21,celio,short homme,4.5,12,421,final
2026-03-22,celio,short homme,6.7,6,499,final
2026-03-23,celio,short homme,3.5,9,353,final
2026-03-24,celio,short homme,2.9,12,379,final
2026-03-25,celio,short homme,6.8,2,368,final
2026-03-26,celio,short homme,8.0,3,221,final
2026-03-27,celio,short homme,6.3,5,254,final
2026-03-28,celio,short homme,7.5,3,351,final
2026-03-29,celio,short homme,6.4,7,443,final
2026-03-30,celio,short homme,8.1,2,366,final
2026-03-31,celio,short homme,9.2,10,366,final
2026-04-01,celio,short homme,6.8,2,331,final
2026-04-02,celio,short homme,5.4,4,327,final
2026-04-03,celio,short homme,5.8,8,261,final
2026-04-04,celio,short homme,6.4,4,365,final
2026-04-05,celio,short homme,6.0,9,487,final
2026-04-06,celio,short homme,5.7,13,679,final
2026-04-07,celio,short homme,8.1,13,701,final
2026-04-08,celio,short homme,4.9,24,962,final
2026-04-09,celio,short homme,5.8,15,821,final
2026-04-10,celio,short homme,6.5,11,535,final
2026-04-11,celio,short homme,3.2,19,637,final
2026-04-12,celio,short homme,3.4,23,638,final
2026-04-13,celio,short homme,3.1,18,518,final
2026-04-14,celio,short homme,5.5,7,322,final
2026-04-15,celio,short homme,4.7,5,319,final
2026-04-16,celio,short homme,6.6,3,392,final
2026-04-17,celio,short homme,4.6,11,486,final
2026-04-18,celio,short homme,5.4,12,451,final
2026-04-19,celio,short homme,3.9,13,663,final
2026-04-20,celio,short homme,4.8,18,677,final
2026-04-21,celio,short homme,4.2,23,761,final
2026-04-22,celio,short homme,3.8,15,489,final
2026-04-23,celio,short homme,9.4,3,257,final
2026-04-24,celio,short homme,7.3,5,278,final
2026-04-25,celio,short homme,6.1,12,511,final
2026-04-26,celio,short homme,6.8,15,969,final
2026-04-27,celio,short homme,7.8,16,706,final
2026-04-28,celio,short homme,4.0,11,649,final
2026-04-29,celio,short homme,3.4,24,828,final
2026-04-30,celio,short homme,4.2,16,662,final
2026-05-01,celio,short homme,3.4,26,756,final
2026-05-02,celio,short homme,3.2,40,854,final
2026-05-03,celio,short homme,2.9,19,805,final
2026-05-04,celio,short homme,2.5,27,655,final
2026-05-05,celio,short homme,3.3,19,637,final
2026-05-06,celio,short homme,3.7,9,546,final
2026-05-07,celio,short homme,3.3,25,559,final
2026-05-08,celio,short homme,2.4,38,808,final
2026-05-09,celio,short homme,2.1,35,822,final
2026-05-10,celio,short homme,2.3,40,882,final
2026-05-11,celio,short homme,2.7,29,744,final
2026-05-12,celio,short homme,2.5,19,591,final
2026-05-13,celio,short homme,2.5,17,557,final
2026-05-14,celio,short homme,2.6,30,637,final
2026-05-15,celio,short homme,2.2,17,575,final
2026-05-16,celio,short homme,2.3,21,535,final
2026-05-17,celio,short homme,2.4,24,717,final
2026-05-18,celio,short homme,2.4,22,632,final
2026-05-19,celio,short homme,2.4,16,694,final
2026-05-20,celio,short homme,2.8,23,952,final
2026-05-21,celio,short homme,2.3,46,1186,final
2026-05-22,celio,short homme,2.1,66,2037,final
2026-05-23,celio,short homme,2.5,119,2889,final
2026-05-24,celio,short homme,2.3,119,3204,final
2026-05-25,celio,short homme,2.3,172,4321,final
2026-05-26,celio,short homme,2.3,160,4068,final
2026-05-27,celio,short homme,2.3,167,4098,final
2026-05-28,celio,short homme,2.3,153,3631,final
2026-05-29,celio,short homme,2.1,116,3037,final
2026-05-30,celio,short homme,2.2,93,2905,final
2026-05-31,celio,short homme,2.3,86,2864,final
2026-06-01,celio,short homme,2.5,96,2625,final
2026-06-02,celio,short homme,2.3,56,1877,final
2026-06-03,celio,short homme,2.5,40,1588,final
2026-06-04,celio,short homme,2.7,40,1329,final
2026-06-05,celio,short homme,2.8,25,1015,final
2026-06-06,celio,short homme,2.5,38,1213,final
2026-06-07,celio,short homme,2.7,40,1597,final
2026-06-08,celio,short homme,2.5,40,1538,final
2026-06-09,celio,short homme,2.2,46,1369,final
2026-06-10,celio,short homme,2.1,37,1287,final
2026-06-11,celio,short homme,2.1,35,1160,final
2026-06-12,celio,short homme,2.1,61,1185,final
2026-06-13,celio,short homme,2.0,75,1930,final
2026-06-14,celio,short homme,2.0,70,2582,final
2026-06-15,celio,short homme,2.0,73,2494,final
2026-06-16,celio,short homme,2.2,65,2198,final
2026-06-17,celio,short homme,2.3,107,2783,final
2026-06-18,celio,short homme,2.2,82,2946,final
2026-06-19,celio,short homme,2.7,91,2826,final
2026-06-20,celio,short homme,2.8,104,3264,final
2026-06-21,celio,short homme,2.6,125,3810,final
2026-06-22,celio,short homme,3.3,79,3387,final
2026-06-23,celio,short homme,3.1,65,3114,final
2026-06-24,celio,short homme,2.9,103,4230,final
2026-06-25,celio,short homme,4.4,61,3115,final
2026-06-26,celio,short homme,4.1,68,3065,final
2026-06-27,celio,short homme,4.1,69,3582,final
2026-06-28,celio,short homme,4.1,91,3457,final
2026-06-29,celio,short homme,3.8,81,2892,final
2026-06-30,celio,short homme,2.3,108,2524,final
2026-07-01,celio,short homme,2.4,101,2681,final
2026-07-02,celio,short homme,2.2,74,2423,final
2026-07-03,celio,short homme,2.1,60,2129,final
2026-07-04,celio,short homme,2.2,84,2635,final
2026-07-05,celio,short homme,2.2,129,3073,final
2026-07-06,celio,short homme,2.2,115,2788,final
2026-07-07,celio,short homme,2.5,69,2436,final
2026-07-08,celio,short homme,2.4,76,2629,final
2026-07-09,celio,short homme,2.4,55,2384,final
2026-07-10,celio,short homme,2.3,84,2250,final
2026-07-11,celio,short homme,2.3,98,2796,final
2026-07-12,celio,short homme,2.1,109,2938,final
2026-07-13,celio,short homme,2.2,102,2425,final
2026-07-14,celio,short homme,2.3,115,2420,final
2026-07-15,celio,short homme,2.2,85,2106,final
2026-07-16,celio,short homme,2.3,66,1933,final
2026-07-17,celio,short homme,2.4,68,1768,final
2026-07-18,celio,short homme,2.4,57,1920,final
2026-07-19,celio,short homme,2.2,76,2013,final
2026-07-20,celio,short homme,2.2,69,1769,final
2026-07-21,celio,short homme,2.2,50,1576,final
2026-07-22,celio,short homme,2.2,44,1434,final
2026-07-23,celio,short homme,2.1,45,1292,final
2026-07-24,celio,short homme,2.0,42,1301,final
2026-07-25,celio,short homme,2.1,49,1491,final
2026-07-26,celio,short homme,2.1,72,1622,final
2026-07-27,celio,short homme,2.0,54,1505,final
2026-07-28,celio,short homme,2.1,53,1596,final
2026-07-29,celio,short homme,2.3,76,1602,final
2026-07-30,celio,short homme,2.3,60,1536,final
2026-07-31,celio,short homme,2.4,48,1301,final
2026-08-01,celio,short homme,2.3,55,1469,final
2026-08-02,celio,short homme,2.2,64,1680,final
2026-08-03,celio,short homme,2.5,60,1481,final
2026-08-04,celio,short homme,2.4,53,1521,final
2026-08-05,celio,short homme,2.3,44,1449,final
2026-08-06,celio,short homme,2.3,43,1290,final
2026-08-07,celio,short homme,2.1,49,1249,final
2026-08-08,celio,short homme,2.3,38,1355,final
2026-08-09,celio,short homme,2.3,48,1407,final
2026-08-10,celio,short homme,2.3,47,1371,final
2026-08-11,celio,short homme,2.5,54,1242,final
2026-08-12,celio,short homme,2.4,36,1258,final
2026-08-13,celio,short homme,2.6,43,1201,final
2026-08-14,celio,short homme,2.6,41,1159,final
2026-08-15,celio,short homme,2.5,40,1136,final
2026-08-16,celio,short homme,2.5,33,1195,final
2026-08-17,celio,short homme,2.4,40,970,final
2026-08-18,celio,short homme,2.1,28,901,final
2026-08-19,celio,short homme,2.2,27,824,final
2026-08-20,celio,short homme,2.4,24,804,final
2026-08-21,celio,short homme,2.3,12,632,final
2026-08-22,celio,short homme,2.4,15,643,final
2026-08-23,celio,short homme,2.6,8,596,final
2026-08-24,celio,short homme,2.7,17,536,final
2026-08-25,celio,short homme,2.6,15,554,final
2026-08-26,celio,short homme,2.7,15,581,final
2026-08-27,celio,short homme,2.9,13,564,final
2026-08-28,celio,short homme,3.3,13,512,final
2026-08-29,celio,short homme,3.5,8,484,final
2026-08-30,celio,short homme,3.8,7,505,final
2026-08-31,celio,short homme,4.6,18,535,final
2026-09-01,celio,short homme,4.7,9,504,final
2026-09-02,celio,short homme,2.8,23,573,final
2026-09-03,celio,short homme,2.2,8,536,final
2026-09-04,celio,short homme,2.5,9,520,final
2026-09-05,celio,short homme,2.6,16,552,final
2026-09-06,celio,short homme,2.5,13,545,final
2026-09-07,celio,short homme,2.5,10,507,final
2026-09-08,celio,short homme,2.6,9,453,final
2026-09-09,celio,short homme,2.6,9,350,final
2026-09-10,celio,short homme,2.6,8,341,final
2026-09-11,celio,short homme,2.4,14,361,final
2026-09-12,celio,short homme,2.3,13,419,final
2026-09-13,celio,short homme,2.4,9,438,final
2026-09-14,celio,short homme,2.6,11,448,final
2026-09-15,celio,short homme,2.4,7,367,final
2026-09-16,celio,short homme,2.5,12,447,final
2026-09-17,celio,short homme,2.6,15,351,final
2026-09-18,celio,short homme,2.3,12,325,final
2026-09-19,celio,short homme,2.6,2,340,final
2026-09-20,celio,short homme,2.3,4,372,final
2026-09-21,celio,short homme,2.5,10,312,final
2026-09-22,celio,short homme,2.3,13,327,final
2026-09-23,celio,short homme,2.2,4,329,final
2026-09-24,celio,short homme,2.5,4,301,final
2026-09-25,celio,short homme,3.1,9,310,final
2026-09-26,celio,short homme,2.1,7,328,final
2026-09-27,celio,short homme,2.5,2,348,final
2026-09-28,celio,short homme,2.4,6,313,final
2026-09-29,celio,short homme,2.4,6,222,fresh
2026-09-30,celio,short homme,2.6,8,280,fresh
2025-06-08,celio,sweat homme,1.9,7,413,final
2025-06-09,celio,sweat homme,2.0,13,418,final
2025-06-10,celio,sweat homme,2.3,8,388,final
2025-06-11,celio,sweat homme,2.3,6,322,final
2025-06-12,celio,sweat homme,2.6,3,298,final
2025-06-13,celio,sweat homme,2.9,2,277,final
2025-06-14,celio,sweat homme,2.6,3,256,final
2025-06-15,celio,sweat homme,2.6,8,292,final
2025-06-16,celio,sweat homme,2.5,7,255,final
2025-06-17,celio,sweat homme,2.7,4,247,final
2025-06-18,celio,sweat homme,3.0,3,244,final
2025-06-19,celio,sweat homme,2.9,1,204,final
2025-06-20,celio,sweat homme,2.7,1,206,final
2025-06-21,celio,sweat homme,4.0,0,190,final
2025-06-22,celio,sweat homme,3.2,3,206,final
2025-06-23,celio,sweat homme,2.6,0,247,final
2025-06-24,celio,sweat homme,2.7,5,252,final
2025-06-25,celio,sweat homme,2.7,4,327,final
2025-06-26,celio,sweat homme,3.2,1,258,final
2025-06-27,celio,sweat homme,2.8,2,270,final
2025-06-28,celio,sweat homme,2.5,2,235,final
2025-06-29,celio,sweat homme,2.5,1,273,final
2025-06-30,celio,sweat homme,2.7,3,270,final
2025-07-01,celio,sweat homme,3.7,2,250,final
2025-07-02,celio,sweat homme,6.0,0,274,final
2025-07-03,celio,sweat homme,6.1,0,249,final
2025-07-04,celio,sweat homme,6.1,4,220,final
2025-07-05,celio,sweat homme,5.0,1,223,final
2025-07-06,celio,sweat homme,5.2,5,360,final
2025-07-07,celio,sweat homme,3.9,3,362,final
2025-07-08,celio,sweat homme,4.0,3,277,final
2025-07-09,celio,sweat homme,4.1,2,265,final
2025-07-10,celio,sweat homme,4.3,1,248,final
2025-07-11,celio,sweat homme,4.4,0,291,final
2025-07-12,celio,sweat homme,3.2,2,469,final
2025-07-13,celio,sweat homme,3.0,3,257,final
2025-07-14,celio,sweat homme,2.8,9,250,final
2025-07-15,celio,sweat homme,3.1,4,265,final
2025-07-16,celio,sweat homme,2.8,6,276,final
2025-07-17,celio,sweat homme,3.5,1,230,final
2025-07-18,celio,sweat homme,4.1,0,204,final
2025-07-19,celio,sweat homme,2.3,2,496,final
2025-07-20,celio,sweat homme,2.4,3,551,final
2025-07-21,celio,sweat homme,3.4,7,362,final
2025-07-22,celio,sweat homme,3.9,5,297,final
2025-07-23,celio,sweat homme,3.2,4,280,final
2025-07-24,celio,sweat homme,3.4,4,316,final
2025-07-25,celio,sweat homme,3.4,5,252,final
2025-07-26,celio,sweat homme,3.1,3,279,final
2025-07-27,celio,sweat homme,2.7,13,339,final
2025-07-28,celio,sweat homme,3.1,7,342,final
2025-07-29,celio,sweat homme,2.6,8,314,final
2025-07-30,celio,sweat homme,4.1,5,320,final
2025-07-31,celio,sweat homme,4.5,3,310,final
2025-08-01,celio,sweat homme,4.1,5,279,final
2025-08-02,celio,sweat homme,4.5,4,265,final
2025-08-03,celio,sweat homme,3.8,3,256,final
2025-08-04,celio,sweat homme,3.3,6,282,final
2025-08-05,celio,sweat homme,3.3,3,316,final
2025-08-06,celio,sweat homme,3.2,3,271,final
2025-08-07,celio,sweat homme,2.6,3,282,final
2025-08-08,celio,sweat homme,3.2,4,239,final
2025-08-09,celio,sweat homme,3.3,5,212,final
2025-08-10,celio,sweat homme,2.9,2,228,final
2025-08-11,celio,sweat homme,3.5,6,247,final
2025-08-12,celio,sweat homme,4.4,8,245,final
2025-08-13,celio,sweat homme,4.2,6,260,final
2025-08-14,celio,sweat homme,4.6,0,226,final
2025-08-15,celio,sweat homme,4.1,5,215,final
2025-08-16,celio,sweat homme,3.9,6,255,final
2025-08-17,celio,sweat homme,3.4,6,283,final
2025-08-18,celio,sweat homme,3.6,3,327,final
2025-08-19,celio,sweat homme,3.5,5,308,final
2025-08-20,celio,sweat homme,3.2,8,372,final
2025-08-21,celio,sweat homme,3.4,4,397,final
2025-08-22,celio,sweat homme,4.3,7,360,final
2025-08-23,celio,sweat homme,3.3,7,400,final
2025-08-24,celio,sweat homme,3.0,5,379,final
2025-08-25,celio,sweat homme,3.5,11,394,final
2025-08-26,celio,sweat homme,3.2,4,400,final
2025-08-27,celio,sweat homme,2.8,9,429,final
2025-08-28,celio,sweat homme,3.1,9,401,final
2025-08-29,celio,sweat homme,2.4,17,473,final
2025-08-30,celio,sweat homme,2.6,13,468,final
2025-08-31,celio,sweat homme,2.3,18,586,final
2025-09-01,celio,sweat homme,2.7,17,586,final
2025-09-02,celio,sweat homme,2.3,12,632,final
2025-09-03,celio,sweat homme,1.9,18,648,final
2025-09-04,celio,sweat homme,2.1,20,607,final
2025-09-05,celio,sweat homme,1.8,16,532,final
2025-09-06,celio,sweat homme,2.2,11,505,final
2025-09-07,celio,sweat homme,2.2,8,527,final
2025-09-08,celio,sweat homme,1.9,13,611,final
2025-09-09,celio,sweat homme,2.0,16,505,final
2025-09-10,celio,sweat homme,1.8,20,640,final
2025-09-11,celio,sweat homme,1.8,20,628,final
2025-09-12,celio,sweat homme,2.0,17,592,final
2025-09-13,celio,sweat homme,1.7,19,718,final
2025-09-14,celio,sweat homme,1.5,26,809,final
2025-09-15,celio,sweat homme,1.6,25,744,final
2025-09-16,celio,sweat homme,1.5,12,686,final
2025-09-17,celio,sweat homme,1.6,18,577,final
2025-09-18,celio,sweat homme,1.7,19,562,final
2025-09-19,celio,sweat homme,1.7,6,433,final
2025-09-20,celio,sweat homme,1.9,13,596,final
2025-09-21,celio,sweat homme,2.4,29,799,final
2025-09-22,celio,sweat homme,1.6,37,776,final
2025-09-23,celio,sweat homme,1.5,28,823,final
2025-09-24,celio,sweat homme,1.5,37,965,final
2025-09-25,celio,sweat homme,1.5,41,939,final
2025-09-26,celio,sweat homme,1.5,34,855,final
2025-09-27,celio,sweat homme,1.5,41,943,final
2025-09-28,celio,sweat homme,1.5,52,1135,final
2025-09-29,celio,sweat homme,1.6,36,911,final
2025-09-30,celio,sweat homme,1.7,25,861,final
2025-10-01,celio,sweat homme,1.6,21,845,final
2025-10-02,celio,sweat homme,1.8,23,803,final
2025-10-03,celio,sweat homme,1.6,27,856,final
2025-10-04,celio,sweat homme,1.6,40,1017,final
2025-10-05,celio,sweat homme,1.5,36,1192,final
2025-10-06,celio,sweat homme,1.7,35,923,final
2025-10-07,celio,sweat homme,1.6,27,898,final
2025-10-08,celio,sweat homme,1.4,30,803,final
2025-10-09,celio,sweat homme,1.5,40,750,final
2025-10-10,celio,sweat homme,1.4,33,741,final
2025-10-11,celio,sweat homme,1.6,29,806,final
2025-10-12,celio,sweat homme,1.4,31,996,final
2025-10-13,celio,sweat homme,1.6,22,839,final
2025-10-14,celio,sweat homme,1.4,23,763,final
2025-10-15,celio,sweat homme,1.5,27,801,final
2025-10-16,celio,sweat homme,1.3,30,748,final
2025-10-17,celio,sweat homme,1.6,17,663,final
2025-10-18,celio,sweat homme,1.6,33,782,final
2025-10-19,celio,sweat homme,1.4,33,945,final
2025-10-20,celio,sweat homme,1.4,39,927,final
2025-10-21,celio,sweat homme,1.4,34,800,final
2025-10-22,celio,sweat homme,1.6,27,797,final
2025-10-23,celio,sweat homme,1.5,35,848,final
2025-10-24,celio,sweat homme,1.9,35,722,final
2025-10-25,celio,sweat homme,1.6,36,839,final
2025-10-26,celio,sweat homme,1.4,36,1045,final
2025-10-27,celio,sweat homme,1.7,40,971,final
2025-10-28,celio,sweat homme,1.6,32,869,final
2025-10-29,celio,sweat homme,1.8,36,973,final
2025-10-30,celio,sweat homme,1.6,30,873,final
2025-10-31,celio,sweat homme,1.6,28,778,final
2025-11-01,celio,sweat homme,1.7,35,1032,final
2025-11-02,celio,sweat homme,1.6,46,1367,final
2025-11-03,celio,sweat homme,1.5,36,1225,final
2025-11-04,celio,sweat homme,1.4,41,1078,final
2025-11-05,celio,sweat homme,1.5,31,1082,final
2025-11-06,celio,sweat homme,1.4,41,1119,final
2025-11-07,celio,sweat homme,1.5,37,979,final
2025-11-08,celio,sweat homme,1.6,24,1111,final
2025-11-09,celio,sweat homme,1.5,66,1507,final
2025-11-10,celio,sweat homme,1.4,44,1277,final
2025-11-11,celio,sweat homme,1.4,47,1579,final
2025-11-12,celio,sweat homme,1.4,37,1207,final
2025-11-13,celio,sweat homme,1.4,42,1291,final
2025-11-14,celio,sweat homme,1.4,33,1120,final
2025-11-15,celio,sweat homme,1.4,42,1336,final
2025-11-16,celio,sweat homme,1.5,41,1892,final
2025-11-17,celio,sweat homme,1.4,44,1724,final
2025-11-18,celio,sweat homme,1.5,49,1571,final
2025-11-19,celio,sweat homme,1.5,44,1758,final
2025-11-20,celio,sweat homme,1.9,41,1777,final
2025-11-21,celio,sweat homme,1.4,48,1792,final
2025-11-22,celio,sweat homme,1.5,40,2088,final
2025-11-23,celio,sweat homme,1.5,65,3043,final
2025-11-24,celio,sweat homme,1.6,64,2631,final
2025-11-25,celio,sweat homme,1.7,71,2494,final
2025-11-26,celio,sweat homme,1.8,56,2654,final
2025-11-27,celio,sweat homme,2.6,47,2612,final
2025-11-28,celio,sweat homme,2.9,68,2720,final
2025-11-29,celio,sweat homme,3.3,51,2206,final
2025-11-30,celio,sweat homme,2.7,75,3045,final
2025-12-01,celio,sweat homme,3.1,24,1607,final
2025-12-02,celio,sweat homme,3.0,45,1946,final
2025-12-03,celio,sweat homme,2.3,73,2757,final
2025-12-04,celio,sweat homme,1.8,85,2816,final
2025-12-05,celio,sweat homme,2.0,70,2530,final
2025-12-06,celio,sweat homme,2.1,101,2741,final
2025-12-07,celio,sweat homme,1.9,116,3508,final
2025-12-08,celio,sweat homme,1.9,80,3166,final
2025-12-09,celio,sweat homme,2.0,88,2773,final
2025-12-10,celio,sweat homme,1.9,80,2865,final
2025-12-11,celio,sweat homme,2.5,61,2462,final
2025-12-12,celio,sweat homme,1.9,59,2203,final
2025-12-13,celio,sweat homme,1.6,69,2499,final
2025-12-14,celio,sweat homme,1.7,73,3186,final
2025-12-15,celio,sweat homme,1.7,68,2603,final
2025-12-16,celio,sweat homme,1.7,60,2449,final
2025-12-17,celio,sweat homme,1.7,44,2136,final
2025-12-18,celio,sweat homme,1.7,36,1916,final
2025-12-19,celio,sweat homme,1.7,45,1495,final
2025-12-20,celio,sweat homme,1.8,38,1562,final
2025-12-21,celio,sweat homme,1.7,39,1477,final
2025-12-22,celio,sweat homme,1.7,35,1246,final
2025-12-23,celio,sweat homme,1.7,22,978,final
2025-12-24,celio,sweat homme,1.7,20,712,final
2025-12-25,celio,sweat homme,1.7,18,917,final
2025-12-26,celio,sweat homme,1.8,25,958,final
2025-12-27,celio,sweat homme,1.8,24,793,final
2025-12-28,celio,sweat homme,1.9,23,781,final
2025-12-29,celio,sweat homme,1.9,22,788,final
2025-12-30,celio,sweat homme,2.0,14,639,final
2025-12-31,celio,sweat homme,1.8,7,542,final
2026-01-01,celio,sweat homme,1.8,8,548,final
2026-01-02,celio,sweat homme,1.8,11,750,final
2026-01-03,celio,sweat homme,1.9,5,743,final
2026-01-04,celio,sweat homme,2.3,24,744,final
2026-01-05,celio,sweat homme,2.4,17,775,final
2026-01-06,celio,sweat homme,2.0,15,937,final
2026-01-07,celio,sweat homme,1.8,33,1307,final
2026-01-08,celio,sweat homme,1.7,20,987,final
2026-01-09,celio,sweat homme,2.1,22,885,final
2026-01-10,celio,sweat homme,2.7,15,969,final
2026-01-11,celio,sweat homme,2.1,21,1051,final
2026-01-12,celio,sweat homme,2.7,15,885,final
2026-01-13,celio,sweat homme,3.7,9,728,final
2026-01-14,celio,sweat homme,4.2,7,666,final
2026-01-15,celio,sweat homme,4.5,6,368,final
2026-01-16,celio,sweat homme,4.3,15,705,final
2026-01-17,celio,sweat homme,3.3,15,762,final
2026-01-18,celio,sweat homme,3.0,24,840,final
2026-01-19,celio,sweat homme,3.6,9,665,final
2026-01-20,celio,sweat homme,4.3,5,411,final
2026-01-21,celio,sweat homme,3.8,16,648,final
2026-01-22,celio,sweat homme,3.2,10,688,final
2026-01-23,celio,sweat homme,2.7,7,637,final
2026-01-24,celio,sweat homme,2.3,23,786,final
2026-01-25,celio,sweat homme,2.4,20,968,final
2026-01-26,celio,sweat homme,3.2,15,879,final
2026-01-27,celio,sweat homme,3.4,13,840,final
2026-01-28,celio,sweat homme,2.9,14,734,final
2026-01-29,celio,sweat homme,4.6,14,688,final
2026-01-30,celio,sweat homme,3.4,20,800,final
2026-01-31,celio,sweat homme,3.2,18,999,final
2026-02-01,celio,sweat homme,2.5,29,1019,final
2026-02-02,celio,sweat homme,2.3,16,985,final
2026-02-03,celio,sweat homme,2.0,22,952,final
2026-02-04,celio,sweat homme,2.4,23,925,final
2026-02-05,celio,sweat homme,2.9,34,970,final
2026-02-06,celio,sweat homme,1.8,15,769,final
2026-02-07,celio,sweat homme,2.0,20,778,final
2026-02-08,celio,sweat homme,2.8,36,966,final
2026-02-09,celio,sweat homme,3.0,22,871,final
2026-02-10,celio,sweat homme,2.5,28,826,final
2026-02-11,celio,sweat homme,1.9,20,737,final
2026-02-12,celio,sweat homme,2.3,25,650,final
2026-02-13,celio,sweat homme,1.9,24,627,final
2026-02-14,celio,sweat homme,1.9,19,692,final
2026-02-15,celio,sweat homme,2.2,27,696,final
2026-02-16,celio,sweat homme,2.5,10,668,final
2026-02-17,celio,sweat homme,2.4,20,620,final
2026-02-18,celio,sweat homme,2.1,18,575,final
2026-02-19,celio,sweat homme,2.1,13,492,final
2026-02-20,celio,sweat homme,2.3,11,515,final
2026-02-21,celio,sweat homme,2.4,15,625,final
2026-02-22,celio,sweat homme,2.5,22,624,final
2026-02-23,celio,sweat homme,2.9,11,561,final
2026-02-24,celio,sweat homme,2.4,12,563,final
2026-02-25,celio,sweat homme,3.4,22,593,final
2026-02-26,celio,sweat homme,2.1,11,554,final
2026-02-27,celio,sweat homme,2.9,8,575,final
2026-02-28,celio,sweat homme,2.1,29,647,final
2026-03-01,celio,sweat homme,2.6,11,603,final
2026-03-02,celio,sweat homme,3.9,19,831,final
2026-03-03,celio,sweat homme,2.6,8,519,final
2026-03-04,celio,sweat homme,3.2,12,553,final
2026-03-05,celio,sweat homme,4.7,10,614,final
2026-03-06,celio,sweat homme,2.1,16,576,final
2026-03-07,celio,sweat homme,2.5,15,702,final
2026-03-08,celio,sweat homme,2.3,14,657,final
2026-03-09,celio,sweat homme,2.5,25,721,final
2026-03-10,celio,sweat homme,2.5,18,690,final
2026-03-11,celio,sweat homme,1.8,17,673,final
2026-03-12,celio,sweat homme,3.2,10,560,final
2026-03-13,celio,sweat homme,2.7,14,606,final
2026-03-14,celio,sweat homme,2.4,19,688,final
2026-03-15,celio,sweat homme,1.8,20,680,final
2026-03-16,celio,sweat homme,2.1,24,601,final
2026-03-17,celio,sweat homme,2.4,18,563,final
2026-03-18,celio,sweat homme,2.1,10,569,final
2026-03-19,celio,sweat homme,1.9,11,498,final
2026-03-20,celio,sweat homme,1.8,13,465,final
2026-03-21,celio,sweat homme,2.1,12,511,final
2026-03-22,celio,sweat homme,1.9,16,569,final
2026-03-23,celio,sweat homme,2.5,18,536,final
2026-03-24,celio,sweat homme,1.8,15,548,final
2026-03-25,celio,sweat homme,1.7,18,557,final
2026-03-26,celio,sweat homme,1.6,15,481,final
2026-03-27,celio,sweat homme,2.2,10,484,final
2026-03-28,celio,sweat homme,2.0,8,589,final
2026-03-29,celio,sweat homme,2.2,14,615,final
2026-03-30,celio,sweat homme,2.8,13,611,final
2026-03-31,celio,sweat homme,2.3,11,542,final
2026-04-01,celio,sweat homme,2.0,18,615,final
2026-04-02,celio,sweat homme,2.4,12,509,final
2026-04-03,celio,sweat homme,2.0,11,471,final
2026-04-04,celio,sweat homme,2.1,18,493,final
2026-04-05,celio,sweat homme,1.8,9,497,final
2026-04-06,celio,sweat homme,2.0,10,454,final
2026-04-07,celio,sweat homme,3.0,13,407,final
2026-04-08,celio,sweat homme,2.5,6,405,final
2026-04-09,celio,sweat homme,2.5,9,403,final
2026-04-10,celio,sweat homme,3.3,9,378,final
2026-04-11,celio,sweat homme,2.8,8,439,final
2026-04-12,celio,sweat homme,2.3,9,518,final
2026-04-13,celio,sweat homme,3.2,8,506,final
2026-04-14,celio,sweat homme,1.9,13,418,final
2026-04-15,celio,sweat homme,3.0,14,425,final
2026-04-16,celio,sweat homme,1.9,5,388,final
2026-04-17,celio,sweat homme,2.0,9,323,final
2026-04-18,celio,sweat homme,2.2,8,367,final
2026-04-19,celio,sweat homme,2.0,9,419,final
2026-04-20,celio,sweat homme,2.1,26,413,final
2026-04-21,celio,sweat homme,2.2,5,414,final
2026-04-22,celio,sweat homme,1.7,8,392,final
2026-04-23,celio,sweat homme,2.6,8,345,final
2026-04-24,celio,sweat homme,3.0,8,324,final
2026-04-25,celio,sweat homme,2.8,10,534,final
2026-04-26,celio,sweat homme,4.7,8,362,final
2026-04-27,celio,sweat homme,3.1,9,338,final
2026-04-28,celio,sweat homme,2.5,6,348,final
2026-04-29,celio,sweat homme,2.4,9,331,final
2026-04-30,celio,sweat homme,2.7,4,339,final
2026-05-01,celio,sweat homme,3.3,6,333,final
2026-05-02,celio,sweat homme,3.1,3,302,final
2026-05-03,celio,sweat homme,2.0,13,426,final
2026-05-04,celio,sweat homme,3.0,15,464,final
2026-05-05,celio,sweat homme,2.2,6,350,final
2026-05-06,celio,sweat homme,2.5,10,422,final
2026-05-07,celio,sweat homme,2.6,11,353,final
2026-05-08,celio,sweat homme,4.6,3,390,final
2026-05-09,celio,sweat homme,3.0,3,291,final
2026-05-10,celio,sweat homme,3.0,11,422,final
2026-05-11,celio,sweat homme,2.4,6,385,final
2026-05-12,celio,sweat homme,2.3,7,400,final
2026-05-13,celio,sweat homme,2.6,8,388,final
2026-05-14,celio,sweat homme,2.6,7,434,final
2026-05-15,celio,sweat homme,2.4,10,424,final
2026-05-16,celio,sweat homme,2.8,9,441,final
2026-05-17,celio,sweat homme,3.1,19,497,final
2026-05-18,celio,sweat homme,5.2,12,496,final
2026-05-19,celio,sweat homme,2.6,7,412,final
2026-05-20,celio,sweat homme,2.3,15,384,final
2026-05-21,celio,sweat homme,2.9,5,278,final
2026-05-22,celio,sweat homme,3.4,5,225,final
2026-05-23,celio,sweat homme,4.2,1,261,final
2026-05-24,celio,sweat homme,3.9,3,209,final
2026-05-25,celio,sweat homme,3.1,7,185,final
2026-05-26,celio,sweat homme,4.8,2,196,final
2026-05-27,celio,sweat homme,1.8,1,182,final
2026-05-28,celio,sweat homme,2.0,2,156,final
2026-05-29,celio,sweat homme,2.0,2,158,final
2026-05-30,celio,sweat homme,3.4,0,162,final
2026-05-31,celio,sweat homme,3.1,2,206,final
2026-06-01,celio,sweat homme,2.7,2,232,final
2026-06-02,celio,sweat homme,3.2,5,238,final
2026-06-03,celio,sweat homme,1.9,5,276,final
2026-06-04,celio,sweat homme,3.1,3,282,final
2026-06-05,celio,sweat homme,2.9,7,294,final
2026-06-06,celio,sweat homme,2.6,2,306,final
2026-06-07,celio,sweat homme,2.5,9,315,final
2026-06-08,celio,sweat homme,2.3,5,322,final
2026-06-09,celio,sweat homme,2.8,8,317,final
2026-06-10,celio,sweat homme,2.9,4,326,final
2026-06-11,celio,sweat homme,3.4,6,286,final
2026-06-12,celio,sweat homme,3.5,4,272,final
2026-06-13,celio,sweat homme,3.3,2,210,final
2026-06-14,celio,sweat homme,2.6,6,257,final
2026-06-15,celio,sweat homme,3.5,0,271,final
2026-06-16,celio,sweat homme,3.2,3,222,final
2026-06-17,celio,sweat homme,2.9,3,216,final
2026-06-18,celio,sweat homme,3.6,2,174,final
2026-06-19,celio,sweat homme,3.6,2,169,final
2026-06-20,celio,sweat homme,3.0,1,156,final
2026-06-21,celio,sweat homme,3.4,0,195,final
2026-06-22,celio,sweat homme,2.7,1,191,final
2026-06-23,celio,sweat homme,2.6,1,168,final
2026-06-24,celio,sweat homme,2.8,3,196,final
2026-06-25,celio,sweat homme,3.7,0,183,final
2026-06-26,celio,sweat homme,3.7,2,174,final
2026-06-27,celio,sweat homme,3.7,0,166,final
2026-06-28,celio,sweat homme,2.9,0,180,final
2026-06-29,celio,sweat homme,3.2,1,179,final
2026-06-30,celio,sweat homme,2.8,3,209,final
2026-07-01,celio,sweat homme,3.0,0,223,final
2026-07-02,celio,sweat homme,2.8,3,204,final
2026-07-03,celio,sweat homme,3.0,0,189,final
2026-07-04,celio,sweat homme,2.4,2,202,final
2026-07-05,celio,sweat homme,2.5,5,219,final
2026-07-06,celio,sweat homme,2.6,2,178,final
2026-07-07,celio,sweat homme,2.4,1,191,final
2026-07-08,celio,sweat homme,2.4,4,178,final
2026-07-09,celio,sweat homme,2.4,2,156,final
2026-07-10,celio,sweat homme,2.6,3,169,final
2026-07-11,celio,sweat homme,2.6,3,149,final
2026-07-12,celio,sweat homme,6.8,0,158,final
2026-07-13,celio,sweat homme,6.9,3,171,final
2026-07-14,celio,sweat homme,5.5,1,143,final
2026-07-15,celio,sweat homme,5.5,5,149,final
2026-07-16,celio,sweat homme,5.8,4,157,final
2026-07-17,celio,sweat homme,6.1,1,169,final
2026-07-18,celio,sweat homme,5.8,0,185,final
2026-07-19,celio,sweat homme,5.9,2,175,final
2026-07-20,celio,sweat homme,6.5,6,166,final
2026-07-21,celio,sweat homme,6.1,2,156,final
2026-07-22,celio,sweat homme,5.9,3,183,final
2026-07-23,celio,sweat homme,5.4,2,178,final
2026-07-24,celio,sweat homme,5.9,3,176,final
2026-07-25,celio,sweat homme,5.3,4,177,final
2026-07-26,celio,sweat homme,4.3,2,221,final
2026-07-27,celio,sweat homme,4.7,2,208,final
2026-07-28,celio,sweat homme,5.4,2,210,final
2026-07-29,celio,sweat homme,7.2,2,160,final
2026-07-30,celio,sweat homme,6.1,1,170,final
2026-07-31,celio,sweat homme,5.2,2,196,final
2026-08-01,celio,sweat homme,5.4,4,185,final
2026-08-02,celio,sweat homme,2.9,2,212,final
2026-08-03,celio,sweat homme,2.9,9,184,final
2026-08-04,celio,sweat homme,3.2,4,252,final
2026-08-05,celio,sweat homme,3.3,2,241,final
2026-08-06,celio,sweat homme,2.7,2,252,final
2026-08-07,celio,sweat homme,2.8,6,206,final
2026-08-08,celio,sweat homme,3.3,2,163,final
2026-08-09,celio,sweat homme,3.3,4,265,final
2026-08-10,celio,sweat homme,4.1,8,235,final
2026-08-11,celio,sweat homme,3.4,8,222,final
2026-08-12,celio,sweat homme,3.0,3,234,final
2026-08-13,celio,sweat homme,2.3,2,205,final
2026-08-14,celio,sweat homme,2.4,6,207,final
2026-08-15,celio,sweat homme,3.3,2,176,final
2026-08-16,celio,sweat homme,3.2,4,276,final
2026-08-17,celio,sweat homme,2.8,2,275,final
2026-08-18,celio,sweat homme,3.3,7,295,final
2026-08-19,celio,sweat homme,3.2,5,301,final
2026-08-20,celio,sweat homme,3.1,8,303,final
2026-08-21,celio,sweat homme,3.4,11,326,final
2026-08-22,celio,sweat homme,3.2,10,337,final
2026-08-23,celio,sweat homme,2.8,9,328,final
2026-08-24,celio,sweat homme,2.6,6,359,final
2026-08-25,celio,sweat homme,2.8,6,337,final
2026-08-26,celio,sweat homme,3.1,3,321,final
2026-08-27,celio,sweat homme,2.9,6,315,final
2026-08-28,celio,sweat homme,3.3,4,338,final
2026-08-29,celio,sweat homme,3.6,13,339,final
2026-08-30,celio,sweat homme,3.9,8,367,final
2026-08-31,celio,sweat homme,3.6,9,430,final
2026-09-01,celio,sweat homme,3.8,7,329,final
2026-09-02,celio,sweat homme,3.5,5,384,final
2026-09-03,celio,sweat homme,3.0,5,355,final
2026-09-04,celio,sweat homme,3.2,9,327,final
2026-09-05,celio,sweat homme,3.1,11,331,final
2026-09-06,celio,sweat homme,3.1,9,412,final
2026-09-07,celio,sweat homme,3.5,6,355,final
2026-09-08,celio,sweat homme,3.6,8,349,final
2026-09-09,celio,sweat homme,3.0,16,439,final
2026-09-10,celio,sweat homme,3.4,11,366,final
2026-09-11,celio,sweat homme,3.6,13,442,final
2026-09-12,celio,sweat homme,2.7,12,476,final
2026-09-13,celio,sweat homme,2.4,13,497,final
2026-09-14,celio,sweat homme,3.4,14,383,final
2026-09-15,celio,sweat homme,2.9,3,326,final
2026-09-16,celio,sweat homme,3.7,16,410,final
2026-09-17,celio,sweat homme,3.1,15,417,final
2026-09-18,celio,sweat homme,2.5,7,365,final
2026-09-19,celio,sweat homme,2.3,10,431,final
2026-09-20,celio,sweat homme,2.8,18,525,final
2026-09-21,celio,sweat homme,2.5,17,445,final
2026-09-22,celio,sweat homme,2.7,8,430,final
2026-09-23,celio,sweat homme,2.7,8,402,final
2026-09-24,celio,sweat homme,2.9,13,384,final
2026-09-25,celio,sweat homme,2.4,11,341,final
2026-09-26,celio,sweat homme,2.4,13,420,final
2026-09-27,celio,sweat homme,2.4,12,508,final
2026-09-28,celio,sweat homme,2.4,15,459,final
2026-09-29,celio,sweat homme,2.4,9,390,fresh
2026-09-30,celio,sweat homme,2.4,19,427,fresh
2025-06-08,celio,t shirt homme,2.6,14,731,final
2025-06-09,celio,t shirt homme,2.4,30,881,final
2025-06-10,celio,t shirt homme,3.2,21,857,final
2025-06-11,celio,t shirt homme,3.4,19,874,final
2025-06-12,celio,t shirt homme,3.8,16,775,final
2025-06-13,celio,t shirt homme,3.4,19,683,final
2025-06-14,celio,t shirt homme,3.5,12,729,final
2025-06-15,celio,t shirt homme,3.4,18,889,final
2025-06-16,celio,t shirt homme,3.5,11,709,final
2025-06-17,celio,t shirt homme,3.7,17,632,final
2025-06-18,celio,t shirt homme,3.5,13,578,final
2025-06-19,celio,t shirt homme,3.5,14,560,final
2025-06-20,celio,t shirt homme,3.8,6,494,final
2025-06-21,celio,t shirt homme,3.7,12,536,final
2025-06-22,celio,t shirt homme,3.3,10,670,final
2025-06-23,celio,t shirt homme,3.9,11,695,final
2025-06-24,celio,t shirt homme,3.7,9,632,final
2025-06-25,celio,t shirt homme,4.0,16,919,final
2025-06-26,celio,t shirt homme,4.5,7,739,final
2025-06-27,celio,t shirt homme,2.8,15,681,final
2025-06-28,celio,t shirt homme,2.7,13,720,final
2025-06-29,celio,t shirt homme,2.8,23,932,final
2025-06-30,celio,t shirt homme,2.7,25,1007,final
2025-07-01,celio,t shirt homme,4.1,21,825,final
2025-07-02,celio,t shirt homme,4.3,9,800,final
2025-07-03,celio,t shirt homme,4.1,10,693,final
2025-07-04,celio,t shirt homme,4.3,7,593,final
2025-07-05,celio,t shirt homme,4.5,11,619,final
2025-07-06,celio,t shirt homme,4.4,18,805,final
2025-07-07,celio,t shirt homme,5.5,10,641,final
2025-07-08,celio,t shirt homme,4.9,12,572,final
2025-07-09,celio,t shirt homme,6.0,5,594,final
2025-07-10,celio,t shirt homme,6.2,2,496,final
2025-07-11,celio,t shirt homme,6.6,7,440,final
2025-07-12,celio,t shirt homme,7.4,5,503,final
2025-07-13,celio,t shirt homme,6.9,3,482,final
2025-07-14,celio,t shirt homme,6.7,11,545,final
2025-07-15,celio,t shirt homme,6.7,3,461,final
2025-07-16,celio,t shirt homme,7.5,2,462,final
2025-07-17,celio,t shirt homme,7.4,1,391,final
2025-07-18,celio,t shirt homme,5.4,2,399,final
2025-07-19,celio,t shirt homme,3.7,5,663,final
2025-07-20,celio,t shirt homme,3.5,5,823,final
2025-07-21,celio,t shirt homme,7.5,5,532,final
2025-07-22,celio,t shirt homme,4.9,8,527,final
2025-07-23,celio,t shirt homme,4.0,5,386,final
2025-07-24,celio,t shirt homme,4.1,11,383,final
2025-07-25,celio,t shirt homme,4.0,5,375,final
2025-07-26,celio,t shirt homme,4.1,6,385,final
2025-07-27,celio,t shirt homme,3.6,9,456,final
2025-07-28,celio,t shirt homme,3.7,11,460,final
2025-07-29,celio,t shirt homme,3.7,12,406,final
2025-07-30,celio,t shirt homme,4.4,6,408,final
2025-07-31,celio,t shirt homme,4.7,5,353,final
2025-08-01,celio,t shirt homme,4.0,12,347,final
2025-08-02,celio,t shirt homme,5.2,8,347,final
2025-08-03,celio,t shirt homme,4.5,7,417,final
2025-08-04,celio,t shirt homme,3.4,11,405,final
2025-08-05,celio,t shirt homme,3.9,11,427,final
2025-08-06,celio,t shirt homme,4.4,8,359,final
2025-08-07,celio,t shirt homme,4.8,5,357,final
2025-08-08,celio,t shirt homme,4.9,4,342,final
2025-08-09,celio,t shirt homme,4.9,6,351,final
2025-08-10,celio,t shirt homme,5.2,5,357,final
2025-08-11,celio,t shirt homme,5.0,7,366,final
2025-08-12,celio,t shirt homme,5.7,8,387,final
2025-08-13,celio,t shirt homme,5.4,4,338,final
2025-08-14,celio,t shirt homme,5.9,4,325,final
2025-08-15,celio,t shirt homme,5.2,5,329,final
2025-08-16,celio,t shirt homme,5.3,10,362,final
2025-08-17,celio,t shirt homme,5.3,3,376,final
2025-08-18,celio,t shirt homme,5.3,8,336,final
2025-08-19,celio,t shirt homme,5.4,2,386,final
2025-08-20,celio,t shirt homme,5.9,6,339,final
2025-08-21,celio,t shirt homme,5.6,5,324,final
2025-08-22,celio,t shirt homme,4.5,3,357,final
2025-08-23,celio,t shirt homme,3.7,6,290,final
2025-08-24,celio,t shirt homme,3.8,5,339,final
2025-08-25,celio,t shirt homme,4.4,7,332,final
2025-08-26,celio,t shirt homme,2.6,16,335,final
2025-08-27,celio,t shirt homme,2.4,15,384,final
2025-08-28,celio,t shirt homme,2.8,6,358,final
2025-08-29,celio,t shirt homme,2.7,8,312,final
2025-08-30,celio,t shirt homme,3.5,8,302,final
2025-08-31,celio,t shirt homme,2.7,8,372,final
2025-09-01,celio,t shirt homme,3.2,6,319,final
2025-09-02,celio,t shirt homme,3.2,6,300,final
2025-09-03,celio,t shirt homme,2.9,9,338,final
2025-09-04,celio,t shirt homme,3.3,9,313,final
2025-09-05,celio,t shirt homme,3.6,6,262,final
2025-09-06,celio,t shirt homme,3.0,11,305,final
2025-09-07,celio,t shirt homme,3.3,6,356,final
2025-09-08,celio,t shirt homme,3.1,5,296,final
2025-09-09,celio,t shirt homme,3.4,6,273,final
2025-09-10,celio,t shirt homme,3.2,3,280,final
2025-09-11,celio,t shirt homme,3.2,4,288,final
2025-09-12,celio,t shirt homme,3.0,8,267,final
2025-09-13,celio,t shirt homme,2.7,2,295,final
2025-09-14,celio,t shirt homme,2.5,8,316,final
2025-09-15,celio,t shirt homme,2.8,6,313,final
2025-09-16,celio,t shirt homme,2.9,5,250,final
2025-09-17,celio,t shirt homme,2.6,5,247,final
2025-09-18,celio,t shirt homme,2.4,11,240,final
2025-09-19,celio,t shirt homme,2.5,4,231,final
2025-09-20,celio,t shirt homme,4.5,5,257,final
2025-09-21,celio,t shirt homme,2.4,7,317,final
2025-09-22,celio,t shirt homme,3.1,3,271,final
2025-09-23,celio,t shirt homme,2.4,2,218,final
2025-09-24,celio,t shirt homme,3.0,1,203,final
2025-09-25,celio,t shirt homme,2.8,1,222,final
2025-09-26,celio,t shirt homme,2.3,3,214,final
2025-09-27,celio,t shirt homme,2.8,6,187,final
2025-09-28,celio,t shirt homme,2.2,8,256,final
2025-09-29,celio,t shirt homme,3.0,2,198,final
2025-09-30,celio,t shirt homme,3.6,3,204,final
2025-10-01,celio,t shirt homme,4.3,2,235,final
2025-10-02,celio,t shirt homme,3.4,5,206,final
2025-10-03,celio,t shirt homme,3.2,4,190,final
2025-10-04,celio,t shirt homme,4.1,2,219,final
2025-10-05,celio,t shirt homme,3.4,4,262,final
2025-10-06,celio,t shirt homme,4.9,2,217,final
2025-10-07,celio,t shirt homme,3.1,2,221,final
2025-10-08,celio,t shirt homme,4.9,3,222,final
2025-10-09,celio,t shirt homme,5.9,2,210,final
2025-10-10,celio,t shirt homme,5.1,2,213,final
2025-10-11,celio,t shirt homme,4.4,4,206,final
2025-10-12,celio,t shirt homme,4.2,7,253,final
2025-10-13,celio,t shirt homme,5.6,0,254,final
2025-10-14,celio,t shirt homme,4.3,1,209,final
2025-10-15,celio,t shirt homme,5.1,1,179,final
2025-10-16,celio,t shirt homme,4.1,1,194,final
2025-10-17,celio,t shirt homme,4.8,1,179,final
2025-10-18,celio,t shirt homme,4.6,3,209,final
2025-10-19,celio,t shirt homme,4.0,3,245,final
2025-10-20,celio,t shirt homme,5.1,4,262,final
2025-10-21,celio,t shirt homme,3.7,4,212,final
2025-10-22,celio,t shirt homme,3.7,5,219,final
2025-10-23,celio,t shirt homme,2.4,2,223,final
2025-10-24,celio,t shirt homme,3.0,3,221,final
2025-10-25,celio,t shirt homme,4.2,5,217,final
2025-10-26,celio,t shirt homme,2.5,3,277,final
2025-10-27,celio,t shirt homme,3.4,7,276,final
2025-10-28,celio,t shirt homme,3.1,2,201,final
2025-10-29,celio,t shirt homme,3.4,4,245,final
2025-10-30,celio,t shirt homme,3.5,5,235,final
2025-10-31,celio,t shirt homme,3.9,1,208,final
2025-11-01,celio,t shirt homme,3.2,4,273,final
2025-11-02,celio,t shirt homme,2.4,6,348,final
2025-11-03,celio,t shirt homme,2.4,0,281,final
2025-11-04,celio,t shirt homme,2.9,1,263,final
2025-11-05,celio,t shirt homme,2.5,3,254,final
2025-11-06,celio,t shirt homme,3.2,2,263,final
2025-11-07,celio,t shirt homme,4.0,4,225,final
2025-11-08,celio,t shirt homme,3.5,4,315,final
2025-11-09,celio,t shirt homme,3.5,9,360,final
2025-11-10,celio,t shirt homme,3.9,3,299,final
2025-11-11,celio,t shirt homme,3.4,5,427,final
2025-11-12,celio,t shirt homme,3.3,2,333,final
2025-11-13,celio,t shirt homme,3.7,3,302,final
2025-11-14,celio,t shirt homme,3.8,7,350,final
2025-11-15,celio,t shirt homme,3.3,13,342,final
2025-11-16,celio,t shirt homme,3.1,6,478,final
2025-11-17,celio,t shirt homme,3.5,9,437,final
2025-11-18,celio,t shirt homme,5.1,2,246,final
2025-11-19,celio,t shirt homme,6.4,2,208,final
2025-11-20,celio,t shirt homme,7.1,2,197,final
2025-11-21,celio,t shirt homme,5.2,5,259,final
2025-11-22,celio,t shirt homme,5.6,3,246,final
2025-11-23,celio,t shirt homme,2.1,15,597,final
2025-11-24,celio,t shirt homme,2.1,4,577,final
2025-11-25,celio,t shirt homme,2.5,6,555,final
2025-11-26,celio,t shirt homme,2.5,9,564,final
2025-11-27,celio,t shirt homme,4.4,1,482,final
2025-11-28,celio,t shirt homme,5.1,7,503,final
2025-11-29,celio,t shirt homme,3.8,7,648,final
2025-11-30,celio,t shirt homme,4.8,7,673,final
2025-12-01,celio,t shirt homme,4.2,5,577,final
2025-12-02,celio,t shirt homme,6.3,6,349,final
2025-12-03,celio,t shirt homme,5.5,4,390,final
2025-12-04,celio,t shirt homme,5.7,5,339,final
2025-12-05,celio,t shirt homme,5.7,6,305,final
2025-12-06,celio,t shirt homme,5.2,4,428,final
2025-12-07,celio,t shirt homme,4.5,6,467,final
2025-12-08,celio,t shirt homme,5.1,6,480,final
2025-12-09,celio,t shirt homme,5.0,5,431,final
2025-12-10,celio,t shirt homme,5.3,8,413,final
2025-12-11,celio,t shirt homme,5.8,3,347,final
2025-12-12,celio,t shirt homme,5.8,6,353,final
2025-12-13,celio,t shirt homme,6.6,4,362,final
2025-12-14,celio,t shirt homme,5.2,4,519,final
2025-12-15,celio,t shirt homme,5.5,9,420,final
2025-12-16,celio,t shirt homme,6.0,8,387,final
2025-12-17,celio,t shirt homme,6.3,4,353,final
2025-12-18,celio,t shirt homme,6.9,3,363,final
2025-12-19,celio,t shirt homme,10.5,3,671,final
2025-12-20,celio,t shirt homme,4.7,5,461,final
2025-12-21,celio,t shirt homme,3.5,13,564,final
2025-12-22,celio,t shirt homme,4.4,4,553,final
2025-12-23,celio,t shirt homme,4.3,6,366,final
2025-12-24,celio,t shirt homme,4.1,3,272,final
2025-12-25,celio,t shirt homme,4.6,4,299,final
2025-12-26,celio,t shirt homme,6.2,3,191,final
2025-12-27,celio,t shirt homme,5.9,3,221,final
2025-12-28,celio,t shirt homme,5.9,4,228,final
2025-12-29,celio,t shirt homme,8.0,1,165,final
2025-12-30,celio,t shirt homme,8.2,0,137,final
2025-12-31,celio,t shirt homme,6.1,0,156,final
2026-01-01,celio,t shirt homme,6.6,1,214,final
2026-01-02,celio,t shirt homme,6.8,0,207,final
2026-01-03,celio,t shirt homme,8.0,2,170,final
2026-01-04,celio,t shirt homme,9.4,1,145,final
2026-01-05,celio,t shirt homme,11.4,2,118,final
2026-01-06,celio,t shirt homme,6.9,2,159,final
2026-01-07,celio,t shirt homme,5.4,4,345,final
2026-01-08,celio,t shirt homme,5.5,0,308,final
2026-01-09,celio,t shirt homme,5.5,6,256,final
2026-01-10,celio,t shirt homme,3.4,5,322,final
2026-01-11,celio,t shirt homme,4.2,5,329,final
2026-01-12,celio,t shirt homme,3.8,4,332,final
2026-01-13,celio,t shirt homme,5.0,3,290,final
2026-01-14,celio,t shirt homme,4.2,3,285,final
2026-01-15,celio,t shirt homme,6.5,2,209,final
2026-01-16,celio,t shirt homme,5.5,1,259,final
2026-01-17,celio,t shirt homme,4.5,4,315,final
2026-01-18,celio,t shirt homme,4.4,6,365,final
2026-01-19,celio,t shirt homme,4.5,6,312,final
2026-01-20,celio,t shirt homme,6.0,3,275,final
2026-01-21,celio,t shirt homme,4.9,2,341,final
2026-01-22,celio,t shirt homme,5.1,0,303,final
2026-01-23,celio,t shirt homme,7.4,4,195,final
2026-01-24,celio,t shirt homme,6.3,0,210,final
2026-01-25,celio,t shirt homme,5.1,3,363,final
2026-01-26,celio,t shirt homme,8.0,1,255,final
2026-01-27,celio,t shirt homme,6.9,2,216,final
2026-01-28,celio,t shirt homme,3.6,3,305,final
2026-01-29,celio,t shirt homme,3.6,6,302,final
2026-01-30,celio,t shirt homme,3.3,3,316,final
2026-01-31,celio,t shirt homme,3.5,5,401,final
2026-02-01,celio,t shirt homme,2.8,7,462,final
2026-02-02,celio,t shirt homme,2.6,11,419,final
2026-02-03,celio,t shirt homme,2.1,9,392,final
2026-02-04,celio,t shirt homme,3.9,6,362,final
2026-02-05,celio,t shirt homme,4.5,6,407,final
2026-02-06,celio,t shirt homme,3.3,3,324,final
2026-02-07,celio,t shirt homme,5.3,2,283,final
2026-02-08,celio,t shirt homme,5.0,7,388,final
2026-02-09,celio,t shirt homme,3.8,10,419,final
2026-02-10,celio,t shirt homme,6.3,9,310,final
2026-02-11,celio,t shirt homme,6.1,3,250,final
2026-02-12,celio,t shirt homme,4.9,4,280,final
2026-02-13,celio,t shirt homme,3.9,2,265,final
2026-02-14,celio,t shirt homme,4.4,5,264,final
2026-02-15,celio,t shirt homme,3.7,6,311,final
2026-02-16,celio,t shirt homme,4.0,7,295,final
2026-02-17,celio,t shirt homme,4.5,2,233,final
2026-02-18,celio,t shirt homme,4.9,3,252,final
2026-02-19,celio,t shirt homme,7.4,2,177,final
2026-02-20,celio,t shirt homme,9.8,3,169,final
2026-02-21,celio,t shirt homme,6.1,3,207,final
2026-02-22,celio,t shirt homme,7.2,4,256,final
2026-02-23,celio,t shirt homme,7.9,2,183,final
2026-02-24,celio,t shirt homme,6.5,0,202,final
2026-02-25,celio,t shirt homme,7.5,0,258,final
2026-02-26,celio,t shirt homme,7.7,3,276,final
2026-02-27,celio,t shirt homme,9.8,4,236,final
2026-02-28,celio,t shirt homme,8.1,4,313,final
2026-03-01,celio,t shirt homme,3.5,6,394,final
2026-03-02,celio,t shirt homme,3.0,4,480,final
2026-03-03,celio,t shirt homme,2.2,11,443,final
2026-03-04,celio,t shirt homme,2.5,8,444,final
2026-03-05,celio,t shirt homme,2.4,8,417,final
2026-03-06,celio,t shirt homme,2.3,14,455,final
2026-03-07,celio,t shirt homme,2.3,11,454,final
2026-03-08,celio,t shirt homme,2.5,13,470,final
2026-03-09,celio,t shirt homme,2.1,16,466,final
2026-03-10,celio,t shirt homme,2.4,7,454,final
2026-03-11,celio,t shirt homme,2.2,9,417,final
2026-03-12,celio,t shirt homme,3.6,6,391,final
2026-03-13,celio,t shirt homme,4.4,6,372,final
2026-03-14,celio,t shirt homme,4.3,11,421,final
2026-03-15,celio,t shirt homme,4.1,3,386,final
2026-03-16,celio,t shirt homme,3.9,0,354,final
2026-03-17,celio,t shirt homme,3.6,5,417,final
2026-03-18,celio,t shirt homme,3.5,9,461,final
2026-03-19,celio,t shirt homme,3.7,8,429,final
2026-03-20,celio,t shirt homme,3.6,5,354,final
2026-03-21,celio,t shirt homme,3.5,9,441,final
2026-03-22,celio,t shirt homme,3.3,11,511,final
2026-03-23,celio,t shirt homme,3.3,9,416,final
2026-03-24,celio,t shirt homme,3.7,1,400,final
2026-03-25,celio,t shirt homme,3.2,4,441,final
2026-03-26,celio,t shirt homme,4.1,2,380,final
2026-03-27,celio,t shirt homme,3.5,4,362,final
2026-03-28,celio,t shirt homme,3.0,6,394,final
2026-03-29,celio,t shirt homme,2.7,10,504,final
2026-03-30,celio,t shirt homme,2.7,3,425,final
2026-03-31,celio,t shirt homme,2.7,7,423,final
2026-04-01,celio,t shirt homme,2.6,8,426,final
2026-04-02,celio,t shirt homme,2.6,8,391,final
2026-04-03,celio,t shirt homme,3.3,6,351,final
2026-04-04,celio,t shirt homme,2.2,11,390,final
2026-04-05,celio,t shirt homme,2.3,5,460,final
2026-04-06,celio,t shirt homme,2.4,19,573,final
2026-04-07,celio,t shirt homme,4.2,7,549,final
2026-04-08,celio,t shirt homme,3.7,11,621,final
2026-04-09,celio,t shirt homme,3.3,10,488,final
2026-04-10,celio,t shirt homme,3.2,10,351,final
2026-04-11,celio,t shirt homme,2.9,4,385,final
2026-04-12,celio,t shirt homme,2.4,17,514,final
2026-04-13,celio,t shirt homme,3.2,7,401,final
2026-04-14,celio,t shirt homme,2.7,8,361,final
2026-04-15,celio,t shirt homme,5.7,2,227,final
2026-04-16,celio,t shirt homme,5.8,5,197,final
2026-04-17,celio,t shirt homme,4.8,5,272,final
2026-04-18,celio,t shirt homme,3.7,12,389,final
2026-04-19,celio,t shirt homme,3.1,9,426,final
2026-04-20,celio,t shirt homme,2.8,9,367,final
2026-04-21,celio,t shirt homme,3.4,8,390,final
2026-04-22,celio,t shirt homme,2.6,7,361,final
2026-04-23,celio,t shirt homme,2.2,10,407,final
2026-04-24,celio,t shirt homme,1.9,14,404,final
2026-04-25,celio,t shirt homme,2.8,16,482,final
2026-04-26,celio,t shirt homme,3.0,16,598,final
2026-04-27,celio,t shirt homme,2.4,13,564,final
2026-04-28,celio,t shirt homme,2.6,15,489,final
2026-04-29,celio,t shirt homme,2.5,14,471,final
2026-04-30,celio,t shirt homme,3.5,8,444,final
2026-05-01,celio,t shirt homme,2.7,11,553,final
2026-05-02,celio,t shirt homme,2.6,14,570,final
2026-05-03,celio,t shirt homme,2.3,13,648,final
2026-05-04,celio,t shirt homme,2.4,18,604,final
2026-05-05,celio,t shirt homme,2.7,10,508,final
2026-05-06,celio,t shirt homme,3.1,10,442,final
2026-05-07,celio,t shirt homme,3.6,16,406,final
2026-05-08,celio,t shirt homme,3.2,6,433,final
2026-05-09,celio,t shirt homme,3.7,7,456,final
2026-05-10,celio,t shirt homme,2.6,15,545,final
2026-05-11,celio,t shirt homme,3.4,11,485,final
2026-05-12,celio,t shirt homme,3.8,5,329,final
2026-05-13,celio,t shirt homme,2.7,9,338,final
2026-05-14,celio,t shirt homme,2.9,14,391,final
2026-05-15,celio,t shirt homme,2.8,8,334,final
2026-05-16,celio,t shirt homme,3.2,7,346,final
2026-05-17,celio,t shirt homme,2.8,8,334,final
2026-05-18,celio,t shirt homme,2.8,9,379,final
2026-05-19,celio,t shirt homme,2.6,10,381,final
2026-05-20,celio,t shirt homme,2.3,11,440,final
2026-05-21,celio,t shirt homme,2.7,14,496,final
2026-05-22,celio,t shirt homme,2.1,10,514,final
2026-05-23,celio,t shirt homme,2.4,13,615,final
2026-05-24,celio,t shirt homme,2.2,16,710,final
2026-05-25,celio,t shirt homme,2.1,22,833,final
2026-05-26,celio,t shirt homme,2.2,26,847,final
2026-05-27,celio,t shirt homme,1.8,22,776,final
2026-05-28,celio,t shirt homme,2.2,25,644,final
2026-05-29,celio,t shirt homme,2.0,20,612,final
2026-05-30,celio,t shirt homme,2.2,19,579,final
2026-05-31,celio,t shirt homme,2.3,15,578,final
2026-06-01,celio,t shirt homme,2.5,15,625,final
2026-06-02,celio,t shirt homme,2.3,15,554,final
2026-06-03,celio,t shirt homme,2.1,14,529,final
2026-06-04,celio,t shirt homme,2.4,17,512,final
2026-06-05,celio,t shirt homme,2.0,13,451,final
2026-06-06,celio,t shirt homme,2.3,22,528,final
2026-06-07,celio,t shirt homme,2.6,18,671,final
2026-06-08,celio,t shirt homme,2.3,13,634,final
2026-06-09,celio,t shirt homme,2.1,20,585,final
2026-06-10,celio,t shirt homme,2.4,15,575,final
2026-06-11,celio,t shirt homme,2.1,13,488,final
2026-06-12,celio,t shirt homme,2.3,6,467,final
2026-06-13,celio,t shirt homme,2.4,12,587,final
2026-06-14,celio,t shirt homme,2.1,13,666,final
2026-06-15,celio,t shirt homme,2.1,24,709,final
2026-06-16,celio,t shirt homme,2.2,13,627,final
2026-06-17,celio,t shirt homme,2.2,17,650,final
2026-06-18,celio,t shirt homme,2.5,16,626,final
2026-06-19,celio,t shirt homme,2.8,14,544,final
2026-06-20,celio,t shirt homme,2.6,9,602,final
2026-06-21,celio,t shirt homme,2.5,15,636,final
2026-06-22,celio,t shirt homme,3.0,15,562,final
2026-06-23,celio,t shirt homme,3.4,9,520,final
2026-06-24,celio,t shirt homme,4.1,7,763,final
2026-06-25,celio,t shirt homme,4.0,13,661,final
2026-06-26,celio,t shirt homme,3.5,7,492,final
2026-06-27,celio,t shirt homme,4.4,4,394,final
2026-06-28,celio,t shirt homme,4.6,6,613,final
2026-06-29,celio,t shirt homme,4.6,1,597,final
2026-06-30,celio,t shirt homme,3.8,6,568,final
2026-07-01,celio,t shirt homme,2.7,9,581,final
2026-07-02,celio,t shirt homme,2.6,11,544,final
2026-07-03,celio,t shirt homme,2.4,7,510,final
2026-07-04,celio,t shirt homme,2.1,8,579,final
2026-07-05,celio,t shirt homme,1.9,11,674,final
2026-07-06,celio,t shirt homme,2.3,8,606,final
2026-07-07,celio,t shirt homme,2.9,4,477,final
2026-07-08,celio,t shirt homme,3.2,11,597,final
2026-07-09,celio,t shirt homme,3.5,8,515,final
2026-07-10,celio,t shirt homme,2.5,7,459,final
2026-07-11,celio,t shirt homme,2.4,6,490,final
2026-07-12,celio,t shirt homme,2.1,12,526,final
2026-07-13,celio,t shirt homme,2.5,6,504,final
2026-07-14,celio,t shirt homme,3.5,1,257,final
2026-07-15,celio,t shirt homme,4.7,0,194,final
2026-07-16,celio,t shirt homme,4.7,2,275,final
2026-07-17,celio,t shirt homme,4.8,1,244,final
2026-07-18,celio,t shirt homme,3.3,6,333,final
2026-07-19,celio,t shirt homme,3.2,11,318,final
2026-07-20,celio,t shirt homme,3.5,5,297,final
2026-07-21,celio,t shirt homme,4.1,3,361,final
2026-07-22,celio,t shirt homme,3.5,5,391,final
2026-07-23,celio,t shirt homme,4.0,3,392,final
2026-07-24,celio,t shirt homme,4.3,2,275,final
2026-07-25,celio,t shirt homme,5.2,5,214,final
2026-07-26,celio,t shirt homme,4.9,5,263,final
2026-07-27,celio,t shirt homme,5.9,3,216,final
2026-07-28,celio,t shirt homme,6.6,5,277,final
2026-07-29,celio,t shirt homme,4.9,3,232,final
2026-07-30,celio,t shirt homme,5.1,6,267,final
2026-07-31,celio,t shirt homme,5.4,6,216,final
2026-08-01,celio,t shirt homme,6.5,2,212,final
2026-08-02,celio,t shirt homme,4.6,0,250,final
2026-08-03,celio,t shirt homme,4.2,7,267,final
2026-08-04,celio,t shirt homme,2.7,14,419,final
2026-08-05,celio,t shirt homme,2.8,5,430,final
2026-08-06,celio,t shirt homme,2.9,8,359,final
2026-08-07,celio,t shirt homme,3.0,7,372,final
2026-08-08,celio,t shirt homme,2.4,9,433,final
2026-08-09,celio,t shirt homme,2.5,4,420,final
2026-08-10,celio,t shirt homme,2.6,8,387,final
2026-08-11,celio,t shirt homme,2.8,7,429,final
2026-08-12,celio,t shirt homme,2.5,5,402,final
2026-08-13,celio,t shirt homme,2.7,11,419,final
2026-08-14,celio,t shirt homme,2.3,7,379,final
2026-08-15,celio,t shirt homme,2.6,7,393,final
2026-08-16,celio,t shirt homme,3.0,7,425,final
2026-08-17,celio,t shirt homme,2.9,6,398,final
2026-08-18,celio,t shirt homme,4.0,7,315,final
2026-08-19,celio,t shirt homme,5.9,4,323,final
2026-08-20,celio,t shirt homme,5.8,3,317,final
2026-08-21,celio,t shirt homme,6.3,3,307,final
2026-08-22,celio,t shirt homme,6.6,6,296,final
2026-08-23,celio,t shirt homme,7.7,2,254,final
2026-08-24,celio,t shirt homme,7.8,3,299,final
2026-08-25,celio,t shirt homme,7.5,1,298,final
2026-08-26,celio,t shirt homme,7.0,3,296,final
2026-08-27,celio,t shirt homme,6.0,2,293,final
2026-08-28,celio,t shirt homme,5.2,7,277,final
2026-08-29,celio,t shirt homme,5.1,7,303,final
2026-08-30,celio,t shirt homme,4.8,6,352,final
2026-08-31,celio,t shirt homme,4.9,3,289,final
2026-09-01,celio,t shirt homme,4.8,5,302,final
2026-09-02,celio,t shirt homme,3.5,4,302,final
2026-09-03,celio,t shirt homme,3.1,6,290,final
2026-09-04,celio,t shirt homme,3.7,3,239,final
2026-09-05,celio,t shirt homme,3.7,5,342,final
2026-09-06,celio,t shirt homme,2.9,5,342,final
2026-09-07,celio,t shirt homme,3.6,6,320,final
2026-09-08,celio,t shirt homme,3.1,4,331,final
2026-09-09,celio,t shirt homme,2.9,6,316,final
2026-09-10,celio,t shirt homme,2.8,9,249,final
2026-09-11,celio,t shirt homme,2.7,9,231,final
2026-09-12,celio,t shirt homme,3.2,4,302,final
2026-09-13,celio,t shirt homme,3.3,11,346,final
2026-09-14,celio,t shirt homme,3.1,0,299,final
2026-09-15,celio,t shirt homme,2.8,3,265,final
2026-09-16,celio,t shirt homme,2.6,2,273,final
2026-09-17,celio,t shirt homme,4.0,3,231,final
2026-09-18,celio,t shirt homme,5.9,1,231,final
2026-09-19,celio,t shirt homme,5.0,4,318,final
2026-09-20,celio,t shirt homme,5.0,3,325,final
2026-09-21,celio,t shirt homme,4.5,7,291,final
2026-09-22,celio,t shirt homme,5.1,3,288,final
2026-09-23,celio,t shirt homme,4.3,4,282,final
2026-09-24,celio,t shirt homme,4.6,0,271,final
2026-09-25,celio,t shirt homme,6.0,1,227,final
2026-09-26,celio,t shirt homme,4.4,6,281,final
2026-09-27,celio,t shirt homme,4.9,1,299,final
2026-09-28,celio,t shirt homme,5.9,3,282,final
2026-09-29,celio,t shirt homme,6.0,1,221,fresh
2026-09-30,celio,t shirt homme,3.9,9,269,fresh
2025-06-08,celio,tee shirt homme,4.9,28,1251,final
2025-06-09,celio,tee shirt homme,4.7,31,1577,final
2025-06-10,celio,tee shirt homme,3.9,34,1520,final
2025-06-11,celio,tee shirt homme,3.1,31,1642,final
2025-06-12,celio,tee shirt homme,3.3,28,1294,final
2025-06-13,celio,tee shirt homme,2.8,41,1192,final
2025-06-14,celio,tee shirt homme,2.9,29,1215,final
2025-06-15,celio,tee shirt homme,2.7,37,1360,final
2025-06-16,celio,tee shirt homme,2.9,27,1212,final
2025-06-17,celio,tee shirt homme,2.7,27,1166,final
2025-06-18,celio,tee shirt homme,2.9,32,1210,final
2025-06-19,celio,tee shirt homme,2.1,28,1146,final
2025-06-20,celio,tee shirt homme,1.8,34,1074,final
2025-06-21,celio,tee shirt homme,2.0,29,1027,final
2025-06-22,celio,tee shirt homme,2.0,48,1217,final
2025-06-23,celio,tee shirt homme,1.9,29,1233,final
2025-06-24,celio,tee shirt homme,2.3,29,1114,final
2025-06-25,celio,tee shirt homme,3.2,53,1741,final
2025-06-26,celio,tee shirt homme,3.2,27,1341,final
2025-06-27,celio,tee shirt homme,2.2,27,1129,final
2025-06-28,celio,tee shirt homme,1.9,39,1208,final
2025-06-29,celio,tee shirt homme,2.1,38,1588,final
2025-06-30,celio,tee shirt homme,2.2,40,1464,final
2025-07-01,celio,tee shirt homme,4.0,33,1386,final
2025-07-02,celio,tee shirt homme,4.1,21,1390,final
2025-07-03,celio,tee shirt homme,4.0,20,1228,final
2025-07-04,celio,tee shirt homme,4.4,22,1070,final
2025-07-05,celio,tee shirt homme,8.0,13,1006,final
2025-07-06,celio,tee shirt homme,8.7,15,1235,final
2025-07-07,celio,tee shirt homme,9.2,12,983,final
2025-07-08,celio,tee shirt homme,9.0,4,866,final
2025-07-09,celio,tee shirt homme,8.9,8,832,final
2025-07-10,celio,tee shirt homme,7.6,12,890,final
2025-07-11,celio,tee shirt homme,7.7,5,821,final
2025-07-12,celio,tee shirt homme,8.4,8,905,final
2025-07-13,celio,tee shirt homme,8.8,9,880,final
2025-07-14,celio,tee shirt homme,8.1,10,953,final
2025-07-15,celio,tee shirt homme,7.8,9,909,final
2025-07-16,celio,tee shirt homme,9.0,6,645,final
2025-07-17,celio,tee shirt homme,9.9,7,448,final
2025-07-18,celio,tee shirt homme,8.0,7,556,final
2025-07-19,celio,tee shirt homme,9.3,4,690,final
2025-07-20,celio,tee shirt homme,9.0,12,793,final
2025-07-21,celio,tee shirt homme,9.8,6,648,final
2025-07-22,celio,tee shirt homme,9.6,5,596,final
2025-07-23,celio,tee shirt homme,8.7,6,561,final
2025-07-24,celio,tee shirt homme,7.9,10,623,final
2025-07-25,celio,tee shirt homme,6.6,10,525,final
2025-07-26,celio,tee shirt homme,7.5,6,528,final
2025-07-27,celio,tee shirt homme,6.8,8,630,final
2025-07-28,celio,tee shirt homme,7.2,6,687,final
2025-07-29,celio,tee shirt homme,6.1,11,696,final
2025-07-30,celio,tee shirt homme,4.4,9,652,final
2025-07-31,celio,tee shirt homme,3.2,19,719,final
2025-08-01,celio,tee shirt homme,2.3,12,650,final
2025-08-02,celio,tee shirt homme,2.6,21,662,final
2025-08-03,celio,tee shirt homme,2.6,28,765,final
2025-08-04,celio,tee shirt homme,2.2,23,763,final
2025-08-05,celio,tee shirt homme,2.3,28,746,final
2025-08-06,celio,tee shirt homme,3.2,16,662,final
2025-08-07,celio,tee shirt homme,4.5,14,611,final
2025-08-08,celio,tee shirt homme,4.5,12,603,final
2025-08-09,celio,tee shirt homme,5.5,11,656,final
2025-08-10,celio,tee shirt homme,5.3,11,635,final
2025-08-11,celio,tee shirt homme,5.1,7,670,final
2025-08-12,celio,tee shirt homme,6.6,6,490,final
2025-08-13,celio,tee shirt homme,9.6,2,287,final
2025-08-14,celio,tee shirt homme,9.0,5,496,final
2025-08-15,celio,tee shirt homme,8.8,4,434,final
2025-08-16,celio,tee shirt homme,9.3,2,498,final
2025-08-17,celio,tee shirt homme,9.3,5,616,final
2025-08-18,celio,tee shirt homme,9.2,7,594,final
2025-08-19,celio,tee shirt homme,9.3,3,581,final
2025-08-20,celio,tee shirt homme,9.7,3,570,final
2025-08-21,celio,tee shirt homme,9.0,5,527,final
2025-08-22,celio,tee shirt homme,8.5,7,489,final
2025-08-23,celio,tee shirt homme,8.3,2,514,final
2025-08-24,celio,tee shirt homme,8.2,5,523,final
2025-08-25,celio,tee shirt homme,6.8,3,412,final
2025-08-26,celio,tee shirt homme,2.5,10,617,final
2025-08-27,celio,tee shirt homme,2.7,15,593,final
2025-08-28,celio,tee shirt homme,2.6,12,584,final
2025-08-29,celio,tee shirt homme,3.4,13,538,final
2025-08-30,celio,tee shirt homme,4.1,8,500,final
2025-08-31,celio,tee shirt homme,3.4,18,634,final
2025-09-01,celio,tee shirt homme,4.5,11,557,final
2025-09-02,celio,tee shirt homme,4.4,15,549,final
2025-09-03,celio,tee shirt homme,2.5,10,512,final
2025-09-04,celio,tee shirt homme,2.4,14,545,final
2025-09-05,celio,tee shirt homme,5.1,8,506,final
2025-09-06,celio,tee shirt homme,5.1,7,535,final
2025-09-07,celio,tee shirt homme,5.2,6,608,final
2025-09-08,celio,tee shirt homme,5.7,10,504,final
2025-09-09,celio,tee shirt homme,6.9,3,433,final
2025-09-10,celio,tee shirt homme,7.6,4,448,final
2025-09-11,celio,tee shirt homme,7.4,3,425,final
2025-09-12,celio,tee shirt homme,6.5,3,399,final
2025-09-13,celio,tee shirt homme,6.4,5,484,final
2025-09-14,celio,tee shirt homme,5.7,9,572,final
2025-09-15,celio,tee shirt homme,6.6,2,521,final
2025-09-16,celio,tee shirt homme,5.9,3,430,final
2025-09-17,celio,tee shirt homme,5.7,7,423,final
2025-09-18,celio,tee shirt homme,5.5,3,456,final
2025-09-19,celio,tee shirt homme,6.2,6,414,final
2025-09-20,celio,tee shirt homme,7.5,6,306,final
2025-09-21,celio,tee shirt homme,5.5,10,553,final
2025-09-22,celio,tee shirt homme,6.0,6,437,final
2025-09-23,celio,tee shirt homme,5.4,3,378,final
2025-09-24,celio,tee shirt homme,5.2,7,375,final
2025-09-25,celio,tee shirt homme,5.9,3,329,final
2025-09-26,celio,tee shirt homme,7.9,0,285,final
2025-09-27,celio,tee shirt homme,8.4,2,189,final
2025-09-28,celio,tee shirt homme,7.5,3,140,final
2025-09-29,celio,tee shirt homme,7.9,1,207,final
2025-09-30,celio,tee shirt homme,11.3,1,77,final
2025-10-01,celio,tee shirt homme,11.7,1,101,final
2025-10-02,celio,tee shirt homme,9.4,1,101,final
2025-10-03,celio,tee shirt homme,5.8,2,144,final
2025-10-04,celio,tee shirt homme,3.1,11,431,final
2025-10-05,celio,tee shirt homme,4.2,14,628,final
2025-10-06,celio,tee shirt homme,3.6,12,571,final
2025-10-07,celio,tee shirt homme,3.2,10,480,final
2025-10-08,celio,tee shirt homme,5.5,4,397,final
2025-10-09,celio,tee shirt homme,6.3,1,365,final
2025-10-10,celio,tee shirt homme,6.5,2,396,final
2025-10-11,celio,tee shirt homme,4.8,9,409,final
2025-10-12,celio,tee shirt homme,5.3,4,541,final
2025-10-13,celio,tee shirt homme,6.0,4,417,final
2025-10-14,celio,tee shirt homme,5.7,5,463,final
2025-10-15,celio,tee shirt homme,6.4,5,466,final
2025-10-16,celio,tee shirt homme,5.9,3,365,final
2025-10-17,celio,tee shirt homme,7.5,5,351,final
2025-10-18,celio,tee shirt homme,7.9,1,390,final
2025-10-19,celio,tee shirt homme,7.4,2,452,final
2025-10-20,celio,tee shirt homme,8.2,7,475,final
2025-10-21,celio,tee shirt homme,7.9,1,465,final
2025-10-22,celio,tee shirt homme,8.1,3,318,final
2025-10-23,celio,tee shirt homme,9.6,1,303,final
2025-10-24,celio,tee shirt homme,9.9,1,398,final
2025-10-25,celio,tee shirt homme,9.9,1,326,final
2025-10-26,celio,tee shirt homme,9.1,3,436,final
2025-10-27,celio,tee shirt homme,9.8,2,455,final
2025-10-28,celio,tee shirt homme,9.1,1,351,final
2025-10-29,celio,tee shirt homme,8.8,2,208,final
2025-10-30,celio,tee shirt homme,8.4,2,299,final
2025-10-31,celio,tee shirt homme,7.9,2,429,final
2025-11-01,celio,tee shirt homme,5.5,8,522,final
2025-11-02,celio,tee shirt homme,7.0,3,640,final
2025-11-03,celio,tee shirt homme,6.0,6,446,final
2025-11-04,celio,tee shirt homme,6.9,2,288,final
2025-11-05,celio,tee shirt homme,7.3,4,323,final
2025-11-06,celio,tee shirt homme,6.3,5,357,final
2025-11-07,celio,tee shirt homme,7.0,4,490,final
2025-11-08,celio,tee shirt homme,6.5,6,584,final
2025-11-09,celio,tee shirt homme,6.1,3,683,final
2025-11-10,celio,tee shirt homme,5.0,11,737,final
2025-11-11,celio,tee shirt homme,5.4,10,850,final
2025-11-12,celio,tee shirt homme,4.3,11,789,final
2025-11-13,celio,tee shirt homme,4.3,3,649,final
2025-11-14,celio,tee shirt homme,4.6,5,500,final
2025-11-15,celio,tee shirt homme,4.6,3,393,final
2025-11-16,celio,tee shirt homme,6.3,4,318,final
2025-11-17,celio,tee shirt homme,7.1,1,244,final
2025-11-18,celio,tee shirt homme,9.4,3,197,final
2025-11-19,celio,tee shirt homme,9.1,4,236,final
2025-11-20,celio,tee shirt homme,11.2,0,209,final
2025-11-21,celio,tee shirt homme,8.5,0,172,final
2025-11-22,celio,tee shirt homme,9.8,2,176,final
2025-11-23,celio,tee shirt homme,6.9,2,329,final
2025-11-24,celio,tee shirt homme,6.1,3,378,final
2025-11-25,celio,tee shirt homme,8.2,1,363,final
2025-11-26,celio,tee shirt homme,9.7,4,380,final
2025-11-27,celio,tee shirt homme,10.3,0,418,final
2025-11-28,celio,tee shirt homme,9.6,1,421,final
2025-11-29,celio,tee shirt homme,8.8,2,425,final
2025-11-30,celio,tee shirt homme,8.0,6,527,final
2025-12-01,celio,tee shirt homme,6.6,3,480,final
2025-12-02,celio,tee shirt homme,7.6,1,452,final
2025-12-03,celio,tee shirt homme,8.0,5,390,final
2025-12-04,celio,tee shirt homme,7.5,6,438,final
2025-12-05,celio,tee shirt homme,7.2,3,386,final
2025-12-06,celio,tee shirt homme,6.9,4,435,final
2025-12-07,celio,tee shirt homme,6.9,8,561,final
2025-12-08,celio,tee shirt homme,6.2,1,556,final
2025-12-09,celio,tee shirt homme,6.4,9,505,final
2025-12-10,celio,tee shirt homme,7.2,3,500,final
2025-12-11,celio,tee shirt homme,7.1,1,431,final
2025-12-12,celio,tee shirt homme,7.3,5,447,final
2025-12-13,celio,tee shirt homme,8.3,3,474,final
2025-12-14,celio,tee shirt homme,7.5,5,456,final
2025-12-15,celio,tee shirt homme,7.0,6,440,final
2025-12-16,celio,tee shirt homme,6.6,5,438,final
2025-12-17,celio,tee shirt homme,6.5,3,388,final
2025-12-18,celio,tee shirt homme,8.4,4,393,final
2025-12-19,celio,tee shirt homme,8.0,7,320,final
2025-12-20,celio,tee shirt homme,8.5,4,326,final
2025-12-21,celio,tee shirt homme,6.0,8,376,final
2025-12-22,celio,tee shirt homme,8.1,1,345,final
2025-12-23,celio,tee shirt homme,8.0,3,261,final
2025-12-24,celio,tee shirt homme,10.9,2,159,final
2025-12-25,celio,tee shirt homme,11.2,1,153,final
2025-12-26,celio,tee shirt homme,11.8,1,150,final
2025-12-27,celio,tee shirt homme,13.5,0,133,final
2025-12-28,celio,tee shirt homme,13.9,0,134,final
2025-12-29,celio,tee shirt homme,15.3,0,129,final
2025-12-30,celio,tee shirt homme,14.3,2,105,final
2025-12-31,celio,tee shirt homme,17.8,1,93,final
2026-01-01,celio,tee shirt homme,13.7,0,109,final
2026-01-02,celio,tee shirt homme,13.3,0,125,final
2026-01-03,celio,tee shirt homme,14.5,0,108,final
2026-01-04,celio,tee shirt homme,13.8,0,117,final
2026-01-05,celio,tee shirt homme,15.7,1,136,final
2026-01-06,celio,tee shirt homme,16.2,1,104,final
2026-01-07,celio,tee shirt homme,7.0,4,283,final
2026-01-08,celio,tee shirt homme,7.8,0,156,final
2026-01-09,celio,tee shirt homme,7.4,2,168,final
2026-01-10,celio,tee shirt homme,7.7,2,282,final
2026-01-11,celio,tee shirt homme,7.8,1,242,final
2026-01-12,celio,tee shirt homme,7.6,2,237,final
2026-01-13,celio,tee shirt homme,6.2,7,260,final
2026-01-14,celio,tee shirt homme,6.1,3,318,final
2026-01-15,celio,tee shirt homme,6.0,2,301,final
2026-01-16,celio,tee shirt homme,6.6,1,238,final
2026-01-17,celio,tee shirt homme,5.9,4,403,final
2026-01-18,celio,tee shirt homme,5.5,8,489,final
2026-01-19,celio,tee shirt homme,6.6,5,363,final
2026-01-20,celio,tee shirt homme,6.7,6,301,final
2026-01-21,celio,tee shirt homme,5.9,4,377,final
2026-01-22,celio,tee shirt homme,5.5,7,386,final
2026-01-23,celio,tee shirt homme,7.1,4,322,final
2026-01-24,celio,tee shirt homme,5.9,4,397,final
2026-01-25,celio,tee shirt homme,6.2,5,534,final
2026-01-26,celio,tee shirt homme,6.7,6,430,final
2026-01-27,celio,tee shirt homme,7.3,4,393,final
2026-01-28,celio,tee shirt homme,4.8,9,484,final
2026-01-29,celio,tee shirt homme,4.8,9,539,final
2026-01-30,celio,tee shirt homme,4.4,4,447,final
2026-01-31,celio,tee shirt homme,3.8,12,635,final
2026-02-01,celio,tee shirt homme,4.2,14,781,final
2026-02-02,celio,tee shirt homme,2.9,10,758,final
2026-02-03,celio,tee shirt homme,3.8,10,608,final
2026-02-04,celio,tee shirt homme,5.4,5,616,final
2026-02-05,celio,tee shirt homme,5.9,5,632,final
2026-02-06,celio,tee shirt homme,6.1,2,516,final
2026-02-07,celio,tee shirt homme,6.2,4,330,final
2026-02-08,celio,tee shirt homme,5.9,1,536,final
2026-02-09,celio,tee shirt homme,5.0,11,585,final
2026-02-10,celio,tee shirt homme,8.5,0,281,final
2026-02-11,celio,tee shirt homme,8.1,4,258,final
2026-02-12,celio,tee shirt homme,12.0,2,164,final
2026-02-13,celio,tee shirt homme,10.0,4,155,final
2026-02-14,celio,tee shirt homme,9.6,3,176,final
2026-02-15,celio,tee shirt homme,12,0,174,final
2026-02-16,celio,tee shirt homme,10.3,1,232,final
2026-02-17,celio,tee shirt homme,7.9,3,206,final
2026-02-18,celio,tee shirt homme,8.0,2,243,final
2026-02-19,celio,tee shirt homme,12.0,0,142,final
2026-02-20,celio,tee shirt homme,16.4,0,124,final
2026-02-21,celio,tee shirt homme,16.9,0,109,final
2026-02-22,celio,tee shirt homme,16.0,2,122,final
2026-02-23,celio,tee shirt homme,9.4,4,248,final
2026-02-24,celio,tee shirt homme,13.1,2,137,final
2026-02-25,celio,tee shirt homme,14.8,1,130,final
2026-02-26,celio,tee shirt homme,11.5,2,138,final
2026-02-27,celio,tee shirt homme,10.6,4,189,final
2026-02-28,celio,tee shirt homme,7.5,2,281,final
2026-03-01,celio,tee shirt homme,7.0,2,281,final
2026-03-02,celio,tee shirt homme,7.2,2,298,final
2026-03-03,celio,tee shirt homme,4.2,10,474,final
2026-03-04,celio,tee shirt homme,5.4,8,329,final
2026-03-05,celio,tee shirt homme,7.2,2,357,final
2026-03-06,celio,tee shirt homme,5.9,1,264,final
2026-03-07,celio,tee shirt homme,5.7,6,268,final
2026-03-08,celio,tee shirt homme,8.4,2,170,final
2026-03-09,celio,tee shirt homme,8.1,1,203,final
2026-03-10,celio,tee shirt homme,8.1,1,190,final
2026-03-11,celio,tee shirt homme,7.1,1,211,final
2026-03-12,celio,tee shirt homme,7.4,2,207,final
2026-03-13,celio,tee shirt homme,6.5,2,230,final
2026-03-14,celio,tee shirt homme,8.3,3,196,final
2026-03-15,celio,tee shirt homme,10.8,2,176,final
2026-03-16,celio,tee shirt homme,8.2,2,162,final
2026-03-17,celio,tee shirt homme,7.1,6,255,final
2026-03-18,celio,tee shirt homme,9,2,143,final
2026-03-19,celio,tee shirt homme,10.7,2,143,final
2026-03-20,celio,tee shirt homme,9.0,4,159,final
2026-03-21,celio,tee shirt homme,8.4,2,179,final
2026-03-22,celio,tee shirt homme,8.3,2,209,final
2026-03-23,celio,tee shirt homme,8.3,1,184,final
2026-03-24,celio,tee shirt homme,7.6,0,168,final
2026-03-25,celio,tee shirt homme,3.0,11,447,final
2026-03-26,celio,tee shirt homme,3.1,12,539,final
2026-03-27,celio,tee shirt homme,3.0,8,388,final
2026-03-28,celio,tee shirt homme,3.9,11,550,final
2026-03-29,celio,tee shirt homme,4.3,11,606,final
2026-03-30,celio,tee shirt homme,4.6,8,596,final
2026-03-31,celio,tee shirt homme,4.4,10,563,final
2026-04-01,celio,tee shirt homme,4.9,5,513,final
2026-04-02,celio,tee shirt homme,4.2,9,454,final
2026-04-03,celio,tee shirt homme,4.3,14,463,final
2026-04-04,celio,tee shirt homme,4.0,11,532,final
2026-04-05,celio,tee shirt homme,4.2,13,634,final
2026-04-06,celio,tee shirt homme,4.7,18,689,final
2026-04-07,celio,tee shirt homme,4.2,17,775,final
2026-04-08,celio,tee shirt homme,3.5,19,837,final
2026-04-09,celio,tee shirt homme,3.6,25,755,final
2026-04-10,celio,tee shirt homme,2.6,17,621,final
2026-04-11,celio,tee shirt homme,2.5,23,607,final
2026-04-12,celio,tee shirt homme,2.7,16,677,final
2026-04-13,celio,tee shirt homme,2.9,15,661,final
2026-04-14,celio,tee shirt homme,4.4,7,598,final
2026-04-15,celio,tee shirt homme,5.3,10,420,final
2026-04-16,celio,tee shirt homme,5.9,4,330,final
2026-04-17,celio,tee shirt homme,6.3,7,348,final
2026-04-18,celio,tee shirt homme,5.2,11,652,final
2026-04-19,celio,tee shirt homme,5.2,4,316,final
2026-04-20,celio,tee shirt homme,7.4,5,223,final
2026-04-21,celio,tee shirt homme,5.7,10,290,final
2026-04-22,celio,tee shirt homme,4.9,9,278,final
2026-04-23,celio,tee shirt homme,2.8,17,529,final
2026-04-24,celio,tee shirt homme,2.9,15,412,final
2026-04-25,celio,tee shirt homme,7.9,5,285,final
2026-04-26,celio,tee shirt homme,5.8,9,353,final
2026-04-27,celio,tee shirt homme,5.0,13,422,final
2026-04-28,celio,tee shirt homme,2.7,17,614,final
2026-04-29,celio,tee shirt homme,3.0,16,755,final
2026-04-30,celio,tee shirt homme,3.2,17,525,final
2026-05-01,celio,tee shirt homme,3.3,19,740,final
2026-05-02,celio,tee shirt homme,3.1,12,626,final
2026-05-03,celio,tee shirt homme,2.8,24,870,final
2026-05-04,celio,tee shirt homme,2.9,30,846,final
2026-05-05,celio,tee shirt homme,3.0,15,736,final
2026-05-06,celio,tee shirt homme,3.2,12,672,final
2026-05-07,celio,tee shirt homme,2.7,15,586,final
2026-05-08,celio,tee shirt homme,4.9,11,582,final
2026-05-09,celio,tee shirt homme,4.0,5,679,final
2026-05-10,celio,tee shirt homme,4.5,13,735,final
2026-05-11,celio,tee shirt homme,4.4,6,712,final
2026-05-12,celio,tee shirt homme,5.0,9,590,final
2026-05-13,celio,tee shirt homme,4.2,9,484,final
2026-05-14,celio,tee shirt homme,4.2,8,630,final
2026-05-15,celio,tee shirt homme,3.1,14,592,final
2026-05-16,celio,tee shirt homme,4.0,1,261,final
2026-05-17,celio,tee shirt homme,4.7,6,303,final
2026-05-18,celio,tee shirt homme,5.6,2,275,final
2026-05-19,celio,tee shirt homme,3.3,10,361,final
2026-05-20,celio,tee shirt homme,2.2,16,584,final
2026-05-21,celio,tee shirt homme,3.6,8,652,final
2026-05-22,celio,tee shirt homme,3.3,5,437,final
2026-05-23,celio,tee shirt homme,3.0,19,781,final
2026-05-24,celio,tee shirt homme,2.7,26,701,final
2026-05-25,celio,tee shirt homme,2.6,34,881,final
2026-05-26,celio,tee shirt homme,3.4,24,1090,final
2026-05-27,celio,tee shirt homme,3.6,24,1125,final
2026-05-28,celio,tee shirt homme,4.7,5,345,final
2026-05-29,celio,tee shirt homme,3.7,24,843,final
2026-05-30,celio,tee shirt homme,3.8,13,844,final
2026-05-31,celio,tee shirt homme,3.5,11,646,final
2026-06-01,celio,tee shirt homme,3.5,18,659,final
2026-06-02,celio,tee shirt homme,2.5,21,840,final
2026-06-03,celio,tee shirt homme,3.3,20,853,final
2026-06-04,celio,tee shirt homme,2.9,19,825,final
2026-06-05,celio,tee shirt homme,2.6,18,682,final
2026-06-06,celio,tee shirt homme,2.2,18,782,final
2026-06-07,celio,tee shirt homme,2.7,19,918,final
2026-06-08,celio,tee shirt homme,2.5,24,928,final
2026-06-09,celio,tee shirt homme,2.7,22,853,final
2026-06-10,celio,tee shirt homme,3.0,19,773,final
2026-06-11,celio,tee shirt homme,2.6,19,715,final
2026-06-12,celio,tee shirt homme,2.6,16,699,final
2026-06-13,celio,tee shirt homme,2.3,26,935,final
2026-06-14,celio,tee shirt homme,2.3,38,1144,final
2026-06-15,celio,tee shirt homme,3.0,27,1137,final
2026-06-16,celio,tee shirt homme,3.6,13,498,final
2026-06-17,celio,tee shirt homme,3.1,15,690,final
2026-06-18,celio,tee shirt homme,4.1,13,476,final
2026-06-19,celio,tee shirt homme,5.1,11,563,final
2026-06-20,celio,tee shirt homme,4.9,7,385,final
2026-06-21,celio,tee shirt homme,3.6,14,632,final
2026-06-22,celio,tee shirt homme,5.0,2,248,final
2026-06-23,celio,tee shirt homme,3.4,4,479,final
2026-06-24,celio,tee shirt homme,4.5,18,989,final
2026-06-25,celio,tee shirt homme,4.3,8,728,final
2026-06-26,celio,tee shirt homme,3.8,7,403,final
2026-06-27,celio,tee shirt homme,4.9,2,208,final
2026-06-28,celio,tee shirt homme,4.3,5,268,final
2026-06-29,celio,tee shirt homme,4.3,2,283,final
2026-06-30,celio,tee shirt homme,4.3,4,412,final
2026-07-01,celio,tee shirt homme,6.0,5,215,final
2026-07-02,celio,tee shirt homme,4.4,2,246,final
2026-07-03,celio,tee shirt homme,4.7,5,257,final
2026-07-04,celio,tee shirt homme,4.2,4,399,final
2026-07-05,celio,tee shirt homme,4.7,1,258,final
2026-07-06,celio,tee shirt homme,5.2,4,229,final
2026-07-07,celio,tee shirt homme,4.3,9,343,final
2026-07-08,celio,tee shirt homme,5.2,6,365,final
2026-07-09,celio,tee shirt homme,5.6,3,247,final
2026-07-10,celio,tee shirt homme,4.4,8,337,final
2026-07-11,celio,tee shirt homme,5.7,1,181,final
2026-07-12,celio,tee shirt homme,5.5,2,172,final
2026-07-13,celio,tee shirt homme,7,0,144,final
2026-07-14,celio,tee shirt homme,7.4,0,137,final
2026-07-15,celio,tee shirt homme,6.5,3,165,final
2026-07-16,celio,tee shirt homme,6.4,0,171,final
2026-07-17,celio,tee shirt homme,5.9,1,167,final
2026-07-18,celio,tee shirt homme,6.1,4,214,final
2026-07-19,celio,tee shirt homme,5.2,3,189,final
2026-07-20,celio,tee shirt homme,5.1,2,197,final
2026-07-21,celio,tee shirt homme,4.3,0,172,final
2026-07-22,celio,tee shirt homme,5.7,1,228,final
2026-07-23,celio,tee shirt homme,7.0,0,152,final
2026-07-24,celio,tee shirt homme,7.8,3,123,final
2026-07-25,celio,tee shirt homme,9.0,3,142,final
2026-07-26,celio,tee shirt homme,9.2,1,135,final
2026-07-27,celio,tee shirt homme,8.3,0,140,final
2026-07-28,celio,tee shirt homme,9.7,2,127,final
2026-07-29,celio,tee shirt homme,9.8,3,145,final
2026-07-30,celio,tee shirt homme,9.7,0,161,final
2026-07-31,celio,tee shirt homme,11.6,2,129,final
2026-08-01,celio,tee shirt homme,11.5,2,128,final
2026-08-02,celio,tee shirt homme,12.0,3,113,final
2026-08-03,celio,tee shirt homme,8.4,5,140,final
2026-08-04,celio,tee shirt homme,12.6,1,125,final
2026-08-05,celio,tee shirt homme,10.0,0,134,final
2026-08-06,celio,tee shirt homme,9.6,3,128,final
2026-08-07,celio,tee shirt homme,10.2,1,110,final
2026-08-08,celio,tee shirt homme,11.1,0,108,final
2026-08-09,celio,tee shirt homme,11.3,2,121,final
2026-08-10,celio,tee shirt homme,10.0,2,130,final
2026-08-11,celio,tee shirt homme,9.9,0,117,final
2026-08-12,celio,tee shirt homme,9.9,1,124,final
2026-08-13,celio,tee shirt homme,11.3,2,127,final
2026-08-14,celio,tee shirt homme,10.4,2,120,final
2026-08-15,celio,tee shirt homme,6.3,1,278,final
2026-08-16,celio,tee shirt homme,5.4,9,491,final
2026-08-17,celio,tee shirt homme,4.9,8,589,final
2026-08-18,celio,tee shirt homme,4.8,7,543,final
2026-08-19,celio,tee shirt homme,6.3,2,340,final
2026-08-20,celio,tee shirt homme,6.3,1,289,final
2026-08-21,celio,tee shirt homme,5.8,4,340,final
2026-08-22,celio,tee shirt homme,6.5,0,295,final
2026-08-23,celio,tee shirt homme,6.4,1,232,final
2026-08-24,celio,tee shirt homme,6.6,1,225,final
2026-08-25,celio,tee shirt homme,6.6,2,200,final
2026-08-26,celio,tee shirt homme,7.0,1,271,final
2026-08-27,celio,tee shirt homme,5.6,5,471,final
2026-08-28,celio,tee shirt homme,5.5,10,421,final
2026-08-29,celio,tee shirt homme,6.1,3,488,final
2026-08-30,celio,tee shirt homme,5.8,4,517,final
2026-08-31,celio,tee shirt homme,5.9,11,532,final
2026-09-01,celio,tee shirt homme,5.5,10,469,final
2026-09-02,celio,tee shirt homme,5.9,3,436,final
2026-09-03,celio,tee shirt homme,5.9,6,422,final
2026-09-04,celio,tee shirt homme,6.0,4,396,final
2026-09-05,celio,tee shirt homme,6.0,4,399,final
2026-09-06,celio,tee shirt homme,4.9,8,549,final
2026-09-07,celio,tee shirt homme,3.2,10,556,final
2026-09-08,celio,tee shirt homme,3.0,7,539,final
2026-09-09,celio,tee shirt homme,2.1,9,436,final
2026-09-10,celio,tee shirt homme,2.4,5,351,final
2026-09-11,celio,tee shirt homme,2.6,11,319,final
2026-09-12,celio,tee shirt homme,2.3,3,340,final
2026-09-13,celio,tee shirt homme,2.3,10,419,final
2026-09-14,celio,tee shirt homme,2.4,7,381,final
2026-09-15,celio,tee shirt homme,2.9,7,328,final
2026-09-16,celio,tee shirt homme,6.7,2,262,final
2026-09-17,celio,tee shirt homme,6.2,4,278,final
2026-09-18,celio,tee shirt homme,5.9,2,280,final
2026-09-19,celio,tee shirt homme,7.3,0,298,final
2026-09-20,celio,tee shirt homme,7.1,3,342,final
2026-09-21,celio,tee shirt homme,5.3,6,336,final
2026-09-22,celio,tee shirt homme,5.2,9,347,final
2026-09-23,celio,tee shirt homme,3.3,5,441,final
2026-09-24,celio,tee shirt homme,4.2,5,387,final
2026-09-25,celio,tee shirt homme,3.3,6,341,final
2026-09-26,celio,tee shirt homme,2.1,10,377,final
2026-09-27,celio,tee shirt homme,2.0,11,432,final
2026-09-28,celio,tee shirt homme,2.0,18,472,final
2026-09-29,celio,tee shirt homme,1.9,10,301,fresh
2026-09-30,celio,tee shirt homme,2.2,15,490,fresh
2025-06-08,celio,tshirt homme,3.2,7,444,final
2025-06-09,celio,tshirt homme,2.8,11,500,final
2025-06-10,celio,tshirt homme,2.9,4,494,final
2025-06-11,celio,tshirt homme,2.5,15,544,final
2025-06-12,celio,tshirt homme,2.7,18,506,final
2025-06-13,celio,tshirt homme,2.4,16,428,final
2025-06-14,celio,tshirt homme,2.5,17,475,final
2025-06-15,celio,tshirt homme,2.2,18,515,final
2025-06-16,celio,tshirt homme,2.1,10,440,final
2025-06-17,celio,tshirt homme,2.4,8,426,final
2025-06-18,celio,tshirt homme,2.1,17,421,final
2025-06-19,celio,tshirt homme,2.7,8,418,final
2025-06-20,celio,tshirt homme,3.0,7,331,final
2025-06-21,celio,tshirt homme,2.8,6,376,final
2025-06-22,celio,tshirt homme,2.3,16,452,final
2025-06-23,celio,tshirt homme,2.7,13,444,final
2025-06-24,celio,tshirt homme,2.5,3,417,final
2025-06-25,celio,tshirt homme,2.7,23,711,final
2025-06-26,celio,tshirt homme,3.7,8,459,final
2025-06-27,celio,tshirt homme,3,4,407,final
2025-06-28,celio,tshirt homme,2.1,11,491,final
2025-06-29,celio,tshirt homme,2.0,8,645,final
2025-06-30,celio,tshirt homme,2.3,12,591,final
2025-07-01,celio,tshirt homme,3.4,8,531,final
2025-07-02,celio,tshirt homme,3.1,7,475,final
2025-07-03,celio,tshirt homme,3.0,3,450,final
2025-07-04,celio,tshirt homme,2.9,9,430,final
2025-07-05,celio,tshirt homme,7.1,4,362,final
2025-07-06,celio,tshirt homme,7.4,4,440,final
2025-07-07,celio,tshirt homme,8.8,5,324,final
2025-07-08,celio,tshirt homme,8.2,2,319,final
2025-07-09,celio,tshirt homme,8.2,2,222,final
2025-07-10,celio,tshirt homme,9.3,2,218,final
2025-07-11,celio,tshirt homme,9.2,0,150,final
2025-07-12,celio,tshirt homme,8.5,2,292,final
2025-07-13,celio,tshirt homme,8.1,4,267,final
2025-07-14,celio,tshirt homme,8.0,3,383,final
2025-07-15,celio,tshirt homme,7.8,2,278,final
2025-07-16,celio,tshirt homme,8.4,1,192,final
2025-07-17,celio,tshirt homme,9.0,0,137,final
2025-07-18,celio,tshirt homme,6.6,0,124,final
2025-07-19,celio,tshirt homme,7.6,0,83,final
2025-07-20,celio,tshirt homme,7.4,1,138,final
2025-07-21,celio,tshirt homme,8.5,1,152,final
2025-07-22,celio,tshirt homme,8.7,1,114,final
2025-07-23,celio,tshirt homme,8.1,0,69,final
2025-07-24,celio,tshirt homme,5.6,0,182,final
2025-07-25,celio,tshirt homme,5.6,2,165,final
2025-07-26,celio,tshirt homme,8.4,1,145,final
2025-07-27,celio,tshirt homme,9.1,0,177,final
2025-07-28,celio,tshirt homme,8.9,0,195,final
2025-07-29,celio,tshirt homme,7.7,1,245,final
2025-07-30,celio,tshirt homme,6.4,0,225,final
2025-07-31,celio,tshirt homme,5.8,3,240,final
2025-08-01,celio,tshirt homme,5.5,3,180,final
2025-08-02,celio,tshirt homme,5.9,1,198,final
2025-08-03,celio,tshirt homme,6.9,2,225,final
2025-08-04,celio,tshirt homme,4.4,3,274,final
2025-08-05,celio,tshirt homme,4.9,4,250,final
2025-08-06,celio,tshirt homme,6.5,3,303,final
2025-08-07,celio,tshirt homme,6.1,2,241,final
2025-08-08,celio,tshirt homme,7.8,2,207,final
2025-08-09,celio,tshirt homme,8.1,2,195,final
2025-08-10,celio,tshirt homme,6.3,4,238,final
2025-08-11,celio,tshirt homme,5.7,4,196,final
2025-08-12,celio,tshirt homme,6.9,2,122,final
2025-08-13,celio,tshirt homme,7.5,2,163,final
2025-08-14,celio,tshirt homme,8.2,2,116,final
2025-08-15,celio,tshirt homme,4.9,0,153,final
2025-08-16,celio,tshirt homme,5.8,0,212,final
2025-08-17,celio,tshirt homme,5.2,4,227,final
2025-08-18,celio,tshirt homme,6.2,1,206,final
2025-08-19,celio,tshirt homme,6.5,1,201,final
2025-08-20,celio,tshirt homme,5.5,2,212,final
2025-08-21,celio,tshirt homme,5.0,1,186,final
2025-08-22,celio,tshirt homme,5.3,4,207,final
2025-08-23,celio,tshirt homme,6.4,2,197,final
2025-08-24,celio,tshirt homme,4.9,5,209,final
2025-08-25,celio,tshirt homme,4.7,0,207,final
2025-08-26,celio,tshirt homme,2.6,5,246,final
2025-08-27,celio,tshirt homme,2.5,2,227,final
2025-08-28,celio,tshirt homme,3.3,6,210,final
2025-08-29,celio,tshirt homme,3.6,6,186,final
2025-08-30,celio,tshirt homme,4.6,3,192,final
2025-08-31,celio,tshirt homme,4.0,1,201,final
2025-09-01,celio,tshirt homme,4.2,0,141,final
2025-09-02,celio,tshirt homme,4.7,5,167,final
2025-09-03,celio,tshirt homme,4.5,4,192,final
2025-09-04,celio,tshirt homme,5.8,3,112,final
2025-09-05,celio,tshirt homme,6.2,0,146,final
2025-09-06,celio,tshirt homme,5.1,0,163,final
2025-09-07,celio,tshirt homme,5.2,3,201,final
2025-09-08,celio,tshirt homme,5.8,3,121,final
2025-09-09,celio,tshirt homme,8.0,2,114,final
2025-09-10,celio,tshirt homme,7.9,1,88,final
2025-09-11,celio,tshirt homme,8.1,2,88,final
2025-09-12,celio,tshirt homme,7.5,1,66,final
2025-09-13,celio,tshirt homme,6.6,1,86,final
2025-09-14,celio,tshirt homme,7.0,4,103,final
2025-09-15,celio,tshirt homme,7.2,1,128,final
2025-09-16,celio,tshirt homme,7.2,1,136,final
2025-09-17,celio,tshirt homme,6.1,0,97,final
2025-09-18,celio,tshirt homme,7.1,0,105,final
2025-09-19,celio,tshirt homme,9.0,0,64,final
2025-09-20,celio,tshirt homme,7.5,2,82,final
2025-09-21,celio,tshirt homme,5.8,0,158,final
2025-09-22,celio,tshirt homme,7.0,0,89,final
2025-09-23,celio,tshirt homme,7.1,1,113,final
2025-09-24,celio,tshirt homme,7,0,120,final
2025-09-25,celio,tshirt homme,6.6,0,83,final
2025-09-26,celio,tshirt homme,7.7,1,98,final
2025-09-27,celio,tshirt homme,8.1,0,81,final
2025-09-28,celio,tshirt homme,7.7,0,94,final
2025-09-29,celio,tshirt homme,6.5,1,100,final
2025-09-30,celio,tshirt homme,8.7,0,45,final
2025-10-01,celio,tshirt homme,8.6,0,49,final
2025-10-02,celio,tshirt homme,8.5,0,69,final
2025-10-03,celio,tshirt homme,8.6,0,39,final
2025-10-04,celio,tshirt homme,7.8,0,45,final
2025-10-05,celio,tshirt homme,8.6,0,74,final
2025-10-06,celio,tshirt homme,8.5,1,59,final
2025-10-07,celio,tshirt homme,6.5,1,55,final
2025-10-08,celio,tshirt homme,7.0,1,44,final
2025-10-09,celio,tshirt homme,9.2,0,33,final
2025-10-10,celio,tshirt homme,9,2,29,final
2025-10-11,celio,tshirt homme,8.3,0,34,final
2025-10-12,celio,tshirt homme,7.4,0,41,final
2025-10-13,celio,tshirt homme,7.9,0,46,final
2025-10-14,celio,tshirt homme,6.0,1,43,final
2025-10-15,celio,tshirt homme,6.5,2,85,final
2025-10-16,celio,tshirt homme,5.4,0,60,final
2025-10-17,celio,tshirt homme,7.0,0,51,final
2025-10-18,celio,tshirt homme,6.5,1,111,final
2025-10-19,celio,tshirt homme,6.2,0,124,final
2025-10-20,celio,tshirt homme,7.0,0,62,final
2025-10-21,celio,tshirt homme,4.9,0,75,final
2025-10-22,celio,tshirt homme,7.4,0,54,final
2025-10-23,celio,tshirt homme,8.1,0,40,final
2025-10-24,celio,tshirt homme,8.8,0,40,final
2025-10-25,celio,tshirt homme,7.8,0,46,final
2025-10-26,celio,tshirt homme,8.5,0,54,final
2025-10-27,celio,tshirt homme,7.8,0,77,final
2025-10-28,celio,tshirt homme,7.9,0,51,final
2025-10-29,celio,tshirt homme,8.5,0,39,final
2025-10-30,celio,tshirt homme,7.6,0,70,final
2025-10-31,celio,tshirt homme,6.4,3,77,final
2025-11-01,celio,tshirt homme,7.1,0,79,final
2025-11-02,celio,tshirt homme,6.0,0,76,final
2025-11-03,celio,tshirt homme,6.7,1,97,final
2025-11-04,celio,tshirt homme,5.4,3,70,final
2025-11-05,celio,tshirt homme,7.5,0,57,final
2025-11-06,celio,tshirt homme,10.2,0,52,final
2025-11-07,celio,tshirt homme,7.4,0,50,final
2025-11-08,celio,tshirt homme,7.3,1,67,final
2025-11-09,celio,tshirt homme,7.7,0,76,final
2025-11-10,celio,tshirt homme,8.2,1,153,final
2025-11-11,celio,tshirt homme,6.5,1,99,final
2025-11-12,celio,tshirt homme,6.7,2,104,final
2025-11-13,celio,tshirt homme,7.0,0,91,final
2025-11-14,celio,tshirt homme,7.4,0,83,final
2025-11-15,celio,tshirt homme,5.8,0,135,final
2025-11-16,celio,tshirt homme,5.6,0,194,final
2025-11-17,celio,tshirt homme,5.4,1,150,final
2025-11-18,celio,tshirt homme,5.5,0,125,final
2025-11-19,celio,tshirt homme,5.9,0,158,final
2025-11-20,celio,tshirt homme,6.4,2,185,final
2025-11-21,celio,tshirt homme,6.3,0,147,final
2025-11-22,celio,tshirt homme,6.2,3,128,final
2025-11-23,celio,tshirt homme,4.7,3,294,final
2025-11-24,celio,tshirt homme,4.0,2,300,final
2025-11-25,celio,tshirt homme,4.6,1,221,final
2025-11-26,celio,tshirt homme,4.3,2,319,final
2025-11-27,celio,tshirt homme,5.4,0,141,final
2025-11-28,celio,tshirt homme,5.5,2,134,final
2025-11-29,celio,tshirt homme,5.5,1,110,final
2025-11-30,celio,tshirt homme,5.1,7,194,final
2025-12-01,celio,tshirt homme,4.7,0,210,final
2025-12-02,celio,tshirt homme,5.4,0,131,final
2025-12-03,celio,tshirt homme,4.4,3,183,final
2025-12-04,celio,tshirt homme,5.4,1,142,final
2025-12-05,celio,tshirt homme,5.9,2,135,final
2025-12-06,celio,tshirt homme,4.9,3,183,final
2025-12-07,celio,tshirt homme,5.7,3,280,final
2025-12-08,celio,tshirt homme,5.5,1,200,final
2025-12-09,celio,tshirt homme,6.5,4,174,final
2025-12-10,celio,tshirt homme,5.6,2,192,final
2025-12-11,celio,tshirt homme,6.5,4,210,final
2025-12-12,celio,tshirt homme,4.5,6,212,final
2025-12-13,celio,tshirt homme,5.5,1,155,final
2025-12-14,celio,tshirt homme,6.2,1,182,final
2025-12-15,celio,tshirt homme,6.6,4,156,final
2025-12-16,celio,tshirt homme,5.9,1,165,final
2025-12-17,celio,tshirt homme,6.0,2,148,final
2025-12-18,celio,tshirt homme,5.9,0,146,final
2025-12-19,celio,tshirt homme,5.3,0,118,final
2025-12-21,celio,tshirt homme,4.3,1,173,final
2025-12-22,celio,tshirt homme,4.9,2,148,final
2025-12-23,celio,tshirt homme,4.4,7,139,final
2025-12-24,celio,tshirt homme,4.4,3,149,final
2025-12-25,celio,tshirt homme,4.2,1,126,final
2025-12-26,celio,tshirt homme,5.6,0,79,final
2025-12-27,celio,tshirt homme,5.7,1,79,final
2025-12-28,celio,tshirt homme,8.2,0,76,final
2025-12-29,celio,tshirt homme,6.3,1,61,final
2025-12-30,celio,tshirt homme,5.5,3,66,final
2025-12-31,celio,tshirt homme,7.8,3,41,final
2026-01-01,celio,tshirt homme,7.5,0,65,final
2026-01-02,celio,tshirt homme,6.1,1,57,final
2026-01-03,celio,tshirt homme,5.8,0,48,final
2026-01-04,celio,tshirt homme,6.1,0,57,final
2026-01-05,celio,tshirt homme,7.6,1,68,final
2026-01-06,celio,tshirt homme,5.7,2,51,final
2026-01-07,celio,tshirt homme,5.9,3,119,final
2026-01-08,celio,tshirt homme,5.7,1,131,final
2026-01-09,celio,tshirt homme,6.5,0,110,final
2026-01-10,celio,tshirt homme,6.7,1,99,final
2026-01-11,celio,tshirt homme,6.3,1,120,final
2026-01-12,celio,tshirt homme,5.4,2,120,final
2026-01-13,celio,tshirt homme,5.0,1,129,final
2026-01-14,celio,tshirt homme,4.2,0,149,final
2026-01-15,celio,tshirt homme,5.2,3,117,final
2026-01-16,celio,tshirt homme,6.8,1,146,final
2026-01-17,celio,tshirt homme,5.9,0,148,final
2026-01-18,celio,tshirt homme,3.7,2,180,final
2026-01-19,celio,tshirt homme,5.9,3,164,final
2026-01-20,celio,tshirt homme,5.1,4,145,final
2026-01-21,celio,tshirt homme,5.2,2,163,final
2026-01-22,celio,tshirt homme,4.4,2,151,final
2026-01-23,celio,tshirt homme,5.8,2,166,final
2026-01-24,celio,tshirt homme,4.7,0,137,final
2026-01-25,celio,tshirt homme,3.7,5,239,final
2026-01-26,celio,tshirt homme,6.0,2,170,final
2026-01-27,celio,tshirt homme,7.5,1,186,final
2026-01-28,celio,tshirt homme,5.8,1,192,final
2026-01-29,celio,tshirt homme,3.7,3,208,final
2026-01-30,celio,tshirt homme,4.7,1,150,final
2026-01-31,celio,tshirt homme,4.2,1,208,final
2026-02-01,celio,tshirt homme,2.9,5,234,final
2026-02-02,celio,tshirt homme,3.2,5,242,final
2026-02-03,celio,tshirt homme,4.4,4,238,final
2026-02-04,celio,tshirt homme,4.7,1,165,final
2026-02-05,celio,tshirt homme,4.3,2,228,final
2026-02-06,celio,tshirt homme,4.7,3,169,final
2026-02-07,celio,tshirt homme,6.1,0,160,final
2026-02-08,celio,tshirt homme,6.2,2,129,final
2026-02-09,celio,tshirt homme,5.9,3,175,final
2026-02-10,celio,tshirt homme,5.5,2,116,final
2026-02-11,celio,tshirt homme,7.1,0,77,final
2026-02-12,celio,tshirt homme,5.6,1,89,final
2026-02-13,celio,tshirt homme,5.5,0,87,final
2026-02-14,celio,tshirt homme,5.9,2,83,final
2026-02-15,celio,tshirt homme,5.8,1,111,final
2026-02-16,celio,tshirt homme,5.1,0,121,final
2026-02-17,celio,tshirt homme,5.6,0,101,final
2026-02-18,celio,tshirt homme,7.2,2,86,final
2026-02-19,celio,tshirt homme,8.1,0,66,final
2026-02-20,celio,tshirt homme,7.2,3,81,final
2026-02-21,celio,tshirt homme,6.6,1,68,final
2026-02-22,celio,tshirt homme,5.3,0,137,final
2026-02-23,celio,tshirt homme,5.6,3,119,final
2026-02-24,celio,tshirt homme,5.8,0,65,final
2026-02-25,celio,tshirt homme,7.0,2,83,final
2026-02-26,celio,tshirt homme,5.4,3,111,final
2026-02-27,celio,tshirt homme,7.7,0,93,final
2026-02-28,celio,tshirt homme,7.1,0,136,final
2026-03-01,celio,tshirt homme,6.8,0,134,final
2026-03-02,celio,tshirt homme,4.9,3,181,final
2026-03-03,celio,tshirt homme,3.9,2,194,final
2026-03-04,celio,tshirt homme,4.9,1,153,final
2026-03-05,celio,tshirt homme,4.7,0,168,final
2026-03-06,celio,tshirt homme,5.6,0,146,final
2026-03-07,celio,tshirt homme,4.6,1,157,final
2026-03-08,celio,tshirt homme,5.4,2,188,final
2026-03-09,celio,tshirt homme,6.4,5,166,final
2026-03-10,celio,tshirt homme,5.2,2,93,final
2026-03-11,celio,tshirt homme,4.9,1,101,final
2026-03-12,celio,tshirt homme,5.8,1,143,final
2026-03-13,celio,tshirt homme,5.6,1,152,final
2026-03-14,celio,tshirt homme,5.8,1,140,final
2026-03-15,celio,tshirt homme,6.5,3,119,final
2026-03-16,celio,tshirt homme,5.6,1,127,final
2026-03-17,celio,tshirt homme,5.7,3,219,final
2026-03-18,celio,tshirt homme,4.4,5,201,final
2026-03-19,celio,tshirt homme,4.2,4,182,final
2026-03-20,celio,tshirt homme,4.8,0,140,final
2026-03-21,celio,tshirt homme,4.2,2,192,final
2026-03-22,celio,tshirt homme,5.4,3,243,final
2026-03-23,celio,tshirt homme,4.3,4,200,final
2026-03-24,celio,tshirt homme,4.2,2,163,final
2026-03-25,celio,tshirt homme,3.3,5,228,final
2026-03-26,celio,tshirt homme,4.3,2,194,final
2026-03-27,celio,tshirt homme,4.1,6,216,final
2026-03-28,celio,tshirt homme,4.5,2,219,final
2026-03-29,celio,tshirt homme,3.7,4,237,final
2026-03-30,celio,tshirt homme,5.7,0,144,final
2026-03-31,celio,tshirt homme,5.3,1,202,final
2026-04-01,celio,tshirt homme,3.6,6,216,final
2026-04-02,celio,tshirt homme,3.0,2,216,final
2026-04-03,celio,tshirt homme,4.3,3,168,final
2026-04-04,celio,tshirt homme,3.8,2,188,final
2026-04-05,celio,tshirt homme,10.5,3,197,final
2026-04-06,celio,tshirt homme,5.1,3,188,final
2026-04-07,celio,tshirt homme,3.9,2,187,final
2026-04-08,celio,tshirt homme,5.3,4,238,final
2026-04-09,celio,tshirt homme,4.5,4,235,final
2026-04-10,celio,tshirt homme,7.6,1,103,final
2026-04-11,celio,tshirt homme,6.4,1,102,final
2026-04-12,celio,tshirt homme,6.5,3,113,final
2026-04-13,celio,tshirt homme,6.6,1,125,final
2026-04-14,celio,tshirt homme,7.9,1,107,final
2026-04-15,celio,tshirt homme,6.8,0,71,final
2026-04-16,celio,tshirt homme,7.2,0,81,final
2026-04-17,celio,tshirt homme,5.7,2,91,final
2026-04-18,celio,tshirt homme,7.0,3,102,final
2026-04-19,celio,tshirt homme,4.7,5,152,final
2026-04-20,celio,tshirt homme,6.4,1,122,final
2026-04-21,celio,tshirt homme,5.3,1,127,final
2026-04-22,celio,tshirt homme,5.1,3,123,final
2026-04-23,celio,tshirt homme,6.2,3,147,final
2026-04-24,celio,tshirt homme,6.1,1,152,final
2026-04-25,celio,tshirt homme,7.3,4,156,final
2026-04-26,celio,tshirt homme,5.9,6,187,final
2026-04-27,celio,tshirt homme,5.6,1,141,final
2026-04-28,celio,tshirt homme,3.9,4,252,final
2026-04-29,celio,tshirt homme,3.8,7,250,final
2026-04-30,celio,tshirt homme,3.4,1,228,final
2026-05-01,celio,tshirt homme,5.5,6,328,final
2026-05-02,celio,tshirt homme,3.7,7,313,final
2026-05-03,celio,tshirt homme,3.5,11,374,final
2026-05-04,celio,tshirt homme,3.6,5,283,final
2026-05-05,celio,tshirt homme,4.7,6,261,final
2026-05-06,celio,tshirt homme,4.4,1,230,final
2026-05-07,celio,tshirt homme,3.9,3,229,final
2026-05-08,celio,tshirt homme,3.3,10,270,final
2026-05-09,celio,tshirt homme,2.9,10,273,final
2026-05-10,celio,tshirt homme,3.1,11,303,final
2026-05-11,celio,tshirt homme,3.2,7,265,final
2026-05-12,celio,tshirt homme,2.3,2,199,final
2026-05-13,celio,tshirt homme,2.3,7,228,final
2026-05-14,celio,tshirt homme,2.6,10,238,final
2026-05-15,celio,tshirt homme,3.2,2,217,final
2026-05-16,celio,tshirt homme,2.4,2,238,final
2026-05-17,celio,tshirt homme,3.1,2,238,final
2026-05-18,celio,tshirt homme,2.7,5,238,final
2026-05-19,celio,tshirt homme,2.3,4,268,final
2026-05-20,celio,tshirt homme,2.6,10,259,final
2026-05-21,celio,tshirt homme,2.6,13,274,final
2026-05-22,celio,tshirt homme,2.5,6,276,final
2026-05-23,celio,tshirt homme,2.7,10,331,final
2026-05-24,celio,tshirt homme,2.2,16,368,final
2026-05-25,celio,tshirt homme,2.0,9,403,final
2026-05-26,celio,tshirt homme,2.8,13,395,final
2026-05-27,celio,tshirt homme,2.2,10,310,final
2026-05-28,celio,tshirt homme,2.2,5,290,final
2026-05-29,celio,tshirt homme,2.4,9,351,final
2026-05-30,celio,tshirt homme,2.0,7,303,final
2026-05-31,celio,tshirt homme,2.5,18,408,final
2026-06-01,celio,tshirt homme,2.6,16,388,final
2026-06-02,celio,tshirt homme,3.2,5,337,final
2026-06-03,celio,tshirt homme,3.1,6,288,final
2026-06-04,celio,tshirt homme,3.4,4,307,final
2026-06-05,celio,tshirt homme,3.1,12,334,final
2026-06-06,celio,tshirt homme,3.0,5,319,final
2026-06-07,celio,tshirt homme,3.0,9,407,final
2026-06-08,celio,tshirt homme,3.4,8,382,final
2026-06-09,celio,tshirt homme,2.4,9,383,final
2026-06-10,celio,tshirt homme,2.6,8,325,final
2026-06-11,celio,tshirt homme,3.0,13,294,final
2026-06-12,celio,tshirt homme,3.3,4,299,final
2026-06-13,celio,tshirt homme,2.3,6,301,final
2026-06-14,celio,tshirt homme,2.7,5,378,final
2026-06-15,celio,tshirt homme,2.5,10,397,final
2026-06-16,celio,tshirt homme,2.2,6,359,final
2026-06-17,celio,tshirt homme,2.2,8,416,final
2026-06-18,celio,tshirt homme,2.2,10,335,final
2026-06-19,celio,tshirt homme,2.3,8,332,final
2026-06-20,celio,tshirt homme,2.3,5,370,final
2026-06-21,celio,tshirt homme,2.1,13,371,final
2026-06-22,celio,tshirt homme,2.2,11,349,final
2026-06-23,celio,tshirt homme,2.2,4,304,final
2026-06-24,celio,tshirt homme,3.0,15,490,final
2026-06-25,celio,tshirt homme,3.0,4,395,final
2026-06-26,celio,tshirt homme,2.9,7,362,final
2026-06-27,celio,tshirt homme,4.0,3,175,final
2026-06-28,celio,tshirt homme,3.4,7,325,final
2026-06-29,celio,tshirt homme,3.6,3,268,final
2026-06-30,celio,tshirt homme,3.4,6,347,final
2026-07-01,celio,tshirt homme,4.4,3,368,final
2026-07-02,celio,tshirt homme,4.2,4,307,final
2026-07-03,celio,tshirt homme,4.2,3,260,final
2026-07-04,celio,tshirt homme,3.9,2,304,final
2026-07-05,celio,tshirt homme,4.0,13,336,final
2026-07-06,celio,tshirt homme,4.3,3,205,final
2026-07-07,celio,tshirt homme,4.5,3,228,final
2026-07-08,celio,tshirt homme,4.3,5,311,final
2026-07-09,celio,tshirt homme,4.1,3,297,final
2026-07-10,celio,tshirt homme,4.1,4,287,final
2026-07-11,celio,tshirt homme,3.9,5,193,final
2026-07-12,celio,tshirt homme,4.1,4,281,final
2026-07-13,celio,tshirt homme,4.2,3,172,final
2026-07-14,celio,tshirt homme,5.2,1,138,final
2026-07-15,celio,tshirt homme,6.2,2,137,final
2026-07-16,celio,tshirt homme,5.6,0,149,final
2026-07-17,celio,tshirt homme,5.7,0,130,final
2026-07-18,celio,tshirt homme,4.2,2,192,final
2026-07-19,celio,tshirt homme,4.4,4,248,final
2026-07-20,celio,tshirt homme,3.7,3,142,final
2026-07-21,celio,tshirt homme,4.2,3,261,final
2026-07-22,celio,tshirt homme,4.1,5,227,final
2026-07-23,celio,tshirt homme,4.6,2,205,final
2026-07-24,celio,tshirt homme,5.5,1,103,final
2026-07-25,celio,tshirt homme,5.3,4,134,final
2026-07-26,celio,tshirt homme,4.8,3,242,final
2026-07-27,celio,tshirt homme,4.8,1,171,final
2026-07-28,celio,tshirt homme,6.0,1,113,final
2026-07-29,celio,tshirt homme,5.9,2,90,final
2026-07-30,celio,tshirt homme,5.2,2,146,final
2026-07-31,celio,tshirt homme,5.1,4,128,final
2026-08-01,celio,tshirt homme,6.5,1,171,final
2026-08-02,celio,tshirt homme,5.7,1,155,final
2026-08-03,celio,tshirt homme,5.0,1,140,final
2026-08-04,celio,tshirt homme,4.1,2,232,final
2026-08-05,celio,tshirt homme,4.1,2,236,final
2026-08-06,celio,tshirt homme,4.2,8,240,final
2026-08-07,celio,tshirt homme,3.9,1,184,final
2026-08-08,celio,tshirt homme,3.7,5,239,final
2026-08-09,celio,tshirt homme,3.3,6,273,final
2026-08-10,celio,tshirt homme,3.8,6,246,final
2026-08-11,celio,tshirt homme,3.9,1,261,final
2026-08-12,celio,tshirt homme,3.9,7,255,final
2026-08-13,celio,tshirt homme,3.6,6,236,final
2026-08-14,celio,tshirt homme,4.2,5,227,final
2026-08-15,celio,tshirt homme,4.3,4,227,final
2026-08-16,celio,tshirt homme,4.4,4,254,final
2026-08-17,celio,tshirt homme,4.6,4,214,final
2026-08-18,celio,tshirt homme,5.1,0,201,final
2026-08-19,celio,tshirt homme,6.9,2,117,final
2026-08-20,celio,tshirt homme,6.2,0,110,final
2026-08-21,celio,tshirt homme,6.5,0,91,final
2026-08-22,celio,tshirt homme,7.1,0,92,final
2026-08-23,celio,tshirt homme,6.8,1,76,final
2026-08-24,celio,tshirt homme,6.6,1,82,final
2026-08-25,celio,tshirt homme,7,0,66,final
2026-08-26,celio,tshirt homme,7.8,0,87,final
2026-08-27,celio,tshirt homme,6.5,5,125,final
2026-08-28,celio,tshirt homme,5.9,3,147,final
2026-08-29,celio,tshirt homme,6.3,3,167,final
2026-08-30,celio,tshirt homme,5.8,4,197,final
2026-08-31,celio,tshirt homme,5.7,3,193,final
2026-09-01,celio,tshirt homme,5.8,2,165,final
2026-09-02,celio,tshirt homme,6.2,1,124,final
2026-09-03,celio,tshirt homme,6.3,3,90,final
2026-09-04,celio,tshirt homme,6.3,0,87,final
2026-09-05,celio,tshirt homme,6.6,1,126,final
2026-09-06,celio,tshirt homme,7.6,2,139,final
2026-09-07,celio,tshirt homme,7.5,3,136,final
2026-09-08,celio,tshirt homme,7.2,0,140,final
2026-09-09,celio,tshirt homme,8.1,1,103,final
2026-09-10,celio,tshirt homme,6.9,4,110,final
2026-09-11,celio,tshirt homme,8.5,1,103,final
2026-09-12,celio,tshirt homme,8.4,1,98,final
2026-09-13,celio,tshirt homme,7.3,2,134,final
2026-09-14,celio,tshirt homme,6.2,0,86,final
2026-09-15,celio,tshirt homme,7.4,4,144,final
2026-09-16,celio,tshirt homme,5.8,0,137,final
2026-09-17,celio,tshirt homme,5.9,5,137,final
2026-09-18,celio,tshirt homme,5.6,1,87,final
2026-09-19,celio,tshirt homme,4.1,2,128,final
2026-09-20,celio,tshirt homme,4.2,4,188,final
2026-09-21,celio,tshirt homme,4.5,4,131,final
2026-09-22,celio,tshirt homme,4.5,2,151,final
2026-09-23,celio,tshirt homme,2.6,2,145,final
2026-09-24,celio,tshirt homme,2.6,4,164,final
2026-09-25,celio,tshirt homme,2.4,7,139,final
2026-09-26,celio,tshirt homme,2.8,2,179,final
2026-09-27,celio,tshirt homme,2.9,0,191,final
2026-09-28,celio,tshirt homme,3.4,4,148,final
2026-09-29,celio,tshirt homme,3.5,4,130,fresh
2026-09-30,celio,tshirt homme,5.9,2,118,fresh
2025-06-08,celio,veste homme,4.5,17,933,final
2025-06-09,celio,veste homme,4.6,21,906,final
2025-06-10,celio,veste homme,5.0,18,841,final
2025-06-11,celio,veste homme,5.3,11,701,final
2025-06-12,celio,veste homme,5.2,10,621,final
2025-06-13,celio,veste homme,5.5,3,532,final
2025-06-14,celio,veste homme,4.1,11,587,final
2025-06-15,celio,veste homme,3.7,14,645,final
2025-06-16,celio,veste homme,4.3,10,574,final
2025-06-17,celio,veste homme,4.0,9,511,final
2025-06-18,celio,veste homme,4.3,14,533,final
2025-06-19,celio,veste homme,5.5,5,440,final
2025-06-20,celio,veste homme,4.9,5,395,final
2025-06-21,celio,veste homme,5.3,3,415,final
2025-06-22,celio,veste homme,5.3,5,490,final
2025-06-23,celio,veste homme,4.7,8,525,final
2025-06-24,celio,veste homme,4.7,6,572,final
2025-06-25,celio,veste homme,4.3,9,593,final
2025-06-26,celio,veste homme,4.3,10,595,final
2025-06-27,celio,veste homme,4.9,7,522,final
2025-06-28,celio,veste homme,4.8,5,551,final
2025-06-29,celio,veste homme,4.7,7,541,final
2025-06-30,celio,veste homme,4.9,3,502,final
2025-07-01,celio,veste homme,6.5,2,434,final
2025-07-02,celio,veste homme,8.7,3,519,final
2025-07-03,celio,veste homme,7.9,2,468,final
2025-07-04,celio,veste homme,7.6,3,439,final
2025-07-05,celio,veste homme,7.4,3,539,final
2025-07-06,celio,veste homme,8.1,8,628,final
2025-07-07,celio,veste homme,7.4,4,731,final
2025-07-08,celio,veste homme,7.1,5,617,final
2025-07-09,celio,veste homme,7.9,3,542,final
2025-07-10,celio,veste homme,7.9,7,417,final
2025-07-11,celio,veste homme,8.2,6,423,final
2025-07-12,celio,veste homme,9.2,4,414,final
2025-07-13,celio,veste homme,8.3,4,427,final
2025-07-14,celio,veste homme,8.4,1,486,final
2025-07-15,celio,veste homme,8.5,4,476,final
2025-07-16,celio,veste homme,8.6,3,419,final
2025-07-17,celio,veste homme,9.6,7,376,final
2025-07-18,celio,veste homme,5.7,3,472,final
2025-07-19,celio,veste homme,5.6,6,545,final
2025-07-20,celio,veste homme,5.6,11,642,final
2025-07-21,celio,veste homme,6.2,7,586,final
2025-07-22,celio,veste homme,6.0,5,659,final
2025-07-23,celio,veste homme,6.2,6,602,final
2025-07-24,celio,veste homme,5.8,6,665,final
2025-07-25,celio,veste homme,6.2,5,542,final
2025-07-26,celio,veste homme,6.8,9,557,final
2025-07-27,celio,veste homme,6.5,6,673,final
2025-07-28,celio,veste homme,7.3,6,520,final
2025-07-29,celio,veste homme,7.1,7,702,final
2025-07-30,celio,veste homme,7.9,2,585,final
2025-07-31,celio,veste homme,10.3,1,349,final
2025-08-01,celio,veste homme,9.4,3,323,final
2025-08-02,celio,veste homme,7.7,1,464,final
2025-08-03,celio,veste homme,6.8,6,599,final
2025-08-04,celio,veste homme,7.7,6,490,final
2025-08-05,celio,veste homme,7.5,7,502,final
2025-08-06,celio,veste homme,6.7,7,498,final
2025-08-07,celio,veste homme,6.3,6,588,final
2025-08-08,celio,veste homme,6.9,4,507,final
2025-08-09,celio,veste homme,7.3,7,473,final
2025-08-10,celio,veste homme,7.1,3,462,final
2025-08-11,celio,veste homme,7.2,1,442,final
2025-08-12,celio,veste homme,8.9,2,365,final
2025-08-13,celio,veste homme,8.0,7,500,final
2025-08-14,celio,veste homme,8.2,4,442,final
2025-08-15,celio,veste homme,9.3,2,312,final
2025-08-16,celio,veste homme,9.1,5,367,final
2025-08-17,celio,veste homme,8.7,3,383,final
2025-08-18,celio,veste homme,7.1,10,601,final
2025-08-19,celio,veste homme,6.5,6,722,final
2025-08-20,celio,veste homme,6.8,10,876,final
2025-08-21,celio,veste homme,6.9,10,736,final
2025-08-22,celio,veste homme,6.4,12,700,final
2025-08-23,celio,veste homme,6.0,9,822,final
2025-08-24,celio,veste homme,4.7,11,774,final
2025-08-25,celio,veste homme,5.3,12,724,final
2025-08-26,celio,veste homme,5.3,8,868,final
2025-08-27,celio,veste homme,4.8,19,935,final
2025-08-28,celio,veste homme,3.9,18,972,final
2025-08-29,celio,veste homme,3.7,29,1131,final
2025-08-30,celio,veste homme,3.2,24,1245,final
2025-08-31,celio,veste homme,3.5,24,1380,final
2025-09-01,celio,veste homme,3.5,32,1519,final
2025-09-02,celio,veste homme,3.3,34,1509,final
2025-09-03,celio,veste homme,2.1,48,1439,final
2025-09-04,celio,veste homme,2.1,36,1354,final
2025-09-05,celio,veste homme,4.2,28,1065,final
2025-09-06,celio,veste homme,5.1,19,1077,final
2025-09-07,celio,veste homme,4.9,18,1161,final
2025-09-08,celio,veste homme,5.1,29,1232,final
2025-09-09,celio,veste homme,5.0,24,840,final
2025-09-10,celio,veste homme,8.0,8,663,final
2025-09-11,celio,veste homme,7.3,13,823,final
2025-09-12,celio,veste homme,7.3,20,924,final
2025-09-13,celio,veste homme,7.5,20,1418,final
2025-09-14,celio,veste homme,7.5,18,1472,final
2025-09-15,celio,veste homme,8.6,9,1017,final
2025-09-16,celio,veste homme,9.5,1,201,final
2025-09-17,celio,veste homme,8.8,2,266,final
2025-09-18,celio,veste homme,10.0,6,177,final
2025-09-19,celio,veste homme,8.3,3,169,final
2025-09-20,celio,veste homme,9.1,2,283,final
2025-09-21,celio,veste homme,8.6,3,408,final
2025-09-22,celio,veste homme,9.1,6,258,final
2025-09-23,celio,veste homme,8.3,2,342,final
2025-09-24,celio,veste homme,6.9,8,460,final
2025-09-25,celio,veste homme,6.8,10,316,final
2025-09-26,celio,veste homme,7.9,10,347,final
2025-09-27,celio,veste homme,7.8,3,383,final
2025-09-28,celio,veste homme,5.6,14,534,final
2025-09-29,celio,veste homme,7.1,10,406,final
2025-09-30,celio,veste homme,6.7,10,392,final
2025-10-01,celio,veste homme,7.2,7,305,final
2025-10-02,celio,veste homme,6.0,10,442,final
2025-10-03,celio,veste homme,3.2,31,1123,final
2025-10-04,celio,veste homme,7.6,12,759,final
2025-10-05,celio,veste homme,6.9,13,617,final
2025-10-06,celio,veste homme,6.3,16,648,final
2025-10-07,celio,veste homme,6.8,9,565,final
2025-10-08,celio,veste homme,7.4,6,402,final
2025-10-09,celio,veste homme,7.6,6,318,final
2025-10-10,celio,veste homme,10.7,4,227,final
2025-10-11,celio,veste homme,10.7,3,204,final
2025-10-12,celio,veste homme,8.0,6,302,final
2025-10-13,celio,veste homme,6.4,6,326,final
2025-10-14,celio,veste homme,7.0,8,352,final
2025-10-15,celio,veste homme,8.0,4,357,final
2025-10-16,celio,veste homme,8.6,4,240,final
2025-10-17,celio,veste homme,6.1,5,363,final
2025-10-18,celio,veste homme,6.1,9,441,final
2025-10-19,celio,veste homme,6.6,11,424,final
2025-10-20,celio,veste homme,6.8,10,587,final
2025-10-21,celio,veste homme,7.2,4,361,final
2025-10-22,celio,veste homme,5.9,14,729,final
2025-10-23,celio,veste homme,7.3,26,1332,final
2025-10-24,celio,veste homme,7.7,10,789,final
2025-10-25,celio,veste homme,8.2,13,927,final
2025-10-26,celio,veste homme,7.8,22,1136,final
2025-10-27,celio,veste homme,9.3,14,1261,final
2025-10-28,celio,veste homme,7.1,24,1192,final
2025-10-29,celio,veste homme,4.6,41,1423,final
2025-10-30,celio,veste homme,6.2,23,1248,final
2025-10-31,celio,veste homme,8.2,5,375,final
2025-11-01,celio,veste homme,9.0,13,864,final
2025-11-02,celio,veste homme,9.2,26,1881,final
2025-11-03,celio,veste homme,7.7,10,1325,final
2025-11-04,celio,veste homme,8.2,10,1251,final
2025-11-05,celio,veste homme,7.6,9,755,final
2025-11-06,celio,veste homme,4.5,33,1715,final
2025-11-07,celio,veste homme,4.8,31,1700,final
2025-11-08,celio,veste homme,4.3,53,2224,final
2025-11-09,celio,veste homme,4.0,50,2412,final
2025-11-10,celio,veste homme,4.3,44,2160,final
2025-11-11,celio,veste homme,5.5,42,2505,final
2025-11-12,celio,veste homme,5.7,31,2051,final
2025-11-13,celio,veste homme,4.9,30,1783,final
2025-11-14,celio,veste homme,4.9,43,1849,final
2025-11-15,celio,veste homme,5.8,32,2145,final
2025-11-16,celio,veste homme,5.0,33,2735,final
2025-11-17,celio,veste homme,5.8,35,2269,final
2025-11-18,celio,veste homme,5.8,37,2264,final
2025-11-19,celio,veste homme,5.9,35,2200,final
2025-11-20,celio,veste homme,4.9,41,2308,final
2025-11-21,celio,veste homme,4.2,58,2454,final
2025-11-22,celio,veste homme,4.5,62,2761,final
2025-11-23,celio,veste homme,4.2,90,3433,final
2025-11-24,celio,veste homme,4.0,63,2867,final
2025-11-25,celio,veste homme,4.0,56,2812,final
2025-11-26,celio,veste homme,5.5,55,2792,final
2025-11-27,celio,veste homme,5.1,50,3178,final
2025-11-28,celio,veste homme,5.4,53,3265,final
2025-11-29,celio,veste homme,4.9,61,3543,final
2025-11-30,celio,veste homme,5.2,62,4129,final
2025-12-01,celio,veste homme,4.9,48,3527,final
2025-12-02,celio,veste homme,3.8,77,3280,final
2025-12-03,celio,veste homme,3.0,86,3136,final
2025-12-04,celio,veste homme,3.1,79,2929,final
2025-12-05,celio,veste homme,3.0,96,2788,final
2025-12-06,celio,veste homme,3.1,90,3057,final
2025-12-07,celio,veste homme,3.0,122,3915,final
2025-12-08,celio,veste homme,3.0,120,3276,final
2025-12-09,celio,veste homme,3.2,85,2712,final
2025-12-10,celio,veste homme,2.9,75,2725,final
2025-12-11,celio,veste homme,3.7,59,2482,final
2025-12-12,celio,veste homme,4.1,56,2068,final
2025-12-13,celio,veste homme,3.5,68,2822,final
2025-12-14,celio,veste homme,3.1,87,3246,final
2025-12-15,celio,veste homme,3.1,93,2996,final
2025-12-16,celio,veste homme,3.2,86,2791,final
2025-12-17,celio,veste homme,3.3,60,2298,final
2025-12-18,celio,veste homme,2.8,62,2028,final
2025-12-19,celio,veste homme,2.9,62,1961,final
2025-12-20,celio,veste homme,3.7,33,2059,final
2025-12-21,celio,veste homme,3.7,46,2069,final
2025-12-22,celio,veste homme,3.6,52,1822,final
2025-12-23,celio,veste homme,3.5,40,1724,final
2025-12-24,celio,veste homme,3.9,26,1266,final
2025-12-25,celio,veste homme,3.4,31,1664,final
2025-12-26,celio,veste homme,3.3,31,1473,final
2025-12-27,celio,veste homme,3.6,46,1500,final
2025-12-28,celio,veste homme,3.7,24,1266,final
2025-12-29,celio,veste homme,3.9,33,1242,final
2025-12-30,celio,veste homme,3.8,37,1170,final
2025-12-31,celio,veste homme,4.1,19,886,final
2026-01-01,celio,veste homme,4.0,27,1147,final
2026-01-02,celio,veste homme,4.5,30,1294,final
2026-01-03,celio,veste homme,6.5,12,839,final
2026-01-04,celio,veste homme,6.6,7,601,final
2026-01-05,celio,veste homme,6.1,8,597,final
2026-01-06,celio,veste homme,6.4,12,902,final
2026-01-07,celio,veste homme,4.1,49,1990,final
2026-01-08,celio,veste homme,4.3,37,1612,final
2026-01-09,celio,veste homme,6.8,15,797,final
2026-01-10,celio,veste homme,6.7,14,650,final
2026-01-11,celio,veste homme,5.4,16,1137,final
2026-01-12,celio,veste homme,6.4,15,1175,final
2026-01-13,celio,veste homme,6.4,23,1156,final
2026-01-14,celio,veste homme,5.7,15,850,final
2026-01-15,celio,veste homme,4.2,24,1186,final
2026-01-16,celio,veste homme,4.4,20,1126,final
2026-01-17,celio,veste homme,5.9,13,981,final
2026-01-18,celio,veste homme,5.2,17,727,final
2026-01-19,celio,veste homme,7.0,27,723,final
2026-01-20,celio,veste homme,8.9,6,435,final
2026-01-21,celio,veste homme,8.4,10,453,final
2026-01-22,celio,veste homme,7.5,4,500,final
2026-01-23,celio,veste homme,8.7,5,369,final
2026-01-24,celio,veste homme,7.9,9,455,final
2026-01-25,celio,veste homme,7.3,13,641,final
2026-01-26,celio,veste homme,7.4,10,492,final
2026-01-27,celio,veste homme,8.8,6,432,final
2026-01-28,celio,veste homme,8.6,12,675,final
2026-01-29,celio,veste homme,7.1,4,411,final
2026-01-30,celio,veste homme,8.5,8,347,final
2026-01-31,celio,veste homme,10.2,4,336,final
2026-02-01,celio,veste homme,9.4,3,346,final
2026-02-02,celio,veste homme,8.8,4,329,final
2026-02-03,celio,veste homme,9.9,2,219,final
2026-02-04,celio,veste homme,11.1,4,302,final
2026-02-05,celio,veste homme,11.1,6,299,final
2026-02-06,celio,veste homme,8.8,5,289,final
2026-02-07,celio,veste homme,8.6,6,356,final
2026-02-08,celio,veste homme,8.9,9,416,final
2026-02-09,celio,veste homme,9.1,9,471,final
2026-02-10,celio,veste homme,10.4,3,337,final
2026-02-11,celio,veste homme,7.4,6,384,final
2026-02-12,celio,veste homme,7.4,10,445,final
2026-02-13,celio,veste homme,8.0,7,471,final
2026-02-14,celio,veste homme,5.9,19,672,final
2026-02-15,celio,veste homme,5.9,13,537,final
2026-02-16,celio,veste homme,7.8,4,388,final
2026-02-17,celio,veste homme,9.4,3,315,final
2026-02-18,celio,veste homme,16.6,2,112,final
2026-02-19,celio,veste homme,13.1,3,153,final
2026-02-20,celio,veste homme,9.7,5,252,final
2026-02-21,celio,veste homme,7.9,4,349,final
2026-02-22,celio,veste homme,10.2,6,299,final
2026-02-23,celio,veste homme,9.8,6,323,final
2026-02-24,celio,veste homme,9.2,2,299,final
2026-02-25,celio,veste homme,6.6,10,551,final
2026-02-26,celio,veste homme,5.9,7,408,final
2026-02-27,celio,veste homme,8.3,6,359,final
2026-02-28,celio,veste homme,3.2,22,937,final
2026-03-01,celio,veste homme,4.1,20,895,final
2026-03-02,celio,veste homme,4.9,12,733,final
2026-03-03,celio,veste homme,4.7,16,756,final
2026-03-04,celio,veste homme,7.8,7,288,final
2026-03-05,celio,veste homme,8.2,1,315,final
2026-03-06,celio,veste homme,8.6,3,206,final
2026-03-07,celio,veste homme,9.1,0,262,final
2026-03-08,celio,veste homme,6.8,8,668,final
2026-03-09,celio,veste homme,9.9,14,254,final
2026-03-10,celio,veste homme,10.2,2,211,final
2026-03-11,celio,veste homme,8.1,9,350,final
2026-03-12,celio,veste homme,5.6,13,625,final
2026-03-13,celio,veste homme,8.7,6,307,final
2026-03-14,celio,veste homme,10.0,4,310,final
2026-03-15,celio,veste homme,8.4,5,275,final
2026-03-16,celio,veste homme,7.6,4,370,final
2026-03-17,celio,veste homme,7.5,3,457,final
2026-03-18,celio,veste homme,8.3,6,342,final
2026-03-19,celio,veste homme,7.0,9,303,final
2026-03-20,celio,veste homme,6.1,4,338,final
2026-03-21,celio,veste homme,4.2,20,617,final
2026-03-22,celio,veste homme,8.3,6,270,final
2026-03-23,celio,veste homme,7.3,4,243,final
2026-03-24,celio,veste homme,7.8,4,317,final
2026-03-25,celio,veste homme,7.3,3,258,final
2026-03-26,celio,veste homme,7.5,4,320,final
2026-03-27,celio,veste homme,7.6,7,308,final
2026-03-28,celio,veste homme,6.4,9,388,final
2026-03-29,celio,veste homme,5.3,12,478,final
2026-03-30,celio,veste homme,6.5,8,353,final
2026-03-31,celio,veste homme,7.4,4,360,final
2026-04-01,celio,veste homme,7.1,2,318,final
2026-04-02,celio,veste homme,8.7,5,241,final
2026-04-03,celio,veste homme,9.2,5,252,final
2026-04-04,celio,veste homme,7.5,0,198,final
2026-04-05,celio,veste homme,8.1,7,285,final
2026-04-06,celio,veste homme,7.6,10,237,final
2026-04-07,celio,veste homme,6.9,6,330,final
2026-04-08,celio,veste homme,7.2,4,346,final
2026-04-09,celio,veste homme,6.6,4,365,final
2026-04-10,celio,veste homme,5.9,11,463,final
2026-04-11,celio,veste homme,5.2,10,723,final
2026-04-12,celio,veste homme,7.2,9,320,final
2026-04-13,celio,veste homme,9.7,4,245,final
2026-04-14,celio,veste homme,11.0,3,274,final
2026-04-15,celio,veste homme,7.4,3,292,final
2026-04-16,celio,veste homme,8.2,1,264,final
2026-04-17,celio,veste homme,7.9,4,288,final
2026-04-18,celio,veste homme,7.2,4,337,final
2026-04-19,celio,veste homme,6.8,5,371,final
2026-04-20,celio,veste homme,6.8,4,320,final
2026-04-21,celio,veste homme,6.4,5,356,final
2026-04-22,celio,veste homme,8.2,10,315,final
2026-04-23,celio,veste homme,9.4,3,181,final
2026-04-24,celio,veste homme,10.9,1,165,final
2026-04-25,celio,veste homme,11.6,4,152,final
2026-04-26,celio,veste homme,9.6,1,213,final
2026-04-27,celio,veste homme,8.6,2,219,final
2026-04-28,celio,veste homme,6.8,11,338,final
2026-04-29,celio,veste homme,5.9,7,310,final
2026-04-30,celio,veste homme,4.7,7,540,final
2026-05-01,celio,veste homme,5.1,15,569,final
2026-05-02,celio,veste homme,6.3,7,299,final
2026-05-03,celio,veste homme,6.7,13,318,final
2026-05-04,celio,veste homme,6.4,5,366,final
2026-05-05,celio,veste homme,6.8,3,307,final
2026-05-06,celio,veste homme,6.1,9,355,final
2026-05-07,celio,veste homme,5.6,4,477,final
2026-05-08,celio,veste homme,4.7,7,555,final
2026-05-09,celio,veste homme,3.5,12,648,final
2026-05-10,celio,veste homme,4.0,27,919,final
2026-05-11,celio,veste homme,5.0,9,698,final
2026-05-12,celio,veste homme,9.1,9,462,final
2026-05-13,celio,veste homme,8.8,6,292,final
2026-05-14,celio,veste homme,9.6,4,249,final
2026-05-15,celio,veste homme,6.7,4,238,final
2026-05-16,celio,veste homme,6.1,2,225,final
2026-05-17,celio,veste homme,6.0,0,244,final
2026-05-18,celio,veste homme,6.3,0,243,final
2026-05-19,celio,veste homme,6.0,1,249,final
2026-05-20,celio,veste homme,6.6,5,247,final
2026-05-21,celio,veste homme,7.8,4,220,final
2026-05-22,celio,veste homme,7.1,0,221,final
2026-05-23,celio,veste homme,9.3,1,161,final
2026-05-24,celio,veste homme,10.8,0,124,final
2026-05-25,celio,veste homme,7.4,4,148,final
2026-05-26,celio,veste homme,9.8,1,162,final
2026-05-27,celio,veste homme,8.3,2,147,final
2026-05-28,celio,veste homme,7.1,1,135,final
2026-05-29,celio,veste homme,6.3,1,207,final
2026-05-30,celio,veste homme,9.4,0,155,final
2026-05-31,celio,veste homme,8.5,2,138,final
2026-06-01,celio,veste homme,9.5,1,160,final
2026-06-02,celio,veste homme,9.0,3,206,final
2026-06-03,celio,veste homme,7.2,1,194,final
2026-06-04,celio,veste homme,7.6,5,241,final
2026-06-05,celio,veste homme,6.6,7,239,final
2026-06-06,celio,veste homme,6.5,2,290,final
2026-06-07,celio,veste homme,6.5,3,257,final
2026-06-08,celio,veste homme,6.4,4,273,final
2026-06-09,celio,veste homme,6.2,1,303,final
2026-06-10,celio,veste homme,5.9,5,287,final
2026-06-11,celio,veste homme,6.5,2,300,final
2026-06-12,celio,veste homme,6.8,3,321,final
2026-06-13,celio,veste homme,6.5,4,281,final
2026-06-14,celio,veste homme,5.8,4,252,final
2026-06-15,celio,veste homme,5.0,6,388,final
2026-06-16,celio,veste homme,5.4,2,356,final
2026-06-17,celio,veste homme,6.4,3,259,final
2026-06-18,celio,veste homme,8.9,1,141,final
2026-06-19,celio,veste homme,8.4,2,312,final
2026-06-20,celio,veste homme,9.9,1,141,final
2026-06-21,celio,veste homme,9.1,1,135,final
2026-06-22,celio,veste homme,9.9,1,145,final
2026-06-23,celio,veste homme,11.3,0,122,final
2026-06-24,celio,veste homme,8.1,3,176,final
2026-06-25,celio,veste homme,7.4,2,191,final
2026-06-26,celio,veste homme,5.2,3,280,final
2026-06-27,celio,veste homme,5.9,2,204,final
2026-06-28,celio,veste homme,4.5,3,301,final
2026-06-29,celio,veste homme,4.9,2,279,final
2026-06-30,celio,veste homme,8.4,0,184,final
2026-07-01,celio,veste homme,9.5,0,193,final
2026-07-02,celio,veste homme,7.3,2,164,final
2026-07-03,celio,veste homme,8.1,2,170,final
2026-07-04,celio,veste homme,6.8,2,295,final
2026-07-05,celio,veste homme,7.9,3,193,final
2026-07-06,celio,veste homme,5.5,6,272,final
2026-07-07,celio,veste homme,5.3,3,332,final
2026-07-08,celio,veste homme,5.6,5,315,final
2026-07-09,celio,veste homme,5.1,0,252,final
2026-07-10,celio,veste homme,7.1,0,178,final
2026-07-11,celio,veste homme,7.3,2,189,final
2026-07-12,celio,veste homme,6.6,0,198,final
2026-07-13,celio,veste homme,7.2,3,185,final
2026-07-14,celio,veste homme,8.6,1,172,final
2026-07-15,celio,veste homme,8.1,0,150,final
2026-07-16,celio,veste homme,7.0,1,198,final
2026-07-17,celio,veste homme,7.7,1,193,final
2026-07-18,celio,veste homme,7.9,1,201,final
2026-07-19,celio,veste homme,7.8,1,205,final
2026-07-20,celio,veste homme,7.4,0,190,final
2026-07-21,celio,veste homme,8.5,2,250,final
2026-07-22,celio,veste homme,8.0,3,259,final
2026-07-23,celio,veste homme,8.4,3,210,final
2026-07-24,celio,veste homme,7.9,3,215,final
2026-07-25,celio,veste homme,7.9,0,367,final
2026-07-26,celio,veste homme,8.0,4,460,final
2026-07-27,celio,veste homme,7.1,1,288,final
2026-07-28,celio,veste homme,8.2,3,349,final
2026-07-29,celio,veste homme,10.1,1,147,final
2026-07-30,celio,veste homme,10.1,1,225,final
2026-07-31,celio,veste homme,10.9,1,193,final
2026-08-01,celio,veste homme,10.7,0,199,final
2026-08-02,celio,veste homme,10.1,1,178,final
2026-08-03,celio,veste homme,8.4,1,199,final
2026-08-04,celio,veste homme,11.2,1,182,final
2026-08-05,celio,veste homme,9.5,1,174,final
2026-08-06,celio,veste homme,10.1,0,163,final
2026-08-07,celio,veste homme,9.8,2,140,final
2026-08-08,celio,veste homme,11.1,0,156,final
2026-08-09,celio,veste homme,11.6,0,171,final
2026-08-10,celio,veste homme,10.8,1,161,final
2026-08-11,celio,veste homme,12.8,1,144,final
2026-08-12,celio,veste homme,13.7,0,124,final
2026-08-13,celio,veste homme,12.6,0,143,final
2026-08-14,celio,veste homme,11.6,0,105,final
2026-08-15,celio,veste homme,15.4,0,108,final
2026-08-16,celio,veste homme,13.3,1,167,final
2026-08-17,celio,veste homme,14,3,151,final
2026-08-18,celio,veste homme,13.1,1,183,final
2026-08-19,celio,veste homme,12.5,3,198,final
2026-08-20,celio,veste homme,11.9,1,200,final
2026-08-21,celio,veste homme,10.1,2,265,final
2026-08-22,celio,veste homme,9.7,4,247,final
2026-08-23,celio,veste homme,9.4,1,257,final
2026-08-24,celio,veste homme,9.9,5,280,final
2026-08-25,celio,veste homme,11.4,3,225,final
2026-08-26,celio,veste homme,10.3,1,267,final
2026-08-27,celio,veste homme,11.8,1,177,final
2026-08-28,celio,veste homme,14.1,0,184,final
2026-08-29,celio,veste homme,12.9,1,224,final
2026-08-30,celio,veste homme,12.8,0,174,final
2026-08-31,celio,veste homme,14.6,1,193,final
2026-09-01,celio,veste homme,12.4,0,209,final
2026-09-02,celio,veste homme,12.0,2,165,final
2026-09-03,celio,veste homme,14.1,1,177,final
2026-09-04,celio,veste homme,13.6,1,155,final
2026-09-05,celio,veste homme,13.6,2,156,final
2026-09-06,celio,veste homme,12.8,4,193,final
2026-09-07,celio,veste homme,12.5,3,172,final
2026-09-08,celio,veste homme,11.1,1,238,final
2026-09-09,celio,veste homme,10.5,1,272,final
2026-09-10,celio,veste homme,11.6,1,176,final
2026-09-11,celio,veste homme,11.2,7,171,final
2026-09-12,celio,veste homme,11.4,2,231,final
2026-09-13,celio,veste homme,11.6,7,211,final
2026-09-14,celio,veste homme,10.9,1,248,final
2026-09-15,celio,veste homme,9.6,1,156,final
2026-09-16,celio,veste homme,7.7,5,271,final
2026-09-17,celio,veste homme,8.6,5,208,final
2026-09-18,celio,veste homme,10.1,2,244,final
2026-09-19,celio,veste homme,9.2,5,232,final
2026-09-20,celio,veste homme,8.4,5,301,final
2026-09-21,celio,veste homme,8.3,1,262,final
2026-09-22,celio,veste homme,8.9,2,238,final
2026-09-23,celio,veste homme,8.4,1,258,final
2026-09-24,celio,veste homme,8.0,1,286,final
2026-09-25,celio,veste homme,9.0,2,256,final
2026-09-26,celio,veste homme,7.8,9,362,final
2026-09-27,celio,veste homme,7.3,8,420,final
2026-09-28,celio,veste homme,7.8,5,366,final
2026-09-29,celio,veste homme,9.7,5,378,fresh
2026-09-30,celio,veste homme,8.1,7,393,fresh
