date,site,query,page,position,clicks,impressions
2026-07-03,celio,blouson homme,https://www.celio.com/fr-be/c/manteaux-blousons,3.8,0,10
2026-07-03,celio,blouson homme,https://www.celio.com/fr-fr/c/blousons-et-manteaux-blousons,7.9,0,89
2026-07-03,celio,blouson homme,https://www.celio.com/fr-fr/store?StoreID=0615,5,0,2
2026-07-04,celio,blouson homme,https://www.celio.com/fr-be/c/manteaux-blousons,5.5,1,4
2026-07-04,celio,blouson homme,https://www.celio.com/fr-fr/c/blousons-et-manteaux-blousons,8.4,0,89
2026-07-05,celio,blouson homme,https://www.celio.com/fr-be/c/manteaux-blousons,4.5,0,2
2026-07-05,celio,blouson homme,https://www.celio.com/fr-fr/c/blousons-et-manteaux-blousons,5.0,0,60
2026-07-06,celio,blouson homme,https://www.celio.com/fr-be/c/manteaux-blousons,8,0,3
2026-07-06,celio,blouson homme,https://www.celio.com/fr-fr/c/blousons-et-manteaux-blousons,6.4,2,74
2026-07-06,celio,blouson homme,https://www.celio.com/fr-fr/store?StoreID=0645,14,0,2
2026-07-07,celio,blouson homme,https://www.celio.com/fr-be/c/manteaux-blousons,5.4,1,7
2026-07-07,celio,blouson homme,https://www.celio.com/fr-fr/c/blousons-et-manteaux-blousons,7.7,0,68
2026-07-07,celio,blouson homme,https://www.celio.com/fr-fr/c/blousons-et-manteaux-vestes,26,0,2
2026-07-08,celio,blouson homme,https://www.celio.com/fr-fr/c/blousons-et-manteaux-blousons,7.1,0,73
2026-07-09,celio,blouson homme,https://www.celio.com/fr-be/c/manteaux-blousons,4.5,0,2
2026-07-09,celio,blouson homme,https://www.celio.com/fr-fr/c/blousons-et-manteaux-blousons,8.1,1,58
2026-07-09,celio,blouson homme,https://www.celio.com/fr-fr/store?StoreID=0615,6,0,2
2026-07-10,celio,blouson homme,https://www.celio.com/fr-be/c/manteaux-blousons,5,0,2
2026-07-10,celio,blouson homme,https://www.celio.com/fr-fr/c/blousons-et-manteaux-blousons,7.1,0,58
2026-07-11,celio,blouson homme,https://www.celio.com/fr-be/c/manteaux-blousons,6.2,0,4
2026-07-11,celio,blouson homme,https://www.celio.com/fr-fr/c/blousons-et-manteaux-blousons,6.4,0,67
2026-07-11,celio,blouson homme,https://www.celio.com/fr-fr/store?StoreID=0016,5.5,0,2
2026-07-11,celio,blouson homme,https://www.celio.com/fr-fr/store?StoreID=0618,1,0,2
2026-07-12,celio,blouson homme,https://www.celio.com/fr-be/c/manteaux-blousons,4.5,0,2
2026-07-12,celio,blouson homme,https://www.celio.com/fr-fr/c/blousons-et-manteaux-blousons,7.8,0,69
2026-07-13,celio,blouson homme,https://www.celio.com/fr-be/c/manteaux-blousons,7.3,0,3
2026-07-13,celio,blouson homme,https://www.celio.com/fr-fr/c/blousons-et-manteaux-blousons,6.1,0,69
2026-07-14,celio,blouson homme,https://www.celio.com/fr-be/c/manteaux-blousons,6,0,2
2026-07-14,celio,blouson homme,https://www.celio.com/fr-fr/c/blousons-et-manteaux-blousons,6.2,0,72
2026-07-15,celio,blouson homme,https://www.celio.com/fr-be/c/manteaux-blousons,6.3,0,3
2026-07-15,celio,blouson homme,https://www.celio.com/fr-fr/c/blousons-et-manteaux-blousons,6.3,0,77
2026-07-15,celio,blouson homme,https://www.celio.com/fr-fr/store?StoreID=1651,1,0,2
2026-07-16,celio,blouson homme,https://www.celio.com/fr-be/c/manteaux-blousons,5,0,3
2026-07-16,celio,blouson homme,https://www.celio.com/fr-fr/c/blousons-et-manteaux-blousons,5.9,1,66
2026-07-16,celio,blouson homme,https://www.celio.com/fr-fr/store?StoreID=1613,2,0,3
2026-07-17,celio,blouson homme,https://www.celio.com/fr-be/c/manteaux-blousons,4,0,3
2026-07-17,celio,blouson homme,https://www.celio.com/fr-fr/c/blousons-et-manteaux-blousons,6.0,0,71
2026-07-18,celio,blouson homme,https://www.celio.com/fr-be/c/manteaux-blousons,6.3,0,3
2026-07-18,celio,blouson homme,https://www.celio.com/fr-fr/c/blousons-et-manteaux-blousons,5.7,0,66
2026-07-19,celio,blouson homme,https://www.celio.com/fr-be/c/manteaux-blousons,7,0,2
2026-07-19,celio,blouson homme,https://www.celio.com/fr-fr/c/blousons-et-manteaux-blousons,6.1,1,80
2026-07-20,celio,blouson homme,https://www.celio.com/fr-be/c/manteaux-blousons,4.7,0,6
2026-07-20,celio,blouson homme,https://www.celio.com/fr-fr/c/blousons-et-manteaux-blousons,5.8,3,90
2026-07-21,celio,blouson homme,https://www.celio.com/fr-be/c/manteaux-blousons,4.3,0,3
2026-07-21,celio,blouson homme,https://www.celio.com/fr-fr/c/blousons-et-manteaux-blousons,5.9,1,79
2026-07-22,celio,blouson homme,https://www.celio.com/fr-be/c/manteaux-blousons,3.7,0,7
2026-07-22,celio,blouson homme,https://www.celio.com/fr-fr/c/blousons-et-manteaux-blousons,6.4,0,86
2026-07-23,celio,blouson homme,https://www.celio.com/fr-be/c/manteaux-blousons,3,0,2
2026-07-23,celio,blouson homme,https://www.celio.com/fr-fr/c/blousons-et-manteaux-blousons,6.5,1,68
2026-07-24,celio,blouson homme,https://www.celio.com/fr-fr/c/blousons-et-manteaux-blousons,7.6,1,56
2026-07-25,celio,blouson homme,https://www.celio.com/fr-be/c/manteaux-blousons,4,0,4
2026-07-25,celio,blouson homme,https://www.celio.com/fr-fr/c/blousons-et-manteaux-blousons,12.0,0,48
2026-07-25,celio,blouson homme,https://www.celio.com/fr-fr/c/blousons-et-manteaux-vestes,26.1,0,14
2026-07-25,celio,blouson homme,https://www.celio.com/fr-fr/store?StoreID=0762,10,0,3
2026-07-25,celio,blouson homme,https://www.celio.com/fr-fr/store?StoreID=0769,2,0,2
2026-07-26,celio,blouson homme,https://www.celio.com/fr-be/c/manteaux-blousons,6,0,2
2026-07-26,celio,blouson homme,https://www.celio.com/fr-fr/c/blousons-et-manteaux-blousons,11.9,1,66
2026-07-26,celio,blouson homme,https://www.celio.com/fr-fr/c/blousons-et-manteaux-vestes,19.6,0,5
2026-07-27,celio,blouson homme,https://www.celio.com/fr-be/c/manteaux-blousons,4.3,0,3
2026-07-27,celio,blouson homme,https://www.celio.com/fr-fr/c/blousons-et-manteaux-blousons,14.7,0,60
2026-07-27,celio,blouson homme,https://www.celio.com/fr-fr/c/blousons-et-manteaux-vestes,43.6,0,8
2026-07-28,celio,blouson homme,https://www.celio.com/fr-be/c/manteaux-blousons,4.8,1,9
2026-07-28,celio,blouson homme,https://www.celio.com/fr-fr/c/blousons-et-manteaux-blousons,13.5,1,68
2026-07-28,celio,blouson homme,https://www.celio.com/fr-fr/c/blousons-et-manteaux-vestes,15.8,0,4
2026-07-29,celio,blouson homme,https://www.celio.com/fr-fr/c/blousons-et-manteaux-blousons,11.3,2,62
2026-07-30,celio,blouson homme,https://www.celio.com/fr-fr/c/blousons-et-manteaux-blousons,12.1,1,68
2026-07-31,celio,blouson homme,https://www.celio.com/fr-be/c/manteaux-blousons,3.9,0,8
2026-07-31,celio,blouson homme,https://www.celio.com/fr-fr/c/blousons-et-manteaux-blousons,11.0,1,77
2026-07-31,celio,blouson homme,https://www.celio.com/fr-fr/store?StoreID=1029,3,0,2
2026-07-31,celio,blouson homme,https://www.celio.com/fr-fr/store?StoreID=1676,2,0,2
2026-08-01,celio,blouson homme,https://www.celio.com/fr-be/c/manteaux-blousons,6,0,2
2026-08-01,celio,blouson homme,https://www.celio.com/fr-fr/c/blousons-et-manteaux-blousons,9.3,2,67
2026-08-02,celio,blouson homme,https://www.celio.com/fr-be/c/manteaux-blousons,3.3,0,6
2026-08-02,celio,blouson homme,https://www.celio.com/fr-fr/c/blousons-et-manteaux-blousons,8.9,1,70
2026-08-02,celio,blouson homme,https://www.celio.com/fr-fr/store?StoreID=0031,8,0,3
2026-08-03,celio,blouson homme,https://www.celio.com/fr-fr/c/blousons-et-manteaux-blousons,9.5,0,56
2026-08-04,celio,blouson homme,https://www.celio.com/fr-be/c/manteaux-blousons,4.5,0,2
2026-08-04,celio,blouson homme,https://www.celio.com/fr-fr/c/blousons-et-manteaux-blousons,11.7,1,63
2026-08-04,celio,blouson homme,https://www.celio.com/fr-fr/store?StoreID=1466,6,0,2
2026-08-05,celio,blouson homme,https://www.celio.com/fr-be/c/manteaux-blousons,3.3,1,3
2026-08-05,celio,blouson homme,https://www.celio.com/fr-fr/c/blousons-et-manteaux-blousons,10.9,0,71
2026-08-05,celio,blouson homme,https://www.celio.com/fr-fr/store?StoreID=1645,10.5,0,2
2026-08-06,celio,blouson homme,https://www.celio.com/fr-be/c/manteaux-blousons,2.9,1,9
2026-08-06,celio,blouson homme,https://www.celio.com/fr-fr/c/blousons-et-manteaux-blousons,12.0,1,63
2026-08-07,celio,blouson homme,https://www.celio.com/fr-be/c/manteaux-blousons,3,0,3
2026-08-07,celio,blouson homme,https://www.celio.com/fr-fr/c/blousons-et-manteaux-blousons,11.2,0,44
2026-08-08,celio,blouson homme,https://www.celio.com/fr-be/c/manteaux-blousons,5,0,4
2026-08-08,celio,blouson homme,https://www.celio.com/fr-fr/c/blousons-et-manteaux-blousons,11.9,0,53
2026-08-08,celio,blouson homme,https://www.celio.com/fr-fr/store?StoreID=0623,2,0,2
2026-08-09,celio,blouson homme,https://www.celio.com/fr-be/c/manteaux-blousons,2.3,0,6
2026-08-09,celio,blouson homme,https://www.celio.com/fr-fr/c/blousons-et-manteaux-blousons,11.5,0,71
2026-08-10,celio,blouson homme,https://www.celio.com/fr-be/c/manteaux-blousons,3.8,0,8
2026-08-10,celio,blouson homme,https://www.celio.com/fr-fr/c/blousons-et-manteaux-blousons,12.9,0,56
2026-08-10,celio,blouson homme,https://www.celio.com/fr-fr/store?StoreID=1692,2,0,2
2026-08-11,celio,blouson homme,https://www.celio.com/fr-be/c/manteaux-blousons,3.5,0,4
2026-08-11,celio,blouson homme,https://www.celio.com/fr-fr/c/blousons-et-manteaux-blousons,14.3,1,47
2026-08-12,celio,blouson homme,https://www.celio.com/fr-be/c/manteaux-blousons,4.5,0,4
2026-08-12,celio,blouson homme,https://www.celio.com/fr-fr/c/blousons-et-manteaux-blousons,11.7,1,79
2026-08-13,celio,blouson homme,https://www.celio.com/fr-be/c/manteaux-blousons,2.3,0,3
2026-08-13,celio,blouson homme,https://www.celio.com/fr-fr/c/blousons-et-manteaux-blousons,10.2,1,59
2026-08-14,celio,blouson homme,https://www.celio.com/fr-be/c/manteaux-blousons,2.8,0,4
2026-08-14,celio,blouson homme,https://www.celio.com/fr-fr/c/blousons-et-manteaux-blousons,12,0,50
2026-08-15,celio,blouson homme,https://www.celio.com/fr-be/c/manteaux-blousons,5.2,0,5
2026-08-15,celio,blouson homme,https://www.celio.com/fr-fr/c/blousons-et-manteaux-blousons,14.4,0,42
2026-08-15,celio,blouson homme,https://www.celio.com/fr-fr/store?StoreID=0788,13,0,2
2026-08-16,celio,blouson homme,https://www.celio.com/fr-be/c/manteaux-blousons,4.7,0,3
2026-08-16,celio,blouson homme,https://www.celio.com/fr-fr/c/blousons-et-manteaux-blousons,12.3,0,63
2026-08-17,celio,blouson homme,https://www.celio.com/fr-be/c/manteaux-blousons,5.3,0,3
2026-08-17,celio,blouson homme,https://www.celio.com/fr-fr/c/blousons-et-manteaux-blousons,12.1,2,78
2026-08-17,celio,blouson homme,https://www.celio.com/fr-fr/c/blousons-et-manteaux-vestes,24,0,2
2026-08-18,celio,blouson homme,https://www.celio.com/fr-be/c/manteaux-blousons,3.4,1,7
2026-08-18,celio,blouson homme,https://www.celio.com/fr-fr/c/blousons-et-manteaux-blousons,11.6,0,63
2026-08-19,celio,blouson homme,https://www.celio.com/fr-be/c/manteaux-blousons,4.4,0,10
2026-08-19,celio,blouson homme,https://www.celio.com/fr-fr/c/blousons-et-manteaux-blousons,10.9,0,76
2026-08-20,celio,blouson homme,https://www.celio.com/fr-be/c/manteaux-blousons,5.7,0,9
2026-08-20,celio,blouson homme,https://www.celio.com/fr-fr/c/blousons-et-manteaux-blousons,10.6,2,69
2026-08-20,celio,blouson homme,https://www.celio.com/fr-fr/store?StoreID=1489,8.5,0,2
2026-08-21,celio,blouson homme,http://www.celio.com/,3,0,2
2026-08-21,celio,blouson homme,https://www.celio.com/fr-be/c/manteaux-blousons,5.1,0,9
2026-08-21,celio,blouson homme,https://www.celio.com/fr-fr/c/blousons-et-manteaux-blousons,12.7,3,79
2026-08-22,celio,blouson homme,https://www.celio.com/fr-be/c/manteaux-blousons,3.5,0,4
2026-08-22,celio,blouson homme,https://www.celio.com/fr-fr/c/blousons-et-manteaux-blousons,10.4,3,94
2026-08-23,celio,blouson homme,https://www.celio.com/fr-be/c/manteaux-blousons,4,0,6
2026-08-23,celio,blouson homme,https://www.celio.com/fr-be/p/blouson-a-col-montant-zippee---beige/1185913.html,6.5,0,2
2026-08-23,celio,blouson homme,https://www.celio.com/fr-fr/c/blousons-et-manteaux-blousons,8.6,4,105
2026-08-23,celio,blouson homme,https://www.celio.com/fr-fr/p/blouson-a-col-montant-zippee---beige/1185913.html,6.5,1,2
2026-08-23,celio,blouson homme,https://www.celio.com/fr-fr/p/blouson-a-col-montant-zippee---marine/1185914.html,6.5,0,2
2026-08-24,celio,blouson homme,https://www.celio.com/fr-be/c/manteaux-blousons,3.7,0,3
2026-08-24,celio,blouson homme,https://www.celio.com/fr-fr/c/blousons-et-manteaux-blousons,9.8,2,92
2026-08-25,celio,blouson homme,https://www.celio.com/fr-be/c/manteaux-blousons,3.4,0,7
2026-08-25,celio,blouson homme,https://www.celio.com/fr-fr/c/blousons-et-manteaux-blousons,9.8,0,80
2026-08-26,celio,blouson homme,https://www.celio.com/fr-be/c/manteaux-blousons,2.7,0,3
2026-08-26,celio,blouson homme,https://www.celio.com/fr-fr/c/blousons-et-manteaux-blousons,9.4,2,126
2026-08-27,celio,blouson homme,https://www.celio.com/fr-be/c/manteaux-blousons,3.5,0,8
2026-08-27,celio,blouson homme,https://www.celio.com/fr-fr/c/blousons-et-manteaux-blousons,10.0,0,59
2026-08-27,celio,blouson homme,https://www.celio.com/fr-fr/store?StoreID=0012,5,0,3
2026-08-28,celio,blouson homme,https://www.celio.com/fr-be/c/manteaux-blousons,2.2,0,5
2026-08-28,celio,blouson homme,https://www.celio.com/fr-fr/c/blousons-et-manteaux-blousons,9.8,1,76
2026-08-29,celio,blouson homme,https://www.celio.com/fr-be/c/manteaux-blousons,4.2,0,8
2026-08-29,celio,blouson homme,https://www.celio.com/fr-fr/c/blousons-et-manteaux-blousons,7.0,4,121
2026-08-30,celio,blouson homme,https://www.celio.com/fr-be/c/manteaux-blousons,7,0,5
2026-08-30,celio,blouson homme,https://www.celio.com/fr-fr/c/blousons-et-manteaux-blousons,5.9,8,221
2026-08-31,celio,blouson homme,https://www.celio.com/fr-be/c/manteaux-blousons,2.8,0,13
2026-08-31,celio,blouson homme,https://www.celio.com/fr-fr/c/blousons-et-manteaux-blousons,8.0,3,151
2026-09-01,celio,blouson homme,https://www.celio.com/fr-be/c/manteaux-blousons,2,0,6
2026-09-01,celio,blouson homme,https://www.celio.com/fr-fr/c/blousons-et-manteaux-blousons,8.1,1,123
2026-09-02,celio,blouson homme,https://www.celio.com/fr-be/c/manteaux-blousons,6,0,5
2026-09-02,celio,blouson homme,https://www.celio.com/fr-fr/c/blousons-et-manteaux-blousons,8.6,2,100
2026-09-03,celio,blouson homme,https://www.celio.com/fr-be/c/manteaux-blousons,2.8,0,6
2026-09-03,celio,blouson homme,https://www.celio.com/fr-fr/c/blousons-et-manteaux-blousons,7.1,6,137
2026-09-04,celio,blouson homme,https://www.celio.com/fr-be/c/manteaux-blousons,4.8,0,4
2026-09-04,celio,blouson homme,https://www.celio.com/fr-fr/c/blousons-et-manteaux-blousons,8.5,1,65
2026-09-04,celio,blouson homme,https://www.celio.com/fr-fr/store?StoreID=0639,9,0,2
2026-09-04,celio,blouson homme,https://www.celio.com/fr-fr/store?StoreID=0797,2.5,1,2
2026-09-05,celio,blouson homme,https://www.celio.com/fr-be/c/manteaux-blousons,3.1,0,7
2026-09-05,celio,blouson homme,https://www.celio.com/fr-fr/c/blousons-et-manteaux-blousons,10.1,1,79
2026-09-06,celio,blouson homme,https://www.celio.com/fr-be/c/manteaux-blousons,3,0,2
2026-09-06,celio,blouson homme,https://www.celio.com/fr-fr/c/blousons-et-manteaux-blousons,6.5,4,138
2026-09-06,celio,blouson homme,https://www.celio.com/fr-fr/store?StoreID=0266,16,0,2
2026-09-07,celio,blouson homme,https://www.celio.com/fr-be/c/manteaux-blousons,6.3,0,7
2026-09-07,celio,blouson homme,https://www.celio.com/fr-fr/c/blousons-et-manteaux-blousons,7.4,2,162
2026-09-07,celio,blouson homme,https://www.celio.com/fr-fr/store?StoreID=0266,15,0,2
2026-09-08,celio,blouson homme,https://www.celio.com/fr-be/c/manteaux-blousons,4.2,0,4
2026-09-08,celio,blouson homme,https://www.celio.com/fr-fr/c/blousons-et-manteaux-blousons,7.8,5,192
2026-09-09,celio,blouson homme,https://www.celio.com/fr-be/c/manteaux-blousons,3.5,0,4
2026-09-09,celio,blouson homme,https://www.celio.com/fr-fr/c/blousons-et-manteaux-blousons,8.2,2,115
2026-09-09,celio,blouson homme,https://www.celio.com/fr-fr/store?StoreID=0267,6.5,0,2
2026-09-10,celio,blouson homme,https://www.celio.com/fr-be/c/manteaux-blousons,4.2,1,10
2026-09-10,celio,blouson homme,https://www.celio.com/fr-fr/c/blousons-et-manteaux-blousons,8.2,6,134
2026-09-10,celio,blouson homme,https://www.celio.com/fr-fr/store?StoreID=0267,6,0,4
2026-09-11,celio,blouson homme,https://www.celio.com/fr-be/c/manteaux-blousons,3.2,1,6
2026-09-11,celio,blouson homme,https://www.celio.com/fr-fr/c/blousons-et-manteaux-blousons,8.5,2,100
2026-09-11,celio,blouson homme,https://www.celio.com/fr-fr/store?StoreID=0031,2.5,0,2
2026-09-11,celio,blouson homme,https://www.celio.com/fr-fr/store?StoreID=0129,10,0,2
2026-09-12,celio,blouson homme,https://www.celio.com/fr-be/c/manteaux-blousons,3.6,1,16
2026-09-12,celio,blouson homme,https://www.celio.com/fr-fr/c/blousons-et-manteaux-blousons,2.5,4,225
2026-09-12,celio,blouson homme,https://www.celio.com/fr-fr/store?StoreID=0031,4,0,2
2026-09-13,celio,blouson homme,https://www.celio.com/fr-be/c/manteaux-blousons,4.9,0,9
2026-09-13,celio,blouson homme,https://www.celio.com/fr-fr/c/blousons-et-manteaux-blousons,2.5,9,328
2026-09-13,celio,blouson homme,https://www.celio.com/fr-fr/store?StoreID=0196,10,0,2
2026-09-13,celio,blouson homme,https://www.celio.com/fr-fr/store?StoreID=0269,2,0,2
2026-09-14,celio,blouson homme,https://www.celio.com/fr-be/c/manteaux-blousons,5.5,0,16
2026-09-14,celio,blouson homme,https://www.celio.com/fr-be/store?StoreID=0374,6.8,0,4
2026-09-14,celio,blouson homme,https://www.celio.com/fr-fr/c/blousons-et-manteaux-blousons,2.4,10,226
2026-09-14,celio,blouson homme,https://www.celio.com/fr-fr/store?StoreID=0615,6.8,0,5
2026-09-14,celio,blouson homme,https://www.celio.com/fr-fr/store?StoreID=1029,8,0,2
2026-09-15,celio,blouson homme,https://www.celio.com/fr-be/c/manteaux-blousons,3.2,0,12
2026-09-15,celio,blouson homme,https://www.celio.com/fr-fr/c/blousons-et-manteaux-blousons,2.7,1,147
2026-09-15,celio,blouson homme,https://www.celio.com/fr-fr/store?StoreID=1444,6,0,2
2026-09-15,celio,blouson homme,https://www.celio.com/fr-fr/store?StoreID=1606,3,0,2
2026-09-16,celio,blouson homme,https://www.celio.com/fr-be/c/manteaux-blousons,3,0,2
2026-09-16,celio,blouson homme,https://www.celio.com/fr-fr/c/blousons-et-manteaux-blousons,3.6,6,186
2026-09-16,celio,blouson homme,https://www.celio.com/fr-fr/store?StoreID=1489,8,0,2
2026-09-17,celio,blouson homme,https://www.celio.com/fr-be/c/manteaux-blousons,5.7,0,12
2026-09-17,celio,blouson homme,https://www.celio.com/fr-fr/c/blousons-et-manteaux-blousons,3.1,11,230
2026-09-17,celio,blouson homme,https://www.celio.com/fr-fr/store?StoreID=0142,2,0,2
2026-09-18,celio,blouson homme,https://www.celio.com/fr-be/c/manteaux-blousons,3.1,0,7
2026-09-18,celio,blouson homme,https://www.celio.com/fr-fr/c/blousons-et-manteaux-blousons,2.7,15,255
2026-09-18,celio,blouson homme,https://www.celio.com/fr-fr/store?StoreID=0618,1.5,0,2
2026-09-19,celio,blouson homme,https://www.celio.com/fr-be/c/manteaux-blousons,4.2,1,10
2026-09-19,celio,blouson homme,https://www.celio.com/fr-fr/c/blousons-et-manteaux-blousons,2.6,9,299
2026-09-19,celio,blouson homme,https://www.celio.com/fr-fr/store?StoreID=0618,4,0,2
2026-09-19,celio,blouson homme,https://www.celio.com/fr-fr/store?StoreID=0631,3.5,0,2
2026-09-19,celio,blouson homme,https://www.celio.com/fr-fr/store?StoreID=1436,4,0,2
2026-09-20,celio,blouson homme,https://www.celio.com/fr-be/c/manteaux-blousons,3.8,0,9
2026-09-20,celio,blouson homme,https://www.celio.com/fr-fr/c/blousons-et-manteaux-blousons,2.5,17,278
2026-09-20,celio,blouson homme,https://www.celio.com/fr-fr/store?StoreID=0031,2,0,2
2026-09-20,celio,blouson homme,https://www.celio.com/fr-fr/store?StoreID=0615,4,0,2
2026-09-20,celio,blouson homme,https://www.celio.com/fr-fr/store?StoreID=0704,6,0,2
2026-09-20,celio,blouson homme,https://www.celio.com/fr-fr/store?StoreID=1679,1,0,2
2026-09-21,celio,blouson homme,https://www.celio.com/fr-be/c/manteaux-blousons,3.2,0,5
2026-09-21,celio,blouson homme,https://www.celio.com/fr-fr/c/blousons-et-manteaux-blousons,2.4,15,281
2026-09-21,celio,blouson homme,https://www.celio.com/fr-fr/store?StoreID=0085,7,0,2
2026-09-21,celio,blouson homme,https://www.celio.com/fr-fr/store?StoreID=0266,11,0,2
2026-09-21,celio,blouson homme,https://www.celio.com/fr-fr/store?StoreID=1496,1,0,2
2026-09-21,celio,blouson homme,https://www.celio.com/fr-fr/store?StoreID=1664,6,0,2
2026-09-22,celio,blouson homme,https://www.celio.com/fr-be/c/manteaux-blousons,4.1,1,12
2026-09-22,celio,blouson homme,https://www.celio.com/fr-fr/c/blousons-et-manteaux-blousons,3.0,10,284
2026-09-22,celio,blouson homme,https://www.celio.com/fr-fr/store?StoreID=1679,2.3,0,3
2026-09-23,celio,blouson homme,https://www.celio.com/fr-be/c/manteaux-blousons,2.6,0,5
2026-09-23,celio,blouson homme,https://www.celio.com/fr-fr/c/blousons-et-manteaux-blousons,3.3,15,277
2026-09-23,celio,blouson homme,https://www.celio.com/fr-fr/store?StoreID=0655,3,0,2
2026-09-24,celio,blouson homme,https://www.celio.com/fr-be/c/manteaux-blousons,4.2,0,6
2026-09-24,celio,blouson homme,https://www.celio.com/fr-fr/c/blousons-et-manteaux-blousons,3.4,9,233
2026-09-24,celio,blouson homme,https://www.celio.com/fr-fr/store?StoreID=0645,3,0,4
2026-09-24,celio,blouson homme,https://www.celio.com/fr-fr/store?StoreID=1496,6,0,2
2026-09-25,celio,blouson homme,https://www.celio.com/fr-be/c/manteaux-blousons,3.3,0,7
2026-09-25,celio,blouson homme,https://www.celio.com/fr-fr/c/blousons-et-manteaux-blousons,3.6,6,242
2026-09-25,celio,blouson homme,https://www.celio.com/fr-fr/store?StoreID=1606,5,0,2
2026-09-26,celio,blouson homme,https://www.celio.com/fr-be/c/manteaux-blousons,5.7,0,7
2026-09-26,celio,blouson homme,https://www.celio.com/fr-fr/c/blousons-et-manteaux-blousons,4.0,8,248
2026-09-26,celio,blouson homme,https://www.celio.com/fr-fr/store?StoreID=0614,2.5,0,2
2026-09-26,celio,blouson homme,https://www.celio.com/fr-fr/store?StoreID=0645,4.5,0,2
2026-09-27,celio,blouson homme,https://www.celio.com/fr-be/c/manteaux-blousons,4.9,0,9
2026-09-27,celio,blouson homme,https://www.celio.com/fr-fr/c/blousons-et-manteaux-blousons,3.6,15,308
2026-09-27,celio,blouson homme,https://www.celio.com/fr-fr/store?StoreID=0639,5,0,2
2026-09-27,celio,blouson homme,https://www.celio.com/fr-fr/store?StoreID=0645,2.7,0,3
2026-09-27,celio,blouson homme,https://www.celio.com/fr-fr/store?StoreID=1687,3.5,0,2
2026-09-28,celio,blouson homme,https://www.celio.com/fr-be/c/manteaux-blousons,3.5,0,8
2026-09-28,celio,blouson homme,https://www.celio.com/fr-fr/c/blousons-et-manteaux-blousons,3.3,9,293
2026-09-28,celio,blouson homme,https://www.celio.com/fr-fr/store?StoreID=0207,3,0,2
2026-09-29,celio,blouson homme,https://www.celio.com/fr-be/c/manteaux-blousons,2.3,2,6
2026-09-29,celio,blouson homme,https://www.celio.com/fr-fr/c/blousons-et-manteaux-blousons,3.1,11,266
2026-09-29,celio,blouson homme,https://www.celio.com/fr-fr/store?StoreID=0291,2.7,0,3
2026-09-29,celio,blouson homme,https://www.celio.com/fr-fr/store?StoreID=0639,5,0,2
2026-09-29,celio,blouson homme,https://www.celio.com/fr-fr/store?StoreID=0704,3,0,2
2026-09-29,celio,blouson homme,https://www.celio.com/fr-fr/store?StoreID=1675,2,0,2
2026-09-30,celio,blouson homme,https://www.celio.com/fr-be/c/manteaux-blousons,3.5,1,2
2026-09-30,celio,blouson homme,https://www.celio.com/fr-fr/c/blousons-et-manteaux-blousons,3.0,18,335
2026-09-30,celio,blouson homme,https://www.celio.com/fr-fr/store?StoreID=0139,5,0,2
2026-07-03,celio,cardigan homme,https://www.celio.com/fr-be/c/gilets-et-cardigans-gilets-et-cardigans-en-laine,52.5,0,2
2026-07-03,celio,cardigan homme,https://www.celio.com/fr-be/c/pulls-gilets-et-cardigans,10.7,0,14
2026-07-03,celio,cardigan homme,https://www.celio.com/fr-fr/c/pulls-gilets-et-cardigans,4.2,2,107
2026-07-04,celio,cardigan homme,https://www.celio.com/fr-be/c/pulls-gilets-et-cardigans,12.1,0,7
2026-07-04,celio,cardigan homme,https://www.celio.com/fr-fr/c/pulls-gilets-et-cardigans,2.6,2,184
2026-07-05,celio,cardigan homme,https://www.celio.com/fr-be/c/pulls-gilets-et-cardigans,12,0,2
2026-07-05,celio,cardigan homme,https://www.celio.com/fr-fr/c/gilets-et-cardigans-gilets-et-cardigans-en-laine,88,0,2
2026-07-05,celio,cardigan homme,https://www.celio.com/fr-fr/c/gilets-et-cardigans-gilets-et-cardigans-noirs,77.7,0,3
2026-07-05,celio,cardigan homme,https://www.celio.com/fr-fr/c/pulls-gilets-et-cardigans,2.3,1,135
2026-07-06,celio,cardigan homme,https://www.celio.com/fr-be/c/pulls-gilets-et-cardigans,11.3,0,7
2026-07-06,celio,cardigan homme,https://www.celio.com/fr-fr/c/pulls-gilets-et-cardigans,3.6,0,104
2026-07-07,celio,cardigan homme,https://www.celio.com/fr-be/c/pulls-gilets-et-cardigans,11.5,0,4
2026-07-07,celio,cardigan homme,https://www.celio.com/fr-fr/c/pulls-gilets-et-cardigans,5.5,0,110
2026-07-08,celio,cardigan homme,https://www.celio.com/fr-be/c/pulls-gilets-et-cardigans,12.7,0,6
2026-07-08,celio,cardigan homme,https://www.celio.com/fr-fr/c/pulls-gilets-et-cardigans,6.0,1,110
2026-07-09,celio,cardigan homme,https://www.celio.com/fr-be/c/pulls-gilets-et-cardigans,8.5,0,4
2026-07-09,celio,cardigan homme,https://www.celio.com/fr-fr/c/pulls-gilets-et-cardigans,6.4,0,104
2026-07-10,celio,cardigan homme,https://www.celio.com/fr-be/c/pulls-gilets-et-cardigans,7.9,0,8
2026-07-10,celio,cardigan homme,https://www.celio.com/fr-fr/c/pulls-gilets-et-cardigans,4.4,2,92
2026-07-11,celio,cardigan homme,https://www.celio.com/fr-be/c/pulls-gilets-et-cardigans,9,0,3
2026-07-11,celio,cardigan homme,https://www.celio.com/fr-fr/c/gilets-et-cardigans-gilets-et-cardigans-noirs,27.5,0,2
2026-07-11,celio,cardigan homme,https://www.celio.com/fr-fr/c/pulls-gilets-et-cardigans,3.7,1,147
2026-07-12,celio,cardigan homme,https://www.celio.com/fr-be/c/pulls-gilets-et-cardigans,8.4,0,5
2026-07-12,celio,cardigan homme,https://www.celio.com/fr-fr/c/gilets-et-cardigans-gilets-et-cardigans-noirs,29.3,0,3
2026-07-12,celio,cardigan homme,https://www.celio.com/fr-fr/c/pulls-gilets-et-cardigans,4.2,3,153
2026-07-13,celio,cardigan homme,https://www.celio.com/fr-be/c/pulls-gilets-et-cardigans,8.6,0,5
2026-07-13,celio,cardigan homme,https://www.celio.com/fr-fr/c/pulls-gilets-et-cardigans,3.3,1,118
2026-07-14,celio,cardigan homme,https://www.celio.com/fr-be/c/pulls-gilets-et-cardigans,10.5,0,10
2026-07-14,celio,cardigan homme,https://www.celio.com/fr-fr/c/pulls-gilets-et-cardigans,4.9,4,161
2026-07-15,celio,cardigan homme,https://www.celio.com/fr-be/c/pulls-gilets-et-cardigans,12,0,2
2026-07-15,celio,cardigan homme,https://www.celio.com/fr-fr/c/pulls-gilets-et-cardigans,4.7,1,114
2026-07-16,celio,cardigan homme,https://www.celio.com/fr-be/c/pulls-gilets-et-cardigans,11.8,0,5
2026-07-16,celio,cardigan homme,https://www.celio.com/fr-fr/c/pulls-gilets-et-cardigans,5.1,1,146
2026-07-17,celio,cardigan homme,https://www.celio.com/fr-be/c/pulls-gilets-et-cardigans,8.4,1,23
2026-07-17,celio,cardigan homme,https://www.celio.com/fr-fr/c/pulls-gilets-et-cardigans,6.2,1,120
2026-07-18,celio,cardigan homme,https://www.celio.com/fr-be/c/pulls-gilets-et-cardigans,8.4,0,14
2026-07-18,celio,cardigan homme,https://www.celio.com/fr-fr/c/pulls-gilets-et-cardigans,4.9,2,146
2026-07-19,celio,cardigan homme,https://www.celio.com/fr-be/c/gilets-et-cardigans-gilets-et-cardigans-en-laine,55.5,0,2
2026-07-19,celio,cardigan homme,https://www.celio.com/fr-be/c/pulls-gilets-et-cardigans,6.9,1,11
2026-07-19,celio,cardigan homme,https://www.celio.com/fr-fr/c/pulls-gilets-et-cardigans,4.2,1,166
2026-07-20,celio,cardigan homme,https://www.celio.com/fr-be/c/pulls-gilets-et-cardigans,10.4,0,14
2026-07-20,celio,cardigan homme,https://www.celio.com/fr-fr/c/pulls-gilets-et-cardigans,4.0,1,154
2026-07-21,celio,cardigan homme,https://www.celio.com/fr-be/c/pulls-gilets-et-cardigans,8.8,0,4
2026-07-21,celio,cardigan homme,https://www.celio.com/fr-fr/c/pulls-gilets-et-cardigans,3.3,0,154
2026-07-22,celio,cardigan homme,https://www.celio.com/fr-be/c/pulls-gilets-et-cardigans,14.7,0,3
2026-07-22,celio,cardigan homme,https://www.celio.com/fr-fr/c/pulls-gilets-et-cardigans,3.3,3,166
2026-07-23,celio,cardigan homme,https://www.celio.com/fr-be/c/pulls-gilets-et-cardigans,14.4,0,7
2026-07-23,celio,cardigan homme,https://www.celio.com/fr-fr/c/pulls-gilets-et-cardigans,5.8,4,180
2026-07-24,celio,cardigan homme,https://www.celio.com/fr-be/c/pulls-gilets-et-cardigans,12.4,0,5
2026-07-24,celio,cardigan homme,https://www.celio.com/fr-fr/c/gilets-et-cardigans-gilets-et-cardigans-en-laine,63.5,0,2
2026-07-24,celio,cardigan homme,https://www.celio.com/fr-fr/c/pulls-gilets-et-cardigans,3.9,1,163
2026-07-25,celio,cardigan homme,https://www.celio.com/fr-fr/c/gilets-et-cardigans-gilets-et-cardigans-en-laine,64.5,0,4
2026-07-25,celio,cardigan homme,https://www.celio.com/fr-fr/c/pulls-gilets-et-cardigans,4.0,1,182
2026-07-26,celio,cardigan homme,https://www.celio.com/fr-be/c/pulls-gilets-et-cardigans,12.7,0,3
2026-07-26,celio,cardigan homme,https://www.celio.com/fr-fr/c/gilets-et-cardigans-gilets-et-cardigans-en-laine,64,0,2
2026-07-26,celio,cardigan homme,https://www.celio.com/fr-fr/c/pulls-gilets-et-cardigans,3.4,4,199
2026-07-27,celio,cardigan homme,https://www.celio.com/fr-be/c/pulls-gilets-et-cardigans,6.2,0,6
2026-07-27,celio,cardigan homme,https://www.celio.com/fr-fr/c/gilets-et-cardigans-gilets-et-cardigans-en-laine,69.3,0,6
2026-07-27,celio,cardigan homme,https://www.celio.com/fr-fr/c/pulls-gilets-et-cardigans,4.7,4,190
2026-07-28,celio,cardigan homme,https://www.celio.com/fr-fr/c/gilets-et-cardigans-gilets-et-cardigans-en-laine,73.6,0,9
2026-07-28,celio,cardigan homme,https://www.celio.com/fr-fr/c/pulls-gilets-et-cardigans,4.6,2,152
2026-07-29,celio,cardigan homme,https://www.celio.com/fr-be/c/pulls-gilets-et-cardigans,8,0,3
2026-07-29,celio,cardigan homme,https://www.celio.com/fr-fr/c/gilets-et-cardigans-gilets-et-cardigans-en-laine,72.7,0,6
2026-07-29,celio,cardigan homme,https://www.celio.com/fr-fr/c/pulls-gilets-et-cardigans,5.7,2,115
2026-07-30,celio,cardigan homme,https://www.celio.com/fr-be/c/gilets-et-cardigans-gilets-et-cardigans-en-laine,57,0,2
2026-07-30,celio,cardigan homme,https://www.celio.com/fr-be/c/pulls-gilets-et-cardigans,9.2,0,5
2026-07-30,celio,cardigan homme,https://www.celio.com/fr-fr/c/gilets-et-cardigans-gilets-et-cardigans-en-laine,68,0,4
2026-07-30,celio,cardigan homme,https://www.celio.com/fr-fr/c/pulls-gilets-et-cardigans,5.6,4,126
2026-07-31,celio,cardigan homme,https://www.celio.com/fr-be/c/gilets-et-cardigans-gilets-et-cardigans-noirs,21,0,2
2026-07-31,celio,cardigan homme,https://www.celio.com/fr-be/c/pulls-gilets-et-cardigans,12.8,0,9
2026-07-31,celio,cardigan homme,https://www.celio.com/fr-fr/c/gilets-et-cardigans-gilets-et-cardigans-en-laine,74.2,0,5
2026-07-31,celio,cardigan homme,https://www.celio.com/fr-fr/c/pulls-gilets-et-cardigans,7.9,0,83
2026-08-01,celio,cardigan homme,https://www.celio.com/fr-be/c/pulls-gilets-et-cardigans,13,0,4
2026-08-01,celio,cardigan homme,https://www.celio.com/fr-fr/c/gilets-et-cardigans-gilets-et-cardigans-en-laine,76.6,0,7
2026-08-01,celio,cardigan homme,https://www.celio.com/fr-fr/c/pulls-gilets-et-cardigans,7.3,1,85
2026-08-02,celio,cardigan homme,https://www.celio.com/fr-be/c/gilets-et-cardigans-gilets-et-cardigans-en-laine,67,0,2
2026-08-02,celio,cardigan homme,https://www.celio.com/fr-be/c/pulls-gilets-et-cardigans,12.4,0,9
2026-08-02,celio,cardigan homme,https://www.celio.com/fr-fr/c/pulls-gilets-et-cardigans,7.5,0,113
2026-08-03,celio,cardigan homme,https://www.celio.com/fr-be/c/pulls-gilets-et-cardigans,12,0,3
2026-08-03,celio,cardigan homme,https://www.celio.com/fr-fr/c/pulls-gilets-et-cardigans,6.2,2,100
2026-08-04,celio,cardigan homme,https://www.celio.com/fr-be/c/pulls-gilets-et-cardigans,12.3,0,3
2026-08-04,celio,cardigan homme,https://www.celio.com/fr-fr/c/pulls-gilets-et-cardigans,6.7,3,149
2026-08-05,celio,cardigan homme,https://www.celio.com/fr-be/c/pulls-gilets-et-cardigans,13.6,0,7
2026-08-05,celio,cardigan homme,https://www.celio.com/fr-fr/c/pulls-gilets-et-cardigans,5.6,5,172
2026-08-06,celio,cardigan homme,https://www.celio.com/fr-be/c/pulls-gilets-et-cardigans,19.3,0,3
2026-08-06,celio,cardigan homme,https://www.celio.com/fr-fr/c/pulls-gilets-et-cardigans,8.3,0,95
2026-08-07,celio,cardigan homme,https://www.celio.com/fr-be/c/pulls-gilets-et-cardigans,12.3,0,6
2026-08-07,celio,cardigan homme,https://www.celio.com/fr-fr/c/pulls-gilets-et-cardigans,7.6,1,78
2026-08-08,celio,cardigan homme,https://www.celio.com/en-fr/c/sweaters-vests-and-cardigans,9,0,2
2026-08-08,celio,cardigan homme,https://www.celio.com/fr-be/c/pulls-gilets-et-cardigans,11,0,4
2026-08-08,celio,cardigan homme,https://www.celio.com/fr-be/p/cardigan-zippe-col-camioneur-100-coton---beige/1171685.html,3,0,2
2026-08-08,celio,cardigan homme,https://www.celio.com/fr-fr/c/pulls-gilets-et-cardigans,6.0,4,168
2026-08-08,celio,cardigan homme,https://www.celio.com/fr-fr/p/cardigan-zippe-col-camioneur-100-coton---beige/1171685.html,3,0,2
2026-08-08,celio,cardigan homme,https://www.celio.com/fr-fr/p/cardigan-zippe-col-camioneur-100-coton---noir/1171682.html,3,1,2
2026-08-09,celio,cardigan homme,https://www.celio.com/fr-be/c/pulls-gilets-et-cardigans,13,0,5
2026-08-09,celio,cardigan homme,https://www.celio.com/fr-fr/c/pulls-gilets-et-cardigans,6.3,2,168
2026-08-10,celio,cardigan homme,https://www.celio.com/fr-be/c/pulls-gilets-et-cardigans,12.7,0,14
2026-08-10,celio,cardigan homme,https://www.celio.com/fr-be/p/cardigan-zippe-col-camioneur-100-coton---beige/1171685.html,1.5,0,2
2026-08-10,celio,cardigan homme,https://www.celio.com/fr-fr/c/pulls-gilets-et-cardigans,6.8,4,173
2026-08-10,celio,cardigan homme,https://www.celio.com/fr-fr/p/cardigan-zippe-col-camioneur-100-coton---beige/1171685.html,1.5,0,2
2026-08-10,celio,cardigan homme,https://www.celio.com/fr-fr/p/cardigan-zippe-col-camioneur-100-coton---noir/1171682.html,1.5,0,2
2026-08-11,celio,cardigan homme,https://www.celio.com/fr-be/c/pulls-gilets-et-cardigans,12.2,0,15
2026-08-11,celio,cardigan homme,https://www.celio.com/fr-fr/c/pulls-gilets-et-cardigans,7.7,3,130
2026-08-12,celio,cardigan homme,https://www.celio.com/fr-be/c/pulls-gilets-et-cardigans,14,0,6
2026-08-12,celio,cardigan homme,https://www.celio.com/fr-fr/c/pulls-gilets-et-cardigans,6.9,2,116
2026-08-13,celio,cardigan homme,https://www.celio.com/fr-be/c/pulls-gilets-et-cardigans,12.7,0,10
2026-08-13,celio,cardigan homme,https://www.celio.com/fr-be/p/cardigan-zippe-col-camioneur-100-coton---beige/1171685.html,2.5,0,2
2026-08-13,celio,cardigan homme,https://www.celio.com/fr-fr/c/pulls-gilets-et-cardigans,9.1,1,87
2026-08-13,celio,cardigan homme,https://www.celio.com/fr-fr/p/cardigan-zippe-col-camioneur-100-coton---beige/1171685.html,2.5,0,2
2026-08-13,celio,cardigan homme,https://www.celio.com/fr-fr/p/cardigan-zippe-col-camioneur-100-coton---noir/1171682.html,2.5,1,2
2026-08-14,celio,cardigan homme,https://www.celio.com/fr-be/c/pulls-gilets-et-cardigans,13,0,3
2026-08-14,celio,cardigan homme,https://www.celio.com/fr-fr/c/pulls-gilets-et-cardigans,6.9,2,84
2026-08-15,celio,cardigan homme,https://www.celio.com/fr-be/c/pulls-gilets-et-cardigans,14.8,0,4
2026-08-15,celio,cardigan homme,https://www.celio.com/fr-fr/c/pulls-gilets-et-cardigans,7.3,2,87
2026-08-16,celio,cardigan homme,https://www.celio.com/fr-be/c/pulls-gilets-et-cardigans,13.6,0,5
2026-08-16,celio,cardigan homme,https://www.celio.com/fr-fr/c/pulls-gilets-et-cardigans,7.8,3,100
2026-08-17,celio,cardigan homme,https://www.celio.com/fr-be/c/pulls-gilets-et-cardigans,10.3,1,12
2026-08-17,celio,cardigan homme,https://www.celio.com/fr-fr/c/pulls-gilets-et-cardigans,5.3,2,162
2026-08-17,celio,cardigan homme,https://www.celio.com/fr-fr/store?StoreID=0771,5,0,2
2026-08-18,celio,cardigan homme,https://www.celio.com/fr-be/c/pulls-gilets-et-cardigans,10.2,1,11
2026-08-18,celio,cardigan homme,https://www.celio.com/fr-fr/c/pulls-gilets-et-cardigans,5.0,3,233
2026-08-18,celio,cardigan homme,https://www.celio.com/fr-fr/store?StoreID=0769,4,0,2
2026-08-19,celio,cardigan homme,https://www.celio.com/fr-be/c/pulls-gilets-et-cardigans,7.7,0,10
2026-08-19,celio,cardigan homme,https://www.celio.com/fr-fr/c/pulls-gilets-et-cardigans,4.6,4,241
2026-08-20,celio,cardigan homme,https://www.celio.com/fr-be/c/pulls-gilets-et-cardigans,8.2,0,33
2026-08-20,celio,cardigan homme,https://www.celio.com/fr-fr/c/pulls-gilets-et-cardigans,2.4,9,319
2026-08-21,celio,cardigan homme,https://www.celio.com/fr-be/c/pulls-gilets-et-cardigans,8.9,0,19
2026-08-21,celio,cardigan homme,https://www.celio.com/fr-fr/c/pulls-gilets-et-cardigans,2.8,8,359
2026-08-22,celio,cardigan homme,https://www.celio.com/fr-be/c/pulls-gilets-et-cardigans,6.9,0,18
2026-08-22,celio,cardigan homme,https://www.celio.com/fr-fr/c/pulls-gilets-et-cardigans,2.7,11,373
2026-08-22,celio,cardigan homme,https://www.celio.com/fr-fr/store?StoreID=0771,4,0,2
2026-08-22,celio,cardigan homme,https://www.celio.com/pt-pt/c/puxadas-coletes-e-cardigas,3,0,2
2026-08-23,celio,cardigan homme,https://www.celio.com/fr-be/c/pulls-gilets-et-cardigans,6.7,0,20
2026-08-23,celio,cardigan homme,https://www.celio.com/fr-fr/c/pulls-gilets-et-cardigans,2.4,14,359
2026-08-24,celio,cardigan homme,https://www.celio.com/fr-be/c/pulls-gilets-et-cardigans,7.1,1,15
2026-08-24,celio,cardigan homme,https://www.celio.com/fr-fr/c/pulls-gilets-et-cardigans,2.9,8,380
2026-08-25,celio,cardigan homme,https://www.celio.com/fr-be/c/pulls-gilets-et-cardigans,8.7,0,20
2026-08-25,celio,cardigan homme,https://www.celio.com/fr-fr/c/pulls-gilets-et-cardigans,2.0,8,351
2026-08-26,celio,cardigan homme,https://www.celio.com/fr-be/c/pulls-gilets-et-cardigans,9,0,12
2026-08-26,celio,cardigan homme,https://www.celio.com/fr-fr/c/pulls-gilets-et-cardigans,2.2,7,354
2026-08-27,celio,cardigan homme,https://www.celio.com/fr-be/c/pulls-gilets-et-cardigans,7.3,0,19
2026-08-27,celio,cardigan homme,https://www.celio.com/fr-fr/c/pulls-gilets-et-cardigans,3.0,8,333
2026-08-28,celio,cardigan homme,https://www.celio.com/fr-be/c/pulls-gilets-et-cardigans,7.2,0,23
2026-08-28,celio,cardigan homme,https://www.celio.com/fr-fr/c/pulls-gilets-et-cardigans,3.9,5,365
2026-08-29,celio,cardigan homme,https://www.celio.com/fr-be/c/pulls-gilets-et-cardigans,9.4,0,31
2026-08-29,celio,cardigan homme,https://www.celio.com/fr-fr/c/pulls-gilets-et-cardigans,7.4,6,390
2026-08-29,celio,cardigan homme,https://www.celio.com/fr-fr/store?StoreID=0291,15.5,0,2
2026-08-30,celio,cardigan homme,https://www.celio.com/fr-be/c/pulls-gilets-et-cardigans,7.7,0,24
2026-08-30,celio,cardigan homme,https://www.celio.com/fr-fr/c/pulls-gilets-et-cardigans,4.7,8,466
2026-08-31,celio,cardigan homme,https://www.celio.com/fr-be/c/pulls-gilets-et-cardigans,11,0,14
2026-08-31,celio,cardigan homme,https://www.celio.com/fr-fr/c/pulls-gilets-et-cardigans,4.4,7,406
2026-09-01,celio,cardigan homme,https://www.celio.com/fr-be/c/pulls-gilets-et-cardigans,7.2,1,20
2026-09-01,celio,cardigan homme,https://www.celio.com/fr-fr/c/pulls-gilets-et-cardigans,3.1,18,393
2026-09-02,celio,cardigan homme,https://www.celio.com/fr-be/c/pulls-gilets-et-cardigans,6.8,1,21
2026-09-02,celio,cardigan homme,https://www.celio.com/fr-fr/c/pulls-gilets-et-cardigans,2.3,11,431
2026-09-03,celio,cardigan homme,https://www.celio.com/fr-be/c/pulls-gilets-et-cardigans,7.8,2,21
2026-09-03,celio,cardigan homme,https://www.celio.com/fr-fr/c/pulls-gilets-et-cardigans,2.8,16,389
2026-09-04,celio,cardigan homme,https://www.celio.com/fr-be/c/pulls-gilets-et-cardigans,8.5,0,14
2026-09-04,celio,cardigan homme,https://www.celio.com/fr-fr/c/pulls-gilets-et-cardigans,2.5,16,389
2026-09-05,celio,cardigan homme,https://www.celio.com/fr-be/c/pulls-gilets-et-cardigans,8.5,0,29
2026-09-05,celio,cardigan homme,https://www.celio.com/fr-fr/c/pulls-gilets-et-cardigans,2.7,7,401
2026-09-06,celio,cardigan homme,https://www.celio.com/fr-be/c/pulls-gilets-et-cardigans,10.2,0,26
2026-09-06,celio,cardigan homme,https://www.celio.com/fr-fr/c/pulls-gilets-et-cardigans,2.3,12,515
2026-09-07,celio,cardigan homme,https://www.celio.com/fr-be/c/pulls-gilets-et-cardigans,10.5,0,19
2026-09-07,celio,cardigan homme,https://www.celio.com/fr-fr/c/pulls-gilets-et-cardigans,2.8,17,376
2026-09-08,celio,cardigan homme,https://www.celio.com/fr-be/c/pulls-gilets-et-cardigans,10.1,0,13
2026-09-08,celio,cardigan homme,https://www.celio.com/fr-fr/c/pulls-gilets-et-cardigans,3.1,13,425
2026-09-09,celio,cardigan homme,https://www.celio.com/fr-be/c/pulls-gilets-et-cardigans,9.6,0,33
2026-09-09,celio,cardigan homme,https://www.celio.com/fr-fr/c/pulls-gilets-et-cardigans,2.5,12,533
2026-09-10,celio,cardigan homme,https://www.celio.com/fr-be/c/pulls-gilets-et-cardigans,13.5,0,8
2026-09-10,celio,cardigan homme,https://www.celio.com/fr-fr/c/pulls-gilets-et-cardigans,2.0,22,515
2026-09-11,celio,cardigan homme,https://www.celio.com/fr-be/c/pulls-gilets-et-cardigans,9.6,0,21
2026-09-11,celio,cardigan homme,https://www.celio.com/fr-fr/c/pulls-gilets-et-cardigans,1.8,17,486
2026-09-12,celio,cardigan homme,https://www.celio.com/fr-be/c/pulls-gilets-et-cardigans,9.3,0,22
2026-09-12,celio,cardigan homme,https://www.celio.com/fr-fr/c/pulls-gilets-et-cardigans,1.9,24,585
2026-09-13,celio,cardigan homme,https://www.celio.com/fr-be/c/pulls-gilets-et-cardigans,8.2,0,19
2026-09-13,celio,cardigan homme,https://www.celio.com/fr-fr/c/pulls-gilets-et-cardigans,2.0,26,601
2026-09-14,celio,cardigan homme,https://www.celio.com/fr-be/c/pulls-gilets-et-cardigans,9.2,0,16
2026-09-14,celio,cardigan homme,https://www.celio.com/fr-fr/c/pulls-gilets-et-cardigans,1.9,17,531
2026-09-15,celio,cardigan homme,https://www.celio.com/fr-be/c/pulls-gilets-et-cardigans,7.9,0,8
2026-09-15,celio,cardigan homme,https://www.celio.com/fr-fr/c/pulls-gilets-et-cardigans,1.9,13,433
2026-09-16,celio,cardigan homme,https://www.celio.com/fr-be/c/pulls-gilets-et-cardigans,8.4,0,5
2026-09-16,celio,cardigan homme,https://www.celio.com/fr-fr/c/pulls-gilets-et-cardigans,2.4,15,436
2026-09-16,celio,cardigan homme,https://www.celio.com/fr-fr/store?StoreID=1040,6,0,2
2026-09-17,celio,cardigan homme,https://www.celio.com/fr-be/c/pulls-gilets-et-cardigans,7.5,0,8
2026-09-17,celio,cardigan homme,https://www.celio.com/fr-fr/c/pulls-gilets-et-cardigans,2.2,19,421
2026-09-18,celio,cardigan homme,https://www.celio.com/fr-be/c/pulls-gilets-et-cardigans,5.1,0,18
2026-09-18,celio,cardigan homme,https://www.celio.com/fr-fr/c/pulls-gilets-et-cardigans,2.0,22,392
2026-09-19,celio,cardigan homme,https://www.celio.com/fr-be/c/pulls-gilets-et-cardigans,7.2,0,13
2026-09-19,celio,cardigan homme,https://www.celio.com/fr-fr/c/pulls-gilets-et-cardigans,1.8,31,492
2026-09-20,celio,cardigan homme,https://www.celio.com/fr-be/c/pulls-gilets-et-cardigans,6.0,1,23
2026-09-20,celio,cardigan homme,https://www.celio.com/fr-fr/c/pulls-gilets-et-cardigans,1.9,23,641
2026-09-21,celio,cardigan homme,https://www.celio.com/fr-be/c/pulls-gilets-et-cardigans,7.4,1,14
2026-09-21,celio,cardigan homme,https://www.celio.com/fr-fr/c/pulls-gilets-et-cardigans,1.8,23,528
2026-09-22,celio,cardigan homme,https://www.celio.com/fr-be/c/pulls-gilets-et-cardigans,6.8,1,27
2026-09-22,celio,cardigan homme,https://www.celio.com/fr-fr/c/pulls-gilets-et-cardigans,2.2,22,471
2026-09-23,celio,cardigan homme,https://www.celio.com/fr-be/c/pulls-gilets-et-cardigans,7.3,0,24
2026-09-23,celio,cardigan homme,https://www.celio.com/fr-fr/c/pulls-gilets-et-cardigans,3.3,19,432
2026-09-24,celio,cardigan homme,https://www.celio.com/fr-be/c/pulls-gilets-et-cardigans,5.8,0,15
2026-09-24,celio,cardigan homme,https://www.celio.com/fr-fr/c/pulls-gilets-et-cardigans,3.4,10,415
2026-09-24,celio,cardigan homme,https://www.celio.com/fr-fr/store?StoreID=0224,10,0,3
2026-09-25,celio,cardigan homme,https://www.celio.com/fr-be/c/pulls-gilets-et-cardigans,8.4,0,17
2026-09-25,celio,cardigan homme,https://www.celio.com/fr-fr/c/pulls-gilets-et-cardigans,3.5,5,386
2026-09-25,celio,cardigan homme,https://www.celio.com/fr-fr/store?StoreID=0040,10,0,3
2026-09-25,celio,cardigan homme,https://www.celio.com/fr-fr/store?StoreID=0224,10.7,0,3
2026-09-26,celio,cardigan homme,https://www.celio.com/fr-be/c/pulls-gilets-et-cardigans,8.8,1,26
2026-09-26,celio,cardigan homme,https://www.celio.com/fr-fr/c/pulls-gilets-et-cardigans,3.1,20,496
2026-09-26,celio,cardigan homme,https://www.celio.com/fr-fr/store?StoreID=0615,6.5,0,2
2026-09-26,celio,cardigan homme,https://www.celio.com/fr-fr/store?StoreID=0745,12,0,2
2026-09-26,celio,cardigan homme,https://www.celio.com/fr-fr/store?StoreID=0769,9.3,0,3
2026-09-27,celio,cardigan homme,https://www.celio.com/fr-be/c/pulls-gilets-et-cardigans,7.4,0,24
2026-09-27,celio,cardigan homme,https://www.celio.com/fr-fr/c/pulls-gilets-et-cardigans,3.6,18,621
2026-09-27,celio,cardigan homme,https://www.celio.com/fr-fr/store?StoreID=0128,6,0,2
2026-09-27,celio,cardigan homme,https://www.celio.com/fr-fr/store?StoreID=0671,8,0,3
2026-09-28,celio,cardigan homme,https://www.celio.com/fr-be/c/pulls-gilets-et-cardigans,7.3,0,23
2026-09-28,celio,cardigan homme,https://www.celio.com/fr-be/store?StoreID=0349,13.5,0,2
2026-09-28,celio,cardigan homme,https://www.celio.com/fr-fr/c/pulls-gilets-et-cardigans,4.7,13,437
2026-09-28,celio,cardigan homme,https://www.celio.com/fr-fr/store?StoreID=0224,8,0,2
2026-09-29,celio,cardigan homme,https://www.celio.com/fr-be/c/pulls-gilets-et-cardigans,9.2,0,13
2026-09-29,celio,cardigan homme,https://www.celio.com/fr-fr/c/pulls-gilets-et-cardigans,5.1,8,383
2026-09-29,celio,cardigan homme,https://www.celio.com/fr-fr/store?StoreID=0179,10,0,2
2026-09-30,celio,cardigan homme,https://www.celio.com/fr-be/c/pulls-gilets-et-cardigans,8.9,0,10
2026-09-30,celio,cardigan homme,https://www.celio.com/fr-fr/c/pulls-gilets-et-cardigans,2.2,21,470
2026-09-30,celio,cardigan homme,https://www.celio.com/fr-fr/store?StoreID=1489,11.5,0,2
2026-07-03,celio,cargo homme,https://www.celio.com/fr-be/c/pantalons-pantalons-cargos,7.5,0,4
2026-07-03,celio,cargo homme,https://www.celio.com/fr-fr/c/pantalons-pantalons-cargos,2,6,165
2026-07-03,celio,cargo homme,https://www.celio.com/fr-fr/c/vetements-pas-chers-pantalons-cargo-pas-chers,41,0,2
2026-07-04,celio,cargo homme,https://www.celio.com/fr-be/c/pantalons-pantalons-cargos,6.8,0,5
2026-07-04,celio,cargo homme,https://www.celio.com/fr-fr/c/pantalons-pantalons-cargos,2.2,7,167
2026-07-05,celio,cargo homme,https://www.celio.com/fr-fr/c/pantalons-pantalons-cargos,2.3,1,165
2026-07-06,celio,cargo homme,https://www.celio.com/fr-be/c/pantalons-pantalons-cargos,4.7,0,3
2026-07-06,celio,cargo homme,https://www.celio.com/fr-fr/c/pantalons-pantalons-cargos,1.9,3,149
2026-07-07,celio,cargo homme,https://www.celio.com/fr-fr/c/pantalons-pantalons-cargos,1.8,8,156
2026-07-08,celio,cargo homme,https://www.celio.com/fr-be/c/pantalons-pantalons-cargos,7,0,2
2026-07-08,celio,cargo homme,https://www.celio.com/fr-fr/c/pantalons-pantalons-cargos,2.0,2,134
2026-07-09,celio,cargo homme,https://www.celio.com/fr-be/c/pantalons-pantalons-cargos,6.5,0,2
2026-07-09,celio,cargo homme,https://www.celio.com/fr-fr/c/pantalons-pantalons-cargos,1.7,7,132
2026-07-10,celio,cargo homme,https://www.celio.com/fr-be/c/pantalons-pantalons-cargos,6.5,0,2
2026-07-10,celio,cargo homme,https://www.celio.com/fr-fr/c/pantalons-pantalons-cargos,2.2,7,133
2026-07-11,celio,cargo homme,https://www.celio.com/fr-be/c/pantalons-pantalons-cargos,8,0,2
2026-07-11,celio,cargo homme,https://www.celio.com/fr-fr/c/pantalons-pantalons-cargos,2.7,4,150
2026-07-12,celio,cargo homme,https://www.celio.com/fr-fr/c/pantalons-pantalons-cargos,2.8,7,151
2026-07-13,celio,cargo homme,https://www.celio.com/fr-fr/c/pantalons-pantalons-cargos,2.3,0,118
2026-07-14,celio,cargo homme,https://www.celio.com/fr-be/c/pantalons-pantalons-cargos,5.2,1,4
2026-07-14,celio,cargo homme,https://www.celio.com/fr-fr/c/pantalons-pantalons-cargos,2.4,3,142
2026-07-15,celio,cargo homme,https://www.celio.com/fr-be/c/pantalons-pantalons-cargos,5.5,0,2
2026-07-15,celio,cargo homme,https://www.celio.com/fr-fr/c/pantalons-pantalons-cargos,1.8,3,131
2026-07-16,celio,cargo homme,https://www.celio.com/fr-be/c/pantalons-pantalons-cargos,3,0,3
2026-07-16,celio,cargo homme,https://www.celio.com/fr-fr/c/pantalons-pantalons-cargos,1.7,5,155
2026-07-17,celio,cargo homme,https://www.celio.com/fr-be/c/pantalons-pantalons-cargos,4.5,1,2
2026-07-17,celio,cargo homme,https://www.celio.com/fr-fr/c/pantalons-pantalons-cargos,2.9,4,144
2026-07-18,celio,cargo homme,https://www.celio.com/fr-fr/c/pantalons-pantalons-cargos,2.4,6,154
2026-07-19,celio,cargo homme,https://www.celio.com/fr-be/c/pantalons-pantalons-cargos,9.5,0,2
2026-07-19,celio,cargo homme,https://www.celio.com/fr-fr/c/pantalons-pantalons-cargos,2.4,8,161
2026-07-20,celio,cargo homme,https://www.celio.com/fr-fr/c/pantalons-pantalons-cargos,2.3,3,138
2026-07-21,celio,cargo homme,https://www.celio.com/fr-fr/c/pantalons-pantalons-cargos,3.4,6,150
2026-07-22,celio,cargo homme,https://www.celio.com/fr-fr/c/pantalons-pantalons-cargos,4.4,2,162
2026-07-23,celio,cargo homme,https://www.celio.com/fr-be/c/pantalons-pantalons-cargos,2.7,0,3
2026-07-23,celio,cargo homme,https://www.celio.com/fr-fr/c/pantalons-pantalons-cargos,4.6,3,126
2026-07-24,celio,cargo homme,https://www.celio.com/fr-be/c/pantalons-pantalons-cargos,5,0,2
2026-07-24,celio,cargo homme,https://www.celio.com/fr-fr/c/pantalons-cargos-pantalons-cargos-beige,60,0,2
2026-07-24,celio,cargo homme,https://www.celio.com/fr-fr/c/pantalons-pantalons-cargos,5.8,2,120
2026-07-25,celio,cargo homme,https://www.celio.com/fr-be/c/pantalons-pantalons-cargos,4.2,0,5
2026-07-25,celio,cargo homme,https://www.celio.com/fr-fr/c/pantalons-cargos-cargos-noirs,67,0,2
2026-07-25,celio,cargo homme,https://www.celio.com/fr-fr/c/pantalons-pantalons-cargos,5.3,5,146
2026-07-26,celio,cargo homme,https://www.celio.com/fr-be/c/pantalons-pantalons-cargos,9,0,3
2026-07-26,celio,cargo homme,https://www.celio.com/fr-fr/c/pantalons-pantalons-cargos,5.6,4,176
2026-07-27,celio,cargo homme,https://www.celio.com/fr-be/c/pantalons-pantalons-cargos,6,0,2
2026-07-27,celio,cargo homme,https://www.celio.com/fr-fr/c/pantalons-pantalons-cargos,4.3,4,143
2026-07-28,celio,cargo homme,https://www.celio.com/fr-be/c/pantalons-pantalons-cargos,8,0,2
2026-07-28,celio,cargo homme,https://www.celio.com/fr-fr/c/pantalons-pantalons-cargos,6.6,3,147
2026-07-29,celio,cargo homme,https://www.celio.com/fr-be/c/pantalons-pantalons-cargos,5,0,2
2026-07-29,celio,cargo homme,https://www.celio.com/fr-fr/c/pantalons-pantalons-cargos,5.4,3,118
2026-07-30,celio,cargo homme,https://www.celio.com/fr-fr/c/pantalons-cargos-cargos-noirs,63,0,3
2026-07-30,celio,cargo homme,https://www.celio.com/fr-fr/c/pantalons-pantalons-cargos,5.1,4,137
2026-07-31,celio,cargo homme,https://www.celio.com/fr-be/c/pantalons-pantalons-cargos,7.1,0,7
2026-07-31,celio,cargo homme,https://www.celio.com/fr-fr/c/pantalons-pantalons-cargos,3.9,2,135
2026-08-01,celio,cargo homme,https://www.celio.com/fr-be/c/pantalons-pantalons-cargos,8.5,0,2
2026-08-01,celio,cargo homme,https://www.celio.com/fr-fr/c/pantalons-pantalons-cargos,4.2,3,150
2026-08-01,celio,cargo homme,https://www.celio.com/fr-fr/store?StoreID=0235,2,0,2
2026-08-02,celio,cargo homme,https://www.celio.com/fr-be/c/pantalons-pantalons-cargos,11.8,0,4
2026-08-02,celio,cargo homme,https://www.celio.com/fr-fr/c/pantalons-pantalons-cargos,3.9,8,174
2026-08-03,celio,cargo homme,https://www.celio.com/fr-fr/c/pantalons-pantalons-cargos,3.6,5,141
2026-08-04,celio,cargo homme,https://www.celio.com/fr-be/c/pantalons-pantalons-cargos,7,0,3
2026-08-04,celio,cargo homme,https://www.celio.com/fr-fr/c/pantalons-pantalons-cargos,3.1,5,178
2026-08-05,celio,cargo homme,https://www.celio.com/fr-be/c/pantalons-pantalons-cargos,9.5,0,2
2026-08-05,celio,cargo homme,https://www.celio.com/fr-fr/c/pantalons-pantalons-cargos,2.5,8,177
2026-08-06,celio,cargo homme,https://www.celio.com/fr-be/c/pantalons-pantalons-cargos,12,0,2
2026-08-06,celio,cargo homme,https://www.celio.com/fr-fr/c/pantalons-pantalons-cargos,2.8,7,180
2026-08-07,celio,cargo homme,https://www.celio.com/fr-be/c/pantalons-pantalons-cargos,13.5,0,2
2026-08-07,celio,cargo homme,https://www.celio.com/fr-fr/c/pantalons-pantalons-cargos,2.2,4,154
2026-08-08,celio,cargo homme,https://www.celio.com/fr-be/c/pantalons-pantalons-cargos,8.7,0,3
2026-08-08,celio,cargo homme,https://www.celio.com/fr-fr/c/pantalons-pantalons-cargos,3.8,5,142
2026-08-09,celio,cargo homme,https://www.celio.com/fr-be/c/pantalons-pantalons-cargos,10.5,0,2
2026-08-09,celio,cargo homme,https://www.celio.com/fr-fr/c/pantalons-pantalons-cargos,4.9,4,130
2026-08-10,celio,cargo homme,https://www.celio.com/fr-be/c/pantalons-pantalons-cargos,7.8,0,6
2026-08-10,celio,cargo homme,https://www.celio.com/fr-fr/c/pantalons-pantalons-cargos,4.0,0,146
2026-08-11,celio,cargo homme,https://www.celio.com/fr-be/c/pantalons-pantalons-cargos,11.7,0,3
2026-08-11,celio,cargo homme,https://www.celio.com/fr-fr/c/pantalons-pantalons-cargos,4.5,6,165
2026-08-12,celio,cargo homme,https://www.celio.com/fr-be/c/pantalons-pantalons-cargos,7.5,0,4
2026-08-12,celio,cargo homme,https://www.celio.com/fr-fr/c/pantalons-pantalons-cargos,4.4,4,159
2026-08-13,celio,cargo homme,https://www.celio.com/fr-be/c/pantalons-pantalons-cargos,6,0,2
2026-08-13,celio,cargo homme,https://www.celio.com/fr-fr/c/pantalons-cargos-cargos-noirs,61,0,3
2026-08-13,celio,cargo homme,https://www.celio.com/fr-fr/c/pantalons-pantalons-cargos,4.7,7,147
2026-08-14,celio,cargo homme,https://www.celio.com/fr-fr/c/pantalons-cargos-cargos-noirs,57.7,0,3
2026-08-14,celio,cargo homme,https://www.celio.com/fr-fr/c/pantalons-pantalons-cargos,3.3,3,147
2026-08-15,celio,cargo homme,https://www.celio.com/fr-fr/c/pantalons-pantalons-cargos,3.3,4,158
2026-08-16,celio,cargo homme,https://www.celio.com/fr-be/c/pantalons-pantalons-cargos,8.8,0,8
2026-08-16,celio,cargo homme,https://www.celio.com/fr-fr/c/pantalons-cargos-cargos-noirs,58.8,0,4
2026-08-16,celio,cargo homme,https://www.celio.com/fr-fr/c/pantalons-pantalons-cargos,3.5,6,164
2026-08-17,celio,cargo homme,https://www.celio.com/fr-be/c/pantalons-pantalons-cargos,7.3,0,3
2026-08-17,celio,cargo homme,https://www.celio.com/fr-fr/c/pantalons-pantalons-cargos,3.0,8,181
2026-08-18,celio,cargo homme,https://www.celio.com/fr-be/c/pantalons-pantalons-cargos,5.3,0,3
2026-08-18,celio,cargo homme,https://www.celio.com/fr-fr/c/pantalons-cargos-cargos-noirs,72,0,3
2026-08-18,celio,cargo homme,https://www.celio.com/fr-fr/c/pantalons-pantalons-cargos,3.9,6,223
2026-08-19,celio,cargo homme,https://www.celio.com/fr-fr/c/pantalons-cargos-cargos-noirs,55.5,0,4
2026-08-19,celio,cargo homme,https://www.celio.com/fr-fr/c/pantalons-pantalons-cargos,3.7,8,222
2026-08-20,celio,cargo homme,https://www.celio.com/fr-be/c/pantalons-pantalons-cargos,8.2,0,4
2026-08-20,celio,cargo homme,https://www.celio.com/fr-fr/c/pantalons-pantalons-cargos,4.8,8,209
2026-08-21,celio,cargo homme,https://www.celio.com/fr-be/c/pantalons-pantalons-cargos,5.4,1,5
2026-08-21,celio,cargo homme,https://www.celio.com/fr-fr/c/pantalons-cargos-cargos-noirs,58.5,0,6
2026-08-21,celio,cargo homme,https://www.celio.com/fr-fr/c/pantalons-pantalons-cargos,4.6,8,187
2026-08-22,celio,cargo homme,https://www.celio.com/fr-be/c/pantalons-pantalons-cargos,4.5,0,2
2026-08-22,celio,cargo homme,https://www.celio.com/fr-fr/c/pantalons-pantalons-cargos,4.1,8,221
2026-08-23,celio,cargo homme,https://www.celio.com/fr-be/c/pantalons-pantalons-cargos,7.6,0,9
2026-08-23,celio,cargo homme,https://www.celio.com/fr-fr/c/pantalons-cargos-cargos-noirs,61.3,0,3
2026-08-23,celio,cargo homme,https://www.celio.com/fr-fr/c/pantalons-pantalons-cargos,3.9,2,160
2026-08-24,celio,cargo homme,https://www.celio.com/fr-be/c/pantalons-pantalons-cargos,10,0,4
2026-08-24,celio,cargo homme,https://www.celio.com/fr-fr/c/pantalons-cargos-cargos-noirs,61.2,0,4
2026-08-24,celio,cargo homme,https://www.celio.com/fr-fr/c/pantalons-pantalons-cargos,3.6,5,212
2026-08-25,celio,cargo homme,https://www.celio.com/fr-be/c/pantalons-pantalons-cargos,4,0,4
2026-08-25,celio,cargo homme,https://www.celio.com/fr-fr/c/pantalons-cargos-cargos-noirs,58.5,0,2
2026-08-25,celio,cargo homme,https://www.celio.com/fr-fr/c/pantalons-pantalons-cargos,4.5,10,221
2026-08-26,celio,cargo homme,https://www.celio.com/fr-be/c/pantalons-pantalons-cargos,5,0,2
2026-08-26,celio,cargo homme,https://www.celio.com/fr-fr/c/pantalons-cargos-cargos-noirs,55.7,0,3
2026-08-26,celio,cargo homme,https://www.celio.com/fr-fr/c/pantalons-pantalons-cargos,2.9,10,215
2026-08-27,celio,cargo homme,https://www.celio.com/fr-be/c/pantalons-pantalons-cargos,7.9,0,7
2026-08-27,celio,cargo homme,https://www.celio.com/fr-fr/c/pantalons-cargos-cargos-noirs,55,0,2
2026-08-27,celio,cargo homme,https://www.celio.com/fr-fr/c/pantalons-pantalons-cargos,7.6,4,187
2026-08-28,celio,cargo homme,https://www.celio.com/fr-be/c/pantalons-pantalons-cargos,9.3,0,3
2026-08-28,celio,cargo homme,https://www.celio.com/fr-fr/c/pantalons-cargos-cargos-noirs,56.5,0,4
2026-08-28,celio,cargo homme,https://www.celio.com/fr-fr/c/pantalons-pantalons-cargos,6.5,4,247
2026-08-29,celio,cargo homme,https://www.celio.com/fr-be/c/pantalons-pantalons-cargos,3.8,0,4
2026-08-29,celio,cargo homme,https://www.celio.com/fr-fr/c/pantalons-pantalons-cargos,7.1,5,217
2026-08-29,celio,cargo homme,https://www.celio.com/fr-fr/store?StoreID=0139,4,1,2
2026-08-30,celio,cargo homme,https://www.celio.com/fr-be/c/pantalons-pantalons-cargos,4,0,2
2026-08-30,celio,cargo homme,https://www.celio.com/fr-fr/c/pantalons-cargos-cargos-noirs,56.2,0,5
2026-08-30,celio,cargo homme,https://www.celio.com/fr-fr/c/pantalons-pantalons-cargos,7.8,6,180
2026-08-31,celio,cargo homme,https://www.celio.com/fr-be/c/pantalons-pantalons-cargos,7.5,0,4
2026-08-31,celio,cargo homme,https://www.celio.com/fr-fr/c/pantalons-cargos-cargos-noirs,66.7,0,3
2026-08-31,celio,cargo homme,https://www.celio.com/fr-fr/c/pantalons-pantalons-cargos,10.9,5,186
2026-08-31,celio,cargo homme,https://www.celio.com/fr-fr/store?StoreID=0002,4.5,0,2
2026-08-31,celio,cargo homme,https://www.celio.com/fr-fr/store?StoreID=0230,4.5,0,2
2026-09-01,celio,cargo homme,https://www.celio.com/fr-be/c/pantalons-pantalons-cargos,5.8,0,5
2026-09-01,celio,cargo homme,https://www.celio.com/fr-fr/c/pantalons-pantalons-cargos,10.2,6,185
2026-09-02,celio,cargo homme,https://www.celio.com/fr-be/c/pantalons-pantalons-cargos,4.8,0,4
2026-09-02,celio,cargo homme,https://www.celio.com/fr-fr/c/pantalons-cargos-cargos-noirs,56,0,2
2026-09-02,celio,cargo homme,https://www.celio.com/fr-fr/c/pantalons-pantalons-cargos,7.1,6,177
2026-09-03,celio,cargo homme,https://www.celio.com/fr-be/c/pantalons-pantalons-cargos,4.5,0,11
2026-09-03,celio,cargo homme,https://www.celio.com/fr-fr/c/pantalons-cargos-cargos-noirs,59,0,2
2026-09-03,celio,cargo homme,https://www.celio.com/fr-fr/c/pantalons-pantalons-cargos,6.2,1,93
2026-09-04,celio,cargo homme,https://www.celio.com/fr-be/c/pantalons-pantalons-cargos,3,0,2
2026-09-04,celio,cargo homme,https://www.celio.com/fr-fr/c/pantalons-cargos-cargos-noirs,60.5,0,2
2026-09-04,celio,cargo homme,https://www.celio.com/fr-fr/c/pantalons-pantalons-cargos,6.5,1,84
2026-09-04,celio,cargo homme,https://www.celio.com/fr-fr/store?StoreID=0112,3,0,2
2026-09-05,celio,cargo homme,https://www.celio.com/fr-fr/c/pantalons-pantalons-cargos,6.6,2,181
2026-09-05,celio,cargo homme,https://www.celio.com/fr-fr/store?StoreID=0002,6,0,2
2026-09-05,celio,cargo homme,https://www.celio.com/fr-fr/store?StoreID=0219,5,0,2
2026-09-05,celio,cargo homme,https://www.celio.com/fr-fr/store?StoreID=0763,6,0,2
2026-09-06,celio,cargo homme,https://www.celio.com/fr-be/c/pantalons-pantalons-cargos,2.6,1,5
2026-09-06,celio,cargo homme,https://www.celio.com/fr-fr/c/pantalons-pantalons-cargos,6.2,7,202
2026-09-07,celio,cargo homme,https://www.celio.com/fr-be/c/pantalons-pantalons-cargos,2,0,2
2026-09-07,celio,cargo homme,https://www.celio.com/fr-fr/c/pantalons-pantalons-cargos,6.5,2,212
2026-09-08,celio,cargo homme,https://www.celio.com/fr-be/c/pantalons-pantalons-cargos,4.1,0,7
2026-09-08,celio,cargo homme,https://www.celio.com/fr-fr/c/pantalons-pantalons-cargos,8.0,6,212
2026-09-08,celio,cargo homme,https://www.celio.com/fr-fr/store?StoreID=0181,5,0,2
2026-09-09,celio,cargo homme,https://www.celio.com/fr-be/c/pantalons-pantalons-cargos,4,0,4
2026-09-09,celio,cargo homme,https://www.celio.com/fr-fr/c/pantalons-pantalons-cargos,5.6,4,207
2026-09-10,celio,cargo homme,https://www.celio.com/fr-be/c/pantalons-pantalons-cargos,2,0,2
2026-09-10,celio,cargo homme,https://www.celio.com/fr-fr/c/pantalons-pantalons-cargos,3.8,8,224
2026-09-11,celio,cargo homme,https://www.celio.com/fr-be/c/pantalons-pantalons-cargos,4,0,4
2026-09-11,celio,cargo homme,https://www.celio.com/fr-fr/c/pantalons-pantalons-cargos,3.2,12,213
2026-09-12,celio,cargo homme,https://www.celio.com/fr-be/c/pantalons-pantalons-cargos,4.2,0,6
2026-09-12,celio,cargo homme,https://www.celio.com/fr-fr/c/pantalons-pantalons-cargos,2.7,9,213
2026-09-13,celio,cargo homme,https://www.celio.com/fr-be/c/pantalons-pantalons-cargos,5,0,4
2026-09-13,celio,cargo homme,https://www.celio.com/fr-fr/c/pantalons-pantalons-cargos,2.8,13,210
2026-09-13,celio,cargo homme,https://www.celio.com/fr-fr/store?StoreID=0219,3,0,3
2026-09-13,celio,cargo homme,https://www.celio.com/fr-fr/store?StoreID=0616,13,0,3
2026-09-14,celio,cargo homme,https://www.celio.com/fr-be/c/pantalons-pantalons-cargos,5.5,0,4
2026-09-14,celio,cargo homme,https://www.celio.com/fr-fr/c/pantalons-pantalons-cargos,3.7,13,210
2026-09-15,celio,cargo homme,https://www.celio.com/fr-fr/c/pantalons-pantalons-cargos,2.7,7,164
2026-09-16,celio,cargo homme,https://www.celio.com/fr-be/c/pantalons-pantalons-cargos,6.8,0,23
2026-09-16,celio,cargo homme,https://www.celio.com/fr-fr/c/pantalons-pantalons-cargos,3.3,8,160
2026-09-16,celio,cargo homme,https://www.celio.com/fr-fr/store?StoreID=0108,2.5,0,2
2026-09-16,celio,cargo homme,https://www.celio.com/fr-fr/store?StoreID=0172,2.5,0,2
2026-09-17,celio,cargo homme,https://www.celio.com/fr-be/c/pantalons-pantalons-cargos,7.1,0,14
2026-09-17,celio,cargo homme,https://www.celio.com/fr-fr/c/pantalons-pantalons-cargos,2.8,11,139
2026-09-18,celio,cargo homme,https://www.celio.com/fr-be/c/pantalons-pantalons-cargos,6.4,0,8
2026-09-18,celio,cargo homme,https://www.celio.com/fr-fr/c/pantalons-pantalons-cargos,5.5,5,95
2026-09-19,celio,cargo homme,https://www.celio.com/fr-fr/c/pantalons-pantalons-cargos,5.5,3,149
2026-09-20,celio,cargo homme,https://www.celio.com/fr-fr/c/pantalons-pantalons-cargos,6.6,12,180
2026-09-20,celio,cargo homme,https://www.celio.com/fr-fr/store?StoreID=0144,3,0,3
2026-09-21,celio,cargo homme,https://www.celio.com/fr-be/c/pantalons-pantalons-cargos,8,0,2
2026-09-21,celio,cargo homme,https://www.celio.com/fr-fr/c/pantalons-pantalons-cargos,5.7,3,152
2026-09-22,celio,cargo homme,https://www.celio.com/fr-fr/c/pantalons-pantalons-cargos,6.1,2,174
2026-09-22,celio,cargo homme,https://www.celio.com/fr-fr/store?StoreID=0172,3,0,2
2026-09-22,celio,cargo homme,https://www.celio.com/fr-fr/store?StoreID=0603,3.5,0,2
2026-09-23,celio,cargo homme,https://www.celio.com/fr-fr/c/pantalons-pantalons-cargos,3.8,9,218
2026-09-23,celio,cargo homme,https://www.celio.com/fr-fr/store?StoreID=0012,3.5,0,4
2026-09-23,celio,cargo homme,https://www.celio.com/fr-fr/store?StoreID=0106,7.5,0,2
2026-09-23,celio,cargo homme,https://www.celio.com/fr-fr/store?StoreID=0235,4,0,2
2026-09-24,celio,cargo homme,https://www.celio.com/fr-fr/c/pantalons-pantalons-cargos,3.2,9,195
2026-09-24,celio,cargo homme,https://www.celio.com/fr-fr/store?StoreID=0144,6,0,2
2026-09-24,celio,cargo homme,https://www.celio.com/fr-fr/store?StoreID=0162,6,0,2
2026-09-24,celio,cargo homme,https://www.celio.com/fr-fr/store?StoreID=0235,5.5,0,2
2026-09-24,celio,cargo homme,https://www.celio.com/fr-fr/store?StoreID=0681,6.5,0,2
2026-09-25,celio,cargo homme,https://www.celio.com/fr-fr/c/pantalons-pantalons-cargos,3.3,6,167
2026-09-25,celio,cargo homme,https://www.celio.com/fr-fr/store?StoreID=0123,4,0,4
2026-09-25,celio,cargo homme,https://www.celio.com/fr-fr/store?StoreID=0149,3,0,3
2026-09-25,celio,cargo homme,https://www.celio.com/fr-fr/store?StoreID=0162,3,0,3
2026-09-25,celio,cargo homme,https://www.celio.com/fr-fr/store?StoreID=0172,2,0,2
2026-09-25,celio,cargo homme,https://www.celio.com/fr-fr/store?StoreID=0187,2,0,2
2026-09-25,celio,cargo homme,https://www.celio.com/fr-fr/store?StoreID=0686,2.3,0,3
2026-09-26,celio,cargo homme,https://www.celio.com/fr-be/c/pantalons-pantalons-cargos,8.5,0,2
2026-09-26,celio,cargo homme,https://www.celio.com/fr-fr/c/pantalons-pantalons-cargos,2.4,9,218
2026-09-26,celio,cargo homme,https://www.celio.com/fr-fr/store?StoreID=0091,3,0,2
2026-09-26,celio,cargo homme,https://www.celio.com/fr-fr/store?StoreID=0112,7,0,3
2026-09-26,celio,cargo homme,https://www.celio.com/fr-fr/store?StoreID=0144,7.5,0,4
2026-09-26,celio,cargo homme,https://www.celio.com/fr-fr/store?StoreID=0162,4,0,3
2026-09-26,celio,cargo homme,https://www.celio.com/fr-fr/store?StoreID=0206,3,0,2
2026-09-26,celio,cargo homme,https://www.celio.com/fr-fr/store?StoreID=0230,4.5,0,4
2026-09-26,celio,cargo homme,https://www.celio.com/fr-fr/store?StoreID=0235,2.5,0,2
2026-09-26,celio,cargo homme,https://www.celio.com/fr-fr/store?StoreID=0763,5,0,2
2026-09-26,celio,cargo homme,https://www.celio.com/fr-fr/store?StoreID=1642,6,0,2
2026-09-27,celio,cargo homme,https://www.celio.com/fr-be/c/pantalons-pantalons-cargos,9,0,5
2026-09-27,celio,cargo homme,https://www.celio.com/fr-fr/c/pantalons-pantalons-cargos,2.7,8,227
2026-09-27,celio,cargo homme,https://www.celio.com/fr-fr/store?StoreID=0012,5.5,0,2
2026-09-27,celio,cargo homme,https://www.celio.com/fr-fr/store?StoreID=0044,4,0,2
2026-09-27,celio,cargo homme,https://www.celio.com/fr-fr/store?StoreID=0066,5.3,0,3
2026-09-27,celio,cargo homme,https://www.celio.com/fr-fr/store?StoreID=0080,3,0,2
2026-09-27,celio,cargo homme,https://www.celio.com/fr-fr/store?StoreID=0123,6,0,3
2026-09-27,celio,cargo homme,https://www.celio.com/fr-fr/store?StoreID=0126,2.7,0,3
2026-09-27,celio,cargo homme,https://www.celio.com/fr-fr/store?StoreID=0162,4.3,0,3
2026-09-27,celio,cargo homme,https://www.celio.com/fr-fr/store?StoreID=0224,3,0,2
2026-09-27,celio,cargo homme,https://www.celio.com/fr-fr/store?StoreID=0230,4.3,0,3
2026-09-27,celio,cargo homme,https://www.celio.com/fr-fr/store?StoreID=0272,6.5,0,2
2026-09-27,celio,cargo homme,https://www.celio.com/fr-fr/store?StoreID=0292,5,0,2
2026-09-27,celio,cargo homme,https://www.celio.com/fr-fr/store?StoreID=0686,5,0,2
2026-09-27,celio,cargo homme,https://www.celio.com/fr-fr/store?StoreID=0767,5.5,0,2
2026-09-27,celio,cargo homme,https://www.celio.com/fr-fr/store?StoreID=0768,6,0,3
2026-09-27,celio,cargo homme,https://www.celio.com/fr-fr/store?StoreID=0770,6,0,2
2026-09-28,celio,cargo homme,https://www.celio.com/fr-fr/c/pantalons-pantalons-cargos,2.8,8,206
2026-09-28,celio,cargo homme,https://www.celio.com/fr-fr/store?StoreID=0010,4,0,3
2026-09-28,celio,cargo homme,https://www.celio.com/fr-fr/store?StoreID=0012,3.5,0,2
2026-09-28,celio,cargo homme,https://www.celio.com/fr-fr/store?StoreID=0061,4.5,0,2
2026-09-28,celio,cargo homme,https://www.celio.com/fr-fr/store?StoreID=0064,6.5,0,4
2026-09-28,celio,cargo homme,https://www.celio.com/fr-fr/store?StoreID=0123,4.8,0,5
2026-09-28,celio,cargo homme,https://www.celio.com/fr-fr/store?StoreID=0129,4,0,2
2026-09-28,celio,cargo homme,https://www.celio.com/fr-fr/store?StoreID=0133,6,0,2
2026-09-28,celio,cargo homme,https://www.celio.com/fr-fr/store?StoreID=0144,8,0,2
2026-09-28,celio,cargo homme,https://www.celio.com/fr-fr/store?StoreID=0167,5.5,0,2
2026-09-28,celio,cargo homme,https://www.celio.com/fr-fr/store?StoreID=0174,2,0,3
2026-09-28,celio,cargo homme,https://www.celio.com/fr-fr/store?StoreID=0206,4.5,0,2
2026-09-28,celio,cargo homme,https://www.celio.com/fr-fr/store?StoreID=0687,5,0,2
2026-09-28,celio,cargo homme,https://www.celio.com/fr-fr/store?StoreID=1412,4.3,0,3
2026-09-28,celio,cargo homme,https://www.celio.com/fr-fr/store?StoreID=1549,5.3,0,3
2026-09-28,celio,cargo homme,https://www.celio.com/fr-fr/store?StoreID=1683,5,0,2
2026-09-29,celio,cargo homme,https://www.celio.com/fr-fr/c/pantalons-pantalons-cargos,2.7,8,186
2026-09-29,celio,cargo homme,https://www.celio.com/fr-fr/store?StoreID=0002,4.2,0,4
2026-09-29,celio,cargo homme,https://www.celio.com/fr-fr/store?StoreID=0028,7.5,0,2
2026-09-29,celio,cargo homme,https://www.celio.com/fr-fr/store?StoreID=0061,2.6,0,5
2026-09-29,celio,cargo homme,https://www.celio.com/fr-fr/store?StoreID=0108,2.5,0,2
2026-09-29,celio,cargo homme,https://www.celio.com/fr-fr/store?StoreID=0167,3.2,0,4
2026-09-29,celio,cargo homme,https://www.celio.com/fr-fr/store?StoreID=0206,2,0,3
2026-09-29,celio,cargo homme,https://www.celio.com/fr-fr/store?StoreID=0688,4,0,2
2026-09-29,celio,cargo homme,https://www.celio.com/fr-fr/store?StoreID=0763,3,0,2
2026-09-29,celio,cargo homme,https://www.celio.com/fr-fr/store?StoreID=0770,4,0,2
2026-09-30,celio,cargo homme,https://www.celio.com/fr-fr/c/pantalons-pantalons-cargos,2.8,9,168
2026-09-30,celio,cargo homme,https://www.celio.com/fr-fr/store?StoreID=0002,4,0,2
2026-09-30,celio,cargo homme,https://www.celio.com/fr-fr/store?StoreID=0066,7,0,2
2026-09-30,celio,cargo homme,https://www.celio.com/fr-fr/store?StoreID=0162,5,0,2
2026-09-30,celio,cargo homme,https://www.celio.com/fr-fr/store?StoreID=0230,6,0,2
2026-09-30,celio,cargo homme,https://www.celio.com/fr-fr/store?StoreID=0782,5,0,2
2026-07-03,celio,chemise blanche homme,https://www.celio.com/fr-be/c/chemises-chemises-blanches,1.7,0,15
2026-07-03,celio,chemise blanche homme,https://www.celio.com/fr-fr/c/chemises-chemises-blanches,1.7,8,228
2026-07-04,celio,chemise blanche homme,https://www.celio.com/fr-be/c/chemises-chemises-blanches,1.4,1,16
2026-07-04,celio,chemise blanche homme,https://www.celio.com/fr-fr/c/chemises-chemises-blanches,2.0,9,277
2026-07-05,celio,chemise blanche homme,https://www.celio.com/fr-be/c/chemises-chemises-blanches,1.5,1,10
2026-07-05,celio,chemise blanche homme,https://www.celio.com/fr-fr/c/chemises-chemises-blanches,2.8,9,246
2026-07-06,celio,chemise blanche homme,https://www.celio.com/fr-be/c/chemises-chemises-blanches,1.8,0,17
2026-07-06,celio,chemise blanche homme,https://www.celio.com/fr-fr/c/chemises-chemises-blanches,2.3,18,276
2026-07-07,celio,chemise blanche homme,https://www.celio.com/fr-be/c/chemises-chemises-blanches,1.7,1,21
2026-07-07,celio,chemise blanche homme,https://www.celio.com/fr-fr/c/chemises-chemises-blanches,1.6,11,255
2026-07-08,celio,chemise blanche homme,https://www.celio.com/fr-be/c/chemises-chemises-blanches,1.4,0,10
2026-07-08,celio,chemise blanche homme,https://www.celio.com/fr-fr/c/chemises-chemises-blanches,1.9,6,258
2026-07-09,celio,chemise blanche homme,https://www.celio.com/fr-be/c/chemises-chemises-blanches,2.9,0,12
2026-07-09,celio,chemise blanche homme,https://www.celio.com/fr-fr/c/chemises-chemises-blanches,2.3,5,223
2026-07-10,celio,chemise blanche homme,https://www.celio.com/fr-be/c/chemises-chemises-blanches,1.8,0,13
2026-07-10,celio,chemise blanche homme,https://www.celio.com/fr-fr/c/chemises-chemises-blanches,2.2,3,203
2026-07-11,celio,chemise blanche homme,https://www.celio.com/fr-be/c/chemises-chemises-blanches,3.1,0,9
2026-07-11,celio,chemise blanche homme,https://www.celio.com/fr-fr/c/chemises-chemises-blanches,1.9,7,260
2026-07-12,celio,chemise blanche homme,https://www.celio.com/fr-be/c/chemises-chemises-blanches,2.3,1,6
2026-07-12,celio,chemise blanche homme,https://www.celio.com/fr-fr/c/chemises-chemises-blanches,2.1,2,238
2026-07-13,celio,chemise blanche homme,https://www.celio.com/fr-be/c/chemises-chemises-blanches,2.7,0,17
2026-07-13,celio,chemise blanche homme,https://www.celio.com/fr-fr/c/chemises-chemises-blanches,2.4,8,214
2026-07-14,celio,chemise blanche homme,https://www.celio.com/fr-be/c/chemises-chemises-blanches,2.4,0,9
2026-07-14,celio,chemise blanche homme,https://www.celio.com/fr-fr/c/chemises-chemises-blanches,2.2,8,248
2026-07-15,celio,chemise blanche homme,https://www.celio.com/fr-be/c/chemises-chemises-blanches,2.2,1,9
2026-07-15,celio,chemise blanche homme,https://www.celio.com/fr-fr/c/chemises-chemises-blanches,2.7,9,217
2026-07-16,celio,chemise blanche homme,https://www.celio.com/fr-be/c/chemises-chemises-blanches,2.7,0,10
2026-07-16,celio,chemise blanche homme,https://www.celio.com/fr-fr/c/chemises-chemises-blanches,2.6,14,242
2026-07-17,celio,chemise blanche homme,https://www.celio.com/fr-be/c/chemises-chemises-blanches,2.2,0,8
2026-07-17,celio,chemise blanche homme,https://www.celio.com/fr-fr/c/chemises-chemises-blanches,2.4,12,188
2026-07-18,celio,chemise blanche homme,https://www.celio.com/fr-be/c/chemises-chemises-blanches,7.4,0,10
2026-07-18,celio,chemise blanche homme,https://www.celio.com/fr-fr/c/chemises-chemises-blanches,1.9,7,223
2026-07-19,celio,chemise blanche homme,https://www.celio.com/fr-be/c/chemises-chemises-blanches,3.4,0,11
2026-07-19,celio,chemise blanche homme,https://www.celio.com/fr-fr/c/chemises-chemises-blanches,2.1,10,195
2026-07-20,celio,chemise blanche homme,https://www.celio.com/fr-be/c/chemises-chemises-blanches,3.4,0,14
2026-07-20,celio,chemise blanche homme,https://www.celio.com/fr-fr/c/chemises-chemises-blanches,2.4,5,213
2026-07-21,celio,chemise blanche homme,https://www.celio.com/fr-be/c/chemises-chemises-blanches,6.3,0,6
2026-07-21,celio,chemise blanche homme,https://www.celio.com/fr-fr/c/chemises-chemises-blanches,2.3,9,201
2026-07-22,celio,chemise blanche homme,https://www.celio.com/fr-be/c/chemises-chemises-blanches,3.7,0,21
2026-07-22,celio,chemise blanche homme,https://www.celio.com/fr-fr/c/chemises-chemises-blanches,2.5,8,193
2026-07-23,celio,chemise blanche homme,https://www.celio.com/fr-be/c/chemises-chemises-blanches,2.3,0,13
2026-07-23,celio,chemise blanche homme,https://www.celio.com/fr-fr/c/chemises-chemises-blanches,2.8,7,204
2026-07-24,celio,chemise blanche homme,https://www.celio.com/fr-be/c/chemises-chemises-blanches,2.9,0,12
2026-07-24,celio,chemise blanche homme,https://www.celio.com/fr-fr/c/chemises-chemises-blanches,2.2,5,166
2026-07-25,celio,chemise blanche homme,https://www.celio.com/fr-be/c/chemises-chemises-blanches,2.3,1,9
2026-07-25,celio,chemise blanche homme,https://www.celio.com/fr-fr/c/chemises-chemises-blanches,2.2,7,205
2026-07-26,celio,chemise blanche homme,https://www.celio.com/fr-be/c/chemises-chemises-blanches,4,0,8
2026-07-26,celio,chemise blanche homme,https://www.celio.com/fr-fr/c/chemises-chemises-blanches,2.6,8,252
2026-07-27,celio,chemise blanche homme,https://www.celio.com/en-fr/c/shirts-white-shirts,12,0,2
2026-07-27,celio,chemise blanche homme,https://www.celio.com/fr-be/c/chemises-chemises-blanches,4.4,0,25
2026-07-27,celio,chemise blanche homme,https://www.celio.com/fr-fr/c/chemises-chemises-blanches,2.3,12,236
2026-07-28,celio,chemise blanche homme,https://www.celio.com/fr-be/c/chemises-chemises-blanches,3.6,0,15
2026-07-28,celio,chemise blanche homme,https://www.celio.com/fr-fr/c/chemises-chemises-blanches,1.7,12,233
2026-07-29,celio,chemise blanche homme,https://www.celio.com/fr-be/c/chemises-chemises-blanches,2.5,0,4
2026-07-29,celio,chemise blanche homme,https://www.celio.com/fr-fr/c/chemises-chemises-blanches,2.3,6,201
2026-07-30,celio,chemise blanche homme,https://www.celio.com/fr-be/c/chemises-chemises-blanches,2.5,1,27
2026-07-30,celio,chemise blanche homme,https://www.celio.com/fr-fr/c/chemises-chemises-blanches,2.5,6,219
2026-07-31,celio,chemise blanche homme,https://www.celio.com/fr-be/c/chemises-chemises-blanches,2.7,0,14
2026-07-31,celio,chemise blanche homme,https://www.celio.com/fr-fr/c/chemises-chemises-blanches,2.2,9,192
2026-08-01,celio,chemise blanche homme,https://www.celio.com/fr-be/c/chemises-chemises-blanches,2.5,0,10
2026-08-01,celio,chemise blanche homme,https://www.celio.com/fr-fr/c/chemises-chemises-blanches,2.6,9,201
2026-08-02,celio,chemise blanche homme,https://www.celio.com/fr-be/c/chemises-chemises-blanches,3,0,5
2026-08-02,celio,chemise blanche homme,https://www.celio.com/fr-fr/c/chemises-chemises-blanches,3.0,7,216
2026-08-03,celio,chemise blanche homme,https://www.celio.com/fr-be/c/chemises-chemises-blanches,2.4,1,10
2026-08-03,celio,chemise blanche homme,https://www.celio.com/fr-fr/c/chemises-chemises-blanches,2.5,4,197
2026-08-04,celio,chemise blanche homme,https://www.celio.com/fr-be/c/chemises-chemises-blanches,3.3,0,9
2026-08-04,celio,chemise blanche homme,https://www.celio.com/fr-fr/c/chemises-chemises-blanches,1.9,3,180
2026-08-05,celio,chemise blanche homme,https://www.celio.com/fr-be/c/chemises-chemises-blanches,3.1,1,8
2026-08-05,celio,chemise blanche homme,https://www.celio.com/fr-fr/c/chemises-chemises-blanches,2.3,6,179
2026-08-06,celio,chemise blanche homme,https://www.celio.com/fr-be/c/chemises-chemises-blanches,4.5,0,13
2026-08-06,celio,chemise blanche homme,https://www.celio.com/fr-fr/c/chemises-chemises-blanches,1.8,7,215
2026-08-07,celio,chemise blanche homme,https://www.celio.com/fr-be/c/chemises-chemises-blanches,3.1,0,7
2026-08-07,celio,chemise blanche homme,https://www.celio.com/fr-fr/c/chemises-chemises-blanches,1.8,5,222
2026-08-08,celio,chemise blanche homme,https://www.celio.com/fr-be/c/chemises-chemises-blanches,5.8,0,4
2026-08-08,celio,chemise blanche homme,https://www.celio.com/fr-fr/c/chemises-chemises-blanches,1.8,4,185
2026-08-09,celio,chemise blanche homme,https://www.celio.com/fr-be/c/chemises-chemises-blanches,3.6,0,9
2026-08-09,celio,chemise blanche homme,https://www.celio.com/fr-fr/c/chemises-chemises-blanches,2.2,3,193
2026-08-09,celio,chemise blanche homme,https://www.celio.com/fr-fr/store?StoreID=1496,7,0,2
2026-08-10,celio,chemise blanche homme,https://www.celio.com/fr-be/c/chemises-chemises-blanches,4,0,11
2026-08-10,celio,chemise blanche homme,https://www.celio.com/fr-fr/c/chemises-chemises-blanches,1.7,4,180
2026-08-11,celio,chemise blanche homme,https://www.celio.com/fr-be/c/chemises-chemises-blanches,2.3,0,6
2026-08-11,celio,chemise blanche homme,https://www.celio.com/fr-fr/c/chemises-chemises-blanches,1.7,3,172
2026-08-12,celio,chemise blanche homme,https://www.celio.com/fr-be/c/chemises-chemises-blanches,3,0,8
2026-08-12,celio,chemise blanche homme,https://www.celio.com/fr-fr/c/chemises-chemises-blanches,1.9,2,197
2026-08-13,celio,chemise blanche homme,https://www.celio.com/fr-be/c/chemises-chemises-blanches,3.0,0,20
2026-08-13,celio,chemise blanche homme,https://www.celio.com/fr-fr/c/chemises-chemises-blanches,1.8,10,166
2026-08-14,celio,chemise blanche homme,https://www.celio.com/fr-be/c/chemises-chemises-blanches,2.8,0,12
2026-08-14,celio,chemise blanche homme,https://www.celio.com/fr-fr/c/chemises-chemises-blanches,1.9,7,174
2026-08-15,celio,chemise blanche homme,https://www.celio.com/fr-be/c/chemises-chemises-blanches,2.6,1,5
2026-08-15,celio,chemise blanche homme,https://www.celio.com/fr-fr/c/chemises-chemises-blanches,1.8,7,173
2026-08-16,celio,chemise blanche homme,https://www.celio.com/fr-be/c/chemises-chemises-blanches,1.3,0,3
2026-08-16,celio,chemise blanche homme,https://www.celio.com/fr-fr/c/chemises-chemises-blanches,2.2,6,231
2026-08-17,celio,chemise blanche homme,https://www.celio.com/fr-be/c/chemises-chemises-blanches,3.8,0,13
2026-08-17,celio,chemise blanche homme,https://www.celio.com/fr-fr/c/chemises-chemises-blanches,2.2,6,199
2026-08-18,celio,chemise blanche homme,https://www.celio.com/fr-be/c/chemises-chemises-blanches,2.3,1,12
2026-08-18,celio,chemise blanche homme,https://www.celio.com/fr-fr/c/chemises-chemises-blanches,2.4,7,238
2026-08-19,celio,chemise blanche homme,https://www.celio.com/fr-be/c/chemises-chemises-blanches,3.6,0,17
2026-08-19,celio,chemise blanche homme,https://www.celio.com/fr-fr/c/chemises-chemises-blanches,2.8,5,240
2026-08-20,celio,chemise blanche homme,https://www.celio.com/fr-be/c/chemises-chemises-blanches,2.3,0,10
2026-08-20,celio,chemise blanche homme,https://www.celio.com/fr-fr/c/chemises-chemises-blanches,2.4,5,213
2026-08-21,celio,chemise blanche homme,https://www.celio.com/fr-be/c/chemises-chemises-blanches,3.9,1,15
2026-08-21,celio,chemise blanche homme,https://www.celio.com/fr-fr/c/chemises-chemises-blanches,2.6,4,185
2026-08-22,celio,chemise blanche homme,https://www.celio.com/fr-be/c/chemises-chemises-blanches,2,0,6
2026-08-22,celio,chemise blanche homme,https://www.celio.com/fr-fr/c/chemises-chemises-blanches,2.5,9,224
2026-08-23,celio,chemise blanche homme,https://www.celio.com/fr-be/c/chemises-chemises-blanches,2.7,1,12
2026-08-23,celio,chemise blanche homme,https://www.celio.com/fr-fr/c/chemises-chemises-blanches,2.9,9,222
2026-08-24,celio,chemise blanche homme,https://www.celio.com/fr-be/c/chemises-chemises-blanches,3,1,9
2026-08-24,celio,chemise blanche homme,https://www.celio.com/fr-fr/c/chemises-chemises-blanches,2.5,6,225
2026-08-25,celio,chemise blanche homme,https://www.celio.com/fr-be/c/chemises-chemises-blanches,3.2,1,9
2026-08-25,celio,chemise blanche homme,https://www.celio.com/fr-fr/c/chemises-chemises-blanches,3.1,20,208
2026-08-26,celio,chemise blanche homme,https://www.celio.com/fr-be/c/chemises-chemises-blanches,3.1,1,12
2026-08-26,celio,chemise blanche homme,https://www.celio.com/fr-fr/c/chemises-chemises-blanches,3.0,6,225
2026-08-27,celio,chemise blanche homme,https://www.celio.com/fr-be/c/chemises-chemises-blanches,2.9,1,25
2026-08-27,celio,chemise blanche homme,https://www.celio.com/fr-fr/c/chemises-chemises-blanches,3.2,5,273
2026-08-27,celio,chemise blanche homme,https://www.celio.com/fr-fr/store?StoreID=1695,11.5,0,4
2026-08-28,celio,chemise blanche homme,https://www.celio.com/fr-be/c/chemises-chemises-blanches,2.5,1,16
2026-08-28,celio,chemise blanche homme,https://www.celio.com/fr-fr/c/chemises-chemises-blanches,2.3,6,212
2026-08-29,celio,chemise blanche homme,https://www.celio.com/fr-be/c/chemises-chemises-blanches,1.7,0,7
2026-08-29,celio,chemise blanche homme,https://www.celio.com/fr-fr/c/chemises-chemises-blanches,2.8,6,226
2026-08-30,celio,chemise blanche homme,https://www.celio.com/fr-be/c/chemises-chemises-blanches,1.1,0,7
2026-08-30,celio,chemise blanche homme,https://www.celio.com/fr-fr/c/chemises-chemises-blanches,2.6,6,231
2026-08-31,celio,chemise blanche homme,https://www.celio.com/fr-be/c/chemises-chemises-blanches,1.3,1,15
2026-08-31,celio,chemise blanche homme,https://www.celio.com/fr-fr/c/chemises-chemises-blanches,2.1,12,222
2026-09-01,celio,chemise blanche homme,https://www.celio.com/fr-be/c/chemises-chemises-blanches,1.5,0,15
2026-09-01,celio,chemise blanche homme,https://www.celio.com/fr-fr/c/chemises-chemises-blanches,2.1,8,250
2026-09-02,celio,chemise blanche homme,https://www.celio.com/fr-be/c/chemises-chemises-blanches,1.5,1,13
2026-09-02,celio,chemise blanche homme,https://www.celio.com/fr-fr/c/chemises-chemises-blanches,2.1,10,296
2026-09-03,celio,chemise blanche homme,https://www.celio.com/fr-be/c/chemises-chemises-blanches,1.5,2,15
2026-09-03,celio,chemise blanche homme,https://www.celio.com/fr-fr/c/chemises-chemises-blanches,2.3,6,245
2026-09-04,celio,chemise blanche homme,https://www.celio.com/fr-be/c/chemises-chemises-blanches,1.2,0,8
2026-09-04,celio,chemise blanche homme,https://www.celio.com/fr-fr/c/chemises-chemises-blanches,1.9,3,197
2026-09-05,celio,chemise blanche homme,https://www.celio.com/fr-be/c/chemises-chemises-blanches,1,1,18
2026-09-05,celio,chemise blanche homme,https://www.celio.com/fr-fr/c/chemises-chemises-blanches,1.9,10,252
2026-09-06,celio,chemise blanche homme,https://www.celio.com/fr-be/c/chemises-chemises-blanches,1,1,7
2026-09-06,celio,chemise blanche homme,https://www.celio.com/fr-fr/c/chemises-chemises-blanches,1.8,12,248
2026-09-07,celio,chemise blanche homme,https://www.celio.com/fr-be/c/chemises-chemises-blanches,2.4,2,13
2026-09-07,celio,chemise blanche homme,https://www.celio.com/fr-fr/c/chemises-chemises-blanches,1.7,13,236
2026-09-08,celio,chemise blanche homme,https://www.celio.com/fr-be/c/chemises-chemises-blanches,1.4,0,17
2026-09-08,celio,chemise blanche homme,https://www.celio.com/fr-fr/c/chemises-chemises-blanches,1.7,12,251
2026-09-08,celio,chemise blanche homme,https://www.celio.com/fr-fr/store?StoreID=0146,13,0,2
2026-09-09,celio,chemise blanche homme,https://www.celio.com/fr-be/c/chemises-chemises-blanches,1.7,0,6
2026-09-09,celio,chemise blanche homme,https://www.celio.com/fr-fr/c/chemises-chemises-blanches,1.6,8,225
2026-09-10,celio,chemise blanche homme,https://www.celio.com/fr-be/c/chemises-chemises-blanches,2.1,0,8
2026-09-10,celio,chemise blanche homme,https://www.celio.com/fr-fr/c/chemises-chemises-blanches,2.0,8,241
2026-09-11,celio,chemise blanche homme,https://www.celio.com/fr-be/c/chemises-chemises-blanches,2.6,1,18
2026-09-11,celio,chemise blanche homme,https://www.celio.com/fr-fr/c/chemises-chemises-blanches,1.8,12,217
2026-09-11,celio,chemise blanche homme,https://www.celio.com/fr-fr/store?StoreID=0061,5.5,0,2
2026-09-12,celio,chemise blanche homme,https://www.celio.com/fr-be/c/chemises-chemises-blanches,2.6,0,7
2026-09-12,celio,chemise blanche homme,https://www.celio.com/fr-fr/c/chemises-chemises-blanches,2.5,2,221
2026-09-13,celio,chemise blanche homme,https://www.celio.com/fr-be/c/chemises-chemises-blanches,2.4,0,9
2026-09-13,celio,chemise blanche homme,https://www.celio.com/fr-fr/c/chemises-chemises-blanches,2.1,10,260
2026-09-14,celio,chemise blanche homme,https://www.celio.com/fr-be/c/chemises-chemises-blanches,2.5,0,11
2026-09-14,celio,chemise blanche homme,https://www.celio.com/fr-fr/c/chemises-chemises-blanches,2.5,10,230
2026-09-14,celio,chemise blanche homme,https://www.celio.com/fr-fr/store?StoreID=1440,6,0,2
2026-09-15,celio,chemise blanche homme,https://www.celio.com/fr-be/c/chemises-chemises-blanches,3,2,17
2026-09-15,celio,chemise blanche homme,https://www.celio.com/fr-fr/c/chemises-chemises-blanches,2.0,16,224
2026-09-15,celio,chemise blanche homme,https://www.celio.com/fr-fr/store?StoreID=0632,7,0,2
2026-09-16,celio,chemise blanche homme,https://www.celio.com/fr-be/c/chemises-chemises-blanches,4.1,0,15
2026-09-16,celio,chemise blanche homme,https://www.celio.com/fr-fr/c/chemises-chemises-blanches,1.8,13,249
2026-09-17,celio,chemise blanche homme,https://www.celio.com/fr-be/c/chemises-chemises-blanches,4,0,13
2026-09-17,celio,chemise blanche homme,https://www.celio.com/fr-fr/c/chemises-chemises-blanches,1.5,9,247
2026-09-18,celio,chemise blanche homme,https://www.celio.com/fr-be/c/chemises-chemises-blanches,2.7,0,18
2026-09-18,celio,chemise blanche homme,https://www.celio.com/fr-fr/c/chemises-chemises-blanches,1.5,19,220
2026-09-18,celio,chemise blanche homme,https://www.celio.com/fr-fr/store?StoreID=0196,2,0,2
2026-09-19,celio,chemise blanche homme,https://www.celio.com/fr-be/c/chemises-chemises-blanches,1.9,1,13
2026-09-19,celio,chemise blanche homme,https://www.celio.com/fr-fr/c/chemises-chemises-blanches,1.8,13,268
2026-09-19,celio,chemise blanche homme,https://www.celio.com/fr-fr/store?StoreID=1444,6,0,2
2026-09-20,celio,chemise blanche homme,https://www.celio.com/fr-be/c/chemises-chemises-blanches,3.4,1,9
2026-09-20,celio,chemise blanche homme,https://www.celio.com/fr-fr/c/chemises-chemises-blanches,2.0,6,263
2026-09-20,celio,chemise blanche homme,https://www.celio.com/fr-fr/store?StoreID=1636,3,0,3
2026-09-21,celio,chemise blanche homme,https://www.celio.com/fr-be/c/chemises-chemises-blanches,2.8,0,16
2026-09-21,celio,chemise blanche homme,https://www.celio.com/fr-fr/c/chemises-chemises-blanches,2.0,3,214
2026-09-22,celio,chemise blanche homme,https://www.celio.com/fr-be/c/chemises-chemises-blanches,2.7,1,3
2026-09-22,celio,chemise blanche homme,https://www.celio.com/fr-fr/c/chemises-chemises-blanches,1.9,8,221
2026-09-22,celio,chemise blanche homme,https://www.celio.com/fr-fr/store?StoreID=1489,10,0,2
2026-09-23,celio,chemise blanche homme,https://www.celio.com/fr-be/c/chemises-chemises-blanches,1.8,1,12
2026-09-23,celio,chemise blanche homme,https://www.celio.com/fr-fr/c/chemises-chemises-blanches,2.7,7,212
2026-09-24,celio,chemise blanche homme,https://www.celio.com/fr-be/c/chemises-chemises-blanches,2.8,0,13
2026-09-24,celio,chemise blanche homme,https://www.celio.com/fr-fr/c/chemises-chemises-blanches,2.7,17,220
2026-09-24,celio,chemise blanche homme,https://www.celio.com/fr-fr/store?StoreID=1029,6,0,2
2026-09-25,celio,chemise blanche homme,https://www.celio.com/fr-be/c/chemises-chemises-blanches,3.7,0,12
2026-09-25,celio,chemise blanche homme,https://www.celio.com/fr-fr/c/chemises-chemises-blanches,2.4,6,179
2026-09-25,celio,chemise blanche homme,https://www.celio.com/fr-fr/store?StoreID=1651,4.5,1,2
2026-09-26,celio,chemise blanche homme,https://www.celio.com/fr-be/c/chemises-chemises-blanches,2.2,1,8
2026-09-26,celio,chemise blanche homme,https://www.celio.com/fr-fr/c/chemises-chemises-blanches,3.4,7,190
2026-09-27,celio,chemise blanche homme,https://www.celio.com/fr-be/c/chemises-chemises-blanches,2.2,0,9
2026-09-27,celio,chemise blanche homme,https://www.celio.com/fr-fr/c/chemises-chemises-blanches,2.4,2,202
2026-09-27,celio,chemise blanche homme,https://www.celio.com/fr-fr/store?StoreID=1029,6,0,2
2026-09-28,celio,chemise blanche homme,https://www.celio.com/fr-be/c/chemises-chemises-blanches,1.3,0,3
2026-09-28,celio,chemise blanche homme,https://www.celio.com/fr-fr/c/chemises-chemises-blanches,1.9,11,218
2026-09-29,celio,chemise blanche homme,https://www.celio.com/fr-be/c/chemises-chemises-blanches,3.5,0,6
2026-09-29,celio,chemise blanche homme,https://www.celio.com/fr-fr/c/chemises-chemises-blanches,2.6,7,185
2026-09-30,celio,chemise blanche homme,https://www.celio.com/fr-be/c/chemises-chemises-blanches,4.2,1,5
2026-09-30,celio,chemise blanche homme,https://www.celio.com/fr-fr/c/chemises-chemises-blanches,3.2,7,219
2026-07-03,celio,chemise homme,https://www.celio.com/fr-be/c/chemises,8.8,0,33
2026-07-03,celio,chemise homme,https://www.celio.com/fr-fr/c/chemises,2.2,23,909
2026-07-03,celio,chemise homme,https://www.celio.com/fr-fr/c/vetements-pas-chers-chemises-pas-cheres,28,0,4
2026-07-03,celio,chemise homme,https://www.celio.com/fr-fr/store?StoreID=0291,7.2,0,4
2026-07-04,celio,chemise homme,https://www.celio.com/fr-be/c/chemises,6.6,0,9
2026-07-04,celio,chemise homme,https://www.celio.com/fr-be/c/chemises-chemises-ete,18,0,3
2026-07-04,celio,chemise homme,https://www.celio.com/fr-fr/c/chemises,2.0,28,953
2026-07-05,celio,chemise homme,https://www.celio.com/fr-be/c/chemises,9.5,0,19
2026-07-05,celio,chemise homme,https://www.celio.com/fr-fr/c/chemises,2.1,29,1016
2026-07-05,celio,chemise homme,https://www.celio.com/fr-fr/store?StoreID=0012,4,0,2
2026-07-05,celio,chemise homme,https://www.celio.com/fr-fr/store?StoreID=0291,1,1,4
2026-07-06,celio,chemise homme,https://www.celio.com/fr-be/c/chemises,8.5,0,39
2026-07-06,celio,chemise homme,https://www.celio.com/fr-fr/c/chemises,2.0,26,940
2026-07-07,celio,chemise homme,https://www.celio.com/fr-be/c/chemises,9.8,0,29
2026-07-07,celio,chemise homme,https://www.celio.com/fr-fr/c/chemises,2.1,26,871
2026-07-07,celio,chemise homme,https://www.celio.com/fr-fr/store?StoreID=0091,9.5,0,2
2026-07-08,celio,chemise homme,https://www.celio.com/fr-be/c/chemises,9.6,0,34
2026-07-08,celio,chemise homme,https://www.celio.com/fr-be/c/chemises-chemises-ete,17.5,0,2
2026-07-08,celio,chemise homme,https://www.celio.com/fr-fr/c/chemises,1.9,38,1077
2026-07-09,celio,chemise homme,https://www.celio.com/fr-be/c/chemises,9.8,0,20
2026-07-09,celio,chemise homme,https://www.celio.com/fr-fr/c/chemises,1.6,34,872
2026-07-09,celio,chemise homme,https://www.celio.com/fr-fr/store?StoreID=0266,7,0,2
2026-07-10,celio,chemise homme,https://www.celio.com/fr-be/c/chemises,10.8,0,16
2026-07-10,celio,chemise homme,https://www.celio.com/fr-fr/c/chemises,2.0,25,876
2026-07-11,celio,chemise homme,https://www.celio.com/fr-be/c/chemises,11.2,0,26
2026-07-11,celio,chemise homme,https://www.celio.com/fr-fr/c/chemises,1.9,41,1072
2026-07-11,celio,chemise homme,https://www.celio.com/fr-fr/store?StoreID=1463,4,0,2
2026-07-12,celio,chemise homme,https://www.celio.com/fr-be/c/chemises,9.0,0,35
2026-07-12,celio,chemise homme,https://www.celio.com/fr-fr/c/chemises,1.9,38,1024
2026-07-13,celio,chemise homme,https://www.celio.com/fr-be/c/chemises,9.8,0,18
2026-07-13,celio,chemise homme,https://www.celio.com/fr-fr/c/chemises,1.8,30,865
2026-07-13,celio,chemise homme,https://www.celio.com/fr-fr/store?StoreID=1475,8,0,2
2026-07-14,celio,chemise homme,https://www.celio.com/fr-be/c/chemises,10.5,0,23
2026-07-14,celio,chemise homme,https://www.celio.com/fr-fr/c/chemises,1.9,27,869
2026-07-14,celio,chemise homme,https://www.celio.com/fr-fr/store?StoreID=0031,5.5,0,2
2026-07-14,celio,chemise homme,https://www.celio.com/fr-fr/store?StoreID=0281,3,0,4
2026-07-15,celio,chemise homme,https://www.celio.com/fr-be/c/chemises,10.7,0,33
2026-07-15,celio,chemise homme,https://www.celio.com/fr-fr/c/chemises,2.1,22,844
2026-07-16,celio,chemise homme,https://www.celio.com/fr-be/c/chemises,8.1,0,30
2026-07-16,celio,chemise homme,https://www.celio.com/fr-fr/c/chemises,1.9,21,823
2026-07-16,celio,chemise homme,https://www.celio.com/fr-fr/store?StoreID=0031,7,0,2
2026-07-16,celio,chemise homme,https://www.celio.com/fr-fr/store?StoreID=1605,5.5,0,2
2026-07-17,celio,chemise homme,https://www.celio.com/fr-be/c/chemises,10.3,0,35
2026-07-17,celio,chemise homme,https://www.celio.com/fr-fr/c/chemises,2.0,15,829
2026-07-18,celio,chemise homme,https://www.celio.com/fr-be/c/chemises,9.3,0,36
2026-07-18,celio,chemise homme,https://www.celio.com/fr-be/c/chemises-chemises-habillees,5,0,2
2026-07-18,celio,chemise homme,https://www.celio.com/fr-fr/c/chemises,1.9,28,924
2026-07-18,celio,chemise homme,https://www.celio.com/fr-fr/store?StoreID=1686,7,0,2
2026-07-19,celio,chemise homme,https://www.celio.com/fr-be/c/chemises,7.6,0,37
2026-07-19,celio,chemise homme,https://www.celio.com/fr-fr/c/chemises,1.9,31,887
2026-07-20,celio,chemise homme,https://www.celio.com/fr-be/c/chemises,7.0,0,27
2026-07-20,celio,chemise homme,https://www.celio.com/fr-fr/c/chemises,1.9,35,850
2026-07-20,celio,chemise homme,https://www.celio.com/fr-fr/store?StoreID=0187,7.8,0,5
2026-07-20,celio,chemise homme,https://www.celio.com/fr-fr/store?StoreID=0235,7,0,2
2026-07-20,celio,chemise homme,https://www.celio.com/fr-fr/store?StoreID=1670,2,0,2
2026-07-21,celio,chemise homme,https://www.celio.com/fr-be/c/chemises,10.9,1,23
2026-07-21,celio,chemise homme,https://www.celio.com/fr-fr/c/chemises,2.0,19,855
2026-07-21,celio,chemise homme,https://www.celio.com/fr-fr/store?StoreID=0031,4.5,0,2
2026-07-21,celio,chemise homme,https://www.celio.com/fr-fr/store?StoreID=1686,7,0,2
2026-07-22,celio,chemise homme,https://www.celio.com/fr-be/c/chemises,10.0,1,27
2026-07-22,celio,chemise homme,https://www.celio.com/fr-fr/c/chemises,2.1,32,902
2026-07-23,celio,chemise homme,https://www.celio.com/fr-be/c/chemises,8.9,0,29
2026-07-23,celio,chemise homme,https://www.celio.com/fr-fr/c/chemises,2.0,29,806
2026-07-23,celio,chemise homme,https://www.celio.com/fr-fr/store?StoreID=0139,6,0,2
2026-07-23,celio,chemise homme,https://www.celio.com/fr-fr/store?StoreID=0235,3.8,0,5
2026-07-23,celio,chemise homme,https://www.celio.com/fr-fr/store?StoreID=0269,4,0,2
2026-07-23,celio,chemise homme,https://www.celio.com/fr-fr/store?StoreID=1664,6.5,0,2
2026-07-24,celio,chemise homme,https://www.celio.com/fr-be/c/chemises,10,0,25
2026-07-24,celio,chemise homme,https://www.celio.com/fr-fr/c/chemises,1.9,20,716
2026-07-24,celio,chemise homme,https://www.celio.com/fr-fr/store?StoreID=1474,2,0,2
2026-07-25,celio,chemise homme,https://www.celio.com/fr-be/c/chemises,8.2,0,37
2026-07-25,celio,chemise homme,https://www.celio.com/fr-fr/c/chemises,2.0,29,816
2026-07-25,celio,chemise homme,https://www.celio.com/fr-fr/store?StoreID=1703,6,0,2
2026-07-26,celio,chemise homme,https://www.celio.com/fr-be/c/chemises,10.8,1,40
2026-07-26,celio,chemise homme,https://www.celio.com/fr-fr/c/chemises,2.0,29,826
2026-07-26,celio,chemise homme,https://www.celio.com/fr-fr/store?StoreID=0031,4.7,0,3
2026-07-26,celio,chemise homme,https://www.celio.com/fr-fr/store?StoreID=1703,5,0,2
2026-07-27,celio,chemise homme,https://www.celio.com/fr-be/c/chemises,10.2,0,32
2026-07-27,celio,chemise homme,https://www.celio.com/fr-fr/c/chemises,2.0,16,792
2026-07-27,celio,chemise homme,https://www.celio.com/fr-fr/store?StoreID=0281,1.8,1,5
2026-07-27,celio,chemise homme,https://www.celio.com/fr-fr/store?StoreID=1687,11,0,2
2026-07-28,celio,chemise homme,https://www.celio.com/fr-be/c/chemises,10.5,0,25
2026-07-28,celio,chemise homme,https://www.celio.com/fr-be/c/chemises-chemises-manches-longues,39,0,2
2026-07-28,celio,chemise homme,https://www.celio.com/fr-fr/c/chemises,1.8,20,811
2026-07-28,celio,chemise homme,https://www.celio.com/fr-fr/store?StoreID=0040,4,0,2
2026-07-28,celio,chemise homme,https://www.celio.com/fr-fr/store?StoreID=0235,9,0,2
2026-07-28,celio,chemise homme,https://www.celio.com/fr-fr/store?StoreID=0788,4,0,2
2026-07-29,celio,chemise homme,https://www.celio.com/fr-be/c/chemises,10.8,0,28
2026-07-29,celio,chemise homme,https://www.celio.com/fr-fr/c/chemises,2.0,34,718
2026-07-30,celio,chemise homme,https://www.celio.com/fr-be/c/chemises,11.8,0,46
2026-07-30,celio,chemise homme,https://www.celio.com/fr-fr/c/chemises,2.2,24,675
2026-07-31,celio,chemise homme,https://www.celio.com/fr-be/c/chemises,8.4,0,34
2026-07-31,celio,chemise homme,https://www.celio.com/fr-fr/c/chemises,1.7,24,724
2026-07-31,celio,chemise homme,https://www.celio.com/fr-fr/store?StoreID=1703,7.5,0,2
2026-08-01,celio,chemise homme,https://www.celio.com/fr-be/c/chemises,7.5,1,44
2026-08-01,celio,chemise homme,https://www.celio.com/fr-fr/c/chemises,1.8,18,766
2026-08-01,celio,chemise homme,https://www.celio.com/fr-fr/store?StoreID=0281,1,0,2
2026-08-02,celio,chemise homme,https://www.celio.com/fr-be/c/chemises,9.4,0,35
2026-08-02,celio,chemise homme,https://www.celio.com/fr-fr/c/chemises,1.8,21,778
2026-08-03,celio,chemise homme,https://www.celio.com/fr-be/c/chemises,7.8,0,30
2026-08-03,celio,chemise homme,https://www.celio.com/fr-fr/c/chemises,2.0,30,727
2026-08-03,celio,chemise homme,https://www.celio.com/fr-fr/store?StoreID=0139,4.5,0,2
2026-08-03,celio,chemise homme,https://www.celio.com/fr-fr/store?StoreID=1703,6,0,3
2026-08-04,celio,chemise homme,https://www.celio.com/fr-be/c/chemises,8.1,0,30
2026-08-04,celio,chemise homme,https://www.celio.com/fr-fr/c/chemises,2.0,19,770
2026-08-05,celio,chemise homme,https://www.celio.com/fr-be/c/chemises,6.9,1,39
2026-08-05,celio,chemise homme,https://www.celio.com/fr-fr/c/chemises,2.1,20,750
2026-08-05,celio,chemise homme,https://www.celio.com/fr-fr/c/chemises-chemises-habillees,3,0,2
2026-08-05,celio,chemise homme,https://www.celio.com/fr-fr/store?StoreID=0266,5,0,2
2026-08-06,celio,chemise homme,https://www.celio.com/fr-be/c/chemises,7.7,0,38
2026-08-06,celio,chemise homme,https://www.celio.com/fr-fr/c/chemises,1.8,13,782
2026-08-07,celio,chemise homme,https://www.celio.com/fr-be/c/chemises,8.9,0,40
2026-08-07,celio,chemise homme,https://www.celio.com/fr-fr/c/chemises,1.9,21,668
2026-08-08,celio,chemise homme,https://www.celio.com/fr-be/c/chemises,8.6,2,38
2026-08-08,celio,chemise homme,https://www.celio.com/fr-fr/c/chemises,1.9,33,782
2026-08-09,celio,chemise homme,https://www.celio.com/fr-be/c/chemises,8.3,1,54
2026-08-09,celio,chemise homme,https://www.celio.com/fr-fr/c/chemises,2.2,25,793
2026-08-09,celio,chemise homme,https://www.celio.com/fr-fr/store?StoreID=0281,9.5,0,2
2026-08-10,celio,chemise homme,https://www.celio.com/fr-be/c/chemises,8.1,0,31
2026-08-10,celio,chemise homme,https://www.celio.com/fr-fr/c/chemises,1.8,33,738
2026-08-11,celio,chemise homme,https://www.celio.com/fr-be/c/chemises,7.5,1,52
2026-08-11,celio,chemise homme,https://www.celio.com/fr-fr/c/chemises,2.0,22,685
2026-08-11,celio,chemise homme,https://www.celio.com/fr-fr/store?StoreID=1468,10,0,2
2026-08-12,celio,chemise homme,https://www.celio.com/fr-be/c/chemises,6.8,0,33
2026-08-12,celio,chemise homme,https://www.celio.com/fr-fr/c/chemises,2.3,23,711
2026-08-12,celio,chemise homme,https://www.celio.com/fr-fr/store?StoreID=0031,7,0,2
2026-08-12,celio,chemise homme,https://www.celio.com/fr-fr/store?StoreID=1460,4.5,0,2
2026-08-12,celio,chemise homme,https://www.celio.com/fr-fr/store?StoreID=1623,10.5,0,2
2026-08-13,celio,chemise homme,https://www.celio.com/en-fr/p/slim-fit-stretch-cotton-shirt---white/1049665.html,4,0,2
2026-08-13,celio,chemise homme,https://www.celio.com/fr-be/c/chemises,8.8,0,26
2026-08-13,celio,chemise homme,https://www.celio.com/fr-fr/c/chemises,2.0,15,678
2026-08-13,celio,chemise homme,https://www.celio.com/fr-fr/c/chemises-chemise-stretch,4,0,2
2026-08-13,celio,chemise homme,https://www.celio.com/fr-fr/c/chemises-chemises-slim,4,1,2
2026-08-13,celio,chemise homme,https://www.celio.com/fr-fr/p/chemise-slim-en-coton-stretch---blanc/1049665.html,4,0,2
2026-08-13,celio,chemise homme,https://www.celio.com/fr-fr/store?StoreID=0187,2.7,0,3
2026-08-13,celio,chemise homme,https://www.celio.com/fr-fr/store?StoreID=0212,11,0,2
2026-08-13,celio,chemise homme,https://www.celio.com/fr-fr/store?StoreID=0235,12,0,2
2026-08-13,celio,chemise homme,https://www.celio.com/fr-fr/store?StoreID=1466,2.5,0,2
2026-08-14,celio,chemise homme,https://www.celio.com/fr-be/c/chemises,7.2,0,22
2026-08-14,celio,chemise homme,https://www.celio.com/fr-fr/c/chemises,2.3,14,647
2026-08-14,celio,chemise homme,https://www.celio.com/fr-fr/store?StoreID=0187,2.8,0,5
2026-08-15,celio,chemise homme,https://www.celio.com/fr-be/c/chemises,9.7,0,32
2026-08-15,celio,chemise homme,https://www.celio.com/fr-fr/c/chemises,1.9,18,661
2026-08-15,celio,chemise homme,https://www.celio.com/fr-fr/store?StoreID=1629,2,0,4
2026-08-15,celio,chemise homme,https://www.celio.com/fr-fr/store?StoreID=1703,7.8,0,4
2026-08-16,celio,chemise homme,https://www.celio.com/fr-be/c/chemises,9.0,1,48
2026-08-16,celio,chemise homme,https://www.celio.com/fr-fr/c/chemises,2.0,18,716
2026-08-16,celio,chemise homme,https://www.celio.com/fr-fr/store?StoreID=0187,5,0,2
2026-08-17,celio,chemise homme,https://www.celio.com/fr-be/c/chemises,9.8,0,34
2026-08-17,celio,chemise homme,https://www.celio.com/fr-be/store?StoreID=0371,4,0,2
2026-08-17,celio,chemise homme,https://www.celio.com/fr-fr/c/chemises,2.7,14,595
2026-08-17,celio,chemise homme,https://www.celio.com/fr-fr/store?StoreID=0235,7.4,0,5
2026-08-17,celio,chemise homme,https://www.celio.com/fr-fr/store?StoreID=1498,6.5,0,2
2026-08-18,celio,chemise homme,https://www.celio.com/fr-be/c/chemises,7.7,0,33
2026-08-18,celio,chemise homme,https://www.celio.com/fr-fr/c/chemises,3.8,15,532
2026-08-19,celio,chemise homme,https://www.celio.com/fr-be/c/chemises,8.1,0,52
2026-08-19,celio,chemise homme,https://www.celio.com/fr-fr/c/chemises,1.8,24,819
2026-08-19,celio,chemise homme,https://www.celio.com/fr-fr/store?StoreID=0004,7,0,2
2026-08-19,celio,chemise homme,https://www.celio.com/fr-fr/store?StoreID=0235,8.5,0,2
2026-08-20,celio,chemise homme,https://www.celio.com/fr-be/c/chemises,5.9,1,44
2026-08-20,celio,chemise homme,https://www.celio.com/fr-fr/c/chemises,1.8,28,740
2026-08-21,celio,chemise homme,https://www.celio.com/fr-be/c/chemises,5.8,0,24
2026-08-21,celio,chemise homme,https://www.celio.com/fr-fr/c/chemises,1.8,15,722
2026-08-21,celio,chemise homme,https://www.celio.com/fr-fr/store?StoreID=0797,2.1,0,7
2026-08-21,celio,chemise homme,https://www.celio.com/fr-fr/store?StoreID=1670,6,0,2
2026-08-22,celio,chemise homme,https://www.celio.com/fr-be/c/chemises,7.0,1,43
2026-08-22,celio,chemise homme,https://www.celio.com/fr-be/store?StoreID=3509,4,0,2
2026-08-22,celio,chemise homme,https://www.celio.com/fr-fr/c/chemises,1.8,22,730
2026-08-22,celio,chemise homme,https://www.celio.com/fr-fr/store?StoreID=0632,4,0,2
2026-08-23,celio,chemise homme,https://www.celio.com/fr-be/c/chemises,5.8,0,24
2026-08-23,celio,chemise homme,https://www.celio.com/fr-fr/c/chemises,1.9,19,645
2026-08-23,celio,chemise homme,https://www.celio.com/fr-fr/store?StoreID=0212,7.5,0,2
2026-08-23,celio,chemise homme,https://www.celio.com/fr-fr/store?StoreID=1703,3,0,2
2026-08-24,celio,chemise homme,https://www.celio.com/fr-be/c/chemises,4.9,0,34
2026-08-24,celio,chemise homme,https://www.celio.com/fr-fr/c/chemises,1.9,21,779
2026-08-25,celio,chemise homme,https://www.celio.com/fr-be/c/chemises,4.5,1,30
2026-08-25,celio,chemise homme,https://www.celio.com/fr-fr/c/chemises,1.7,25,705
2026-08-25,celio,chemise homme,https://www.celio.com/fr-fr/store?StoreID=0837,7,0,2
2026-08-26,celio,chemise homme,https://www.celio.com/fr-be/c/chemises,3.8,0,31
2026-08-26,celio,chemise homme,https://www.celio.com/fr-fr/c/chemises,1.8,21,746
2026-08-26,celio,chemise homme,https://www.celio.com/fr-fr/store?StoreID=0079,11,0,2
2026-08-26,celio,chemise homme,https://www.celio.com/fr-fr/store?StoreID=0281,5,0,3
2026-08-26,celio,chemise homme,https://www.celio.com/fr-fr/store?StoreID=1652,3,0,2
2026-08-27,celio,chemise homme,https://www.celio.com/fr-be/c/chemises,6.2,1,28
2026-08-27,celio,chemise homme,https://www.celio.com/fr-fr/c/chemises,2.3,31,779
2026-08-27,celio,chemise homme,https://www.celio.com/fr-fr/c/chemises-chemise-stretch,4,0,2
2026-08-27,celio,chemise homme,https://www.celio.com/fr-fr/store?StoreID=0235,6,0,2
2026-08-27,celio,chemise homme,https://www.celio.com/fr-fr/store?StoreID=1466,2,0,2
2026-08-27,celio,chemise homme,https://www.celio.com/fr-fr/store?StoreID=1703,7,0,2
2026-08-28,celio,chemise homme,https://www.celio.com/fr-be/c/chemises,7.2,0,41
2026-08-28,celio,chemise homme,https://www.celio.com/fr-fr/c/chemises,2.1,25,801
2026-08-28,celio,chemise homme,https://www.celio.com/fr-fr/store?StoreID=1621,14,0,2
2026-08-28,celio,chemise homme,https://www.celio.com/fr-fr/store?StoreID=1686,7.3,0,3
2026-08-28,celio,chemise homme,https://www.celio.com/fr-fr/store?StoreID=1703,7.5,0,2
2026-08-29,celio,chemise homme,https://www.celio.com/fr-be/c/chemises,6.5,0,30
2026-08-29,celio,chemise homme,https://www.celio.com/fr-fr/c/chemises,1.8,31,846
2026-08-29,celio,chemise homme,https://www.celio.com/fr-fr/store?StoreID=0212,1,0,2
2026-08-29,celio,chemise homme,https://www.celio.com/fr-fr/store?StoreID=0797,2,1,2
2026-08-30,celio,chemise homme,https://www.celio.com/fr-be/c/chemises,6.1,1,35
2026-08-30,celio,chemise homme,https://www.celio.com/fr-fr/c/chemises,2.3,22,818
2026-08-30,celio,chemise homme,https://www.celio.com/fr-fr/store?StoreID=0235,7.3,0,3
2026-08-30,celio,chemise homme,https://www.celio.com/fr-fr/store?StoreID=0291,7,0,2
2026-08-30,celio,chemise homme,https://www.celio.com/fr-fr/store?StoreID=1498,8,0,3
2026-08-30,celio,chemise homme,https://www.celio.com/fr-fr/store?StoreID=1609,6.5,0,2
2026-08-31,celio,chemise homme,https://www.celio.com/fr-be/c/chemises,6.6,1,38
2026-08-31,celio,chemise homme,https://www.celio.com/fr-fr/c/chemises,2.9,36,802
2026-08-31,celio,chemise homme,https://www.celio.com/fr-fr/store?StoreID=0217,6,0,2
2026-08-31,celio,chemise homme,https://www.celio.com/fr-fr/store?StoreID=0235,9.5,0,4
2026-08-31,celio,chemise homme,https://www.celio.com/fr-fr/store?StoreID=0291,4,0,2
2026-09-01,celio,chemise homme,https://www.celio.com/fr-be/c/chemises,6.5,0,36
2026-09-01,celio,chemise homme,https://www.celio.com/fr-fr/c/chemises,3.3,19,807
2026-09-01,celio,chemise homme,https://www.celio.com/fr-fr/store?StoreID=0206,3.5,0,2
2026-09-01,celio,chemise homme,https://www.celio.com/fr-fr/store?StoreID=0797,8,0,2
2026-09-02,celio,chemise homme,https://www.celio.com/fr-be/c/chemises,5.2,0,36
2026-09-02,celio,chemise homme,https://www.celio.com/fr-fr/c/chemises,5.7,20,860
2026-09-02,celio,chemise homme,https://www.celio.com/fr-fr/store?StoreID=0079,1,0,3
2026-09-02,celio,chemise homme,https://www.celio.com/fr-fr/store?StoreID=0142,7,0,2
2026-09-02,celio,chemise homme,https://www.celio.com/fr-fr/store?StoreID=0235,9,0,4
2026-09-02,celio,chemise homme,https://www.celio.com/fr-fr/store?StoreID=1435,7,0,2
2026-09-03,celio,chemise homme,https://www.celio.com/fr-be/c/chemises,4.8,3,48
2026-09-03,celio,chemise homme,https://www.celio.com/fr-fr/c/chemises,5.9,18,817
2026-09-03,celio,chemise homme,https://www.celio.com/fr-fr/c/chemises-chemise-stretch,6,0,2
2026-09-03,celio,chemise homme,https://www.celio.com/fr-fr/c/chemises-chemises-regular,6,0,2
2026-09-03,celio,chemise homme,https://www.celio.com/fr-fr/p/chemise-regular-en-coton-stretch---blanc/1128097.html,6,1,2
2026-09-03,celio,chemise homme,https://www.celio.com/fr-fr/store?StoreID=0037,3.5,0,2
2026-09-03,celio,chemise homme,https://www.celio.com/fr-fr/store?StoreID=0085,10,0,2
2026-09-03,celio,chemise homme,https://www.celio.com/fr-fr/store?StoreID=0269,5,0,2
2026-09-03,celio,chemise homme,https://www.celio.com/fr-fr/store?StoreID=0281,5,0,4
2026-09-03,celio,chemise homme,https://www.celio.com/fr-fr/store?StoreID=1436,5,0,2
2026-09-04,celio,chemise homme,https://www.celio.com/fr-be/c/chemises,5.2,0,45
2026-09-04,celio,chemise homme,https://www.celio.com/fr-fr/c/chemises,4.1,23,838
2026-09-04,celio,chemise homme,https://www.celio.com/fr-fr/store?StoreID=0281,7,0,2
2026-09-04,celio,chemise homme,https://www.celio.com/fr-fr/store?StoreID=0655,5.5,0,2
2026-09-05,celio,chemise homme,https://www.celio.com/es-es/store?StoreID=0539,8.3,0,3
2026-09-05,celio,chemise homme,https://www.celio.com/fr-be/c/chemises,6.6,1,51
2026-09-05,celio,chemise homme,https://www.celio.com/fr-fr/c/chemises,4.4,21,779
2026-09-05,celio,chemise homme,https://www.celio.com/fr-fr/store?StoreID=0139,4.5,0,2
2026-09-05,celio,chemise homme,https://www.celio.com/fr-fr/store?StoreID=0235,7,0,2
2026-09-05,celio,chemise homme,https://www.celio.com/fr-fr/store?StoreID=0281,5,0,2
2026-09-05,celio,chemise homme,https://www.celio.com/fr-fr/store?StoreID=1469,6,0,2
2026-09-05,celio,chemise homme,https://www.celio.com/fr-fr/store?StoreID=1472,6,0,2
2026-09-05,celio,chemise homme,https://www.celio.com/fr-fr/store?StoreID=1498,9,0,2
2026-09-06,celio,chemise homme,https://www.celio.com/fr-be/c/chemises,7.2,0,45
2026-09-06,celio,chemise homme,https://www.celio.com/fr-be/store?StoreID=0349,14.5,0,2
2026-09-06,celio,chemise homme,https://www.celio.com/fr-fr/c/chemises,5.5,29,836
2026-09-06,celio,chemise homme,https://www.celio.com/fr-fr/guide-taille/guide-des-tailles-pantalons.html,6,0,2
2026-09-07,celio,chemise homme,https://www.celio.com/fr-be/c/chemises,7.2,0,30
2026-09-07,celio,chemise homme,https://www.celio.com/fr-fr/c/chemises,3.9,18,830
2026-09-07,celio,chemise homme,https://www.celio.com/fr-fr/store?StoreID=0623,2.5,0,2
2026-09-07,celio,chemise homme,https://www.celio.com/fr-fr/store?StoreID=1473,4,0,2
2026-09-08,celio,chemise homme,https://www.celio.com/fr-be/c/chemises,6.3,2,25
2026-09-08,celio,chemise homme,https://www.celio.com/fr-fr/c/chemises,3.5,25,862
2026-09-08,celio,chemise homme,https://www.celio.com/fr-fr/c/chemises-chemise-stretch,4.5,0,2
2026-09-08,celio,chemise homme,https://www.celio.com/fr-fr/c/chemises-chemises-regular,4.5,0,2
2026-09-08,celio,chemise homme,https://www.celio.com/fr-fr/p/chemise-regular-en-coton-stretch---blanc/1128097.html,4.5,1,2
2026-09-08,celio,chemise homme,https://www.celio.com/fr-fr/store?StoreID=0068,9,0,2
2026-09-08,celio,chemise homme,https://www.celio.com/fr-fr/store?StoreID=0281,5,0,2
2026-09-08,celio,chemise homme,https://www.celio.com/fr-fr/store?StoreID=1475,9,0,4
2026-09-09,celio,chemise homme,https://www.celio.com/fr-be/c/chemises,9.1,0,35
2026-09-09,celio,chemise homme,https://www.celio.com/fr-fr/c/chemises,2.6,20,824
2026-09-09,celio,chemise homme,https://www.celio.com/fr-fr/store?StoreID=0068,5,0,2
2026-09-09,celio,chemise homme,https://www.celio.com/fr-fr/store?StoreID=0235,7.5,0,4
2026-09-09,celio,chemise homme,https://www.celio.com/fr-fr/store?StoreID=0769,6,0,2
2026-09-10,celio,chemise homme,https://www.celio.com/fr-be/c/chemises,7.9,1,23
2026-09-10,celio,chemise homme,https://www.celio.com/fr-fr/c/chemises,2.1,37,860
2026-09-10,celio,chemise homme,https://www.celio.com/fr-fr/c/chemises-chemises-habillees,4,0,4
2026-09-10,celio,chemise homme,https://www.celio.com/fr-fr/store?StoreID=0235,6,0,3
2026-09-10,celio,chemise homme,https://www.celio.com/fr-fr/store?StoreID=0797,5,0,3
2026-09-10,celio,chemise homme,https://www.celio.com/fr-fr/store?StoreID=1403,1,0,2
2026-09-10,celio,chemise homme,https://www.celio.com/fr-fr/store?StoreID=1457,3,0,2
2026-09-11,celio,chemise homme,http://www.celio.com/,4.7,0,3
2026-09-11,celio,chemise homme,https://www.celio.com/fr-be/c/chemises,7.4,1,22
2026-09-11,celio,chemise homme,https://www.celio.com/fr-fr/c/chemises,2.3,24,836
2026-09-11,celio,chemise homme,https://www.celio.com/fr-fr/store?StoreID=0068,9,0,2
2026-09-11,celio,chemise homme,https://www.celio.com/fr-fr/store?StoreID=0267,7.3,0,3
2026-09-11,celio,chemise homme,https://www.celio.com/fr-fr/store?StoreID=0281,3,0,2
2026-09-11,celio,chemise homme,https://www.celio.com/fr-fr/store?StoreID=0291,4.5,0,2
2026-09-11,celio,chemise homme,https://www.celio.com/fr-fr/store?StoreID=1444,8,0,3
2026-09-12,celio,chemise homme,https://www.celio.com/fr-be/c/chemises,8.9,1,29
2026-09-12,celio,chemise homme,https://www.celio.com/fr-fr/c/chemises,2.0,37,903
2026-09-12,celio,chemise homme,https://www.celio.com/fr-fr/store?StoreID=0235,6.2,0,5
2026-09-12,celio,chemise homme,https://www.celio.com/fr-fr/store?StoreID=0645,5.3,0,3
2026-09-12,celio,chemise homme,https://www.celio.com/fr-fr/store?StoreID=1461,5.5,0,2
2026-09-13,celio,chemise homme,https://www.celio.com/fr-be/c/chemises,7.1,1,29
2026-09-13,celio,chemise homme,https://www.celio.com/fr-be/c/chemises-chemises-habillees,3,0,3
2026-09-13,celio,chemise homme,https://www.celio.com/fr-be/store?StoreID=0349,5.7,0,3
2026-09-13,celio,chemise homme,https://www.celio.com/fr-fr/c/chemises,2.2,37,1001
2026-09-13,celio,chemise homme,https://www.celio.com/fr-fr/store?StoreID=0064,5.5,0,2
2026-09-13,celio,chemise homme,https://www.celio.com/fr-fr/store?StoreID=0217,5,0,2
2026-09-13,celio,chemise homme,https://www.celio.com/fr-fr/store?StoreID=0235,6,0,2
2026-09-13,celio,chemise homme,https://www.celio.com/fr-fr/store?StoreID=0281,4.3,0,3
2026-09-13,celio,chemise homme,https://www.celio.com/fr-fr/store?StoreID=1455,4.7,0,3
2026-09-13,celio,chemise homme,https://www.celio.com/fr-fr/store?StoreID=1676,3.5,0,2
2026-09-14,celio,chemise homme,https://www.celio.com/fr-be/c/chemises,9.0,0,21
2026-09-14,celio,chemise homme,https://www.celio.com/fr-be/store?StoreID=0345,4.5,0,2
2026-09-14,celio,chemise homme,https://www.celio.com/fr-fr/c/chemises,2.3,24,875
2026-09-14,celio,chemise homme,https://www.celio.com/fr-fr/store?StoreID=0139,5.5,0,2
2026-09-14,celio,chemise homme,https://www.celio.com/fr-fr/store?StoreID=0235,5.8,0,4
2026-09-14,celio,chemise homme,https://www.celio.com/fr-fr/store?StoreID=0639,1,0,2
2026-09-14,celio,chemise homme,https://www.celio.com/fr-fr/store?StoreID=1664,5,0,2
2026-09-15,celio,chemise homme,https://www.celio.com/fr-be/c/chemises,5,0,21
2026-09-15,celio,chemise homme,https://www.celio.com/fr-fr/c/chemises,1.9,34,823
2026-09-15,celio,chemise homme,https://www.celio.com/fr-fr/store?StoreID=0187,6,0,3
2026-09-15,celio,chemise homme,https://www.celio.com/fr-fr/store?StoreID=0235,3.2,0,4
2026-09-15,celio,chemise homme,https://www.celio.com/fr-fr/store?StoreID=0645,6,0,3
2026-09-15,celio,chemise homme,https://www.celio.com/fr-fr/store?StoreID=0797,2.5,0,2
2026-09-16,celio,chemise homme,https://www.celio.com/fr-be/c/chemises,7.1,0,24
2026-09-16,celio,chemise homme,https://www.celio.com/fr-fr/c/chemises,1.9,30,860
2026-09-16,celio,chemise homme,https://www.celio.com/fr-fr/store?StoreID=0281,4.2,0,6
2026-09-16,celio,chemise homme,https://www.celio.com/fr-fr/store?StoreID=0797,1,0,2
2026-09-17,celio,chemise homme,https://www.celio.com/fr-be/c/chemises,7.1,0,14
2026-09-17,celio,chemise homme,https://www.celio.com/fr-fr/c/chemises,2.0,27,792
2026-09-17,celio,chemise homme,https://www.celio.com/fr-fr/store?StoreID=1475,6,0,2
2026-09-17,celio,chemise homme,https://www.celio.com/fr-fr/store?StoreID=1498,5,0,2
2026-09-18,celio,chemise homme,https://www.celio.com/fr-be/c/chemises,5.7,0,20
2026-09-18,celio,chemise homme,https://www.celio.com/fr-be/c/vetements-pas-chers-chemises-pas-cheres,5.3,0,3
2026-09-18,celio,chemise homme,https://www.celio.com/fr-fr/c/chemises,2.1,34,804
2026-09-18,celio,chemise homme,https://www.celio.com/fr-fr/c/chemises-chemises-ete,9,0,2
2026-09-18,celio,chemise homme,https://www.celio.com/fr-fr/store?StoreID=1498,5.5,0,2
2026-09-19,celio,chemise homme,https://www.celio.com/fr-be/c/chemises,5.5,1,27
2026-09-19,celio,chemise homme,https://www.celio.com/fr-fr/c/chemises,2.4,28,934
2026-09-19,celio,chemise homme,https://www.celio.com/fr-fr/store?StoreID=0097,3.5,0,2
2026-09-20,celio,chemise homme,https://www.celio.com/fr-be/c/chemises,7.2,0,36
2026-09-20,celio,chemise homme,https://www.celio.com/fr-fr/c/chemises,2.2,36,1007
2026-09-20,celio,chemise homme,https://www.celio.com/fr-fr/store?StoreID=0281,1,0,2
2026-09-21,celio,chemise homme,https://www.celio.com/fr-be/c/chemises,5.5,0,31
2026-09-21,celio,chemise homme,https://www.celio.com/fr-fr/c/chemises,2.3,29,898
2026-09-21,celio,chemise homme,https://www.celio.com/fr-fr/store?StoreID=0235,6.4,0,5
2026-09-21,celio,chemise homme,https://www.celio.com/fr-fr/store?StoreID=0281,3,0,2
2026-09-21,celio,chemise homme,https://www.celio.com/fr-fr/store?StoreID=0797,4.7,0,3
2026-09-21,celio,chemise homme,https://www.celio.com/fr-fr/store?StoreID=1466,1.5,0,2
2026-09-21,celio,chemise homme,https://www.celio.com/fr-fr/store?StoreID=1703,2,0,2
2026-09-22,celio,chemise homme,https://www.celio.com/fr-be/c/chemises,7.1,1,50
2026-09-22,celio,chemise homme,https://www.celio.com/fr-be/c/vetements-pas-chers-chemises-pas-cheres,6.5,0,2
2026-09-22,celio,chemise homme,https://www.celio.com/fr-be/store?StoreID=0374,5,0,2
2026-09-22,celio,chemise homme,https://www.celio.com/fr-fr/c/chemises,2.6,18,835
2026-09-22,celio,chemise homme,https://www.celio.com/fr-fr/store?StoreID=0137,6.5,0,2
2026-09-22,celio,chemise homme,https://www.celio.com/fr-fr/store?StoreID=0281,3,0,2
2026-09-22,celio,chemise homme,https://www.celio.com/fr-fr/store?StoreID=0769,5,0,2
2026-09-22,celio,chemise homme,https://www.celio.com/fr-fr/store?StoreID=1461,3.5,0,2
2026-09-22,celio,chemise homme,https://www.celio.com/fr-fr/store?StoreID=1474,4,0,2
2026-09-23,celio,chemise homme,https://www.celio.com/fr-be/c/chemises,7,0,43
2026-09-23,celio,chemise homme,https://www.celio.com/fr-be/c/vetements-pas-chers-chemises-pas-cheres,5.2,0,4
2026-09-23,celio,chemise homme,https://www.celio.com/fr-fr/c/chemises,2.5,27,853
2026-09-23,celio,chemise homme,https://www.celio.com/fr-fr/store?StoreID=0063,5,0,2
2026-09-23,celio,chemise homme,https://www.celio.com/fr-fr/store?StoreID=0085,3,0,2
2026-09-23,celio,chemise homme,https://www.celio.com/fr-fr/store?StoreID=0235,5,0,2
2026-09-23,celio,chemise homme,https://www.celio.com/fr-fr/store?StoreID=0291,2,0,3
2026-09-23,celio,chemise homme,https://www.celio.com/fr-fr/store?StoreID=0769,5,0,2
2026-09-23,celio,chemise homme,https://www.celio.com/fr-fr/store?StoreID=1436,6,0,2
2026-09-23,celio,chemise homme,https://www.celio.com/fr-fr/store?StoreID=1474,6,0,2
2026-09-24,celio,chemise homme,https://www.celio.com/fr-be/c/chemises,6.2,1,44
2026-09-24,celio,chemise homme,https://www.celio.com/fr-be/c/vetements-pas-chers-chemises-pas-cheres,7,0,2
2026-09-24,celio,chemise homme,https://www.celio.com/fr-fr/c/chemises,2.4,24,818
2026-09-24,celio,chemise homme,https://www.celio.com/fr-fr/store?StoreID=0235,4.3,0,6
2026-09-24,celio,chemise homme,https://www.celio.com/fr-fr/store?StoreID=0291,5,0,6
2026-09-24,celio,chemise homme,https://www.celio.com/fr-fr/store?StoreID=0645,3.2,0,4
2026-09-24,celio,chemise homme,https://www.celio.com/fr-fr/store?StoreID=1703,5,0,2
2026-09-25,celio,chemise homme,https://www.celio.com/fr-be/c/chemises,8.1,1,27
2026-09-25,celio,chemise homme,https://www.celio.com/fr-fr/c/chemises,2.5,37,816
2026-09-25,celio,chemise homme,https://www.celio.com/fr-fr/store?StoreID=0067,4,0,2
2026-09-25,celio,chemise homme,https://www.celio.com/fr-fr/store?StoreID=0139,6,0,2
2026-09-25,celio,chemise homme,https://www.celio.com/fr-fr/store?StoreID=0235,5.2,0,8
2026-09-25,celio,chemise homme,https://www.celio.com/fr-fr/store?StoreID=0266,2,0,2
2026-09-25,celio,chemise homme,https://www.celio.com/fr-fr/store?StoreID=0291,3.5,0,2
2026-09-25,celio,chemise homme,https://www.celio.com/fr-fr/store?StoreID=1606,5,0,3
2026-09-25,celio,chemise homme,https://www.celio.com/fr-fr/store?StoreID=1670,2,0,2
2026-09-26,celio,chemise homme,https://www.celio.com/fr-be/c/chemises,9.1,1,25
2026-09-26,celio,chemise homme,https://www.celio.com/fr-be/store?StoreID=3510,2,0,2
2026-09-26,celio,chemise homme,https://www.celio.com/fr-fr/c/chemises,2.9,33,983
2026-09-26,celio,chemise homme,https://www.celio.com/fr-fr/store?StoreID=0235,4.1,0,16
2026-09-26,celio,chemise homme,https://www.celio.com/fr-fr/store?StoreID=0281,4.7,0,3
2026-09-26,celio,chemise homme,https://www.celio.com/fr-fr/store?StoreID=0293,5.5,0,2
2026-09-26,celio,chemise homme,https://www.celio.com/fr-fr/store?StoreID=0758,5,0,3
2026-09-26,celio,chemise homme,https://www.celio.com/fr-fr/store?StoreID=1675,5,0,3
2026-09-26,celio,chemise homme,https://www.celio.com/fr-fr/store?StoreID=1695,6,0,2
2026-09-27,celio,chemise homme,https://www.celio.com/fr-be/c/chemises,9.8,0,17
2026-09-27,celio,chemise homme,https://www.celio.com/fr-be/c/vetements-pas-chers-chemises-pas-cheres,5.3,0,3
2026-09-27,celio,chemise homme,https://www.celio.com/fr-fr/c/chemises,3.0,34,876
2026-09-27,celio,chemise homme,https://www.celio.com/fr-fr/store?StoreID=0122,2,0,2
2026-09-27,celio,chemise homme,https://www.celio.com/fr-fr/store?StoreID=0235,4.7,0,9
2026-09-27,celio,chemise homme,https://www.celio.com/fr-fr/store?StoreID=0655,6.5,0,2
2026-09-27,celio,chemise homme,https://www.celio.com/fr-fr/store?StoreID=1489,2.5,0,2
2026-09-27,celio,chemise homme,https://www.celio.com/fr-fr/store?StoreID=1623,4.5,0,2
2026-09-28,celio,chemise homme,https://www.celio.com/fr-be/c/chemises,11.5,0,21
2026-09-28,celio,chemise homme,https://www.celio.com/fr-fr/c/chemises,2.9,28,830
2026-09-28,celio,chemise homme,https://www.celio.com/fr-fr/store?StoreID=0212,3,0,2
2026-09-28,celio,chemise homme,https://www.celio.com/fr-fr/store?StoreID=0235,3.1,0,10
2026-09-28,celio,chemise homme,https://www.celio.com/fr-fr/store?StoreID=0293,5.5,0,2
2026-09-28,celio,chemise homme,https://www.celio.com/fr-fr/store?StoreID=0655,4.5,0,2
2026-09-28,celio,chemise homme,https://www.celio.com/fr-fr/store?StoreID=0777,2,0,2
2026-09-28,celio,chemise homme,https://www.celio.com/fr-fr/store?StoreID=1461,2.5,0,2
2026-09-28,celio,chemise homme,https://www.celio.com/fr-fr/store?StoreID=1475,3.3,0,3
2026-09-28,celio,chemise homme,https://www.celio.com/fr-fr/store?StoreID=1675,4,0,2
2026-09-28,celio,chemise homme,https://www.celio.com/fr-fr/store?StoreID=1687,3.3,0,3
2026-09-29,celio,chemise homme,https://www.celio.com/fr-be/c/chemises,11,0,11
2026-09-29,celio,chemise homme,https://www.celio.com/fr-fr/c/chemises,3.0,34,815
2026-09-29,celio,chemise homme,https://www.celio.com/fr-fr/store?StoreID=0139,3,0,2
2026-09-29,celio,chemise homme,https://www.celio.com/fr-fr/store?StoreID=0206,3,0,2
2026-09-29,celio,chemise homme,https://www.celio.com/fr-fr/store?StoreID=0235,3.2,0,5
2026-09-29,celio,chemise homme,https://www.celio.com/fr-fr/store?StoreID=0293,3,0,2
2026-09-29,celio,chemise homme,https://www.celio.com/fr-fr/store?StoreID=1461,2,0,2
2026-09-29,celio,chemise homme,https://www.celio.com/fr-fr/store?StoreID=1670,2,0,3
2026-09-29,celio,chemise homme,https://www.celio.com/fr-fr/store?StoreID=1703,6,0,4
2026-09-30,celio,chemise homme,https://www.celio.com/fr-be/c/chemises,7.4,0,10
2026-09-30,celio,chemise homme,https://www.celio.com/fr-fr/c/chemises,3.9,35,661
2026-09-30,celio,chemise homme,https://www.celio.com/fr-fr/store?StoreID=0639,8,0,2
2026-09-30,celio,chemise homme,https://www.celio.com/fr-fr/store?StoreID=0679,1.7,0,3
2026-09-30,celio,chemise homme,https://www.celio.com/fr-fr/store?StoreID=0769,2,0,2
2026-09-30,celio,chemise homme,https://www.celio.com/fr-fr/store?StoreID=1475,5,0,2
2026-09-30,celio,chemise homme,https://www.celio.com/fr-fr/store?StoreID=1623,2,0,3
2026-07-03,celio,chino,https://www.celio.com/fr-be/c/pantalons-pantalons-chinos,4.0,1,23
2026-07-03,celio,chino,https://www.celio.com/fr-fr/c/pantalons-chinos-pantalon-chino-noir,27.9,0,14
2026-07-03,celio,chino,https://www.celio.com/fr-fr/c/pantalons-pantalons-chinos,2.4,9,374
2026-07-03,celio,chino,https://www.celio.com/nl-be/c/broeken-chinobroeken,15.5,0,2
2026-07-03,celio,chino,https://www.celio.com/pt-pt/c/calcas-calcas-chino-1,30.5,0,2
2026-07-04,celio,chino,https://www.celio.com/fr-be/c/pantalons-pantalons-chinos,4.2,0,16
2026-07-04,celio,chino,https://www.celio.com/fr-fr/c/pantalons-chinos-pantalon-chino-noir,28.8,0,8
2026-07-04,celio,chino,https://www.celio.com/fr-fr/c/pantalons-pantalons-chinos,2.6,7,387
2026-07-04,celio,chino,https://www.celio.com/nl-be/c/broeken-chinobroeken,16.5,0,2
2026-07-05,celio,chino,https://www.celio.com/fr-be/c/pantalons-chinos-pantalon-chino-noir,65.5,0,2
2026-07-05,celio,chino,https://www.celio.com/fr-be/c/pantalons-pantalons-chinos,5.7,0,23
2026-07-05,celio,chino,https://www.celio.com/fr-fr/c/pantalons-chinos-pantalon-chino-noir,29.1,0,10
2026-07-05,celio,chino,https://www.celio.com/fr-fr/c/pantalons-pantalons-chinos,2.5,9,391
2026-07-05,celio,chino,https://www.celio.com/fr-fr/p/pantalon-chino-slim-en-coton-stretch-longueur-standard---noir/1093060.html,62.5,0,2
2026-07-05,celio,chino,https://www.celio.com/nl-be/c/broeken-chinobroeken,18.5,0,2
2026-07-06,celio,chino,https://www.celio.com/fr-be/c/pantalons-pantalons-chinos,9.7,0,15
2026-07-06,celio,chino,https://www.celio.com/fr-fr/c/pantalons-chinos-pantalon-chino-noir,29.7,0,9
2026-07-06,celio,chino,https://www.celio.com/fr-fr/c/pantalons-pantalons-chinos,2.5,6,405
2026-07-06,celio,chino,https://www.celio.com/nl-be/c/broeken-chinobroeken,13,0,2
2026-07-07,celio,chino,https://www.celio.com/fr-be/c/pantalons-pantalons-chinos,8.5,0,15
2026-07-07,celio,chino,https://www.celio.com/fr-fr/c/pantalons-chinos-pantalon-chino-noir,39.9,0,10
2026-07-07,celio,chino,https://www.celio.com/fr-fr/c/pantalons-pantalons-chinos,2.5,9,309
2026-07-07,celio,chino,https://www.celio.com/nl-be/c/broeken-chinobroeken,16.5,0,4
2026-07-08,celio,chino,https://www.celio.com/es-es/c/pantalones-pantalones-chinos,8.5,0,2
2026-07-08,celio,chino,https://www.celio.com/fr-be/c/pantalons-pantalons-chinos,7.1,0,22
2026-07-08,celio,chino,https://www.celio.com/fr-fr/c/pantalons-chinos-pantalon-chino-noir,31.3,0,15
2026-07-08,celio,chino,https://www.celio.com/fr-fr/c/pantalons-pantalons-chinos,3.0,7,352
2026-07-09,celio,chino,https://www.celio.com/fr-be/c/pantalons-pantalons-chinos,6.1,0,16
2026-07-09,celio,chino,https://www.celio.com/fr-fr/c/pantalons-chinos-pantalon-chino-noir,35.2,0,13
2026-07-09,celio,chino,https://www.celio.com/fr-fr/c/pantalons-pantalons-chinos,2.8,4,327
2026-07-09,celio,chino,https://www.celio.com/nl-be/c/broeken-chinobroeken,15.2,0,4
2026-07-10,celio,chino,https://www.celio.com/fr-be/c/pantalons-pantalons-chinos,7.9,0,14
2026-07-10,celio,chino,https://www.celio.com/fr-fr/c/pantalons-chinos-pantalon-chino-noir,27.9,0,8
2026-07-10,celio,chino,https://www.celio.com/fr-fr/c/pantalons-pantalons-chinos,2.5,7,342
2026-07-10,celio,chino,https://www.celio.com/nl-be/c/broeken-chinobroeken,14,0,2
2026-07-11,celio,chino,https://www.celio.com/fr-be/c/pantalons-pantalons-chinos,6.9,0,22
2026-07-11,celio,chino,https://www.celio.com/fr-fr/c/pantalons-chinos-pantalon-chino-noir,30,0,8
2026-07-11,celio,chino,https://www.celio.com/fr-fr/c/pantalons-pantalons-chinos,2.8,6,327
2026-07-11,celio,chino,https://www.celio.com/nl-be/c/broeken-chinobroeken,18,0,2
2026-07-12,celio,chino,https://www.celio.com/fr-be/c/pantalons-pantalons-chinos,4.8,0,24
2026-07-12,celio,chino,https://www.celio.com/fr-fr/c/pantalons-chinos-pantalon-chino-noir,29.1,0,10
2026-07-12,celio,chino,https://www.celio.com/fr-fr/c/pantalons-pantalons-chinos,3.0,6,311
2026-07-12,celio,chino,https://www.celio.com/nl-be/c/broeken-chinobroeken,17.5,0,2
2026-07-13,celio,chino,https://www.celio.com/fr-be/c/pantalons-pantalons-chinos,6.7,0,23
2026-07-13,celio,chino,https://www.celio.com/fr-fr/c/pantalons-chinos-pantalon-chino-noir,29.6,0,11
2026-07-13,celio,chino,https://www.celio.com/fr-fr/c/pantalons-pantalons-chinos,2.7,6,315
2026-07-13,celio,chino,https://www.celio.com/nl-be/c/broeken-chinobroeken,14.8,0,6
2026-07-14,celio,chino,https://www.celio.com/fr-be/c/pantalons-pantalons-chinos,4.4,0,17
2026-07-14,celio,chino,https://www.celio.com/fr-fr/c/pantalons-chinos-pantalon-chino-noir,32.4,0,7
2026-07-14,celio,chino,https://www.celio.com/fr-fr/c/pantalons-pantalons-chinos,3.2,3,311
2026-07-14,celio,chino,https://www.celio.com/nl-be/c/broeken-chinobroeken,14.5,0,2
2026-07-15,celio,chino,https://www.celio.com/fr-be/c/pantalons-pantalons-chinos,5.2,0,17
2026-07-15,celio,chino,https://www.celio.com/fr-fr/c/pantalons-chinos-pantalon-chino-noir,30.8,0,5
2026-07-15,celio,chino,https://www.celio.com/fr-fr/c/pantalons-pantalons-chinos,3.1,2,299
2026-07-15,celio,chino,https://www.celio.com/nl-be/c/broeken-chinobroeken,14,0,4
2026-07-16,celio,chino,https://www.celio.com/fr-be/c/pantalons-pantalons-chinos,4.1,0,22
2026-07-16,celio,chino,https://www.celio.com/fr-fr/c/pantalons-chinos-pantalon-chino-noir,26.6,0,10
2026-07-16,celio,chino,https://www.celio.com/fr-fr/c/pantalons-pantalons-chinos,3.1,3,294
2026-07-16,celio,chino,https://www.celio.com/nl-be/c/broeken-chinobroeken,14.9,0,8
2026-07-17,celio,chino,https://www.celio.com/fr-be/c/pantalons-pantalons-chinos,4.6,0,11
2026-07-17,celio,chino,https://www.celio.com/fr-fr/c/pantalons-chinos-pantalon-chino-noir,26.4,0,9
2026-07-17,celio,chino,https://www.celio.com/fr-fr/c/pantalons-pantalons-chinos,2.9,5,333
2026-07-18,celio,chino,https://www.celio.com/fr-be/c/pantalons-pantalons-chinos,5.1,0,19
2026-07-18,celio,chino,https://www.celio.com/fr-fr/c/pantalons-chinos-pantalon-chino-noir,29.2,0,8
2026-07-18,celio,chino,https://www.celio.com/fr-fr/c/pantalons-pantalons-chinos,3.1,2,302
2026-07-18,celio,chino,https://www.celio.com/nl-be/c/broeken-chinobroeken,14,0,2
2026-07-19,celio,chino,https://www.celio.com/fr-be/c/pantalons-chinos-pantalon-chino-noir,37.5,0,2
2026-07-19,celio,chino,https://www.celio.com/fr-be/c/pantalons-pantalons-chinos,5.5,0,22
2026-07-19,celio,chino,https://www.celio.com/fr-fr/c/pantalons-chinos-pantalon-chino-noir,27.7,0,11
2026-07-19,celio,chino,https://www.celio.com/fr-fr/c/pantalons-pantalons-chinos,2.9,5,298
2026-07-19,celio,chino,https://www.celio.com/nl-be/c/broeken-chinobroeken,19.3,0,3
2026-07-20,celio,chino,https://www.celio.com/fr-be/c/pantalons-pantalons-chinos,4.6,0,12
2026-07-20,celio,chino,https://www.celio.com/fr-fr/c/pantalons-chinos-pantalon-chino-noir,25,0,5
2026-07-20,celio,chino,https://www.celio.com/fr-fr/c/pantalons-pantalons-chinos,2.5,6,336
2026-07-21,celio,chino,https://www.celio.com/fr-be/c/pantalons-pantalons-chinos,6.9,0,12
2026-07-21,celio,chino,https://www.celio.com/fr-fr/c/pantalons-chinos-pantalon-chino-noir,28,0,6
2026-07-21,celio,chino,https://www.celio.com/fr-fr/c/pantalons-pantalons-chinos,2.8,6,292
2026-07-21,celio,chino,https://www.celio.com/nl-be/c/broeken-chinobroeken,12.8,0,5
2026-07-22,celio,chino,https://www.celio.com/fr-be/c/pantalons-pantalons-chinos,3.8,0,25
2026-07-22,celio,chino,https://www.celio.com/fr-fr/c/pantalons-chinos-pantalon-chino-noir,30,0,12
2026-07-22,celio,chino,https://www.celio.com/fr-fr/c/pantalons-pantalons-chinos,3,4,292
2026-07-22,celio,chino,https://www.celio.com/nl-be/c/broeken-chinobroeken,13.5,0,2
2026-07-22,celio,chino,https://www.celio.com/nl-be/c/chinobroeken-witte-broek-chino,80.5,0,2
2026-07-23,celio,chino,https://www.celio.com/fr-be/c/pantalons-pantalons-chinos,3.7,0,13
2026-07-23,celio,chino,https://www.celio.com/fr-fr/c/pantalons-chinos-pantalon-chino-noir,27.9,0,10
2026-07-23,celio,chino,https://www.celio.com/fr-fr/c/pantalons-pantalons-chinos,3.1,5,324
2026-07-23,celio,chino,https://www.celio.com/nl-be/c/broeken-chinobroeken,15.3,0,3
2026-07-24,celio,chino,https://www.celio.com/fr-be/c/pantalons-pantalons-chinos,4.2,0,17
2026-07-24,celio,chino,https://www.celio.com/fr-fr/c/pantalons-chinos-pantalon-chino-noir,26,0,11
2026-07-24,celio,chino,https://www.celio.com/fr-fr/c/pantalons-pantalons-chinos,2.9,5,300
2026-07-25,celio,chino,https://www.celio.com/fr-be/c/pantalons-pantalons-chinos,4.8,0,28
2026-07-25,celio,chino,https://www.celio.com/fr-fr/c/pantalons-pantalons-chinos,2.9,3,301
2026-07-26,celio,chino,https://www.celio.com/fr-be/c/pantalons-pantalons-chinos,5,0,11
2026-07-26,celio,chino,https://www.celio.com/fr-fr/c/pantalons-pantalons-chinos,2.6,6,263
2026-07-26,celio,chino,https://www.celio.com/nl-be/c/broeken-chinobroeken,15,0,3
2026-07-27,celio,chino,https://www.celio.com/fr-be/c/pantalons-pantalons-chinos,4.6,0,8
2026-07-27,celio,chino,https://www.celio.com/fr-fr/c/pantalons-pantalons-chinos,2.6,5,268
2026-07-28,celio,chino,https://www.celio.com/fr-be/c/pantalons-pantalons-chinos,3.4,1,21
2026-07-28,celio,chino,https://www.celio.com/fr-fr/c/pantalons-pantalons-chinos,2.9,5,287
2026-07-28,celio,chino,https://www.celio.com/nl-be/c/broeken-chinobroeken,19,0,4
2026-07-29,celio,chino,https://www.celio.com/fr-be/c/pantalons-pantalons-chinos,4.5,0,22
2026-07-29,celio,chino,https://www.celio.com/fr-fr/c/pantalons-pantalons-chinos,3.0,1,318
2026-07-29,celio,chino,https://www.celio.com/nl-be/c/chinobroeken-zwarte-chino-broek,79.5,0,2
2026-07-30,celio,chino,https://www.celio.com/fr-be/c/pantalons-pantalons-chinos,5.7,0,24
2026-07-30,celio,chino,https://www.celio.com/fr-fr/c/pantalons-pantalons-chinos,3.0,9,336
2026-07-30,celio,chino,https://www.celio.com/nl-be/c/broeken-chinobroeken,15.5,0,2
2026-07-31,celio,chino,https://www.celio.com/fr-be/c/pantalons-pantalons-chinos,4.9,0,12
2026-07-31,celio,chino,https://www.celio.com/fr-fr/c/pantalons-chinos-pantalon-chino-noir,72.5,0,2
2026-07-31,celio,chino,https://www.celio.com/fr-fr/c/pantalons-pantalons-chinos,2.9,4,317
2026-08-01,celio,chino,https://www.celio.com/fr-be/c/pantalons-pantalons-chinos,3.6,0,21
2026-08-01,celio,chino,https://www.celio.com/fr-fr/c/pantalons-pantalons-chinos,2.9,10,350
2026-08-01,celio,chino,https://www.celio.com/nl-be/c/broeken-chinobroeken,10.8,0,4
2026-08-02,celio,chino,https://www.celio.com/es-es/c/pantalones-pantalones-chinos,12,0,2
2026-08-02,celio,chino,https://www.celio.com/fr-be/c/pantalons-pantalons-chinos,2.8,0,17
2026-08-02,celio,chino,https://www.celio.com/fr-fr/c/pantalons-chinos-pantalon-chino-noir,85.5,0,2
2026-08-02,celio,chino,https://www.celio.com/fr-fr/c/pantalons-pantalons-chinos,3.3,4,336
2026-08-02,celio,chino,https://www.celio.com/nl-be/c/broeken-chinobroeken,14.5,0,2
2026-08-03,celio,chino,https://www.celio.com/fr-be/c/pantalons-pantalons-chinos,4.3,0,16
2026-08-03,celio,chino,https://www.celio.com/fr-fr/c/pantalons-pantalons-chinos,3.1,1,337
2026-08-04,celio,chino,https://www.celio.com/fr-be/c/pantalons-pantalons-chinos,5.2,0,23
2026-08-04,celio,chino,https://www.celio.com/fr-fr/c/pantalons-pantalons-chinos,2.5,6,334
2026-08-04,celio,chino,https://www.celio.com/nl-be/c/broeken-chinobroeken,13.8,0,6
2026-08-05,celio,chino,https://www.celio.com/fr-be/c/pantalons-pantalons-chinos,3.6,2,23
2026-08-05,celio,chino,https://www.celio.com/fr-fr/c/pantalons-pantalons-chinos,2.6,1,317
2026-08-05,celio,chino,https://www.celio.com/nl-be/c/broeken-chinobroeken,14.5,0,2
2026-08-06,celio,chino,https://www.celio.com/fr-be/c/pantalons-pantalons-chinos,3,0,17
2026-08-06,celio,chino,https://www.celio.com/fr-fr/c/pantalons-pantalons-chinos,2.6,8,339
2026-08-07,celio,chino,https://www.celio.com/en-fr/c/pants-chino-trousers,41,0,2
2026-08-07,celio,chino,https://www.celio.com/fr-be/c/pantalons-pantalons-chinos,5.3,0,12
2026-08-07,celio,chino,https://www.celio.com/fr-fr/c/pantalons-pantalons-chinos,2.8,4,332
2026-08-07,celio,chino,https://www.celio.com/nl-be/c/broeken-chinobroeken,16,0,2
2026-08-08,celio,chino,https://www.celio.com/fr-be/c/pantalons-pantalons-chinos,5.2,0,14
2026-08-08,celio,chino,https://www.celio.com/fr-fr/c/pantalons-pantalons-chinos,2.6,3,344
2026-08-09,celio,chino,https://www.celio.com/fr-be/c/pantalons-pantalons-chinos,4,0,16
2026-08-09,celio,chino,https://www.celio.com/fr-fr/c/pantalons-pantalons-chinos,2.3,4,311
2026-08-09,celio,chino,https://www.celio.com/nl-be/c/broeken-chinobroeken,11,0,2
2026-08-10,celio,chino,https://www.celio.com/fr-be/c/pantalons-pantalons-chinos,4.8,0,13
2026-08-10,celio,chino,https://www.celio.com/fr-fr/c/pantalons-pantalons-chinos,3.1,5,335
2026-08-10,celio,chino,https://www.celio.com/nl-be/c/broeken-chinobroeken,12.5,0,2
2026-08-11,celio,chino,https://www.celio.com/es-es/c/pantalones-pantalones-chinos,14,0,2
2026-08-11,celio,chino,https://www.celio.com/fr-be/c/pantalons-pantalons-chinos,3.1,0,18
2026-08-11,celio,chino,https://www.celio.com/fr-fr/c/pantalons-pantalons-chinos,3.4,3,330
2026-08-11,celio,chino,https://www.celio.com/nl-be/c/broeken-chinobroeken,12.2,0,4
2026-08-12,celio,chino,https://www.celio.com/fr-be/c/pantalons-pantalons-chinos,5.9,0,11
2026-08-12,celio,chino,https://www.celio.com/fr-fr/c/pantalons-pantalons-chinos,3.5,4,301
2026-08-13,celio,chino,https://www.celio.com/fr-be/c/pantalons-chinos-pantalon-chino-slim,26,0,2
2026-08-13,celio,chino,https://www.celio.com/fr-be/c/pantalons-pantalons-chinos,5.2,0,20
2026-08-13,celio,chino,https://www.celio.com/fr-fr/c/pantalons-pantalons-chinos,3.4,5,317
2026-08-13,celio,chino,https://www.celio.com/nl-be/c/broeken-chinobroeken,11.3,0,3
2026-08-14,celio,chino,https://www.celio.com/fr-be/c/pantalons-pantalons-chinos,2.9,0,21
2026-08-14,celio,chino,https://www.celio.com/fr-fr/c/pantalons-pantalons-chinos,3.5,7,286
2026-08-15,celio,chino,https://www.celio.com/fr-be/c/pantalons-pantalons-chinos,4.8,1,20
2026-08-15,celio,chino,https://www.celio.com/fr-fr/c/pantalons-pantalons-chinos,3.6,5,347
2026-08-15,celio,chino,https://www.celio.com/nl-be/c/broeken-chinobroeken,14.2,0,4
2026-08-16,celio,chino,https://www.celio.com/fr-be/c/pantalons-pantalons-chinos,3.7,0,20
2026-08-16,celio,chino,https://www.celio.com/fr-fr/c/pantalons-pantalons-chinos,3.6,3,371
2026-08-17,celio,chino,https://www.celio.com/fr-be/c/pantalons-pantalons-chinos,4.5,1,16
2026-08-17,celio,chino,https://www.celio.com/fr-fr/c/pantalons-pantalons-chinos,3.2,4,331
2026-08-17,celio,chino,https://www.celio.com/nl-be/c/chinobroeken-skinny-chino,84,0,2
2026-08-18,celio,chino,https://www.celio.com/fr-be/c/pantalons-pantalons-chinos,3.4,0,15
2026-08-18,celio,chino,https://www.celio.com/fr-fr/c/pantalons-chinos-pantalon-chino-noir,81,0,2
2026-08-18,celio,chino,https://www.celio.com/fr-fr/c/pantalons-pantalons-chinos,3.8,6,336
2026-08-18,celio,chino,https://www.celio.com/nl-be/c/broeken-chinobroeken,23.5,0,2
2026-08-19,celio,chino,https://www.celio.com/fr-be/c/pantalons-pantalons-chinos,5.8,0,10
2026-08-19,celio,chino,https://www.celio.com/fr-fr/c/pantalons-pantalons-chinos,3.5,8,343
2026-08-19,celio,chino,https://www.celio.com/nl-be/c/broeken-chinobroeken,24,0,2
2026-08-19,celio,chino,https://www.celio.com/nl-be/c/chinobroeken-skinny-chino,80,0,2
2026-08-20,celio,chino,https://www.celio.com/fr-be/c/pantalons-pantalons-chinos,4.8,0,16
2026-08-20,celio,chino,https://www.celio.com/fr-fr/c/pantalons-pantalons-chinos,3.9,3,314
2026-08-21,celio,chino,https://www.celio.com/fr-be/c/pantalons-pantalons-chinos,8.0,1,22
2026-08-21,celio,chino,https://www.celio.com/fr-fr/c/pantalons-pantalons-chinos,3.8,7,401
2026-08-21,celio,chino,https://www.celio.com/nl-be/c/broeken-chinobroeken,24.7,0,3
2026-08-22,celio,chino,https://www.celio.com/fr-be/c/pantalons-pantalons-chinos,6.3,0,29
2026-08-22,celio,chino,https://www.celio.com/fr-fr/c/pantalons-pantalons-chinos,3.5,5,363
2026-08-22,celio,chino,https://www.celio.com/fr-fr/p/pantalon-chino-slim-en-coton-stretch-longueur-standard---marine/1090885.html,1,0,4
2026-08-22,celio,chino,https://www.celio.com/nl-be/c/broeken-chinobroeken,21,0,3
2026-08-23,celio,chino,https://www.celio.com/fr-be/c/pantalons-pantalons-chinos,5.2,0,18
2026-08-23,celio,chino,https://www.celio.com/fr-fr/c/pantalons-pantalons-chinos,3.6,8,367
2026-08-23,celio,chino,https://www.celio.com/fr-fr/p/pantalon-chino-slim-en-coton-stretch-longueur-standard---marine/1090885.html,1,0,6
2026-08-24,celio,chino,https://www.celio.com/fr-be/c/pantalons-pantalons-chinos,7.4,1,13
2026-08-24,celio,chino,https://www.celio.com/fr-fr/c/pantalons-pantalons-chinos,3.5,4,312
2026-08-25,celio,chino,https://www.celio.com/fr-be/c/pantalons-pantalons-chinos,8.5,1,18
2026-08-25,celio,chino,https://www.celio.com/fr-fr/c/pantalons-pantalons-chinos,3.4,7,374
2026-08-25,celio,chino,https://www.celio.com/nl-be/c/broeken-chinobroeken,33,0,2
2026-08-26,celio,chino,https://www.celio.com/fr-be/c/pantalons-pantalons-chinos,4.7,1,18
2026-08-26,celio,chino,https://www.celio.com/fr-fr/c/pantalons-pantalons-chinos,3.0,9,392
2026-08-27,celio,chino,https://www.celio.com/fr-be/c/pantalons-pantalons-chinos,4.7,0,17
2026-08-27,celio,chino,https://www.celio.com/fr-fr/c/pantalons-pantalons-chinos,3.3,9,441
2026-08-28,celio,chino,https://www.celio.com/fr-be/c/pantalons-pantalons-chinos,3.4,0,9
2026-08-28,celio,chino,https://www.celio.com/fr-fr/c/pantalons-pantalons-chinos,3.4,7,448
2026-08-28,celio,chino,https://www.celio.com/nl-be/c/broeken-chinobroeken,25.2,0,5
2026-08-29,celio,chino,https://www.celio.com/fr-be/c/pantalons-pantalons-chinos,3.4,1,19
2026-08-29,celio,chino,https://www.celio.com/fr-fr/c/pantalons-pantalons-chinos,3.0,5,375
2026-08-29,celio,chino,https://www.celio.com/nl-be/c/broeken-chinobroeken,28,0,2
2026-08-30,celio,chino,https://www.celio.com/fr-be/c/pantalons-pantalons-chinos,4.2,0,19
2026-08-30,celio,chino,https://www.celio.com/fr-fr/c/pantalons-chinos-pantalon-chino-noir,83.5,0,2
2026-08-30,celio,chino,https://www.celio.com/fr-fr/c/pantalons-pantalons-chinos,2.9,10,401
2026-08-31,celio,chino,https://www.celio.com/fr-be/c/pantalons-pantalons-chinos,5,2,20
2026-08-31,celio,chino,https://www.celio.com/fr-fr/c/pantalons-pantalons-chinos,3.0,7,408
2026-09-01,celio,chino,https://www.celio.com/fr-be/c/pantalons-pantalons-chinos,6.2,0,20
2026-09-01,celio,chino,https://www.celio.com/fr-fr/c/pantalons-pantalons-chinos,2.9,9,401
2026-09-01,celio,chino,https://www.celio.com/nl-be/c/broeken-chinobroeken,24.5,0,2
2026-09-02,celio,chino,https://www.celio.com/fr-be/c/pantalons-pantalons-chinos,3.2,0,13
2026-09-02,celio,chino,https://www.celio.com/fr-fr/c/pantalons-pantalons-chinos,2.6,5,398
2026-09-02,celio,chino,https://www.celio.com/fr-fr/store?StoreID=0079,1,0,2
2026-09-03,celio,chino,https://www.celio.com/fr-be/c/pantalons-pantalons-chinos,3.4,1,19
2026-09-03,celio,chino,https://www.celio.com/fr-fr/c/pantalons-pantalons-chinos,3.0,9,392
2026-09-04,celio,chino,https://www.celio.com/fr-be/c/pantalons-pantalons-chinos,6.1,0,22
2026-09-04,celio,chino,https://www.celio.com/fr-fr/c/pantalons-pantalons-chinos,3.1,10,365
2026-09-04,celio,chino,https://www.celio.com/nl-be/c/broeken-chinobroeken,26,0,2
2026-09-05,celio,chino,https://www.celio.com/fr-be/c/pantalons-pantalons-chinos,5.7,0,7
2026-09-05,celio,chino,https://www.celio.com/fr-fr/c/pantalons-pantalons-chinos,2.9,11,405
2026-09-05,celio,chino,https://www.celio.com/nl-be/c/broeken-chinobroeken,25.5,0,2
2026-09-06,celio,chino,https://www.celio.com/fr-be/c/pantalons-pantalons-chinos,8.3,0,11
2026-09-06,celio,chino,https://www.celio.com/fr-fr/c/pantalons-pantalons-chinos,3.2,4,339
2026-09-06,celio,chino,https://www.celio.com/fr-fr/store?StoreID=0013,5,0,2
2026-09-06,celio,chino,https://www.celio.com/nl-be/c/broeken-chinobroeken,27,0,2
2026-09-07,celio,chino,https://www.celio.com/fr-be/c/pantalons-pantalons-chinos,4.0,0,22
2026-09-07,celio,chino,https://www.celio.com/fr-fr/c/pantalons-pantalons-chinos,3.1,11,373
2026-09-07,celio,chino,https://www.celio.com/nl-be/c/broeken-chinobroeken,26,0,2
2026-09-08,celio,chino,https://www.celio.com/fr-be/c/pantalons-pantalons-chinos,3.8,0,12
2026-09-08,celio,chino,https://www.celio.com/fr-fr/c/pantalons-pantalons-chinos,3.2,9,353
2026-09-08,celio,chino,https://www.celio.com/nl-be/c/broeken-chinobroeken,29.5,0,2
2026-09-09,celio,chino,https://www.celio.com/fr-be/c/pantalons-pantalons-chinos,6.5,0,20
2026-09-09,celio,chino,https://www.celio.com/fr-fr/c/pantalons-chinos-pantalon-chino-noir,40,0,2
2026-09-09,celio,chino,https://www.celio.com/fr-fr/c/pantalons-pantalons-chinos,3.4,3,326
2026-09-09,celio,chino,https://www.celio.com/nl-be/c/broeken-chinobroeken,27,0,2
2026-09-10,celio,chino,https://www.celio.com/fr-be/c/pantalons-pantalons-chinos,4.4,1,11
2026-09-10,celio,chino,https://www.celio.com/fr-fr/c/pantalons-pantalons-chinos,2.8,8,372
2026-09-11,celio,chino,https://www.celio.com/fr-be/c/pantalons-pantalons-chinos,3.1,0,10
2026-09-11,celio,chino,https://www.celio.com/fr-fr/c/pantalons-pantalons-chinos,2.9,3,376
2026-09-12,celio,chino,https://www.celio.com/fr-be/c/pantalons-pantalons-chinos,8.3,0,17
2026-09-12,celio,chino,https://www.celio.com/fr-fr/c/pantalons-chinos-pantalon-chino-noir,74.5,0,2
2026-09-12,celio,chino,https://www.celio.com/fr-fr/c/pantalons-pantalons-chinos,3.1,0,373
2026-09-13,celio,chino,https://www.celio.com/fr-be/c/pantalons-pantalons-chinos,4.1,0,15
2026-09-13,celio,chino,https://www.celio.com/fr-fr/c/pantalons-pantalons-chinos,2.9,5,378
2026-09-14,celio,chino,https://www.celio.com/fr-be/c/pantalons-pantalons-chinos,3,0,13
2026-09-14,celio,chino,https://www.celio.com/fr-fr/c/pantalons-chinos-pantalons-chino-bleus,10.5,0,2
2026-09-14,celio,chino,https://www.celio.com/fr-fr/c/pantalons-pantalons-chinos,3.1,5,353
2026-09-15,celio,chino,https://www.celio.com/fr-be/c/pantalons-pantalons-chinos,6.9,0,50
2026-09-15,celio,chino,https://www.celio.com/fr-fr/c/pantalons-pantalons-chinos,2.5,3,296
2026-09-15,celio,chino,https://www.celio.com/fr-fr/store?StoreID=0013,4,0,2
2026-09-16,celio,chino,https://www.celio.com/fr-be/c/pantalons-pantalons-chinos,6.8,0,33
2026-09-16,celio,chino,https://www.celio.com/fr-fr/c/pantalons-pantalons-chinos,2.2,14,310
2026-09-16,celio,chino,https://www.celio.com/fr-fr/p/pantalon-chino-slim-en-coton-stretch-longueur-standard---noir/1093060.html,70.5,0,2
2026-09-16,celio,chino,https://www.celio.com/nl-be/c/broeken-chinobroeken,25,0,2
2026-09-17,celio,chino,https://www.celio.com/fr-be/c/pantalons-pantalons-chinos,3.9,0,14
2026-09-17,celio,chino,https://www.celio.com/fr-fr/c/pantalons-chinos-pantalons-chinos-stretch,9,0,8
2026-09-17,celio,chino,https://www.celio.com/fr-fr/c/pantalons-pantalons-chinos,2.1,4,263
2026-09-17,celio,chino,https://www.celio.com/nl-be/c/broeken-chinobroeken,15.5,0,2
2026-09-18,celio,chino,https://www.celio.com/es-es/c/pantalones-pantalones-chinos,11.5,0,2
2026-09-18,celio,chino,https://www.celio.com/fr-be/c/pantalons-pantalons-chinos,2.9,0,15
2026-09-18,celio,chino,https://www.celio.com/fr-fr/c/pantalons-chinos-pantalon-chino-noir,14.9,1,11
2026-09-18,celio,chino,https://www.celio.com/fr-fr/c/pantalons-chinos-pantalon-chino-straight,9.3,0,3
2026-09-18,celio,chino,https://www.celio.com/fr-fr/c/pantalons-pantalons-chinos,2.5,3,295
2026-09-19,celio,chino,https://www.celio.com/fr-be/c/pantalons-pantalons-chinos,3.2,0,22
2026-09-19,celio,chino,https://www.celio.com/fr-fr/c/pantalons-pantalons-chinos,2.8,5,339
2026-09-20,celio,chino,https://www.celio.com/fr-be/c/pantalons-pantalons-chinos,4.3,1,23
2026-09-20,celio,chino,https://www.celio.com/fr-fr/c/pantalons-pantalons-chinos,3.0,7,357
2026-09-20,celio,chino,https://www.celio.com/nl-be/c/broeken-chinobroeken,21,0,2
2026-09-21,celio,chino,https://www.celio.com/fr-be/c/pantalons-pantalons-chinos,3.3,0,13
2026-09-21,celio,chino,https://www.celio.com/fr-fr/c/pantalons-pantalons-chinos,3.0,9,362
2026-09-22,celio,chino,https://www.celio.com/fr-be/c/pantalons-pantalons-chinos,4.4,0,12
2026-09-22,celio,chino,https://www.celio.com/fr-fr/c/pantalons-pantalons-chinos,3.2,9,304
2026-09-23,celio,chino,https://www.celio.com/fr-be/c/pantalons-pantalons-chinos,3.7,1,15
2026-09-23,celio,chino,https://www.celio.com/fr-fr/c/pantalons-pantalons-chinos,2.7,6,310
2026-09-23,celio,chino,https://www.celio.com/nl-be/c/broeken-chinobroeken,34.3,0,3
2026-09-23,celio,chino,https://www.celio.com/nl-be/c/chinobroeken-skinny-chino,78.5,0,2
2026-09-24,celio,chino,https://www.celio.com/fr-be/c/pantalons-pantalons-chinos,3.6,0,23
2026-09-24,celio,chino,https://www.celio.com/fr-fr/c/pantalons-pantalons-chinos,2.7,4,317
2026-09-25,celio,chino,https://www.celio.com/fr-be/c/pantalons-pantalons-chinos,2.8,0,12
2026-09-25,celio,chino,https://www.celio.com/fr-fr/c/pantalons-pantalons-chinos,3.0,5,301
2026-09-26,celio,chino,https://www.celio.com/fr-be/c/pantalons-pantalons-chinos,4.2,0,13
2026-09-26,celio,chino,https://www.celio.com/fr-fr/c/pantalons-pantalons-chinos,2.9,8,385
2026-09-26,celio,chino,https://www.celio.com/fr-fr/store?StoreID=0156,5,0,2
2026-09-27,celio,chino,https://www.celio.com/fr-be/c/pantalons-pantalons-chinos,3.2,2,12
2026-09-27,celio,chino,https://www.celio.com/fr-fr/c/pantalons-pantalons-chinos,2.6,9,370
2026-09-28,celio,chino,https://www.celio.com/fr-be/c/pantalons-pantalons-chinos,2.5,1,15
2026-09-28,celio,chino,https://www.celio.com/fr-fr/c/pantalons-pantalons-chinos,2.6,7,334
2026-09-29,celio,chino,https://www.celio.com/fr-be/c/pantalons-pantalons-chinos,3,0,12
2026-09-29,celio,chino,https://www.celio.com/fr-fr/c/pantalons-pantalons-chinos,2.6,11,338
2026-09-29,celio,chino,https://www.celio.com/fr-fr/store?StoreID=0292,4.5,0,2
2026-09-29,celio,chino,https://www.celio.com/fr-fr/store?StoreID=0777,3.5,0,2
2026-09-29,celio,chino,https://www.celio.com/nl-be/c/chinobroeken-stretch-chino-broek,11.5,0,4
2026-09-30,celio,chino,https://www.celio.com/fr-be/c/pantalons-pantalons-chinos,3.6,2,10
2026-09-30,celio,chino,https://www.celio.com/fr-fr/c/pantalons-pantalons-chinos,2.9,8,325
2026-09-30,celio,chino,https://www.celio.com/fr-fr/store?StoreID=0156,2,0,2
2026-07-03,celio,costume 3 pièces homme,https://www.celio.com/fr-be/c/costumes-costume-3-pieces-pour-homme,1,0,4
2026-07-03,celio,costume 3 pièces homme,https://www.celio.com/fr-fr/c/costumes-costume-3-pieces-pour-homme,2.2,7,102
2026-07-04,celio,costume 3 pièces homme,https://www.celio.com/fr-be/c/costumes-costume-3-pieces-pour-homme,1,0,4
2026-07-04,celio,costume 3 pièces homme,https://www.celio.com/fr-fr/c/costumes-costume-3-pieces-pour-homme,2.2,6,117
2026-07-05,celio,costume 3 pièces homme,https://www.celio.com/fr-be/c/costumes-costume-3-pieces-pour-homme,1,0,4
2026-07-05,celio,costume 3 pièces homme,https://www.celio.com/fr-fr/c/costumes-costume-3-pieces-pour-homme,2.6,8,137
2026-07-06,celio,costume 3 pièces homme,https://www.celio.com/fr-be/c/costumes-costume-3-pieces-pour-homme,1.2,1,5
2026-07-06,celio,costume 3 pièces homme,https://www.celio.com/fr-fr/c/costumes-costume-3-pieces-pour-homme,2.4,12,85
2026-07-07,celio,costume 3 pièces homme,https://www.celio.com/fr-be/c/costumes-costume-3-pieces-pour-homme,1,0,2
2026-07-07,celio,costume 3 pièces homme,https://www.celio.com/fr-fr/c/costumes-costume-3-pieces-pour-homme,1.6,9,85
2026-07-08,celio,costume 3 pièces homme,https://www.celio.com/fr-be/c/costumes-costume-3-pieces-pour-homme,1,0,2
2026-07-08,celio,costume 3 pièces homme,https://www.celio.com/fr-fr/c/costumes-costume-3-pieces-pour-homme,1.4,6,100
2026-07-09,celio,costume 3 pièces homme,https://www.celio.com/fr-fr/c/costumes-costume-3-pieces-pour-homme,1.6,5,65
2026-07-10,celio,costume 3 pièces homme,https://www.celio.com/fr-be/c/costumes-costume-3-pieces-pour-homme,1,0,6
2026-07-10,celio,costume 3 pièces homme,https://www.celio.com/fr-fr/c/costumes-costume-3-pieces-pour-homme,1.6,8,91
2026-07-11,celio,costume 3 pièces homme,https://www.celio.com/fr-be/c/costumes-costume-3-pieces-pour-homme,1,0,6
2026-07-11,celio,costume 3 pièces homme,https://www.celio.com/fr-fr/c/costumes-costume-3-pieces-pour-homme,1.8,10,120
2026-07-12,celio,costume 3 pièces homme,https://www.celio.com/fr-be/c/costumes-costume-3-pieces-pour-homme,1,0,2
2026-07-12,celio,costume 3 pièces homme,https://www.celio.com/fr-fr/c/costumes-costume-3-pieces-pour-homme,1.8,3,96
2026-07-13,celio,costume 3 pièces homme,https://www.celio.com/fr-be/c/costumes-costume-3-pieces-pour-homme,1,1,2
2026-07-13,celio,costume 3 pièces homme,https://www.celio.com/fr-fr/c/costumes-costume-3-pieces-pour-homme,1.7,8,110
2026-07-14,celio,costume 3 pièces homme,https://www.celio.com/fr-be/c/costumes-costume-3-pieces-pour-homme,1,0,6
2026-07-14,celio,costume 3 pièces homme,https://www.celio.com/fr-fr/c/costumes-costume-3-pieces-pour-homme,1.6,9,98
2026-07-15,celio,costume 3 pièces homme,https://www.celio.com/fr-be/c/costumes-costume-3-pieces-pour-homme,1,0,3
2026-07-15,celio,costume 3 pièces homme,https://www.celio.com/fr-fr/c/costumes-costume-3-pieces-pour-homme,1.7,6,90
2026-07-16,celio,costume 3 pièces homme,https://www.celio.com/fr-be/c/costumes-costume-3-pieces-pour-homme,1,0,2
2026-07-16,celio,costume 3 pièces homme,https://www.celio.com/fr-fr/c/costumes-costume-3-pieces-pour-homme,1.4,7,75
2026-07-17,celio,costume 3 pièces homme,https://www.celio.com/fr-be/c/costumes-costume-3-pieces-pour-homme,1,2,6
2026-07-17,celio,costume 3 pièces homme,https://www.celio.com/fr-fr/c/costumes-costume-3-pieces-pour-homme,1.5,9,102
2026-07-18,celio,costume 3 pièces homme,https://www.celio.com/fr-be/c/costumes-costume-3-pieces-pour-homme,1,0,3
2026-07-18,celio,costume 3 pièces homme,https://www.celio.com/fr-fr/c/costumes-costume-3-pieces-pour-homme,1.5,6,112
2026-07-19,celio,costume 3 pièces homme,https://www.celio.com/fr-be/c/costumes-costume-3-pieces-pour-homme,1,0,3
2026-07-19,celio,costume 3 pièces homme,https://www.celio.com/fr-fr/c/costumes-costume-3-pieces-pour-homme,1.3,9,103
2026-07-20,celio,costume 3 pièces homme,https://www.celio.com/fr-be/c/costumes-costume-3-pieces-pour-homme,1.2,2,5
2026-07-20,celio,costume 3 pièces homme,https://www.celio.com/fr-fr/c/costumes-costume-3-pieces-pour-homme,1.6,7,93
2026-07-21,celio,costume 3 pièces homme,https://www.celio.com/fr-be/c/costumes-costume-3-pieces-pour-homme,1,1,2
2026-07-21,celio,costume 3 pièces homme,https://www.celio.com/fr-fr/c/costumes-costume-3-pieces-pour-homme,1.4,10,115
2026-07-22,celio,costume 3 pièces homme,https://www.celio.com/fr-be/c/costumes-costume-3-pieces-pour-homme,1,0,6
2026-07-22,celio,costume 3 pièces homme,https://www.celio.com/fr-fr/c/costumes-costume-3-pieces-pour-homme,1.4,3,90
2026-07-23,celio,costume 3 pièces homme,https://www.celio.com/fr-be/c/costumes-costume-3-pieces-pour-homme,1.2,1,5
2026-07-23,celio,costume 3 pièces homme,https://www.celio.com/fr-fr/c/costumes-costume-3-pieces-pour-homme,1.4,7,82
2026-07-24,celio,costume 3 pièces homme,https://www.celio.com/fr-be/c/costumes-costume-3-pieces-pour-homme,1,1,6
2026-07-24,celio,costume 3 pièces homme,https://www.celio.com/fr-fr/c/costumes-costume-3-pieces-pour-homme,2.2,4,90
2026-07-25,celio,costume 3 pièces homme,https://www.celio.com/fr-fr/c/costumes-costume-3-pieces-pour-homme,2.4,5,98
2026-07-26,celio,costume 3 pièces homme,https://www.celio.com/fr-be/c/costumes-costume-3-pieces-pour-homme,1,0,7
2026-07-26,celio,costume 3 pièces homme,https://www.celio.com/fr-fr/c/costumes-costume-3-pieces-pour-homme,2.5,3,98
2026-07-27,celio,costume 3 pièces homme,https://www.celio.com/fr-be/c/costumes-costume-3-pieces-pour-homme,1,0,6
2026-07-27,celio,costume 3 pièces homme,https://www.celio.com/fr-fr/c/costumes-costume-3-pieces-pour-homme,2.2,5,86
2026-07-28,celio,costume 3 pièces homme,https://www.celio.com/fr-be/c/costumes-costume-3-pieces-pour-homme,1,0,6
2026-07-28,celio,costume 3 pièces homme,https://www.celio.com/fr-fr/c/costumes-costume-3-pieces-pour-homme,2.2,5,101
2026-07-29,celio,costume 3 pièces homme,https://www.celio.com/fr-be/c/costumes-costume-3-pieces-pour-homme,1,0,3
2026-07-29,celio,costume 3 pièces homme,https://www.celio.com/fr-fr/c/costumes-costume-3-pieces-pour-homme,2.3,2,63
2026-07-30,celio,costume 3 pièces homme,https://www.celio.com/fr-be/c/costumes-costume-3-pieces-pour-homme,1,1,4
2026-07-30,celio,costume 3 pièces homme,https://www.celio.com/fr-fr/c/costumes-costume-3-pieces-pour-homme,2.5,4,79
2026-07-31,celio,costume 3 pièces homme,https://www.celio.com/fr-be/c/costumes-costume-3-pieces-pour-homme,1,0,2
2026-07-31,celio,costume 3 pièces homme,https://www.celio.com/fr-fr/c/costumes-costume-3-pieces-pour-homme,3.5,2,80
2026-08-01,celio,costume 3 pièces homme,https://www.celio.com/fr-be/c/costumes-costume-3-pieces-pour-homme,1,0,4
2026-08-01,celio,costume 3 pièces homme,https://www.celio.com/fr-fr/c/costumes-costume-3-pieces-pour-homme,2.7,7,109
2026-08-02,celio,costume 3 pièces homme,https://www.celio.com/fr-be/c/costumes-costume-3-pieces-pour-homme,1,0,2
2026-08-02,celio,costume 3 pièces homme,https://www.celio.com/fr-fr/c/costumes-costume-3-pieces-pour-homme,2.8,3,108
2026-08-03,celio,costume 3 pièces homme,https://www.celio.com/fr-be/c/costumes-costume-3-pieces-pour-homme,1,0,4
2026-08-03,celio,costume 3 pièces homme,https://www.celio.com/fr-fr/c/costumes-costume-3-pieces-pour-homme,2.8,4,93
2026-08-04,celio,costume 3 pièces homme,https://www.celio.com/fr-be/c/costumes-costume-3-pieces-pour-homme,1,1,2
2026-08-04,celio,costume 3 pièces homme,https://www.celio.com/fr-fr/c/costumes-costume-3-pieces-pour-homme,2.5,7,80
2026-08-05,celio,costume 3 pièces homme,https://www.celio.com/fr-be/c/costumes-costume-3-pieces-pour-homme,1,0,2
2026-08-05,celio,costume 3 pièces homme,https://www.celio.com/fr-fr/c/costumes-costume-3-pieces-pour-homme,2.6,7,103
2026-08-06,celio,costume 3 pièces homme,https://www.celio.com/fr-be/c/costumes-costume-3-pieces-pour-homme,1,1,2
2026-08-06,celio,costume 3 pièces homme,https://www.celio.com/fr-fr/c/costumes-costume-3-pieces-pour-homme,2.5,3,87
2026-08-07,celio,costume 3 pièces homme,https://www.celio.com/fr-be/c/costumes-costume-3-pieces-pour-homme,1,0,4
2026-08-07,celio,costume 3 pièces homme,https://www.celio.com/fr-fr/c/costumes-costume-3-pieces-pour-homme,2.8,8,79
2026-08-08,celio,costume 3 pièces homme,https://www.celio.com/fr-be/c/costumes-costume-3-pieces-pour-homme,1,0,2
2026-08-08,celio,costume 3 pièces homme,https://www.celio.com/fr-fr/c/costumes-costume-3-pieces-pour-homme,2.5,4,91
2026-08-09,celio,costume 3 pièces homme,https://www.celio.com/fr-be/c/costumes-costume-3-pieces-pour-homme,1,1,7
2026-08-09,celio,costume 3 pièces homme,https://www.celio.com/fr-fr/c/costumes-costume-3-pieces-pour-homme,2.2,4,100
2026-08-10,celio,costume 3 pièces homme,https://www.celio.com/fr-be/c/costumes-costume-3-pieces-pour-homme,1,0,4
2026-08-10,celio,costume 3 pièces homme,https://www.celio.com/fr-fr/c/costumes-costume-3-pieces-pour-homme,2.3,2,89
2026-08-11,celio,costume 3 pièces homme,https://www.celio.com/fr-be/c/costumes-costume-3-pieces-pour-homme,1,0,4
2026-08-11,celio,costume 3 pièces homme,https://www.celio.com/fr-fr/c/costumes-costume-3-pieces-pour-homme,2.1,7,108
2026-08-12,celio,costume 3 pièces homme,https://www.celio.com/fr-be/c/costumes-costume-3-pieces-pour-homme,1.6,0,5
2026-08-12,celio,costume 3 pièces homme,https://www.celio.com/fr-fr/c/costumes-costume-3-pieces-pour-homme,2.1,4,78
2026-08-13,celio,costume 3 pièces homme,https://www.celio.com/fr-be/c/costumes-costume-3-pieces-pour-homme,1,0,6
2026-08-13,celio,costume 3 pièces homme,https://www.celio.com/fr-fr/c/costumes-costume-3-pieces-pour-homme,2.3,7,104
2026-08-14,celio,costume 3 pièces homme,https://www.celio.com/fr-be/c/costumes-costume-3-pieces-pour-homme,1,0,6
2026-08-14,celio,costume 3 pièces homme,https://www.celio.com/fr-fr/c/costumes-costume-3-pieces-pour-homme,2.1,8,65
2026-08-15,celio,costume 3 pièces homme,https://www.celio.com/fr-be/c/costumes-costume-3-pieces-pour-homme,1,0,5
2026-08-15,celio,costume 3 pièces homme,https://www.celio.com/fr-fr/c/costumes-costume-3-pieces-pour-homme,2.4,8,112
2026-08-16,celio,costume 3 pièces homme,https://www.celio.com/fr-be/c/costumes-costume-3-pieces-pour-homme,1,0,9
2026-08-16,celio,costume 3 pièces homme,https://www.celio.com/fr-fr/c/costumes-costume-3-pieces-pour-homme,2.0,6,91
2026-08-17,celio,costume 3 pièces homme,https://www.celio.com/fr-be/c/costumes-costume-3-pieces-pour-homme,1,0,5
2026-08-17,celio,costume 3 pièces homme,https://www.celio.com/fr-fr/c/costumes-costume-3-pieces-pour-homme,2.2,9,103
2026-08-18,celio,costume 3 pièces homme,https://www.celio.com/fr-be/c/costumes-costume-3-pieces-pour-homme,1,0,4
2026-08-18,celio,costume 3 pièces homme,https://www.celio.com/fr-fr/c/costumes-costume-3-pieces-pour-homme,2.8,6,83
2026-08-19,celio,costume 3 pièces homme,https://www.celio.com/fr-be/c/costumes-costume-3-pieces-pour-homme,1,1,5
2026-08-19,celio,costume 3 pièces homme,https://www.celio.com/fr-fr/c/costumes-costume-3-pieces-pour-homme,2.2,8,87
2026-08-20,celio,costume 3 pièces homme,https://www.celio.com/fr-be/c/costumes-costume-3-pieces-pour-homme,1,0,3
2026-08-20,celio,costume 3 pièces homme,https://www.celio.com/fr-fr/c/costumes-costume-3-pieces-pour-homme,2.4,8,82
2026-08-21,celio,costume 3 pièces homme,https://www.celio.com/fr-be/c/costumes-costume-3-pieces-pour-homme,1,0,5
2026-08-21,celio,costume 3 pièces homme,https://www.celio.com/fr-fr/c/costumes-costume-3-pieces-pour-homme,1.8,8,103
2026-08-22,celio,costume 3 pièces homme,https://www.celio.com/fr-be/c/costumes-costume-3-pieces-pour-homme,1,1,5
2026-08-22,celio,costume 3 pièces homme,https://www.celio.com/fr-fr/c/costumes-costume-3-pieces-pour-homme,2.7,2,99
2026-08-23,celio,costume 3 pièces homme,https://www.celio.com/fr-be/c/costumes-costume-3-pieces-pour-homme,1.4,0,5
2026-08-23,celio,costume 3 pièces homme,https://www.celio.com/fr-fr/c/costumes-costume-3-pieces-pour-homme,2.0,6,86
2026-08-24,celio,costume 3 pièces homme,https://www.celio.com/fr-be/c/costumes-costume-3-pieces-pour-homme,1,0,5
2026-08-24,celio,costume 3 pièces homme,https://www.celio.com/fr-fr/c/costumes-costume-3-pieces-pour-homme,1.9,7,92
2026-08-25,celio,costume 3 pièces homme,https://www.celio.com/fr-be/c/costumes-costume-3-pieces-pour-homme,1,0,4
2026-08-25,celio,costume 3 pièces homme,https://www.celio.com/fr-fr/c/costumes-costume-3-pieces-pour-homme,1.8,8,94
2026-08-26,celio,costume 3 pièces homme,https://www.celio.com/fr-be/c/costumes-costume-3-pieces-pour-homme,1,0,4
2026-08-26,celio,costume 3 pièces homme,https://www.celio.com/fr-fr/c/costumes-costume-3-pieces-pour-homme,1.8,6,87
2026-08-27,celio,costume 3 pièces homme,https://www.celio.com/fr-be/c/costumes-costume-3-pieces-pour-homme,1,0,3
2026-08-27,celio,costume 3 pièces homme,https://www.celio.com/fr-fr/c/costumes-costume-3-pieces-pour-homme,1.8,12,107
2026-08-28,celio,costume 3 pièces homme,https://www.celio.com/fr-be/c/costumes-costume-3-pieces-pour-homme,1,0,2
2026-08-28,celio,costume 3 pièces homme,https://www.celio.com/fr-fr/c/costumes-costume-3-pieces-pour-homme,1.9,13,117
2026-08-29,celio,costume 3 pièces homme,https://www.celio.com/fr-be/c/costumes-costume-3-pieces-pour-homme,1,1,5
2026-08-29,celio,costume 3 pièces homme,https://www.celio.com/fr-fr/c/costumes-costume-3-pieces-pour-homme,2.4,10,122
2026-08-30,celio,costume 3 pièces homme,https://www.celio.com/fr-be/c/costumes-costume-3-pieces-pour-homme,1,1,4
2026-08-30,celio,costume 3 pièces homme,https://www.celio.com/fr-fr/c/costumes-costume-3-pieces-pour-homme,3.5,6,107
2026-08-31,celio,costume 3 pièces homme,https://www.celio.com/fr-be/c/costumes-costume-3-pieces-pour-homme,1.2,0,5
2026-08-31,celio,costume 3 pièces homme,https://www.celio.com/fr-fr/c/costumes-costume-3-pieces-pour-homme,3.2,5,125
2026-09-01,celio,costume 3 pièces homme,https://www.celio.com/fr-be/c/costumes-costume-3-pieces-pour-homme,1,1,2
2026-09-01,celio,costume 3 pièces homme,https://www.celio.com/fr-fr/c/costumes-costume-3-pieces-pour-homme,2.9,7,95
2026-09-02,celio,costume 3 pièces homme,https://www.celio.com/fr-be/c/costumes-costume-3-pieces-pour-homme,1,0,6
2026-09-02,celio,costume 3 pièces homme,https://www.celio.com/fr-fr/c/costumes-costume-3-pieces-pour-homme,2,5,84
2026-09-03,celio,costume 3 pièces homme,https://www.celio.com/fr-be/c/costumes-costume-3-pieces-pour-homme,1,0,5
2026-09-03,celio,costume 3 pièces homme,https://www.celio.com/fr-fr/c/costumes-costume-3-pieces-pour-homme,3.3,6,83
2026-09-04,celio,costume 3 pièces homme,https://www.celio.com/fr-be/c/costumes-costume-3-pieces-pour-homme,1.4,0,5
2026-09-04,celio,costume 3 pièces homme,https://www.celio.com/fr-fr/c/costumes-costume-3-pieces-pour-homme,3.6,4,89
2026-09-05,celio,costume 3 pièces homme,https://www.celio.com/fr-be/c/costumes-costume-3-pieces-pour-homme,1,0,3
2026-09-05,celio,costume 3 pièces homme,https://www.celio.com/fr-fr/c/costumes-costume-3-pieces-pour-homme,3.7,8,140
2026-09-06,celio,costume 3 pièces homme,https://www.celio.com/fr-be/c/costumes-costume-3-pieces-pour-homme,1,1,7
2026-09-06,celio,costume 3 pièces homme,https://www.celio.com/fr-fr/c/costumes-costume-3-pieces-pour-homme,3.2,10,108
2026-09-07,celio,costume 3 pièces homme,https://www.celio.com/fr-be/c/costumes-costume-3-pieces-pour-homme,1,0,5
2026-09-07,celio,costume 3 pièces homme,https://www.celio.com/fr-fr/c/costumes-costume-3-pieces-pour-homme,3.8,7,82
2026-09-08,celio,costume 3 pièces homme,https://www.celio.com/fr-be/c/costumes-costume-3-pieces-pour-homme,1,0,6
2026-09-08,celio,costume 3 pièces homme,https://www.celio.com/fr-fr/c/costumes-costume-3-pieces-pour-homme,2.9,1,99
2026-09-09,celio,costume 3 pièces homme,https://www.celio.com/fr-be/c/costumes-costume-3-pieces-pour-homme,1,0,2
2026-09-09,celio,costume 3 pièces homme,https://www.celio.com/fr-fr/c/costumes-costume-3-pieces-pour-homme,2.2,7,91
2026-09-10,celio,costume 3 pièces homme,https://www.celio.com/fr-be/c/costumes-costume-3-pieces-pour-homme,1,1,7
2026-09-10,celio,costume 3 pièces homme,https://www.celio.com/fr-fr/c/costumes-costume-3-pieces-pour-homme,2.0,8,83
2026-09-11,celio,costume 3 pièces homme,https://www.celio.com/fr-be/c/costumes-costume-3-pieces-pour-homme,1,1,4
2026-09-11,celio,costume 3 pièces homme,https://www.celio.com/fr-fr/c/costumes-costume-3-pieces-pour-homme,2.5,5,93
2026-09-12,celio,costume 3 pièces homme,https://www.celio.com/fr-be/c/costumes-costume-3-pieces-pour-homme,1,1,10
2026-09-12,celio,costume 3 pièces homme,https://www.celio.com/fr-fr/c/costumes-costume-3-pieces-pour-homme,2.4,9,124
2026-09-13,celio,costume 3 pièces homme,https://www.celio.com/fr-fr/c/costumes-costume-3-pieces-pour-homme,1.9,5,107
2026-09-14,celio,costume 3 pièces homme,https://www.celio.com/fr-be/c/costumes-costume-3-pieces-pour-homme,1,0,4
2026-09-14,celio,costume 3 pièces homme,https://www.celio.com/fr-fr/c/costumes-costume-3-pieces-pour-homme,1.9,10,99
2026-09-15,celio,costume 3 pièces homme,https://www.celio.com/fr-be/c/costumes-costume-3-pieces-pour-homme,1,1,4
2026-09-15,celio,costume 3 pièces homme,https://www.celio.com/fr-fr/c/costumes-costume-3-pieces-pour-homme,2.5,6,95
2026-09-16,celio,costume 3 pièces homme,https://www.celio.com/fr-be/c/costumes-costume-3-pieces-pour-homme,1,0,7
2026-09-16,celio,costume 3 pièces homme,https://www.celio.com/fr-fr/c/costumes-costume-3-pieces-pour-homme,2.2,9,102
2026-09-17,celio,costume 3 pièces homme,https://www.celio.com/fr-be/c/costumes-costume-3-pieces-pour-homme,1,1,6
2026-09-17,celio,costume 3 pièces homme,https://www.celio.com/fr-fr/c/costumes-costume-3-pieces-pour-homme,1.8,7,82
2026-09-18,celio,costume 3 pièces homme,https://www.celio.com/fr-be/c/costumes-costume-3-pieces-pour-homme,1,0,3
2026-09-18,celio,costume 3 pièces homme,https://www.celio.com/fr-fr/c/costumes-costume-3-pieces-pour-homme,1.8,10,128
2026-09-19,celio,costume 3 pièces homme,https://www.celio.com/fr-be/c/costumes-costume-3-pieces-pour-homme,1,0,4
2026-09-19,celio,costume 3 pièces homme,https://www.celio.com/fr-fr/c/costumes-costume-3-pieces-pour-homme,1.3,13,118
2026-09-20,celio,costume 3 pièces homme,https://www.celio.com/fr-be/c/costumes-costume-3-pieces-pour-homme,1.3,1,12
2026-09-20,celio,costume 3 pièces homme,https://www.celio.com/fr-fr/c/costumes-costume-3-pieces-pour-homme,1.5,15,144
2026-09-21,celio,costume 3 pièces homme,https://www.celio.com/fr-be/c/costumes-costume-3-pieces-pour-homme,1.5,0,2
2026-09-21,celio,costume 3 pièces homme,https://www.celio.com/fr-fr/c/costumes-costume-3-pieces-pour-homme,1.9,9,119
2026-09-22,celio,costume 3 pièces homme,https://www.celio.com/fr-be/c/costumes,36,0,2
2026-09-22,celio,costume 3 pièces homme,https://www.celio.com/fr-be/c/costumes-costume-3-pieces-pour-homme,1,0,4
2026-09-22,celio,costume 3 pièces homme,https://www.celio.com/fr-fr/c/costumes-costume-3-pieces-pour-homme,1.4,4,90
2026-09-23,celio,costume 3 pièces homme,https://www.celio.com/fr-be/c/costumes-costume-3-pieces-pour-homme,1,1,4
2026-09-23,celio,costume 3 pièces homme,https://www.celio.com/fr-fr/c/costumes-costume-3-pieces-pour-homme,2.4,5,108
2026-09-23,celio,costume 3 pièces homme,https://www.celio.com/fr-fr/store?StoreID=0281,3,0,2
2026-09-24,celio,costume 3 pièces homme,https://www.celio.com/fr-be/c/costumes-costume-3-pieces-pour-homme,1,0,3
2026-09-24,celio,costume 3 pièces homme,https://www.celio.com/fr-fr/c/costumes-costume-3-pieces-pour-homme,2.5,5,107
2026-09-25,celio,costume 3 pièces homme,https://www.celio.com/fr-be/c/costumes-costume-3-pieces-pour-homme,1,0,3
2026-09-25,celio,costume 3 pièces homme,https://www.celio.com/fr-fr/c/costumes-costume-3-pieces-pour-homme,2.9,7,85
2026-09-26,celio,costume 3 pièces homme,https://www.celio.com/fr-be/c/costumes-costume-3-pieces-pour-homme,1,0,4
2026-09-26,celio,costume 3 pièces homme,https://www.celio.com/fr-fr/c/costumes-costume-3-pieces-pour-homme,2.7,6,118
2026-09-27,celio,costume 3 pièces homme,https://www.celio.com/fr-be/c/costumes-costume-3-pieces-pour-homme,1,0,3
2026-09-27,celio,costume 3 pièces homme,https://www.celio.com/fr-fr/c/costumes-costume-3-pieces-pour-homme,3.1,7,115
2026-09-28,celio,costume 3 pièces homme,https://www.celio.com/fr-be/c/costumes-costume-3-pieces-pour-homme,1.8,0,4
2026-09-28,celio,costume 3 pièces homme,https://www.celio.com/fr-fr/c/costumes-costume-3-pieces-pour-homme,3.1,4,103
2026-09-29,celio,costume 3 pièces homme,https://www.celio.com/fr-be/c/costumes-costume-3-pieces-pour-homme,1,1,4
2026-09-29,celio,costume 3 pièces homme,https://www.celio.com/fr-fr/c/costumes-costume-3-pieces-pour-homme,2.8,10,66
2026-09-30,celio,costume 3 pièces homme,https://www.celio.com/fr-fr/c/costumes-costume-3-pieces-pour-homme,2.3,6,81
2026-07-03,celio,costume homme,https://www.celio.com/fr-be/c/costumes,3.9,1,68
2026-07-03,celio,costume homme,https://www.celio.com/fr-fr/c/costumes,2.8,48,1172
2026-07-03,celio,costume homme,https://www.celio.com/fr-fr/c/vetements-pas-chers-costumes-pas-chers,36,0,2
2026-07-04,celio,costume homme,https://www.celio.com/fr-be/c/costumes,5.2,2,75
2026-07-04,celio,costume homme,https://www.celio.com/fr-fr/c/costumes,3.4,52,1364
2026-07-04,celio,costume homme,https://www.celio.com/fr-fr/c/vetements-pas-chers-costumes-pas-chers,36,0,5
2026-07-05,celio,costume homme,https://www.celio.com/fr-be/c/costumes,4.2,3,45
2026-07-05,celio,costume homme,https://www.celio.com/fr-fr/c/costumes,3.8,41,1295
2026-07-05,celio,costume homme,https://www.celio.com/fr-fr/store?StoreID=0037,1,0,2
2026-07-06,celio,costume homme,https://www.celio.com/fr-be/c/costumes,4.2,2,54
2026-07-06,celio,costume homme,https://www.celio.com/fr-fr/c/costumes,3.3,65,1126
2026-07-06,celio,costume homme,https://www.celio.com/fr-fr/store?StoreID=1435,1.8,0,4
2026-07-06,celio,costume homme,https://www.celio.com/fr-fr/store?StoreID=1643,9.8,0,4
2026-07-07,celio,costume homme,https://www.celio.com/fr-be/c/costumes,4.8,2,66
2026-07-07,celio,costume homme,https://www.celio.com/fr-fr/c/costumes,2.7,51,1069
2026-07-07,celio,costume homme,https://www.celio.com/fr-fr/c/vetements-pas-chers-costumes-pas-chers,50.3,0,3
2026-07-08,celio,costume homme,https://www.celio.com/fr-be/c/costumes,5.5,1,52
2026-07-08,celio,costume homme,https://www.celio.com/fr-fr/c/costumes,3.6,42,1057
2026-07-08,celio,costume homme,https://www.celio.com/fr-fr/c/vetements-pas-chers-costumes-pas-chers,37,0,3
2026-07-09,celio,costume homme,https://www.celio.com/fr-be/c/costumes,5.6,0,37
2026-07-09,celio,costume homme,https://www.celio.com/fr-fr/c/costumes,3.6,32,973
2026-07-09,celio,costume homme,https://www.celio.com/fr-fr/store?StoreID=0016,9,0,2
2026-07-09,celio,costume homme,https://www.celio.com/fr-fr/store?StoreID=0605,9,0,2
2026-07-10,celio,costume homme,https://www.celio.com/fr-be/c/costumes,5.2,1,33
2026-07-10,celio,costume homme,https://www.celio.com/fr-fr/c/costumes,3.5,39,977
2026-07-10,celio,costume homme,https://www.celio.com/fr-fr/c/vetements-pas-chers-costumes-pas-chers,46.2,0,4
2026-07-11,celio,costume homme,https://www.celio.com/fr-be/c/costumes,5.0,7,66
2026-07-11,celio,costume homme,https://www.celio.com/fr-fr/c/costumes,3.5,49,1191
2026-07-12,celio,costume homme,https://www.celio.com/fr-be/c/costumes,5.3,1,60
2026-07-12,celio,costume homme,https://www.celio.com/fr-fr/c/costumes,3.3,40,1008
2026-07-12,celio,costume homme,https://www.celio.com/fr-fr/c/vetements-pas-chers-costumes-pas-chers,41.5,0,4
2026-07-12,celio,costume homme,https://www.celio.com/fr-fr/store?StoreID=0224,2,0,2
2026-07-12,celio,costume homme,https://www.celio.com/fr-fr/store?StoreID=1463,1,0,2
2026-07-13,celio,costume homme,https://www.celio.com/fr-be/c/costumes,5.0,2,41
2026-07-13,celio,costume homme,https://www.celio.com/fr-fr/c/costumes,3.1,43,1120
2026-07-14,celio,costume homme,https://www.celio.com/fr-be/c/costumes,5.3,1,67
2026-07-14,celio,costume homme,https://www.celio.com/fr-fr/c/costumes,3.5,25,1036
2026-07-15,celio,costume homme,https://www.celio.com/fr-be/c/costumes,5.1,2,64
2026-07-15,celio,costume homme,https://www.celio.com/fr-fr/c/costumes,3.5,50,1079
2026-07-15,celio,costume homme,https://www.celio.com/fr-fr/c/vetements-pas-chers-costumes-pas-chers,40.5,0,2
2026-07-15,celio,costume homme,https://www.celio.com/fr-fr/store?StoreID=0224,1,0,2
2026-07-16,celio,costume homme,https://www.celio.com/fr-be/c/costumes,4.4,3,48
2026-07-16,celio,costume homme,https://www.celio.com/fr-fr/c/costumes,3.4,39,1082
2026-07-16,celio,costume homme,https://www.celio.com/fr-fr/c/vetements-pas-chers-costumes-pas-chers,36.7,0,3
2026-07-16,celio,costume homme,https://www.celio.com/fr-fr/store?StoreID=1402,6,0,2
2026-07-17,celio,costume homme,https://www.celio.com/fr-be/c/costumes,3.4,4,68
2026-07-17,celio,costume homme,https://www.celio.com/fr-fr/c/costumes,3.9,34,1082
2026-07-17,celio,costume homme,https://www.celio.com/fr-fr/store?StoreID=1645,4,0,3
2026-07-18,celio,costume homme,https://www.celio.com/fr-be/c/costumes,5.6,0,56
2026-07-18,celio,costume homme,https://www.celio.com/fr-fr/c/costumes,3.4,50,1374
2026-07-18,celio,costume homme,https://www.celio.com/fr-fr/store?StoreID=1615,1,0,2
2026-07-19,celio,costume homme,https://www.celio.com/fr-be/c/costumes,5.6,2,39
2026-07-19,celio,costume homme,https://www.celio.com/fr-fr/c/costumes,3.3,61,1192
2026-07-19,celio,costume homme,https://www.celio.com/fr-fr/store?StoreID=1455,6,0,2
2026-07-20,celio,costume homme,https://www.celio.com/fr-be/c/costumes,4.7,4,54
2026-07-20,celio,costume homme,https://www.celio.com/fr-fr/c/costumes,3.3,45,1121
2026-07-20,celio,costume homme,https://www.celio.com/fr-fr/store?StoreID=0207,10.5,0,2
2026-07-20,celio,costume homme,https://www.celio.com/fr-fr/store?StoreID=1606,6,0,3
2026-07-21,celio,costume homme,https://www.celio.com/fr-be/c/costumes,4.5,0,56
2026-07-21,celio,costume homme,https://www.celio.com/fr-fr/c/costumes,3.2,44,1137
2026-07-21,celio,costume homme,https://www.celio.com/fr-fr/store?StoreID=0110,1,0,2
2026-07-21,celio,costume homme,https://www.celio.com/fr-fr/store?StoreID=0187,10,0,2
2026-07-22,celio,costume homme,https://www.celio.com/fr-be/c/costumes,3.4,1,51
2026-07-22,celio,costume homme,https://www.celio.com/fr-fr/c/costumes,3.4,48,1087
2026-07-23,celio,costume homme,https://www.celio.com/fr-be/c/costumes,3.5,1,60
2026-07-23,celio,costume homme,https://www.celio.com/fr-fr/c/costumes,3.5,33,1008
2026-07-23,celio,costume homme,https://www.celio.com/fr-fr/store?StoreID=0004,9,0,2
2026-07-24,celio,costume homme,https://www.celio.com/fr-be/c/costumes,4.5,1,54
2026-07-24,celio,costume homme,https://www.celio.com/fr-fr/c/costumes,3.3,40,1071
2026-07-25,celio,costume homme,https://www.celio.com/fr-be/c/costumes,4.4,2,69
2026-07-25,celio,costume homme,https://www.celio.com/fr-fr/c/costumes,3.4,41,1220
2026-07-25,celio,costume homme,https://www.celio.com/fr-fr/c/vetements-pas-chers-costumes-pas-chers,27.5,0,2
2026-07-25,celio,costume homme,https://www.celio.com/fr-fr/store?StoreID=0037,2.5,0,2
2026-07-25,celio,costume homme,https://www.celio.com/fr-fr/store?StoreID=0623,2.3,0,3
2026-07-25,celio,costume homme,https://www.celio.com/fr-fr/store?StoreID=1670,5.5,0,2
2026-07-26,celio,costume homme,https://www.celio.com/fr-be/c/costumes,4.4,2,75
2026-07-26,celio,costume homme,https://www.celio.com/fr-fr/c/costumes,4.1,49,1247
2026-07-26,celio,costume homme,https://www.celio.com/fr-fr/c/vetements-pas-chers-costumes-pas-chers,31.1,0,7
2026-07-27,celio,costume homme,https://www.celio.com/fr-be/c/costumes,4.4,2,55
2026-07-27,celio,costume homme,https://www.celio.com/fr-fr/c/costumes,2.8,44,1115
2026-07-27,celio,costume homme,https://www.celio.com/fr-fr/store?StoreID=1643,4,0,2
2026-07-28,celio,costume homme,https://www.celio.com/fr-be/c/costumes,4.9,2,72
2026-07-28,celio,costume homme,https://www.celio.com/fr-fr/c/costumes,3.2,44,1090
2026-07-28,celio,costume homme,https://www.celio.com/fr-fr/c/vetements-pas-chers-costumes-pas-chers,29.3,0,3
2026-07-28,celio,costume homme,https://www.celio.com/fr-fr/store?StoreID=0040,4,1,2
2026-07-28,celio,costume homme,https://www.celio.com/fr-fr/store?StoreID=0623,18,0,2
2026-07-28,celio,costume homme,https://www.celio.com/fr-fr/store?StoreID=1040,1,0,3
2026-07-29,celio,costume homme,https://www.celio.com/fr-be/c/costumes,5.2,3,53
2026-07-29,celio,costume homme,https://www.celio.com/fr-fr/c/costumes,2.6,49,1121
2026-07-29,celio,costume homme,https://www.celio.com/fr-fr/c/vetements-pas-chers-costumes-pas-chers,29,0,3
2026-07-29,celio,costume homme,https://www.celio.com/fr-fr/store?StoreID=0605,4,0,2
2026-07-30,celio,costume homme,https://www.celio.com/fr-be/c/costumes,4.9,2,60
2026-07-30,celio,costume homme,https://www.celio.com/fr-fr/c/costumes,3.4,44,1024
2026-07-30,celio,costume homme,https://www.celio.com/fr-fr/c/vetements-pas-chers-costumes-pas-chers,33,0,2
2026-07-31,celio,costume homme,https://www.celio.com/fr-be/c/costumes,4.8,1,58
2026-07-31,celio,costume homme,https://www.celio.com/fr-fr/c/costumes,3.3,49,1033
2026-07-31,celio,costume homme,https://www.celio.com/fr-fr/c/vetements-pas-chers-costumes-pas-chers,28.2,0,5
2026-07-31,celio,costume homme,https://www.celio.com/fr-fr/store?StoreID=0187,2.5,0,2
2026-07-31,celio,costume homme,https://www.celio.com/fr-fr/store?StoreID=0227,1,1,2
2026-08-01,celio,costume homme,https://www.celio.com/fr-be/c/costumes,4.6,0,56
2026-08-01,celio,costume homme,https://www.celio.com/fr-be/c/costumes-costumes-a-motifs,59.5,0,2
2026-08-01,celio,costume homme,https://www.celio.com/fr-fr/c/costumes,2.7,61,1171
2026-08-02,celio,costume homme,https://www.celio.com/fr-be/c/costumes,4.1,5,51
2026-08-02,celio,costume homme,https://www.celio.com/fr-fr/c/costumes,2.9,58,1177
2026-08-03,celio,costume homme,https://www.celio.com/fr-be/c/costumes,5.4,3,34
2026-08-03,celio,costume homme,https://www.celio.com/fr-fr/c/costumes,3.5,44,1125
2026-08-03,celio,costume homme,https://www.celio.com/fr-fr/c/vetements-pas-chers-costumes-pas-chers,33.7,0,3
2026-08-03,celio,costume homme,https://www.celio.com/fr-fr/store?StoreID=1435,3,0,3
2026-08-03,celio,costume homme,https://www.celio.com/fr-fr/store?StoreID=1693,11,0,2
2026-08-04,celio,costume homme,https://www.celio.com/fr-be/c/costumes,4.9,1,47
2026-08-04,celio,costume homme,https://www.celio.com/fr-fr/c/costumes,3.6,40,1067
2026-08-04,celio,costume homme,https://www.celio.com/fr-fr/c/vetements-pas-chers-costumes-pas-chers,36,0,5
2026-08-04,celio,costume homme,https://www.celio.com/fr-fr/store?StoreID=0110,1,0,2
2026-08-05,celio,costume homme,https://www.celio.com/fr-be/c/costumes,4.2,4,83
2026-08-05,celio,costume homme,https://www.celio.com/fr-fr/c/costumes,3.0,41,1057
2026-08-05,celio,costume homme,https://www.celio.com/fr-fr/c/vetements-pas-chers-costumes-pas-chers,31.5,0,4
2026-08-05,celio,costume homme,https://www.celio.com/fr-fr/store?StoreID=0605,1,0,6
2026-08-05,celio,costume homme,https://www.celio.com/fr-fr/store?StoreID=1629,8,0,2
2026-08-06,celio,costume homme,https://www.celio.com/fr-be/c/costumes,3.8,0,50
2026-08-06,celio,costume homme,https://www.celio.com/fr-fr/c/costumes,3.3,32,1022
2026-08-06,celio,costume homme,https://www.celio.com/fr-fr/store?StoreID=0040,1,0,4
2026-08-06,celio,costume homme,https://www.celio.com/fr-fr/store?StoreID=0207,10,0,2
2026-08-06,celio,costume homme,https://www.celio.com/fr-fr/store?StoreID=0676,1,1,5
2026-08-06,celio,costume homme,https://www.celio.com/fr-fr/store?StoreID=1531,1,0,3
2026-08-07,celio,costume homme,https://www.celio.com/fr-be/c/costumes,3.7,2,43
2026-08-07,celio,costume homme,https://www.celio.com/fr-fr/c/costumes,3.4,32,1037
2026-08-08,celio,costume homme,https://www.celio.com/fr-be/c/costumes,5.1,5,59
2026-08-08,celio,costume homme,https://www.celio.com/fr-fr/c/costumes,4.1,31,1073
2026-08-08,celio,costume homme,https://www.celio.com/fr-fr/store?StoreID=1646,2.5,0,2
2026-08-09,celio,costume homme,https://www.celio.com/fr-be/c/costumes,5.1,3,56
2026-08-09,celio,costume homme,https://www.celio.com/fr-fr/c/costumes,4.1,40,1103
2026-08-10,celio,costume homme,https://www.celio.com/fr-be/c/costumes,4.6,2,58
2026-08-10,celio,costume homme,https://www.celio.com/fr-fr/c/costumes,4.0,39,1094
2026-08-10,celio,costume homme,https://www.celio.com/fr-fr/c/vetements-pas-chers-costumes-pas-chers,60,0,3
2026-08-11,celio,costume homme,https://www.celio.com/fr-be/c/costumes,5.1,2,49
2026-08-11,celio,costume homme,https://www.celio.com/fr-fr/c/costumes,3.7,45,1027
2026-08-12,celio,costume homme,https://www.celio.com/fr-be/c/costumes,5.1,2,28
2026-08-12,celio,costume homme,https://www.celio.com/fr-fr/c/costumes,2.9,39,895
2026-08-12,celio,costume homme,https://www.celio.com/fr-fr/c/vetements-pas-chers-costumes-pas-chers,27.5,0,2
2026-08-12,celio,costume homme,https://www.celio.com/fr-fr/store?StoreID=0037,1,1,2
2026-08-12,celio,costume homme,https://www.celio.com/fr-fr/store?StoreID=1040,1,0,2
2026-08-13,celio,costume homme,https://www.celio.com/es-es/store?StoreID=0539,7.5,0,2
2026-08-13,celio,costume homme,https://www.celio.com/fr-be/c/costumes,6.2,1,47
2026-08-13,celio,costume homme,https://www.celio.com/fr-fr/c/costumes,3.1,51,964
2026-08-13,celio,costume homme,https://www.celio.com/fr-fr/c/vetements-pas-chers-costumes-pas-chers,33.5,0,2
2026-08-13,celio,costume homme,https://www.celio.com/fr-fr/store?StoreID=1643,5,0,2
2026-08-14,celio,costume homme,https://www.celio.com/fr-be/c/costumes,5.9,1,30
2026-08-14,celio,costume homme,https://www.celio.com/fr-fr/c/costumes,3.2,40,992
2026-08-14,celio,costume homme,https://www.celio.com/fr-fr/store?StoreID=0605,5.7,0,3
2026-08-15,celio,costume homme,https://www.celio.com/fr-be/c/costumes,5.9,1,53
2026-08-15,celio,costume homme,https://www.celio.com/fr-fr/c/costumes,3.6,51,1142
2026-08-16,celio,costume homme,https://www.celio.com/fr-be/c/costumes,5.2,2,43
2026-08-16,celio,costume homme,https://www.celio.com/fr-fr/c/costumes,3.4,49,1158
2026-08-17,celio,costume homme,https://www.celio.com/fr-be/c/costumes,3.5,6,66
2026-08-17,celio,costume homme,https://www.celio.com/fr-fr/c/costumes,3.3,45,1116
2026-08-17,celio,costume homme,https://www.celio.com/fr-fr/store?StoreID=0212,20,0,2
2026-08-17,celio,costume homme,https://www.celio.com/fr-fr/store?StoreID=0632,1,0,2
2026-08-18,celio,costume homme,https://www.celio.com/fr-be/c/costumes,4.5,0,64
2026-08-18,celio,costume homme,https://www.celio.com/fr-fr/c/costumes,3.3,50,1119
2026-08-18,celio,costume homme,https://www.celio.com/fr-fr/store?StoreID=0623,20.5,0,2
2026-08-19,celio,costume homme,https://www.celio.com/fr-be/c/costumes,3.8,3,74
2026-08-19,celio,costume homme,https://www.celio.com/fr-fr/c/costumes,3.7,39,1043
2026-08-19,celio,costume homme,https://www.celio.com/fr-fr/store?StoreID=1444,1,1,2
2026-08-20,celio,costume homme,https://www.celio.com/fr-be/c/costumes,5.3,2,51
2026-08-20,celio,costume homme,https://www.celio.com/fr-fr/c/costumes,3.0,45,1043
2026-08-21,celio,costume homme,https://www.celio.com/es-es/store?StoreID=0539,1,0,2
2026-08-21,celio,costume homme,https://www.celio.com/fr-be/c/costumes,4.4,2,50
2026-08-21,celio,costume homme,https://www.celio.com/fr-fr/c/costumes,3.8,47,1007
2026-08-22,celio,costume homme,https://www.celio.com/fr-be/c/costumes,5.7,2,68
2026-08-22,celio,costume homme,https://www.celio.com/fr-fr/c/costumes,4.7,36,1027
2026-08-23,celio,costume homme,https://www.celio.com/es-es/store?StoreID=0539,1.3,0,3
2026-08-23,celio,costume homme,https://www.celio.com/fr-be/c/costumes,5.5,2,67
2026-08-23,celio,costume homme,https://www.celio.com/fr-fr/c/costumes,4.1,57,1165
2026-08-23,celio,costume homme,https://www.celio.com/fr-fr/store?StoreID=0626,1,0,2
2026-08-24,celio,costume homme,https://www.celio.com/fr-be/c/costumes,6.8,1,44
2026-08-24,celio,costume homme,https://www.celio.com/fr-fr/c/costumes,4.0,45,1136
2026-08-25,celio,costume homme,https://www.celio.com/fr-be/c/costumes,6.2,1,57
2026-08-25,celio,costume homme,https://www.celio.com/fr-fr/c/costumes,4.7,31,1142
2026-08-26,celio,costume homme,https://www.celio.com/fr-be/c/costumes,6.6,2,67
2026-08-26,celio,costume homme,https://www.celio.com/fr-fr/c/costumes,3.2,55,1118
2026-08-27,celio,costume homme,https://www.celio.com/fr-be/c/costumes,6.6,2,50
2026-08-27,celio,costume homme,https://www.celio.com/fr-fr/c/costumes,3.7,41,1045
2026-08-27,celio,costume homme,https://www.celio.com/fr-fr/store?StoreID=0837,14,0,2
2026-08-28,celio,costume homme,https://www.celio.com/fr-be/c/costumes,4.8,1,60
2026-08-28,celio,costume homme,https://www.celio.com/fr-be/store?StoreID=0371,9,0,2
2026-08-28,celio,costume homme,https://www.celio.com/fr-fr/c/costumes,4.0,47,1123
2026-08-28,celio,costume homme,https://www.celio.com/fr-fr/store?StoreID=0085,3.5,0,2
2026-08-28,celio,costume homme,https://www.celio.com/fr-fr/store?StoreID=1609,1,0,2
2026-08-29,celio,costume homme,https://www.celio.com/fr-be/c/costumes,3.7,2,74
2026-08-29,celio,costume homme,https://www.celio.com/fr-fr/c/costumes,3.3,63,1325
2026-08-30,celio,costume homme,https://www.celio.com/fr-be/c/costumes,4.6,3,69
2026-08-30,celio,costume homme,https://www.celio.com/fr-fr/c/costumes,2.8,68,1405
2026-08-30,celio,costume homme,https://www.celio.com/fr-fr/store?StoreID=0040,1,0,3
2026-08-30,celio,costume homme,https://www.celio.com/fr-fr/store?StoreID=0603,1,0,2
2026-08-30,celio,costume homme,https://www.celio.com/fr-fr/store?StoreID=0623,4.5,0,2
2026-08-31,celio,costume homme,https://www.celio.com/fr-be/c/costumes,5.0,3,77
2026-08-31,celio,costume homme,https://www.celio.com/fr-fr/c/costumes,3.3,66,1198
2026-08-31,celio,costume homme,https://www.celio.com/fr-fr/c/costumes-costumes-slim,4,0,2
2026-08-31,celio,costume homme,https://www.celio.com/fr-fr/c/costumes-vestes-de-costume,4,0,2
2026-08-31,celio,costume homme,https://www.celio.com/fr-fr/store?StoreID=0277,1.5,0,2
2026-09-01,celio,costume homme,https://www.celio.com/fr-be/c/costumes,4.0,2,59
2026-09-01,celio,costume homme,https://www.celio.com/fr-fr/c/costumes,3.4,56,1247
2026-09-02,celio,costume homme,https://www.celio.com/fr-be/c/costumes,4.9,1,55
2026-09-02,celio,costume homme,https://www.celio.com/fr-fr/c/costumes,3.8,56,1144
2026-09-02,celio,costume homme,https://www.celio.com/fr-fr/store?StoreID=0179,4.5,0,2
2026-09-03,celio,costume homme,https://www.celio.com/fr-be/c/costumes,5.6,0,57
2026-09-03,celio,costume homme,https://www.celio.com/fr-fr/c/costumes,4.1,45,1093
2026-09-03,celio,costume homme,https://www.celio.com/fr-fr/store?StoreID=0293,1.3,0,3
2026-09-03,celio,costume homme,https://www.celio.com/fr-fr/store?StoreID=1618,1.5,0,2
2026-09-04,celio,costume homme,https://www.celio.com/fr-be/c/costumes,5.1,1,71
2026-09-04,celio,costume homme,https://www.celio.com/fr-fr/c/costumes,4.3,40,1087
2026-09-04,celio,costume homme,https://www.celio.com/fr-fr/c/vetements-pas-chers-costumes-pas-chers,15.3,0,3
2026-09-05,celio,costume homme,https://www.celio.com/fr-be/c/costumes,4.7,1,84
2026-09-05,celio,costume homme,https://www.celio.com/fr-fr/c/costumes,4.1,44,1309
2026-09-05,celio,costume homme,https://www.celio.com/fr-fr/store?StoreID=0031,2,0,2
2026-09-05,celio,costume homme,https://www.celio.com/fr-fr/store?StoreID=1463,4.5,0,2
2026-09-05,celio,costume homme,https://www.celio.com/fr-fr/store?StoreID=1616,1,0,2
2026-09-05,celio,costume homme,https://www.celio.com/fr-fr/store?StoreID=1646,2,0,2
2026-09-06,celio,costume homme,https://www.celio.com/fr-be/c/costumes,5.2,1,80
2026-09-06,celio,costume homme,https://www.celio.com/fr-fr/c/costumes,3.5,83,1406
2026-09-06,celio,costume homme,https://www.celio.com/fr-fr/store?StoreID=0031,7.2,0,5
2026-09-07,celio,costume homme,https://www.celio.com/fr-be/c/costumes,5.6,2,73
2026-09-07,celio,costume homme,https://www.celio.com/fr-fr/c/costumes,3.9,48,1293
2026-09-08,celio,costume homme,https://www.celio.com/fr-be/c/costumes,4.5,1,75
2026-09-08,celio,costume homme,https://www.celio.com/fr-fr/c/costumes,3.6,39,1172
2026-09-09,celio,costume homme,https://www.celio.com/fr-be/c/costumes,4.8,1,61
2026-09-09,celio,costume homme,https://www.celio.com/fr-fr/c/costumes,3.4,65,1243
2026-09-09,celio,costume homme,https://www.celio.com/fr-fr/store?StoreID=0016,1,0,2
2026-09-09,celio,costume homme,https://www.celio.com/fr-fr/store?StoreID=0769,4,0,2
2026-09-10,celio,costume homme,https://www.celio.com/fr-be/c/costumes,5.0,2,77
2026-09-10,celio,costume homme,https://www.celio.com/fr-fr/c/costumes,4.1,43,1072
2026-09-10,celio,costume homme,https://www.celio.com/fr-fr/store?StoreID=0298,1,0,2
2026-09-11,celio,costume homme,https://www.celio.com/fr-be/c/costumes,5.0,0,65
2026-09-11,celio,costume homme,https://www.celio.com/fr-fr/c/costumes,4.0,45,1196
2026-09-11,celio,costume homme,https://www.celio.com/fr-fr/store?StoreID=0004,3.3,0,3
2026-09-11,celio,costume homme,https://www.celio.com/fr-fr/store?StoreID=0016,1.5,0,2
2026-09-11,celio,costume homme,https://www.celio.com/fr-fr/store?StoreID=0064,2,0,3
2026-09-11,celio,costume homme,https://www.celio.com/fr-fr/store?StoreID=0119,1,0,2
2026-09-11,celio,costume homme,https://www.celio.com/fr-fr/store?StoreID=0623,2,0,2
2026-09-11,celio,costume homme,https://www.celio.com/fr-fr/store?StoreID=1613,3.5,0,2
2026-09-12,celio,costume homme,https://www.celio.com/es-es/store?StoreID=0539,1,0,2
2026-09-12,celio,costume homme,https://www.celio.com/fr-be/c/costumes,5.0,0,87
2026-09-12,celio,costume homme,https://www.celio.com/fr-fr/c/costumes,4.4,36,1360
2026-09-12,celio,costume homme,https://www.celio.com/fr-fr/store?StoreID=0016,1,0,3
2026-09-12,celio,costume homme,https://www.celio.com/fr-fr/store?StoreID=1651,2,0,2
2026-09-13,celio,costume homme,https://www.celio.com/fr-be/c/costumes,6,1,87
2026-09-13,celio,costume homme,https://www.celio.com/fr-fr/c/costumes,3.7,49,1364
2026-09-13,celio,costume homme,https://www.celio.com/fr-fr/store?StoreID=0676,2,0,2
2026-09-13,celio,costume homme,https://www.celio.com/fr-fr/store?StoreID=1498,2,0,2
2026-09-13,celio,costume homme,https://www.celio.com/fr-fr/store?StoreID=1692,5.5,0,2
2026-09-14,celio,costume homme,https://www.celio.com/fr-be/c/costumes,5.2,2,74
2026-09-14,celio,costume homme,https://www.celio.com/fr-fr/c/costumes,3.0,72,1222
2026-09-15,celio,costume homme,https://www.celio.com/fr-be/c/costumes,9.7,0,113
2026-09-15,celio,costume homme,https://www.celio.com/fr-fr/c/costumes,3.0,52,998
2026-09-15,celio,costume homme,https://www.celio.com/fr-fr/c/costumes-costume-3-pieces-pour-homme,9.6,0,5
2026-09-15,celio,costume homme,https://www.celio.com/fr-fr/c/costumes-pantalons-de-costume,9.9,0,7
2026-09-15,celio,costume homme,https://www.celio.com/fr-fr/c/costumes-vestes-de-costume,7.5,0,51
2026-09-15,celio,costume homme,https://www.celio.com/fr-fr/c/vetements-pas-chers-costumes-pas-chers,4.5,0,2
2026-09-15,celio,costume homme,https://www.celio.com/fr-fr/store?StoreID=0267,10,0,2
2026-09-15,celio,costume homme,https://www.celio.com/fr-fr/store?StoreID=1651,4.5,1,2
2026-09-15,celio,costume homme,https://www.celio.com/fr-fr/store?StoreID=1692,6,0,2
2026-09-16,celio,costume homme,https://www.celio.com/fr-be/c/costumes,6.8,4,167
2026-09-16,celio,costume homme,https://www.celio.com/fr-fr/c/costumes,4.1,43,1008
2026-09-16,celio,costume homme,https://www.celio.com/fr-fr/c/costumes-costumes-a---de-100e,7,0,2
2026-09-16,celio,costume homme,https://www.celio.com/fr-fr/c/costumes-vestes-de-costume,5.5,0,36
2026-09-16,celio,costume homme,https://www.celio.com/fr-fr/store?StoreID=0040,1,0,2
2026-09-17,celio,costume homme,https://www.celio.com/fr-be/c/costumes,4.6,2,61
2026-09-17,celio,costume homme,https://www.celio.com/fr-be/c/costumes-vestes-de-costume,8,0,2
2026-09-17,celio,costume homme,https://www.celio.com/fr-fr/c/costumes,4.9,47,1063
2026-09-17,celio,costume homme,https://www.celio.com/fr-fr/store?StoreID=0206,6,0,2
2026-09-18,celio,costume homme,https://www.celio.com/es-es/store?StoreID=0539,1,0,3
2026-09-18,celio,costume homme,https://www.celio.com/fr-be/c/costumes,3.7,1,58
2026-09-18,celio,costume homme,https://www.celio.com/fr-be/c/costumes-vestes-de-costume,8.3,0,3
2026-09-18,celio,costume homme,https://www.celio.com/fr-fr/c/costumes,3.6,45,1052
2026-09-18,celio,costume homme,https://www.celio.com/fr-fr/store?StoreID=1459,1,0,2
2026-09-19,celio,costume homme,https://www.celio.com/fr-be/c/costumes,5.4,0,81
2026-09-19,celio,costume homme,https://www.celio.com/fr-fr/c/costumes,2.4,88,1381
2026-09-20,celio,costume homme,https://www.celio.com/fr-be/c/costumes,5.7,2,68
2026-09-20,celio,costume homme,https://www.celio.com/fr-fr/c/costumes,3.1,72,1391
2026-09-20,celio,costume homme,https://www.celio.com/fr-fr/c/costumes-vestes-de-costume,13,0,3
2026-09-20,celio,costume homme,https://www.celio.com/fr-fr/store?StoreID=0031,6,0,2
2026-09-20,celio,costume homme,https://www.celio.com/fr-fr/store?StoreID=0605,6.5,0,2
2026-09-20,celio,costume homme,https://www.celio.com/fr-fr/store?StoreID=0623,1,0,2
2026-09-21,celio,costume homme,https://www.celio.com/fr-be/c/costumes,4.3,1,50
2026-09-21,celio,costume homme,https://www.celio.com/fr-fr/c/costumes,3.4,48,1105
2026-09-21,celio,costume homme,https://www.celio.com/fr-fr/store?StoreID=0040,7,0,5
2026-09-21,celio,costume homme,https://www.celio.com/fr-fr/store?StoreID=0122,9,0,3
2026-09-22,celio,costume homme,https://www.celio.com/fr-be/c/costumes,4.5,1,54
2026-09-22,celio,costume homme,https://www.celio.com/fr-fr/c/costumes,3.2,54,1094
2026-09-22,celio,costume homme,https://www.celio.com/fr-fr/store?StoreID=0179,6,0,2
2026-09-22,celio,costume homme,https://www.celio.com/fr-fr/store?StoreID=0623,5,0,3
2026-09-22,celio,costume homme,https://www.celio.com/fr-fr/store?StoreID=0837,4,0,3
2026-09-22,celio,costume homme,https://www.celio.com/fr-fr/store?StoreID=1040,2,0,3
2026-09-22,celio,costume homme,https://www.celio.com/fr-fr/store?StoreID=1644,7,0,2
2026-09-23,celio,costume homme,https://www.celio.com/fr-be/c/costumes,5.4,3,59
2026-09-23,celio,costume homme,https://www.celio.com/fr-be/store?StoreID=0371,1,0,3
2026-09-23,celio,costume homme,https://www.celio.com/fr-fr/c/costumes,2.9,62,1181
2026-09-23,celio,costume homme,https://www.celio.com/fr-fr/store?StoreID=0031,2,0,3
2026-09-23,celio,costume homme,https://www.celio.com/fr-fr/store?StoreID=0037,2,0,2
2026-09-23,celio,costume homme,https://www.celio.com/fr-fr/store?StoreID=0623,2,0,2
2026-09-23,celio,costume homme,https://www.celio.com/fr-fr/store?StoreID=1699,4,0,2
2026-09-24,celio,costume homme,https://www.celio.com/fr-be/c/costumes,4.4,3,70
2026-09-24,celio,costume homme,https://www.celio.com/fr-fr/c/costumes,3.9,49,1050
2026-09-24,celio,costume homme,https://www.celio.com/fr-fr/store?StoreID=0040,4,0,2
2026-09-24,celio,costume homme,https://www.celio.com/fr-fr/store?StoreID=0110,1,0,4
2026-09-24,celio,costume homme,https://www.celio.com/fr-fr/store?StoreID=0293,2,0,2
2026-09-24,celio,costume homme,https://www.celio.com/fr-fr/store?StoreID=1613,2,0,2
2026-09-24,celio,costume homme,https://www.celio.com/fr-fr/store?StoreID=1616,3.2,0,4
2026-09-25,celio,costume homme,https://www.celio.com/fr-be/c/costumes,6.0,0,71
2026-09-25,celio,costume homme,https://www.celio.com/fr-fr/c/costumes,3.7,45,1087
2026-09-25,celio,costume homme,https://www.celio.com/fr-fr/store?StoreID=0004,4.5,0,2
2026-09-25,celio,costume homme,https://www.celio.com/fr-fr/store?StoreID=0040,7.5,0,2
2026-09-25,celio,costume homme,https://www.celio.com/fr-fr/store?StoreID=0267,2,0,3
2026-09-25,celio,costume homme,https://www.celio.com/fr-fr/store?StoreID=1629,2,0,3
2026-09-25,celio,costume homme,https://www.celio.com/fr-fr/store?StoreID=1646,2,0,2
2026-09-26,celio,costume homme,https://www.celio.com/fr-be/c/costumes,4.9,2,86
2026-09-26,celio,costume homme,https://www.celio.com/fr-fr/c/costumes,3.7,51,1320
2026-09-26,celio,costume homme,https://www.celio.com/fr-fr/store?StoreID=0040,2,0,2
2026-09-26,celio,costume homme,https://www.celio.com/fr-fr/store?StoreID=0122,2,0,4
2026-09-26,celio,costume homme,https://www.celio.com/fr-fr/store?StoreID=0267,3.5,1,2
2026-09-26,celio,costume homme,https://www.celio.com/fr-fr/store?StoreID=0293,2,0,3
2026-09-26,celio,costume homme,https://www.celio.com/fr-fr/store?StoreID=0623,2,0,2
2026-09-26,celio,costume homme,https://www.celio.com/fr-fr/store?StoreID=1455,4.5,0,2
2026-09-26,celio,costume homme,https://www.celio.com/fr-fr/store?StoreID=1651,2,0,2
2026-09-26,celio,costume homme,https://www.celio.com/fr-fr/store?StoreID=1676,2,0,2
2026-09-26,celio,costume homme,https://www.celio.com/fr-fr/store?StoreID=1693,2,0,2
2026-09-26,celio,costume homme,https://www.celio.com/fr-fr/store?StoreID=1703,2,0,2
2026-09-27,celio,costume homme,https://www.celio.com/fr-be/c/costumes,4.5,1,88
2026-09-27,celio,costume homme,https://www.celio.com/fr-fr/c/costumes,3.1,74,1394
2026-09-27,celio,costume homme,https://www.celio.com/fr-fr/store?StoreID=0016,5,0,2
2026-09-27,celio,costume homme,https://www.celio.com/fr-fr/store?StoreID=0224,2,0,2
2026-09-27,celio,costume homme,https://www.celio.com/fr-fr/store?StoreID=0293,5.5,0,2
2026-09-27,celio,costume homme,https://www.celio.com/fr-fr/store?StoreID=0623,3.2,0,4
2026-09-27,celio,costume homme,https://www.celio.com/fr-fr/store?StoreID=0676,3.8,0,5
2026-09-27,celio,costume homme,https://www.celio.com/fr-fr/store?StoreID=1463,5,0,3
2026-09-27,celio,costume homme,https://www.celio.com/fr-fr/store?StoreID=1670,2,0,2
2026-09-27,celio,costume homme,https://www.celio.com/fr-fr/store?StoreID=1673,5,0,3
2026-09-28,celio,costume homme,https://www.celio.com/fr-be/c/costumes,6.0,1,75
2026-09-28,celio,costume homme,https://www.celio.com/fr-fr/c/costumes,3.6,48,1115
2026-09-28,celio,costume homme,https://www.celio.com/fr-fr/store?StoreID=0040,3,0,2
2026-09-28,celio,costume homme,https://www.celio.com/fr-fr/store?StoreID=0227,2,0,3
2026-09-28,celio,costume homme,https://www.celio.com/fr-fr/store?StoreID=0263,4,0,4
2026-09-28,celio,costume homme,https://www.celio.com/fr-fr/store?StoreID=0269,3,0,2
2026-09-28,celio,costume homme,https://www.celio.com/fr-fr/store?StoreID=0626,4,0,2
2026-09-28,celio,costume homme,https://www.celio.com/fr-fr/store?StoreID=0676,2,0,2
2026-09-28,celio,costume homme,https://www.celio.com/fr-fr/store?StoreID=1459,2,0,2
2026-09-28,celio,costume homme,https://www.celio.com/fr-fr/store?StoreID=1489,3.5,0,2
2026-09-28,celio,costume homme,https://www.celio.com/fr-fr/store?StoreID=1623,3.3,0,3
2026-09-28,celio,costume homme,https://www.celio.com/fr-fr/store?StoreID=1629,6.5,0,2
2026-09-29,celio,costume homme,https://www.celio.com/fr-be/c/costumes,4.8,1,42
2026-09-29,celio,costume homme,https://www.celio.com/fr-fr/c/costumes,3.5,43,1029
2026-09-29,celio,costume homme,https://www.celio.com/fr-fr/store?StoreID=0031,2,0,2
2026-09-29,celio,costume homme,https://www.celio.com/fr-fr/store?StoreID=0179,2,0,2
2026-09-29,celio,costume homme,https://www.celio.com/fr-fr/store?StoreID=0655,2,0,2
2026-09-29,celio,costume homme,https://www.celio.com/fr-fr/store?StoreID=1463,2,0,2
2026-09-29,celio,costume homme,https://www.celio.com/fr-fr/store?StoreID=1492,1.5,0,2
2026-09-29,celio,costume homme,https://www.celio.com/fr-fr/store?StoreID=1498,2,0,3
2026-09-30,celio,costume homme,https://www.celio.com/fr-be/c/costumes,4.4,1,51
2026-09-30,celio,costume homme,https://www.celio.com/fr-fr/c/costumes,3.4,45,1076
2026-09-30,celio,costume homme,https://www.celio.com/fr-fr/store?StoreID=0194,4.5,0,2
2026-09-30,celio,costume homme,https://www.celio.com/fr-fr/store?StoreID=0714,2,0,2
2026-09-30,celio,costume homme,https://www.celio.com/fr-fr/store?StoreID=1402,2,0,2
2026-09-30,celio,costume homme,https://www.celio.com/fr-fr/store?StoreID=1531,2,0,2
2026-07-03,celio,costume homme pas cher,https://www.celio.com/fr-be/c/costumes-costumes-a---de-100e,1,1,4
2026-07-03,celio,costume homme pas cher,https://www.celio.com/fr-fr/c/costumes-costumes-a---de-100e,1.5,6,51
2026-07-03,celio,costume homme pas cher,https://www.celio.com/fr-fr/c/vetements-pas-chers-costumes-pas-chers,23,0,2
2026-07-04,celio,costume homme pas cher,https://www.celio.com/fr-fr/c/costumes-costumes-a---de-100e,1.6,4,44
2026-07-04,celio,costume homme pas cher,https://www.celio.com/fr-fr/c/vetements-pas-chers-costumes-pas-chers,18.7,0,6
2026-07-05,celio,costume homme pas cher,https://www.celio.com/fr-be/c/vetements-pas-chers-costumes-pas-chers,2,0,4
2026-07-05,celio,costume homme pas cher,https://www.celio.com/fr-fr/c/costumes-costumes-a---de-100e,1.6,6,45
2026-07-05,celio,costume homme pas cher,https://www.celio.com/fr-fr/c/vetements-pas-chers-costumes-pas-chers,15.3,0,9
2026-07-06,celio,costume homme pas cher,https://www.celio.com/fr-be/c/costumes-costumes-a---de-100e,1,1,3
2026-07-06,celio,costume homme pas cher,https://www.celio.com/fr-fr/c/costumes-costumes-a---de-100e,1.1,3,33
2026-07-06,celio,costume homme pas cher,https://www.celio.com/fr-fr/c/vetements-pas-chers-costumes-pas-chers,13.7,0,3
2026-07-07,celio,costume homme pas cher,https://www.celio.com/fr-be/c/vetements-pas-chers-costumes-pas-chers,3.4,0,5
2026-07-07,celio,costume homme pas cher,https://www.celio.com/fr-fr/c/costumes-costumes-a---de-100e,1.2,4,41
2026-07-07,celio,costume homme pas cher,https://www.celio.com/fr-fr/c/vetements-pas-chers-costumes-pas-chers,23,0,2
2026-07-08,celio,costume homme pas cher,https://www.celio.com/fr-be/c/vetements-pas-chers-costumes-pas-chers,8.8,0,4
2026-07-08,celio,costume homme pas cher,https://www.celio.com/fr-fr/c/costumes-costumes-a---de-100e,1.3,5,37
2026-07-08,celio,costume homme pas cher,https://www.celio.com/fr-fr/c/vetements-pas-chers-costumes-pas-chers,9,0,2
2026-07-09,celio,costume homme pas cher,https://www.celio.com/fr-fr/c/costumes-costumes-a---de-100e,1.3,4,39
2026-07-09,celio,costume homme pas cher,https://www.celio.com/fr-fr/c/vetements-pas-chers-costumes-pas-chers,27.5,0,8
2026-07-10,celio,costume homme pas cher,https://www.celio.com/fr-be/c/costumes-costumes-a---de-100e,1,0,3
2026-07-10,celio,costume homme pas cher,https://www.celio.com/fr-fr/c/costumes-costumes-a---de-100e,1.3,2,26
2026-07-10,celio,costume homme pas cher,https://www.celio.com/fr-fr/c/vetements-pas-chers-costumes-pas-chers,15.4,0,5
2026-07-11,celio,costume homme pas cher,https://www.celio.com/fr-be/c/vetements-pas-chers-costumes-pas-chers,2,0,2
2026-07-11,celio,costume homme pas cher,https://www.celio.com/fr-fr/c/costumes-costumes-a---de-100e,2.1,2,40
2026-07-11,celio,costume homme pas cher,https://www.celio.com/fr-fr/c/vetements-pas-chers-costumes-pas-chers,21,0,2
2026-07-12,celio,costume homme pas cher,https://www.celio.com/fr-be/c/costumes-costumes-a---de-100e,1,0,2
2026-07-12,celio,costume homme pas cher,https://www.celio.com/fr-fr/c/costumes-costumes-a---de-100e,1.8,7,41
2026-07-12,celio,costume homme pas cher,https://www.celio.com/fr-fr/c/vetements-pas-chers-costumes-pas-chers,23,0,4
2026-07-13,celio,costume homme pas cher,https://www.celio.com/fr-be/c/costumes-costumes-a---de-100e,1,0,2
2026-07-13,celio,costume homme pas cher,https://www.celio.com/fr-be/c/vetements-pas-chers-costumes-pas-chers,1,2,4
2026-07-13,celio,costume homme pas cher,https://www.celio.com/fr-fr/c/costumes-costumes-a---de-100e,1.7,6,35
2026-07-13,celio,costume homme pas cher,https://www.celio.com/fr-fr/c/vetements-pas-chers-costumes-pas-chers,20.6,0,8
2026-07-14,celio,costume homme pas cher,https://www.celio.com/fr-fr/c/costumes-costumes-a---de-100e,1.3,1,28
2026-07-15,celio,costume homme pas cher,https://www.celio.com/fr-be/c/vetements-pas-chers-costumes-pas-chers,3,0,2
2026-07-15,celio,costume homme pas cher,https://www.celio.com/fr-fr/c/costumes-costumes-a---de-100e,1.4,4,30
2026-07-15,celio,costume homme pas cher,https://www.celio.com/fr-fr/c/vetements-pas-chers-costumes-pas-chers,13.5,0,4
2026-07-16,celio,costume homme pas cher,https://www.celio.com/fr-fr/c/costumes-costumes-a---de-100e,1.8,3,36
2026-07-16,celio,costume homme pas cher,https://www.celio.com/fr-fr/c/vetements-pas-chers-costumes-pas-chers,15.9,0,20
2026-07-17,celio,costume homme pas cher,https://www.celio.com/fr-be/c/costumes-costumes-a---de-100e,1,0,2
2026-07-17,celio,costume homme pas cher,https://www.celio.com/fr-fr/c/costumes-costumes-a---de-100e,1.7,2,41
2026-07-17,celio,costume homme pas cher,https://www.celio.com/fr-fr/c/vetements-pas-chers-costumes-pas-chers,18.1,0,7
2026-07-18,celio,costume homme pas cher,https://www.celio.com/fr-be/c/costumes-costumes-a---de-100e,1,0,2
2026-07-18,celio,costume homme pas cher,https://www.celio.com/fr-be/c/vetements-pas-chers-costumes-pas-chers,2.7,1,3
2026-07-18,celio,costume homme pas cher,https://www.celio.com/fr-fr/c/costumes-costumes-a---de-100e,1.5,9,42
2026-07-18,celio,costume homme pas cher,https://www.celio.com/fr-fr/c/vetements-pas-chers-costumes-pas-chers,22.5,0,2
2026-07-19,celio,costume homme pas cher,https://www.celio.com/fr-fr/c/costumes-costumes-a---de-100e,1.5,2,46
2026-07-19,celio,costume homme pas cher,https://www.celio.com/fr-fr/c/vetements-pas-chers-costumes-pas-chers,23.3,0,3
2026-07-20,celio,costume homme pas cher,https://www.celio.com/fr-be/c/costumes-costumes-a---de-100e,1,0,2
2026-07-20,celio,costume homme pas cher,https://www.celio.com/fr-fr/c/costumes-costumes-a---de-100e,1.7,3,32
2026-07-20,celio,costume homme pas cher,https://www.celio.com/fr-fr/c/costumes-vestes-de-costume,65.5,0,2
2026-07-20,celio,costume homme pas cher,https://www.celio.com/fr-fr/c/vetements-pas-chers-costumes-pas-chers,21.2,0,4
2026-07-21,celio,costume homme pas cher,https://www.celio.com/fr-fr/c/costumes-costumes-a---de-100e,1.1,4,30
2026-07-21,celio,costume homme pas cher,https://www.celio.com/fr-fr/c/vetements-pas-chers-costumes-pas-chers,25.8,0,4
2026-07-22,celio,costume homme pas cher,https://www.celio.com/fr-be/c/costumes-costumes-a---de-100e,1,0,3
2026-07-22,celio,costume homme pas cher,https://www.celio.com/fr-be/c/vetements-pas-chers-costumes-pas-chers,3,0,5
2026-07-22,celio,costume homme pas cher,https://www.celio.com/fr-fr/c/costumes-costumes-a---de-100e,1.5,3,35
2026-07-23,celio,costume homme pas cher,https://www.celio.com/fr-be/c/costumes-costumes-a---de-100e,1,0,2
2026-07-23,celio,costume homme pas cher,https://www.celio.com/fr-be/c/vetements-pas-chers-costumes-pas-chers,1.7,1,3
2026-07-23,celio,costume homme pas cher,https://www.celio.com/fr-fr/c/costumes-costumes-a---de-100e,1.6,6,38
2026-07-23,celio,costume homme pas cher,https://www.celio.com/fr-fr/c/vetements-pas-chers-costumes-pas-chers,28.8,0,5
2026-07-24,celio,costume homme pas cher,https://www.celio.com/fr-be/c/costumes-costumes-a---de-100e,1,0,2
2026-07-24,celio,costume homme pas cher,https://www.celio.com/fr-be/c/vetements-pas-chers-costumes-pas-chers,1,0,4
2026-07-24,celio,costume homme pas cher,https://www.celio.com/fr-fr/c/costumes-costumes-a---de-100e,1.8,3,44
2026-07-24,celio,costume homme pas cher,https://www.celio.com/fr-fr/c/vetements-pas-chers-costumes-pas-chers,17.9,0,9
2026-07-25,celio,costume homme pas cher,https://www.celio.com/fr-be/c/vetements-pas-chers-costumes-pas-chers,1,0,3
2026-07-25,celio,costume homme pas cher,https://www.celio.com/fr-fr/c/costumes-costumes-a---de-100e,1.2,3,43
2026-07-25,celio,costume homme pas cher,https://www.celio.com/fr-fr/c/vetements-pas-chers-costumes-pas-chers,16.4,0,17
2026-07-26,celio,costume homme pas cher,https://www.celio.com/fr-be/c/costumes-costumes-a---de-100e,1,0,2
2026-07-26,celio,costume homme pas cher,https://www.celio.com/fr-be/c/vetements-pas-chers-costumes-pas-chers,1,0,3
2026-07-26,celio,costume homme pas cher,https://www.celio.com/fr-fr/c/costumes-costumes-a---de-100e,1.5,5,41
2026-07-26,celio,costume homme pas cher,https://www.celio.com/fr-fr/c/vetements-pas-chers-costumes-pas-chers,21.2,0,16
2026-07-27,celio,costume homme pas cher,https://www.celio.com/fr-be/c/vetements-pas-chers-costumes-pas-chers,4.3,0,6
2026-07-27,celio,costume homme pas cher,https://www.celio.com/fr-fr/c/costumes-costumes-a---de-100e,1.3,3,46
2026-07-27,celio,costume homme pas cher,https://www.celio.com/fr-fr/c/vetements-pas-chers-costumes-pas-chers,22.2,0,20
2026-07-28,celio,costume homme pas cher,https://www.celio.com/fr-fr/c/costumes-costumes-a---de-100e,1.5,5,38
2026-07-28,celio,costume homme pas cher,https://www.celio.com/fr-fr/c/vetements-pas-chers-costumes-pas-chers,17.5,0,2
2026-07-29,celio,costume homme pas cher,https://www.celio.com/fr-be/c/vetements-pas-chers-costumes-pas-chers,2.8,0,6
2026-07-29,celio,costume homme pas cher,https://www.celio.com/fr-fr/c/costumes-costumes-a---de-100e,1.8,3,43
2026-07-29,celio,costume homme pas cher,https://www.celio.com/fr-fr/c/vetements-pas-chers-costumes-pas-chers,19,0,14
2026-07-30,celio,costume homme pas cher,https://www.celio.com/fr-be/c/vetements-pas-chers-costumes-pas-chers,3,0,2
2026-07-30,celio,costume homme pas cher,https://www.celio.com/fr-fr/c/costumes-costumes-a---de-100e,1.1,1,24
2026-07-30,celio,costume homme pas cher,https://www.celio.com/fr-fr/c/vetements-pas-chers-costumes-pas-chers,14.7,0,14
2026-07-31,celio,costume homme pas cher,https://www.celio.com/fr-be/c/costumes-costumes-a---de-100e,1.4,0,5
2026-07-31,celio,costume homme pas cher,https://www.celio.com/fr-be/c/vetements-pas-chers-costumes-pas-chers,1.7,0,3
2026-07-31,celio,costume homme pas cher,https://www.celio.com/fr-fr/c/costumes-costumes-a---de-100e,1.2,3,45
2026-07-31,celio,costume homme pas cher,https://www.celio.com/fr-fr/c/vetements-pas-chers-costumes-pas-chers,17.4,0,42
2026-08-01,celio,costume homme pas cher,https://www.celio.com/fr-be/c/vetements-pas-chers-costumes-pas-chers,2.5,0,2
2026-08-01,celio,costume homme pas cher,https://www.celio.com/fr-fr/c/costumes-costumes-a---de-100e,1.2,5,35
2026-08-01,celio,costume homme pas cher,https://www.celio.com/fr-fr/c/vetements-pas-chers-costumes-pas-chers,17.4,0,24
2026-08-02,celio,costume homme pas cher,https://www.celio.com/fr-be/c/vetements-pas-chers-costumes-pas-chers,3,0,3
2026-08-02,celio,costume homme pas cher,https://www.celio.com/fr-fr/c/costumes-costumes-a---de-100e,1.1,11,49
2026-08-02,celio,costume homme pas cher,https://www.celio.com/fr-fr/c/vetements-pas-chers-costumes-pas-chers,13.6,0,20
2026-08-03,celio,costume homme pas cher,https://www.celio.com/fr-be/c/vetements-pas-chers-costumes-pas-chers,2,1,4
2026-08-03,celio,costume homme pas cher,https://www.celio.com/fr-fr/c/costumes-costumes-a---de-100e,1.2,5,38
2026-08-03,celio,costume homme pas cher,https://www.celio.com/fr-fr/c/vetements-pas-chers-costumes-pas-chers,18.6,0,21
2026-08-04,celio,costume homme pas cher,https://www.celio.com/fr-be/c/vetements-pas-chers-costumes-pas-chers,1.5,0,2
2026-08-04,celio,costume homme pas cher,https://www.celio.com/fr-fr/c/costumes-costumes-a---de-100e,1.2,5,51
2026-08-04,celio,costume homme pas cher,https://www.celio.com/fr-fr/c/vetements-pas-chers-costumes-pas-chers,17.6,0,24
2026-08-05,celio,costume homme pas cher,https://www.celio.com/fr-be/c/costumes-costumes-a---de-100e,2,0,2
2026-08-05,celio,costume homme pas cher,https://www.celio.com/fr-be/c/vetements-pas-chers-costumes-pas-chers,2.1,0,9
2026-08-05,celio,costume homme pas cher,https://www.celio.com/fr-fr/c/costumes-costumes-a---de-100e,1.5,3,42
2026-08-05,celio,costume homme pas cher,https://www.celio.com/fr-fr/c/vetements-pas-chers-costumes-pas-chers,17.6,0,26
2026-08-06,celio,costume homme pas cher,https://www.celio.com/fr-be/c/vetements-pas-chers-costumes-pas-chers,2.5,0,6
2026-08-06,celio,costume homme pas cher,https://www.celio.com/fr-fr/c/costumes-costumes-a---de-100e,1.4,6,47
2026-08-07,celio,costume homme pas cher,https://www.celio.com/fr-be/c/costumes-costumes-a---de-100e,1.7,0,3
2026-08-07,celio,costume homme pas cher,https://www.celio.com/fr-be/c/vetements-pas-chers-costumes-pas-chers,3.2,0,4
2026-08-07,celio,costume homme pas cher,https://www.celio.com/fr-fr/c/costumes-costumes-a---de-100e,1.5,3,39
2026-08-07,celio,costume homme pas cher,https://www.celio.com/fr-fr/c/vetements-pas-chers-costumes-pas-chers,34.5,0,2
2026-08-08,celio,costume homme pas cher,https://www.celio.com/fr-fr/c/costumes-costumes-a---de-100e,2.0,5,52
2026-08-08,celio,costume homme pas cher,https://www.celio.com/fr-fr/c/vetements-pas-chers-costumes-pas-chers,56,0,2
2026-08-09,celio,costume homme pas cher,https://www.celio.com/fr-be/c/costumes-costumes-a---de-100e,1,0,2
2026-08-09,celio,costume homme pas cher,https://www.celio.com/fr-be/c/vetements-pas-chers-costumes-pas-chers,2,0,3
2026-08-09,celio,costume homme pas cher,https://www.celio.com/fr-fr/c/costumes-costumes-a---de-100e,1.1,6,37
2026-08-09,celio,costume homme pas cher,https://www.celio.com/fr-fr/c/vetements-pas-chers-costumes-pas-chers,32.1,0,7
2026-08-10,celio,costume homme pas cher,https://www.celio.com/fr-be/c/costumes-costumes-a---de-100e,2.3,0,3
2026-08-10,celio,costume homme pas cher,https://www.celio.com/fr-be/c/vetements-pas-chers-costumes-pas-chers,8,0,4
2026-08-10,celio,costume homme pas cher,https://www.celio.com/fr-fr/c/costumes-costumes-a---de-100e,1.3,7,42
2026-08-10,celio,costume homme pas cher,https://www.celio.com/fr-fr/c/vetements-pas-chers-costumes-pas-chers,13.8,0,4
2026-08-11,celio,costume homme pas cher,https://www.celio.com/fr-fr/c/costumes-costumes-a---de-100e,1.4,5,32
2026-08-11,celio,costume homme pas cher,https://www.celio.com/fr-fr/c/vetements-pas-chers-costumes-pas-chers,51,0,2
2026-08-12,celio,costume homme pas cher,https://www.celio.com/fr-be/c/vetements-pas-chers-costumes-pas-chers,1,0,3
2026-08-12,celio,costume homme pas cher,https://www.celio.com/fr-fr/c/costumes-costumes-a---de-100e,1.2,4,40
2026-08-13,celio,costume homme pas cher,https://www.celio.com/fr-fr/c/costumes-costumes-a---de-100e,1.2,5,55
2026-08-13,celio,costume homme pas cher,https://www.celio.com/fr-fr/c/vetements-pas-chers-costumes-pas-chers,16,0,4
2026-08-14,celio,costume homme pas cher,https://www.celio.com/fr-be/c/costumes-costumes-a---de-100e,1,0,2
2026-08-14,celio,costume homme pas cher,https://www.celio.com/fr-fr/c/costumes-costumes-a---de-100e,1.1,5,30
2026-08-14,celio,costume homme pas cher,https://www.celio.com/fr-fr/c/vetements-pas-chers-costumes-pas-chers,38.2,0,4
2026-08-15,celio,costume homme pas cher,https://www.celio.com/fr-be/c/costumes-costumes-a---de-100e,1,0,2
2026-08-15,celio,costume homme pas cher,https://www.celio.com/fr-fr/c/costumes-costumes-a---de-100e,1.2,0,34
2026-08-15,celio,costume homme pas cher,https://www.celio.com/fr-fr/c/vetements-pas-chers-costumes-pas-chers,40.5,0,10
2026-08-16,celio,costume homme pas cher,https://www.celio.com/fr-be/c/vetements-pas-chers-costumes-pas-chers,1,0,2
2026-08-16,celio,costume homme pas cher,https://www.celio.com/fr-fr/c/costumes-costumes-a---de-100e,1.4,6,38
2026-08-16,celio,costume homme pas cher,https://www.celio.com/fr-fr/c/vetements-pas-chers-costumes-pas-chers,50.5,0,2
2026-08-17,celio,costume homme pas cher,https://www.celio.com/fr-be/c/costumes-costumes-a---de-100e,1,0,2
2026-08-17,celio,costume homme pas cher,https://www.celio.com/fr-be/c/vetements-pas-chers-costumes-pas-chers,1.7,0,3
2026-08-17,celio,costume homme pas cher,https://www.celio.com/fr-fr/c/costumes-costumes-a---de-100e,1.3,6,43
2026-08-17,celio,costume homme pas cher,https://www.celio.com/fr-fr/c/vetements-pas-chers-costumes-pas-chers,53.2,0,6
2026-08-18,celio,costume homme pas cher,https://www.celio.com/fr-fr/c/costumes-costumes-a---de-100e,1.3,4,39
2026-08-19,celio,costume homme pas cher,https://www.celio.com/fr-be/c/vetements-pas-chers-costumes-pas-chers,1,0,5
2026-08-19,celio,costume homme pas cher,https://www.celio.com/fr-fr/c/costumes-costumes-a---de-100e,1.2,5,44
2026-08-19,celio,costume homme pas cher,https://www.celio.com/fr-fr/c/vetements-pas-chers-costumes-pas-chers,49.2,0,6
2026-08-20,celio,costume homme pas cher,https://www.celio.com/fr-be/c/costumes-costumes-a---de-100e,2.5,1,2
2026-08-20,celio,costume homme pas cher,https://www.celio.com/fr-be/c/vetements-pas-chers-costumes-pas-chers,1.5,1,4
2026-08-20,celio,costume homme pas cher,https://www.celio.com/fr-fr/c/costumes-costumes-a---de-100e,1.1,9,61
2026-08-21,celio,costume homme pas cher,https://www.celio.com/fr-be/c/costumes-costumes-a---de-100e,1,0,2
2026-08-21,celio,costume homme pas cher,https://www.celio.com/fr-fr/c/costumes-costumes-a---de-100e,1.1,2,33
2026-08-22,celio,costume homme pas cher,https://www.celio.com/fr-be/c/costumes-costumes-a---de-100e,1,0,3
2026-08-22,celio,costume homme pas cher,https://www.celio.com/fr-be/c/vetements-pas-chers-costumes-pas-chers,1.8,0,4
2026-08-22,celio,costume homme pas cher,https://www.celio.com/fr-fr/c/costumes-costumes-a---de-100e,1.4,5,47
2026-08-22,celio,costume homme pas cher,https://www.celio.com/fr-fr/c/vetements-pas-chers-costumes-pas-chers,41.5,0,2
2026-08-23,celio,costume homme pas cher,https://www.celio.com/fr-be/c/costumes-costumes-a---de-100e,1,0,2
2026-08-23,celio,costume homme pas cher,https://www.celio.com/fr-be/c/vetements-pas-chers-costumes-pas-chers,2,1,2
2026-08-23,celio,costume homme pas cher,https://www.celio.com/fr-fr/c/costumes,27.3,0,3
2026-08-23,celio,costume homme pas cher,https://www.celio.com/fr-fr/c/costumes-costumes-a---de-100e,1.8,11,49
2026-08-24,celio,costume homme pas cher,https://www.celio.com/fr-be/c/costumes-costumes-a---de-100e,1,0,2
2026-08-24,celio,costume homme pas cher,https://www.celio.com/fr-fr/c/costumes-costumes-a---de-100e,1.2,5,45
2026-08-25,celio,costume homme pas cher,https://www.celio.com/fr-be/c/costumes-costumes-a---de-100e,1.5,0,2
2026-08-25,celio,costume homme pas cher,https://www.celio.com/fr-be/c/vetements-pas-chers-costumes-pas-chers,1.8,0,4
2026-08-25,celio,costume homme pas cher,https://www.celio.com/fr-fr/c/costumes-costumes-a---de-100e,1.1,5,50
2026-08-25,celio,costume homme pas cher,https://www.celio.com/fr-fr/c/vetements-pas-chers-costumes-pas-chers,40,0,2
2026-08-26,celio,costume homme pas cher,https://www.celio.com/fr-be/c/costumes-costumes-a---de-100e,1.5,0,2
2026-08-26,celio,costume homme pas cher,https://www.celio.com/fr-be/c/vetements-pas-chers-costumes-pas-chers,2,1,2
2026-08-26,celio,costume homme pas cher,https://www.celio.com/fr-fr/c/costumes-costumes-a---de-100e,1.2,2,51
2026-08-26,celio,costume homme pas cher,https://www.celio.com/fr-fr/c/vetements-pas-chers-costumes-pas-chers,58,0,3
2026-08-27,celio,costume homme pas cher,https://www.celio.com/fr-be/c/vetements-pas-chers-costumes-pas-chers,1,1,2
2026-08-27,celio,costume homme pas cher,https://www.celio.com/fr-fr/c/costumes-costumes-a---de-100e,1.2,7,43
2026-08-27,celio,costume homme pas cher,https://www.celio.com/fr-fr/c/vetements-pas-chers-costumes-pas-chers,58.5,0,2
2026-08-28,celio,costume homme pas cher,https://www.celio.com/fr-be/c/costumes-costumes-a---de-100e,1.2,0,4
2026-08-28,celio,costume homme pas cher,https://www.celio.com/fr-fr/c/costumes-costumes-a---de-100e,1.3,7,54
2026-08-28,celio,costume homme pas cher,https://www.celio.com/fr-fr/c/vetements-pas-chers-costumes-pas-chers,50.8,0,5
2026-08-29,celio,costume homme pas cher,https://www.celio.com/fr-be/c/costumes-costumes-a---de-100e,1.6,1,7
2026-08-29,celio,costume homme pas cher,https://www.celio.com/fr-be/c/vetements-pas-chers-costumes-pas-chers,15.2,0,6
2026-08-29,celio,costume homme pas cher,https://www.celio.com/fr-fr/c/costumes-costumes-a---de-100e,1.5,5,61
2026-08-29,celio,costume homme pas cher,https://www.celio.com/fr-fr/c/vetements-pas-chers-costumes-pas-chers,40,0,2
2026-08-30,celio,costume homme pas cher,https://www.celio.com/fr-be/c/costumes-costumes-a---de-100e,1.7,0,6
2026-08-30,celio,costume homme pas cher,https://www.celio.com/fr-be/c/vetements-pas-chers-costumes-pas-chers,15,0,5
2026-08-30,celio,costume homme pas cher,https://www.celio.com/fr-fr/c/costumes-costumes-a---de-100e,1.2,7,67
2026-08-30,celio,costume homme pas cher,https://www.celio.com/fr-fr/c/vetements-pas-chers-costumes-pas-chers,29,0,2
2026-08-31,celio,costume homme pas cher,https://www.celio.com/fr-be/c/costumes-costumes-a---de-100e,1,0,2
2026-08-31,celio,costume homme pas cher,https://www.celio.com/fr-fr/c/costumes-costumes-a---de-100e,1.1,2,44
2026-08-31,celio,costume homme pas cher,https://www.celio.com/fr-fr/c/vetements-pas-chers-costumes-pas-chers,33.8,0,6
2026-09-01,celio,costume homme pas cher,https://www.celio.com/fr-be/c/costumes-costumes-a---de-100e,2.7,1,6
2026-09-01,celio,costume homme pas cher,https://www.celio.com/fr-be/c/vetements-pas-chers-costumes-pas-chers,21.2,0,6
2026-09-01,celio,costume homme pas cher,https://www.celio.com/fr-fr/c/costumes-costumes-a---de-100e,1.7,3,48
2026-09-02,celio,costume homme pas cher,https://www.celio.com/fr-be/c/costumes-costumes-a---de-100e,1.6,1,7
2026-09-02,celio,costume homme pas cher,https://www.celio.com/fr-be/c/vetements-pas-chers-costumes-pas-chers,15,0,2
2026-09-02,celio,costume homme pas cher,https://www.celio.com/fr-fr/c/costumes-costumes-a---de-100e,1.2,8,56
2026-09-02,celio,costume homme pas cher,https://www.celio.com/fr-fr/c/vetements-pas-chers-costumes-pas-chers,43,0,2
2026-09-03,celio,costume homme pas cher,https://www.celio.com/fr-be/c/costumes-costumes-a---de-100e,1,0,4
2026-09-03,celio,costume homme pas cher,https://www.celio.com/fr-fr/c/costumes-costumes-a---de-100e,1.2,7,52
2026-09-03,celio,costume homme pas cher,https://www.celio.com/fr-fr/c/vetements-pas-chers-costumes-pas-chers,37.7,0,6
2026-09-04,celio,costume homme pas cher,https://www.celio.com/fr-be/c/costumes-costume-3-pieces-pour-homme,14,0,2
2026-09-04,celio,costume homme pas cher,https://www.celio.com/fr-be/c/costumes-costumes-a---de-100e,1,1,5
2026-09-04,celio,costume homme pas cher,https://www.celio.com/fr-fr/c/costumes-costumes-a---de-100e,1.3,9,50
2026-09-04,celio,costume homme pas cher,https://www.celio.com/fr-fr/c/vetements-pas-chers-costumes-pas-chers,15.8,0,6
2026-09-05,celio,costume homme pas cher,https://www.celio.com/fr-be/c/costumes-costumes-a---de-100e,2.8,0,5
2026-09-05,celio,costume homme pas cher,https://www.celio.com/fr-be/c/vetements-pas-chers-costumes-pas-chers,15.5,0,2
2026-09-05,celio,costume homme pas cher,https://www.celio.com/fr-fr/c/costumes-costumes-a---de-100e,2.2,8,53
2026-09-05,celio,costume homme pas cher,https://www.celio.com/fr-fr/c/vetements-pas-chers-costumes-pas-chers,41.5,0,2
2026-09-06,celio,costume homme pas cher,https://www.celio.com/fr-be/c/costumes-costumes-a---de-100e,1,0,2
2026-09-06,celio,costume homme pas cher,https://www.celio.com/fr-fr/c/costumes-costumes-a---de-100e,2.6,4,41
2026-09-06,celio,costume homme pas cher,https://www.celio.com/fr-fr/c/vetements-pas-chers-costumes-pas-chers,40.2,0,4
2026-09-07,celio,costume homme pas cher,https://www.celio.com/fr-be/c/costumes-costumes-a---de-100e,1,0,2
2026-09-07,celio,costume homme pas cher,https://www.celio.com/fr-fr/c/costumes-costumes-a---de-100e,1.4,11,55
2026-09-07,celio,costume homme pas cher,https://www.celio.com/fr-fr/c/vetements-pas-chers-costumes-pas-chers,50.9,0,7
2026-09-08,celio,costume homme pas cher,https://www.celio.com/fr-be/c/costumes-costumes-a---de-100e,1.2,1,5
2026-09-08,celio,costume homme pas cher,https://www.celio.com/fr-be/c/vetements-pas-chers-costumes-pas-chers,16,0,2
2026-09-08,celio,costume homme pas cher,https://www.celio.com/fr-fr/c/costumes-costumes-a---de-100e,1.9,8,59
2026-09-08,celio,costume homme pas cher,https://www.celio.com/fr-fr/c/vetements-pas-chers-costumes-pas-chers,53.5,0,2
2026-09-09,celio,costume homme pas cher,https://www.celio.com/fr-be/c/costumes-costumes-a---de-100e,2,0,3
2026-09-09,celio,costume homme pas cher,https://www.celio.com/fr-fr/c/costumes-costumes-a---de-100e,1.4,2,53
2026-09-10,celio,costume homme pas cher,https://www.celio.com/fr-be/c/costumes-costumes-a---de-100e,1.3,0,7
2026-09-10,celio,costume homme pas cher,https://www.celio.com/fr-fr/c/costumes-costumes-a---de-100e,2.3,3,34
2026-09-10,celio,costume homme pas cher,https://www.celio.com/fr-fr/c/vetements-pas-chers-costumes-pas-chers,53.4,0,5
2026-09-11,celio,costume homme pas cher,https://www.celio.com/fr-fr/c/costumes-costumes-a---de-100e,1.4,6,44
2026-09-11,celio,costume homme pas cher,https://www.celio.com/fr-fr/c/vetements-pas-chers-costumes-pas-chers,58.5,0,2
2026-09-12,celio,costume homme pas cher,https://www.celio.com/fr-fr/c/costumes-costumes-a---de-100e,1.2,4,50
2026-09-12,celio,costume homme pas cher,https://www.celio.com/fr-fr/c/vetements-pas-chers-costumes-pas-chers,44,0,2
2026-09-13,celio,costume homme pas cher,https://www.celio.com/fr-be/c/costumes-costumes-a---de-100e,1,1,6
2026-09-13,celio,costume homme pas cher,https://www.celio.com/fr-be/c/vetements-pas-chers-costumes-pas-chers,76,0,2
2026-09-13,celio,costume homme pas cher,https://www.celio.com/fr-fr/c/costumes-costumes-a---de-100e,1.3,4,44
2026-09-13,celio,costume homme pas cher,https://www.celio.com/fr-fr/c/vetements-pas-chers-costumes-pas-chers,40.2,0,5
2026-09-14,celio,costume homme pas cher,https://www.celio.com/fr-be/c/costumes-costumes-a---de-100e,2.7,0,3
2026-09-14,celio,costume homme pas cher,https://www.celio.com/fr-fr/c/costumes-costumes-a---de-100e,1.2,3,48
2026-09-14,celio,costume homme pas cher,https://www.celio.com/fr-fr/c/vetements-pas-chers-costumes-pas-chers,17.2,0,10
2026-09-15,celio,costume homme pas cher,https://www.celio.com/fr-fr/c/costumes-costumes-a---de-100e,1.3,7,50
2026-09-15,celio,costume homme pas cher,https://www.celio.com/fr-fr/c/vetements-pas-chers-costumes-pas-chers,22,0,2
2026-09-16,celio,costume homme pas cher,https://www.celio.com/fr-be/c/costumes-costumes-a---de-100e,1.3,1,3
2026-09-16,celio,costume homme pas cher,https://www.celio.com/fr-fr/c/costumes-costumes-a---de-100e,1.5,5,32
2026-09-16,celio,costume homme pas cher,https://www.celio.com/fr-fr/c/vetements-pas-chers-costumes-pas-chers,22,0,2
2026-09-17,celio,costume homme pas cher,https://www.celio.com/fr-be/c/costumes-costumes-a---de-100e,2,0,5
2026-09-17,celio,costume homme pas cher,https://www.celio.com/fr-fr/c/costumes-costumes-a---de-100e,1.6,8,51
2026-09-17,celio,costume homme pas cher,https://www.celio.com/fr-fr/c/vetements-pas-chers-costumes-pas-chers,12.2,0,10
2026-09-18,celio,costume homme pas cher,https://www.celio.com/fr-be/c/costumes-costumes-a---de-100e,1.2,0,6
2026-09-18,celio,costume homme pas cher,https://www.celio.com/fr-fr/c/costumes-costumes-a---de-100e,1.6,10,48
2026-09-18,celio,costume homme pas cher,https://www.celio.com/fr-fr/c/vetements-pas-chers-costumes-pas-chers,20.7,0,17
2026-09-19,celio,costume homme pas cher,https://www.celio.com/fr-be/c/costumes-costumes-a---de-100e,2,0,5
2026-09-19,celio,costume homme pas cher,https://www.celio.com/fr-fr/c/costumes-costumes-a---de-100e,1.4,7,49
2026-09-19,celio,costume homme pas cher,https://www.celio.com/fr-fr/c/vetements-pas-chers-costumes-pas-chers,14.8,0,11
2026-09-20,celio,costume homme pas cher,https://www.celio.com/fr-be/c/costumes-costumes-a---de-100e,2,0,4
2026-09-20,celio,costume homme pas cher,https://www.celio.com/fr-be/c/vetements-pas-chers-costumes-pas-chers,3.5,0,2
2026-09-20,celio,costume homme pas cher,https://www.celio.com/fr-fr/c/costumes-costumes-a---de-100e,1.1,4,62
2026-09-20,celio,costume homme pas cher,https://www.celio.com/fr-fr/c/vetements-pas-chers-costumes-pas-chers,14.6,0,5
2026-09-21,celio,costume homme pas cher,https://www.celio.com/fr-be/c/costumes-costumes-a---de-100e,1.5,0,2
2026-09-21,celio,costume homme pas cher,https://www.celio.com/fr-fr/c/costumes-costumes-a---de-100e,1.2,8,36
2026-09-22,celio,costume homme pas cher,https://www.celio.com/fr-be/c/costumes-costumes-a---de-100e,1,0,2
2026-09-22,celio,costume homme pas cher,https://www.celio.com/fr-fr/c/costumes-costumes-a---de-100e,1.5,1,40
2026-09-22,celio,costume homme pas cher,https://www.celio.com/fr-fr/c/vetements-pas-chers-costumes-pas-chers,49,0,2
2026-09-23,celio,costume homme pas cher,https://www.celio.com/fr-fr/c/costumes-costumes-a---de-100e,1.5,8,64
2026-09-24,celio,costume homme pas cher,https://www.celio.com/fr-be/c/costumes-costumes-a---de-100e,3.4,0,5
2026-09-24,celio,costume homme pas cher,https://www.celio.com/fr-fr/c/costumes-costumes-a---de-100e,1.2,5,53
2026-09-24,celio,costume homme pas cher,https://www.celio.com/fr-fr/c/vetements-pas-chers-costumes-pas-chers,26.6,0,11
2026-09-25,celio,costume homme pas cher,https://www.celio.com/fr-be/c/costumes-costumes-a---de-100e,3.5,0,4
2026-09-25,celio,costume homme pas cher,https://www.celio.com/fr-fr/c/costumes-costumes-a---de-100e,1.2,6,46
2026-09-25,celio,costume homme pas cher,https://www.celio.com/fr-fr/c/vetements-pas-chers-costumes-pas-chers,17.2,0,28
2026-09-26,celio,costume homme pas cher,https://www.celio.com/fr-be/c/costumes-costumes-a---de-100e,3.2,1,5
2026-09-26,celio,costume homme pas cher,https://www.celio.com/fr-fr/c/costumes-costumes-a---de-100e,1.3,14,60
2026-09-26,celio,costume homme pas cher,https://www.celio.com/fr-fr/c/vetements-pas-chers-costumes-pas-chers,20.0,0,22
2026-09-27,celio,costume homme pas cher,https://www.celio.com/fr-fr/c/costumes-costumes-a---de-100e,1.2,11,46
2026-09-27,celio,costume homme pas cher,https://www.celio.com/fr-fr/c/vetements-pas-chers-costumes-pas-chers,24.7,0,15
2026-09-28,celio,costume homme pas cher,https://www.celio.com/fr-fr/c/costumes-costumes-a---de-100e,1.3,6,51
2026-09-28,celio,costume homme pas cher,https://www.celio.com/fr-fr/c/vetements-pas-chers-costumes-pas-chers,41.5,0,2
2026-09-28,celio,costume homme pas cher,https://www.celio.com/fr-fr/store?StoreID=1692,5,0,2
2026-09-29,celio,costume homme pas cher,https://www.celio.com/fr-fr/c/costumes-costumes-a---de-100e,1.2,7,41
2026-09-30,celio,costume homme pas cher,https://www.celio.com/fr-fr/c/costumes-costumes-a---de-100e,1.2,4,53
2026-09-30,celio,costume homme pas cher,https://www.celio.com/fr-fr/c/vetements-pas-chers-costumes-pas-chers,23.6,0,14
2026-07-03,celio,ensemble homme,https://www.celio.com/fr-be/c/saisonniers-ensemble,1.1,1,9
2026-07-03,celio,ensemble homme,https://www.celio.com/fr-fr/c/saisonniers-ensemble,2.4,18,461
2026-07-04,celio,ensemble homme,https://www.celio.com/fr-be/c/saisonniers-ensemble,2,0,16
2026-07-04,celio,ensemble homme,https://www.celio.com/fr-fr/c/saisonniers-ensemble,2.1,13,508
2026-07-05,celio,ensemble homme,https://www.celio.com/fr-be/c/saisonniers-ensemble,1.6,2,17
2026-07-05,celio,ensemble homme,https://www.celio.com/fr-fr/c/saisonniers-ensemble,2.1,21,602
2026-07-05,celio,ensemble homme,https://www.celio.com/fr-fr/store?StoreID=0012,3.3,0,3
2026-07-05,celio,ensemble homme,https://www.celio.com/fr-fr/store?StoreID=0132,12.5,0,2
2026-07-06,celio,ensemble homme,https://www.celio.com/es-es/c/temporeros-conjuntos,15,0,2
2026-07-06,celio,ensemble homme,https://www.celio.com/fr-be/c/saisonniers-ensemble,1.2,0,22
2026-07-06,celio,ensemble homme,https://www.celio.com/fr-fr/c/saisonniers-ensemble,2.5,21,555
2026-07-07,celio,ensemble homme,https://www.celio.com/fr-be/c/saisonniers-ensemble,1.2,2,18
2026-07-07,celio,ensemble homme,https://www.celio.com/fr-fr/c/saisonniers-ensemble,2.3,14,560
2026-07-08,celio,ensemble homme,https://www.celio.com/fr-be/c/saisonniers-ensemble,1.3,2,14
2026-07-08,celio,ensemble homme,https://www.celio.com/fr-fr/c/saisonniers-ensemble,2.8,15,517
2026-07-08,celio,ensemble homme,https://www.celio.com/fr-fr/store?StoreID=0012,2,0,2
2026-07-09,celio,ensemble homme,https://www.celio.com/fr-be/c/saisonniers-ensemble,1.2,1,5
2026-07-09,celio,ensemble homme,https://www.celio.com/fr-fr/c/saisonniers-ensemble,2.4,20,447
2026-07-10,celio,ensemble homme,https://www.celio.com/fr-be/c/saisonniers-ensemble,1.2,2,14
2026-07-10,celio,ensemble homme,https://www.celio.com/fr-fr/c/saisonniers-ensemble,2.4,10,429
2026-07-11,celio,ensemble homme,https://www.celio.com/fr-be/c/saisonniers-ensemble,1,0,6
2026-07-11,celio,ensemble homme,https://www.celio.com/fr-fr/c/saisonniers-ensemble,2.3,17,475
2026-07-12,celio,ensemble homme,https://www.celio.com/fr-be/c/saisonniers-ensemble,2.4,0,14
2026-07-12,celio,ensemble homme,https://www.celio.com/fr-fr/c/saisonniers-ensemble,2.4,18,516
2026-07-13,celio,ensemble homme,https://www.celio.com/fr-be/c/saisonniers-ensemble,1,1,8
2026-07-13,celio,ensemble homme,https://www.celio.com/fr-fr/c/saisonniers-ensemble,2.5,18,449
2026-07-14,celio,ensemble homme,https://www.celio.com/es-es/c/temporeros-conjuntos,13,0,2
2026-07-14,celio,ensemble homme,https://www.celio.com/fr-be/c/saisonniers-ensemble,1,0,3
2026-07-14,celio,ensemble homme,https://www.celio.com/fr-fr/c/saisonniers-ensemble,2.8,10,385
2026-07-15,celio,ensemble homme,https://www.celio.com/fr-be/c/saisonniers-ensemble,1,0,4
2026-07-15,celio,ensemble homme,https://www.celio.com/fr-fr/c/saisonniers-ensemble,2.6,13,387
2026-07-16,celio,ensemble homme,https://www.celio.com/fr-be/c/saisonniers-ensemble,1,2,6
2026-07-16,celio,ensemble homme,https://www.celio.com/fr-fr/c/saisonniers-ensemble,2.8,16,401
2026-07-16,celio,ensemble homme,https://www.celio.com/fr-fr/store?StoreID=0012,4.6,0,5
2026-07-16,celio,ensemble homme,https://www.celio.com/fr-fr/store?StoreID=0132,1,0,2
2026-07-17,celio,ensemble homme,https://www.celio.com/fr-be/c/saisonniers-ensemble,3.8,3,12
2026-07-17,celio,ensemble homme,https://www.celio.com/fr-fr/c/saisonniers-ensemble,2.7,11,370
2026-07-18,celio,ensemble homme,https://www.celio.com/fr-be/c/saisonniers-ensemble,1.7,0,7
2026-07-18,celio,ensemble homme,https://www.celio.com/fr-fr/c/saisonniers-ensemble,2.6,9,391
2026-07-18,celio,ensemble homme,https://www.celio.com/fr-fr/store?StoreID=0679,10,0,2
2026-07-19,celio,ensemble homme,https://www.celio.com/fr-be/c/saisonniers-ensemble,1.4,0,9
2026-07-19,celio,ensemble homme,https://www.celio.com/fr-fr/c/saisonniers-ensemble,2.6,14,399
2026-07-20,celio,ensemble homme,https://www.celio.com/fr-be/c/saisonniers-ensemble,1.5,0,13
2026-07-20,celio,ensemble homme,https://www.celio.com/fr-fr/c/saisonniers-ensemble,2.6,15,396
2026-07-21,celio,ensemble homme,https://www.celio.com/fr-be/c/saisonniers-ensemble,1.3,0,7
2026-07-21,celio,ensemble homme,https://www.celio.com/fr-fr/c/saisonniers-ensemble,2.9,14,409
2026-07-21,celio,ensemble homme,https://www.celio.com/fr-fr/store?StoreID=1463,7.5,0,2
2026-07-22,celio,ensemble homme,https://www.celio.com/fr-be/c/saisonniers-ensemble,1.2,1,13
2026-07-22,celio,ensemble homme,https://www.celio.com/fr-fr/c/saisonniers-ensemble,2.5,8,356
2026-07-23,celio,ensemble homme,https://www.celio.com/fr-be/c/saisonniers-ensemble,1.8,0,4
2026-07-23,celio,ensemble homme,https://www.celio.com/fr-fr/c/saisonniers-ensemble,2.7,8,354
2026-07-23,celio,ensemble homme,https://www.celio.com/fr-fr/store?StoreID=0108,4.5,0,2
2026-07-24,celio,ensemble homme,https://www.celio.com/fr-be/c/saisonniers-ensemble,1,0,4
2026-07-24,celio,ensemble homme,https://www.celio.com/fr-fr/c/saisonniers-ensemble,2.7,12,324
2026-07-24,celio,ensemble homme,https://www.celio.com/fr-fr/store?StoreID=0759,10,0,2
2026-07-25,celio,ensemble homme,https://www.celio.com/fr-be/c/saisonniers-ensemble,1,2,7
2026-07-25,celio,ensemble homme,https://www.celio.com/fr-fr/c/saisonniers-ensemble,2.8,17,370
2026-07-25,celio,ensemble homme,https://www.celio.com/fr-fr/store?StoreID=0122,11,0,2
2026-07-26,celio,ensemble homme,https://www.celio.com/fr-be/c/saisonniers-ensemble,1.7,0,22
2026-07-26,celio,ensemble homme,https://www.celio.com/fr-fr/c/saisonniers-ensemble,2.9,14,411
2026-07-26,celio,ensemble homme,https://www.celio.com/fr-fr/store?StoreID=0012,8,0,2
2026-07-26,celio,ensemble homme,https://www.celio.com/fr-fr/store?StoreID=0108,1,0,2
2026-07-26,celio,ensemble homme,https://www.celio.com/fr-fr/store?StoreID=0679,11.5,0,2
2026-07-27,celio,ensemble homme,https://www.celio.com/fr-be/c/saisonniers-ensemble,1.4,0,12
2026-07-27,celio,ensemble homme,https://www.celio.com/fr-fr/c/saisonniers-ensemble,2.9,14,412
2026-07-27,celio,ensemble homme,https://www.celio.com/fr-fr/store?StoreID=0108,11.5,0,2
2026-07-28,celio,ensemble homme,https://www.celio.com/fr-be/c/saisonniers-ensemble,1.5,0,8
2026-07-28,celio,ensemble homme,https://www.celio.com/fr-fr/c/saisonniers-ensemble,3.4,12,411
2026-07-28,celio,ensemble homme,https://www.celio.com/fr-fr/store?StoreID=0012,10,0,2
2026-07-28,celio,ensemble homme,https://www.celio.com/fr-fr/store?StoreID=0612,13,0,4
2026-07-29,celio,ensemble homme,https://www.celio.com/fr-be/c/saisonniers-ensemble,1,0,8
2026-07-29,celio,ensemble homme,https://www.celio.com/fr-fr/c/saisonniers-ensemble,2.8,11,333
2026-07-30,celio,ensemble homme,https://www.celio.com/fr-be/c/saisonniers-ensemble,1.7,1,14
2026-07-30,celio,ensemble homme,https://www.celio.com/fr-fr/c/saisonniers-ensemble,2.7,8,381
2026-07-30,celio,ensemble homme,https://www.celio.com/fr-fr/store?StoreID=0012,6.5,0,2
2026-07-30,celio,ensemble homme,https://www.celio.com/fr-fr/store?StoreID=0108,7,0,2
2026-07-30,celio,ensemble homme,https://www.celio.com/fr-fr/store?StoreID=0128,7,0,2
2026-07-31,celio,ensemble homme,https://www.celio.com/fr-be/c/saisonniers-ensemble,1.3,0,15
2026-07-31,celio,ensemble homme,https://www.celio.com/fr-fr/c/saisonniers-ensemble,2.2,12,375
2026-07-31,celio,ensemble homme,https://www.celio.com/fr-fr/store?StoreID=0012,7.3,0,3
2026-08-01,celio,ensemble homme,https://www.celio.com/fr-be/c/saisonniers-ensemble,1.2,0,11
2026-08-01,celio,ensemble homme,https://www.celio.com/fr-fr/c/saisonniers-ensemble,2.8,14,374
2026-08-01,celio,ensemble homme,https://www.celio.com/fr-fr/store?StoreID=0012,8,0,2
2026-08-01,celio,ensemble homme,https://www.celio.com/fr-fr/store?StoreID=0762,11,0,2
2026-08-02,celio,ensemble homme,https://www.celio.com/fr-be/c/saisonniers-ensemble,2.7,0,13
2026-08-02,celio,ensemble homme,https://www.celio.com/fr-fr/c/saisonniers-ensemble,2.6,9,419
2026-08-02,celio,ensemble homme,https://www.celio.com/fr-fr/store?StoreID=0012,9,0,2
2026-08-02,celio,ensemble homme,https://www.celio.com/fr-fr/store?StoreID=0759,8.3,0,3
2026-08-03,celio,ensemble homme,https://www.celio.com/fr-be/c/saisonniers-ensemble,1.6,1,14
2026-08-03,celio,ensemble homme,https://www.celio.com/fr-fr/c/saisonniers-ensemble,2.7,14,418
2026-08-03,celio,ensemble homme,https://www.celio.com/fr-fr/store?StoreID=0012,9,0,4
2026-08-03,celio,ensemble homme,https://www.celio.com/fr-fr/store?StoreID=0759,13.5,0,2
2026-08-04,celio,ensemble homme,https://www.celio.com/fr-be/c/saisonniers-ensemble,1.7,1,12
2026-08-04,celio,ensemble homme,https://www.celio.com/fr-fr/c/saisonniers-ensemble,2.9,10,380
2026-08-05,celio,ensemble homme,https://www.celio.com/fr-be/c/saisonniers-ensemble,1.2,0,12
2026-08-05,celio,ensemble homme,https://www.celio.com/fr-fr/c/saisonniers-ensemble,2.3,11,438
2026-08-05,celio,ensemble homme,https://www.celio.com/fr-fr/store?StoreID=0762,7,0,2
2026-08-06,celio,ensemble homme,https://www.celio.com/fr-be/c/saisonniers-ensemble,1.5,0,15
2026-08-06,celio,ensemble homme,https://www.celio.com/fr-fr/c/saisonniers-ensemble,2.3,15,431
2026-08-06,celio,ensemble homme,https://www.celio.com/fr-fr/store?StoreID=0759,7,0,2
2026-08-07,celio,ensemble homme,https://www.celio.com/fr-be/c/saisonniers-ensemble,1.6,0,10
2026-08-07,celio,ensemble homme,https://www.celio.com/fr-fr/c/saisonniers-ensemble,2.3,13,345
2026-08-07,celio,ensemble homme,https://www.celio.com/fr-fr/store?StoreID=0209,10,0,2
2026-08-07,celio,ensemble homme,https://www.celio.com/fr-fr/store?StoreID=0762,10.4,0,5
2026-08-08,celio,ensemble homme,https://www.celio.com/fr-be/c/saisonniers-ensemble,2.1,0,12
2026-08-08,celio,ensemble homme,https://www.celio.com/fr-fr/c/saisonniers-ensemble,2.6,9,367
2026-08-09,celio,ensemble homme,https://www.celio.com/fr-be/c/saisonniers-ensemble,1.1,0,14
2026-08-09,celio,ensemble homme,https://www.celio.com/fr-fr/c/saisonniers-ensemble,2.3,13,410
2026-08-09,celio,ensemble homme,https://www.celio.com/fr-fr/store?StoreID=0108,11,0,2
2026-08-10,celio,ensemble homme,https://www.celio.com/fr-be/c/saisonniers-ensemble,1.5,0,4
2026-08-10,celio,ensemble homme,https://www.celio.com/fr-fr/c/saisonniers-ensemble,2.4,11,364
2026-08-11,celio,ensemble homme,https://www.celio.com/fr-be/c/saisonniers-ensemble,1.1,0,10
2026-08-11,celio,ensemble homme,https://www.celio.com/fr-fr/c/saisonniers-ensemble,2.4,11,391
2026-08-12,celio,ensemble homme,https://www.celio.com/fr-be/c/saisonniers-ensemble,1,0,7
2026-08-12,celio,ensemble homme,https://www.celio.com/fr-fr/c/saisonniers-ensemble,2.4,8,369
2026-08-13,celio,ensemble homme,https://www.celio.com/fr-be/c/saisonniers-ensemble,1.2,2,9
2026-08-13,celio,ensemble homme,https://www.celio.com/fr-fr/c/saisonniers-ensemble,2.5,13,314
2026-08-14,celio,ensemble homme,https://www.celio.com/fr-be/c/saisonniers-ensemble,1.2,0,6
2026-08-14,celio,ensemble homme,https://www.celio.com/fr-fr/c/saisonniers-ensemble,2.3,7,331
2026-08-15,celio,ensemble homme,https://www.celio.com/fr-be/c/saisonniers-ensemble,4.3,0,7
2026-08-15,celio,ensemble homme,https://www.celio.com/fr-fr/c/saisonniers-ensemble,2.5,7,323
2026-08-16,celio,ensemble homme,https://www.celio.com/fr-be/c/saisonniers-ensemble,1.4,0,8
2026-08-16,celio,ensemble homme,https://www.celio.com/fr-fr/c/saisonniers-ensemble,2.6,4,391
2026-08-17,celio,ensemble homme,https://www.celio.com/fr-be/c/saisonniers-ensemble,1.3,1,9
2026-08-17,celio,ensemble homme,https://www.celio.com/fr-fr/c/saisonniers-ensemble,2.4,12,370
2026-08-18,celio,ensemble homme,https://www.celio.com/fr-be/c/saisonniers-ensemble,2,0,6
2026-08-18,celio,ensemble homme,https://www.celio.com/fr-fr/c/saisonniers-ensemble,2.2,7,397
2026-08-19,celio,ensemble homme,https://www.celio.com/fr-be/c/saisonniers-ensemble,3,0,15
2026-08-19,celio,ensemble homme,https://www.celio.com/fr-fr/c/saisonniers-ensemble,2.1,13,411
2026-08-20,celio,ensemble homme,https://www.celio.com/fr-be/c/saisonniers-ensemble,2.1,0,14
2026-08-20,celio,ensemble homme,https://www.celio.com/fr-fr/c/saisonniers-ensemble,2.4,11,344
2026-08-21,celio,ensemble homme,https://www.celio.com/fr-be/c/saisonniers-ensemble,5.5,1,13
2026-08-21,celio,ensemble homme,https://www.celio.com/fr-fr/c/saisonniers-ensemble,3.1,10,336
2026-08-21,celio,ensemble homme,https://www.celio.com/fr-fr/store?StoreID=0012,5.2,0,4
2026-08-21,celio,ensemble homme,https://www.celio.com/fr-fr/store?StoreID=0759,5.5,0,2
2026-08-22,celio,ensemble homme,https://www.celio.com/fr-be/c/saisonniers-ensemble,3.5,0,6
2026-08-22,celio,ensemble homme,https://www.celio.com/fr-fr/c/saisonniers-ensemble,3.2,4,347
2026-08-23,celio,ensemble homme,https://www.celio.com/fr-be/c/saisonniers-ensemble,6.6,0,8
2026-08-23,celio,ensemble homme,https://www.celio.com/fr-fr/c/saisonniers-ensemble,2.6,8,375
2026-08-23,celio,ensemble homme,https://www.celio.com/fr-fr/store?StoreID=0012,6,0,2
2026-08-23,celio,ensemble homme,https://www.celio.com/fr-fr/store?StoreID=1692,10,0,2
2026-08-24,celio,ensemble homme,https://www.celio.com/fr-be/c/saisonniers-ensemble,3.2,0,13
2026-08-24,celio,ensemble homme,https://www.celio.com/fr-fr/c/saisonniers-ensemble,3.2,7,420
2026-08-25,celio,ensemble homme,https://www.celio.com/fr-be/c/saisonniers-ensemble,5.2,1,8
2026-08-25,celio,ensemble homme,https://www.celio.com/fr-fr/c/saisonniers-ensemble,2.7,8,451
2026-08-26,celio,ensemble homme,https://www.celio.com/fr-be/c/saisonniers-ensemble,2.6,2,24
2026-08-26,celio,ensemble homme,https://www.celio.com/fr-fr/c/saisonniers-ensemble,2.5,4,420
2026-08-26,celio,ensemble homme,https://www.celio.com/fr-fr/store?StoreID=0762,3,0,2
2026-08-27,celio,ensemble homme,https://www.celio.com/fr-be/c/saisonniers-ensemble,1.2,0,8
2026-08-27,celio,ensemble homme,https://www.celio.com/fr-fr/c/saisonniers-ensemble,2.3,13,429
2026-08-28,celio,ensemble homme,https://www.celio.com/fr-be/c/saisonniers-ensemble,1,0,5
2026-08-28,celio,ensemble homme,https://www.celio.com/fr-fr/c/saisonniers-ensemble,2.4,12,398
2026-08-28,celio,ensemble homme,https://www.celio.com/fr-fr/store?StoreID=0012,3,0,3
2026-08-28,celio,ensemble homme,https://www.celio.com/fr-fr/store?StoreID=0132,6.8,0,4
2026-08-29,celio,ensemble homme,https://www.celio.com/fr-be/c/saisonniers-ensemble,1,1,14
2026-08-29,celio,ensemble homme,https://www.celio.com/fr-fr/c/saisonniers-ensemble,2.8,12,404
2026-08-29,celio,ensemble homme,https://www.celio.com/fr-fr/store?StoreID=0762,12,0,2
2026-08-29,celio,ensemble homme,https://www.celio.com/fr-fr/store?StoreID=1444,11,0,2
2026-08-30,celio,ensemble homme,https://www.celio.com/fr-be/c/saisonniers-ensemble,1,0,8
2026-08-30,celio,ensemble homme,https://www.celio.com/fr-fr/c/saisonniers-ensemble,2.9,17,430
2026-08-30,celio,ensemble homme,https://www.celio.com/fr-fr/store?StoreID=0012,8.5,0,2
2026-08-30,celio,ensemble homme,https://www.celio.com/fr-fr/store?StoreID=0108,6.5,0,2
2026-08-31,celio,ensemble homme,https://www.celio.com/fr-be/c/saisonniers-ensemble,1.5,2,12
2026-08-31,celio,ensemble homme,https://www.celio.com/fr-fr/c/saisonniers-ensemble,2.9,8,379
2026-08-31,celio,ensemble homme,https://www.celio.com/fr-fr/store?StoreID=0132,10.7,0,3
2026-09-01,celio,ensemble homme,https://www.celio.com/fr-be/c/saisonniers-ensemble,1.3,0,6
2026-09-01,celio,ensemble homme,https://www.celio.com/fr-fr/c/saisonniers-ensemble,2.5,10,386
2026-09-01,celio,ensemble homme,https://www.celio.com/fr-fr/store?StoreID=0012,7.2,0,4
2026-09-02,celio,ensemble homme,https://www.celio.com/fr-be/c/saisonniers-ensemble,1.3,1,15
2026-09-02,celio,ensemble homme,https://www.celio.com/fr-fr/c/saisonniers-ensemble,2.2,7,349
2026-09-02,celio,ensemble homme,https://www.celio.com/fr-fr/store?StoreID=0118,10,0,2
2026-09-02,celio,ensemble homme,https://www.celio.com/fr-fr/store?StoreID=0132,9.5,0,4
2026-09-02,celio,ensemble homme,https://www.celio.com/fr-fr/store?StoreID=0679,7,0,2
2026-09-02,celio,ensemble homme,https://www.celio.com/fr-fr/store?StoreID=0759,7.5,0,2
2026-09-03,celio,ensemble homme,https://www.celio.com/fr-be/c/saisonniers-ensemble,2.7,0,11
2026-09-03,celio,ensemble homme,https://www.celio.com/fr-fr/c/saisonniers-ensemble,2.3,6,312
2026-09-04,celio,ensemble homme,https://www.celio.com/fr-be/c/saisonniers-ensemble,1.2,0,10
2026-09-04,celio,ensemble homme,https://www.celio.com/fr-fr/c/saisonniers-ensemble,2.7,8,344
2026-09-05,celio,ensemble homme,https://www.celio.com/fr-be/c/saisonniers-ensemble,2.3,0,19
2026-09-05,celio,ensemble homme,https://www.celio.com/fr-fr/c/saisonniers-ensemble,3.3,10,325
2026-09-05,celio,ensemble homme,https://www.celio.com/fr-fr/store?StoreID=0118,11,0,2
2026-09-05,celio,ensemble homme,https://www.celio.com/fr-fr/store?StoreID=0132,2,0,2
2026-09-06,celio,ensemble homme,https://www.celio.com/fr-be/c/saisonniers-ensemble,5.4,0,12
2026-09-06,celio,ensemble homme,https://www.celio.com/fr-fr/c/saisonniers-ensemble,3.7,8,388
2026-09-06,celio,ensemble homme,https://www.celio.com/fr-fr/store?StoreID=0118,10,0,2
2026-09-06,celio,ensemble homme,https://www.celio.com/fr-fr/store?StoreID=0132,2,0,2
2026-09-07,celio,ensemble homme,https://www.celio.com/fr-be/c/saisonniers-ensemble,1.3,0,9
2026-09-07,celio,ensemble homme,https://www.celio.com/fr-fr/c/saisonniers-ensemble,3.6,8,290
2026-09-08,celio,ensemble homme,https://www.celio.com/fr-be/c/saisonniers-ensemble,6.6,1,10
2026-09-08,celio,ensemble homme,https://www.celio.com/fr-fr/c/saisonniers-ensemble,3.6,8,335
2026-09-09,celio,ensemble homme,https://www.celio.com/fr-be/c/saisonniers-ensemble,3.5,2,15
2026-09-09,celio,ensemble homme,https://www.celio.com/fr-fr/c/saisonniers-ensemble,3.2,8,402
2026-09-09,celio,ensemble homme,https://www.celio.com/fr-fr/store?StoreID=0108,6,1,2
2026-09-09,celio,ensemble homme,https://www.celio.com/fr-fr/store?StoreID=0227,13,0,2
2026-09-10,celio,ensemble homme,https://www.celio.com/fr-be/c/saisonniers-ensemble,1.1,2,15
2026-09-10,celio,ensemble homme,https://www.celio.com/fr-fr/c/saisonniers-ensemble,4.0,10,370
2026-09-10,celio,ensemble homme,https://www.celio.com/fr-fr/store?StoreID=0012,14.2,0,4
2026-09-10,celio,ensemble homme,https://www.celio.com/fr-fr/store?StoreID=0132,10.7,0,3
2026-09-10,celio,ensemble homme,https://www.celio.com/fr-fr/store?StoreID=0227,7,0,2
2026-09-11,celio,ensemble homme,https://www.celio.com/fr-be/c/saisonniers-ensemble,3.7,0,9
2026-09-11,celio,ensemble homme,https://www.celio.com/fr-fr/c/saisonniers-ensemble,3.7,8,277
2026-09-11,celio,ensemble homme,https://www.celio.com/fr-fr/store?StoreID=0012,10.3,0,3
2026-09-12,celio,ensemble homme,https://www.celio.com/fr-be/c/saisonniers-ensemble,2.7,3,19
2026-09-12,celio,ensemble homme,https://www.celio.com/fr-fr/c/saisonniers-ensemble,3.4,9,296
2026-09-12,celio,ensemble homme,https://www.celio.com/fr-fr/store?StoreID=0118,10.5,0,2
2026-09-12,celio,ensemble homme,https://www.celio.com/fr-fr/store?StoreID=0132,8.8,0,4
2026-09-12,celio,ensemble homme,https://www.celio.com/fr-fr/store?StoreID=0156,8,0,2
2026-09-12,celio,ensemble homme,https://www.celio.com/fr-fr/store?StoreID=0762,4.5,0,2
2026-09-13,celio,ensemble homme,https://www.celio.com/fr-be/c/saisonniers-ensemble,3.4,1,19
2026-09-13,celio,ensemble homme,https://www.celio.com/fr-fr/c/saisonniers-ensemble,2.9,4,303
2026-09-13,celio,ensemble homme,https://www.celio.com/fr-fr/store?StoreID=0012,13,0,2
2026-09-13,celio,ensemble homme,https://www.celio.com/fr-fr/store?StoreID=0132,6,0,2
2026-09-13,celio,ensemble homme,https://www.celio.com/fr-fr/store?StoreID=0156,7.3,0,3
2026-09-14,celio,ensemble homme,https://www.celio.com/fr-be/c/saisonniers-ensemble,5.1,1,14
2026-09-14,celio,ensemble homme,https://www.celio.com/fr-fr/c/saisonniers-ensemble,3.7,5,299
2026-09-14,celio,ensemble homme,https://www.celio.com/fr-fr/store?StoreID=0118,10.5,0,2
2026-09-14,celio,ensemble homme,https://www.celio.com/fr-fr/store?StoreID=0132,8.5,0,2
2026-09-14,celio,ensemble homme,https://www.celio.com/fr-fr/store?StoreID=0227,11,0,2
2026-09-14,celio,ensemble homme,https://www.celio.com/fr-fr/store?StoreID=0676,11.7,0,3
2026-09-15,celio,ensemble homme,https://www.celio.com/fr-be/c/saisonniers-ensemble,7.9,4,168
2026-09-15,celio,ensemble homme,https://www.celio.com/fr-fr/c/saisonniers-ensemble,2.4,6,214
2026-09-15,celio,ensemble homme,https://www.celio.com/fr-fr/store?StoreID=0012,8.8,0,4
2026-09-15,celio,ensemble homme,https://www.celio.com/fr-fr/store?StoreID=0108,12.5,0,2
2026-09-15,celio,ensemble homme,https://www.celio.com/fr-fr/store?StoreID=0118,3,0,2
2026-09-15,celio,ensemble homme,https://www.celio.com/fr-fr/store?StoreID=0132,5.5,0,2
2026-09-16,celio,ensemble homme,https://www.celio.com/fr-be/c/saisonniers-ensemble,3.8,0,17
2026-09-16,celio,ensemble homme,https://www.celio.com/fr-fr/c/saisonniers-ensemble,3.7,8,337
2026-09-16,celio,ensemble homme,https://www.celio.com/fr-fr/c/saisonniers-jogness,5.5,0,2
2026-09-17,celio,ensemble homme,https://www.celio.com/fr-be/c/saisonniers-ensemble,2.2,1,8
2026-09-17,celio,ensemble homme,https://www.celio.com/fr-fr/c/saisonniers-ensemble,3.8,9,326
2026-09-18,celio,ensemble homme,https://www.celio.com/fr-be/c/saisonniers-ensemble,2.9,2,9
2026-09-18,celio,ensemble homme,https://www.celio.com/fr-fr/c/saisonniers-ensemble,4.2,6,263
2026-09-19,celio,ensemble homme,https://www.celio.com/fr-be/c/saisonniers-ensemble,2.2,0,5
2026-09-19,celio,ensemble homme,https://www.celio.com/fr-fr/c/saisonniers-ensemble,5.2,7,268
2026-09-20,celio,ensemble homme,https://www.celio.com/fr-be/c/saisonniers-ensemble,1.8,0,15
2026-09-20,celio,ensemble homme,https://www.celio.com/fr-fr/c/saisonniers-ensemble,4.4,7,395
2026-09-21,celio,ensemble homme,https://www.celio.com/fr-be/c/saisonniers-ensemble,2.8,1,6
2026-09-21,celio,ensemble homme,https://www.celio.com/fr-fr/c/saisonniers-ensemble,6.1,3,282
2026-09-22,celio,ensemble homme,https://www.celio.com/fr-be/c/saisonniers-ensemble,1.9,0,9
2026-09-22,celio,ensemble homme,https://www.celio.com/fr-fr/c/saisonniers-ensemble,5.6,1,310
2026-09-23,celio,ensemble homme,https://www.celio.com/fr-be/c/saisonniers-ensemble,3.2,1,13
2026-09-23,celio,ensemble homme,https://www.celio.com/fr-fr/c/saisonniers-ensemble,5.4,4,338
2026-09-24,celio,ensemble homme,https://www.celio.com/fr-be/c/saisonniers-ensemble,1.9,0,9
2026-09-24,celio,ensemble homme,https://www.celio.com/fr-fr/c/saisonniers-ensemble,5.1,3,287
2026-09-25,celio,ensemble homme,https://www.celio.com/fr-be/c/saisonniers-ensemble,2.6,2,7
2026-09-25,celio,ensemble homme,https://www.celio.com/fr-fr/c/saisonniers-ensemble,4.4,3,233
2026-09-26,celio,ensemble homme,https://www.celio.com/fr-be/c/saisonniers-ensemble,2.8,1,8
2026-09-26,celio,ensemble homme,https://www.celio.com/fr-fr/c/saisonniers-ensemble,3.3,2,340
2026-09-27,celio,ensemble homme,https://www.celio.com/fr-be/c/saisonniers-ensemble,1.8,0,13
2026-09-27,celio,ensemble homme,https://www.celio.com/fr-fr/c/saisonniers-ensemble,4.1,12,342
2026-09-28,celio,ensemble homme,https://www.celio.com/fr-be/c/saisonniers-ensemble,1.9,0,14
2026-09-28,celio,ensemble homme,https://www.celio.com/fr-fr/c/saisonniers-ensemble,6.0,6,278
2026-09-29,celio,ensemble homme,https://www.celio.com/fr-be/c/saisonniers-ensemble,2.8,0,13
2026-09-29,celio,ensemble homme,https://www.celio.com/fr-fr/c/saisonniers-ensemble,4.2,9,286
2026-09-30,celio,ensemble homme,https://www.celio.com/fr-be/c/saisonniers-ensemble,1.6,0,16
2026-09-30,celio,ensemble homme,https://www.celio.com/fr-fr/c/saisonniers-ensemble,2.4,3,312
2026-07-03,celio,jean homme,https://www.celio.com/fr-be/c/jeans,4.7,0,3
2026-07-03,celio,jean homme,https://www.celio.com/fr-fr/c/jeans,1.4,3,243
2026-07-04,celio,jean homme,https://www.celio.com/fr-be/c/jeans,14.5,0,2
2026-07-04,celio,jean homme,https://www.celio.com/fr-fr/c/jeans,1.4,3,228
2026-07-05,celio,jean homme,https://www.celio.com/fr-fr/c/jeans,1.6,3,264
2026-07-06,celio,jean homme,https://www.celio.com/fr-fr/c/jeans,1.4,5,211
2026-07-07,celio,jean homme,https://www.celio.com/fr-be/c/jeans,13.5,0,2
2026-07-07,celio,jean homme,https://www.celio.com/fr-fr/c/jeans,1.5,3,229
2026-07-07,celio,jean homme,https://www.celio.com/fr-fr/store?StoreID=0108,13,0,2
2026-07-08,celio,jean homme,https://www.celio.com/fr-be/c/jeans,13.5,0,2
2026-07-08,celio,jean homme,https://www.celio.com/fr-fr/c/jeans,1.5,7,234
2026-07-09,celio,jean homme,https://www.celio.com/fr-fr/c/jeans,1.3,5,202
2026-07-10,celio,jean homme,https://www.celio.com/fr-fr/c/jeans,1.3,7,219
2026-07-10,celio,jean homme,https://www.celio.com/fr-fr/store?StoreID=0618,11.5,0,2
2026-07-11,celio,jean homme,https://www.celio.com/fr-be/c/jeans,13.8,0,4
2026-07-11,celio,jean homme,https://www.celio.com/fr-fr/c/jeans,1.4,2,214
2026-07-12,celio,jean homme,https://www.celio.com/fr-be/c/jeans,9,0,2
2026-07-12,celio,jean homme,https://www.celio.com/fr-fr/c/jeans,1.7,5,226
2026-07-13,celio,jean homme,https://www.celio.com/fr-fr/c/jeans,1.5,5,215
2026-07-14,celio,jean homme,https://www.celio.com/fr-fr/c/jeans,1.2,4,170
2026-07-15,celio,jean homme,https://www.celio.com/fr-fr/c/jeans,1.5,5,197
2026-07-16,celio,jean homme,https://www.celio.com/fr-fr/c/jeans,1.5,7,226
2026-07-17,celio,jean homme,https://www.celio.com/fr-be/c/jeans,14,0,2
2026-07-17,celio,jean homme,https://www.celio.com/fr-be/store?StoreID=3507,8,0,2
2026-07-17,celio,jean homme,https://www.celio.com/fr-fr/c/jeans,1.4,4,234
2026-07-18,celio,jean homme,https://www.celio.com/fr-be/c/jeans,13.5,0,2
2026-07-18,celio,jean homme,https://www.celio.com/fr-be/store?StoreID=3507,11.5,0,2
2026-07-18,celio,jean homme,https://www.celio.com/fr-fr/c/jeans,1.4,5,211
2026-07-19,celio,jean homme,https://www.celio.com/fr-fr/c/jeans,1.5,4,226
2026-07-20,celio,jean homme,https://www.celio.com/fr-fr/c/jeans,1.4,5,221
2026-07-21,celio,jean homme,https://www.celio.com/fr-fr/c/jeans,1.5,6,217
2026-07-21,celio,jean homme,https://www.celio.com/fr-fr/store?StoreID=0235,11.5,0,2
2026-07-22,celio,jean homme,https://www.celio.com/fr-be/c/jeans,10,0,3
2026-07-22,celio,jean homme,https://www.celio.com/fr-fr/c/jeans,1.3,7,234
2026-07-23,celio,jean homme,https://www.celio.com/fr-fr/c/jeans,1.6,11,245
2026-07-24,celio,jean homme,https://www.celio.com/fr-be/c/jeans,7,0,2
2026-07-24,celio,jean homme,https://www.celio.com/fr-fr/c/jeans,2.3,5,226
2026-07-25,celio,jean homme,https://www.celio.com/fr-fr/c/jeans,2.6,3,249
2026-07-25,celio,jean homme,https://www.celio.com/fr-fr/store?StoreID=1618,24.5,0,2
2026-07-26,celio,jean homme,https://www.celio.com/fr-fr/c/jeans,2.1,4,277
2026-07-27,celio,jean homme,https://www.celio.com/fr-fr/c/jeans,2.6,4,281
2026-07-27,celio,jean homme,https://www.celio.com/fr-fr/store?StoreID=0296,15,0,3
2026-07-28,celio,jean homme,https://www.celio.com/fr-fr/c/jeans,2.1,8,267
2026-07-28,celio,jean homme,https://www.celio.com/fr-fr/store?StoreID=0219,8.7,0,3
2026-07-29,celio,jean homme,https://www.celio.com/fr-fr/c/jeans,2.1,3,216
2026-07-29,celio,jean homme,https://www.celio.com/fr-fr/store?StoreID=0778,8,0,2
2026-07-30,celio,jean homme,https://www.celio.com/fr-be/c/jeans,10,0,4
2026-07-30,celio,jean homme,https://www.celio.com/fr-fr/c/jeans,2.1,4,225
2026-07-30,celio,jean homme,https://www.celio.com/fr-fr/store?StoreID=0296,7,0,2
2026-07-30,celio,jean homme,https://www.celio.com/fr-fr/store?StoreID=1618,5,0,2
2026-07-31,celio,jean homme,https://www.celio.com/fr-be/c/jeans,8,0,2
2026-07-31,celio,jean homme,https://www.celio.com/fr-be/store?StoreID=0374,7.5,0,2
2026-07-31,celio,jean homme,https://www.celio.com/fr-fr/c/jeans,1.4,11,261
2026-08-01,celio,jean homme,https://www.celio.com/fr-be/c/jeans,12.7,0,3
2026-08-01,celio,jean homme,https://www.celio.com/fr-be/store?StoreID=3507,9.5,0,2
2026-08-01,celio,jean homme,https://www.celio.com/fr-fr/c/jeans,1.5,8,268
2026-08-02,celio,jean homme,https://www.celio.com/fr-be/c/jeans,9,0,2
2026-08-02,celio,jean homme,https://www.celio.com/fr-fr/c/jeans,1.4,9,320
2026-08-03,celio,jean homme,https://www.celio.com/fr-be/c/jeans,8,0,2
2026-08-03,celio,jean homme,https://www.celio.com/fr-fr/c/jeans,1.6,6,287
2026-08-03,celio,jean homme,https://www.celio.com/fr-fr/store?StoreID=1618,8,0,2
2026-08-04,celio,jean homme,https://www.celio.com/fr-fr/c/jeans,1.6,13,293
2026-08-05,celio,jean homme,https://www.celio.com/fr-be/c/jeans,10,0,2
2026-08-05,celio,jean homme,https://www.celio.com/fr-fr/c/jeans,1.4,5,254
2026-08-06,celio,jean homme,https://www.celio.com/fr-fr/c/jeans,1.3,7,345
2026-08-07,celio,jean homme,https://www.celio.com/fr-be/c/jeans,8,0,2
2026-08-07,celio,jean homme,https://www.celio.com/fr-fr/c/jeans,1.3,4,255
2026-08-08,celio,jean homme,https://www.celio.com/fr-be/c/jeans,13.2,0,4
2026-08-08,celio,jean homme,https://www.celio.com/fr-be/store?StoreID=3507,12.8,0,5
2026-08-08,celio,jean homme,https://www.celio.com/fr-fr/c/jeans,1.4,6,289
2026-08-09,celio,jean homme,https://www.celio.com/fr-fr/c/jeans,1.2,7,310
2026-08-10,celio,jean homme,https://www.celio.com/fr-be/c/jeans,13.3,0,3
2026-08-10,celio,jean homme,https://www.celio.com/fr-fr/c/jeans,1.2,5,245
2026-08-11,celio,jean homme,https://www.celio.com/fr-be/c/jeans,14.5,0,2
2026-08-11,celio,jean homme,https://www.celio.com/fr-fr/c/jeans,1.8,6,285
2026-08-12,celio,jean homme,https://www.celio.com/fr-fr/c/jeans,2.0,6,278
2026-08-12,celio,jean homme,https://www.celio.com/fr-fr/store?StoreID=0605,9,0,2
2026-08-13,celio,jean homme,https://www.celio.com/fr-be/c/jeans,5.7,0,3
2026-08-13,celio,jean homme,https://www.celio.com/fr-fr/c/jeans,1.5,5,282
2026-08-13,celio,jean homme,https://www.celio.com/fr-fr/store?StoreID=0235,6,0,2
2026-08-13,celio,jean homme,https://www.celio.com/fr-fr/store?StoreID=0625,7,0,2
2026-08-14,celio,jean homme,https://www.celio.com/fr-be/c/jeans,10,0,2
2026-08-14,celio,jean homme,https://www.celio.com/fr-fr/c/jeans,1.6,6,260
2026-08-14,celio,jean homme,https://www.celio.com/fr-fr/store?StoreID=0061,10.2,0,4
2026-08-15,celio,jean homme,https://www.celio.com/fr-be/c/jeans,9,0,5
2026-08-15,celio,jean homme,https://www.celio.com/fr-be/store?StoreID=3507,8,0,4
2026-08-15,celio,jean homme,https://www.celio.com/fr-fr/c/jeans,1.9,5,258
2026-08-16,celio,jean homme,https://www.celio.com/fr-be/c/jeans,9.8,0,6
2026-08-16,celio,jean homme,https://www.celio.com/fr-be/store?StoreID=3507,10.5,0,4
2026-08-16,celio,jean homme,https://www.celio.com/fr-fr/c/jeans,1.7,3,316
2026-08-17,celio,jean homme,https://www.celio.com/fr-be/c/jeans,5.8,0,4
2026-08-17,celio,jean homme,https://www.celio.com/fr-be/store?StoreID=3507,6,0,2
2026-08-17,celio,jean homme,https://www.celio.com/fr-fr/c/jeans,1.8,8,335
2026-08-18,celio,jean homme,https://www.celio.com/fr-be/c/jeans,5,0,3
2026-08-18,celio,jean homme,https://www.celio.com/fr-fr/c/jeans,1.7,18,392
2026-08-18,celio,jean homme,https://www.celio.com/fr-fr/store?StoreID=0061,6.8,0,4
2026-08-18,celio,jean homme,https://www.celio.com/fr-fr/store?StoreID=0108,10,0,2
2026-08-19,celio,jean homme,https://www.celio.com/fr-be/c/jeans,5.1,0,7
2026-08-19,celio,jean homme,https://www.celio.com/fr-fr/c/jeans,1.4,18,446
2026-08-19,celio,jean homme,https://www.celio.com/fr-fr/store?StoreID=0080,11,0,2
2026-08-19,celio,jean homme,https://www.celio.com/fr-fr/store?StoreID=0219,2.5,0,2
2026-08-19,celio,jean homme,https://www.celio.com/fr-fr/store?StoreID=0623,9.3,0,3
2026-08-20,celio,jean homme,https://www.celio.com/fr-be/c/jeans,2.3,0,3
2026-08-20,celio,jean homme,https://www.celio.com/fr-fr/c/jeans,1.4,18,383
2026-08-20,celio,jean homme,https://www.celio.com/fr-fr/store?StoreID=0067,7,0,2
2026-08-20,celio,jean homme,https://www.celio.com/fr-fr/store?StoreID=0187,9,0,2
2026-08-20,celio,jean homme,https://www.celio.com/fr-fr/store?StoreID=0774,5,0,3
2026-08-20,celio,jean homme,https://www.celio.com/fr-fr/store?StoreID=1475,4,0,2
2026-08-20,celio,jean homme,https://www.celio.com/fr-fr/store?StoreID=1618,6.5,0,2
2026-08-21,celio,jean homme,https://www.celio.com/fr-be/c/jeans,3.6,0,5
2026-08-21,celio,jean homme,https://www.celio.com/fr-fr/c/jeans,1.5,11,370
2026-08-21,celio,jean homme,https://www.celio.com/fr-fr/store?StoreID=0217,7,0,2
2026-08-21,celio,jean homme,https://www.celio.com/fr-fr/store?StoreID=0763,13,0,2
2026-08-22,celio,jean homme,https://www.celio.com/fr-be/c/jeans,3.8,0,12
2026-08-22,celio,jean homme,https://www.celio.com/fr-be/store?StoreID=0348,13,0,2
2026-08-22,celio,jean homme,https://www.celio.com/fr-be/store?StoreID=3507,7,0,2
2026-08-22,celio,jean homme,https://www.celio.com/fr-fr/c/jeans,1.6,14,445
2026-08-22,celio,jean homme,https://www.celio.com/fr-fr/store?StoreID=0759,8.5,0,2
2026-08-22,celio,jean homme,https://www.celio.com/fr-fr/store?StoreID=0790,11,0,2
2026-08-22,celio,jean homme,https://www.celio.com/fr-fr/store?StoreID=1615,3.7,0,3
2026-08-23,celio,jean homme,https://www.celio.com/fr-be/c/jeans,3.6,0,7
2026-08-23,celio,jean homme,https://www.celio.com/fr-fr/c/jeans,1.5,13,407
2026-08-23,celio,jean homme,https://www.celio.com/fr-fr/store?StoreID=0631,10,0,2
2026-08-24,celio,jean homme,https://www.celio.com/fr-be/c/jeans,5,0,5
2026-08-24,celio,jean homme,https://www.celio.com/fr-fr/c/jeans,1.5,15,451
2026-08-24,celio,jean homme,https://www.celio.com/fr-fr/store?StoreID=0605,8,0,2
2026-08-25,celio,jean homme,https://www.celio.com/fr-be/c/jeans,1.5,0,2
2026-08-25,celio,jean homme,https://www.celio.com/fr-be/store?StoreID=3507,5.5,0,2
2026-08-25,celio,jean homme,https://www.celio.com/fr-fr/c/jeans,1.4,13,415
2026-08-25,celio,jean homme,https://www.celio.com/fr-fr/store?StoreID=1618,5.3,0,3
2026-08-26,celio,jean homme,https://www.celio.com/fr-be/c/jeans,4,0,2
2026-08-26,celio,jean homme,https://www.celio.com/fr-fr/c/jeans,1.5,13,414
2026-08-26,celio,jean homme,https://www.celio.com/fr-fr/store?StoreID=0108,4.5,0,2
2026-08-27,celio,jean homme,https://www.celio.com/fr-be/c/jeans,9.7,0,3
2026-08-27,celio,jean homme,https://www.celio.com/fr-fr/c/jeans,1.8,14,427
2026-08-27,celio,jean homme,https://www.celio.com/fr-fr/store?StoreID=0631,4,0,2
2026-08-28,celio,jean homme,https://www.celio.com/fr-be/c/jeans,7,0,4
2026-08-28,celio,jean homme,https://www.celio.com/fr-fr/c/jeans,1.9,17,428
2026-08-28,celio,jean homme,https://www.celio.com/fr-fr/store?StoreID=0012,11,0,3
2026-08-28,celio,jean homme,https://www.celio.com/fr-fr/store?StoreID=0061,9.5,0,2
2026-08-29,celio,jean homme,https://www.celio.com/fr-be/c/jeans,5.2,0,4
2026-08-29,celio,jean homme,https://www.celio.com/fr-be/store?StoreID=3507,5.5,0,2
2026-08-29,celio,jean homme,https://www.celio.com/fr-fr/c/jeans,1.5,15,485
2026-08-29,celio,jean homme,https://www.celio.com/fr-fr/store?StoreID=0067,13,0,2
2026-08-29,celio,jean homme,https://www.celio.com/fr-fr/store?StoreID=0108,10,0,2
2026-08-29,celio,jean homme,https://www.celio.com/fr-fr/store?StoreID=0199,5,0,2
2026-08-29,celio,jean homme,https://www.celio.com/fr-fr/store?StoreID=0623,12,0,3
2026-08-29,celio,jean homme,https://www.celio.com/fr-fr/store?StoreID=1489,2,0,2
2026-08-30,celio,jean homme,https://www.celio.com/fr-be/c/jeans,9.3,1,9
2026-08-30,celio,jean homme,https://www.celio.com/fr-be/c/soldes-soldes-jeans,13.2,0,4
2026-08-30,celio,jean homme,https://www.celio.com/fr-fr/c/jeans,1.5,19,569
2026-08-30,celio,jean homme,https://www.celio.com/fr-fr/store?StoreID=0191,8.7,0,3
2026-08-31,celio,jean homme,https://www.celio.com/fr-be/c/jeans,6.8,0,4
2026-08-31,celio,jean homme,https://www.celio.com/fr-fr/c/jeans,1.7,22,487
2026-08-31,celio,jean homme,https://www.celio.com/fr-fr/store?StoreID=0067,11,0,2
2026-08-31,celio,jean homme,https://www.celio.com/fr-fr/store?StoreID=0296,5.5,0,2
2026-08-31,celio,jean homme,https://www.celio.com/fr-fr/store?StoreID=0631,6,0,2
2026-09-01,celio,jean homme,https://www.celio.com/fr-be/c/jeans,9.5,0,2
2026-09-01,celio,jean homme,https://www.celio.com/fr-fr/c/jeans,1.7,17,422
2026-09-02,celio,jean homme,https://www.celio.com/fr-be/c/jeans,7,0,3
2026-09-02,celio,jean homme,https://www.celio.com/fr-fr/c/jeans,1.4,18,461
2026-09-03,celio,jean homme,https://www.celio.com/fr-fr/c/jeans,1.4,19,423
2026-09-03,celio,jean homme,https://www.celio.com/fr-fr/guide-homme-40-50ans.html,2.5,0,2
2026-09-03,celio,jean homme,https://www.celio.com/fr-fr/store?StoreID=0187,3,0,2
2026-09-03,celio,jean homme,https://www.celio.com/fr-fr/store?StoreID=0219,6,0,2
2026-09-03,celio,jean homme,https://www.celio.com/fr-fr/store?StoreID=0230,7,0,2
2026-09-04,celio,jean homme,https://www.celio.com/fr-be/c/jeans,6.6,0,5
2026-09-04,celio,jean homme,https://www.celio.com/fr-be/store?StoreID=3504,3,0,2
2026-09-04,celio,jean homme,https://www.celio.com/fr-fr/c/jeans,1.3,10,410
2026-09-04,celio,jean homme,https://www.celio.com/fr-fr/store?StoreID=0123,7.5,0,2
2026-09-04,celio,jean homme,https://www.celio.com/fr-fr/store?StoreID=0162,11.2,0,4
2026-09-04,celio,jean homme,https://www.celio.com/fr-fr/store?StoreID=0218,7,0,2
2026-09-05,celio,jean homme,https://www.celio.com/fr-be/c/jeans,4.8,0,4
2026-09-05,celio,jean homme,https://www.celio.com/fr-be/store?StoreID=3507,13.5,0,2
2026-09-05,celio,jean homme,https://www.celio.com/fr-fr/c/jeans,1.4,21,449
2026-09-05,celio,jean homme,https://www.celio.com/fr-fr/store?StoreID=0187,7,0,4
2026-09-05,celio,jean homme,https://www.celio.com/fr-fr/store?StoreID=0618,9,0,2
2026-09-05,celio,jean homme,https://www.celio.com/fr-fr/store?StoreID=0685,10.5,0,2
2026-09-05,celio,jean homme,https://www.celio.com/fr-fr/store?StoreID=0698,9,0,2
2026-09-06,celio,jean homme,https://www.celio.com/fr-be/c/jeans,4.8,0,4
2026-09-06,celio,jean homme,https://www.celio.com/fr-fr/c/jeans,1.3,23,478
2026-09-06,celio,jean homme,https://www.celio.com/fr-fr/store?StoreID=0012,13,0,2
2026-09-06,celio,jean homme,https://www.celio.com/fr-fr/store?StoreID=0714,12,0,2
2026-09-07,celio,jean homme,https://www.celio.com/fr-be/c/jeans,5,0,3
2026-09-07,celio,jean homme,https://www.celio.com/fr-be/store?StoreID=3507,11,0,2
2026-09-07,celio,jean homme,https://www.celio.com/fr-fr/c/jeans,1.3,15,418
2026-09-07,celio,jean homme,https://www.celio.com/fr-fr/store?StoreID=0230,8,0,2
2026-09-08,celio,jean homme,https://www.celio.com/fr-be/c/jeans,7.5,1,4
2026-09-08,celio,jean homme,https://www.celio.com/fr-fr/c/jeans,1.5,11,396
2026-09-08,celio,jean homme,https://www.celio.com/fr-fr/store?StoreID=0061,15,0,2
2026-09-08,celio,jean homme,https://www.celio.com/fr-fr/store?StoreID=0642,7,0,2
2026-09-09,celio,jean homme,https://www.celio.com/fr-be/c/jeans,5.2,0,5
2026-09-09,celio,jean homme,https://www.celio.com/fr-fr/c/jeans,1.4,15,437
2026-09-09,celio,jean homme,https://www.celio.com/fr-fr/store?StoreID=1692,13,0,2
2026-09-10,celio,jean homme,https://www.celio.com/fr-be/c/jeans,1.3,0,3
2026-09-10,celio,jean homme,https://www.celio.com/fr-fr/c/jeans,1.3,8,395
2026-09-10,celio,jean homme,https://www.celio.com/fr-fr/store?StoreID=0123,7.5,0,2
2026-09-10,celio,jean homme,https://www.celio.com/fr-fr/store?StoreID=1618,5,0,2
2026-09-11,celio,jean homme,https://www.celio.com/fr-fr/c/jeans,1.3,7,388
2026-09-11,celio,jean homme,https://www.celio.com/fr-fr/store?StoreID=0219,9,0,2
2026-09-11,celio,jean homme,https://www.celio.com/fr-fr/store?StoreID=0230,11,0,2
2026-09-11,celio,jean homme,https://www.celio.com/fr-fr/store?StoreID=0766,5.5,0,2
2026-09-12,celio,jean homme,https://www.celio.com/fr-be/c/jeans,3.2,0,6
2026-09-12,celio,jean homme,https://www.celio.com/fr-be/store?StoreID=0348,15,0,2
2026-09-12,celio,jean homme,https://www.celio.com/fr-fr/c/jeans,1.3,6,426
2026-09-12,celio,jean homme,https://www.celio.com/fr-fr/store?StoreID=0064,1,1,2
2026-09-12,celio,jean homme,https://www.celio.com/fr-fr/store?StoreID=0099,4,0,2
2026-09-12,celio,jean homme,https://www.celio.com/fr-fr/store?StoreID=0631,5.5,0,4
2026-09-12,celio,jean homme,https://www.celio.com/fr-fr/store?StoreID=1444,7.3,0,3
2026-09-13,celio,jean homme,https://www.celio.com/fr-be/c/jeans,1.8,0,12
2026-09-13,celio,jean homme,https://www.celio.com/fr-be/store?StoreID=0349,5,0,2
2026-09-13,celio,jean homme,https://www.celio.com/fr-fr/c/jeans,1.2,16,519
2026-09-13,celio,jean homme,https://www.celio.com/fr-fr/guide_jeans_coupe_matiere.html,7,0,2
2026-09-13,celio,jean homme,https://www.celio.com/fr-fr/store?StoreID=0602,4,0,3
2026-09-13,celio,jean homme,https://www.celio.com/fr-fr/store?StoreID=1023,4,0,2
2026-09-13,celio,jean homme,https://www.celio.com/fr-fr/store?StoreID=1645,5,0,2
2026-09-14,celio,jean homme,https://www.celio.com/fr-be/c/jeans,4,0,6
2026-09-14,celio,jean homme,https://www.celio.com/fr-be/store?StoreID=3507,9.5,0,2
2026-09-14,celio,jean homme,https://www.celio.com/fr-fr/c/jeans,1.4,14,412
2026-09-14,celio,jean homme,https://www.celio.com/fr-fr/store?StoreID=0219,10.3,0,3
2026-09-14,celio,jean homme,https://www.celio.com/fr-fr/store?StoreID=0296,4.5,0,2
2026-09-14,celio,jean homme,https://www.celio.com/fr-fr/store?StoreID=0645,7,0,2
2026-09-14,celio,jean homme,https://www.celio.com/fr-fr/store?StoreID=1531,14,0,2
2026-09-15,celio,jean homme,https://www.celio.com/fr-be/c/jeans,4.5,0,13
2026-09-15,celio,jean homme,https://www.celio.com/fr-fr/c/jeans,1.2,13,351
2026-09-15,celio,jean homme,https://www.celio.com/fr-fr/guide_jeans_coupe_matiere.html,4,0,2
2026-09-16,celio,jean homme,https://www.celio.com/fr-be/c/jeans,7,0,7
2026-09-16,celio,jean homme,https://www.celio.com/fr-fr/c/jeans,1.6,16,404
2026-09-16,celio,jean homme,https://www.celio.com/fr-fr/store?StoreID=0230,5,0,2
2026-09-17,celio,jean homme,https://www.celio.com/fr-be/c/jeans,3.4,0,7
2026-09-17,celio,jean homme,https://www.celio.com/fr-fr/c/jeans,1.2,14,373
2026-09-17,celio,jean homme,https://www.celio.com/fr-fr/store?StoreID=0031,6,0,2
2026-09-17,celio,jean homme,https://www.celio.com/fr-fr/store?StoreID=0109,4,0,2
2026-09-17,celio,jean homme,https://www.celio.com/fr-fr/store?StoreID=0218,5.5,0,2
2026-09-17,celio,jean homme,https://www.celio.com/fr-fr/store?StoreID=0219,4.7,0,3
2026-09-17,celio,jean homme,https://www.celio.com/fr-fr/store?StoreID=0774,5,0,2
2026-09-18,celio,jean homme,https://www.celio.com/fr-be/c/jeans,6.8,0,5
2026-09-18,celio,jean homme,https://www.celio.com/fr-fr/c/jeans,1.1,15,389
2026-09-18,celio,jean homme,https://www.celio.com/fr-fr/store?StoreID=0274,7,0,2
2026-09-18,celio,jean homme,https://www.celio.com/fr-fr/store?StoreID=0605,4.5,0,2
2026-09-19,celio,jean homme,https://www.celio.com/fr-be/c/jeans,3.9,0,7
2026-09-19,celio,jean homme,https://www.celio.com/fr-be/store?StoreID=3507,8,0,2
2026-09-19,celio,jean homme,https://www.celio.com/fr-fr/c/jeans,1.1,24,439
2026-09-19,celio,jean homme,https://www.celio.com/fr-fr/store?StoreID=0766,7,0,2
2026-09-19,celio,jean homme,https://www.celio.com/fr-fr/store?StoreID=0797,6,0,2
2026-09-20,celio,jean homme,https://www.celio.com/fr-be/c/jeans,4.4,0,5
2026-09-20,celio,jean homme,https://www.celio.com/fr-fr/c/jeans,1.1,16,512
2026-09-20,celio,jean homme,https://www.celio.com/fr-fr/store?StoreID=0080,3,0,2
2026-09-20,celio,jean homme,https://www.celio.com/fr-fr/store?StoreID=0296,10,0,2
2026-09-21,celio,jean homme,https://www.celio.com/fr-be/c/jeans,4,0,2
2026-09-21,celio,jean homme,https://www.celio.com/fr-fr/c/jeans,1.1,17,397
2026-09-21,celio,jean homme,https://www.celio.com/fr-fr/store?StoreID=0206,6,0,2
2026-09-22,celio,jean homme,https://www.celio.com/fr-be/c/jeans,3,0,3
2026-09-22,celio,jean homme,https://www.celio.com/fr-fr/c/jeans,1.1,13,370
2026-09-22,celio,jean homme,https://www.celio.com/fr-fr/store?StoreID=0162,7,0,2
2026-09-22,celio,jean homme,https://www.celio.com/fr-fr/store?StoreID=0230,7.5,0,2
2026-09-22,celio,jean homme,https://www.celio.com/fr-fr/store?StoreID=0632,6.5,0,2
2026-09-22,celio,jean homme,https://www.celio.com/fr-fr/store?StoreID=0774,5.5,0,2
2026-09-22,celio,jean homme,https://www.celio.com/fr-fr/store?StoreID=1035,4,0,2
2026-09-23,celio,jean homme,https://www.celio.com/fr-be/c/jeans,3.3,0,6
2026-09-23,celio,jean homme,https://www.celio.com/fr-fr/c/jeans,1.3,7,351
2026-09-23,celio,jean homme,https://www.celio.com/fr-fr/store?StoreID=0123,11.5,0,2
2026-09-23,celio,jean homme,https://www.celio.com/fr-fr/store?StoreID=0218,4.5,0,2
2026-09-23,celio,jean homme,https://www.celio.com/fr-fr/store?StoreID=0219,5.2,0,4
2026-09-23,celio,jean homme,https://www.celio.com/fr-fr/store?StoreID=0296,5,0,2
2026-09-23,celio,jean homme,https://www.celio.com/fr-fr/store?StoreID=0685,4.5,0,4
2026-09-23,celio,jean homme,https://www.celio.com/fr-fr/store?StoreID=1040,7.5,0,2
2026-09-24,celio,jean homme,https://www.celio.com/fr-fr/c/jeans,1.3,13,383
2026-09-24,celio,jean homme,https://www.celio.com/fr-fr/c/jeans-jeans-3-longueurs,24,0,2
2026-09-24,celio,jean homme,https://www.celio.com/fr-fr/store?StoreID=0162,4.1,0,7
2026-09-24,celio,jean homme,https://www.celio.com/fr-fr/store?StoreID=0219,4.5,0,8
2026-09-24,celio,jean homme,https://www.celio.com/fr-fr/store?StoreID=0230,4.5,0,2
2026-09-24,celio,jean homme,https://www.celio.com/fr-fr/store?StoreID=0714,4.5,0,2
2026-09-24,celio,jean homme,https://www.celio.com/fr-fr/store?StoreID=1435,7.5,0,2
2026-09-25,celio,jean homme,https://www.celio.com/fr-be/c/jeans,2.5,0,2
2026-09-25,celio,jean homme,https://www.celio.com/fr-fr/c/jeans,1.4,9,344
2026-09-25,celio,jean homme,https://www.celio.com/fr-fr/store?StoreID=0025,4.7,0,3
2026-09-25,celio,jean homme,https://www.celio.com/fr-fr/store?StoreID=0044,4,0,2
2026-09-25,celio,jean homme,https://www.celio.com/fr-fr/store?StoreID=0061,5,0,2
2026-09-25,celio,jean homme,https://www.celio.com/fr-fr/store?StoreID=0123,6,0,3
2026-09-25,celio,jean homme,https://www.celio.com/fr-fr/store?StoreID=0218,5,0,2
2026-09-25,celio,jean homme,https://www.celio.com/fr-fr/store?StoreID=0219,5.5,0,2
2026-09-25,celio,jean homme,https://www.celio.com/fr-fr/store?StoreID=0267,3.5,0,2
2026-09-25,celio,jean homme,https://www.celio.com/fr-fr/store?StoreID=0618,5.5,0,2
2026-09-25,celio,jean homme,https://www.celio.com/fr-fr/store?StoreID=0757,4.7,0,3
2026-09-25,celio,jean homme,https://www.celio.com/fr-fr/store?StoreID=0774,6,0,2
2026-09-25,celio,jean homme,https://www.celio.com/fr-fr/store?StoreID=1035,4,0,2
2026-09-25,celio,jean homme,https://www.celio.com/fr-fr/store?StoreID=1459,5.5,0,2
2026-09-25,celio,jean homme,https://www.celio.com/fr-fr/store?StoreID=1618,4.5,0,2
2026-09-25,celio,jean homme,https://www.celio.com/fr-fr/store?StoreID=1689,5.5,0,2
2026-09-26,celio,jean homme,https://www.celio.com/fr-be/c/jeans,1.2,0,5
2026-09-26,celio,jean homme,https://www.celio.com/fr-be/store?StoreID=3507,10.2,0,4
2026-09-26,celio,jean homme,https://www.celio.com/fr-fr/c/jeans,1.3,14,458
2026-09-26,celio,jean homme,https://www.celio.com/fr-fr/store?StoreID=0025,6.7,0,3
2026-09-26,celio,jean homme,https://www.celio.com/fr-fr/store?StoreID=0108,5.8,0,4
2026-09-26,celio,jean homme,https://www.celio.com/fr-fr/store?StoreID=0109,5.3,0,3
2026-09-26,celio,jean homme,https://www.celio.com/fr-fr/store?StoreID=0123,6.7,0,6
2026-09-26,celio,jean homme,https://www.celio.com/fr-fr/store?StoreID=0162,5,0,2
2026-09-26,celio,jean homme,https://www.celio.com/fr-fr/store?StoreID=0218,5,0,3
2026-09-26,celio,jean homme,https://www.celio.com/fr-fr/store?StoreID=0219,6.8,0,6
2026-09-26,celio,jean homme,https://www.celio.com/fr-fr/store?StoreID=0235,5.2,0,4
2026-09-26,celio,jean homme,https://www.celio.com/fr-fr/store?StoreID=0296,6,0,3
2026-09-26,celio,jean homme,https://www.celio.com/fr-fr/store?StoreID=0298,6,0,2
2026-09-26,celio,jean homme,https://www.celio.com/fr-fr/store?StoreID=0605,5.3,0,3
2026-09-26,celio,jean homme,https://www.celio.com/fr-fr/store?StoreID=0623,8,0,2
2026-09-26,celio,jean homme,https://www.celio.com/fr-fr/store?StoreID=0635,5.5,0,2
2026-09-26,celio,jean homme,https://www.celio.com/fr-fr/store?StoreID=0642,6.3,0,3
2026-09-26,celio,jean homme,https://www.celio.com/fr-fr/store?StoreID=0766,5.7,0,3
2026-09-26,celio,jean homme,https://www.celio.com/fr-fr/store?StoreID=1444,6.3,0,3
2026-09-27,celio,jean homme,https://www.celio.com/fr-be/c/jeans,1.5,1,4
2026-09-27,celio,jean homme,https://www.celio.com/fr-fr/c/jeans,1.4,16,470
2026-09-27,celio,jean homme,https://www.celio.com/fr-fr/store?StoreID=0012,6,0,2
2026-09-27,celio,jean homme,https://www.celio.com/fr-fr/store?StoreID=0128,6,0,3
2026-09-27,celio,jean homme,https://www.celio.com/fr-fr/store?StoreID=0191,5,0,2
2026-09-27,celio,jean homme,https://www.celio.com/fr-fr/store?StoreID=0207,4.7,0,3
2026-09-27,celio,jean homme,https://www.celio.com/fr-fr/store?StoreID=0218,4.3,0,3
2026-09-27,celio,jean homme,https://www.celio.com/fr-fr/store?StoreID=0219,3,0,2
2026-09-27,celio,jean homme,https://www.celio.com/fr-fr/store?StoreID=0230,6.5,0,2
2026-09-27,celio,jean homme,https://www.celio.com/fr-fr/store?StoreID=0623,6,0,4
2026-09-27,celio,jean homme,https://www.celio.com/fr-fr/store?StoreID=0685,6,0,2
2026-09-27,celio,jean homme,https://www.celio.com/fr-fr/store?StoreID=0766,4.7,0,3
2026-09-27,celio,jean homme,https://www.celio.com/fr-fr/store?StoreID=1040,6.3,0,3
2026-09-27,celio,jean homme,https://www.celio.com/fr-fr/store?StoreID=1618,6,0,3
2026-09-27,celio,jean homme,https://www.celio.com/fr-fr/store?StoreID=1625,5.5,0,2
2026-09-28,celio,jean homme,https://www.celio.com/fr-be/c/jeans,2,0,3
2026-09-28,celio,jean homme,https://www.celio.com/fr-fr/c/jeans,1.5,15,412
2026-09-28,celio,jean homme,https://www.celio.com/fr-fr/c/jeans-jeans-3-longueurs,79.5,0,2
2026-09-28,celio,jean homme,https://www.celio.com/fr-fr/store?StoreID=0001,5,0,3
2026-09-28,celio,jean homme,https://www.celio.com/fr-fr/store?StoreID=0109,3.3,0,3
2026-09-28,celio,jean homme,https://www.celio.com/fr-fr/store?StoreID=0123,2,0,3
2026-09-28,celio,jean homme,https://www.celio.com/fr-fr/store?StoreID=0149,2,0,5
2026-09-28,celio,jean homme,https://www.celio.com/fr-fr/store?StoreID=0162,4,0,4
2026-09-28,celio,jean homme,https://www.celio.com/fr-fr/store?StoreID=0181,4,0,2
2026-09-28,celio,jean homme,https://www.celio.com/fr-fr/store?StoreID=0191,3.5,0,2
2026-09-28,celio,jean homme,https://www.celio.com/fr-fr/store?StoreID=0218,5,0,2
2026-09-28,celio,jean homme,https://www.celio.com/fr-fr/store?StoreID=0230,3.2,0,4
2026-09-28,celio,jean homme,https://www.celio.com/fr-fr/store?StoreID=0623,3.5,0,2
2026-09-28,celio,jean homme,https://www.celio.com/fr-fr/store?StoreID=0645,5,0,4
2026-09-28,celio,jean homme,https://www.celio.com/fr-fr/store?StoreID=0714,7.3,0,3
2026-09-28,celio,jean homme,https://www.celio.com/fr-fr/store?StoreID=0757,3.5,0,2
2026-09-28,celio,jean homme,https://www.celio.com/fr-fr/store?StoreID=1642,5,0,3
2026-09-29,celio,jean homme,https://www.celio.com/fr-fr/c/jeans,1.3,17,402
2026-09-29,celio,jean homme,https://www.celio.com/fr-fr/store?StoreID=0162,4.5,0,2
2026-09-29,celio,jean homme,https://www.celio.com/fr-fr/store?StoreID=0218,3,0,2
2026-09-29,celio,jean homme,https://www.celio.com/fr-fr/store?StoreID=0230,3.7,0,3
2026-09-29,celio,jean homme,https://www.celio.com/fr-fr/store?StoreID=0603,7,0,2
2026-09-29,celio,jean homme,https://www.celio.com/fr-fr/store?StoreID=0606,3,0,2
2026-09-29,celio,jean homme,https://www.celio.com/fr-fr/store?StoreID=0645,2.5,0,2
2026-09-29,celio,jean homme,https://www.celio.com/fr-fr/store?StoreID=0757,4,0,2
2026-09-29,celio,jean homme,https://www.celio.com/fr-fr/store?StoreID=1531,5,0,2
2026-09-30,celio,jean homme,https://www.celio.com/fr-be/c/jeans,1.8,0,5
2026-09-30,celio,jean homme,https://www.celio.com/fr-fr/c/jeans,1.5,18,419
2026-09-30,celio,jean homme,https://www.celio.com/fr-fr/store?StoreID=0110,3.5,0,4
2026-09-30,celio,jean homme,https://www.celio.com/fr-fr/store?StoreID=0123,4,0,2
2026-09-30,celio,jean homme,https://www.celio.com/fr-fr/store?StoreID=0219,3,0,2
2026-09-30,celio,jean homme,https://www.celio.com/fr-fr/store?StoreID=0272,4,0,3
2026-09-30,celio,jean homme,https://www.celio.com/fr-fr/store?StoreID=1456,5,0,2
2026-09-30,celio,jean homme,https://www.celio.com/fr-fr/store?StoreID=1704,3.5,0,2
2026-07-03,celio,jeans homme,https://www.celio.com/fr-fr/c/jeans,7.0,0,159
2026-07-03,celio,jeans homme,https://www.celio.com/fr-fr/store?StoreID=0212,21,0,2
2026-07-03,celio,jeans homme,https://www.celio.com/fr-fr/store?StoreID=0230,9,0,2
2026-07-03,celio,jeans homme,https://www.celio.com/fr-fr/store?StoreID=0763,12.5,0,2
2026-07-04,celio,jeans homme,https://www.celio.com/fr-fr/c/jeans,6.7,5,155
2026-07-04,celio,jeans homme,https://www.celio.com/fr-fr/store?StoreID=0274,8.5,0,2
2026-07-04,celio,jeans homme,https://www.celio.com/fr-fr/store?StoreID=0763,5.3,0,3
2026-07-04,celio,jeans homme,https://www.celio.com/fr-fr/store?StoreID=0775,1,0,3
2026-07-04,celio,jeans homme,https://www.celio.com/nl-be/store?StoreID=0336,12.5,0,2
2026-07-05,celio,jeans homme,https://www.celio.com/fr-be/c/jeans,22,0,3
2026-07-05,celio,jeans homme,https://www.celio.com/fr-fr/c/jeans,6.4,3,173
2026-07-05,celio,jeans homme,https://www.celio.com/fr-fr/store?StoreID=0012,1,0,2
2026-07-05,celio,jeans homme,https://www.celio.com/fr-fr/store?StoreID=0132,11,0,2
2026-07-05,celio,jeans homme,https://www.celio.com/fr-fr/store?StoreID=0212,9.5,0,2
2026-07-05,celio,jeans homme,https://www.celio.com/fr-fr/store?StoreID=0701,11,0,2
2026-07-05,celio,jeans homme,https://www.celio.com/fr-fr/store?StoreID=0763,4.5,0,2
2026-07-05,celio,jeans homme,https://www.celio.com/fr-fr/store?StoreID=1459,12.5,0,2
2026-07-05,celio,jeans homme,https://www.celio.com/fr-fr/store?StoreID=1460,1,0,2
2026-07-05,celio,jeans homme,https://www.celio.com/fr-fr/store?StoreID=1461,16,0,2
2026-07-06,celio,jeans homme,https://www.celio.com/fr-be/c/jeans,6,0,2
2026-07-06,celio,jeans homme,https://www.celio.com/fr-fr/c/jeans,5.3,0,148
2026-07-06,celio,jeans homme,https://www.celio.com/fr-fr/store?StoreID=0230,3.5,0,2
2026-07-06,celio,jeans homme,https://www.celio.com/fr-fr/store?StoreID=0296,6,0,2
2026-07-06,celio,jeans homme,https://www.celio.com/fr-fr/store?StoreID=0642,1,0,2
2026-07-06,celio,jeans homme,https://www.celio.com/fr-fr/store?StoreID=0763,7,0,2
2026-07-07,celio,jeans homme,https://www.celio.com/fr-fr/c/jeans,4.3,4,145
2026-07-08,celio,jeans homme,https://www.celio.com/fr-be/c/jeans,14.5,0,4
2026-07-08,celio,jeans homme,https://www.celio.com/fr-be/store?StoreID=0346,13.7,0,3
2026-07-08,celio,jeans homme,https://www.celio.com/fr-be/store?StoreID=0348,8.3,0,3
2026-07-08,celio,jeans homme,https://www.celio.com/fr-be/store?StoreID=0349,3,0,2
2026-07-08,celio,jeans homme,https://www.celio.com/fr-fr/c/jeans,4.7,3,144
2026-07-08,celio,jeans homme,https://www.celio.com/fr-fr/store?StoreID=0162,1.5,0,2
2026-07-08,celio,jeans homme,https://www.celio.com/fr-fr/store?StoreID=0616,1,0,2
2026-07-08,celio,jeans homme,https://www.celio.com/fr-fr/store?StoreID=1023,9.5,0,2
2026-07-09,celio,jeans homme,https://www.celio.com/fr-fr/c/jeans,6.2,2,137
2026-07-09,celio,jeans homme,https://www.celio.com/fr-fr/store?StoreID=0230,22.3,0,3
2026-07-10,celio,jeans homme,https://www.celio.com/fr-be/c/jeans,17.2,0,5
2026-07-10,celio,jeans homme,https://www.celio.com/fr-be/store?StoreID=0389,13,0,2
2026-07-10,celio,jeans homme,https://www.celio.com/fr-be/store?StoreID=3500,16,0,2
2026-07-10,celio,jeans homme,https://www.celio.com/fr-be/store?StoreID=3510,3,0,2
2026-07-10,celio,jeans homme,https://www.celio.com/fr-fr/c/jeans,10.3,0,91
2026-07-10,celio,jeans homme,https://www.celio.com/fr-fr/store?StoreID=0636,2,0,2
2026-07-10,celio,jeans homme,https://www.celio.com/fr-fr/store?StoreID=1422,11.3,0,3
2026-07-11,celio,jeans homme,https://www.celio.com/fr-fr/c/jeans,10.8,0,69
2026-07-11,celio,jeans homme,https://www.celio.com/fr-fr/store?StoreID=0152,9,0,2
2026-07-12,celio,jeans homme,https://www.celio.com/fr-fr/c/jeans,12.3,0,78
2026-07-12,celio,jeans homme,https://www.celio.com/fr-fr/store?StoreID=0212,10.2,0,4
2026-07-12,celio,jeans homme,https://www.celio.com/fr-fr/store?StoreID=0763,1,0,2
2026-07-13,celio,jeans homme,https://www.celio.com/fr-be/c/jeans,19,0,2
2026-07-13,celio,jeans homme,https://www.celio.com/fr-fr/c/jeans,11.0,0,67
2026-07-13,celio,jeans homme,https://www.celio.com/fr-fr/store?StoreID=0012,4.5,0,2
2026-07-13,celio,jeans homme,https://www.celio.com/fr-fr/store?StoreID=0191,7,0,2
2026-07-14,celio,jeans homme,https://www.celio.com/fr-be/c/jeans,14.4,1,9
2026-07-14,celio,jeans homme,https://www.celio.com/fr-be/store?StoreID=3507,9.5,0,2
2026-07-14,celio,jeans homme,https://www.celio.com/fr-fr/c/jeans,10.9,0,66
2026-07-15,celio,jeans homme,https://www.celio.com/fr-fr/c/jeans,9.3,0,59
2026-07-15,celio,jeans homme,https://www.celio.com/fr-fr/store?StoreID=0212,21.7,0,3
2026-07-15,celio,jeans homme,https://www.celio.com/fr-fr/store?StoreID=0770,5,0,2
2026-07-15,celio,jeans homme,https://www.celio.com/fr-fr/store?StoreID=0774,22.5,0,2
2026-07-16,celio,jeans homme,https://www.celio.com/fr-fr/c/jeans,10.5,0,84
2026-07-16,celio,jeans homme,https://www.celio.com/fr-fr/store?StoreID=0063,1,0,2
2026-07-16,celio,jeans homme,https://www.celio.com/fr-fr/store?StoreID=0162,8.5,0,2
2026-07-16,celio,jeans homme,https://www.celio.com/fr-fr/store?StoreID=0296,1.5,0,2
2026-07-16,celio,jeans homme,https://www.celio.com/fr-fr/store?StoreID=1461,8,0,2
2026-07-17,celio,jeans homme,https://www.celio.com/fr-be/c/jeans,16,0,3
2026-07-17,celio,jeans homme,https://www.celio.com/fr-be/store?StoreID=0346,14,0,2
2026-07-17,celio,jeans homme,https://www.celio.com/fr-fr/c/jeans,10.1,0,60
2026-07-17,celio,jeans homme,https://www.celio.com/fr-fr/store?StoreID=0196,2,0,2
2026-07-17,celio,jeans homme,https://www.celio.com/fr-fr/store?StoreID=0763,3.5,0,2
2026-07-17,celio,jeans homme,https://www.celio.com/fr-fr/store?StoreID=1652,6.5,0,2
2026-07-18,celio,jeans homme,https://www.celio.com/fr-be/c/jeans,11.5,0,4
2026-07-18,celio,jeans homme,https://www.celio.com/fr-be/store?StoreID=0348,1,0,2
2026-07-18,celio,jeans homme,https://www.celio.com/fr-be/store?StoreID=3514,1,0,2
2026-07-18,celio,jeans homme,https://www.celio.com/fr-be/store?StoreID=3516,9.5,0,2
2026-07-18,celio,jeans homme,https://www.celio.com/fr-be/store?StoreID=3522,1,0,2
2026-07-18,celio,jeans homme,https://www.celio.com/fr-fr/c/jeans,8.8,0,85
2026-07-18,celio,jeans homme,https://www.celio.com/fr-fr/store?StoreID=0763,3,0,2
2026-07-19,celio,jeans homme,https://www.celio.com/fr-fr/c/jeans,8.3,2,118
2026-07-19,celio,jeans homme,https://www.celio.com/fr-fr/store?StoreID=0162,1,1,2
2026-07-19,celio,jeans homme,https://www.celio.com/fr-fr/store?StoreID=1040,3,0,2
2026-07-20,celio,jeans homme,https://www.celio.com/fr-be/c/jeans,20.5,0,2
2026-07-20,celio,jeans homme,https://www.celio.com/fr-be/store?StoreID=0345,2,0,2
2026-07-20,celio,jeans homme,https://www.celio.com/fr-fr/c/jeans,7.5,1,83
2026-07-20,celio,jeans homme,https://www.celio.com/fr-fr/store?StoreID=0126,1.5,0,2
2026-07-20,celio,jeans homme,https://www.celio.com/fr-fr/store?StoreID=0284,5,0,2
2026-07-20,celio,jeans homme,https://www.celio.com/fr-fr/store?StoreID=1643,8,0,2
2026-07-21,celio,jeans homme,https://www.celio.com/fr-fr/c/jeans,9.4,1,84
2026-07-21,celio,jeans homme,https://www.celio.com/fr-fr/store?StoreID=0685,3.7,0,3
2026-07-21,celio,jeans homme,https://www.celio.com/fr-fr/store?StoreID=1618,1,0,2
2026-07-22,celio,jeans homme,https://www.celio.com/fr-be/c/jeans,12.5,0,2
2026-07-22,celio,jeans homme,https://www.celio.com/fr-be/store?StoreID=0348,6,0,2
2026-07-22,celio,jeans homme,https://www.celio.com/fr-fr/c/jeans,6.8,0,80
2026-07-22,celio,jeans homme,https://www.celio.com/fr-fr/store?StoreID=0219,5.5,0,2
2026-07-22,celio,jeans homme,https://www.celio.com/fr-fr/store?StoreID=0623,2,0,3
2026-07-23,celio,jeans homme,https://www.celio.com/fr-be/c/jeans,10,0,2
2026-07-23,celio,jeans homme,https://www.celio.com/fr-fr/c/jeans,8.2,2,105
2026-07-23,celio,jeans homme,https://www.celio.com/fr-fr/store?StoreID=0080,5,0,2
2026-07-23,celio,jeans homme,https://www.celio.com/fr-fr/store?StoreID=0126,4.5,0,2
2026-07-23,celio,jeans homme,https://www.celio.com/fr-fr/store?StoreID=0277,2,0,2
2026-07-23,celio,jeans homme,https://www.celio.com/fr-fr/store?StoreID=0602,5,0,2
2026-07-24,celio,jeans homme,https://www.celio.com/fr-be/c/jeans,16.5,0,4
2026-07-24,celio,jeans homme,https://www.celio.com/fr-be/store?StoreID=3507,4,0,3
2026-07-24,celio,jeans homme,https://www.celio.com/fr-fr/c/jeans,7.8,0,93
2026-07-24,celio,jeans homme,https://www.celio.com/fr-fr/store?StoreID=0123,22,0,2
2026-07-24,celio,jeans homme,https://www.celio.com/fr-fr/store?StoreID=0224,5.5,0,2
2026-07-24,celio,jeans homme,https://www.celio.com/fr-fr/store?StoreID=0685,5,0,2
2026-07-25,celio,jeans homme,https://www.celio.com/fr-be/c/jeans,15.3,0,3
2026-07-25,celio,jeans homme,https://www.celio.com/fr-fr/c/jeans,9.2,2,109
2026-07-25,celio,jeans homme,https://www.celio.com/fr-fr/store?StoreID=0080,5,0,3
2026-07-25,celio,jeans homme,https://www.celio.com/fr-fr/store?StoreID=0126,12,0,2
2026-07-25,celio,jeans homme,https://www.celio.com/fr-fr/store?StoreID=0162,5,0,2
2026-07-25,celio,jeans homme,https://www.celio.com/fr-fr/store?StoreID=0255,11,0,2
2026-07-25,celio,jeans homme,https://www.celio.com/fr-fr/store?StoreID=0636,3,0,2
2026-07-25,celio,jeans homme,https://www.celio.com/fr-fr/store?StoreID=0639,6,0,2
2026-07-25,celio,jeans homme,https://www.celio.com/fr-fr/store?StoreID=0686,4,0,2
2026-07-25,celio,jeans homme,https://www.celio.com/fr-fr/store?StoreID=1688,8,0,2
2026-07-26,celio,jeans homme,https://www.celio.com/fr-be/c/jeans,16.7,0,3
2026-07-26,celio,jeans homme,https://www.celio.com/fr-be/store?StoreID=3504,7.3,0,3
2026-07-26,celio,jeans homme,https://www.celio.com/fr-be/store?StoreID=3514,4.5,0,2
2026-07-26,celio,jeans homme,https://www.celio.com/fr-fr/c/jeans,7.1,4,104
2026-07-26,celio,jeans homme,https://www.celio.com/fr-fr/store?StoreID=0012,5,0,3
2026-07-26,celio,jeans homme,https://www.celio.com/fr-fr/store?StoreID=0080,3,0,2
2026-07-26,celio,jeans homme,https://www.celio.com/fr-fr/store?StoreID=0691,12,0,2
2026-07-27,celio,jeans homme,https://www.celio.com/fr-fr/c/jeans,9.6,0,84
2026-07-28,celio,jeans homme,https://www.celio.com/fr-be/c/jeans,18.8,0,4
2026-07-28,celio,jeans homme,https://www.celio.com/fr-be/store?StoreID=0345,3.7,0,3
2026-07-28,celio,jeans homme,https://www.celio.com/fr-be/store?StoreID=0348,7.3,0,3
2026-07-28,celio,jeans homme,https://www.celio.com/fr-be/store?StoreID=3514,4,0,3
2026-07-28,celio,jeans homme,https://www.celio.com/fr-be/store?StoreID=3522,6,0,3
2026-07-28,celio,jeans homme,https://www.celio.com/fr-fr/c/jeans,8.4,2,104
2026-07-28,celio,jeans homme,https://www.celio.com/fr-fr/store?StoreID=0031,5,0,2
2026-07-28,celio,jeans homme,https://www.celio.com/fr-fr/store?StoreID=0641,2,0,2
2026-07-28,celio,jeans homme,https://www.celio.com/fr-fr/store?StoreID=0763,1.7,0,3
2026-07-28,celio,jeans homme,https://www.celio.com/fr-fr/store?StoreID=1621,7,0,2
2026-07-28,celio,jeans homme,https://www.celio.com/fr-fr/store?StoreID=1651,1,0,2
2026-07-29,celio,jeans homme,https://www.celio.com/fr-be/store?StoreID=0348,1.5,0,2
2026-07-29,celio,jeans homme,https://www.celio.com/fr-fr/c/jeans,8.8,1,79
2026-07-29,celio,jeans homme,https://www.celio.com/fr-fr/store?StoreID=0219,1,0,2
2026-07-29,celio,jeans homme,https://www.celio.com/fr-fr/store?StoreID=0277,1.5,1,2
2026-07-29,celio,jeans homme,https://www.celio.com/fr-fr/store?StoreID=1475,3.5,0,2
2026-07-30,celio,jeans homme,https://www.celio.com/fr-be/store?StoreID=0371,12,0,2
2026-07-30,celio,jeans homme,https://www.celio.com/fr-fr/c/jeans,8.7,0,91
2026-07-31,celio,jeans homme,https://www.celio.com/fr-be/c/jeans,15,0,2
2026-07-31,celio,jeans homme,https://www.celio.com/fr-be/store?StoreID=0348,10,0,2
2026-07-31,celio,jeans homme,https://www.celio.com/fr-be/store?StoreID=0389,8,0,2
2026-07-31,celio,jeans homme,https://www.celio.com/fr-be/store?StoreID=3510,6,0,2
2026-07-31,celio,jeans homme,https://www.celio.com/fr-fr/c/jeans,9.4,1,149
2026-07-31,celio,jeans homme,https://www.celio.com/fr-fr/store?StoreID=0106,1,0,2
2026-07-31,celio,jeans homme,https://www.celio.com/fr-fr/store?StoreID=0187,2,0,2
2026-08-01,celio,jeans homme,https://www.celio.com/fr-fr/c/jeans,9.9,7,180
2026-08-01,celio,jeans homme,https://www.celio.com/fr-fr/store?StoreID=0012,10,0,2
2026-08-01,celio,jeans homme,https://www.celio.com/fr-fr/store?StoreID=0298,1,0,2
2026-08-01,celio,jeans homme,https://www.celio.com/fr-fr/store?StoreID=0775,1.3,0,3
2026-08-02,celio,jeans homme,https://www.celio.com/fr-be/c/jeans,15.8,0,4
2026-08-02,celio,jeans homme,https://www.celio.com/fr-be/store?StoreID=3507,13,0,2
2026-08-02,celio,jeans homme,https://www.celio.com/fr-fr/c/jeans,7.1,1,161
2026-08-02,celio,jeans homme,https://www.celio.com/fr-fr/store?StoreID=0763,9,0,2
2026-08-03,celio,jeans homme,https://www.celio.com/fr-be/c/jeans,13.3,0,3
2026-08-03,celio,jeans homme,https://www.celio.com/fr-fr/c/jeans,5.5,4,144
2026-08-03,celio,jeans homme,https://www.celio.com/fr-fr/store?StoreID=0004,3,0,3
2026-08-03,celio,jeans homme,https://www.celio.com/fr-fr/store?StoreID=0122,3,0,3
2026-08-03,celio,jeans homme,https://www.celio.com/fr-fr/store?StoreID=0167,9.5,0,2
2026-08-03,celio,jeans homme,https://www.celio.com/fr-fr/store?StoreID=0639,1,0,2
2026-08-03,celio,jeans homme,https://www.celio.com/fr-fr/store?StoreID=0699,1,0,2
2026-08-04,celio,jeans homme,https://www.celio.com/fr-fr/c/jeans,4.7,6,193
2026-08-04,celio,jeans homme,https://www.celio.com/fr-fr/store?StoreID=0012,10.5,0,2
2026-08-04,celio,jeans homme,https://www.celio.com/fr-fr/store?StoreID=1023,12,0,5
2026-08-05,celio,jeans homme,https://www.celio.com/fr-fr/c/jeans,4.4,6,170
2026-08-05,celio,jeans homme,https://www.celio.com/fr-fr/store?StoreID=0037,2,0,2
2026-08-06,celio,jeans homme,https://www.celio.com/fr-fr/c/jeans,4.2,8,188
2026-08-06,celio,jeans homme,https://www.celio.com/fr-fr/store?StoreID=0031,3,0,2
2026-08-07,celio,jeans homme,https://www.celio.com/fr-be/c/jeans,19.5,0,4
2026-08-07,celio,jeans homme,https://www.celio.com/fr-be/store?StoreID=0389,1,0,2
2026-08-07,celio,jeans homme,https://www.celio.com/fr-be/store?StoreID=3500,1,0,2
2026-08-07,celio,jeans homme,https://www.celio.com/fr-be/store?StoreID=3507,12,0,2
2026-08-07,celio,jeans homme,https://www.celio.com/fr-fr/c/jeans,5.5,3,162
2026-08-07,celio,jeans homme,https://www.celio.com/fr-fr/store?StoreID=0108,7,0,2
2026-08-08,celio,jeans homme,https://www.celio.com/fr-be/c/jeans,15,0,3
2026-08-08,celio,jeans homme,https://www.celio.com/fr-be/store?StoreID=0346,13,0,2
2026-08-08,celio,jeans homme,https://www.celio.com/fr-fr/c/jeans,7.1,3,203
2026-08-09,celio,jeans homme,https://www.celio.com/fr-be/c/jeans,14,0,2
2026-08-09,celio,jeans homme,https://www.celio.com/fr-be/store?StoreID=3514,3.5,0,2
2026-08-09,celio,jeans homme,https://www.celio.com/fr-fr/c/jeans,6.5,8,199
2026-08-09,celio,jeans homme,https://www.celio.com/fr-fr/store?StoreID=0230,15,0,2
2026-08-09,celio,jeans homme,https://www.celio.com/fr-fr/store?StoreID=0296,5.3,0,3
2026-08-09,celio,jeans homme,https://www.celio.com/fr-fr/store?StoreID=0636,2,0,2
2026-08-10,celio,jeans homme,https://www.celio.com/fr-be/store?StoreID=3522,2,0,2
2026-08-10,celio,jeans homme,https://www.celio.com/fr-fr/c/jeans,6.2,6,165
2026-08-10,celio,jeans homme,https://www.celio.com/fr-fr/store?StoreID=0636,1,0,2
2026-08-10,celio,jeans homme,https://www.celio.com/fr-fr/store?StoreID=1475,2,0,2
2026-08-11,celio,jeans homme,https://www.celio.com/fr-be/c/jeans,10.7,0,3
2026-08-11,celio,jeans homme,https://www.celio.com/fr-fr/c/jeans,7.1,1,156
2026-08-11,celio,jeans homme,https://www.celio.com/fr-fr/store?StoreID=0012,3,0,2
2026-08-11,celio,jeans homme,https://www.celio.com/fr-fr/store?StoreID=0036,14.5,0,2
2026-08-12,celio,jeans homme,https://www.celio.com/fr-be/c/jeans,17.5,0,2
2026-08-12,celio,jeans homme,https://www.celio.com/fr-fr/c/jeans,9.9,2,110
2026-08-12,celio,jeans homme,https://www.celio.com/fr-fr/store?StoreID=0763,13,0,3
2026-08-13,celio,jeans homme,https://www.celio.com/fr-be/store?StoreID=0345,1.7,0,3
2026-08-13,celio,jeans homme,https://www.celio.com/fr-fr/c/jeans,8.6,2,114
2026-08-14,celio,jeans homme,https://www.celio.com/fr-fr/c/jeans,9.2,1,127
2026-08-15,celio,jeans homme,https://www.celio.com/fr-be/c/jeans,21.5,0,2
2026-08-15,celio,jeans homme,https://www.celio.com/fr-fr/c/jeans,8.7,0,154
2026-08-16,celio,jeans homme,https://www.celio.com/fr-fr/c/jeans,9.0,5,174
2026-08-16,celio,jeans homme,https://www.celio.com/fr-fr/store?StoreID=0004,3,0,2
2026-08-16,celio,jeans homme,https://www.celio.com/fr-fr/store?StoreID=0194,2,0,2
2026-08-16,celio,jeans homme,https://www.celio.com/fr-fr/store?StoreID=0207,2,0,2
2026-08-16,celio,jeans homme,https://www.celio.com/fr-fr/store?StoreID=0212,13.3,0,3
2026-08-16,celio,jeans homme,https://www.celio.com/fr-fr/store?StoreID=1704,10.5,0,2
2026-08-17,celio,jeans homme,https://www.celio.com/fr-be/c/jeans,11.8,0,4
2026-08-17,celio,jeans homme,https://www.celio.com/fr-be/store?StoreID=0348,3,0,2
2026-08-17,celio,jeans homme,https://www.celio.com/fr-fr/c/jeans,8.4,1,139
2026-08-17,celio,jeans homme,https://www.celio.com/fr-fr/store?StoreID=0224,11,0,2
2026-08-17,celio,jeans homme,https://www.celio.com/fr-fr/store?StoreID=0296,2,0,2
2026-08-18,celio,jeans homme,http://www.celio.com/,34.5,0,2
2026-08-18,celio,jeans homme,https://www.celio.com/fr-fr/c/jeans,7.6,4,196
2026-08-18,celio,jeans homme,https://www.celio.com/fr-fr/store?StoreID=0099,1,0,2
2026-08-18,celio,jeans homme,https://www.celio.com/fr-fr/store?StoreID=0769,7,0,2
2026-08-19,celio,jeans homme,https://www.celio.com/fr-be/c/jeans,8.4,0,10
2026-08-19,celio,jeans homme,https://www.celio.com/fr-be/store?StoreID=0375,16,0,2
2026-08-19,celio,jeans homme,https://www.celio.com/fr-fr/c/jeans,3.8,14,274
2026-08-19,celio,jeans homme,https://www.celio.com/fr-fr/store?StoreID=0012,9.5,0,2
2026-08-19,celio,jeans homme,https://www.celio.com/fr-fr/store?StoreID=0080,7,0,2
2026-08-19,celio,jeans homme,https://www.celio.com/fr-fr/store?StoreID=0172,2,0,2
2026-08-20,celio,jeans homme,https://www.celio.com/fr-be/c/jeans,7.7,0,12
2026-08-20,celio,jeans homme,https://www.celio.com/fr-fr/c/jeans,3.6,9,267
2026-08-21,celio,jeans homme,https://www.celio.com/fr-be/c/jeans,12.1,0,14
2026-08-21,celio,jeans homme,https://www.celio.com/fr-fr/c/jeans,4.0,10,259
2026-08-21,celio,jeans homme,https://www.celio.com/fr-fr/store?StoreID=0191,14.6,0,5
2026-08-21,celio,jeans homme,https://www.celio.com/fr-fr/store?StoreID=0219,7,0,2
2026-08-21,celio,jeans homme,https://www.celio.com/fr-fr/store?StoreID=0763,7.5,0,2
2026-08-21,celio,jeans homme,https://www.celio.com/fr-fr/store?StoreID=1463,5.5,0,2
2026-08-22,celio,jeans homme,https://www.celio.com/fr-be/c/jeans,9.6,0,11
2026-08-22,celio,jeans homme,https://www.celio.com/fr-be/store?StoreID=0349,1,1,2
2026-08-22,celio,jeans homme,https://www.celio.com/fr-fr/c/jeans,6.6,2,196
2026-08-22,celio,jeans homme,https://www.celio.com/fr-fr/store?StoreID=0763,2,0,3
2026-08-23,celio,jeans homme,https://www.celio.com/fr-be/c/jeans,10.5,1,15
2026-08-23,celio,jeans homme,https://www.celio.com/fr-fr/c/jeans,7.3,3,245
2026-08-23,celio,jeans homme,https://www.celio.com/fr-fr/store?StoreID=0207,4,0,2
2026-08-23,celio,jeans homme,https://www.celio.com/fr-fr/store?StoreID=0230,18,0,2
2026-08-24,celio,jeans homme,https://www.celio.com/fr-be/c/jeans,9,0,8
2026-08-24,celio,jeans homme,https://www.celio.com/fr-fr/c/jeans,7.1,6,260
2026-08-24,celio,jeans homme,https://www.celio.com/fr-fr/store?StoreID=0625,14,0,2
2026-08-25,celio,jeans homme,https://www.celio.com/fr-be/c/jeans,9.8,0,5
2026-08-25,celio,jeans homme,https://www.celio.com/fr-fr/c/jeans,6.2,6,270
2026-08-25,celio,jeans homme,https://www.celio.com/fr-fr/store?StoreID=0230,11,0,2
2026-08-25,celio,jeans homme,https://www.celio.com/fr-fr/store?StoreID=0266,11,0,3
2026-08-25,celio,jeans homme,https://www.celio.com/fr-fr/store?StoreID=1475,2,0,2
2026-08-25,celio,jeans homme,https://www.celio.com/fr-fr/store?StoreID=1629,10,0,2
2026-08-26,celio,jeans homme,https://www.celio.com/fr-be/c/jeans,9.8,0,20
2026-08-26,celio,jeans homme,https://www.celio.com/fr-be/store?StoreID=3514,1,0,2
2026-08-26,celio,jeans homme,https://www.celio.com/fr-fr/c/jeans,7.0,6,248
2026-08-26,celio,jeans homme,https://www.celio.com/fr-fr/store?StoreID=0162,5,0,2
2026-08-26,celio,jeans homme,https://www.celio.com/fr-fr/store?StoreID=0230,6.5,0,2
2026-08-26,celio,jeans homme,https://www.celio.com/fr-fr/store?StoreID=0623,14,0,2
2026-08-26,celio,jeans homme,https://www.celio.com/fr-fr/store?StoreID=0763,8.5,0,2
2026-08-26,celio,jeans homme,https://www.celio.com/fr-fr/store?StoreID=1473,7.5,0,2
2026-08-26,celio,jeans homme,https://www.celio.com/fr-fr/store?StoreID=1475,2,0,3
2026-08-27,celio,jeans homme,https://www.celio.com/fr-be/c/jeans,9,0,2
2026-08-27,celio,jeans homme,https://www.celio.com/fr-be/store?StoreID=0374,15.5,0,2
2026-08-27,celio,jeans homme,https://www.celio.com/fr-be/store?StoreID=0389,15.2,0,4
2026-08-27,celio,jeans homme,https://www.celio.com/fr-fr/c/jeans,6.1,7,254
2026-08-27,celio,jeans homme,https://www.celio.com/fr-fr/store?StoreID=0012,1.7,1,3
2026-08-27,celio,jeans homme,https://www.celio.com/fr-fr/store?StoreID=1688,9.3,0,3
2026-08-28,celio,jeans homme,https://www.celio.com/fr-be/store?StoreID=0374,3,0,3
2026-08-28,celio,jeans homme,https://www.celio.com/fr-be/store?StoreID=0389,6.3,0,3
2026-08-28,celio,jeans homme,https://www.celio.com/fr-be/store?StoreID=3507,7,0,2
2026-08-28,celio,jeans homme,https://www.celio.com/fr-be/store?StoreID=3510,8.5,0,2
2026-08-28,celio,jeans homme,https://www.celio.com/fr-be/store?StoreID=3522,2.5,0,2
2026-08-28,celio,jeans homme,https://www.celio.com/fr-fr/c/jeans,5.7,3,264
2026-08-28,celio,jeans homme,https://www.celio.com/fr-fr/store?StoreID=0012,9.3,0,3
2026-08-28,celio,jeans homme,https://www.celio.com/fr-fr/store?StoreID=0230,20,0,2
2026-08-28,celio,jeans homme,https://www.celio.com/fr-fr/store?StoreID=0763,12.5,0,2
2026-08-29,celio,jeans homme,https://www.celio.com/fr-be/c/jeans,9.7,0,3
2026-08-29,celio,jeans homme,https://www.celio.com/fr-be/store?StoreID=0348,4.3,0,3
2026-08-29,celio,jeans homme,https://www.celio.com/fr-be/store?StoreID=0375,2,0,2
2026-08-29,celio,jeans homme,https://www.celio.com/fr-be/store?StoreID=3514,7,0,3
2026-08-29,celio,jeans homme,https://www.celio.com/fr-be/store?StoreID=3522,1.2,0,4
2026-08-29,celio,jeans homme,https://www.celio.com/fr-fr/c/jeans,6.3,5,314
2026-08-29,celio,jeans homme,https://www.celio.com/fr-fr/store?StoreID=0012,2.5,0,2
2026-08-29,celio,jeans homme,https://www.celio.com/fr-fr/store?StoreID=0108,4.5,0,4
2026-08-29,celio,jeans homme,https://www.celio.com/fr-fr/store?StoreID=0128,9,0,2
2026-08-29,celio,jeans homme,https://www.celio.com/fr-fr/store?StoreID=0230,7.3,0,3
2026-08-29,celio,jeans homme,https://www.celio.com/fr-fr/store?StoreID=0691,9.3,0,3
2026-08-29,celio,jeans homme,https://www.celio.com/fr-fr/store?StoreID=0763,16,0,2
2026-08-30,celio,jeans homme,https://www.celio.com/fr-be/store?StoreID=0348,2,0,3
2026-08-30,celio,jeans homme,https://www.celio.com/fr-be/store?StoreID=3507,11.3,0,3
2026-08-30,celio,jeans homme,https://www.celio.com/fr-be/store?StoreID=3514,3.8,0,4
2026-08-30,celio,jeans homme,https://www.celio.com/fr-fr/c/jeans,7.7,4,307
2026-08-30,celio,jeans homme,https://www.celio.com/fr-fr/store?StoreID=0110,12.5,0,2
2026-08-30,celio,jeans homme,https://www.celio.com/fr-fr/store?StoreID=0224,14,0,2
2026-08-30,celio,jeans homme,https://www.celio.com/fr-fr/store?StoreID=0230,9,0,5
2026-08-30,celio,jeans homme,https://www.celio.com/fr-fr/store?StoreID=0685,12.5,0,2
2026-08-30,celio,jeans homme,https://www.celio.com/fr-fr/store?StoreID=1625,14,0,2
2026-08-31,celio,jeans homme,https://www.celio.com/fr-be/c/jeans,16.5,0,2
2026-08-31,celio,jeans homme,https://www.celio.com/fr-be/store?StoreID=0348,5,0,3
2026-08-31,celio,jeans homme,https://www.celio.com/fr-be/store?StoreID=0374,8.5,0,2
2026-08-31,celio,jeans homme,https://www.celio.com/fr-be/store?StoreID=3514,2.5,0,2
2026-08-31,celio,jeans homme,https://www.celio.com/fr-fr/c/jeans,8.2,6,323
2026-08-31,celio,jeans homme,https://www.celio.com/fr-fr/store?StoreID=0012,4,0,3
2026-08-31,celio,jeans homme,https://www.celio.com/fr-fr/store?StoreID=0219,9.5,0,2
2026-09-01,celio,jeans homme,https://www.celio.com/fr-be/store?StoreID=0348,2.7,0,3
2026-09-01,celio,jeans homme,https://www.celio.com/fr-be/store?StoreID=0389,3,1,2
2026-09-01,celio,jeans homme,https://www.celio.com/fr-fr/c/jeans,7.9,4,265
2026-09-01,celio,jeans homme,https://www.celio.com/fr-fr/store?StoreID=0012,15,0,2
2026-09-01,celio,jeans homme,https://www.celio.com/fr-fr/store?StoreID=0044,9,0,2
2026-09-01,celio,jeans homme,https://www.celio.com/fr-fr/store?StoreID=0080,3,0,2
2026-09-01,celio,jeans homme,https://www.celio.com/fr-fr/store?StoreID=0162,7.5,0,2
2026-09-01,celio,jeans homme,https://www.celio.com/fr-fr/store?StoreID=0698,7,0,2
2026-09-01,celio,jeans homme,https://www.celio.com/fr-fr/store?StoreID=0790,5.5,0,2
2026-09-02,celio,jeans homme,https://www.celio.com/fr-be/c/jeans,7.2,0,4
2026-09-02,celio,jeans homme,https://www.celio.com/fr-be/store?StoreID=3516,8.8,0,4
2026-09-02,celio,jeans homme,https://www.celio.com/fr-be/store?StoreID=3522,2,0,2
2026-09-02,celio,jeans homme,https://www.celio.com/fr-fr/c/jeans,7.4,3,273
2026-09-02,celio,jeans homme,https://www.celio.com/fr-fr/store?StoreID=0618,3,0,2
2026-09-02,celio,jeans homme,https://www.celio.com/fr-fr/store?StoreID=0626,9,0,2
2026-09-02,celio,jeans homme,https://www.celio.com/fr-fr/store?StoreID=1035,8.5,0,2
2026-09-03,celio,jeans homme,https://www.celio.com/fr-be/store?StoreID=0389,13.8,0,4
2026-09-03,celio,jeans homme,https://www.celio.com/fr-be/store?StoreID=3514,2.5,0,2
2026-09-03,celio,jeans homme,https://www.celio.com/fr-fr/c/jeans,6.9,6,269
2026-09-03,celio,jeans homme,https://www.celio.com/fr-fr/store?StoreID=0061,5.7,0,3
2026-09-03,celio,jeans homme,https://www.celio.com/fr-fr/store?StoreID=0230,7.5,0,2
2026-09-03,celio,jeans homme,https://www.celio.com/fr-fr/store?StoreID=0759,6.5,0,2
2026-09-03,celio,jeans homme,https://www.celio.com/fr-fr/store?StoreID=0763,8.3,0,3
2026-09-04,celio,jeans homme,https://www.celio.com/fr-be/c/jeans,9.2,0,4
2026-09-04,celio,jeans homme,https://www.celio.com/fr-be/store?StoreID=0348,7.5,0,2
2026-09-04,celio,jeans homme,https://www.celio.com/fr-be/store?StoreID=0389,8,0,2
2026-09-04,celio,jeans homme,https://www.celio.com/fr-be/store?StoreID=3507,8,0,2
2026-09-04,celio,jeans homme,https://www.celio.com/fr-be/store?StoreID=3514,3,0,2
2026-09-04,celio,jeans homme,https://www.celio.com/fr-fr/c/jeans,7.3,3,245
2026-09-04,celio,jeans homme,https://www.celio.com/fr-fr/store?StoreID=0012,2.7,0,3
2026-09-04,celio,jeans homme,https://www.celio.com/fr-fr/store?StoreID=0172,3,0,3
2026-09-04,celio,jeans homme,https://www.celio.com/fr-fr/store?StoreID=0230,2,0,2
2026-09-04,celio,jeans homme,https://www.celio.com/fr-fr/store?StoreID=0298,9,0,2
2026-09-04,celio,jeans homme,https://www.celio.com/fr-fr/store?StoreID=1444,5.5,0,2
2026-09-05,celio,jeans homme,https://www.celio.com/fr-be/c/jeans,9.3,1,9
2026-09-05,celio,jeans homme,https://www.celio.com/fr-be/store?StoreID=0348,8.6,0,5
2026-09-05,celio,jeans homme,https://www.celio.com/fr-be/store?StoreID=0389,9.5,0,4
2026-09-05,celio,jeans homme,https://www.celio.com/fr-be/store?StoreID=3507,7,0,2
2026-09-05,celio,jeans homme,https://www.celio.com/fr-be/store?StoreID=3516,2,0,2
2026-09-05,celio,jeans homme,https://www.celio.com/fr-fr/c/jeans,7.7,4,266
2026-09-05,celio,jeans homme,https://www.celio.com/fr-fr/store?StoreID=0012,8,0,3
2026-09-05,celio,jeans homme,https://www.celio.com/fr-fr/store?StoreID=0080,9,0,2
2026-09-05,celio,jeans homme,https://www.celio.com/fr-fr/store?StoreID=0230,2,0,2
2026-09-05,celio,jeans homme,https://www.celio.com/fr-fr/store?StoreID=0763,2.5,0,2
2026-09-05,celio,jeans homme,https://www.celio.com/fr-fr/store?StoreID=1643,2,0,2
2026-09-06,celio,jeans homme,https://www.celio.com/fr-be/c/jeans,7.5,0,12
2026-09-06,celio,jeans homme,https://www.celio.com/fr-be/store?StoreID=0346,22,0,2
2026-09-06,celio,jeans homme,https://www.celio.com/fr-be/store?StoreID=0375,4.5,0,2
2026-09-06,celio,jeans homme,https://www.celio.com/fr-fr/c/jeans,7.0,0,275
2026-09-06,celio,jeans homme,https://www.celio.com/fr-fr/store?StoreID=0763,9.5,0,2
2026-09-06,celio,jeans homme,https://www.celio.com/fr-fr/store?StoreID=1023,8.5,0,2
2026-09-07,celio,jeans homme,https://www.celio.com/fr-be/store?StoreID=0389,6,0,2
2026-09-07,celio,jeans homme,https://www.celio.com/fr-be/store?StoreID=3509,1.7,0,3
2026-09-07,celio,jeans homme,https://www.celio.com/fr-be/store?StoreID=3510,10.5,0,2
2026-09-07,celio,jeans homme,https://www.celio.com/fr-be/store?StoreID=3514,2,0,3
2026-09-07,celio,jeans homme,https://www.celio.com/fr-fr/c/jeans,6.7,1,249
2026-09-07,celio,jeans homme,https://www.celio.com/fr-fr/store?StoreID=0012,10.3,0,3
2026-09-07,celio,jeans homme,https://www.celio.com/fr-fr/store?StoreID=0063,3,0,2
2026-09-07,celio,jeans homme,https://www.celio.com/fr-fr/store?StoreID=0763,7,0,4
2026-09-07,celio,jeans homme,https://www.celio.com/fr-fr/store?StoreID=0778,8.5,0,2
2026-09-07,celio,jeans homme,https://www.celio.com/fr-fr/store?StoreID=1475,4,0,2
2026-09-08,celio,jeans homme,https://www.celio.com/fr-be/c/jeans,8,0,2
2026-09-08,celio,jeans homme,https://www.celio.com/fr-be/store?StoreID=0374,11,0,2
2026-09-08,celio,jeans homme,https://www.celio.com/fr-be/store?StoreID=3514,2.5,0,2
2026-09-08,celio,jeans homme,https://www.celio.com/fr-fr/c/jeans,7.3,4,274
2026-09-08,celio,jeans homme,https://www.celio.com/fr-fr/store?StoreID=0187,3,0,2
2026-09-08,celio,jeans homme,https://www.celio.com/fr-fr/store?StoreID=0230,7.3,0,3
2026-09-09,celio,jeans homme,https://www.celio.com/fr-be/c/jeans,10.8,0,4
2026-09-09,celio,jeans homme,https://www.celio.com/fr-be/store?StoreID=3507,2,0,3
2026-09-09,celio,jeans homme,https://www.celio.com/fr-be/store?StoreID=3514,1.7,0,3
2026-09-09,celio,jeans homme,https://www.celio.com/fr-fr/c/jeans,6.2,4,254
2026-09-09,celio,jeans homme,https://www.celio.com/fr-fr/store?StoreID=0031,1.5,0,2
2026-09-09,celio,jeans homme,https://www.celio.com/fr-fr/store?StoreID=0080,3.3,0,3
2026-09-09,celio,jeans homme,https://www.celio.com/fr-fr/store?StoreID=0191,10.3,0,3
2026-09-09,celio,jeans homme,https://www.celio.com/fr-fr/store?StoreID=0218,7,0,2
2026-09-09,celio,jeans homme,https://www.celio.com/fr-fr/store?StoreID=0219,2.7,0,3
2026-09-09,celio,jeans homme,https://www.celio.com/fr-fr/store?StoreID=0230,8,0,4
2026-09-09,celio,jeans homme,https://www.celio.com/fr-fr/store?StoreID=0642,3.5,0,2
2026-09-09,celio,jeans homme,https://www.celio.com/fr-fr/store?StoreID=1410,8,0,2
2026-09-10,celio,jeans homme,https://www.celio.com/fr-be/c/jeans,6.8,2,8
2026-09-10,celio,jeans homme,https://www.celio.com/fr-be/store?StoreID=0374,5,0,3
2026-09-10,celio,jeans homme,https://www.celio.com/fr-fr/c/jeans,5.0,3,291
2026-09-10,celio,jeans homme,https://www.celio.com/fr-fr/store?StoreID=0012,10,0,2
2026-09-10,celio,jeans homme,https://www.celio.com/fr-fr/store?StoreID=0230,6.7,0,3
2026-09-10,celio,jeans homme,https://www.celio.com/fr-fr/store?StoreID=0685,9,0,2
2026-09-10,celio,jeans homme,https://www.celio.com/fr-fr/store?StoreID=0700,2,0,3
2026-09-11,celio,jeans homme,http://www.celio.com/,2,0,2
2026-09-11,celio,jeans homme,https://www.celio.com/fr-be/c/jeans,9.9,0,13
2026-09-11,celio,jeans homme,https://www.celio.com/fr-be/store?StoreID=0348,7.8,0,5
2026-09-11,celio,jeans homme,https://www.celio.com/fr-be/store?StoreID=0375,1.7,0,3
2026-09-11,celio,jeans homme,https://www.celio.com/fr-be/store?StoreID=3514,11,0,2
2026-09-11,celio,jeans homme,https://www.celio.com/fr-be/store?StoreID=3522,2.5,0,2
2026-09-11,celio,jeans homme,https://www.celio.com/fr-fr/c/jeans,5.4,3,271
2026-09-11,celio,jeans homme,https://www.celio.com/fr-fr/store?StoreID=0063,6,0,3
2026-09-11,celio,jeans homme,https://www.celio.com/fr-fr/store?StoreID=0212,6,0,2
2026-09-11,celio,jeans homme,https://www.celio.com/fr-fr/store?StoreID=0230,5.5,0,2
2026-09-11,celio,jeans homme,https://www.celio.com/fr-fr/store?StoreID=0768,3.5,0,2
2026-09-11,celio,jeans homme,https://www.celio.com/fr-fr/store?StoreID=0778,3,0,2
2026-09-12,celio,jeans homme,https://www.celio.com/fr-be/c/jeans,8.5,0,4
2026-09-12,celio,jeans homme,https://www.celio.com/fr-be/store?StoreID=0389,5.7,0,6
2026-09-12,celio,jeans homme,https://www.celio.com/fr-be/store?StoreID=3504,1.8,1,4
2026-09-12,celio,jeans homme,https://www.celio.com/fr-fr/c/jeans,5.2,1,323
2026-09-12,celio,jeans homme,https://www.celio.com/fr-fr/store?StoreID=0012,4,0,2
2026-09-12,celio,jeans homme,https://www.celio.com/fr-fr/store?StoreID=0615,2,0,2
2026-09-12,celio,jeans homme,https://www.celio.com/fr-fr/store?StoreID=0674,6,0,2
2026-09-12,celio,jeans homme,https://www.celio.com/fr-fr/store?StoreID=0773,2,0,2
2026-09-12,celio,jeans homme,https://www.celio.com/fr-fr/store?StoreID=1645,6,0,2
2026-09-13,celio,jeans homme,https://www.celio.com/fr-be/c/jeans,8,0,7
2026-09-13,celio,jeans homme,https://www.celio.com/fr-be/store?StoreID=3514,5.5,0,4
2026-09-13,celio,jeans homme,https://www.celio.com/fr-fr/c/jeans,4.9,8,366
2026-09-13,celio,jeans homme,https://www.celio.com/fr-fr/store?StoreID=0012,7,0,2
2026-09-13,celio,jeans homme,https://www.celio.com/fr-fr/store?StoreID=0230,2,0,3
2026-09-13,celio,jeans homme,https://www.celio.com/fr-fr/store?StoreID=0605,6,0,2
2026-09-13,celio,jeans homme,https://www.celio.com/fr-fr/store?StoreID=0615,4,0,2
2026-09-13,celio,jeans homme,https://www.celio.com/fr-fr/store?StoreID=0757,2,0,2
2026-09-13,celio,jeans homme,https://www.celio.com/fr-fr/store?StoreID=0758,3.5,0,2
2026-09-13,celio,jeans homme,https://www.celio.com/fr-fr/store?StoreID=0763,2.2,0,4
2026-09-14,celio,jeans homme,https://www.celio.com/fr-be/store?StoreID=0345,2.4,0,5
2026-09-14,celio,jeans homme,https://www.celio.com/fr-be/store?StoreID=0389,11,0,3
2026-09-14,celio,jeans homme,https://www.celio.com/fr-be/store?StoreID=3509,9.5,0,2
2026-09-14,celio,jeans homme,https://www.celio.com/fr-be/store?StoreID=3514,1.5,0,2
2026-09-14,celio,jeans homme,https://www.celio.com/fr-be/store?StoreID=3516,1,0,2
2026-09-14,celio,jeans homme,https://www.celio.com/fr-fr/c/jeans,5.3,2,286
2026-09-14,celio,jeans homme,https://www.celio.com/fr-fr/store?StoreID=0004,2,0,2
2026-09-14,celio,jeans homme,https://www.celio.com/fr-fr/store?StoreID=0012,1.7,0,3
2026-09-14,celio,jeans homme,https://www.celio.com/fr-fr/store?StoreID=0061,8,0,2
2026-09-14,celio,jeans homme,https://www.celio.com/fr-fr/store?StoreID=0230,12.3,0,3
2026-09-14,celio,jeans homme,https://www.celio.com/fr-fr/store?StoreID=0623,2.5,0,2
2026-09-14,celio,jeans homme,https://www.celio.com/fr-fr/store?StoreID=0685,4.7,0,3
2026-09-14,celio,jeans homme,https://www.celio.com/fr-fr/store?StoreID=0763,3.7,0,3
2026-09-14,celio,jeans homme,https://www.celio.com/fr-fr/store?StoreID=0766,5,0,2
2026-09-14,celio,jeans homme,https://www.celio.com/fr-fr/store?StoreID=1461,5.5,0,2
2026-09-14,celio,jeans homme,https://www.celio.com/fr-fr/store?StoreID=1688,2.7,0,3
2026-09-15,celio,jeans homme,https://www.celio.com/fr-be/c/jeans,10.2,0,16
2026-09-15,celio,jeans homme,https://www.celio.com/fr-be/store?StoreID=3514,2,0,4
2026-09-15,celio,jeans homme,https://www.celio.com/fr-fr/c/jeans,5.0,6,221
2026-09-15,celio,jeans homme,https://www.celio.com/fr-fr/store?StoreID=0061,5,0,2
2026-09-15,celio,jeans homme,https://www.celio.com/fr-fr/store?StoreID=0162,1.5,0,2
2026-09-15,celio,jeans homme,https://www.celio.com/fr-fr/store?StoreID=0256,1,0,4
2026-09-15,celio,jeans homme,https://www.celio.com/fr-fr/store?StoreID=0685,3.5,0,2
2026-09-15,celio,jeans homme,https://www.celio.com/fr-fr/store?StoreID=0763,3.5,0,4
2026-09-15,celio,jeans homme,https://www.celio.com/fr-fr/store?StoreID=0774,7.5,0,2
2026-09-15,celio,jeans homme,https://www.celio.com/fr-fr/store?StoreID=1475,3,0,2
2026-09-15,celio,jeans homme,https://www.celio.com/fr-fr/store?StoreID=1618,1,1,4
2026-09-15,celio,jeans homme,https://www.celio.com/fr-fr/store?StoreID=1644,4.3,1,3
2026-09-15,celio,jeans homme,https://www.celio.com/fr-fr/store?StoreID=1704,8,0,3
2026-09-16,celio,jeans homme,https://www.celio.com/fr-be/c/jeans,12.7,0,11
2026-09-16,celio,jeans homme,https://www.celio.com/fr-be/store?StoreID=0374,3.5,0,2
2026-09-16,celio,jeans homme,https://www.celio.com/fr-be/store?StoreID=0389,4.5,0,2
2026-09-16,celio,jeans homme,https://www.celio.com/fr-fr/c/jeans,4.3,4,293
2026-09-16,celio,jeans homme,https://www.celio.com/fr-fr/store?StoreID=0618,2.5,0,2
2026-09-16,celio,jeans homme,https://www.celio.com/fr-fr/store?StoreID=0763,4,0,2
2026-09-16,celio,jeans homme,https://www.celio.com/fr-fr/store?StoreID=0778,6,0,2
2026-09-16,celio,jeans homme,https://www.celio.com/fr-fr/store?StoreID=1643,2,0,2
2026-09-16,celio,jeans homme,https://www.celio.com/fr-fr/store?StoreID=1693,3.3,0,3
2026-09-17,celio,jeans homme,https://www.celio.com/fr-be/store?StoreID=3514,2.7,0,3
2026-09-17,celio,jeans homme,https://www.celio.com/fr-fr/c/jeans,4.2,3,263
2026-09-17,celio,jeans homme,https://www.celio.com/fr-fr/c/jeans-jeans-3-longueurs,11.6,1,5
2026-09-17,celio,jeans homme,https://www.celio.com/fr-fr/store?StoreID=0118,3,0,2
2026-09-17,celio,jeans homme,https://www.celio.com/fr-fr/store?StoreID=0162,3,0,2
2026-09-18,celio,jeans homme,https://www.celio.com/fr-be/c/jeans,15,0,2
2026-09-18,celio,jeans homme,https://www.celio.com/fr-be/store?StoreID=0348,3.3,0,3
2026-09-18,celio,jeans homme,https://www.celio.com/fr-be/store?StoreID=0389,7,0,2
2026-09-18,celio,jeans homme,https://www.celio.com/fr-fr/c/jeans,4.3,6,248
2026-09-18,celio,jeans homme,https://www.celio.com/fr-fr/store?StoreID=0108,2,0,3
2026-09-18,celio,jeans homme,https://www.celio.com/fr-fr/store?StoreID=0112,8,0,2
2026-09-18,celio,jeans homme,https://www.celio.com/fr-fr/store?StoreID=0191,9.4,0,5
2026-09-18,celio,jeans homme,https://www.celio.com/fr-fr/store?StoreID=0230,5.5,0,2
2026-09-18,celio,jeans homme,https://www.celio.com/fr-fr/store?StoreID=0298,6,0,2
2026-09-18,celio,jeans homme,https://www.celio.com/fr-fr/store?StoreID=0642,3,0,2
2026-09-18,celio,jeans homme,https://www.celio.com/fr-fr/store?StoreID=0773,1,0,3
2026-09-18,celio,jeans homme,https://www.celio.com/fr-fr/store?StoreID=0779,1.5,0,2
2026-09-19,celio,jeans homme,http://www.celio.com/,3,0,2
2026-09-19,celio,jeans homme,https://www.celio.com/fr-fr/c/jeans,3.8,9,329
2026-09-19,celio,jeans homme,https://www.celio.com/fr-fr/store?StoreID=0106,4.3,0,3
2026-09-19,celio,jeans homme,https://www.celio.com/fr-fr/store?StoreID=0191,5,0,2
2026-09-19,celio,jeans homme,https://www.celio.com/fr-fr/store?StoreID=0235,3,0,2
2026-09-19,celio,jeans homme,https://www.celio.com/fr-fr/store?StoreID=0615,6,0,2
2026-09-19,celio,jeans homme,https://www.celio.com/fr-fr/store?StoreID=0691,6.5,0,2
2026-09-19,celio,jeans homme,https://www.celio.com/fr-fr/store?StoreID=0763,8.9,0,7
2026-09-19,celio,jeans homme,https://www.celio.com/fr-fr/store?StoreID=1023,6.5,0,2
2026-09-20,celio,jeans homme,http://www.celio.com/,2.5,0,2
2026-09-20,celio,jeans homme,https://www.celio.com/fr-fr/c/jeans,3.9,10,373
2026-09-20,celio,jeans homme,https://www.celio.com/fr-fr/store?StoreID=0091,5.5,0,2
2026-09-20,celio,jeans homme,https://www.celio.com/fr-fr/store?StoreID=0162,4.7,0,3
2026-09-20,celio,jeans homme,https://www.celio.com/fr-fr/store?StoreID=0219,4.5,0,2
2026-09-20,celio,jeans homme,https://www.celio.com/fr-fr/store?StoreID=0769,2,0,2
2026-09-20,celio,jeans homme,https://www.celio.com/fr-fr/store?StoreID=1444,3,0,2
2026-09-21,celio,jeans homme,https://www.celio.com/fr-be/c/jeans,12,0,2
2026-09-21,celio,jeans homme,https://www.celio.com/fr-be/store?StoreID=3507,1.3,0,3
2026-09-21,celio,jeans homme,https://www.celio.com/fr-be/store?StoreID=3514,4,0,2
2026-09-21,celio,jeans homme,https://www.celio.com/fr-fr/c/jeans,4.5,8,317
2026-09-21,celio,jeans homme,https://www.celio.com/fr-fr/store?StoreID=0012,11,0,3
2026-09-21,celio,jeans homme,https://www.celio.com/fr-fr/store?StoreID=0020,1,0,2
2026-09-21,celio,jeans homme,https://www.celio.com/fr-fr/store?StoreID=0149,6.5,0,2
2026-09-21,celio,jeans homme,https://www.celio.com/fr-fr/store?StoreID=0162,3.5,0,2
2026-09-21,celio,jeans homme,https://www.celio.com/fr-fr/store?StoreID=0219,8.3,0,3
2026-09-21,celio,jeans homme,https://www.celio.com/fr-fr/store?StoreID=0235,8.8,0,5
2026-09-21,celio,jeans homme,https://www.celio.com/fr-fr/store?StoreID=0266,5,0,2
2026-09-21,celio,jeans homme,https://www.celio.com/fr-fr/store?StoreID=0685,7.5,0,2
2026-09-21,celio,jeans homme,https://www.celio.com/fr-fr/store?StoreID=1644,6,0,2
2026-09-22,celio,jeans homme,https://www.celio.com/fr-be/store?StoreID=0375,3,0,2
2026-09-22,celio,jeans homme,https://www.celio.com/fr-be/store?StoreID=0389,6.5,0,2
2026-09-22,celio,jeans homme,https://www.celio.com/fr-be/store?StoreID=3514,5.2,0,4
2026-09-22,celio,jeans homme,https://www.celio.com/fr-fr/c/jeans,5.7,6,278
2026-09-22,celio,jeans homme,https://www.celio.com/fr-fr/store?StoreID=0010,5.4,0,5
2026-09-22,celio,jeans homme,https://www.celio.com/fr-fr/store?StoreID=0012,2.5,0,2
2026-09-22,celio,jeans homme,https://www.celio.com/fr-fr/store?StoreID=0035,8,0,3
2026-09-22,celio,jeans homme,https://www.celio.com/fr-fr/store?StoreID=0122,2.5,0,2
2026-09-22,celio,jeans homme,https://www.celio.com/fr-fr/store?StoreID=0126,4,0,2
2026-09-22,celio,jeans homme,https://www.celio.com/fr-fr/store?StoreID=0162,4.5,0,2
2026-09-22,celio,jeans homme,https://www.celio.com/fr-fr/store?StoreID=0230,2,0,2
2026-09-22,celio,jeans homme,https://www.celio.com/fr-fr/store?StoreID=0284,5,0,2
2026-09-22,celio,jeans homme,https://www.celio.com/fr-fr/store?StoreID=1444,8,0,3
2026-09-23,celio,jeans homme,https://www.celio.com/fr-be/c/jeans,12.8,0,4
2026-09-23,celio,jeans homme,https://www.celio.com/fr-be/store?StoreID=3507,4,1,2
2026-09-23,celio,jeans homme,https://www.celio.com/fr-fr/c/jeans,5.8,4,183
2026-09-23,celio,jeans homme,https://www.celio.com/fr-fr/store?StoreID=0031,3,0,3
2026-09-23,celio,jeans homme,https://www.celio.com/fr-fr/store?StoreID=0035,7,0,2
2026-09-23,celio,jeans homme,https://www.celio.com/fr-fr/store?StoreID=0199,4,0,2
2026-09-23,celio,jeans homme,https://www.celio.com/fr-fr/store?StoreID=0230,6,0,2
2026-09-23,celio,jeans homme,https://www.celio.com/fr-fr/store?StoreID=0292,4,0,3
2026-09-23,celio,jeans homme,https://www.celio.com/fr-fr/store?StoreID=0770,13,0,2
2026-09-23,celio,jeans homme,https://www.celio.com/fr-fr/store?StoreID=0774,3.7,0,3
2026-09-24,celio,jeans homme,https://www.celio.com/fr-be/c/jeans,9.3,0,3
2026-09-24,celio,jeans homme,https://www.celio.com/fr-fr/c/jeans,5.4,4,203
2026-09-24,celio,jeans homme,https://www.celio.com/fr-fr/store?StoreID=0191,8.5,0,2
2026-09-24,celio,jeans homme,https://www.celio.com/fr-fr/store?StoreID=0272,14,0,2
2026-09-24,celio,jeans homme,https://www.celio.com/fr-fr/store?StoreID=0618,3,0,2
2026-09-24,celio,jeans homme,https://www.celio.com/fr-fr/store?StoreID=0677,4.5,0,4
2026-09-24,celio,jeans homme,https://www.celio.com/fr-fr/store?StoreID=0691,10,0,3
2026-09-24,celio,jeans homme,https://www.celio.com/fr-fr/store?StoreID=1444,2,0,2
2026-09-24,celio,jeans homme,https://www.celio.com/fr-fr/store?StoreID=1676,4.3,0,3
2026-09-25,celio,jeans homme,https://www.celio.com/fr-be/c/jeans,8.7,0,3
2026-09-25,celio,jeans homme,https://www.celio.com/fr-be/store?StoreID=3507,2,0,2
2026-09-25,celio,jeans homme,https://www.celio.com/fr-fr/c/jeans,6.3,7,194
2026-09-25,celio,jeans homme,https://www.celio.com/fr-fr/store?StoreID=0010,3.5,0,2
2026-09-25,celio,jeans homme,https://www.celio.com/fr-fr/store?StoreID=0219,5,0,2
2026-09-25,celio,jeans homme,https://www.celio.com/fr-fr/store?StoreID=0230,12.8,0,4
2026-09-25,celio,jeans homme,https://www.celio.com/fr-fr/store?StoreID=0235,2,0,2
2026-09-25,celio,jeans homme,https://www.celio.com/fr-fr/store?StoreID=0602,4,0,3
2026-09-25,celio,jeans homme,https://www.celio.com/fr-fr/store?StoreID=0615,7.5,0,2
2026-09-25,celio,jeans homme,https://www.celio.com/fr-fr/store?StoreID=0698,4.3,0,3
2026-09-25,celio,jeans homme,https://www.celio.com/fr-fr/store?StoreID=0751,3,0,2
2026-09-25,celio,jeans homme,https://www.celio.com/fr-fr/store?StoreID=0762,3,0,2
2026-09-25,celio,jeans homme,https://www.celio.com/fr-fr/store?StoreID=0763,3.8,0,4
2026-09-25,celio,jeans homme,https://www.celio.com/fr-fr/store?StoreID=0774,5.5,0,2
2026-09-25,celio,jeans homme,https://www.celio.com/fr-fr/store?StoreID=1642,7.5,0,2
2026-09-26,celio,jeans homme,https://www.celio.com/fr-be/store?StoreID=3500,2,0,2
2026-09-26,celio,jeans homme,https://www.celio.com/fr-be/store?StoreID=3507,2,0,2
2026-09-26,celio,jeans homme,https://www.celio.com/fr-be/store?StoreID=3516,2,0,2
2026-09-26,celio,jeans homme,https://www.celio.com/fr-fr/c/jeans,6.5,4,233
2026-09-26,celio,jeans homme,https://www.celio.com/fr-fr/store?StoreID=0010,2,0,2
2026-09-26,celio,jeans homme,https://www.celio.com/fr-fr/store?StoreID=0061,4.3,0,3
2026-09-26,celio,jeans homme,https://www.celio.com/fr-fr/store?StoreID=0123,2.5,0,2
2026-09-26,celio,jeans homme,https://www.celio.com/fr-fr/store?StoreID=0230,8.4,0,7
2026-09-26,celio,jeans homme,https://www.celio.com/fr-fr/store?StoreID=0266,5.5,0,2
2026-09-26,celio,jeans homme,https://www.celio.com/fr-fr/store?StoreID=0292,4.3,0,3
2026-09-26,celio,jeans homme,https://www.celio.com/fr-fr/store?StoreID=0614,4,0,4
2026-09-26,celio,jeans homme,https://www.celio.com/fr-fr/store?StoreID=0645,4,0,2
2026-09-26,celio,jeans homme,https://www.celio.com/fr-fr/store?StoreID=0690,3,0,2
2026-09-26,celio,jeans homme,https://www.celio.com/fr-fr/store?StoreID=0763,3.5,0,4
2026-09-26,celio,jeans homme,https://www.celio.com/fr-fr/store?StoreID=0774,6.5,0,2
2026-09-26,celio,jeans homme,https://www.celio.com/fr-fr/store?StoreID=0798,5,0,2
2026-09-26,celio,jeans homme,https://www.celio.com/fr-fr/store?StoreID=1412,7.5,0,2
2026-09-26,celio,jeans homme,https://www.celio.com/fr-fr/store?StoreID=1623,4,0,3
2026-09-26,celio,jeans homme,https://www.celio.com/fr-fr/store?StoreID=1664,7.7,0,3
2026-09-27,celio,jeans homme,https://www.celio.com/fr-be/c/jeans,15.4,0,5
2026-09-27,celio,jeans homme,https://www.celio.com/fr-fr/c/jeans,5.9,7,304
2026-09-27,celio,jeans homme,https://www.celio.com/fr-fr/store?StoreID=0010,7.5,0,4
2026-09-27,celio,jeans homme,https://www.celio.com/fr-fr/store?StoreID=0012,3.5,0,2
2026-09-27,celio,jeans homme,https://www.celio.com/fr-fr/store?StoreID=0036,5.3,0,3
2026-09-27,celio,jeans homme,https://www.celio.com/fr-fr/store?StoreID=0080,6.4,0,5
2026-09-27,celio,jeans homme,https://www.celio.com/fr-fr/store?StoreID=0112,4.3,0,3
2026-09-27,celio,jeans homme,https://www.celio.com/fr-fr/store?StoreID=0128,4,0,3
2026-09-27,celio,jeans homme,https://www.celio.com/fr-fr/store?StoreID=0191,3.7,0,3
2026-09-27,celio,jeans homme,https://www.celio.com/fr-fr/store?StoreID=0230,7.5,0,2
2026-09-27,celio,jeans homme,https://www.celio.com/fr-fr/store?StoreID=0614,5,0,3
2026-09-27,celio,jeans homme,https://www.celio.com/fr-fr/store?StoreID=0645,2,0,2
2026-09-27,celio,jeans homme,https://www.celio.com/fr-fr/store?StoreID=0691,4,0,2
2026-09-27,celio,jeans homme,https://www.celio.com/fr-fr/store?StoreID=0763,7.5,0,6
2026-09-27,celio,jeans homme,https://www.celio.com/fr-fr/store?StoreID=1435,6.5,0,2
2026-09-27,celio,jeans homme,https://www.celio.com/fr-fr/store?StoreID=1605,4,0,5
2026-09-27,celio,jeans homme,https://www.celio.com/fr-fr/store?StoreID=1621,4,0,3
2026-09-27,celio,jeans homme,https://www.celio.com/fr-fr/store?StoreID=1642,2,0,2
2026-09-27,celio,jeans homme,https://www.celio.com/fr-fr/store?StoreID=1664,5,0,3
2026-09-27,celio,jeans homme,https://www.celio.com/fr-fr/store?StoreID=1675,7,0,2
2026-09-28,celio,jeans homme,https://www.celio.com/fr-be/c/jeans,9,0,4
2026-09-28,celio,jeans homme,https://www.celio.com/fr-be/store?StoreID=0346,3.5,0,2
2026-09-28,celio,jeans homme,https://www.celio.com/fr-fr/c/jeans,6.1,4,270
2026-09-28,celio,jeans homme,https://www.celio.com/fr-fr/store?StoreID=0010,5.3,0,3
2026-09-28,celio,jeans homme,https://www.celio.com/fr-fr/store?StoreID=0012,12.3,0,3
2026-09-28,celio,jeans homme,https://www.celio.com/fr-fr/store?StoreID=0044,3.5,0,2
2026-09-28,celio,jeans homme,https://www.celio.com/fr-fr/store?StoreID=0080,6.5,0,2
2026-09-28,celio,jeans homme,https://www.celio.com/fr-fr/store?StoreID=0123,4.7,0,3
2026-09-28,celio,jeans homme,https://www.celio.com/fr-fr/store?StoreID=0126,22.5,0,2
2026-09-28,celio,jeans homme,https://www.celio.com/fr-fr/store?StoreID=0149,4.5,0,2
2026-09-28,celio,jeans homme,https://www.celio.com/fr-fr/store?StoreID=0162,4,0,2
2026-09-28,celio,jeans homme,https://www.celio.com/fr-fr/store?StoreID=0167,8.5,0,2
2026-09-28,celio,jeans homme,https://www.celio.com/fr-fr/store?StoreID=0218,34,0,2
2026-09-28,celio,jeans homme,https://www.celio.com/fr-fr/store?StoreID=0230,4.6,0,7
2026-09-28,celio,jeans homme,https://www.celio.com/fr-fr/store?StoreID=0255,3,0,2
2026-09-28,celio,jeans homme,https://www.celio.com/fr-fr/store?StoreID=0296,4,0,3
2026-09-28,celio,jeans homme,https://www.celio.com/fr-fr/store?StoreID=0656,3.5,0,2
2026-09-28,celio,jeans homme,https://www.celio.com/fr-fr/store?StoreID=0686,4,0,2
2026-09-28,celio,jeans homme,https://www.celio.com/fr-fr/store?StoreID=0704,6,0,2
2026-09-28,celio,jeans homme,https://www.celio.com/fr-fr/store?StoreID=0773,26.5,0,2
2026-09-28,celio,jeans homme,https://www.celio.com/fr-fr/store?StoreID=1035,4.2,0,4
2026-09-28,celio,jeans homme,https://www.celio.com/fr-fr/store?StoreID=1461,3,0,4
2026-09-29,celio,jeans homme,https://www.celio.com/fr-fr/c/jeans,5.6,4,233
2026-09-29,celio,jeans homme,https://www.celio.com/fr-fr/store?StoreID=0035,3,0,2
2026-09-29,celio,jeans homme,https://www.celio.com/fr-fr/store?StoreID=0230,3.8,0,4
2026-09-29,celio,jeans homme,https://www.celio.com/fr-fr/store?StoreID=0235,2,0,2
2026-09-29,celio,jeans homme,https://www.celio.com/fr-fr/store?StoreID=0645,4,0,2
2026-09-29,celio,jeans homme,https://www.celio.com/fr-fr/store?StoreID=0763,3,0,3
2026-09-29,celio,jeans homme,https://www.celio.com/fr-fr/store?StoreID=0770,7,0,3
2026-09-29,celio,jeans homme,https://www.celio.com/fr-fr/store?StoreID=0776,5,0,2
2026-09-29,celio,jeans homme,https://www.celio.com/fr-fr/store?StoreID=1664,6.5,0,2
2026-09-29,celio,jeans homme,https://www.celio.com/fr-fr/store?StoreID=1683,4.5,0,2
2026-09-30,celio,jeans homme,https://www.celio.com/fr-fr/c/jeans,5.6,7,295
2026-09-30,celio,jeans homme,https://www.celio.com/fr-fr/store?StoreID=0191,3.3,0,3
2026-09-30,celio,jeans homme,https://www.celio.com/fr-fr/store?StoreID=0235,4,0,2
2026-09-30,celio,jeans homme,https://www.celio.com/fr-fr/store?StoreID=0293,4,0,2
2026-09-30,celio,jeans homme,https://www.celio.com/fr-fr/store?StoreID=0642,7,0,2
2026-09-30,celio,jeans homme,https://www.celio.com/fr-fr/store?StoreID=0763,3.7,0,3
2026-09-30,celio,jeans homme,https://www.celio.com/fr-fr/store?StoreID=1444,2,0,2
2026-07-03,celio,manteau homme,https://www.celio.com/fr-be/c/manteaux-manteaux,1.6,0,5
2026-07-03,celio,manteau homme,https://www.celio.com/fr-fr/c/blousons-et-manteaux-manteaux,3.5,0,120
2026-07-04,celio,manteau homme,https://www.celio.com/fr-be/c/manteaux-manteaux,2.2,0,4
2026-07-04,celio,manteau homme,https://www.celio.com/fr-fr/c/blousons-et-manteaux-manteaux,4.1,1,139
2026-07-05,celio,manteau homme,https://www.celio.com/fr-be/c/manteaux-manteaux,2.2,0,4
2026-07-05,celio,manteau homme,https://www.celio.com/fr-fr/c/blousons-et-manteaux-manteaux,5.8,5,144
2026-07-06,celio,manteau homme,https://www.celio.com/fr-be/c/manteaux-manteaux,2.5,0,6
2026-07-06,celio,manteau homme,https://www.celio.com/fr-fr/c/blousons-et-manteaux-manteaux,5.7,1,118
2026-07-07,celio,manteau homme,https://www.celio.com/fr-be/c/manteaux-manteaux,2.5,0,4
2026-07-07,celio,manteau homme,https://www.celio.com/fr-fr/c/blousons-et-manteaux-manteaux,4.6,2,140
2026-07-08,celio,manteau homme,https://www.celio.com/fr-be/c/manteaux-manteaux,1.7,0,3
2026-07-08,celio,manteau homme,https://www.celio.com/fr-fr/c/blousons-et-manteaux-manteaux,3.3,1,148
2026-07-09,celio,manteau homme,https://www.celio.com/fr-fr/c/blousons-et-manteaux-manteaux,3.9,3,113
2026-07-10,celio,manteau homme,https://www.celio.com/fr-be/c/manteaux-manteaux,1.3,0,6
2026-07-10,celio,manteau homme,https://www.celio.com/fr-fr/c/blousons-et-manteaux-manteaux,1.8,5,143
2026-07-11,celio,manteau homme,https://www.celio.com/fr-be/c/manteaux-manteaux,4,0,2
2026-07-11,celio,manteau homme,https://www.celio.com/fr-fr/c/blousons-et-manteaux-manteaux,2.2,3,162
2026-07-11,celio,manteau homme,https://www.celio.com/fr-fr/store?StoreID=0123,7,0,2
2026-07-12,celio,manteau homme,https://www.celio.com/fr-be/c/manteaux-manteaux,2.8,0,8
2026-07-12,celio,manteau homme,https://www.celio.com/fr-fr/c/blousons-et-manteaux-manteaux,3.6,3,172
2026-07-13,celio,manteau homme,https://www.celio.com/fr-be/c/manteaux-manteaux,1.6,0,5
2026-07-13,celio,manteau homme,https://www.celio.com/fr-fr/c/blousons-et-manteaux-manteaux,3.3,1,134
2026-07-13,celio,manteau homme,https://www.celio.com/fr-fr/store?StoreID=0123,3,0,2
2026-07-14,celio,manteau homme,https://www.celio.com/fr-be/c/manteaux-manteaux,2.7,0,3
2026-07-14,celio,manteau homme,https://www.celio.com/fr-fr/c/blousons-et-manteaux-manteaux,4.1,4,147
2026-07-15,celio,manteau homme,https://www.celio.com/fr-be/c/manteaux-manteaux,1.6,0,7
2026-07-15,celio,manteau homme,https://www.celio.com/fr-fr/c/blousons-et-manteaux-manteaux,3.2,1,121
2026-07-16,celio,manteau homme,https://www.celio.com/fr-be/c/manteaux-manteaux,2.2,0,4
2026-07-16,celio,manteau homme,https://www.celio.com/fr-fr/c/blousons-et-manteaux-manteaux,3.2,2,160
2026-07-17,celio,manteau homme,https://www.celio.com/fr-be/c/manteaux-manteaux,2.2,0,4
2026-07-17,celio,manteau homme,https://www.celio.com/fr-fr/c/blousons-et-manteaux-manteaux,3.1,2,130
2026-07-18,celio,manteau homme,https://www.celio.com/fr-be/c/manteaux-manteaux,2.3,0,9
2026-07-18,celio,manteau homme,https://www.celio.com/fr-fr/c/blousons-et-manteaux-manteaux,3.0,4,154
2026-07-19,celio,manteau homme,https://www.celio.com/fr-be/c/manteaux-manteaux,2,0,4
2026-07-19,celio,manteau homme,https://www.celio.com/fr-fr/c/blousons-et-manteaux-manteaux,2.7,2,150
2026-07-20,celio,manteau homme,https://www.celio.com/fr-be/c/manteaux-manteaux,3.1,0,7
2026-07-20,celio,manteau homme,https://www.celio.com/fr-fr/c/blousons-et-manteaux-manteaux,2.6,2,156
2026-07-21,celio,manteau homme,https://www.celio.com/fr-be/c/manteaux-manteaux,3.1,0,10
2026-07-21,celio,manteau homme,https://www.celio.com/fr-fr/c/blousons-et-manteaux-manteaux,2.5,3,181
2026-07-22,celio,manteau homme,https://www.celio.com/fr-be/c/manteaux-manteaux,1.9,0,10
2026-07-22,celio,manteau homme,https://www.celio.com/fr-fr/c/blousons-et-manteaux-manteaux,2.3,5,175
2026-07-23,celio,manteau homme,https://www.celio.com/fr-be/c/manteaux-manteaux,1.7,0,7
2026-07-23,celio,manteau homme,https://www.celio.com/fr-fr/c/blousons-et-manteaux-manteaux,1.7,6,150
2026-07-24,celio,manteau homme,https://www.celio.com/fr-be/c/manteaux-manteaux,1.8,0,5
2026-07-24,celio,manteau homme,https://www.celio.com/fr-fr/c/blousons-et-manteaux-manteaux,2.7,6,163
2026-07-24,celio,manteau homme,https://www.celio.com/fr-fr/store?StoreID=0123,6,0,2
2026-07-25,celio,manteau homme,https://www.celio.com/fr-be/c/manteaux-manteaux,3.3,0,3
2026-07-25,celio,manteau homme,https://www.celio.com/fr-fr/c/blousons-et-manteaux-manteaux,2.3,1,168
2026-07-26,celio,manteau homme,https://www.celio.com/fr-be/c/manteaux-manteaux,2.4,0,8
2026-07-26,celio,manteau homme,https://www.celio.com/fr-fr/c/blousons-et-manteaux-manteaux,2.5,1,183
2026-07-26,celio,manteau homme,https://www.celio.com/fr-fr/store?StoreID=0123,13,0,2
2026-07-27,celio,manteau homme,https://www.celio.com/fr-be/c/manteaux-manteaux,5,0,2
2026-07-27,celio,manteau homme,https://www.celio.com/fr-fr/c/blousons-et-manteaux-manteaux,3.1,5,169
2026-07-28,celio,manteau homme,https://www.celio.com/fr-be/c/manteaux-manteaux,3.2,0,4
2026-07-28,celio,manteau homme,https://www.celio.com/fr-fr/c/blousons-et-manteaux-manteaux,2.2,3,177
2026-07-29,celio,manteau homme,https://www.celio.com/fr-be/c/manteaux-manteaux,2,0,4
2026-07-29,celio,manteau homme,https://www.celio.com/fr-fr/c/blousons-et-manteaux-manteaux,4.2,2,169
2026-07-30,celio,manteau homme,https://www.celio.com/fr-be/c/manteaux-manteaux,2.9,1,7
2026-07-30,celio,manteau homme,https://www.celio.com/fr-fr/c/blousons-et-manteaux-manteaux,4.3,1,165
2026-07-31,celio,manteau homme,https://www.celio.com/fr-be/c/manteaux-manteaux,6.8,0,17
2026-07-31,celio,manteau homme,https://www.celio.com/fr-fr/c/blousons-et-manteaux-manteaux,2.9,1,160
2026-07-31,celio,manteau homme,https://www.celio.com/fr-fr/store?StoreID=0123,4.5,0,4
2026-08-01,celio,manteau homme,https://www.celio.com/fr-be/c/manteaux-manteaux,1.8,0,4
2026-08-01,celio,manteau homme,https://www.celio.com/fr-fr/c/blousons-et-manteaux-manteaux,3.4,2,171
2026-08-01,celio,manteau homme,https://www.celio.com/fr-fr/store?StoreID=0123,1.5,0,2
2026-08-02,celio,manteau homme,https://www.celio.com/fr-be/c/manteaux-manteaux,3.5,1,6
2026-08-02,celio,manteau homme,https://www.celio.com/fr-fr/c/blousons-et-manteaux-manteaux,2.5,3,174
2026-08-02,celio,manteau homme,https://www.celio.com/fr-fr/store?StoreID=0123,5,0,6
2026-08-03,celio,manteau homme,https://www.celio.com/fr-be/c/manteaux-manteaux,1.7,0,3
2026-08-03,celio,manteau homme,https://www.celio.com/fr-fr/c/blousons-et-manteaux-manteaux,3.4,7,147
2026-08-04,celio,manteau homme,https://www.celio.com/fr-be/c/manteaux-manteaux,1.7,0,9
2026-08-04,celio,manteau homme,https://www.celio.com/fr-fr/c/blousons-et-manteaux-manteaux,6.8,2,143
2026-08-05,celio,manteau homme,https://www.celio.com/fr-be/c/manteaux-manteaux,2,0,6
2026-08-05,celio,manteau homme,https://www.celio.com/fr-fr/c/blousons-et-manteaux-manteaux,6.1,3,153
2026-08-05,celio,manteau homme,https://www.celio.com/fr-fr/store?StoreID=0123,5,0,5
2026-08-06,celio,manteau homme,https://www.celio.com/fr-be/c/manteaux-manteaux,2.4,1,7
2026-08-06,celio,manteau homme,https://www.celio.com/fr-fr/c/blousons-et-manteaux-manteaux,6.8,3,134
2026-08-06,celio,manteau homme,https://www.celio.com/fr-fr/store?StoreID=0123,12,0,2
2026-08-07,celio,manteau homme,https://www.celio.com/fr-be/c/manteaux-manteaux,3.8,0,13
2026-08-07,celio,manteau homme,https://www.celio.com/fr-fr/c/blousons-et-manteaux-manteaux,6.2,2,111
2026-08-07,celio,manteau homme,https://www.celio.com/fr-fr/store?StoreID=0123,3,0,2
2026-08-08,celio,manteau homme,https://www.celio.com/fr-be/c/manteaux-manteaux,2.2,0,6
2026-08-08,celio,manteau homme,https://www.celio.com/fr-fr/c/blousons-et-manteaux-manteaux,6.0,3,151
2026-08-09,celio,manteau homme,https://www.celio.com/fr-be/c/manteaux-manteaux,2,1,8
2026-08-09,celio,manteau homme,https://www.celio.com/fr-fr/c/blousons-et-manteaux-manteaux,5.2,2,190
2026-08-10,celio,manteau homme,https://www.celio.com/fr-be/c/manteaux-manteaux,2.3,0,7
2026-08-10,celio,manteau homme,https://www.celio.com/fr-fr/c/blousons-et-manteaux-manteaux,5.2,6,184
2026-08-11,celio,manteau homme,https://www.celio.com/fr-be/c/manteaux-manteaux,2.1,0,13
2026-08-11,celio,manteau homme,https://www.celio.com/fr-fr/c/blousons-et-manteaux-manteaux,5.8,2,155
2026-08-11,celio,manteau homme,https://www.celio.com/fr-fr/store?StoreID=0123,7.8,0,4
2026-08-12,celio,manteau homme,https://www.celio.com/fr-be/c/manteaux-manteaux,1.5,0,4
2026-08-12,celio,manteau homme,https://www.celio.com/fr-fr/c/blousons-et-manteaux-manteaux,7.2,2,123
2026-08-13,celio,manteau homme,https://www.celio.com/fr-be/c/manteaux-manteaux,2.1,1,8
2026-08-13,celio,manteau homme,https://www.celio.com/fr-fr/c/blousons-et-manteaux-manteaux,9.1,0,120
2026-08-14,celio,manteau homme,https://www.celio.com/fr-be/c/manteaux-manteaux,2.4,0,12
2026-08-14,celio,manteau homme,https://www.celio.com/fr-fr/c/blousons-et-manteaux-manteaux,8.7,3,121
2026-08-15,celio,manteau homme,https://www.celio.com/fr-be/c/manteaux-manteaux,1.3,0,6
2026-08-15,celio,manteau homme,https://www.celio.com/fr-fr/c/blousons-et-manteaux-manteaux,8.5,3,151
2026-08-16,celio,manteau homme,https://www.celio.com/fr-be/c/manteaux-manteaux,2.3,0,9
2026-08-16,celio,manteau homme,https://www.celio.com/fr-fr/c/blousons-et-manteaux-manteaux,8.9,4,176
2026-08-17,celio,manteau homme,https://www.celio.com/fr-be/c/manteaux-manteaux,2,0,15
2026-08-17,celio,manteau homme,https://www.celio.com/fr-fr/c/blousons-et-manteaux-manteaux,10.0,1,178
2026-08-17,celio,manteau homme,https://www.celio.com/fr-fr/c/blousons-et-manteaux-woolness,5,0,2
2026-08-18,celio,manteau homme,https://www.celio.com/fr-be/c/manteaux-manteaux,2.4,0,11
2026-08-18,celio,manteau homme,https://www.celio.com/fr-fr/c/blousons-et-manteaux-manteaux,5.4,3,234
2026-08-19,celio,manteau homme,https://www.celio.com/fr-be/c/manteaux-manteaux,1.9,0,7
2026-08-19,celio,manteau homme,https://www.celio.com/fr-fr/c/blousons-et-manteaux-manteaux,3.2,7,268
2026-08-20,celio,manteau homme,https://www.celio.com/fr-be/c/manteaux-manteaux,2.3,0,7
2026-08-20,celio,manteau homme,https://www.celio.com/fr-fr/c/blousons-et-manteaux-manteaux,2.9,8,280
2026-08-21,celio,manteau homme,https://www.celio.com/fr-be/c/manteaux-manteaux,1.3,0,9
2026-08-21,celio,manteau homme,https://www.celio.com/fr-fr/c/blousons-et-manteaux-manteaux,5.6,5,255
2026-08-21,celio,manteau homme,https://www.celio.com/fr-fr/c/blousons-et-manteaux-woolness,10.5,0,2
2026-08-21,celio,manteau homme,https://www.celio.com/fr-fr/p/manteau-woolness-en-laine-melange-non-double---gris/1170248.html,10.5,0,2
2026-08-21,celio,manteau homme,https://www.celio.com/fr-fr/p/manteau-woolness-en-laine-melange-non-double---noir/1145176.html,10.5,2,2
2026-08-21,celio,manteau homme,https://www.celio.com/fr-fr/store?StoreID=0123,4,0,2
2026-08-22,celio,manteau homme,https://www.celio.com/fr-be/c/manteaux-manteaux,1.9,0,9
2026-08-22,celio,manteau homme,https://www.celio.com/fr-fr/c/blousons-et-manteaux-manteaux,2.0,12,378
2026-08-22,celio,manteau homme,https://www.celio.com/fr-fr/store?StoreID=0123,2.5,1,2
2026-08-23,celio,manteau homme,https://www.celio.com/fr-be/c/manteaux-manteaux,2.1,0,8
2026-08-23,celio,manteau homme,https://www.celio.com/fr-fr/c/blousons-et-manteaux-manteaux,2.3,6,369
2026-08-23,celio,manteau homme,https://www.celio.com/fr-fr/c/blousons-et-manteaux-woolness,2,0,2
2026-08-23,celio,manteau homme,https://www.celio.com/fr-fr/p/manteau-woolness-en-laine-melange-non-double---gris/1170248.html,2,0,2
2026-08-23,celio,manteau homme,https://www.celio.com/fr-fr/p/manteau-woolness-en-laine-melange-non-double---noir/1145176.html,2,0,2
2026-08-24,celio,manteau homme,https://www.celio.com/fr-be/c/manteaux-manteaux,3.2,0,13
2026-08-24,celio,manteau homme,https://www.celio.com/fr-fr/c/blousons-et-manteaux-manteaux,2.2,12,348
2026-08-24,celio,manteau homme,https://www.celio.com/fr-fr/p/manteau-woolness-en-laine-melange-non-double---noir/1145176.html,3,1,2
2026-08-24,celio,manteau homme,https://www.celio.com/fr-fr/store?StoreID=0123,2,0,3
2026-08-25,celio,manteau homme,https://www.celio.com/fr-be/c/manteaux-manteaux,3.2,1,15
2026-08-25,celio,manteau homme,https://www.celio.com/fr-fr/c/blousons-et-manteaux-manteaux,2.5,14,326
2026-08-25,celio,manteau homme,https://www.celio.com/fr-fr/store?StoreID=0123,6.3,0,3
2026-08-26,celio,manteau homme,https://www.celio.com/fr-be/c/manteaux-manteaux,2.8,0,14
2026-08-26,celio,manteau homme,https://www.celio.com/fr-be/store?StoreID=3516,3,0,2
2026-08-26,celio,manteau homme,https://www.celio.com/fr-fr/c/blousons-et-manteaux-manteaux,2.3,5,343
2026-08-26,celio,manteau homme,https://www.celio.com/fr-fr/store?StoreID=0123,4.5,0,2
2026-08-27,celio,manteau homme,https://www.celio.com/fr-be/c/manteaux-manteaux,2.6,0,17
2026-08-27,celio,manteau homme,https://www.celio.com/fr-fr/c/blousons-et-manteaux-manteaux,3.0,11,324
2026-08-27,celio,manteau homme,https://www.celio.com/fr-fr/c/blousons-et-manteaux-woolness,2.3,0,3
2026-08-27,celio,manteau homme,https://www.celio.com/fr-fr/p/manteau-woolness-en-laine-melange-non-double---gris/1170248.html,2.3,0,3
2026-08-27,celio,manteau homme,https://www.celio.com/fr-fr/p/manteau-woolness-en-laine-melange-non-double---noir/1145176.html,2.3,1,3
2026-08-28,celio,manteau homme,https://www.celio.com/fr-be/c/manteaux-manteaux,4,0,15
2026-08-28,celio,manteau homme,https://www.celio.com/fr-fr/c/blousons-et-manteaux-manteaux,3.7,12,442
2026-08-28,celio,manteau homme,https://www.celio.com/fr-fr/store?StoreID=0123,8.7,0,3
2026-08-29,celio,manteau homme,https://www.celio.com/fr-be/c/manteaux-manteaux,2.7,0,19
2026-08-29,celio,manteau homme,https://www.celio.com/fr-fr/c/blousons-et-manteaux-manteaux,4.7,10,349
2026-08-29,celio,manteau homme,https://www.celio.com/fr-fr/c/blousons-et-manteaux-woolness,4,0,3
2026-08-29,celio,manteau homme,https://www.celio.com/fr-fr/p/manteau-woolness-en-laine-melange-non-double---gris/1170248.html,4,0,3
2026-08-29,celio,manteau homme,https://www.celio.com/fr-fr/p/manteau-woolness-en-laine-melange-non-double---noir/1145176.html,4,0,3
2026-08-29,celio,manteau homme,https://www.celio.com/fr-fr/store?StoreID=0123,13.2,0,4
2026-08-30,celio,manteau homme,https://www.celio.com/fr-be/c/manteaux-manteaux,3.1,0,16
2026-08-30,celio,manteau homme,https://www.celio.com/fr-fr/c/blousons-et-manteaux-manteaux,7.1,3,162
2026-08-30,celio,manteau homme,https://www.celio.com/fr-fr/store?StoreID=0123,6.3,0,6
2026-08-31,celio,manteau homme,https://www.celio.com/fr-be/c/manteaux-manteaux,9.7,1,15
2026-08-31,celio,manteau homme,https://www.celio.com/fr-fr/c/blousons-et-manteaux-manteaux,7.3,3,190
2026-08-31,celio,manteau homme,https://www.celio.com/fr-fr/store?StoreID=0085,4,0,2
2026-08-31,celio,manteau homme,https://www.celio.com/fr-fr/store?StoreID=0123,6.8,0,8
2026-09-01,celio,manteau homme,https://www.celio.com/fr-be/c/manteaux-manteaux,3.8,0,12
2026-09-01,celio,manteau homme,https://www.celio.com/fr-be/store?StoreID=3516,5,0,2
2026-09-01,celio,manteau homme,https://www.celio.com/fr-fr/c/blousons-et-manteaux-manteaux,4.9,3,200
2026-09-01,celio,manteau homme,https://www.celio.com/fr-fr/store?StoreID=0123,7,0,2
2026-09-02,celio,manteau homme,https://www.celio.com/fr-be/c/manteaux-manteaux,2.7,1,9
2026-09-02,celio,manteau homme,https://www.celio.com/fr-fr/c/blousons-et-manteaux-manteaux,3.2,13,323
2026-09-02,celio,manteau homme,https://www.celio.com/fr-fr/store?StoreID=0123,2,0,2
2026-09-03,celio,manteau homme,https://www.celio.com/fr-be/c/manteaux-manteaux,3.1,0,9
2026-09-03,celio,manteau homme,https://www.celio.com/fr-fr/c/blousons-et-manteaux-manteaux,3.0,9,334
2026-09-04,celio,manteau homme,https://www.celio.com/fr-be/c/manteaux-manteaux,3,0,10
2026-09-04,celio,manteau homme,https://www.celio.com/fr-fr/c/blousons-et-manteaux-manteaux,2.7,12,338
2026-09-05,celio,manteau homme,https://www.celio.com/fr-be/c/manteaux-manteaux,3.8,0,4
2026-09-05,celio,manteau homme,https://www.celio.com/fr-fr/c/blousons-et-manteaux-manteaux,2.8,14,344
2026-09-05,celio,manteau homme,https://www.celio.com/fr-fr/store?StoreID=0123,10.4,0,5
2026-09-06,celio,manteau homme,https://www.celio.com/fr-be/c/manteaux-manteaux,1.9,0,7
2026-09-06,celio,manteau homme,https://www.celio.com/fr-fr/c/blousons-et-manteaux-manteaux,2.8,28,438
2026-09-06,celio,manteau homme,https://www.celio.com/fr-fr/store?StoreID=0123,9,0,2
2026-09-07,celio,manteau homme,https://www.celio.com/fr-be/c/manteaux-manteaux,2.8,1,4
2026-09-07,celio,manteau homme,https://www.celio.com/fr-be/store?StoreID=3516,12.5,0,2
2026-09-07,celio,manteau homme,https://www.celio.com/fr-fr/c/blousons-et-manteaux-manteaux,3.0,8,362
2026-09-07,celio,manteau homme,https://www.celio.com/fr-fr/store?StoreID=0123,7,0,2
2026-09-08,celio,manteau homme,https://www.celio.com/fr-be/c/manteaux-manteaux,4.1,0,11
2026-09-08,celio,manteau homme,https://www.celio.com/fr-fr/c/blousons-et-manteaux-manteaux,3.0,8,427
2026-09-08,celio,manteau homme,https://www.celio.com/fr-fr/store?StoreID=0123,9,0,4
2026-09-09,celio,manteau homme,https://www.celio.com/fr-be/c/manteaux-manteaux,4.3,0,12
2026-09-09,celio,manteau homme,https://www.celio.com/fr-be/store?StoreID=3516,3,0,4
2026-09-09,celio,manteau homme,https://www.celio.com/fr-fr/c/blousons-et-manteaux-manteaux,2.5,19,484
2026-09-09,celio,manteau homme,https://www.celio.com/fr-fr/store?StoreID=0123,6.8,0,6
2026-09-09,celio,manteau homme,https://www.celio.com/fr-fr/store?StoreID=1624,11.5,0,4
2026-09-10,celio,manteau homme,https://www.celio.com/fr-be/c/manteaux-manteaux,3.1,0,20
2026-09-10,celio,manteau homme,https://www.celio.com/fr-fr/c/blousons-et-manteaux-manteaux,2.2,22,482
2026-09-10,celio,manteau homme,https://www.celio.com/fr-fr/store?StoreID=0123,6.3,0,3
2026-09-11,celio,manteau homme,https://www.celio.com/fr-be/c/manteaux-manteaux,3.1,1,18
2026-09-11,celio,manteau homme,https://www.celio.com/fr-be/p/manteau-woolness-en-laine-melange-non-double---noir/1145176.html,3,0,2
2026-09-11,celio,manteau homme,https://www.celio.com/fr-fr/c/blousons-et-manteaux-manteaux,2.4,18,382
2026-09-11,celio,manteau homme,https://www.celio.com/fr-fr/c/blousons-et-manteaux-woolness,3,0,2
2026-09-11,celio,manteau homme,https://www.celio.com/fr-fr/p/manteau-woolness-en-laine-melange-non-double---noir/1145176.html,3,0,2
2026-09-11,celio,manteau homme,https://www.celio.com/fr-fr/store?StoreID=0123,5.6,0,7
2026-09-12,celio,manteau homme,https://www.celio.com/fr-be/c/manteaux-manteaux,5.1,0,13
2026-09-12,celio,manteau homme,https://www.celio.com/fr-fr/c/blousons-et-manteaux-manteaux,2.2,15,508
2026-09-12,celio,manteau homme,https://www.celio.com/fr-fr/store?StoreID=0123,7,0,5
2026-09-13,celio,manteau homme,https://www.celio.com/fr-be/c/manteaux-manteaux,4.4,0,17
2026-09-13,celio,manteau homme,https://www.celio.com/fr-fr/c/blousons-et-manteaux-manteaux,2.3,29,634
2026-09-13,celio,manteau homme,https://www.celio.com/fr-fr/store?StoreID=0068,2,0,2
2026-09-13,celio,manteau homme,https://www.celio.com/fr-fr/store?StoreID=0123,1.7,0,3
2026-09-13,celio,manteau homme,https://www.celio.com/fr-fr/store?StoreID=1624,8.5,0,2
2026-09-14,celio,manteau homme,https://www.celio.com/fr-be/c/manteaux-manteaux,3.5,0,2
2026-09-14,celio,manteau homme,https://www.celio.com/fr-be/store?StoreID=3516,6.7,0,3
2026-09-14,celio,manteau homme,https://www.celio.com/fr-fr/c/blousons-et-manteaux-manteaux,2.4,15,456
2026-09-14,celio,manteau homme,https://www.celio.com/fr-fr/store?StoreID=0031,3,0,2
2026-09-14,celio,manteau homme,https://www.celio.com/fr-fr/store?StoreID=0123,3,0,2
2026-09-15,celio,manteau homme,https://www.celio.com/fr-be/c/manteaux-manteaux,5.2,0,13
2026-09-15,celio,manteau homme,https://www.celio.com/fr-fr/c/blousons-et-manteaux-manteaux,2.0,10,371
2026-09-15,celio,manteau homme,https://www.celio.com/fr-fr/store?StoreID=0123,7.4,0,10
2026-09-15,celio,manteau homme,https://www.celio.com/fr-fr/store?StoreID=1438,5,0,2
2026-09-16,celio,manteau homme,https://www.celio.com/fr-be/c/manteaux-manteaux,6.1,1,22
2026-09-16,celio,manteau homme,https://www.celio.com/fr-fr/c/blousons-et-manteaux-manteaux,2.6,22,407
2026-09-16,celio,manteau homme,https://www.celio.com/fr-fr/store?StoreID=0123,11.5,0,2
2026-09-16,celio,manteau homme,https://www.celio.com/fr-fr/store?StoreID=0700,4.5,0,2
2026-09-17,celio,manteau homme,https://www.celio.com/fr-be/c/manteaux-manteaux,5.8,0,16
2026-09-17,celio,manteau homme,https://www.celio.com/fr-fr/c/blousons-et-manteaux-manteaux,2.5,23,502
2026-09-17,celio,manteau homme,https://www.celio.com/fr-fr/store?StoreID=0123,6.8,0,5
2026-09-18,celio,manteau homme,https://www.celio.com/fr-be/c/manteaux-manteaux,6.8,1,10
2026-09-18,celio,manteau homme,https://www.celio.com/fr-be/store?StoreID=3516,8.6,0,5
2026-09-18,celio,manteau homme,https://www.celio.com/fr-fr/c/blousons-et-manteaux-manteaux,2.6,16,415
2026-09-18,celio,manteau homme,https://www.celio.com/fr-fr/c/manteaux-manteaux-chauds,10.7,0,3
2026-09-18,celio,manteau homme,https://www.celio.com/fr-fr/store?StoreID=0123,5.2,0,4
2026-09-19,celio,manteau homme,https://www.celio.com/fr-be/c/manteaux-manteaux,11.4,0,10
2026-09-19,celio,manteau homme,https://www.celio.com/fr-fr/c/blousons-et-manteaux-manteaux,2.2,22,554
2026-09-19,celio,manteau homme,https://www.celio.com/fr-fr/store?StoreID=0031,2,0,2
2026-09-19,celio,manteau homme,https://www.celio.com/fr-fr/store?StoreID=0123,5.3,0,3
2026-09-20,celio,manteau homme,https://www.celio.com/fr-be/c/manteaux-manteaux,8.4,1,11
2026-09-20,celio,manteau homme,https://www.celio.com/fr-fr/c/blousons-et-manteaux-manteaux,2.0,27,635
2026-09-20,celio,manteau homme,https://www.celio.com/fr-fr/store?StoreID=0123,4,0,5
2026-09-21,celio,manteau homme,https://www.celio.com/fr-be/c/manteaux-manteaux,5.6,0,9
2026-09-21,celio,manteau homme,https://www.celio.com/fr-fr/c/blousons-et-manteaux-manteaux,2.3,25,496
2026-09-21,celio,manteau homme,https://www.celio.com/fr-fr/store?StoreID=0123,4,1,6
2026-09-22,celio,manteau homme,https://www.celio.com/fr-be/c/manteaux-manteaux,8.2,0,17
2026-09-22,celio,manteau homme,https://www.celio.com/fr-fr/c/blousons-et-manteaux-manteaux,2.7,13,423
2026-09-22,celio,manteau homme,https://www.celio.com/fr-fr/store?StoreID=0123,9.8,0,4
2026-09-23,celio,manteau homme,https://www.celio.com/fr-be/c/manteaux-manteaux,6.2,1,6
2026-09-23,celio,manteau homme,https://www.celio.com/fr-fr/c/blousons-et-manteaux-manteaux,4.8,3,164
2026-09-23,celio,manteau homme,https://www.celio.com/fr-fr/store?StoreID=0123,11.3,0,3
2026-09-24,celio,manteau homme,https://www.celio.com/fr-be/c/manteaux-manteaux,7.7,0,11
2026-09-24,celio,manteau homme,https://www.celio.com/fr-fr/c/blousons-et-manteaux-manteaux,5.5,2,124
2026-09-24,celio,manteau homme,https://www.celio.com/fr-fr/store?StoreID=0123,7.4,0,9
2026-09-24,celio,manteau homme,https://www.celio.com/fr-fr/store?StoreID=1624,5,0,2
2026-09-25,celio,manteau homme,https://www.celio.com/fr-be/c/manteaux-manteaux,8.4,0,8
2026-09-25,celio,manteau homme,https://www.celio.com/fr-fr/c/blousons-et-manteaux-manteaux,6.7,7,288
2026-09-26,celio,manteau homme,https://www.celio.com/fr-be/c/manteaux-manteaux,8.6,0,7
2026-09-26,celio,manteau homme,https://www.celio.com/fr-fr/c/blousons-et-manteaux-manteaux,4.0,15,435
2026-09-26,celio,manteau homme,https://www.celio.com/fr-fr/store?StoreID=0016,5.5,0,2
2026-09-26,celio,manteau homme,https://www.celio.com/fr-fr/store?StoreID=0123,10.1,0,9
2026-09-27,celio,manteau homme,https://www.celio.com/fr-be/c/manteaux-manteaux,5.8,0,11
2026-09-27,celio,manteau homme,https://www.celio.com/fr-fr/c/blousons-et-manteaux-manteaux,3.5,18,571
2026-09-27,celio,manteau homme,https://www.celio.com/fr-fr/store?StoreID=0123,5.9,0,7
2026-09-27,celio,manteau homme,https://www.celio.com/fr-fr/store?StoreID=1624,11.7,0,3
2026-09-28,celio,manteau homme,https://www.celio.com/fr-be/c/manteaux-manteaux,5.3,1,10
2026-09-28,celio,manteau homme,https://www.celio.com/fr-be/store?StoreID=3516,11,0,2
2026-09-28,celio,manteau homme,https://www.celio.com/fr-fr/c/blousons-et-manteaux-manteaux,5.1,16,583
2026-09-28,celio,manteau homme,https://www.celio.com/fr-fr/store?StoreID=0123,7.4,0,5
2026-09-28,celio,manteau homme,https://www.celio.com/fr-fr/store?StoreID=1624,10.8,0,4
2026-09-29,celio,manteau homme,https://www.celio.com/fr-be/c/manteaux-manteaux,4.1,0,8
2026-09-29,celio,manteau homme,https://www.celio.com/fr-fr/c/blousons-et-manteaux-manteaux,2.7,20,468
2026-09-30,celio,manteau homme,https://www.celio.com/fr-be/c/manteaux-manteaux,6.6,0,9
2026-09-30,celio,manteau homme,https://www.celio.com/fr-be/store?StoreID=3516,7,0,2
2026-09-30,celio,manteau homme,https://www.celio.com/fr-fr/c/blousons-et-manteaux-manteaux,2.4,27,569
2026-09-30,celio,manteau homme,https://www.celio.com/fr-fr/store?StoreID=0123,3.7,0,6
2026-09-30,celio,manteau homme,https://www.celio.com/fr-fr/store?StoreID=1624,7.4,0,5
2026-07-03,celio,pantalon blanc homme,https://www.celio.com/es-es/c/pantalones-pantalones-blancos,1,0,2
2026-07-03,celio,pantalon blanc homme,https://www.celio.com/fr-be/c/pantalons-pantalons-blancs,5.6,0,17
2026-07-03,celio,pantalon blanc homme,https://www.celio.com/fr-fr/c/pantalons-pantalons-blancs,3.1,2,216
2026-07-03,celio,pantalon blanc homme,https://www.celio.com/fr-fr/p/pantalon-straight-100-lin---blanc/1124635.html,20.7,0,3
2026-07-04,celio,pantalon blanc homme,https://www.celio.com/fr-be/c/pantalons-pantalons-blancs,9.4,0,16
2026-07-04,celio,pantalon blanc homme,https://www.celio.com/fr-fr/c/pantalons-chinos-pantalon-chino-slim,5,0,2
2026-07-04,celio,pantalon blanc homme,https://www.celio.com/fr-fr/c/pantalons-chinos-pantalons-chinos-stretch,5,0,2
2026-07-04,celio,pantalon blanc homme,https://www.celio.com/fr-fr/c/pantalons-pantalons-blancs,2.3,6,230
2026-07-04,celio,pantalon blanc homme,https://www.celio.com/fr-fr/p/pantalon-chino-slim-en-coton-stretch-longueur-standard---beige-clair/1112196.html,5,0,2
2026-07-04,celio,pantalon blanc homme,https://www.celio.com/fr-fr/p/pantalon-chino-slim-en-coton-stretch-longueur-standard---blanc/1122420.html,5,0,2
2026-07-05,celio,pantalon blanc homme,https://www.celio.com/fr-be/c/pantalons-pantalons-blancs,6.8,0,13
2026-07-05,celio,pantalon blanc homme,https://www.celio.com/fr-fr/c/pantalons-chinos-pantalon-chino-slim,1,0,2
2026-07-05,celio,pantalon blanc homme,https://www.celio.com/fr-fr/c/pantalons-chinos-pantalons-chinos-stretch,1,0,2
2026-07-05,celio,pantalon blanc homme,https://www.celio.com/fr-fr/c/pantalons-pantalons-blancs,2.9,6,219
2026-07-05,celio,pantalon blanc homme,https://www.celio.com/fr-fr/p/pantalon-chino-slim-en-coton-stretch-longueur-standard---beige-clair/1112196.html,1,0,2
2026-07-05,celio,pantalon blanc homme,https://www.celio.com/fr-fr/p/pantalon-chino-slim-en-coton-stretch-longueur-standard---blanc/1122420.html,1,0,2
2026-07-06,celio,pantalon blanc homme,https://www.celio.com/fr-be/c/pantalons-pantalons-blancs,5.5,1,11
2026-07-06,celio,pantalon blanc homme,https://www.celio.com/fr-fr/c/pantalons-chinos-pantalon-chino-slim,4.5,0,2
2026-07-06,celio,pantalon blanc homme,https://www.celio.com/fr-fr/c/pantalons-pantalons-blancs,3.0,6,247
2026-07-06,celio,pantalon blanc homme,https://www.celio.com/fr-fr/p/pantalon-chino-slim-en-coton-stretch-longueur-standard---beige-clair/1112196.html,4.5,0,2
2026-07-06,celio,pantalon blanc homme,https://www.celio.com/fr-fr/p/pantalon-chino-slim-en-coton-stretch-longueur-standard---blanc/1122420.html,4.5,0,2
2026-07-06,celio,pantalon blanc homme,https://www.celio.com/fr-fr/p/pantalon-chino-slim-en-coton-stretch-longueur-standard---vert-clair/1193824.html,4.5,0,2
2026-07-07,celio,pantalon blanc homme,https://www.celio.com/fr-be/c/pantalons-pantalons-blancs,3.1,0,10
2026-07-07,celio,pantalon blanc homme,https://www.celio.com/fr-fr/c/pantalons-pantalons-blancs,3.1,6,250
2026-07-07,celio,pantalon blanc homme,https://www.celio.com/fr-fr/p/pantalon-straight-100-lin---blanc/1124635.html,30.7,0,3
2026-07-08,celio,pantalon blanc homme,https://www.celio.com/fr-be/c/pantalons-pantalons-blancs,5.9,0,12
2026-07-08,celio,pantalon blanc homme,https://www.celio.com/fr-fr/c/pantalons-pantalons-blancs,3.2,5,239
2026-07-09,celio,pantalon blanc homme,https://www.celio.com/fr-be/c/pantalons-pantalons-blancs,5.7,1,19
2026-07-09,celio,pantalon blanc homme,https://www.celio.com/fr-fr/c/pantalons-pantalons-blancs,3.6,7,217
2026-07-10,celio,pantalon blanc homme,https://www.celio.com/fr-be/c/pantalons-pantalons-blancs,4.1,0,12
2026-07-10,celio,pantalon blanc homme,https://www.celio.com/fr-fr/c/pantalons-chinos-pantalon-chino-slim,4,0,2
2026-07-10,celio,pantalon blanc homme,https://www.celio.com/fr-fr/c/pantalons-pantalons-blancs,4.5,5,196
2026-07-10,celio,pantalon blanc homme,https://www.celio.com/fr-fr/p/pantalon-chino-slim-en-coton-stretch-longueur-standard---beige-clair/1112196.html,4,0,2
2026-07-10,celio,pantalon blanc homme,https://www.celio.com/fr-fr/p/pantalon-chino-slim-en-coton-stretch-longueur-standard---blanc/1122420.html,4,0,2
2026-07-10,celio,pantalon blanc homme,https://www.celio.com/fr-fr/p/pantalon-chino-slim-en-coton-stretch-longueur-standard---noir/1093060.html,4,0,2
2026-07-10,celio,pantalon blanc homme,https://www.celio.com/fr-fr/store?StoreID=1609,9.5,0,2
2026-07-11,celio,pantalon blanc homme,https://www.celio.com/fr-be/c/pantalons-pantalons-blancs,1.7,0,18
2026-07-11,celio,pantalon blanc homme,https://www.celio.com/fr-be/store?StoreID=0334,8.5,0,2
2026-07-11,celio,pantalon blanc homme,https://www.celio.com/fr-fr/c/pantalons-pantalons-blancs,5.9,3,188
2026-07-11,celio,pantalon blanc homme,https://www.celio.com/fr-fr/p/pantalon-straight-100-lin---blanc/1124635.html,6.7,1,3
2026-07-12,celio,pantalon blanc homme,https://www.celio.com/fr-be/c/pantalons-pantalons-blancs,1,0,11
2026-07-12,celio,pantalon blanc homme,https://www.celio.com/fr-fr/c/pantalons-pantalons-blancs,5.1,4,185
2026-07-13,celio,pantalon blanc homme,https://www.celio.com/fr-be/c/pantalons-pantalons-blancs,1.1,0,14
2026-07-13,celio,pantalon blanc homme,https://www.celio.com/fr-fr/c/pantalons-pantalons-blancs,5.1,6,196
2026-07-14,celio,pantalon blanc homme,https://www.celio.com/fr-be/c/pantalons-pantalons-blancs,1.7,0,15
2026-07-14,celio,pantalon blanc homme,https://www.celio.com/fr-fr/c/pantalons-pantalons-blancs,6.1,4,158
2026-07-15,celio,pantalon blanc homme,https://www.celio.com/fr-be/c/pantalons-pantalons-blancs,1.6,0,8
2026-07-15,celio,pantalon blanc homme,https://www.celio.com/fr-fr/c/pantalons-pantalons-blancs,5.3,3,167
2026-07-15,celio,pantalon blanc homme,https://www.celio.com/fr-fr/p/pantalon-straight-100-lin---blanc/1124635.html,10,0,2
2026-07-16,celio,pantalon blanc homme,https://www.celio.com/fr-be/c/pantalons-pantalons-blancs,1.4,1,19
2026-07-16,celio,pantalon blanc homme,https://www.celio.com/fr-fr/c/pantalons-pantalons-blancs,6.2,5,166
2026-07-16,celio,pantalon blanc homme,https://www.celio.com/fr-fr/p/pantalon-relax-texture-100-coton---beige/1190762.html,7.5,0,2
2026-07-16,celio,pantalon blanc homme,https://www.celio.com/fr-fr/p/pantalon-relax-texture-100-coton---blanc/1190755.html,7.5,1,2
2026-07-16,celio,pantalon blanc homme,https://www.celio.com/fr-fr/p/pantalon-relax-texturee-100-coton---marine/1190765.html,7.5,0,2
2026-07-16,celio,pantalon blanc homme,https://www.celio.com/fr-fr/p/pantalon-straight-100-lin---blanc/1124635.html,12,0,3
2026-07-16,celio,pantalon blanc homme,https://www.celio.com/fr-fr/store?StoreID=0080,4.5,0,2
2026-07-16,celio,pantalon blanc homme,https://www.celio.com/fr-fr/store?StoreID=1435,9,0,2
2026-07-17,celio,pantalon blanc homme,https://www.celio.com/fr-be/c/pantalons-pantalons-blancs,1.4,1,24
2026-07-17,celio,pantalon blanc homme,https://www.celio.com/fr-fr/c/pantalons-pantalons-blancs,5.7,6,201
2026-07-18,celio,pantalon blanc homme,https://www.celio.com/fr-be/c/pantalons-pantalons-blancs,1.8,0,24
2026-07-18,celio,pantalon blanc homme,https://www.celio.com/fr-fr/c/pantalons-pantalons-blancs,5.4,5,207
2026-07-19,celio,pantalon blanc homme,https://www.celio.com/fr-be/c/pantalons-pantalons-blancs,3.5,0,22
2026-07-19,celio,pantalon blanc homme,https://www.celio.com/fr-fr/c/pantalons-chinos-pantalon-chino-slim,2,0,2
2026-07-19,celio,pantalon blanc homme,https://www.celio.com/fr-fr/c/pantalons-pantalons-blancs,5.4,6,172
2026-07-19,celio,pantalon blanc homme,https://www.celio.com/fr-fr/p/pantalon-chino-slim-en-coton-stretch-longueur-standard---blanc/1122420.html,2,1,2
2026-07-19,celio,pantalon blanc homme,https://www.celio.com/fr-fr/p/pantalon-chino-slim-en-coton-stretch-longueur-standard---noir/1093060.html,2,0,2
2026-07-19,celio,pantalon blanc homme,https://www.celio.com/fr-fr/store?StoreID=1636,4,0,2
2026-07-20,celio,pantalon blanc homme,https://www.celio.com/fr-be/c/pantalons-pantalons-blancs,3.4,0,9
2026-07-20,celio,pantalon blanc homme,https://www.celio.com/fr-fr/c/pantalons-pantalons-blancs,4.4,7,165
2026-07-21,celio,pantalon blanc homme,https://www.celio.com/en-fr/c/pants-white-pants,11,0,2
2026-07-21,celio,pantalon blanc homme,https://www.celio.com/fr-be/c/pantalons-pantalons-blancs,3,0,11
2026-07-21,celio,pantalon blanc homme,https://www.celio.com/fr-fr/c/pantalons-pantalons-blancs,3.8,5,177
2026-07-21,celio,pantalon blanc homme,https://www.celio.com/fr-fr/store?StoreID=0618,10,0,2
2026-07-22,celio,pantalon blanc homme,https://www.celio.com/fr-be/c/pantalons-pantalons-blancs,9.5,0,4
2026-07-22,celio,pantalon blanc homme,https://www.celio.com/fr-fr/c/pantalons-pantalons-blancs,3.3,6,193
2026-07-23,celio,pantalon blanc homme,https://www.celio.com/fr-be/c/pantalons-pantalons-blancs,7.2,1,13
2026-07-23,celio,pantalon blanc homme,https://www.celio.com/fr-fr/c/pantalons-pantalons-blancs,3.4,5,160
2026-07-24,celio,pantalon blanc homme,https://www.celio.com/fr-be/c/pantalons-pantalons-blancs,2.7,0,6
2026-07-24,celio,pantalon blanc homme,https://www.celio.com/fr-fr/c/pantalons-pantalons-blancs,2.0,6,171
2026-07-25,celio,pantalon blanc homme,https://www.celio.com/fr-be/c/pantalons-pantalons-blancs,1.9,0,18
2026-07-25,celio,pantalon blanc homme,https://www.celio.com/fr-fr/c/pantalons-pantalons-blancs,2.2,9,198
2026-07-25,celio,pantalon blanc homme,https://www.celio.com/fr-fr/p/pantalon-straight-100-lin---blanc/1124635.html,19.3,0,7
2026-07-26,celio,pantalon blanc homme,https://www.celio.com/en-fr/c/pants-white-pants,11,0,3
2026-07-26,celio,pantalon blanc homme,https://www.celio.com/fr-be/c/pantalons-pantalons-blancs,1.7,0,9
2026-07-26,celio,pantalon blanc homme,https://www.celio.com/fr-fr/c/pantalons-pantalons-blancs,2.5,10,178
2026-07-26,celio,pantalon blanc homme,https://www.celio.com/fr-fr/p/pantalon-straight-100-lin---blanc/1124635.html,17.7,0,3
2026-07-27,celio,pantalon blanc homme,https://www.celio.com/fr-be/c/pantalons-pantalons-blancs,2.4,0,15
2026-07-27,celio,pantalon blanc homme,https://www.celio.com/fr-fr/c/pantalons-pantalons-blancs,1.8,6,178
2026-07-27,celio,pantalon blanc homme,https://www.celio.com/fr-fr/p/pantalon-straight-100-lin---blanc/1124635.html,8.5,0,2
2026-07-28,celio,pantalon blanc homme,https://www.celio.com/fr-be/c/pantalons-pantalons-blancs,2.5,0,8
2026-07-28,celio,pantalon blanc homme,https://www.celio.com/fr-fr/c/pantalons-pantalons-blancs,1.9,8,176
2026-07-29,celio,pantalon blanc homme,https://www.celio.com/en-fr/c/pants-white-pants,11,0,2
2026-07-29,celio,pantalon blanc homme,https://www.celio.com/fr-be/c/pantalons-pantalons-blancs,3.1,0,16
2026-07-29,celio,pantalon blanc homme,https://www.celio.com/fr-fr/c/pantalons-pantalons-blancs,1.4,7,151
2026-07-29,celio,pantalon blanc homme,https://www.celio.com/fr-fr/store?StoreID=1040,9,0,2
2026-07-30,celio,pantalon blanc homme,https://www.celio.com/fr-be/c/pantalons-pantalons-blancs,2,0,25
2026-07-30,celio,pantalon blanc homme,https://www.celio.com/fr-fr/c/pantalons-pantalons-blancs,1.7,8,156
2026-07-30,celio,pantalon blanc homme,https://www.celio.com/fr-fr/store?StoreID=0292,10,0,4
2026-07-31,celio,pantalon blanc homme,https://www.celio.com/es-es/c/pantalones-pantalones-blancos,5,0,2
2026-07-31,celio,pantalon blanc homme,https://www.celio.com/fr-be/c/pantalons-pantalons-blancs,1.4,0,18
2026-07-31,celio,pantalon blanc homme,https://www.celio.com/fr-fr/c/pantalons-pantalons-blancs,1.6,3,169
2026-07-31,celio,pantalon blanc homme,https://www.celio.com/fr-fr/p/pantalon-straight-100-lin---blanc/1124635.html,17,0,2
2026-08-01,celio,pantalon blanc homme,https://www.celio.com/fr-be/c/pantalons-pantalons-blancs,1.5,0,11
2026-08-01,celio,pantalon blanc homme,https://www.celio.com/fr-fr/c/pantalons-pantalons-blancs,1.6,9,168
2026-08-02,celio,pantalon blanc homme,https://www.celio.com/fr-be/c/pantalons-pantalons-blancs,1.7,1,14
2026-08-02,celio,pantalon blanc homme,https://www.celio.com/fr-fr/c/pantalons-pantalons-blancs,1.8,10,164
2026-08-02,celio,pantalon blanc homme,https://www.celio.com/fr-fr/p/pantalon-straight-100-lin---blanc/1124635.html,17.8,0,4
2026-08-03,celio,pantalon blanc homme,https://www.celio.com/en-fr/c/pants-white-pants,11,0,2
2026-08-03,celio,pantalon blanc homme,https://www.celio.com/fr-be/c/pantalons-pantalons-blancs,2.2,1,14
2026-08-03,celio,pantalon blanc homme,https://www.celio.com/fr-fr/c/pantalons-chinos-pantalon-chino-slim,2.5,0,2
2026-08-03,celio,pantalon blanc homme,https://www.celio.com/fr-fr/c/pantalons-pantalons-blancs,2.0,6,170
2026-08-03,celio,pantalon blanc homme,https://www.celio.com/fr-fr/p/pantalon-chino-slim-en-coton-stretch-longueur-standard---beige-clair/1112196.html,2.5,0,2
2026-08-03,celio,pantalon blanc homme,https://www.celio.com/fr-fr/p/pantalon-chino-slim-en-coton-stretch-longueur-standard---blanc/1122420.html,2.5,1,2
2026-08-03,celio,pantalon blanc homme,https://www.celio.com/fr-fr/p/pantalon-chino-slim-en-coton-stretch-longueur-standard---vert-clair/1193824.html,2.5,0,2
2026-08-04,celio,pantalon blanc homme,https://www.celio.com/fr-be/c/pantalons-pantalons-blancs,1.6,1,18
2026-08-04,celio,pantalon blanc homme,https://www.celio.com/fr-fr/c/pantalons-pantalons-blancs,2.0,5,177
2026-08-04,celio,pantalon blanc homme,https://www.celio.com/fr-fr/p/pantalon-straight-100-lin---blanc/1124635.html,21,0,3
2026-08-05,celio,pantalon blanc homme,https://www.celio.com/fr-be/c/pantalons-pantalons-blancs,1.7,1,11
2026-08-05,celio,pantalon blanc homme,https://www.celio.com/fr-fr/c/pantalons-pantalons-blancs,2.1,8,155
2026-08-05,celio,pantalon blanc homme,https://www.celio.com/fr-fr/store?StoreID=0615,10,0,2
2026-08-06,celio,pantalon blanc homme,https://www.celio.com/fr-be/c/pantalons-pantalons-blancs,1.3,0,16
2026-08-06,celio,pantalon blanc homme,https://www.celio.com/fr-fr/c/pantalons-pantalons-blancs,2.0,6,170
2026-08-06,celio,pantalon blanc homme,https://www.celio.com/fr-fr/store?StoreID=1704,12,0,2
2026-08-07,celio,pantalon blanc homme,https://www.celio.com/fr-be/c/pantalons-pantalons-blancs,1.2,1,13
2026-08-07,celio,pantalon blanc homme,https://www.celio.com/fr-fr/c/pantalons-pantalons-blancs,2.1,5,166
2026-08-07,celio,pantalon blanc homme,https://www.celio.com/fr-fr/c/pantalons-pantalons-en-lin,5.5,0,2
2026-08-07,celio,pantalon blanc homme,https://www.celio.com/fr-fr/p/pantalon-straight-100-lin---blanc/1124635.html,5.5,1,2
2026-08-08,celio,pantalon blanc homme,https://www.celio.com/fr-be/c/pantalons-pantalons-blancs,5.8,0,11
2026-08-08,celio,pantalon blanc homme,https://www.celio.com/fr-fr/c/pantalons-pantalons-blancs,1.5,7,178
2026-08-08,celio,pantalon blanc homme,https://www.celio.com/fr-fr/store?StoreID=0277,11,0,2
2026-08-09,celio,pantalon blanc homme,https://www.celio.com/fr-be/c/pantalons-pantalons-blancs,6,0,11
2026-08-09,celio,pantalon blanc homme,https://www.celio.com/fr-fr/c/pantalons-pantalons-blancs,1.5,7,171
2026-08-10,celio,pantalon blanc homme,https://www.celio.com/fr-be/c/pantalons-pantalons-blancs,7.7,0,14
2026-08-10,celio,pantalon blanc homme,https://www.celio.com/fr-fr/c/pantalons-pantalons-blancs,1.7,4,185
2026-08-10,celio,pantalon blanc homme,https://www.celio.com/fr-fr/p/pantalon-straight-100-lin---blanc/1124635.html,9.2,0,4
2026-08-11,celio,pantalon blanc homme,https://www.celio.com/fr-be/c/pantalons-pantalons-blancs,7.2,0,12
2026-08-11,celio,pantalon blanc homme,https://www.celio.com/fr-fr/c/pantalons-pantalons-blancs,1.9,5,179
2026-08-11,celio,pantalon blanc homme,https://www.celio.com/fr-fr/p/pantalon-straight-100-lin---blanc/1124635.html,8.5,0,2
2026-08-12,celio,pantalon blanc homme,https://www.celio.com/fr-be/c/pantalons-pantalons-blancs,5,1,12
2026-08-12,celio,pantalon blanc homme,https://www.celio.com/fr-fr/c/pantalons-pantalons-blancs,2.5,7,151
2026-08-12,celio,pantalon blanc homme,https://www.celio.com/fr-fr/p/pantalon-straight-100-lin---blanc/1124635.html,9.3,0,3
2026-08-13,celio,pantalon blanc homme,https://www.celio.com/fr-be/c/pantalons-pantalons-blancs,2.8,0,12
2026-08-13,celio,pantalon blanc homme,https://www.celio.com/fr-fr/c/pantalons-pantalons-blancs,2.4,1,152
2026-08-13,celio,pantalon blanc homme,https://www.celio.com/fr-fr/p/pantalon-straight-100-lin---blanc/1124635.html,10,0,2
2026-08-14,celio,pantalon blanc homme,https://www.celio.com/fr-be/c/pantalons-pantalons-blancs,3.4,0,10
2026-08-14,celio,pantalon blanc homme,https://www.celio.com/fr-fr/c/pantalons-chinos-pantalon-chino-slim,2.5,0,2
2026-08-14,celio,pantalon blanc homme,https://www.celio.com/fr-fr/c/pantalons-pantalons-blancs,2.4,5,151
2026-08-14,celio,pantalon blanc homme,https://www.celio.com/fr-fr/p/pantalon-chino-slim-en-coton-stretch-longueur-standard---beige-clair/1112196.html,2.5,0,2
2026-08-14,celio,pantalon blanc homme,https://www.celio.com/fr-fr/p/pantalon-chino-slim-en-coton-stretch-longueur-standard---blanc/1122420.html,2.5,0,2
2026-08-14,celio,pantalon blanc homme,https://www.celio.com/fr-fr/p/pantalon-chino-slim-en-coton-stretch-longueur-standard---noir/1093060.html,2.5,0,2
2026-08-14,celio,pantalon blanc homme,https://www.celio.com/fr-fr/p/pantalon-straight-100-lin---blanc/1124635.html,6.5,0,2
2026-08-15,celio,pantalon blanc homme,https://www.celio.com/fr-be/c/pantalons-pantalons-blancs,3.4,0,17
2026-08-15,celio,pantalon blanc homme,https://www.celio.com/fr-fr/c/pantalons-pantalons-blancs,2.0,5,178
2026-08-15,celio,pantalon blanc homme,https://www.celio.com/fr-fr/p/pantalon-straight-100-lin---blanc/1124635.html,8,0,3
2026-08-16,celio,pantalon blanc homme,https://www.celio.com/fr-be/c/pantalons-pantalons-blancs,3.1,0,9
2026-08-16,celio,pantalon blanc homme,https://www.celio.com/fr-fr/c/pantalons-pantalons-blancs,2.6,3,159
2026-08-16,celio,pantalon blanc homme,https://www.celio.com/fr-fr/p/pantalon-straight-100-lin---blanc/1124635.html,9.5,0,2
2026-08-16,celio,pantalon blanc homme,https://www.celio.com/fr-fr/store?StoreID=1040,4,0,2
2026-08-17,celio,pantalon blanc homme,https://www.celio.com/fr-be/c/pantalons-pantalons-blancs,6.4,0,5
2026-08-17,celio,pantalon blanc homme,https://www.celio.com/fr-fr/c/pantalons-pantalons-blancs,2.6,8,174
2026-08-18,celio,pantalon blanc homme,https://www.celio.com/fr-be/c/pantalons-pantalons-blancs,9.4,0,5
2026-08-18,celio,pantalon blanc homme,https://www.celio.com/fr-fr/c/pantalons-pantalons-blancs,3.9,10,206
2026-08-19,celio,pantalon blanc homme,https://www.celio.com/fr-be/c/pantalons-pantalons-blancs,6.6,0,10
2026-08-19,celio,pantalon blanc homme,https://www.celio.com/fr-fr/c/pantalons-pantalons-blancs,5.2,3,185
2026-08-20,celio,pantalon blanc homme,https://www.celio.com/fr-be/c/pantalons-pantalons-blancs,5.9,1,9
2026-08-20,celio,pantalon blanc homme,https://www.celio.com/fr-fr/c/pantalons-pantalons-blancs,4.8,6,183
2026-08-21,celio,pantalon blanc homme,https://www.celio.com/fr-be/c/pantalons-pantalons-blancs,5.4,1,7
2026-08-21,celio,pantalon blanc homme,https://www.celio.com/fr-fr/c/pantalons-pantalons-blancs,4.9,6,158
2026-08-21,celio,pantalon blanc homme,https://www.celio.com/fr-fr/p/pantalon-straight-100-lin---blanc/1124635.html,23.2,0,4
2026-08-22,celio,pantalon blanc homme,https://www.celio.com/fr-be/c/pantalons-pantalons-blancs,5.1,1,16
2026-08-22,celio,pantalon blanc homme,https://www.celio.com/fr-fr/c/pantalons-pantalons-blancs,4.5,6,158
2026-08-22,celio,pantalon blanc homme,https://www.celio.com/fr-fr/p/pantalon-straight-100-lin---blanc/1124635.html,6.5,0,4
2026-08-23,celio,pantalon blanc homme,https://www.celio.com/fr-be/c/pantalons-pantalons-blancs,7.1,0,10
2026-08-23,celio,pantalon blanc homme,https://www.celio.com/fr-fr/c/pantalons-pantalons-blancs,4.5,7,151
2026-08-23,celio,pantalon blanc homme,https://www.celio.com/fr-fr/p/pantalon-straight-100-lin---blanc/1124635.html,8.5,0,2
2026-08-24,celio,pantalon blanc homme,https://www.celio.com/fr-be/c/pantalons-pantalons-blancs,6.3,0,10
2026-08-24,celio,pantalon blanc homme,https://www.celio.com/fr-fr/c/pantalons-pantalons-blancs,5.2,8,157
2026-08-24,celio,pantalon blanc homme,https://www.celio.com/fr-fr/store?StoreID=0263,4.5,0,2
2026-08-25,celio,pantalon blanc homme,https://www.celio.com/fr-be/c/pantalons-pantalons-blancs,6.2,0,9
2026-08-25,celio,pantalon blanc homme,https://www.celio.com/fr-fr/c/pantalons-pantalons-blancs,5.8,4,180
2026-08-25,celio,pantalon blanc homme,https://www.celio.com/fr-fr/p/pantalon-straight-100-lin---blanc/1124635.html,16.2,0,4
2026-08-26,celio,pantalon blanc homme,https://www.celio.com/fr-be/c/pantalons-pantalons-blancs,7.8,0,6
2026-08-26,celio,pantalon blanc homme,https://www.celio.com/fr-fr/c/pantalons-pantalons-blancs,5.6,5,155
2026-08-26,celio,pantalon blanc homme,https://www.celio.com/fr-fr/store?StoreID=1704,8,0,2
2026-08-27,celio,pantalon blanc homme,https://www.celio.com/fr-be/c/pantalons-pantalons-blancs,7.3,0,6
2026-08-27,celio,pantalon blanc homme,https://www.celio.com/fr-fr/c/pantalons-pantalons-blancs,2.2,12,194
2026-08-28,celio,pantalon blanc homme,https://www.celio.com/en-fr/c/pants-white-pants,12.5,0,2
2026-08-28,celio,pantalon blanc homme,https://www.celio.com/fr-be/c/pantalons-pantalons-blancs,7.2,0,11
2026-08-28,celio,pantalon blanc homme,https://www.celio.com/fr-be/p/pantalon-straight-100-lin---blanc/1124635.html,14,0,2
2026-08-28,celio,pantalon blanc homme,https://www.celio.com/fr-fr/c/pantalons-pantalons-blancs,1.9,14,171
2026-08-28,celio,pantalon blanc homme,https://www.celio.com/fr-fr/p/pantalon-straight-100-lin---blanc/1124635.html,33.5,0,4
2026-08-29,celio,pantalon blanc homme,https://www.celio.com/fr-be/c/pantalons-pantalons-blancs,8.1,0,16
2026-08-29,celio,pantalon blanc homme,https://www.celio.com/fr-fr/c/pantalons-pantalons-blancs,2.2,8,166
2026-08-30,celio,pantalon blanc homme,https://www.celio.com/fr-be/c/pantalons-pantalons-blancs,9.7,0,9
2026-08-30,celio,pantalon blanc homme,https://www.celio.com/fr-fr/c/pantalons-pantalons-blancs,1.8,9,195
2026-08-30,celio,pantalon blanc homme,https://www.celio.com/fr-fr/p/pantalon-straight-100-lin---blanc/1124635.html,12.3,0,6
2026-08-30,celio,pantalon blanc homme,https://www.celio.com/fr-fr/store?StoreID=0080,12.8,0,4
2026-08-31,celio,pantalon blanc homme,https://www.celio.com/fr-be/c/pantalons-pantalons-blancs,8.2,0,14
2026-08-31,celio,pantalon blanc homme,https://www.celio.com/fr-fr/c/pantalons-pantalons-blancs,2.0,8,180
2026-08-31,celio,pantalon blanc homme,https://www.celio.com/fr-fr/p/pantalon-straight-100-lin---blanc/1124635.html,11.2,0,6
2026-09-01,celio,pantalon blanc homme,https://www.celio.com/fr-be/c/pantalons-pantalons-blancs,9,0,4
2026-09-01,celio,pantalon blanc homme,https://www.celio.com/fr-fr/c/pantalons-pantalons-blancs,2.4,9,172
2026-09-01,celio,pantalon blanc homme,https://www.celio.com/fr-fr/p/pantalon-straight-100-lin---blanc/1124635.html,6.3,0,3
2026-09-02,celio,pantalon blanc homme,https://www.celio.com/fr-be/c/pantalons-pantalons-blancs,9.6,0,17
2026-09-02,celio,pantalon blanc homme,https://www.celio.com/fr-fr/c/pantalons-pantalons-blancs,2.9,10,166
2026-09-02,celio,pantalon blanc homme,https://www.celio.com/fr-fr/p/pantalon-straight-100-lin---blanc/1124635.html,11.1,0,7
2026-09-03,celio,pantalon blanc homme,https://www.celio.com/fr-be/c/pantalons-pantalons-blancs,9.2,0,16
2026-09-03,celio,pantalon blanc homme,https://www.celio.com/fr-be/p/pantalon-straight-100-lin---blanc/1124635.html,7,0,3
2026-09-03,celio,pantalon blanc homme,https://www.celio.com/fr-fr/c/pantalons-pantalons-blancs,2.5,7,178
2026-09-03,celio,pantalon blanc homme,https://www.celio.com/fr-fr/p/pantalon-straight-100-lin---blanc/1124635.html,8.1,0,29
2026-09-04,celio,pantalon blanc homme,https://www.celio.com/fr-be/c/pantalons-pantalons-blancs,10.2,0,9
2026-09-04,celio,pantalon blanc homme,https://www.celio.com/fr-be/p/pantalon-straight-100-lin---blanc/1124635.html,6.3,0,3
2026-09-04,celio,pantalon blanc homme,https://www.celio.com/fr-fr/c/pantalons-pantalons-blancs,2.2,9,164
2026-09-04,celio,pantalon blanc homme,https://www.celio.com/fr-fr/p/pantalon-straight-100-lin---blanc/1124635.html,8.5,0,15
2026-09-05,celio,pantalon blanc homme,https://www.celio.com/fr-be/c/pantalons-pantalons-blancs,8.6,1,20
2026-09-05,celio,pantalon blanc homme,https://www.celio.com/fr-be/p/pantalon-straight-100-lin---blanc/1124635.html,6.8,0,17
2026-09-05,celio,pantalon blanc homme,https://www.celio.com/fr-fr/c/pantalons-pantalons-blancs,2.2,11,190
2026-09-05,celio,pantalon blanc homme,https://www.celio.com/fr-fr/p/pantalon-straight-100-lin---blanc/1124635.html,7.8,0,20
2026-09-06,celio,pantalon blanc homme,https://www.celio.com/fr-be/c/pantalons-pantalons-blancs,6.9,0,13
2026-09-06,celio,pantalon blanc homme,https://www.celio.com/fr-be/p/pantalon-straight-100-lin---blanc/1124635.html,8,0,9
2026-09-06,celio,pantalon blanc homme,https://www.celio.com/fr-fr/c/pantalons-pantalons-blancs,2.4,7,186
2026-09-06,celio,pantalon blanc homme,https://www.celio.com/fr-fr/p/pantalon-straight-100-lin---blanc/1124635.html,11.1,0,7
2026-09-06,celio,pantalon blanc homme,https://www.celio.com/fr-fr/store?StoreID=0080,13,0,3
2026-09-07,celio,pantalon blanc homme,https://www.celio.com/fr-be/c/pantalons-pantalons-blancs,9.2,0,10
2026-09-07,celio,pantalon blanc homme,https://www.celio.com/fr-be/p/pantalon-straight-100-lin---blanc/1124635.html,8.3,0,9
2026-09-07,celio,pantalon blanc homme,https://www.celio.com/fr-fr/c/pantalons-pantalons-blancs,1.9,6,161
2026-09-07,celio,pantalon blanc homme,https://www.celio.com/fr-fr/p/pantalon-straight-100-lin---blanc/1124635.html,6.4,0,8
2026-09-08,celio,pantalon blanc homme,https://www.celio.com/fr-be/c/pantalons-pantalons-blancs,7.9,0,33
2026-09-08,celio,pantalon blanc homme,https://www.celio.com/fr-be/p/pantalon-straight-100-lin---blanc/1124635.html,6.1,0,21
2026-09-08,celio,pantalon blanc homme,https://www.celio.com/fr-fr/c/pantalons-pantalons-blancs,1.9,15,181
2026-09-08,celio,pantalon blanc homme,https://www.celio.com/fr-fr/p/pantalon-straight-100-lin---blanc/1124635.html,9.8,0,5
2026-09-09,celio,pantalon blanc homme,https://www.celio.com/fr-be/c/pantalons-pantalons-blancs,8.9,0,8
2026-09-09,celio,pantalon blanc homme,https://www.celio.com/fr-be/p/pantalon-straight-100-lin---blanc/1124635.html,7.3,0,6
2026-09-09,celio,pantalon blanc homme,https://www.celio.com/fr-fr/c/pantalons-pantalons-blancs,2.8,17,169
2026-09-09,celio,pantalon blanc homme,https://www.celio.com/fr-fr/p/pantalon-straight-100-lin---blanc/1124635.html,13,0,3
2026-09-10,celio,pantalon blanc homme,https://www.celio.com/fr-be/c/pantalons-pantalons-blancs,8.6,0,12
2026-09-10,celio,pantalon blanc homme,https://www.celio.com/fr-be/p/pantalon-straight-100-lin---blanc/1124635.html,7.7,0,6
2026-09-10,celio,pantalon blanc homme,https://www.celio.com/fr-fr/c/pantalons-pantalons-blancs,3.2,12,176
2026-09-10,celio,pantalon blanc homme,https://www.celio.com/fr-fr/p/pantalon-straight-100-lin---blanc/1124635.html,6,0,7
2026-09-11,celio,pantalon blanc homme,https://www.celio.com/fr-be/c/pantalons-pantalons-blancs,9.4,0,14
2026-09-11,celio,pantalon blanc homme,https://www.celio.com/fr-be/p/pantalon-straight-100-lin---blanc/1124635.html,7.1,0,8
2026-09-11,celio,pantalon blanc homme,https://www.celio.com/fr-fr/c/pantalons-pantalons-blancs,4.7,6,163
2026-09-12,celio,pantalon blanc homme,https://www.celio.com/fr-be/c/pantalons-pantalons-blancs,11.2,1,12
2026-09-12,celio,pantalon blanc homme,https://www.celio.com/fr-be/p/pantalon-straight-100-lin---blanc/1124635.html,8.2,0,6
2026-09-12,celio,pantalon blanc homme,https://www.celio.com/fr-fr/c/pantalons-pantalons-blancs,4.6,6,209
2026-09-12,celio,pantalon blanc homme,https://www.celio.com/fr-fr/p/pantalon-straight-100-lin---blanc/1124635.html,5,0,4
2026-09-13,celio,pantalon blanc homme,https://www.celio.com/fr-be/c/pantalons-pantalons-blancs,9.8,1,13
2026-09-13,celio,pantalon blanc homme,https://www.celio.com/fr-be/p/pantalon-straight-100-lin---blanc/1124635.html,6.2,0,8
2026-09-13,celio,pantalon blanc homme,https://www.celio.com/fr-fr/c/pantalons-pantalons-blancs,3.4,6,174
2026-09-13,celio,pantalon blanc homme,https://www.celio.com/fr-fr/p/pantalon-straight-100-lin---blanc/1124635.html,7.4,0,7
2026-09-14,celio,pantalon blanc homme,https://www.celio.com/fr-be/c/pantalons-pantalons-blancs,9.8,1,23
2026-09-14,celio,pantalon blanc homme,https://www.celio.com/fr-be/p/pantalon-straight-100-lin---blanc/1124635.html,5.5,0,13
2026-09-14,celio,pantalon blanc homme,https://www.celio.com/fr-fr/c/pantalons-pantalons-blancs,2.8,6,138
2026-09-14,celio,pantalon blanc homme,https://www.celio.com/fr-fr/p/pantalon-straight-100-lin---blanc/1124635.html,16,0,2
2026-09-15,celio,pantalon blanc homme,https://www.celio.com/fr-be/c/pantalons-pantalons-blancs,7.5,2,53
2026-09-15,celio,pantalon blanc homme,https://www.celio.com/fr-be/p/pantalon-straight-100-lin---blanc/1124635.html,6,0,7
2026-09-15,celio,pantalon blanc homme,https://www.celio.com/fr-fr/c/pantalons-pantalons-blancs,2.4,10,137
2026-09-15,celio,pantalon blanc homme,https://www.celio.com/fr-fr/p/pantalon-straight-100-lin---blanc/1124635.html,4.2,1,4
2026-09-16,celio,pantalon blanc homme,https://www.celio.com/fr-be/c/pantalons-pantalons-blancs,6.7,0,31
2026-09-16,celio,pantalon blanc homme,https://www.celio.com/fr-fr/c/pantalons-pantalons-blancs,1.9,15,153
2026-09-16,celio,pantalon blanc homme,https://www.celio.com/fr-fr/p/pantalon-straight-100-lin---blanc/1124635.html,6.5,0,2
2026-09-17,celio,pantalon blanc homme,https://www.celio.com/es-es/c/pantalones-pantalones-blancos,9.5,0,2
2026-09-17,celio,pantalon blanc homme,https://www.celio.com/fr-be/c/pantalons-pantalons-blancs,5.7,1,36
2026-09-17,celio,pantalon blanc homme,https://www.celio.com/fr-fr/c/pantalons-pantalons-blancs,1.9,5,184
2026-09-17,celio,pantalon blanc homme,https://www.celio.com/fr-fr/p/pantalon-straight-100-lin---blanc/1124635.html,9.8,0,6
2026-09-18,celio,pantalon blanc homme,https://www.celio.com/fr-be/c/pantalons-pantalons-blancs,10.5,2,16
2026-09-18,celio,pantalon blanc homme,https://www.celio.com/fr-fr/c/pantalons-pantalons-blancs,1.5,10,133
2026-09-18,celio,pantalon blanc homme,https://www.celio.com/fr-fr/p/pantalon-straight-100-lin---blanc/1124635.html,11.5,0,4
2026-09-19,celio,pantalon blanc homme,https://www.celio.com/fr-be/c/pantalons-pantalons-blancs,7.2,1,16
2026-09-19,celio,pantalon blanc homme,https://www.celio.com/fr-fr/c/pantalons-pantalons-blancs,1.8,10,145
2026-09-19,celio,pantalon blanc homme,https://www.celio.com/fr-fr/p/pantalon-straight-100-lin---blanc/1124635.html,7.2,0,5
2026-09-19,celio,pantalon blanc homme,https://www.celio.com/fr-fr/store?StoreID=0173,1,0,2
2026-09-20,celio,pantalon blanc homme,https://www.celio.com/fr-be/c/pantalons-pantalons-blancs,6.9,0,8
2026-09-20,celio,pantalon blanc homme,https://www.celio.com/fr-fr/c/pantalons-pantalons-blancs,1.7,7,185
2026-09-20,celio,pantalon blanc homme,https://www.celio.com/fr-fr/p/pantalon-straight-100-lin---blanc/1124635.html,11.1,0,14
2026-09-21,celio,pantalon blanc homme,https://www.celio.com/en-fr/c/pants-white-pants,9.5,0,2
2026-09-21,celio,pantalon blanc homme,https://www.celio.com/fr-be/c/pantalons-pantalons-blancs,9.2,1,12
2026-09-21,celio,pantalon blanc homme,https://www.celio.com/fr-fr/c/pantalons-pantalons-blancs,1.6,9,140
2026-09-21,celio,pantalon blanc homme,https://www.celio.com/fr-fr/p/pantalon-straight-100-lin---blanc/1124635.html,18,0,3
2026-09-22,celio,pantalon blanc homme,https://www.celio.com/fr-be/c/pantalons-pantalons-blancs,8.1,1,14
2026-09-22,celio,pantalon blanc homme,https://www.celio.com/fr-fr/c/pantalons-pantalons-blancs,1.9,10,148
2026-09-22,celio,pantalon blanc homme,https://www.celio.com/fr-fr/p/pantalon-straight-100-lin---blanc/1124635.html,2.5,0,2
2026-09-23,celio,pantalon blanc homme,https://www.celio.com/fr-be/c/pantalons-pantalons-blancs,7.1,1,11
2026-09-23,celio,pantalon blanc homme,https://www.celio.com/fr-be/p/pantalon-straight-100-lin---blanc/1124635.html,6,0,2
2026-09-23,celio,pantalon blanc homme,https://www.celio.com/fr-fr/c/pantalons-pantalons-blancs,1.7,11,132
2026-09-23,celio,pantalon blanc homme,https://www.celio.com/fr-fr/p/pantalon-straight-100-lin---blanc/1124635.html,5.2,0,4
2026-09-23,celio,pantalon blanc homme,https://www.celio.com/fr-fr/store?StoreID=0080,8,0,3
2026-09-24,celio,pantalon blanc homme,https://www.celio.com/fr-be/c/pantalons-pantalons-blancs,7.7,0,11
2026-09-24,celio,pantalon blanc homme,https://www.celio.com/fr-fr/c/pantalons-pantalons-blancs,2.4,9,161
2026-09-24,celio,pantalon blanc homme,https://www.celio.com/fr-fr/p/pantalon-straight-100-lin---blanc/1124635.html,9.9,0,7
2026-09-25,celio,pantalon blanc homme,https://www.celio.com/fr-be/c/pantalons-pantalons-blancs,9.2,1,12
2026-09-25,celio,pantalon blanc homme,https://www.celio.com/fr-fr/c/pantalons-pantalons-blancs,1.8,9,133
2026-09-25,celio,pantalon blanc homme,https://www.celio.com/fr-fr/p/pantalon-straight-100-lin---blanc/1124635.html,10.5,0,2
2026-09-26,celio,pantalon blanc homme,https://www.celio.com/fr-be/c/pantalons-pantalons-blancs,8.8,0,11
2026-09-26,celio,pantalon blanc homme,https://www.celio.com/fr-be/store?StoreID=3516,7,0,2
2026-09-26,celio,pantalon blanc homme,https://www.celio.com/fr-fr/c/pantalons-pantalons-blancs,1.7,7,158
2026-09-26,celio,pantalon blanc homme,https://www.celio.com/fr-fr/store?StoreID=0080,11.8,0,4
2026-09-27,celio,pantalon blanc homme,https://www.celio.com/en-fr/c/pants-white-pants,8,0,2
2026-09-27,celio,pantalon blanc homme,https://www.celio.com/fr-be/c/pantalons-pantalons-blancs,8.9,0,7
2026-09-27,celio,pantalon blanc homme,https://www.celio.com/fr-fr/c/pantalons-pantalons-blancs,1.9,10,159
2026-09-27,celio,pantalon blanc homme,https://www.celio.com/fr-fr/p/pantalon-straight-100-lin---blanc/1124635.html,6.6,0,9
2026-09-27,celio,pantalon blanc homme,https://www.celio.com/fr-fr/store?StoreID=0080,9.2,0,5
2026-09-27,celio,pantalon blanc homme,https://www.celio.com/fr-fr/store?StoreID=0173,8.3,0,3
2026-09-28,celio,pantalon blanc homme,https://www.celio.com/fr-be/c/pantalons-pantalons-blancs,9.7,0,9
2026-09-28,celio,pantalon blanc homme,https://www.celio.com/fr-be/p/pantalon-straight-100-lin---blanc/1124635.html,9,0,2
2026-09-28,celio,pantalon blanc homme,https://www.celio.com/fr-be/store?StoreID=0334,12,0,2
2026-09-28,celio,pantalon blanc homme,https://www.celio.com/fr-fr/c/pantalons-pantalons-blancs,2,7,137
2026-09-28,celio,pantalon blanc homme,https://www.celio.com/fr-fr/store?StoreID=0080,9.5,0,2
2026-09-28,celio,pantalon blanc homme,https://www.celio.com/fr-fr/store?StoreID=0173,13.5,0,2
2026-09-29,celio,pantalon blanc homme,https://www.celio.com/fr-be/c/pantalons-pantalons-blancs,9.3,0,7
2026-09-29,celio,pantalon blanc homme,https://www.celio.com/fr-fr/c/pantalons-pantalons-blancs,2.1,6,112
2026-09-30,celio,pantalon blanc homme,https://www.celio.com/fr-be/c/pantalons-pantalons-blancs,9.3,0,6
2026-09-30,celio,pantalon blanc homme,https://www.celio.com/fr-be/c/pantalons-pantalons-roses,8,0,2
2026-09-30,celio,pantalon blanc homme,https://www.celio.com/fr-be/p/pantalon-straight-100-lin---blanc/1124635.html,6,0,2
2026-09-30,celio,pantalon blanc homme,https://www.celio.com/fr-fr/c/pantalons-pantalons-blancs,2.9,3,120
2026-07-03,celio,pantalon cargo homme,https://www.celio.com/fr-be/c/pantalons-cargos-cargos-noirs,22.7,0,3
2026-07-03,celio,pantalon cargo homme,https://www.celio.com/fr-be/c/pantalons-pantalons-cargos,4.6,1,46
2026-07-03,celio,pantalon cargo homme,https://www.celio.com/fr-fr/c/pantalons-pantalons-cargos,2.6,12,403
2026-07-03,celio,pantalon cargo homme,https://www.celio.com/fr-fr/c/vetements-pas-chers-pantalons-cargo-pas-chers,27.8,0,5
2026-07-04,celio,pantalon cargo homme,https://www.celio.com/fr-be/c/pantalons-pantalons-cargos,5.3,1,22
2026-07-04,celio,pantalon cargo homme,https://www.celio.com/fr-fr/c/pantalons-pantalons-cargos,2.4,17,438
2026-07-04,celio,pantalon cargo homme,https://www.celio.com/fr-fr/c/vetements-pas-chers-pantalons-cargo-pas-chers,26.5,0,4
2026-07-05,celio,pantalon cargo homme,https://www.celio.com/fr-be/c/pantalons-pantalons-cargos,4.1,1,21
2026-07-05,celio,pantalon cargo homme,https://www.celio.com/fr-fr/c/pantalons-pantalons-cargos,2.5,12,454
2026-07-05,celio,pantalon cargo homme,https://www.celio.com/fr-fr/c/vetements-pas-chers-pantalons-cargo-pas-chers,28.7,0,3
2026-07-06,celio,pantalon cargo homme,https://www.celio.com/fr-be/c/pantalons-pantalons-cargos,4.8,1,16
2026-07-06,celio,pantalon cargo homme,https://www.celio.com/fr-fr/c/pantalons-pantalons-cargos,2.2,20,463
2026-07-06,celio,pantalon cargo homme,https://www.celio.com/fr-fr/c/vetements-pas-chers-pantalons-cargo-pas-chers,28.5,0,2
2026-07-07,celio,pantalon cargo homme,https://www.celio.com/fr-be/c/pantalons-pantalons-cargos,4.8,2,25
2026-07-07,celio,pantalon cargo homme,https://www.celio.com/fr-fr/c/pantalons-pantalons-cargos,1.7,19,358
2026-07-07,celio,pantalon cargo homme,https://www.celio.com/fr-fr/c/vetements-pas-chers-pantalons-cargo-pas-chers,28.5,0,2
2026-07-08,celio,pantalon cargo homme,https://www.celio.com/fr-be/c/pantalons-pantalons-cargos,4.2,0,16
2026-07-08,celio,pantalon cargo homme,https://www.celio.com/fr-fr/c/pantalons-pantalons-cargos,2.1,12,397
2026-07-08,celio,pantalon cargo homme,https://www.celio.com/fr-fr/c/vetements-pas-chers-pantalons-cargo-pas-chers,32.4,0,5
2026-07-09,celio,pantalon cargo homme,https://www.celio.com/fr-be/c/pantalons-pantalons-cargos,4.3,4,18
2026-07-09,celio,pantalon cargo homme,https://www.celio.com/fr-fr/c/pantalons-pantalons-cargos,2.1,20,370
2026-07-09,celio,pantalon cargo homme,https://www.celio.com/fr-fr/c/vetements-pas-chers-pantalons-cargo-pas-chers,37.5,0,2
2026-07-10,celio,pantalon cargo homme,https://www.celio.com/fr-be/c/pantalons-pantalons-cargos,4.6,0,14
2026-07-10,celio,pantalon cargo homme,https://www.celio.com/fr-fr/c/pantalons-pantalons-cargos,2.0,8,339
2026-07-10,celio,pantalon cargo homme,https://www.celio.com/fr-fr/c/vetements-pas-chers-pantalons-cargo-pas-chers,32.2,0,4
2026-07-11,celio,pantalon cargo homme,https://www.celio.com/fr-be/c/pantalons-pantalons-cargos,4.7,0,19
2026-07-11,celio,pantalon cargo homme,https://www.celio.com/fr-fr/c/pantalons-pantalons-cargos,3.3,17,372
2026-07-12,celio,pantalon cargo homme,https://www.celio.com/fr-be/c/pantalons-pantalons-cargos,6,0,11
2026-07-12,celio,pantalon cargo homme,https://www.celio.com/fr-fr/c/pantalons-pantalons-cargos,3.9,13,389
2026-07-13,celio,pantalon cargo homme,https://www.celio.com/fr-be/c/pantalons-pantalons-cargos,5.4,1,13
2026-07-13,celio,pantalon cargo homme,https://www.celio.com/fr-fr/c/pantalons-pantalons-cargos,3.3,14,361
2026-07-14,celio,pantalon cargo homme,https://www.celio.com/fr-be/c/pantalons-pantalons-cargos,4.4,0,14
2026-07-14,celio,pantalon cargo homme,https://www.celio.com/fr-fr/c/pantalons-pantalons-cargos,2.3,18,369
2026-07-15,celio,pantalon cargo homme,https://www.celio.com/fr-be/c/pantalons-pantalons-cargos,3.9,1,13
2026-07-15,celio,pantalon cargo homme,https://www.celio.com/fr-fr/c/pantalons-pantalons-cargos,2.6,9,334
2026-07-16,celio,pantalon cargo homme,https://www.celio.com/fr-be/c/pantalons-pantalons-cargos,4.7,2,19
2026-07-16,celio,pantalon cargo homme,https://www.celio.com/fr-fr/c/pantalons-pantalons-cargos,3.3,10,354
2026-07-16,celio,pantalon cargo homme,https://www.celio.com/fr-fr/c/vetements-pas-chers-pantalons-cargo-pas-chers,38.5,0,2
2026-07-17,celio,pantalon cargo homme,https://www.celio.com/fr-be/c/pantalons-cargos-pantalons-cargos-slim,61.5,0,2
2026-07-17,celio,pantalon cargo homme,https://www.celio.com/fr-be/c/pantalons-pantalons-cargos,4.7,1,21
2026-07-17,celio,pantalon cargo homme,https://www.celio.com/fr-fr/c/pantalons-pantalons-cargos,3.4,7,355
2026-07-17,celio,pantalon cargo homme,https://www.celio.com/fr-fr/store?StoreID=0766,5.5,0,2
2026-07-18,celio,pantalon cargo homme,https://www.celio.com/fr-be/c/pantalons-cargos-pantalons-cargos-slim,48.5,0,2
2026-07-18,celio,pantalon cargo homme,https://www.celio.com/fr-be/c/pantalons-pantalons-cargos,4.7,0,19
2026-07-18,celio,pantalon cargo homme,https://www.celio.com/fr-fr/c/pantalons-pantalons-cargos,3.2,20,421
2026-07-19,celio,pantalon cargo homme,https://www.celio.com/fr-be/c/pantalons-pantalons-cargos,4.7,1,13
2026-07-19,celio,pantalon cargo homme,https://www.celio.com/fr-fr/c/pantalons-pantalons-cargos,3.4,15,368
2026-07-20,celio,pantalon cargo homme,https://www.celio.com/fr-be/c/pantalons-pantalons-cargos,5.1,0,14
2026-07-20,celio,pantalon cargo homme,https://www.celio.com/fr-fr/c/pantalons-pantalons-cargos,3.2,16,331
2026-07-21,celio,pantalon cargo homme,https://www.celio.com/fr-be/c/pantalons-pantalons-cargos,5.4,1,11
2026-07-21,celio,pantalon cargo homme,https://www.celio.com/fr-fr/c/pantalons-pantalons-cargos,3.0,14,382
2026-07-21,celio,pantalon cargo homme,https://www.celio.com/fr-fr/store?StoreID=0085,8,0,2
2026-07-21,celio,pantalon cargo homme,https://www.celio.com/fr-fr/store?StoreID=0766,1,0,2
2026-07-22,celio,pantalon cargo homme,https://www.celio.com/fr-be/c/pantalons-pantalons-cargos,4.9,0,17
2026-07-22,celio,pantalon cargo homme,https://www.celio.com/fr-fr/c/pantalons-pantalons-cargos,2.2,18,329
2026-07-22,celio,pantalon cargo homme,https://www.celio.com/fr-fr/store?StoreID=1456,12,0,3
2026-07-22,celio,pantalon cargo homme,https://www.celio.com/fr-fr/store?StoreID=1461,12,0,3
2026-07-23,celio,pantalon cargo homme,https://www.celio.com/fr-be/c/pantalons-pantalons-cargos,5.8,0,13
2026-07-23,celio,pantalon cargo homme,https://www.celio.com/fr-fr/c/pantalons-pantalons-cargos,2.1,14,352
2026-07-23,celio,pantalon cargo homme,https://www.celio.com/fr-fr/store?StoreID=0281,1,0,3
2026-07-24,celio,pantalon cargo homme,https://www.celio.com/fr-be/c/pantalons-pantalons-cargos,6.2,0,20
2026-07-24,celio,pantalon cargo homme,https://www.celio.com/fr-fr/c/pantalons-pantalons-cargos,3.4,11,390
2026-07-25,celio,pantalon cargo homme,https://www.celio.com/fr-be/c/pantalons-pantalons-cargos,5.6,0,10
2026-07-25,celio,pantalon cargo homme,https://www.celio.com/fr-fr/c/pantalons-cargos-cargos-noirs,72,0,4
2026-07-25,celio,pantalon cargo homme,https://www.celio.com/fr-fr/c/pantalons-pantalons-cargos,2.7,22,384
2026-07-26,celio,pantalon cargo homme,https://www.celio.com/fr-be/c/pantalons-pantalons-cargos,6.2,0,18
2026-07-26,celio,pantalon cargo homme,https://www.celio.com/fr-fr/c/pantalons-cargos-cargos-noirs,61,0,7
2026-07-26,celio,pantalon cargo homme,https://www.celio.com/fr-fr/c/pantalons-pantalons-cargos,2.7,12,448
2026-07-26,celio,pantalon cargo homme,https://www.celio.com/fr-fr/store?StoreID=0031,15,0,2
2026-07-26,celio,pantalon cargo homme,https://www.celio.com/fr-fr/store?StoreID=0284,13,0,3
2026-07-26,celio,pantalon cargo homme,https://www.celio.com/fr-fr/store?StoreID=0635,12.5,0,2
2026-07-27,celio,pantalon cargo homme,https://www.celio.com/fr-be/c/pantalons-pantalons-cargos,5.6,0,16
2026-07-27,celio,pantalon cargo homme,https://www.celio.com/fr-fr/c/pantalons-cargos-cargos-noirs,63.2,0,5
2026-07-27,celio,pantalon cargo homme,https://www.celio.com/fr-fr/c/pantalons-pantalons-cargos,2.7,10,401
2026-07-27,celio,pantalon cargo homme,https://www.celio.com/fr-fr/store?StoreID=1496,9,0,2
2026-07-28,celio,pantalon cargo homme,https://www.celio.com/fr-be/c/pantalons-pantalons-cargos,6.5,0,8
2026-07-28,celio,pantalon cargo homme,https://www.celio.com/fr-fr/c/pantalons-cargos-cargos-noirs,56,0,4
2026-07-28,celio,pantalon cargo homme,https://www.celio.com/fr-fr/c/pantalons-pantalons-cargos,2.2,17,390
2026-07-28,celio,pantalon cargo homme,https://www.celio.com/fr-fr/p/pantalon-cargo-straight-coton-stretch---kaki/1183663.html,16,0,2
2026-07-28,celio,pantalon cargo homme,https://www.celio.com/fr-fr/p/pantalon-cargo-straight-coton-stretch---noir/1182977.html,16,0,2
2026-07-29,celio,pantalon cargo homme,https://www.celio.com/fr-be/c/pantalons-pantalons-cargos,5.5,0,26
2026-07-29,celio,pantalon cargo homme,https://www.celio.com/fr-fr/c/pantalons-cargos-cargos-noirs,62.9,0,7
2026-07-29,celio,pantalon cargo homme,https://www.celio.com/fr-fr/c/pantalons-pantalons-cargos,2.1,24,359
2026-07-29,celio,pantalon cargo homme,https://www.celio.com/fr-fr/p/pantalon-cargo-straight-coton-stretch---beige-clair/1170714.html,3,0,2
2026-07-29,celio,pantalon cargo homme,https://www.celio.com/fr-fr/p/pantalon-cargo-straight-coton-stretch---kaki/1183663.html,3,1,2
2026-07-29,celio,pantalon cargo homme,https://www.celio.com/fr-fr/store?StoreID=1440,13,0,3
2026-07-30,celio,pantalon cargo homme,https://www.celio.com/fr-be/c/pantalons-cargos-pantalons-cargos-slim,58.3,0,3
2026-07-30,celio,pantalon cargo homme,https://www.celio.com/fr-be/c/pantalons-pantalons-cargos,4.9,0,13
2026-07-30,celio,pantalon cargo homme,https://www.celio.com/fr-fr/c/pantalons-cargos-cargos-noirs,62.7,0,7
2026-07-30,celio,pantalon cargo homme,https://www.celio.com/fr-fr/c/pantalons-pantalons-cargos,3.0,14,388
2026-07-30,celio,pantalon cargo homme,https://www.celio.com/fr-fr/store?StoreID=0797,9,0,2
2026-07-31,celio,pantalon cargo homme,https://www.celio.com/fr-be/c/pantalons-pantalons-cargos,4.7,1,20
2026-07-31,celio,pantalon cargo homme,https://www.celio.com/fr-fr/c/pantalons-cargos-cargos-noirs,62,0,4
2026-07-31,celio,pantalon cargo homme,https://www.celio.com/fr-fr/c/pantalons-pantalons-cargos,3.3,13,410
2026-07-31,celio,pantalon cargo homme,https://www.celio.com/fr-fr/store?StoreID=0797,12,0,2
2026-08-01,celio,pantalon cargo homme,https://www.celio.com/fr-be/c/pantalons-pantalons-cargos,4.9,0,21
2026-08-01,celio,pantalon cargo homme,https://www.celio.com/fr-fr/c/pantalons-pantalons-cargos,3.2,10,404
2026-08-01,celio,pantalon cargo homme,https://www.celio.com/fr-fr/store?StoreID=0128,10,0,2
2026-08-01,celio,pantalon cargo homme,https://www.celio.com/fr-fr/store?StoreID=0621,8,0,2
2026-08-01,celio,pantalon cargo homme,https://www.celio.com/fr-fr/store?StoreID=1616,7,0,2
2026-08-02,celio,pantalon cargo homme,https://www.celio.com/fr-be/c/pantalons-pantalons-cargos,6.9,0,19
2026-08-02,celio,pantalon cargo homme,https://www.celio.com/fr-fr/c/pantalons-pantalons-cargos,3.5,14,426
2026-08-02,celio,pantalon cargo homme,https://www.celio.com/fr-fr/store?StoreID=0191,11.5,0,2
2026-08-03,celio,pantalon cargo homme,https://www.celio.com/fr-be/c/pantalons-pantalons-cargos,4.1,1,18
2026-08-03,celio,pantalon cargo homme,https://www.celio.com/fr-fr/c/pantalons-pantalons-cargos,3.4,11,398
2026-08-03,celio,pantalon cargo homme,https://www.celio.com/fr-fr/store?StoreID=0292,9,0,2
2026-08-04,celio,pantalon cargo homme,https://www.celio.com/fr-be/c/pantalons-pantalons-cargos,5.2,0,29
2026-08-04,celio,pantalon cargo homme,https://www.celio.com/fr-fr/c/pantalons-pantalons-cargos,3.5,12,396
2026-08-05,celio,pantalon cargo homme,https://www.celio.com/fr-be/c/pantalons-pantalons-cargos,4.7,0,14
2026-08-05,celio,pantalon cargo homme,https://www.celio.com/fr-fr/c/pantalons-pantalons-cargos,3.3,13,463
2026-08-05,celio,pantalon cargo homme,https://www.celio.com/fr-fr/store?StoreID=0635,8.3,0,3
2026-08-05,celio,pantalon cargo homme,https://www.celio.com/fr-fr/store?StoreID=1643,7.5,0,2
2026-08-06,celio,pantalon cargo homme,https://www.celio.com/fr-be/c/pantalons-pantalons-cargos,5.5,0,14
2026-08-06,celio,pantalon cargo homme,https://www.celio.com/fr-fr/c/pantalons-pantalons-cargos,3.5,17,395
2026-08-06,celio,pantalon cargo homme,https://www.celio.com/fr-fr/store?StoreID=0091,11.5,0,2
2026-08-06,celio,pantalon cargo homme,https://www.celio.com/fr-fr/store?StoreID=0123,10,0,4
2026-08-06,celio,pantalon cargo homme,https://www.celio.com/fr-fr/store?StoreID=0217,9.5,0,2
2026-08-07,celio,pantalon cargo homme,https://www.celio.com/fr-be/c/pantalons-pantalons-cargos,4.3,1,18
2026-08-07,celio,pantalon cargo homme,https://www.celio.com/fr-fr/c/pantalons-pantalons-cargos,3.3,14,379
2026-08-08,celio,pantalon cargo homme,https://www.celio.com/fr-be/c/pantalons-pantalons-cargos,4.7,1,16
2026-08-08,celio,pantalon cargo homme,https://www.celio.com/fr-fr/c/pantalons-pantalons-cargos,3.0,10,399
2026-08-08,celio,pantalon cargo homme,https://www.celio.com/fr-fr/store?StoreID=0635,10,0,2
2026-08-09,celio,pantalon cargo homme,https://www.celio.com/fr-be/c/pantalons-pantalons-cargos,5.1,0,19
2026-08-09,celio,pantalon cargo homme,https://www.celio.com/fr-fr/c/pantalons-pantalons-cargos,3.1,17,427
2026-08-10,celio,pantalon cargo homme,https://www.celio.com/fr-be/c/pantalons-pantalons-cargos,4.9,0,21
2026-08-10,celio,pantalon cargo homme,https://www.celio.com/fr-fr/c/pantalons-cargos-cargos-noirs,60.2,0,5
2026-08-10,celio,pantalon cargo homme,https://www.celio.com/fr-fr/c/pantalons-pantalons-cargos,3.4,11,363
2026-08-11,celio,pantalon cargo homme,https://www.celio.com/fr-be/c/pantalons-pantalons-cargos,5.5,0,17
2026-08-11,celio,pantalon cargo homme,https://www.celio.com/fr-fr/c/pantalons-cargos-cargos-noirs,58.3,0,6
2026-08-11,celio,pantalon cargo homme,https://www.celio.com/fr-fr/c/pantalons-pantalons-cargos,3.3,12,355
2026-08-12,celio,pantalon cargo homme,https://www.celio.com/fr-be/c/pantalons-pantalons-cargos,6.2,0,15
2026-08-12,celio,pantalon cargo homme,https://www.celio.com/fr-fr/c/pantalons-cargos-cargos-noirs,56.3,0,6
2026-08-12,celio,pantalon cargo homme,https://www.celio.com/fr-fr/c/pantalons-pantalons-cargos,2.6,9,390
2026-08-12,celio,pantalon cargo homme,https://www.celio.com/fr-fr/store?StoreID=0128,10.5,0,2
2026-08-12,celio,pantalon cargo homme,https://www.celio.com/fr-fr/store?StoreID=0255,4,0,2
2026-08-12,celio,pantalon cargo homme,https://www.celio.com/fr-fr/store?StoreID=1688,1,0,2
2026-08-13,celio,pantalon cargo homme,https://www.celio.com/fr-be/c/pantalons-cargos-pantalons-cargos-slim,49.5,0,2
2026-08-13,celio,pantalon cargo homme,https://www.celio.com/fr-be/c/pantalons-cargos-pantalons-cargos-straight,66.5,0,2
2026-08-13,celio,pantalon cargo homme,https://www.celio.com/fr-be/c/pantalons-pantalons-cargos,7.0,0,21
2026-08-13,celio,pantalon cargo homme,https://www.celio.com/fr-fr/c/pantalons-cargos-cargos-noirs,55.2,0,6
2026-08-13,celio,pantalon cargo homme,https://www.celio.com/fr-fr/c/pantalons-pantalons-cargos,2.9,28,385
2026-08-14,celio,pantalon cargo homme,https://www.celio.com/fr-be/c/pantalons-pantalons-cargos,6.2,1,17
2026-08-14,celio,pantalon cargo homme,https://www.celio.com/fr-fr/c/pantalons-cargos-cargos-noirs,50.6,0,13
2026-08-14,celio,pantalon cargo homme,https://www.celio.com/fr-fr/c/pantalons-pantalons-cargos,2.6,9,416
2026-08-15,celio,pantalon cargo homme,https://www.celio.com/fr-be/c/pantalons-pantalons-cargos,6.5,0,23
2026-08-15,celio,pantalon cargo homme,https://www.celio.com/fr-fr/c/pantalons-cargos-cargos-noirs,50.7,0,3
2026-08-15,celio,pantalon cargo homme,https://www.celio.com/fr-fr/c/pantalons-pantalons-cargos,2.7,17,410
2026-08-16,celio,pantalon cargo homme,https://www.celio.com/fr-be/c/pantalons-pantalons-cargos,5.9,1,25
2026-08-16,celio,pantalon cargo homme,https://www.celio.com/fr-fr/c/pantalons-cargos-cargos-noirs,57.3,0,6
2026-08-16,celio,pantalon cargo homme,https://www.celio.com/fr-fr/c/pantalons-pantalons-cargos,2.1,16,422
2026-08-17,celio,pantalon cargo homme,https://www.celio.com/fr-be/c/pantalons-pantalons-cargos,6,1,27
2026-08-17,celio,pantalon cargo homme,https://www.celio.com/fr-fr/c/pantalons-cargos-cargos-noirs,62.7,0,7
2026-08-17,celio,pantalon cargo homme,https://www.celio.com/fr-fr/c/pantalons-pantalons-cargos,2.1,23,439
2026-08-17,celio,pantalon cargo homme,https://www.celio.com/fr-fr/store?StoreID=0632,2.5,0,2
2026-08-18,celio,pantalon cargo homme,https://www.celio.com/fr-be/c/pantalons-pantalons-cargos,7.7,0,22
2026-08-18,celio,pantalon cargo homme,https://www.celio.com/fr-fr/c/pantalons-cargos-cargos-noirs,53.1,0,11
2026-08-18,celio,pantalon cargo homme,https://www.celio.com/fr-fr/c/pantalons-pantalons-cargos,2.4,22,469
2026-08-19,celio,pantalon cargo homme,https://www.celio.com/fr-be/c/pantalons-pantalons-cargos,9.2,0,38
2026-08-19,celio,pantalon cargo homme,https://www.celio.com/fr-fr/c/pantalons-cargos-cargos-noirs,55.7,0,6
2026-08-19,celio,pantalon cargo homme,https://www.celio.com/fr-fr/c/pantalons-pantalons-cargos,2.5,16,484
2026-08-20,celio,pantalon cargo homme,https://www.celio.com/es-es/c/pantalones-pantalones-cargo,2,0,2
2026-08-20,celio,pantalon cargo homme,https://www.celio.com/fr-be/c/pantalons-pantalons-cargos,7.8,0,71
2026-08-20,celio,pantalon cargo homme,https://www.celio.com/fr-fr/c/pantalons-cargos-cargos-noirs,54.4,0,12
2026-08-20,celio,pantalon cargo homme,https://www.celio.com/fr-fr/c/pantalons-pantalons-cargos,2.3,24,490
2026-08-21,celio,pantalon cargo homme,https://www.celio.com/fr-be/c/pantalons-pantalons-cargos,6.3,1,22
2026-08-21,celio,pantalon cargo homme,https://www.celio.com/fr-fr/c/pantalons-cargos-cargos-noirs,53.7,0,12
2026-08-21,celio,pantalon cargo homme,https://www.celio.com/fr-fr/c/pantalons-pantalons-cargos,2.3,33,547
2026-08-22,celio,pantalon cargo homme,https://www.celio.com/fr-be/c/pantalons-pantalons-cargos,7.1,2,36
2026-08-22,celio,pantalon cargo homme,https://www.celio.com/fr-fr/c/pantalons-cargos-cargos-noirs,50.3,0,3
2026-08-22,celio,pantalon cargo homme,https://www.celio.com/fr-fr/c/pantalons-pantalons-cargos,1.9,27,575
2026-08-23,celio,pantalon cargo homme,https://www.celio.com/fr-be/c/pantalons-pantalons-cargos,7,0,26
2026-08-23,celio,pantalon cargo homme,https://www.celio.com/fr-fr/c/pantalons-cargos-cargos-noirs,52.3,0,11
2026-08-23,celio,pantalon cargo homme,https://www.celio.com/fr-fr/c/pantalons-pantalons-cargos,2.0,35,624
2026-08-23,celio,pantalon cargo homme,https://www.celio.com/fr-fr/store?StoreID=0230,1,0,2
2026-08-23,celio,pantalon cargo homme,https://www.celio.com/fr-fr/store?StoreID=0797,7,0,2
2026-08-24,celio,pantalon cargo homme,https://www.celio.com/fr-be/c/pantalons-pantalons-cargos,5.8,0,23
2026-08-24,celio,pantalon cargo homme,https://www.celio.com/fr-fr/c/pantalons-cargos-cargos-noirs,50.4,0,16
2026-08-24,celio,pantalon cargo homme,https://www.celio.com/fr-fr/c/pantalons-pantalons-cargos,2.0,28,555
2026-08-24,celio,pantalon cargo homme,https://www.celio.com/fr-fr/store?StoreID=0616,1,0,2
2026-08-24,celio,pantalon cargo homme,https://www.celio.com/fr-fr/store?StoreID=1624,1,0,2
2026-08-25,celio,pantalon cargo homme,https://www.celio.com/fr-be/c/pantalons-pantalons-cargos,6.5,1,30
2026-08-25,celio,pantalon cargo homme,https://www.celio.com/fr-fr/c/pantalons-cargos-cargos-noirs,53.2,0,9
2026-08-25,celio,pantalon cargo homme,https://www.celio.com/fr-fr/c/pantalons-pantalons-cargos,2.2,29,554
2026-08-26,celio,pantalon cargo homme,https://www.celio.com/fr-be/c/pantalons-pantalons-cargos,6.1,2,28
2026-08-26,celio,pantalon cargo homme,https://www.celio.com/fr-fr/c/pantalons-cargos-cargos-noirs,50.4,0,18
2026-08-26,celio,pantalon cargo homme,https://www.celio.com/fr-fr/c/pantalons-pantalons-cargos,1.8,33,523
2026-08-27,celio,pantalon cargo homme,https://www.celio.com/fr-be/c/pantalons-cargos-pantalons-cargos-slim,42.5,0,2
2026-08-27,celio,pantalon cargo homme,https://www.celio.com/fr-be/c/pantalons-pantalons-cargos,6.2,2,26
2026-08-27,celio,pantalon cargo homme,https://www.celio.com/fr-fr/c/pantalons-cargos-cargos-noirs,50.6,0,10
2026-08-27,celio,pantalon cargo homme,https://www.celio.com/fr-fr/c/pantalons-pantalons-cargos,3.6,24,531
2026-08-27,celio,pantalon cargo homme,https://www.celio.com/fr-fr/store?StoreID=0230,11.3,0,3
2026-08-28,celio,pantalon cargo homme,https://www.celio.com/fr-be/c/pantalons-pantalons-cargos,4.9,1,35
2026-08-28,celio,pantalon cargo homme,https://www.celio.com/fr-fr/c/pantalons-cargos-cargos-noirs,52,0,14
2026-08-28,celio,pantalon cargo homme,https://www.celio.com/fr-fr/c/pantalons-pantalons-cargos,4.1,25,618
2026-08-28,celio,pantalon cargo homme,https://www.celio.com/fr-fr/store?StoreID=0217,5,0,2
2026-08-28,celio,pantalon cargo homme,https://www.celio.com/fr-fr/store?StoreID=0688,12,0,2
2026-08-29,celio,pantalon cargo homme,https://www.celio.com/fr-be/c/pantalons-cargos-pantalons-cargos-slim,64,0,2
2026-08-29,celio,pantalon cargo homme,https://www.celio.com/fr-be/c/pantalons-pantalons-cargos,6,0,23
2026-08-29,celio,pantalon cargo homme,https://www.celio.com/fr-fr/c/pantalons-cargos-cargos-noirs,51.6,0,12
2026-08-29,celio,pantalon cargo homme,https://www.celio.com/fr-fr/c/pantalons-pantalons-cargos,4.2,18,664
2026-08-29,celio,pantalon cargo homme,https://www.celio.com/fr-fr/store?StoreID=0070,10,0,2
2026-08-29,celio,pantalon cargo homme,https://www.celio.com/fr-fr/store?StoreID=0688,13,0,2
2026-08-30,celio,pantalon cargo homme,https://www.celio.com/fr-be/c/pantalons-pantalons-cargos,5.3,0,27
2026-08-30,celio,pantalon cargo homme,https://www.celio.com/fr-fr/c/pantalons-cargos-cargos-noirs,52.1,0,14
2026-08-30,celio,pantalon cargo homme,https://www.celio.com/fr-fr/c/pantalons-pantalons-cargos,4.6,21,670
2026-08-30,celio,pantalon cargo homme,https://www.celio.com/fr-fr/store?StoreID=0281,13.5,0,2
2026-08-30,celio,pantalon cargo homme,https://www.celio.com/fr-fr/store?StoreID=0766,9,0,2
2026-08-30,celio,pantalon cargo homme,https://www.celio.com/fr-fr/store?StoreID=1683,15,0,2
2026-08-31,celio,pantalon cargo homme,https://www.celio.com/fr-be/c/pantalons-pantalons-cargos,4.5,0,25
2026-08-31,celio,pantalon cargo homme,https://www.celio.com/fr-fr/c/pantalons-cargos-cargos-noirs,53.3,0,9
2026-08-31,celio,pantalon cargo homme,https://www.celio.com/fr-fr/c/pantalons-pantalons-cargos,5.0,14,656
2026-08-31,celio,pantalon cargo homme,https://www.celio.com/fr-fr/store?StoreID=0296,12,0,2
2026-08-31,celio,pantalon cargo homme,https://www.celio.com/fr-fr/store?StoreID=1461,8.7,0,3
2026-09-01,celio,pantalon cargo homme,https://www.celio.com/es-es/c/pantalones-pantalones-cargo,5.5,0,2
2026-09-01,celio,pantalon cargo homme,https://www.celio.com/fr-be/c/pantalons-pantalons-cargos,5.2,1,24
2026-09-01,celio,pantalon cargo homme,https://www.celio.com/fr-fr/c/pantalons-cargos-cargos-noirs,54.6,0,14
2026-09-01,celio,pantalon cargo homme,https://www.celio.com/fr-fr/c/pantalons-pantalons-cargos,4.8,18,560
2026-09-01,celio,pantalon cargo homme,https://www.celio.com/fr-fr/store?StoreID=0230,11.3,0,3
2026-09-01,celio,pantalon cargo homme,https://www.celio.com/fr-fr/store?StoreID=0296,13.5,0,2
2026-09-02,celio,pantalon cargo homme,https://www.celio.com/fr-be/c/pantalons-pantalons-cargos,4.3,3,30
2026-09-02,celio,pantalon cargo homme,https://www.celio.com/fr-fr/c/pantalons-cargos-cargos-noirs,53.9,0,9
2026-09-02,celio,pantalon cargo homme,https://www.celio.com/fr-fr/c/pantalons-pantalons-cargos,4.1,23,603
2026-09-02,celio,pantalon cargo homme,https://www.celio.com/fr-fr/store?StoreID=0066,10,0,2
2026-09-02,celio,pantalon cargo homme,https://www.celio.com/fr-fr/store?StoreID=0615,6.5,0,2
2026-09-02,celio,pantalon cargo homme,https://www.celio.com/fr-fr/store?StoreID=1461,8.5,0,2
2026-09-02,celio,pantalon cargo homme,https://www.celio.com/fr-fr/store?StoreID=1636,10.5,0,2
2026-09-03,celio,pantalon cargo homme,https://www.celio.com/fr-be/c/pantalons-pantalons-cargos,4.8,0,19
2026-09-03,celio,pantalon cargo homme,https://www.celio.com/fr-fr/c/pantalons-cargos-cargos-noirs,55.1,0,8
2026-09-03,celio,pantalon cargo homme,https://www.celio.com/fr-fr/c/pantalons-pantalons-cargos,4.4,14,529
2026-09-03,celio,pantalon cargo homme,https://www.celio.com/fr-fr/store?StoreID=0066,14,0,2
2026-09-03,celio,pantalon cargo homme,https://www.celio.com/fr-fr/store?StoreID=0149,15,0,2
2026-09-03,celio,pantalon cargo homme,https://www.celio.com/fr-fr/store?StoreID=0167,14.5,0,2
2026-09-03,celio,pantalon cargo homme,https://www.celio.com/fr-fr/store?StoreID=0291,17,0,2
2026-09-03,celio,pantalon cargo homme,https://www.celio.com/fr-fr/store?StoreID=0797,15,0,2
2026-09-03,celio,pantalon cargo homme,https://www.celio.com/fr-fr/store?StoreID=1461,16,0,2
2026-09-03,celio,pantalon cargo homme,https://www.celio.com/fr-fr/store?StoreID=1489,3,0,2
2026-09-03,celio,pantalon cargo homme,https://www.celio.com/fr-fr/store?StoreID=1545,12.5,0,2
2026-09-04,celio,pantalon cargo homme,https://www.celio.com/fr-be/c/pantalons-pantalons-cargos,4.2,1,20
2026-09-04,celio,pantalon cargo homme,https://www.celio.com/fr-fr/c/pantalons-cargos-cargos-noirs,50,0,5
2026-09-04,celio,pantalon cargo homme,https://www.celio.com/fr-fr/c/pantalons-pantalons-cargos,4.8,23,554
2026-09-04,celio,pantalon cargo homme,https://www.celio.com/fr-fr/store?StoreID=0091,14,0,2
2026-09-04,celio,pantalon cargo homme,https://www.celio.com/fr-fr/store?StoreID=0230,16.7,0,3
2026-09-04,celio,pantalon cargo homme,https://www.celio.com/fr-fr/store?StoreID=0281,16,0,2
2026-09-04,celio,pantalon cargo homme,https://www.celio.com/fr-fr/store?StoreID=0283,15,0,2
2026-09-04,celio,pantalon cargo homme,https://www.celio.com/fr-fr/store?StoreID=0614,12.7,0,3
2026-09-04,celio,pantalon cargo homme,https://www.celio.com/fr-fr/store?StoreID=0766,7.3,0,3
2026-09-05,celio,pantalon cargo homme,https://www.celio.com/fr-be/c/pantalons-pantalons-cargos,4.5,0,22
2026-09-05,celio,pantalon cargo homme,https://www.celio.com/fr-fr/c/pantalons-pantalons-cargos,4.5,13,618
2026-09-05,celio,pantalon cargo homme,https://www.celio.com/fr-fr/store?StoreID=0091,12.5,0,2
2026-09-05,celio,pantalon cargo homme,https://www.celio.com/fr-fr/store?StoreID=0191,12.2,0,5
2026-09-05,celio,pantalon cargo homme,https://www.celio.com/fr-fr/store?StoreID=0209,15.5,0,2
2026-09-05,celio,pantalon cargo homme,https://www.celio.com/fr-fr/store?StoreID=0230,12.7,0,3
2026-09-05,celio,pantalon cargo homme,https://www.celio.com/fr-fr/store?StoreID=0766,9,0,2
2026-09-06,celio,pantalon cargo homme,https://www.celio.com/fr-be/c/pantalons-pantalons-cargos,5.3,1,23
2026-09-06,celio,pantalon cargo homme,https://www.celio.com/fr-fr/c/pantalons-pantalons-cargos,4.1,25,631
2026-09-06,celio,pantalon cargo homme,https://www.celio.com/fr-fr/store?StoreID=0066,6,0,2
2026-09-06,celio,pantalon cargo homme,https://www.celio.com/fr-fr/store?StoreID=0296,16,0,2
2026-09-06,celio,pantalon cargo homme,https://www.celio.com/fr-fr/store?StoreID=1412,17,0,2
2026-09-07,celio,pantalon cargo homme,https://www.celio.com/fr-be/c/pantalons-pantalons-cargos,5.5,2,21
2026-09-07,celio,pantalon cargo homme,https://www.celio.com/fr-fr/c/pantalons-pantalons-cargos,4.2,26,530
2026-09-07,celio,pantalon cargo homme,https://www.celio.com/fr-fr/store?StoreID=0762,16,0,2
2026-09-07,celio,pantalon cargo homme,https://www.celio.com/fr-fr/store?StoreID=1461,16.5,0,2
2026-09-07,celio,pantalon cargo homme,https://www.celio.com/fr-fr/store?StoreID=1683,15.3,0,3
2026-09-08,celio,pantalon cargo homme,https://www.celio.com/fr-be/c/pantalons-pantalons-cargos,3.8,1,34
2026-09-08,celio,pantalon cargo homme,https://www.celio.com/fr-fr/c/pantalons-pantalons-cargos,5.7,14,541
2026-09-08,celio,pantalon cargo homme,https://www.celio.com/fr-fr/store?StoreID=0230,16.5,0,4
2026-09-09,celio,pantalon cargo homme,https://www.celio.com/fr-be/c/pantalons-pantalons-cargos,4.5,0,21
2026-09-09,celio,pantalon cargo homme,https://www.celio.com/fr-fr/c/pantalons-pantalons-cargos,6.2,13,541
2026-09-09,celio,pantalon cargo homme,https://www.celio.com/fr-fr/store?StoreID=0066,9.5,0,2
2026-09-09,celio,pantalon cargo homme,https://www.celio.com/fr-fr/store?StoreID=0230,15,0,2
2026-09-09,celio,pantalon cargo homme,https://www.celio.com/fr-fr/store?StoreID=0616,1,0,2
2026-09-09,celio,pantalon cargo homme,https://www.celio.com/fr-fr/store?StoreID=1643,1,0,2
2026-09-10,celio,pantalon cargo homme,https://www.celio.com/fr-be/c/pantalons-pantalons-cargos,4.2,0,28
2026-09-10,celio,pantalon cargo homme,https://www.celio.com/fr-fr/c/pantalons-pantalons-cargos,4.8,27,566
2026-09-10,celio,pantalon cargo homme,https://www.celio.com/fr-fr/store?StoreID=0230,13.5,0,2
2026-09-10,celio,pantalon cargo homme,https://www.celio.com/fr-fr/store?StoreID=0766,10.3,0,3
2026-09-10,celio,pantalon cargo homme,https://www.celio.com/fr-fr/store?StoreID=0768,15,0,2
2026-09-10,celio,pantalon cargo homme,https://www.celio.com/fr-fr/store?StoreID=1461,6.5,0,4
2026-09-10,celio,pantalon cargo homme,https://www.celio.com/fr-fr/store?StoreID=1683,6,0,2
2026-09-11,celio,pantalon cargo homme,https://www.celio.com/fr-be/c/pantalons-pantalons-cargos,4.0,1,33
2026-09-11,celio,pantalon cargo homme,https://www.celio.com/fr-fr/c/pantalons-pantalons-cargos,4.9,11,477
2026-09-11,celio,pantalon cargo homme,https://www.celio.com/fr-fr/store?StoreID=0046,7.2,0,5
2026-09-12,celio,pantalon cargo homme,https://www.celio.com/fr-be/c/pantalons-pantalons-cargos,4.5,2,36
2026-09-12,celio,pantalon cargo homme,https://www.celio.com/fr-fr/c/pantalons-pantalons-cargos,4.6,23,619
2026-09-12,celio,pantalon cargo homme,https://www.celio.com/fr-fr/c/vetements-pas-chers-pantalons-cargo-pas-chers,44,0,2
2026-09-12,celio,pantalon cargo homme,https://www.celio.com/fr-fr/store?StoreID=0118,7,0,3
2026-09-12,celio,pantalon cargo homme,https://www.celio.com/fr-fr/store?StoreID=0217,15.5,0,2
2026-09-12,celio,pantalon cargo homme,https://www.celio.com/fr-fr/store?StoreID=0230,15.5,0,2
2026-09-12,celio,pantalon cargo homme,https://www.celio.com/fr-fr/store?StoreID=0283,15,0,4
2026-09-12,celio,pantalon cargo homme,https://www.celio.com/fr-fr/store?StoreID=0284,15,0,2
2026-09-12,celio,pantalon cargo homme,https://www.celio.com/fr-fr/store?StoreID=0762,15,0,2
2026-09-12,celio,pantalon cargo homme,https://www.celio.com/fr-fr/store?StoreID=1683,7.5,1,2
2026-09-13,celio,pantalon cargo homme,https://www.celio.com/fr-be/c/pantalons-pantalons-cargos,4.0,0,22
2026-09-13,celio,pantalon cargo homme,https://www.celio.com/fr-fr/c/pantalons-pantalons-cargos,4.5,22,645
2026-09-13,celio,pantalon cargo homme,https://www.celio.com/fr-fr/store?StoreID=0066,3.7,0,3
2026-09-13,celio,pantalon cargo homme,https://www.celio.com/fr-fr/store?StoreID=0167,10.5,0,2
2026-09-13,celio,pantalon cargo homme,https://www.celio.com/fr-fr/store?StoreID=0230,14,0,2
2026-09-13,celio,pantalon cargo homme,https://www.celio.com/fr-fr/store?StoreID=0766,9.5,0,4
2026-09-13,celio,pantalon cargo homme,https://www.celio.com/fr-fr/store?StoreID=1435,2,0,3
2026-09-13,celio,pantalon cargo homme,https://www.celio.com/fr-fr/store?StoreID=1461,12.5,0,2
2026-09-14,celio,pantalon cargo homme,https://www.celio.com/fr-be/c/pantalons-pantalons-cargos,4.0,1,26
2026-09-14,celio,pantalon cargo homme,https://www.celio.com/fr-fr/c/pantalons-pantalons-cargos,4.4,13,471
2026-09-14,celio,pantalon cargo homme,https://www.celio.com/fr-fr/store?StoreID=0230,13.5,0,2
2026-09-15,celio,pantalon cargo homme,https://www.celio.com/fr-be/c/pantalons-pantalons-cargos,6.3,2,27
2026-09-15,celio,pantalon cargo homme,https://www.celio.com/fr-fr/c/pantalons-pantalons-cargos,4.4,16,458
2026-09-15,celio,pantalon cargo homme,https://www.celio.com/fr-fr/store?StoreID=0635,1.5,0,2
2026-09-15,celio,pantalon cargo homme,https://www.celio.com/fr-fr/store?StoreID=0766,12,0,2
2026-09-16,celio,pantalon cargo homme,https://www.celio.com/fr-be/c/pantalons-pantalons-cargos,5.4,5,83
2026-09-16,celio,pantalon cargo homme,https://www.celio.com/fr-fr/c/pantalons-pantalons-cargos,3.8,17,516
2026-09-16,celio,pantalon cargo homme,https://www.celio.com/fr-fr/store?StoreID=0128,9,0,2
2026-09-16,celio,pantalon cargo homme,https://www.celio.com/fr-fr/store?StoreID=0149,6,0,2
2026-09-16,celio,pantalon cargo homme,https://www.celio.com/fr-fr/store?StoreID=0209,10,0,2
2026-09-16,celio,pantalon cargo homme,https://www.celio.com/fr-fr/store?StoreID=0230,11,0,2
2026-09-16,celio,pantalon cargo homme,https://www.celio.com/fr-fr/store?StoreID=1410,3,0,3
2026-09-17,celio,pantalon cargo homme,https://www.celio.com/fr-be/c/pantalons-pantalons-cargos,6.1,2,83
2026-09-17,celio,pantalon cargo homme,https://www.celio.com/fr-fr/c/pantalons-pantalons-cargos,3.3,15,525
2026-09-17,celio,pantalon cargo homme,https://www.celio.com/fr-fr/store?StoreID=0066,11.7,0,3
2026-09-17,celio,pantalon cargo homme,https://www.celio.com/fr-fr/store?StoreID=0128,10,0,2
2026-09-17,celio,pantalon cargo homme,https://www.celio.com/fr-fr/store?StoreID=0766,4,0,3
2026-09-17,celio,pantalon cargo homme,https://www.celio.com/fr-fr/store?StoreID=1670,6,0,2
2026-09-18,celio,pantalon cargo homme,https://www.celio.com/fr-be/c/pantalons-pantalons-cargos,6.8,2,50
2026-09-18,celio,pantalon cargo homme,https://www.celio.com/fr-be/store?StoreID=0346,4.5,0,2
2026-09-18,celio,pantalon cargo homme,https://www.celio.com/fr-fr/c/pantalons-pantalons-cargos,4.2,20,507
2026-09-18,celio,pantalon cargo homme,https://www.celio.com/fr-fr/store?StoreID=0235,5,0,2
2026-09-18,celio,pantalon cargo homme,https://www.celio.com/fr-fr/store?StoreID=0766,2,0,3
2026-09-19,celio,pantalon cargo homme,https://www.celio.com/fr-be/c/pantalons-pantalons-cargos,8.8,0,25
2026-09-19,celio,pantalon cargo homme,https://www.celio.com/fr-fr/c/pantalons-cargos-pantalons-cargos-slim,59,0,2
2026-09-19,celio,pantalon cargo homme,https://www.celio.com/fr-fr/c/pantalons-pantalons-cargos,4.2,21,596
2026-09-19,celio,pantalon cargo homme,https://www.celio.com/fr-fr/store?StoreID=0209,1,0,2
2026-09-19,celio,pantalon cargo homme,https://www.celio.com/fr-fr/store?StoreID=0263,5,0,2
2026-09-19,celio,pantalon cargo homme,https://www.celio.com/fr-fr/store?StoreID=0641,7,0,2
2026-09-19,celio,pantalon cargo homme,https://www.celio.com/fr-fr/store?StoreID=0766,7,0,3
2026-09-20,celio,pantalon cargo homme,https://www.celio.com/fr-be/c/pantalons-pantalons-cargos,10.2,2,27
2026-09-20,celio,pantalon cargo homme,https://www.celio.com/fr-fr/c/pantalons-pantalons-cargos,4.0,31,692
2026-09-20,celio,pantalon cargo homme,https://www.celio.com/fr-fr/store?StoreID=0235,6,0,2
2026-09-20,celio,pantalon cargo homme,https://www.celio.com/fr-fr/store?StoreID=0296,6,0,3
2026-09-20,celio,pantalon cargo homme,https://www.celio.com/fr-fr/store?StoreID=0766,2.3,0,3
2026-09-20,celio,pantalon cargo homme,https://www.celio.com/fr-fr/store?StoreID=1670,3,0,2
2026-09-21,celio,pantalon cargo homme,https://www.celio.com/fr-be/c/pantalons-pantalons-cargos,10.2,0,16
2026-09-21,celio,pantalon cargo homme,https://www.celio.com/fr-fr/c/pantalons-cargos-pantalons-cargos-slim,58.5,0,6
2026-09-21,celio,pantalon cargo homme,https://www.celio.com/fr-fr/c/pantalons-pantalons-cargos,4.2,18,478
2026-09-21,celio,pantalon cargo homme,https://www.celio.com/fr-fr/store?StoreID=0167,1,0,3
2026-09-21,celio,pantalon cargo homme,https://www.celio.com/fr-fr/store?StoreID=0230,7.5,0,2
2026-09-21,celio,pantalon cargo homme,https://www.celio.com/fr-fr/store?StoreID=1688,9,0,2
2026-09-22,celio,pantalon cargo homme,https://www.celio.com/fr-be/c/pantalons-pantalons-cargos,9.8,0,23
2026-09-22,celio,pantalon cargo homme,https://www.celio.com/fr-fr/c/pantalons-pantalons-cargos,3.9,22,489
2026-09-22,celio,pantalon cargo homme,https://www.celio.com/fr-fr/store?StoreID=0036,8.3,0,3
2026-09-22,celio,pantalon cargo homme,https://www.celio.com/fr-fr/store?StoreID=0080,7,0,3
2026-09-22,celio,pantalon cargo homme,https://www.celio.com/fr-fr/store?StoreID=0123,8.7,0,3
2026-09-22,celio,pantalon cargo homme,https://www.celio.com/fr-fr/store?StoreID=0167,8.7,0,3
2026-09-22,celio,pantalon cargo homme,https://www.celio.com/fr-fr/store?StoreID=0209,9.3,0,3
2026-09-22,celio,pantalon cargo homme,https://www.celio.com/fr-fr/store?StoreID=0230,6.8,0,4
2026-09-22,celio,pantalon cargo homme,https://www.celio.com/fr-fr/store?StoreID=0263,7,0,2
2026-09-22,celio,pantalon cargo homme,https://www.celio.com/fr-fr/store?StoreID=0296,6,0,2
2026-09-22,celio,pantalon cargo homme,https://www.celio.com/fr-fr/store?StoreID=0621,6,0,2
2026-09-22,celio,pantalon cargo homme,https://www.celio.com/fr-fr/store?StoreID=0766,6,0,3
2026-09-22,celio,pantalon cargo homme,https://www.celio.com/fr-fr/store?StoreID=1461,12,0,2
2026-09-22,celio,pantalon cargo homme,https://www.celio.com/fr-fr/store?StoreID=1545,13,0,4
2026-09-23,celio,pantalon cargo homme,https://www.celio.com/fr-be/c/pantalons-pantalons-cargos,10.8,0,19
2026-09-23,celio,pantalon cargo homme,https://www.celio.com/fr-be/store?StoreID=0346,7,0,2
2026-09-23,celio,pantalon cargo homme,https://www.celio.com/fr-fr/c/pantalons-pantalons-cargos,2.3,25,577
2026-09-23,celio,pantalon cargo homme,https://www.celio.com/fr-fr/store?StoreID=0080,7.5,0,2
2026-09-23,celio,pantalon cargo homme,https://www.celio.com/fr-fr/store?StoreID=0118,9.3,0,3
2026-09-23,celio,pantalon cargo homme,https://www.celio.com/fr-fr/store?StoreID=0167,5,0,4
2026-09-23,celio,pantalon cargo homme,https://www.celio.com/fr-fr/store?StoreID=0230,7.5,0,4
2026-09-23,celio,pantalon cargo homme,https://www.celio.com/fr-fr/store?StoreID=0623,3,0,2
2026-09-23,celio,pantalon cargo homme,https://www.celio.com/fr-fr/store?StoreID=0635,8.5,0,2
2026-09-23,celio,pantalon cargo homme,https://www.celio.com/fr-fr/store?StoreID=0642,9.5,0,2
2026-09-23,celio,pantalon cargo homme,https://www.celio.com/fr-fr/store?StoreID=0645,8.4,0,8
2026-09-23,celio,pantalon cargo homme,https://www.celio.com/fr-fr/store?StoreID=0688,8.5,0,2
2026-09-23,celio,pantalon cargo homme,https://www.celio.com/fr-fr/store?StoreID=0762,6,0,5
2026-09-23,celio,pantalon cargo homme,https://www.celio.com/fr-fr/store?StoreID=1461,15,0,2
2026-09-23,celio,pantalon cargo homme,https://www.celio.com/fr-fr/store?StoreID=1545,2,0,2
2026-09-23,celio,pantalon cargo homme,https://www.celio.com/fr-fr/store?StoreID=1616,9,0,2
2026-09-23,celio,pantalon cargo homme,https://www.celio.com/fr-fr/store?StoreID=1621,7,0,2
2026-09-23,celio,pantalon cargo homme,https://www.celio.com/fr-fr/store?StoreID=1636,5,0,2
2026-09-23,celio,pantalon cargo homme,https://www.celio.com/fr-fr/store?StoreID=1683,6,0,2
2026-09-24,celio,pantalon cargo homme,https://www.celio.com/fr-be/c/pantalons-pantalons-cargos,9.8,0,17
2026-09-24,celio,pantalon cargo homme,https://www.celio.com/fr-fr/c/pantalons-cargos-pantalons-cargos-slim,62.5,0,2
2026-09-24,celio,pantalon cargo homme,https://www.celio.com/fr-fr/c/pantalons-pantalons-cargos,2.4,27,559
2026-09-24,celio,pantalon cargo homme,https://www.celio.com/fr-fr/store?StoreID=0066,7,0,2
2026-09-24,celio,pantalon cargo homme,https://www.celio.com/fr-fr/store?StoreID=0118,6.8,0,4
2026-09-24,celio,pantalon cargo homme,https://www.celio.com/fr-fr/store?StoreID=0132,4.5,0,2
2026-09-24,celio,pantalon cargo homme,https://www.celio.com/fr-fr/store?StoreID=0142,5.5,0,2
2026-09-24,celio,pantalon cargo homme,https://www.celio.com/fr-fr/store?StoreID=0167,7,0,2
2026-09-24,celio,pantalon cargo homme,https://www.celio.com/fr-fr/store?StoreID=0230,6,0,2
2026-09-24,celio,pantalon cargo homme,https://www.celio.com/fr-fr/store?StoreID=0281,9.5,0,4
2026-09-24,celio,pantalon cargo homme,https://www.celio.com/fr-fr/store?StoreID=0296,6,0,2
2026-09-24,celio,pantalon cargo homme,https://www.celio.com/fr-fr/store?StoreID=0623,10.3,0,3
2026-09-24,celio,pantalon cargo homme,https://www.celio.com/fr-fr/store?StoreID=0641,9.5,0,2
2026-09-24,celio,pantalon cargo homme,https://www.celio.com/fr-fr/store?StoreID=0766,8.4,0,7
2026-09-24,celio,pantalon cargo homme,https://www.celio.com/fr-fr/store?StoreID=0768,7.5,0,2
2026-09-24,celio,pantalon cargo homme,https://www.celio.com/fr-fr/store?StoreID=1461,7.2,0,5
2026-09-24,celio,pantalon cargo homme,https://www.celio.com/fr-fr/store?StoreID=1621,6.8,0,4
2026-09-24,celio,pantalon cargo homme,https://www.celio.com/fr-fr/store?StoreID=1683,6.5,0,4
2026-09-25,celio,pantalon cargo homme,https://www.celio.com/fr-be/c/pantalons-pantalons-cargos,9.6,0,13
2026-09-25,celio,pantalon cargo homme,https://www.celio.com/fr-fr/c/pantalons-pantalons-cargos,2.5,26,533
2026-09-25,celio,pantalon cargo homme,https://www.celio.com/fr-fr/store?StoreID=0066,10.3,0,3
2026-09-25,celio,pantalon cargo homme,https://www.celio.com/fr-fr/store?StoreID=0070,9.5,0,2
2026-09-25,celio,pantalon cargo homme,https://www.celio.com/fr-fr/store?StoreID=0162,8.8,1,5
2026-09-25,celio,pantalon cargo homme,https://www.celio.com/fr-fr/store?StoreID=0167,8.4,0,7
2026-09-25,celio,pantalon cargo homme,https://www.celio.com/fr-fr/store?StoreID=0209,8.3,0,3
2026-09-25,celio,pantalon cargo homme,https://www.celio.com/fr-fr/store?StoreID=0230,7.1,0,14
2026-09-25,celio,pantalon cargo homme,https://www.celio.com/fr-fr/store?StoreID=0263,6.8,0,4
2026-09-25,celio,pantalon cargo homme,https://www.celio.com/fr-fr/store?StoreID=0272,11.5,0,2
2026-09-25,celio,pantalon cargo homme,https://www.celio.com/fr-fr/store?StoreID=0283,9.5,0,2
2026-09-25,celio,pantalon cargo homme,https://www.celio.com/fr-fr/store?StoreID=0292,5.7,0,3
2026-09-25,celio,pantalon cargo homme,https://www.celio.com/fr-fr/store?StoreID=0614,4.2,0,4
2026-09-25,celio,pantalon cargo homme,https://www.celio.com/fr-fr/store?StoreID=0621,9,0,3
2026-09-25,celio,pantalon cargo homme,https://www.celio.com/fr-fr/store?StoreID=0623,9.2,0,6
2026-09-25,celio,pantalon cargo homme,https://www.celio.com/fr-fr/store?StoreID=0635,7.3,0,3
2026-09-25,celio,pantalon cargo homme,https://www.celio.com/fr-fr/store?StoreID=0698,6.5,0,2
2026-09-25,celio,pantalon cargo homme,https://www.celio.com/fr-fr/store?StoreID=0762,8.5,0,2
2026-09-25,celio,pantalon cargo homme,https://www.celio.com/fr-fr/store?StoreID=0766,10.1,0,8
2026-09-25,celio,pantalon cargo homme,https://www.celio.com/fr-fr/store?StoreID=1461,9.5,0,6
2026-09-25,celio,pantalon cargo homme,https://www.celio.com/fr-fr/store?StoreID=1683,9.5,0,8
2026-09-26,celio,pantalon cargo homme,https://www.celio.com/fr-be/c/pantalons-pantalons-cargos,9.6,0,18
2026-09-26,celio,pantalon cargo homme,https://www.celio.com/fr-be/store?StoreID=0346,8.6,0,7
2026-09-26,celio,pantalon cargo homme,https://www.celio.com/fr-fr/c/pantalons-pantalons-cargos,2.1,54,621
2026-09-26,celio,pantalon cargo homme,https://www.celio.com/fr-fr/store?StoreID=0003,7,0,2
2026-09-26,celio,pantalon cargo homme,https://www.celio.com/fr-fr/store?StoreID=0044,6.5,0,2
2026-09-26,celio,pantalon cargo homme,https://www.celio.com/fr-fr/store?StoreID=0066,6.5,0,4
2026-09-26,celio,pantalon cargo homme,https://www.celio.com/fr-fr/store?StoreID=0070,7.8,0,4
2026-09-26,celio,pantalon cargo homme,https://www.celio.com/fr-fr/store?StoreID=0080,6.3,0,3
2026-09-26,celio,pantalon cargo homme,https://www.celio.com/fr-fr/store?StoreID=0091,9,0,3
2026-09-26,celio,pantalon cargo homme,https://www.celio.com/fr-fr/store?StoreID=0132,6.1,0,9
2026-09-26,celio,pantalon cargo homme,https://www.celio.com/fr-fr/store?StoreID=0156,7.3,0,3
2026-09-26,celio,pantalon cargo homme,https://www.celio.com/fr-fr/store?StoreID=0162,7.7,0,6
2026-09-26,celio,pantalon cargo homme,https://www.celio.com/fr-fr/store?StoreID=0167,6,0,4
2026-09-26,celio,pantalon cargo homme,https://www.celio.com/fr-fr/store?StoreID=0209,6.7,0,3
2026-09-26,celio,pantalon cargo homme,https://www.celio.com/fr-fr/store?StoreID=0230,7,0,3
2026-09-26,celio,pantalon cargo homme,https://www.celio.com/fr-fr/store?StoreID=0235,7,0,2
2026-09-26,celio,pantalon cargo homme,https://www.celio.com/fr-fr/store?StoreID=0281,7.5,0,2
2026-09-26,celio,pantalon cargo homme,https://www.celio.com/fr-fr/store?StoreID=0292,7,0,2
2026-09-26,celio,pantalon cargo homme,https://www.celio.com/fr-fr/store?StoreID=0296,6,0,5
2026-09-26,celio,pantalon cargo homme,https://www.celio.com/fr-fr/store?StoreID=0615,11.5,0,2
2026-09-26,celio,pantalon cargo homme,https://www.celio.com/fr-fr/store?StoreID=0621,7,0,3
2026-09-26,celio,pantalon cargo homme,https://www.celio.com/fr-fr/store?StoreID=0635,6.5,0,2
2026-09-26,celio,pantalon cargo homme,https://www.celio.com/fr-fr/store?StoreID=0642,6.5,0,2
2026-09-26,celio,pantalon cargo homme,https://www.celio.com/fr-fr/store?StoreID=0698,6,0,2
2026-09-26,celio,pantalon cargo homme,https://www.celio.com/fr-fr/store?StoreID=0762,8.8,0,5
2026-09-26,celio,pantalon cargo homme,https://www.celio.com/fr-fr/store?StoreID=0766,9.1,0,8
2026-09-26,celio,pantalon cargo homme,https://www.celio.com/fr-fr/store?StoreID=0768,5.3,0,3
2026-09-26,celio,pantalon cargo homme,https://www.celio.com/fr-fr/store?StoreID=1410,5.8,0,4
2026-09-26,celio,pantalon cargo homme,https://www.celio.com/fr-fr/store?StoreID=1455,8,0,2
2026-09-26,celio,pantalon cargo homme,https://www.celio.com/fr-fr/store?StoreID=1457,8,0,2
2026-09-26,celio,pantalon cargo homme,https://www.celio.com/fr-fr/store?StoreID=1461,8.2,0,5
2026-09-26,celio,pantalon cargo homme,https://www.celio.com/fr-fr/store?StoreID=1683,6.5,0,2
2026-09-27,celio,pantalon cargo homme,https://www.celio.com/fr-be/c/pantalons-pantalons-cargos,5.5,0,28
2026-09-27,celio,pantalon cargo homme,https://www.celio.com/fr-be/store?StoreID=0346,7.3,0,3
2026-09-27,celio,pantalon cargo homme,https://www.celio.com/fr-fr/c/pantalons-pantalons-cargos,2.1,41,651
2026-09-27,celio,pantalon cargo homme,https://www.celio.com/fr-fr/store?StoreID=0003,4.7,0,3
2026-09-27,celio,pantalon cargo homme,https://www.celio.com/fr-fr/store?StoreID=0066,4,0,2
2026-09-27,celio,pantalon cargo homme,https://www.celio.com/fr-fr/store?StoreID=0080,6,0,6
2026-09-27,celio,pantalon cargo homme,https://www.celio.com/fr-fr/store?StoreID=0118,7,0,2
2026-09-27,celio,pantalon cargo homme,https://www.celio.com/fr-fr/store?StoreID=0123,6.7,0,3
2026-09-27,celio,pantalon cargo homme,https://www.celio.com/fr-fr/store?StoreID=0132,5.8,0,4
2026-09-27,celio,pantalon cargo homme,https://www.celio.com/fr-fr/store?StoreID=0156,7,0,3
2026-09-27,celio,pantalon cargo homme,https://www.celio.com/fr-fr/store?StoreID=0162,8.5,0,4
2026-09-27,celio,pantalon cargo homme,https://www.celio.com/fr-fr/store?StoreID=0167,6.3,0,3
2026-09-27,celio,pantalon cargo homme,https://www.celio.com/fr-fr/store?StoreID=0191,5.7,0,3
2026-09-27,celio,pantalon cargo homme,https://www.celio.com/fr-fr/store?StoreID=0230,6.8,0,16
2026-09-27,celio,pantalon cargo homme,https://www.celio.com/fr-fr/store?StoreID=0235,7,0,3
2026-09-27,celio,pantalon cargo homme,https://www.celio.com/fr-fr/store?StoreID=0292,8.5,0,2
2026-09-27,celio,pantalon cargo homme,https://www.celio.com/fr-fr/store?StoreID=0296,7.4,1,5
2026-09-27,celio,pantalon cargo homme,https://www.celio.com/fr-fr/store?StoreID=0614,7.5,0,4
2026-09-27,celio,pantalon cargo homme,https://www.celio.com/fr-fr/store?StoreID=0615,7,0,2
2026-09-27,celio,pantalon cargo homme,https://www.celio.com/fr-fr/store?StoreID=0621,6.3,0,3
2026-09-27,celio,pantalon cargo homme,https://www.celio.com/fr-fr/store?StoreID=0642,12.5,0,2
2026-09-27,celio,pantalon cargo homme,https://www.celio.com/fr-fr/store?StoreID=0698,2,0,2
2026-09-27,celio,pantalon cargo homme,https://www.celio.com/fr-fr/store?StoreID=0762,6,0,10
2026-09-27,celio,pantalon cargo homme,https://www.celio.com/fr-fr/store?StoreID=0766,9,0,7
2026-09-27,celio,pantalon cargo homme,https://www.celio.com/fr-fr/store?StoreID=1402,10,0,2
2026-09-27,celio,pantalon cargo homme,https://www.celio.com/fr-fr/store?StoreID=1410,7,0,2
2026-09-27,celio,pantalon cargo homme,https://www.celio.com/fr-fr/store?StoreID=1412,8,0,4
2026-09-27,celio,pantalon cargo homme,https://www.celio.com/fr-fr/store?StoreID=1461,7,0,3
2026-09-27,celio,pantalon cargo homme,https://www.celio.com/fr-fr/store?StoreID=1683,6.2,0,4
2026-09-27,celio,pantalon cargo homme,https://www.celio.com/fr-fr/store?StoreID=1693,8.7,0,3
2026-09-28,celio,pantalon cargo homme,https://www.celio.com/fr-be/c/pantalons-pantalons-cargos,5.9,0,15
2026-09-28,celio,pantalon cargo homme,https://www.celio.com/fr-fr/c/pantalons-pantalons-cargos,2.4,36,598
2026-09-28,celio,pantalon cargo homme,https://www.celio.com/fr-fr/store?StoreID=0066,10,0,2
2026-09-28,celio,pantalon cargo homme,https://www.celio.com/fr-fr/store?StoreID=0080,7.5,0,6
2026-09-28,celio,pantalon cargo homme,https://www.celio.com/fr-fr/store?StoreID=0092,8.7,0,3
2026-09-28,celio,pantalon cargo homme,https://www.celio.com/fr-fr/store?StoreID=0123,6.5,0,2
2026-09-28,celio,pantalon cargo homme,https://www.celio.com/fr-fr/store?StoreID=0132,6.7,0,3
2026-09-28,celio,pantalon cargo homme,https://www.celio.com/fr-fr/store?StoreID=0142,8.8,0,4
2026-09-28,celio,pantalon cargo homme,https://www.celio.com/fr-fr/store?StoreID=0156,6.5,0,2
2026-09-28,celio,pantalon cargo homme,https://www.celio.com/fr-fr/store?StoreID=0162,12,0,2
2026-09-28,celio,pantalon cargo homme,https://www.celio.com/fr-fr/store?StoreID=0167,6,0,4
2026-09-28,celio,pantalon cargo homme,https://www.celio.com/fr-fr/store?StoreID=0209,9.3,0,3
2026-09-28,celio,pantalon cargo homme,https://www.celio.com/fr-fr/store?StoreID=0230,7,0,10
2026-09-28,celio,pantalon cargo homme,https://www.celio.com/fr-fr/store?StoreID=0283,8.4,0,5
2026-09-28,celio,pantalon cargo homme,https://www.celio.com/fr-fr/store?StoreID=0292,5.5,0,2
2026-09-28,celio,pantalon cargo homme,https://www.celio.com/fr-fr/store?StoreID=0603,8,0,2
2026-09-28,celio,pantalon cargo homme,https://www.celio.com/fr-fr/store?StoreID=0621,7,0,3
2026-09-28,celio,pantalon cargo homme,https://www.celio.com/fr-fr/store?StoreID=0698,6.2,0,5
2026-09-28,celio,pantalon cargo homme,https://www.celio.com/fr-fr/store?StoreID=0766,6.5,0,2
2026-09-28,celio,pantalon cargo homme,https://www.celio.com/fr-fr/store?StoreID=0768,7,0,2
2026-09-28,celio,pantalon cargo homme,https://www.celio.com/fr-fr/store?StoreID=1461,7.7,0,3
2026-09-28,celio,pantalon cargo homme,https://www.celio.com/fr-fr/store?StoreID=1683,7,0,6
2026-09-29,celio,pantalon cargo homme,https://www.celio.com/fr-be/c/pantalons-pantalons-cargos,4.2,0,20
2026-09-29,celio,pantalon cargo homme,https://www.celio.com/fr-be/store?StoreID=3507,9.5,0,2
2026-09-29,celio,pantalon cargo homme,https://www.celio.com/fr-fr/c/pantalons-pantalons-cargos,2.1,38,595
2026-09-29,celio,pantalon cargo homme,https://www.celio.com/fr-fr/store?StoreID=0066,6.5,0,2
2026-09-29,celio,pantalon cargo homme,https://www.celio.com/fr-fr/store?StoreID=0128,5,0,2
2026-09-29,celio,pantalon cargo homme,https://www.celio.com/fr-fr/store?StoreID=0132,6.3,0,3
2026-09-29,celio,pantalon cargo homme,https://www.celio.com/fr-fr/store?StoreID=0142,7,0,2
2026-09-29,celio,pantalon cargo homme,https://www.celio.com/fr-fr/store?StoreID=0230,6,0,4
2026-09-29,celio,pantalon cargo homme,https://www.celio.com/fr-fr/store?StoreID=0272,7.5,0,2
2026-09-29,celio,pantalon cargo homme,https://www.celio.com/fr-fr/store?StoreID=0762,6,1,2
2026-09-29,celio,pantalon cargo homme,https://www.celio.com/fr-fr/store?StoreID=0766,7.2,0,5
2026-09-29,celio,pantalon cargo homme,https://www.celio.com/fr-fr/store?StoreID=1412,7,0,2
2026-09-29,celio,pantalon cargo homme,https://www.celio.com/fr-fr/store?StoreID=1461,8,0,3
2026-09-29,celio,pantalon cargo homme,https://www.celio.com/fr-fr/store?StoreID=1621,7.3,0,3
2026-09-30,celio,pantalon cargo homme,https://www.celio.com/fr-be/c/pantalons-pantalons-cargos,2.9,0,7
2026-09-30,celio,pantalon cargo homme,https://www.celio.com/fr-fr/c/pantalons-pantalons-cargos,2.6,24,536
2026-09-30,celio,pantalon cargo homme,https://www.celio.com/fr-fr/store?StoreID=0028,3.5,0,2
2026-09-30,celio,pantalon cargo homme,https://www.celio.com/fr-fr/store?StoreID=0156,6,0,2
2026-09-30,celio,pantalon cargo homme,https://www.celio.com/fr-fr/store?StoreID=0162,8,0,3
2026-09-30,celio,pantalon cargo homme,https://www.celio.com/fr-fr/store?StoreID=0167,9.3,0,3
2026-09-30,celio,pantalon cargo homme,https://www.celio.com/fr-fr/store?StoreID=0230,6,0,4
2026-09-30,celio,pantalon cargo homme,https://www.celio.com/fr-fr/store?StoreID=0235,5,0,2
2026-09-30,celio,pantalon cargo homme,https://www.celio.com/fr-fr/store?StoreID=0263,6.5,0,2
2026-09-30,celio,pantalon cargo homme,https://www.celio.com/fr-fr/store?StoreID=0283,6,0,2
2026-09-30,celio,pantalon cargo homme,https://www.celio.com/fr-fr/store?StoreID=0296,4.3,0,3
2026-09-30,celio,pantalon cargo homme,https://www.celio.com/fr-fr/store?StoreID=0762,5,0,2
2026-09-30,celio,pantalon cargo homme,https://www.celio.com/fr-fr/store?StoreID=1410,7,0,3
2026-07-03,celio,pantalon chino homme,https://www.celio.com/fr-be/c/pantalons-pantalons-chinos,1.2,12,103
2026-07-03,celio,pantalon chino homme,https://www.celio.com/fr-fr/c/pantalons-pantalons-chinos,1.2,18,320
2026-07-04,celio,pantalon chino homme,https://www.celio.com/fr-be/c/pantalons-pantalons-chinos,1.3,3,22
2026-07-04,celio,pantalon chino homme,https://www.celio.com/fr-fr/c/pantalons-pantalons-chinos,1.1,21,392
2026-07-05,celio,pantalon chino homme,https://www.celio.com/fr-be/c/pantalons-chinos-pantalons-chinos-stretch,66,0,2
2026-07-05,celio,pantalon chino homme,https://www.celio.com/fr-be/c/pantalons-pantalons-chinos,2.0,0,24
2026-07-05,celio,pantalon chino homme,https://www.celio.com/fr-fr/c/pantalons-pantalons-chinos,1.2,17,353
2026-07-05,celio,pantalon chino homme,https://www.celio.com/fr-fr/store?StoreID=0068,21,0,2
2026-07-05,celio,pantalon chino homme,https://www.celio.com/fr-fr/store?StoreID=0167,18.5,0,2
2026-07-05,celio,pantalon chino homme,https://www.celio.com/fr-fr/store?StoreID=0263,21.7,0,3
2026-07-05,celio,pantalon chino homme,https://www.celio.com/fr-fr/store?StoreID=0292,18.7,0,3
2026-07-06,celio,pantalon chino homme,https://www.celio.com/fr-be/c/pantalons-pantalons-chinos,1.4,0,17
2026-07-06,celio,pantalon chino homme,https://www.celio.com/fr-fr/c/pantalons-pantalons-chinos,1.2,13,312
2026-07-06,celio,pantalon chino homme,https://www.celio.com/fr-fr/store?StoreID=0068,18,0,2
2026-07-06,celio,pantalon chino homme,https://www.celio.com/fr-fr/store?StoreID=0167,16.2,0,5
2026-07-06,celio,pantalon chino homme,https://www.celio.com/fr-fr/store?StoreID=0263,21.5,0,2
2026-07-06,celio,pantalon chino homme,https://www.celio.com/fr-fr/store?StoreID=0292,18.3,0,3
2026-07-07,celio,pantalon chino homme,https://www.celio.com/fr-be/c/pantalons-pantalons-chinos,1.8,0,6
2026-07-07,celio,pantalon chino homme,https://www.celio.com/fr-fr/c/pantalons-pantalons-chinos,1.3,20,292
2026-07-07,celio,pantalon chino homme,https://www.celio.com/fr-fr/store?StoreID=0068,21,0,4
2026-07-07,celio,pantalon chino homme,https://www.celio.com/fr-fr/store?StoreID=0167,12.8,0,4
2026-07-07,celio,pantalon chino homme,https://www.celio.com/fr-fr/store?StoreID=0263,18.5,0,6
2026-07-07,celio,pantalon chino homme,https://www.celio.com/fr-fr/store?StoreID=0292,17.3,0,3
2026-07-08,celio,pantalon chino homme,https://www.celio.com/fr-be/c/pantalons-pantalons-chinos,2.1,2,12
2026-07-08,celio,pantalon chino homme,https://www.celio.com/fr-fr/c/pantalons-pantalons-chinos,1.2,18,268
2026-07-08,celio,pantalon chino homme,https://www.celio.com/fr-fr/store?StoreID=0167,12,0,2
2026-07-09,celio,pantalon chino homme,https://www.celio.com/fr-be/c/pantalons-pantalons-chinos,2.7,0,9
2026-07-09,celio,pantalon chino homme,https://www.celio.com/fr-fr/c/pantalons-pantalons-chinos,1.2,14,319
2026-07-10,celio,pantalon chino homme,https://www.celio.com/fr-be/c/pantalons-pantalons-chinos,1.1,1,8
2026-07-10,celio,pantalon chino homme,https://www.celio.com/fr-fr/c/pantalons-pantalons-chinos,1.3,13,267
2026-07-11,celio,pantalon chino homme,https://www.celio.com/fr-be/c/pantalons-pantalons-chinos,1,0,8
2026-07-11,celio,pantalon chino homme,https://www.celio.com/fr-fr/c/pantalons-chinos-pantalon-chino-noir,25.7,0,16
2026-07-11,celio,pantalon chino homme,https://www.celio.com/fr-fr/c/pantalons-pantalons-chinos,1.2,21,311
2026-07-11,celio,pantalon chino homme,https://www.celio.com/fr-fr/store?StoreID=0284,11.7,0,3
2026-07-12,celio,pantalon chino homme,https://www.celio.com/fr-be/c/pantalons-pantalons-chinos,1,1,7
2026-07-12,celio,pantalon chino homme,https://www.celio.com/fr-fr/c/pantalons-chinos-pantalon-chino-noir,24.9,0,25
2026-07-12,celio,pantalon chino homme,https://www.celio.com/fr-fr/c/pantalons-pantalons-chinos,1.1,14,277
2026-07-13,celio,pantalon chino homme,https://www.celio.com/fr-be/c/pantalons-pantalons-chinos,1.2,0,9
2026-07-13,celio,pantalon chino homme,https://www.celio.com/fr-fr/c/pantalons-chinos-pantalon-chino-noir,24.2,0,30
2026-07-13,celio,pantalon chino homme,https://www.celio.com/fr-fr/c/pantalons-pantalons-chinos,1.2,7,279
2026-07-14,celio,pantalon chino homme,https://www.celio.com/en-fr/c/pants-chino-trousers,6,0,2
2026-07-14,celio,pantalon chino homme,https://www.celio.com/fr-be/c/pantalons-pantalons-chinos,1.4,0,5
2026-07-14,celio,pantalon chino homme,https://www.celio.com/fr-fr/c/pantalons-chinos-pantalon-chino-noir,26.5,0,22
2026-07-14,celio,pantalon chino homme,https://www.celio.com/fr-fr/c/pantalons-pantalons-chinos,1.2,8,262
2026-07-15,celio,pantalon chino homme,https://www.celio.com/fr-be/c/pantalons-pantalons-chinos,1.3,1,14
2026-07-15,celio,pantalon chino homme,https://www.celio.com/fr-fr/c/pantalons-chinos-pantalon-chino-noir,25.7,0,28
2026-07-15,celio,pantalon chino homme,https://www.celio.com/fr-fr/c/pantalons-pantalons-chinos,1.6,13,266
2026-07-16,celio,pantalon chino homme,https://www.celio.com/fr-be/c/pantalons-pantalons-chinos,1.7,4,14
2026-07-16,celio,pantalon chino homme,https://www.celio.com/fr-fr/c/pantalons-chinos-pantalon-chino-noir,24.4,0,5
2026-07-16,celio,pantalon chino homme,https://www.celio.com/fr-fr/c/pantalons-pantalons-chinos,1.7,18,252
2026-07-17,celio,pantalon chino homme,https://www.celio.com/fr-be/c/pantalons-pantalons-chinos,1.1,1,20
2026-07-17,celio,pantalon chino homme,https://www.celio.com/fr-fr/c/pantalons-pantalons-chinos,1.6,10,260
2026-07-17,celio,pantalon chino homme,https://www.celio.com/fr-fr/store?StoreID=0167,14,0,2
2026-07-18,celio,pantalon chino homme,https://www.celio.com/fr-be/c/pantalons-pantalons-chinos,1.4,0,14
2026-07-18,celio,pantalon chino homme,https://www.celio.com/fr-fr/c/pantalons-chinos-pantalons-chino-bleus,37,0,2
2026-07-18,celio,pantalon chino homme,https://www.celio.com/fr-fr/c/pantalons-pantalons-chinos,1.2,17,317
2026-07-19,celio,pantalon chino homme,https://www.celio.com/fr-be/c/pantalons-pantalons-chinos,1.2,0,13
2026-07-19,celio,pantalon chino homme,https://www.celio.com/fr-fr/c/pantalons-pantalons-chinos,1.3,8,246
2026-07-20,celio,pantalon chino homme,https://www.celio.com/fr-be/c/pantalons-pantalons-chinos,1.2,0,10
2026-07-20,celio,pantalon chino homme,https://www.celio.com/fr-fr/c/pantalons-pantalons-chinos,1.1,13,264
2026-07-20,celio,pantalon chino homme,https://www.celio.com/fr-fr/store?StoreID=0167,9.5,0,2
2026-07-21,celio,pantalon chino homme,https://www.celio.com/fr-be/c/pantalons-pantalons-chinos,3.7,0,9
2026-07-21,celio,pantalon chino homme,https://www.celio.com/fr-fr/c/pantalons-pantalons-chinos,1.5,14,256
2026-07-22,celio,pantalon chino homme,https://www.celio.com/fr-be/c/pantalons-pantalons-chinos,1.4,0,16
2026-07-22,celio,pantalon chino homme,https://www.celio.com/fr-fr/c/pantalons-pantalons-chinos,1.8,15,274
2026-07-23,celio,pantalon chino homme,https://www.celio.com/fr-be/c/pantalons-pantalons-chinos,3.1,0,16
2026-07-23,celio,pantalon chino homme,https://www.celio.com/fr-fr/c/pantalons-chinos-pantalons-chino-bleus,27,0,2
2026-07-23,celio,pantalon chino homme,https://www.celio.com/fr-fr/c/pantalons-pantalons-chinos,1.9,11,252
2026-07-24,celio,pantalon chino homme,https://www.celio.com/fr-be/c/pantalons-pantalons-chinos,2.1,0,18
2026-07-24,celio,pantalon chino homme,https://www.celio.com/fr-fr/c/pantalons-chinos-pantalon-chino-noir,44.5,0,2
2026-07-24,celio,pantalon chino homme,https://www.celio.com/fr-fr/c/pantalons-pantalons-chinos,1.7,9,223
2026-07-25,celio,pantalon chino homme,https://www.celio.com/fr-be/c/pantalons-pantalons-chinos,2.6,0,24
2026-07-25,celio,pantalon chino homme,https://www.celio.com/fr-fr/c/pantalons-chinos-pantalon-chino-noir,46,0,3
2026-07-25,celio,pantalon chino homme,https://www.celio.com/fr-fr/c/pantalons-pantalons-chinos,1.9,10,303
2026-07-26,celio,pantalon chino homme,https://www.celio.com/fr-be/c/pantalons-pantalons-chinos,2.8,1,12
2026-07-26,celio,pantalon chino homme,https://www.celio.com/fr-fr/c/pantalons-pantalons-chinos,1.9,9,286
2026-07-26,celio,pantalon chino homme,https://www.celio.com/fr-fr/store?StoreID=0768,9,0,3
2026-07-27,celio,pantalon chino homme,https://www.celio.com/fr-be/c/pantalons-pantalons-chinos,1.1,0,20
2026-07-27,celio,pantalon chino homme,https://www.celio.com/fr-fr/c/pantalons-pantalons-chinos,1.5,9,248
2026-07-27,celio,pantalon chino homme,https://www.celio.com/fr-fr/store?StoreID=0167,12.5,0,2
2026-07-28,celio,pantalon chino homme,https://www.celio.com/fr-be/c/pantalons-pantalons-chinos,3.9,0,19
2026-07-28,celio,pantalon chino homme,https://www.celio.com/fr-fr/c/pantalons-chinos-pantalons-chino-gris,52.5,0,2
2026-07-28,celio,pantalon chino homme,https://www.celio.com/fr-fr/c/pantalons-pantalons-chinos,1.5,10,289
2026-07-29,celio,pantalon chino homme,https://www.celio.com/fr-be/c/pantalons-pantalons-chinos,4.8,0,29
2026-07-29,celio,pantalon chino homme,https://www.celio.com/fr-fr/c/pantalons-chinos-pantalon-chino-noir,37.1,1,15
2026-07-29,celio,pantalon chino homme,https://www.celio.com/fr-fr/c/pantalons-chinos-pantalons-chino-gris,68.8,0,4
2026-07-29,celio,pantalon chino homme,https://www.celio.com/fr-fr/c/pantalons-chinos-pantalons-chinos-beiges,53.5,0,8
2026-07-29,celio,pantalon chino homme,https://www.celio.com/fr-fr/c/pantalons-pantalons-chinos,1.3,14,255
2026-07-30,celio,pantalon chino homme,https://www.celio.com/fr-be/c/pantalons-pantalons-chinos,3.8,0,17
2026-07-30,celio,pantalon chino homme,https://www.celio.com/fr-fr/c/pantalons-chinos-pantalon-chino-noir,37.9,0,21
2026-07-30,celio,pantalon chino homme,https://www.celio.com/fr-fr/c/pantalons-chinos-pantalons-chino-gris,70.4,0,5
2026-07-30,celio,pantalon chino homme,https://www.celio.com/fr-fr/c/pantalons-chinos-pantalons-chinos-beiges,50,0,6
2026-07-30,celio,pantalon chino homme,https://www.celio.com/fr-fr/c/pantalons-pantalons-chinos,1.6,3,221
2026-07-30,celio,pantalon chino homme,https://www.celio.com/fr-fr/store?StoreID=0167,8,0,2
2026-07-31,celio,pantalon chino homme,https://www.celio.com/fr-be/c/pantalons-pantalons-chinos,1,1,16
2026-07-31,celio,pantalon chino homme,https://www.celio.com/fr-fr/c/pantalons-chinos-pantalon-chino-noir,32.3,0,3
2026-07-31,celio,pantalon chino homme,https://www.celio.com/fr-fr/c/pantalons-chinos-pantalons-chino-bleus,26.5,0,2
2026-07-31,celio,pantalon chino homme,https://www.celio.com/fr-fr/c/pantalons-chinos-pantalons-chino-gris,58.5,0,2
2026-07-31,celio,pantalon chino homme,https://www.celio.com/fr-fr/c/pantalons-pantalons-chinos,1.9,8,262
2026-07-31,celio,pantalon chino homme,https://www.celio.com/fr-fr/store?StoreID=0167,11.5,0,2
2026-08-01,celio,pantalon chino homme,https://www.celio.com/fr-be/c/pantalons-pantalons-chinos,4.7,0,6
2026-08-01,celio,pantalon chino homme,https://www.celio.com/fr-fr/c/pantalons-pantalons-chinos,1.5,4,296
2026-08-01,celio,pantalon chino homme,https://www.celio.com/fr-fr/store?StoreID=0263,12.5,0,2
2026-08-02,celio,pantalon chino homme,https://www.celio.com/fr-be/c/pantalons-pantalons-chinos,12.5,0,8
2026-08-02,celio,pantalon chino homme,https://www.celio.com/fr-fr/c/pantalons-pantalons-chinos,2.0,11,260
2026-08-03,celio,pantalon chino homme,https://www.celio.com/fr-be/c/pantalons-pantalons-chinos,4.5,1,23
2026-08-03,celio,pantalon chino homme,https://www.celio.com/fr-fr/c/pantalons-pantalons-chinos,1.9,13,258
2026-08-03,celio,pantalon chino homme,https://www.celio.com/fr-fr/store?StoreID=0284,12,0,2
2026-08-04,celio,pantalon chino homme,https://www.celio.com/fr-be/c/pantalons-pantalons-chinos,3.8,0,30
2026-08-04,celio,pantalon chino homme,https://www.celio.com/fr-fr/c/pantalons-pantalons-chinos,1.8,14,263
2026-08-05,celio,pantalon chino homme,https://www.celio.com/fr-be/c/pantalons-pantalons-chinos,2.4,1,34
2026-08-05,celio,pantalon chino homme,https://www.celio.com/fr-fr/c/pantalons-chinos-pantalons-chino-bleus,30,0,2
2026-08-05,celio,pantalon chino homme,https://www.celio.com/fr-fr/c/pantalons-pantalons-chinos,1.8,5,262
2026-08-05,celio,pantalon chino homme,https://www.celio.com/fr-fr/store?StoreID=0167,11.2,0,4
2026-08-06,celio,pantalon chino homme,https://www.celio.com/fr-be/c/pantalons-pantalons-chinos,3.3,1,35
2026-08-06,celio,pantalon chino homme,https://www.celio.com/fr-fr/c/pantalons-pantalons-chinos,1.3,10,235
2026-08-07,celio,pantalon chino homme,https://www.celio.com/fr-be/c/pantalons-pantalons-chinos,3.8,2,28
2026-08-07,celio,pantalon chino homme,https://www.celio.com/fr-fr/c/pantalons-pantalons-chinos,1.3,12,275
2026-08-07,celio,pantalon chino homme,https://www.celio.com/fr-fr/store?StoreID=0167,14.5,0,2
2026-08-07,celio,pantalon chino homme,https://www.celio.com/fr-fr/store?StoreID=0230,10.3,0,3
2026-08-08,celio,pantalon chino homme,https://www.celio.com/fr-be/c/pantalons-pantalons-chinos,2.9,0,24
2026-08-08,celio,pantalon chino homme,https://www.celio.com/fr-fr/c/pantalons-chinos-pantalons-chino-bleus,28.5,0,2
2026-08-08,celio,pantalon chino homme,https://www.celio.com/fr-fr/c/pantalons-pantalons-chinos,1.7,15,251
2026-08-08,celio,pantalon chino homme,https://www.celio.com/fr-fr/store?StoreID=0167,8.3,0,3
2026-08-09,celio,pantalon chino homme,https://www.celio.com/fr-be/c/pantalons-pantalons-chinos,2.9,0,33
2026-08-09,celio,pantalon chino homme,https://www.celio.com/fr-fr/c/pantalons-chinos-pantalons-chino-bleus,44,0,2
2026-08-09,celio,pantalon chino homme,https://www.celio.com/fr-fr/c/pantalons-pantalons-chinos,2.0,16,269
2026-08-09,celio,pantalon chino homme,https://www.celio.com/fr-fr/store?StoreID=0068,22,0,2
2026-08-09,celio,pantalon chino homme,https://www.celio.com/fr-fr/store?StoreID=0167,14,0,2
2026-08-09,celio,pantalon chino homme,https://www.celio.com/fr-fr/store?StoreID=0263,22,0,2
2026-08-09,celio,pantalon chino homme,https://www.celio.com/fr-fr/store?StoreID=0292,13.7,0,3
2026-08-10,celio,pantalon chino homme,https://www.celio.com/fr-be/c/pantalons-pantalons-chinos,2.9,1,28
2026-08-10,celio,pantalon chino homme,https://www.celio.com/fr-fr/c/pantalons-chinos-pantalons-chino-bleus,39.5,0,2
2026-08-10,celio,pantalon chino homme,https://www.celio.com/fr-fr/c/pantalons-pantalons-chinos,1.7,12,254
2026-08-11,celio,pantalon chino homme,https://www.celio.com/fr-be/c/pantalons-pantalons-chinos,2.9,1,25
2026-08-11,celio,pantalon chino homme,https://www.celio.com/fr-fr/c/pantalons-chinos-pantalon-chino-noir,31,0,2
2026-08-11,celio,pantalon chino homme,https://www.celio.com/fr-fr/c/pantalons-pantalons-chinos,1.7,9,215
2026-08-12,celio,pantalon chino homme,https://www.celio.com/fr-be/c/pantalons-pantalons-chinos,3,0,20
2026-08-12,celio,pantalon chino homme,https://www.celio.com/fr-fr/c/pantalons-chinos-pantalons-chino-bleus,26,0,2
2026-08-12,celio,pantalon chino homme,https://www.celio.com/fr-fr/c/pantalons-pantalons-chinos,1.7,13,231
2026-08-13,celio,pantalon chino homme,https://www.celio.com/fr-be/c/pantalons-pantalons-chinos,1.8,1,12
2026-08-13,celio,pantalon chino homme,https://www.celio.com/fr-fr/c/pantalons-pantalons-chinos,1.6,13,255
2026-08-14,celio,pantalon chino homme,https://www.celio.com/fr-be/c/pantalons-pantalons-chinos,1.9,1,17
2026-08-14,celio,pantalon chino homme,https://www.celio.com/fr-fr/c/pantalons-pantalons-chinos,1.2,18,241
2026-08-15,celio,pantalon chino homme,https://www.celio.com/fr-be/c/pantalons-pantalons-chinos,2.1,0,10
2026-08-15,celio,pantalon chino homme,https://www.celio.com/fr-fr/c/pantalons-pantalons-chinos,1.5,12,248
2026-08-16,celio,pantalon chino homme,https://www.celio.com/fr-be/c/pantalons-pantalons-chinos,2.3,0,9
2026-08-16,celio,pantalon chino homme,https://www.celio.com/fr-fr/c/pantalons-pantalons-chinos,1.6,8,272
2026-08-17,celio,pantalon chino homme,https://www.celio.com/fr-be/c/pantalons-pantalons-chinos,1.8,1,9
2026-08-17,celio,pantalon chino homme,https://www.celio.com/fr-fr/c/pantalons-pantalons-chinos,2.0,12,244
2026-08-18,celio,pantalon chino homme,https://www.celio.com/fr-be/c/pantalons-pantalons-chinos,1.9,1,7
2026-08-18,celio,pantalon chino homme,https://www.celio.com/fr-fr/c/pantalons-pantalons-chinos,2.0,17,290
2026-08-19,celio,pantalon chino homme,https://www.celio.com/fr-be/c/pantalons-pantalons-chinos,3.5,0,10
2026-08-19,celio,pantalon chino homme,https://www.celio.com/fr-fr/c/pantalons-pantalons-chinos,2.6,14,294
2026-08-20,celio,pantalon chino homme,https://www.celio.com/fr-be/c/pantalons-pantalons-chinos,2.7,1,11
2026-08-20,celio,pantalon chino homme,https://www.celio.com/fr-fr/c/pantalons-pantalons-chinos,2.3,12,295
2026-08-21,celio,pantalon chino homme,https://www.celio.com/fr-be/c/pantalons-pantalons-chinos,3.3,0,14
2026-08-21,celio,pantalon chino homme,https://www.celio.com/fr-fr/c/pantalons-pantalons-chinos,2.3,4,297
2026-08-22,celio,pantalon chino homme,https://www.celio.com/fr-be/c/pantalons-pantalons-chinos,2.3,0,9
2026-08-22,celio,pantalon chino homme,https://www.celio.com/fr-fr/c/pantalons-pantalons-chinos,1.9,14,335
2026-08-23,celio,pantalon chino homme,https://www.celio.com/fr-be/c/pantalons-pantalons-chinos,2.2,1,12
2026-08-23,celio,pantalon chino homme,https://www.celio.com/fr-fr/c/pantalons-pantalons-chinos,2.1,15,282
2026-08-24,celio,pantalon chino homme,https://www.celio.com/fr-be/c/pantalons-pantalons-chinos,1.9,0,8
2026-08-24,celio,pantalon chino homme,https://www.celio.com/fr-fr/c/pantalons-pantalons-chinos,2.5,11,300
2026-08-25,celio,pantalon chino homme,https://www.celio.com/fr-be/c/pantalons-pantalons-chinos,2.1,0,10
2026-08-25,celio,pantalon chino homme,https://www.celio.com/fr-fr/c/pantalons-pantalons-chinos,2.5,14,299
2026-08-26,celio,pantalon chino homme,https://www.celio.com/fr-be/c/pantalons-pantalons-chinos,1.9,0,8
2026-08-26,celio,pantalon chino homme,https://www.celio.com/fr-fr/c/pantalons-pantalons-chinos,2.1,11,318
2026-08-27,celio,pantalon chino homme,https://www.celio.com/fr-be/c/pantalons-pantalons-chinos,2.3,0,12
2026-08-27,celio,pantalon chino homme,https://www.celio.com/fr-fr/c/pantalons-pantalons-chinos,1.4,15,306
2026-08-28,celio,pantalon chino homme,https://www.celio.com/fr-be/c/pantalons-pantalons-chinos,1.5,0,14
2026-08-28,celio,pantalon chino homme,https://www.celio.com/fr-fr/c/pantalons-pantalons-chinos,1.5,19,359
2026-08-29,celio,pantalon chino homme,https://www.celio.com/fr-be/c/pantalons-pantalons-chinos,2.2,1,14
2026-08-29,celio,pantalon chino homme,https://www.celio.com/fr-fr/c/pantalons-pantalons-chinos,1.1,14,369
2026-08-30,celio,pantalon chino homme,https://www.celio.com/fr-be/c/pantalons-pantalons-chinos,1.9,1,13
2026-08-30,celio,pantalon chino homme,https://www.celio.com/fr-fr/c/pantalons-pantalons-chinos,1.3,15,341
2026-08-30,celio,pantalon chino homme,https://www.celio.com/fr-fr/store?StoreID=0080,12,0,2
2026-08-31,celio,pantalon chino homme,https://www.celio.com/fr-be/c/pantalons-pantalons-chinos,15.8,0,9
2026-08-31,celio,pantalon chino homme,https://www.celio.com/fr-fr/c/pantalons-pantalons-chinos,2.4,20,299
2026-09-01,celio,pantalon chino homme,https://www.celio.com/fr-be/c/pantalons-pantalons-chinos,2.2,2,12
2026-09-01,celio,pantalon chino homme,https://www.celio.com/fr-fr/c/pantalons-pantalons-chinos,1.5,8,275
2026-09-01,celio,pantalon chino homme,https://www.celio.com/fr-fr/store?StoreID=0167,13.5,0,2
2026-09-02,celio,pantalon chino homme,https://www.celio.com/fr-be/c/pantalons-pantalons-chinos,2.1,1,14
2026-09-02,celio,pantalon chino homme,https://www.celio.com/fr-fr/c/pantalons-pantalons-chinos,1.4,11,313
2026-09-02,celio,pantalon chino homme,https://www.celio.com/fr-fr/store?StoreID=0296,7,0,2
2026-09-03,celio,pantalon chino homme,https://www.celio.com/fr-be/c/pantalons-pantalons-chinos,2.3,0,10
2026-09-03,celio,pantalon chino homme,https://www.celio.com/fr-fr/c/pantalons-pantalons-chinos,1.2,4,315
2026-09-03,celio,pantalon chino homme,https://www.celio.com/fr-fr/store?StoreID=0167,2.3,0,3
2026-09-03,celio,pantalon chino homme,https://www.celio.com/fr-fr/store?StoreID=0284,6.5,0,2
2026-09-03,celio,pantalon chino homme,https://www.celio.com/fr-fr/store?StoreID=0292,1,0,2
2026-09-04,celio,pantalon chino homme,https://www.celio.com/fr-be/c/pantalons-pantalons-chinos,3.3,1,22
2026-09-04,celio,pantalon chino homme,https://www.celio.com/fr-fr/c/pantalons-pantalons-chinos,1.7,16,326
2026-09-04,celio,pantalon chino homme,https://www.celio.com/fr-fr/store?StoreID=0284,12,0,2
2026-09-05,celio,pantalon chino homme,https://www.celio.com/fr-be/c/pantalons-pantalons-chinos,1.6,0,12
2026-09-05,celio,pantalon chino homme,https://www.celio.com/fr-fr/c/pantalons-pantalons-chinos,1.3,15,335
2026-09-05,celio,pantalon chino homme,https://www.celio.com/fr-fr/store?StoreID=0167,10,0,3
2026-09-05,celio,pantalon chino homme,https://www.celio.com/fr-fr/store?StoreID=0292,15,0,2
2026-09-06,celio,pantalon chino homme,https://www.celio.com/fr-be/c/pantalons-pantalons-chinos,1.3,0,7
2026-09-06,celio,pantalon chino homme,https://www.celio.com/fr-fr/c/pantalons-pantalons-chinos,1.4,19,362
2026-09-06,celio,pantalon chino homme,https://www.celio.com/fr-fr/store?StoreID=0080,12.5,0,2
2026-09-06,celio,pantalon chino homme,https://www.celio.com/fr-fr/store?StoreID=0167,14,0,2
2026-09-06,celio,pantalon chino homme,https://www.celio.com/fr-fr/store?StoreID=0209,14,0,2
2026-09-07,celio,pantalon chino homme,https://www.celio.com/fr-be/c/pantalons-pantalons-chinos,1.8,0,9
2026-09-07,celio,pantalon chino homme,https://www.celio.com/fr-fr/c/pantalons-pantalons-chinos,1.2,11,421
2026-09-07,celio,pantalon chino homme,https://www.celio.com/fr-fr/store?StoreID=0167,13,0,2
2026-09-07,celio,pantalon chino homme,https://www.celio.com/fr-fr/store?StoreID=0292,11,0,2
2026-09-08,celio,pantalon chino homme,https://www.celio.com/fr-be/c/pantalons-pantalons-chinos,1.4,1,9
2026-09-08,celio,pantalon chino homme,https://www.celio.com/fr-fr/c/pantalons-pantalons-chinos,1.5,8,316
2026-09-09,celio,pantalon chino homme,https://www.celio.com/fr-be/c/pantalons-pantalons-chinos,1.5,0,8
2026-09-09,celio,pantalon chino homme,https://www.celio.com/fr-fr/c/pantalons-pantalons-chinos,1.6,22,385
2026-09-10,celio,pantalon chino homme,https://www.celio.com/fr-be/c/pantalons-pantalons-chinos,1.6,2,17
2026-09-10,celio,pantalon chino homme,https://www.celio.com/fr-fr/c/pantalons-chinos-pantalon-chino-noir,38,0,2
2026-09-10,celio,pantalon chino homme,https://www.celio.com/fr-fr/c/pantalons-pantalons-chinos,1.6,13,328
2026-09-11,celio,pantalon chino homme,https://www.celio.com/fr-be/c/pantalons-pantalons-chinos,2.1,1,20
2026-09-11,celio,pantalon chino homme,https://www.celio.com/fr-fr/c/pantalons-pantalons-chinos,1.5,15,357
2026-09-12,celio,pantalon chino homme,https://www.celio.com/fr-be/c/pantalons-pantalons-chinos,2.5,0,11
2026-09-12,celio,pantalon chino homme,https://www.celio.com/fr-fr/c/pantalons-pantalons-chinos,1.6,16,359
2026-09-13,celio,pantalon chino homme,https://www.celio.com/fr-be/c/pantalons-pantalons-chinos,3.2,1,11
2026-09-13,celio,pantalon chino homme,https://www.celio.com/fr-fr/c/pantalons-pantalons-chinos,1.7,19,327
2026-09-14,celio,pantalon chino homme,https://www.celio.com/fr-be/c/pantalons-pantalons-chinos,2.7,0,15
2026-09-14,celio,pantalon chino homme,https://www.celio.com/fr-fr/c/pantalons-pantalons-chinos,1.2,14,308
2026-09-15,celio,pantalon chino homme,https://www.celio.com/fr-be/c/pantalons-pantalons-chinos,3.7,0,20
2026-09-15,celio,pantalon chino homme,https://www.celio.com/fr-fr/c/pantalons-pantalons-chinos,1.1,13,288
2026-09-15,celio,pantalon chino homme,https://www.celio.com/fr-fr/store?StoreID=0167,6,0,4
2026-09-16,celio,pantalon chino homme,https://www.celio.com/fr-be/c/pantalons-pantalons-chinos,4.5,0,15
2026-09-16,celio,pantalon chino homme,https://www.celio.com/fr-fr/c/pantalons-pantalons-chinos,2.1,11,318
2026-09-16,celio,pantalon chino homme,https://www.celio.com/fr-fr/store?StoreID=0044,5.6,0,5
2026-09-16,celio,pantalon chino homme,https://www.celio.com/fr-fr/store?StoreID=0080,6.3,0,3
2026-09-16,celio,pantalon chino homme,https://www.celio.com/fr-fr/store?StoreID=0230,4.8,0,4
2026-09-16,celio,pantalon chino homme,https://www.celio.com/fr-fr/store?StoreID=0296,7,0,2
2026-09-16,celio,pantalon chino homme,https://www.celio.com/fr-fr/store?StoreID=0768,5.7,0,3
2026-09-17,celio,pantalon chino homme,https://www.celio.com/fr-be/c/pantalons-pantalons-chinos,4.2,0,12
2026-09-17,celio,pantalon chino homme,https://www.celio.com/fr-fr/c/pantalons-pantalons-chinos,1.6,12,270
2026-09-17,celio,pantalon chino homme,https://www.celio.com/fr-fr/store?StoreID=0218,5,0,2
2026-09-17,celio,pantalon chino homme,https://www.celio.com/fr-fr/store?StoreID=0230,4,0,2
2026-09-18,celio,pantalon chino homme,https://www.celio.com/fr-be/c/pantalons-pantalons-chinos,3.7,0,13
2026-09-18,celio,pantalon chino homme,https://www.celio.com/fr-fr/c/pantalons-chinos-pantalon-chino-straight,12,0,3
2026-09-18,celio,pantalon chino homme,https://www.celio.com/fr-fr/c/pantalons-pantalons-chinos,1.7,14,296
2026-09-19,celio,pantalon chino homme,https://www.celio.com/fr-be/c/pantalons-pantalons-chinos,4.2,0,12
2026-09-19,celio,pantalon chino homme,https://www.celio.com/fr-fr/c/pantalons-pantalons-chinos,1.6,24,341
2026-09-20,celio,pantalon chino homme,https://www.celio.com/fr-be/c/pantalons-pantalons-chinos,4.3,0,10
2026-09-20,celio,pantalon chino homme,https://www.celio.com/fr-fr/c/pantalons-pantalons-chinos,1.7,14,369
2026-09-21,celio,pantalon chino homme,https://www.celio.com/fr-be/c/pantalons-pantalons-chinos,3.6,1,11
2026-09-21,celio,pantalon chino homme,https://www.celio.com/fr-fr/c/pantalons-pantalons-chinos,1.5,13,284
2026-09-22,celio,pantalon chino homme,https://www.celio.com/fr-be/c/pantalons-pantalons-chinos,6.2,0,10
2026-09-22,celio,pantalon chino homme,https://www.celio.com/fr-fr/c/pantalons-pantalons-chinos,1.5,14,286
2026-09-22,celio,pantalon chino homme,https://www.celio.com/fr-fr/store?StoreID=0167,7.7,0,3
2026-09-22,celio,pantalon chino homme,https://www.celio.com/fr-fr/store?StoreID=0284,7.5,0,2
2026-09-22,celio,pantalon chino homme,https://www.celio.com/fr-fr/store?StoreID=0292,5.5,0,2
2026-09-23,celio,pantalon chino homme,https://www.celio.com/fr-be/c/pantalons-pantalons-chinos,3.4,0,10
2026-09-23,celio,pantalon chino homme,https://www.celio.com/fr-fr/c/pantalons-pantalons-chinos,1.5,16,301
2026-09-23,celio,pantalon chino homme,https://www.celio.com/fr-fr/store?StoreID=0167,6.4,0,5
2026-09-23,celio,pantalon chino homme,https://www.celio.com/fr-fr/store?StoreID=0209,8.2,0,4
2026-09-23,celio,pantalon chino homme,https://www.celio.com/fr-fr/store?StoreID=0292,3.5,0,2
2026-09-24,celio,pantalon chino homme,https://www.celio.com/fr-be/c/pantalons-pantalons-chinos,2.2,1,12
2026-09-24,celio,pantalon chino homme,https://www.celio.com/fr-fr/c/pantalons-pantalons-chinos,1.4,14,287
2026-09-24,celio,pantalon chino homme,https://www.celio.com/fr-fr/store?StoreID=0080,6.7,0,6
2026-09-24,celio,pantalon chino homme,https://www.celio.com/fr-fr/store?StoreID=0167,6,0,2
2026-09-24,celio,pantalon chino homme,https://www.celio.com/fr-fr/store?StoreID=0209,6.7,0,3
2026-09-24,celio,pantalon chino homme,https://www.celio.com/fr-fr/store?StoreID=0284,5.5,0,2
2026-09-24,celio,pantalon chino homme,https://www.celio.com/fr-fr/store?StoreID=0292,5.8,0,4
2026-09-24,celio,pantalon chino homme,https://www.celio.com/fr-fr/store?StoreID=0614,7,0,2
2026-09-25,celio,pantalon chino homme,https://www.celio.com/fr-be/c/pantalons-pantalons-chinos,3.8,0,6
2026-09-25,celio,pantalon chino homme,https://www.celio.com/fr-fr/c/pantalons-pantalons-chinos,1.3,19,293
2026-09-25,celio,pantalon chino homme,https://www.celio.com/fr-fr/store?StoreID=0080,7,0,6
2026-09-25,celio,pantalon chino homme,https://www.celio.com/fr-fr/store?StoreID=0167,7.2,0,6
2026-09-25,celio,pantalon chino homme,https://www.celio.com/fr-fr/store?StoreID=0230,6.3,0,3
2026-09-25,celio,pantalon chino homme,https://www.celio.com/fr-fr/store?StoreID=0267,6,0,2
2026-09-25,celio,pantalon chino homme,https://www.celio.com/fr-fr/store?StoreID=0284,7.3,0,3
2026-09-25,celio,pantalon chino homme,https://www.celio.com/fr-fr/store?StoreID=0292,9.7,0,3
2026-09-25,celio,pantalon chino homme,https://www.celio.com/fr-fr/store?StoreID=0296,4.5,0,2
2026-09-25,celio,pantalon chino homme,https://www.celio.com/fr-fr/store?StoreID=0298,5.5,0,2
2026-09-26,celio,pantalon chino homme,https://www.celio.com/fr-be/c/pantalons-pantalons-chinos,5.8,0,6
2026-09-26,celio,pantalon chino homme,https://www.celio.com/fr-fr/c/pantalons-pantalons-chinos,1.3,23,341
2026-09-26,celio,pantalon chino homme,https://www.celio.com/fr-fr/store?StoreID=0044,7.5,0,2
2026-09-26,celio,pantalon chino homme,https://www.celio.com/fr-fr/store?StoreID=0070,7.7,0,3
2026-09-26,celio,pantalon chino homme,https://www.celio.com/fr-fr/store?StoreID=0080,5.7,0,3
2026-09-26,celio,pantalon chino homme,https://www.celio.com/fr-fr/store?StoreID=0128,6.5,0,2
2026-09-26,celio,pantalon chino homme,https://www.celio.com/fr-fr/store?StoreID=0167,8.2,0,6
2026-09-26,celio,pantalon chino homme,https://www.celio.com/fr-fr/store?StoreID=0209,6,0,2
2026-09-26,celio,pantalon chino homme,https://www.celio.com/fr-fr/store?StoreID=0263,10.5,0,2
2026-09-26,celio,pantalon chino homme,https://www.celio.com/fr-fr/store?StoreID=0267,7,0,2
2026-09-26,celio,pantalon chino homme,https://www.celio.com/fr-fr/store?StoreID=0284,8.2,0,5
2026-09-26,celio,pantalon chino homme,https://www.celio.com/fr-fr/store?StoreID=0292,7.3,0,6
2026-09-26,celio,pantalon chino homme,https://www.celio.com/fr-fr/store?StoreID=0296,7.5,0,2
2026-09-26,celio,pantalon chino homme,https://www.celio.com/fr-fr/store?StoreID=0615,5,0,2
2026-09-26,celio,pantalon chino homme,https://www.celio.com/fr-fr/store?StoreID=0645,8,0,2
2026-09-27,celio,pantalon chino homme,https://www.celio.com/fr-be/c/pantalons-pantalons-chinos,2.1,0,11
2026-09-27,celio,pantalon chino homme,https://www.celio.com/fr-fr/c/pantalons-pantalons-chinos,1.4,7,326
2026-09-27,celio,pantalon chino homme,https://www.celio.com/fr-fr/store?StoreID=0080,6.7,0,3
2026-09-27,celio,pantalon chino homme,https://www.celio.com/fr-fr/store?StoreID=0156,7,0,2
2026-09-27,celio,pantalon chino homme,https://www.celio.com/fr-fr/store?StoreID=0167,7.4,0,10
2026-09-27,celio,pantalon chino homme,https://www.celio.com/fr-fr/store?StoreID=0230,5.5,0,2
2026-09-27,celio,pantalon chino homme,https://www.celio.com/fr-fr/store?StoreID=0284,6.5,0,2
2026-09-27,celio,pantalon chino homme,https://www.celio.com/fr-fr/store?StoreID=0292,7.9,0,7
2026-09-27,celio,pantalon chino homme,https://www.celio.com/fr-fr/store?StoreID=0768,7.5,0,2
2026-09-28,celio,pantalon chino homme,https://www.celio.com/fr-be/c/pantalons-pantalons-chinos,1.8,1,9
2026-09-28,celio,pantalon chino homme,https://www.celio.com/fr-fr/c/pantalons-pantalons-chinos,1.4,22,306
2026-09-28,celio,pantalon chino homme,https://www.celio.com/fr-fr/store?StoreID=0044,7.3,0,3
2026-09-28,celio,pantalon chino homme,https://www.celio.com/fr-fr/store?StoreID=0068,6,0,2
2026-09-28,celio,pantalon chino homme,https://www.celio.com/fr-fr/store?StoreID=0070,6.5,0,2
2026-09-28,celio,pantalon chino homme,https://www.celio.com/fr-fr/store?StoreID=0167,10.2,0,5
2026-09-28,celio,pantalon chino homme,https://www.celio.com/fr-fr/store?StoreID=0209,5.5,0,2
2026-09-28,celio,pantalon chino homme,https://www.celio.com/fr-fr/store?StoreID=0218,7,0,2
2026-09-28,celio,pantalon chino homme,https://www.celio.com/fr-fr/store?StoreID=0284,7,0,3
2026-09-28,celio,pantalon chino homme,https://www.celio.com/fr-fr/store?StoreID=0292,7.3,0,10
2026-09-29,celio,pantalon chino homme,https://www.celio.com/fr-be/c/pantalons-pantalons-chinos,1.2,0,5
2026-09-29,celio,pantalon chino homme,https://www.celio.com/fr-fr/c/pantalons-pantalons-chinos,1.4,14,280
2026-09-29,celio,pantalon chino homme,https://www.celio.com/fr-fr/store?StoreID=0167,5.7,0,3
2026-09-29,celio,pantalon chino homme,https://www.celio.com/fr-fr/store?StoreID=0209,7.3,0,3
2026-09-29,celio,pantalon chino homme,https://www.celio.com/fr-fr/store?StoreID=0292,8.4,0,8
2026-09-29,celio,pantalon chino homme,https://www.celio.com/fr-fr/store?StoreID=0645,6.5,0,2
2026-09-30,celio,pantalon chino homme,https://www.celio.com/fr-be/c/pantalons-pantalons-chinos,3.6,1,17
2026-09-30,celio,pantalon chino homme,https://www.celio.com/fr-fr/c/pantalons-pantalons-chinos,1.9,12,280
2026-09-30,celio,pantalon chino homme,https://www.celio.com/fr-fr/store?StoreID=0167,10.5,0,2
2026-09-30,celio,pantalon chino homme,https://www.celio.com/fr-fr/store?StoreID=0230,6.5,0,2
2026-09-30,celio,pantalon chino homme,https://www.celio.com/fr-fr/store?StoreID=0292,10.3,0,9
2026-09-30,celio,pantalon chino homme,https://www.celio.com/fr-fr/store?StoreID=0298,7.7,0,3
2026-09-30,celio,pantalon chino homme,https://www.celio.com/fr-fr/store?StoreID=0632,6.5,0,2
2026-07-03,celio,pantalon en lin homme,https://www.celio.com/fr-be/c/pantalons-pantalons-en-lin,1.2,10,36
2026-07-03,celio,pantalon en lin homme,https://www.celio.com/fr-fr/c/pantalons-pantalons-en-lin,1.2,58,607
2026-07-03,celio,pantalon en lin homme,https://www.celio.com/fr-fr/p/pantalon-straight-100-lin---blanc/1124635.html,9.3,0,3
2026-07-03,celio,pantalon en lin homme,https://www.celio.com/fr-fr/p/pantalon-straight-100-lin---naturel/1143729.html,11.2,0,4
2026-07-04,celio,pantalon en lin homme,https://www.celio.com/fr-be/c/pantalons-pantalons-en-lin,1.2,3,42
2026-07-04,celio,pantalon en lin homme,https://www.celio.com/fr-fr/c/pantalons-pantalons-en-lin,1.2,60,695
2026-07-04,celio,pantalon en lin homme,https://www.celio.com/fr-fr/p/pantalon-straight-100-lin---blanc/1124635.html,12,0,5
2026-07-04,celio,pantalon en lin homme,https://www.celio.com/fr-fr/p/pantalon-straight-100-lin---naturel/1143729.html,10.5,0,2
2026-07-05,celio,pantalon en lin homme,https://www.celio.com/fr-be/c/pantalons-pantalons-en-lin,1.2,7,44
2026-07-05,celio,pantalon en lin homme,https://www.celio.com/fr-fr/c/pantalons-pantalons-en-lin,1.3,74,825
2026-07-05,celio,pantalon en lin homme,https://www.celio.com/fr-fr/p/pantalon-loose-100-lin---marine/1190710.html,9,0,2
2026-07-05,celio,pantalon en lin homme,https://www.celio.com/fr-fr/p/pantalon-loose-100-lin---naturel/1164998.html,9,0,2
2026-07-05,celio,pantalon en lin homme,https://www.celio.com/fr-fr/p/pantalon-loose-100-lin---noir/1190702.html,6.3,0,3
2026-07-05,celio,pantalon en lin homme,https://www.celio.com/fr-fr/p/pantalon-straight-100-lin---blanc/1124635.html,14.7,0,3
2026-07-05,celio,pantalon en lin homme,https://www.celio.com/fr-fr/p/pantalon-straight-100-lin---naturel/1143729.html,9.1,1,8
2026-07-06,celio,pantalon en lin homme,https://www.celio.com/fr-be/c/pantalons-pantalons-en-lin,1.3,5,27
2026-07-06,celio,pantalon en lin homme,https://www.celio.com/fr-fr/c/pantalons-pantalons-en-lin,1.2,64,700
2026-07-06,celio,pantalon en lin homme,https://www.celio.com/fr-fr/p/pantalon-straight-100-lin---blanc/1124635.html,13,0,2
2026-07-06,celio,pantalon en lin homme,https://www.celio.com/fr-fr/p/pantalon-straight-100-lin---naturel/1143729.html,11,0,2
2026-07-07,celio,pantalon en lin homme,https://www.celio.com/en-fr/c/pants-linen-pants,6.7,0,3
2026-07-07,celio,pantalon en lin homme,https://www.celio.com/fr-be/c/pantalons-pantalons-en-lin,1.2,2,27
2026-07-07,celio,pantalon en lin homme,https://www.celio.com/fr-fr/c/pantalons-pantalons-en-lin,1.3,60,719
2026-07-07,celio,pantalon en lin homme,https://www.celio.com/fr-fr/p/pantalon-straight-100-lin---naturel/1143729.html,12,0,2
2026-07-08,celio,pantalon en lin homme,https://www.celio.com/fr-be/c/pantalons-pantalons-en-lin,1.4,3,36
2026-07-08,celio,pantalon en lin homme,https://www.celio.com/fr-fr/c/pantalons-pantalons-en-lin,1.2,69,734
2026-07-08,celio,pantalon en lin homme,https://www.celio.com/fr-fr/p/pantalon-straight-100-lin---blanc/1124635.html,8.5,0,2
2026-07-08,celio,pantalon en lin homme,https://www.celio.com/fr-fr/p/pantalon-straight-100-lin---naturel/1143729.html,9.8,0,4
2026-07-09,celio,pantalon en lin homme,https://www.celio.com/fr-be/c/pantalons-pantalons-en-lin,1.2,2,39
2026-07-09,celio,pantalon en lin homme,https://www.celio.com/fr-fr/c/pantalons-pantalons-en-lin,1.2,53,604
2026-07-09,celio,pantalon en lin homme,https://www.celio.com/fr-fr/p/pantalon-straight-100-lin---blanc/1124635.html,12,0,4
2026-07-10,celio,pantalon en lin homme,https://www.celio.com/fr-be/c/pantalons-pantalons-en-lin,2,0,32
2026-07-10,celio,pantalon en lin homme,https://www.celio.com/fr-fr/c/pantalons-pantalons-en-lin,1.3,46,607
2026-07-10,celio,pantalon en lin homme,https://www.celio.com/fr-fr/p/pantalon-straight-100-lin---blanc/1124635.html,9,0,2
2026-07-11,celio,pantalon en lin homme,https://www.celio.com/fr-be/c/pantalons-pantalons-en-lin,1.4,4,33
2026-07-11,celio,pantalon en lin homme,https://www.celio.com/fr-fr/c/pantalons-pantalons-en-lin,1.3,48,670
2026-07-11,celio,pantalon en lin homme,https://www.celio.com/fr-fr/p/pantalon-straight-100-lin---blanc/1124635.html,6.7,0,3
2026-07-12,celio,pantalon en lin homme,https://www.celio.com/fr-be/c/pantalons-pantalons-en-lin,1.7,4,38
2026-07-12,celio,pantalon en lin homme,https://www.celio.com/fr-fr/c/pantalons-pantalons-en-lin,1.4,42,630
2026-07-13,celio,pantalon en lin homme,https://www.celio.com/fr-be/c/pantalons-pantalons-en-lin,1.6,5,39
2026-07-13,celio,pantalon en lin homme,https://www.celio.com/fr-fr/c/pantalons-pantalons-en-lin,1.3,49,551
2026-07-13,celio,pantalon en lin homme,https://www.celio.com/fr-fr/p/pantalon-loose-100-lin---marine/1190710.html,3,0,3
2026-07-13,celio,pantalon en lin homme,https://www.celio.com/fr-fr/p/pantalon-loose-100-lin---naturel/1164998.html,3,0,3
2026-07-13,celio,pantalon en lin homme,https://www.celio.com/fr-fr/p/pantalon-loose-100-lin---noir/1190702.html,3,0,3
2026-07-13,celio,pantalon en lin homme,https://www.celio.com/fr-fr/p/pantalon-straight-100-lin---naturel/1143729.html,9,1,4
2026-07-14,celio,pantalon en lin homme,https://www.celio.com/fr-be/c/pantalons-pantalons-en-lin,1.7,3,32
2026-07-14,celio,pantalon en lin homme,https://www.celio.com/fr-fr/c/pantalons-pantalons-en-lin,1.3,40,509
2026-07-14,celio,pantalon en lin homme,https://www.celio.com/fr-fr/p/pantalon-straight-100-lin---naturel/1143729.html,11.8,0,6
2026-07-15,celio,pantalon en lin homme,https://www.celio.com/fr-be/c/pantalons-pantalons-en-lin,1.9,2,32
2026-07-15,celio,pantalon en lin homme,https://www.celio.com/fr-fr/c/pantalons-pantalons-en-lin,1.2,52,506
2026-07-15,celio,pantalon en lin homme,https://www.celio.com/fr-fr/p/pantalon-straight-100-lin---naturel/1143729.html,12,0,2
2026-07-16,celio,pantalon en lin homme,https://www.celio.com/fr-be/c/pantalons-pantalons-en-lin,2.3,5,31
2026-07-16,celio,pantalon en lin homme,https://www.celio.com/fr-fr/c/pantalons-pantalons-en-lin,1.4,39,506
2026-07-17,celio,pantalon en lin homme,https://www.celio.com/fr-be/c/pantalons-pantalons-en-lin,2.3,3,44
2026-07-17,celio,pantalon en lin homme,https://www.celio.com/fr-be/store?StoreID=0334,10,0,2
2026-07-17,celio,pantalon en lin homme,https://www.celio.com/fr-fr/c/pantalons-pantalons-en-lin,1.3,50,439
2026-07-18,celio,pantalon en lin homme,https://www.celio.com/fr-be/c/pantalons-pantalons-en-lin,2.8,1,25
2026-07-18,celio,pantalon en lin homme,https://www.celio.com/fr-fr/c/pantalons-pantalons-en-lin,1.4,42,459
2026-07-18,celio,pantalon en lin homme,https://www.celio.com/fr-fr/p/pantalon-straight-100-lin---naturel/1143729.html,6,0,2
2026-07-19,celio,pantalon en lin homme,https://www.celio.com/fr-be/c/pantalons-pantalons-en-lin,6,3,20
2026-07-19,celio,pantalon en lin homme,https://www.celio.com/fr-fr/c/pantalons-pantalons-en-lin,1.3,37,447
2026-07-19,celio,pantalon en lin homme,https://www.celio.com/fr-fr/p/pantalon-loose-100-lin---naturel/1164998.html,3,1,2
2026-07-19,celio,pantalon en lin homme,https://www.celio.com/fr-fr/p/pantalon-loose-100-lin---noir/1190702.html,3,0,2
2026-07-19,celio,pantalon en lin homme,https://www.celio.com/fr-fr/p/pantalon-straight-100-lin---naturel/1143729.html,9,0,5
2026-07-20,celio,pantalon en lin homme,https://www.celio.com/fr-be/c/pantalons-pantalons-en-lin,1.6,0,21
2026-07-20,celio,pantalon en lin homme,https://www.celio.com/fr-fr/c/pantalons-pantalons-en-lin,1.4,43,449
2026-07-20,celio,pantalon en lin homme,https://www.celio.com/fr-fr/p/pantalon-straight-100-lin---blanc/1124635.html,9,0,3
2026-07-20,celio,pantalon en lin homme,https://www.celio.com/fr-fr/p/pantalon-straight-100-lin---naturel/1143729.html,11,0,8
2026-07-20,celio,pantalon en lin homme,https://www.celio.com/fr-fr/store?StoreID=0085,11,0,2
2026-07-21,celio,pantalon en lin homme,https://www.celio.com/fr-be/c/pantalons-pantalons-en-lin,1.8,3,28
2026-07-21,celio,pantalon en lin homme,https://www.celio.com/fr-fr/c/pantalons-pantalons-en-lin,1.4,22,408
2026-07-21,celio,pantalon en lin homme,https://www.celio.com/fr-fr/p/pantalon-straight-100-lin---blanc/1124635.html,11.3,0,3
2026-07-21,celio,pantalon en lin homme,https://www.celio.com/fr-fr/p/pantalon-straight-100-lin---naturel/1143729.html,15,0,6
2026-07-22,celio,pantalon en lin homme,https://www.celio.com/en-fr/c/pants-linen-pants,11.8,0,5
2026-07-22,celio,pantalon en lin homme,https://www.celio.com/fr-be/c/pantalons-pantalons-en-lin,1.3,1,15
2026-07-22,celio,pantalon en lin homme,https://www.celio.com/fr-fr/c/pantalons-pantalons-en-lin,1.5,28,369
2026-07-23,celio,pantalon en lin homme,https://www.celio.com/fr-be/c/pantalons-pantalons-en-lin,1.6,1,14
2026-07-23,celio,pantalon en lin homme,https://www.celio.com/fr-fr/c/pantalons-pantalons-en-lin,1.2,33,349
2026-07-23,celio,pantalon en lin homme,https://www.celio.com/fr-fr/p/pantalon-straight-100-lin---naturel/1143729.html,14,0,2
2026-07-24,celio,pantalon en lin homme,https://www.celio.com/fr-be/c/pantalons-pantalons-en-lin,1.9,0,20
2026-07-24,celio,pantalon en lin homme,https://www.celio.com/fr-fr/c/pantalons-pantalons-en-lin,1.3,24,360
2026-07-25,celio,pantalon en lin homme,https://www.celio.com/fr-be/c/pantalons-pantalons-en-lin,1.5,1,30
2026-07-25,celio,pantalon en lin homme,https://www.celio.com/fr-fr/c/pantalons-pantalons-en-lin,1.4,24,428
2026-07-25,celio,pantalon en lin homme,https://www.celio.com/fr-fr/p/pantalon-straight-100-lin---blanc/1124635.html,8.3,0,3
2026-07-26,celio,pantalon en lin homme,https://www.celio.com/fr-be/c/pantalons-pantalons-en-lin,1.7,1,29
2026-07-26,celio,pantalon en lin homme,https://www.celio.com/fr-fr/c/pantalons-pantalons-en-lin,1.3,35,382
2026-07-26,celio,pantalon en lin homme,https://www.celio.com/fr-fr/p/pantalon-straight-100-lin---blanc/1124635.html,12,0,2
2026-07-27,celio,pantalon en lin homme,https://www.celio.com/fr-be/c/pantalons-pantalons-en-lin,2.5,2,28
2026-07-27,celio,pantalon en lin homme,https://www.celio.com/fr-fr/c/pantalons-pantalons-en-lin,1.3,26,433
2026-07-27,celio,pantalon en lin homme,https://www.celio.com/fr-fr/p/pantalon-straight-100-lin---naturel/1143729.html,9.7,0,3
2026-07-28,celio,pantalon en lin homme,https://www.celio.com/fr-be/c/pantalons-pantalons-en-lin,2.8,1,23
2026-07-28,celio,pantalon en lin homme,https://www.celio.com/fr-fr/c/pantalons-pantalons-en-lin,1.3,23,403
2026-07-28,celio,pantalon en lin homme,https://www.celio.com/fr-fr/p/pantalon-straight-100-lin---blanc/1124635.html,10.7,0,3
2026-07-28,celio,pantalon en lin homme,https://www.celio.com/fr-fr/store?StoreID=0085,6.5,0,2
2026-07-29,celio,pantalon en lin homme,https://www.celio.com/fr-be/c/pantalons-pantalons-en-lin,5.2,0,39
2026-07-29,celio,pantalon en lin homme,https://www.celio.com/fr-fr/c/pantalons-pantalons-en-lin,1.3,26,380
2026-07-29,celio,pantalon en lin homme,https://www.celio.com/fr-fr/p/pantalon-straight-100-lin---naturel/1143729.html,8.5,0,4
2026-07-29,celio,pantalon en lin homme,https://www.celio.com/fr-fr/store?StoreID=0227,5,0,2
2026-07-30,celio,pantalon en lin homme,https://www.celio.com/fr-be/c/pantalons-pantalons-en-lin,4.9,4,50
2026-07-30,celio,pantalon en lin homme,https://www.celio.com/fr-fr/c/pantalons-pantalons-en-lin,1.2,25,307
2026-07-30,celio,pantalon en lin homme,https://www.celio.com/fr-fr/p/pantalon-straight-100-lin---blanc/1124635.html,19.8,0,8
2026-07-31,celio,pantalon en lin homme,https://www.celio.com/fr-be/c/pantalons-pantalons-en-lin,6.7,0,46
2026-07-31,celio,pantalon en lin homme,https://www.celio.com/fr-fr/c/pantalons-pantalons-en-lin,1.2,26,304
2026-07-31,celio,pantalon en lin homme,https://www.celio.com/fr-fr/p/pantalon-straight-100-lin---blanc/1124635.html,12,0,2
2026-08-01,celio,pantalon en lin homme,https://www.celio.com/fr-be/c/pantalons-pantalons-en-lin,2.5,3,24
2026-08-01,celio,pantalon en lin homme,https://www.celio.com/fr-fr/c/pantalons-pantalons-en-lin,1.2,26,318
2026-08-01,celio,pantalon en lin homme,https://www.celio.com/fr-fr/p/pantalon-straight-100-lin---blanc/1124635.html,11.5,0,2
2026-08-01,celio,pantalon en lin homme,https://www.celio.com/fr-fr/store?StoreID=1449,10.5,0,2
2026-08-02,celio,pantalon en lin homme,https://www.celio.com/fr-be/c/pantalons-pantalons-en-lin,4.3,0,31
2026-08-02,celio,pantalon en lin homme,https://www.celio.com/fr-fr/c/pantalons-pantalons-en-lin,1.3,35,355
2026-08-02,celio,pantalon en lin homme,https://www.celio.com/fr-fr/store?StoreID=0227,8,0,2
2026-08-03,celio,pantalon en lin homme,https://www.celio.com/en-fr/c/pants-linen-pants,12.3,0,3
2026-08-03,celio,pantalon en lin homme,https://www.celio.com/fr-be/c/pantalons-pantalons-en-lin,4.5,1,19
2026-08-03,celio,pantalon en lin homme,https://www.celio.com/fr-fr/c/pantalons-pantalons-en-lin,1.2,22,368
2026-08-03,celio,pantalon en lin homme,https://www.celio.com/fr-fr/p/pantalon-straight-100-lin---blanc/1124635.html,9.3,0,3
2026-08-03,celio,pantalon en lin homme,https://www.celio.com/fr-fr/store?StoreID=1623,10,0,2
2026-08-04,celio,pantalon en lin homme,https://www.celio.com/fr-be/c/pantalons-pantalons-en-lin,5,5,28
2026-08-04,celio,pantalon en lin homme,https://www.celio.com/fr-fr/c/pantalons-pantalons-en-lin,1.3,25,328
2026-08-04,celio,pantalon en lin homme,https://www.celio.com/fr-fr/p/pantalon-straight-100-lin---blanc/1124635.html,11,0,8
2026-08-05,celio,pantalon en lin homme,https://www.celio.com/fr-be/c/pantalons-pantalons-en-lin,2.3,1,23
2026-08-05,celio,pantalon en lin homme,https://www.celio.com/fr-fr/c/pantalons-pantalons-en-lin,1.4,27,324
2026-08-05,celio,pantalon en lin homme,https://www.celio.com/fr-fr/c/pantalons-pantalons-verts,2.5,0,2
2026-08-05,celio,pantalon en lin homme,https://www.celio.com/fr-fr/p/pantalon-straight-100-lin---blanc/1124635.html,6.8,1,4
2026-08-05,celio,pantalon en lin homme,https://www.celio.com/fr-fr/p/pantalon-straight-100-lin---naturel/1143729.html,10.5,0,4
2026-08-05,celio,pantalon en lin homme,https://www.celio.com/fr-fr/p/pantalon-straight-100-lin---vert-sauge/1143733.html,2.5,0,2
2026-08-06,celio,pantalon en lin homme,https://www.celio.com/fr-be/c/pantalons-pantalons-en-lin,2.7,1,19
2026-08-06,celio,pantalon en lin homme,https://www.celio.com/fr-fr/c/pantalons-pantalons-en-lin,1.3,27,335
2026-08-06,celio,pantalon en lin homme,https://www.celio.com/fr-fr/p/pantalon-de-costume-slim-100-lin---naturel/1107730.html,9,0,2
2026-08-06,celio,pantalon en lin homme,https://www.celio.com/fr-fr/p/pantalon-straight-100-lin---blanc/1124635.html,13,0,2
2026-08-07,celio,pantalon en lin homme,https://www.celio.com/fr-be/c/pantalons-pantalons-en-lin,1.9,2,12
2026-08-07,celio,pantalon en lin homme,https://www.celio.com/fr-fr/c/pantalons-pantalons-en-lin,1.3,17,307
2026-08-07,celio,pantalon en lin homme,https://www.celio.com/fr-fr/p/pantalon-de-costume-slim-100-lin---naturel/1107730.html,16,0,2
2026-08-07,celio,pantalon en lin homme,https://www.celio.com/fr-fr/p/pantalon-straight-100-lin---naturel/1143729.html,7,0,2
2026-08-07,celio,pantalon en lin homme,https://www.celio.com/fr-fr/store?StoreID=0156,4.5,0,2
2026-08-07,celio,pantalon en lin homme,https://www.celio.com/fr-fr/store?StoreID=0227,6.3,0,3
2026-08-08,celio,pantalon en lin homme,https://www.celio.com/fr-be/c/pantalons-pantalons-en-lin,3.8,1,34
2026-08-08,celio,pantalon en lin homme,https://www.celio.com/fr-fr/c/pantalons-pantalons-en-lin,1.2,24,305
2026-08-08,celio,pantalon en lin homme,https://www.celio.com/fr-fr/p/pantalon-straight-100-lin---blanc/1124635.html,15.7,0,3
2026-08-09,celio,pantalon en lin homme,https://www.celio.com/fr-be/c/pantalons-pantalons-en-lin,1.8,3,14
2026-08-09,celio,pantalon en lin homme,https://www.celio.com/fr-fr/c/collection-ete-selection-lin,9,0,2
2026-08-09,celio,pantalon en lin homme,https://www.celio.com/fr-fr/c/pantalons-pantalons-en-lin,1.3,24,287
2026-08-09,celio,pantalon en lin homme,https://www.celio.com/fr-fr/p/pantalon-straight-100-lin---blanc/1124635.html,11,0,2
2026-08-10,celio,pantalon en lin homme,https://www.celio.com/fr-be/c/pantalons-pantalons-en-lin,1.6,2,18
2026-08-10,celio,pantalon en lin homme,https://www.celio.com/fr-fr/c/collection-ete-selection-lin,8,0,2
2026-08-10,celio,pantalon en lin homme,https://www.celio.com/fr-fr/c/pantalons-pantalons-en-lin,1.4,29,305
2026-08-11,celio,pantalon en lin homme,https://www.celio.com/fr-be/c/pantalons-pantalons-en-lin,3.2,1,23
2026-08-11,celio,pantalon en lin homme,https://www.celio.com/fr-fr/c/pantalons-pantalons-en-lin,1.4,37,318
2026-08-11,celio,pantalon en lin homme,https://www.celio.com/fr-fr/p/pantalon-straight-100-lin---naturel/1143729.html,7.5,0,2
2026-08-12,celio,pantalon en lin homme,https://www.celio.com/en-fr/c/pants-linen-pants,9,0,5
2026-08-12,celio,pantalon en lin homme,https://www.celio.com/fr-be/c/pantalons-pantalons-en-lin,1.9,2,24
2026-08-12,celio,pantalon en lin homme,https://www.celio.com/fr-fr/c/pantalons-pantalons-en-lin,1.2,24,257
2026-08-13,celio,pantalon en lin homme,https://www.celio.com/fr-be/c/pantalons-pantalons-en-lin,1.6,0,13
2026-08-13,celio,pantalon en lin homme,https://www.celio.com/fr-fr/c/pantalons-pantalons-en-lin,1.4,25,275
2026-08-14,celio,pantalon en lin homme,https://www.celio.com/fr-be/c/pantalons-pantalons-en-lin,2.3,1,25
2026-08-14,celio,pantalon en lin homme,https://www.celio.com/fr-fr/c/pantalons-pantalons-en-lin,1.4,15,276
2026-08-14,celio,pantalon en lin homme,https://www.celio.com/fr-fr/p/pantalon-straight-100-lin---naturel/1143729.html,5.8,0,5
2026-08-15,celio,pantalon en lin homme,https://www.celio.com/en-fr/c/pants-linen-pants,9.3,0,3
2026-08-15,celio,pantalon en lin homme,https://www.celio.com/fr-be/c/pantalons-pantalons-en-lin,2.2,2,23
2026-08-15,celio,pantalon en lin homme,https://www.celio.com/fr-fr/c/pantalons-pantalons-en-lin,1.2,16,265
2026-08-16,celio,pantalon en lin homme,https://www.celio.com/fr-be/c/pantalons-pantalons-en-lin,1.8,2,21
2026-08-16,celio,pantalon en lin homme,https://www.celio.com/fr-fr/c/pantalons-pantalons-en-lin,1.3,21,293
2026-08-17,celio,pantalon en lin homme,https://www.celio.com/fr-be/c/pantalons-pantalons-en-lin,2.6,0,18
2026-08-17,celio,pantalon en lin homme,https://www.celio.com/fr-fr/c/pantalons-pantalons-en-lin,1.3,17,221
2026-08-17,celio,pantalon en lin homme,https://www.celio.com/fr-fr/p/pantalon-de-costume-slim-100-lin---naturel/1107730.html,12.3,0,3
2026-08-18,celio,pantalon en lin homme,https://www.celio.com/fr-be/c/pantalons-pantalons-en-lin,2.1,1,17
2026-08-18,celio,pantalon en lin homme,https://www.celio.com/fr-fr/c/pantalons-pantalons-en-lin,1.4,20,224
2026-08-19,celio,pantalon en lin homme,https://www.celio.com/fr-be/c/pantalons-pantalons-en-lin,1.9,2,18
2026-08-19,celio,pantalon en lin homme,https://www.celio.com/fr-fr/c/pantalons-pantalons-en-lin,1.6,12,225
2026-08-20,celio,pantalon en lin homme,https://www.celio.com/en-fr/c/pants-linen-pants,14.5,0,2
2026-08-20,celio,pantalon en lin homme,https://www.celio.com/fr-be/c/pantalons-pantalons-en-lin,4.2,0,12
2026-08-20,celio,pantalon en lin homme,https://www.celio.com/fr-fr/c/pantalons-pantalons-en-lin,1.2,18,189
2026-08-21,celio,pantalon en lin homme,https://www.celio.com/en-fr/c/pants-linen-pants,14,0,2
2026-08-21,celio,pantalon en lin homme,https://www.celio.com/fr-be/c/pantalons-pantalons-en-lin,1.1,2,16
2026-08-21,celio,pantalon en lin homme,https://www.celio.com/fr-fr/c/pantalons-pantalons-en-lin,1.4,21,211
2026-08-22,celio,pantalon en lin homme,https://www.celio.com/en-fr/c/pants-linen-pants,13.3,0,3
2026-08-22,celio,pantalon en lin homme,https://www.celio.com/fr-be/c/pantalons-pantalons-en-lin,1.2,1,17
2026-08-22,celio,pantalon en lin homme,https://www.celio.com/fr-fr/c/pantalons-pantalons-en-lin,1.4,22,214
2026-08-23,celio,pantalon en lin homme,https://www.celio.com/en-fr/c/pants-linen-pants,14.7,0,3
2026-08-23,celio,pantalon en lin homme,https://www.celio.com/fr-be/c/pantalons-pantalons-en-lin,5.2,2,12
2026-08-23,celio,pantalon en lin homme,https://www.celio.com/fr-fr/c/pantalons-pantalons-en-lin,1.6,14,180
2026-08-24,celio,pantalon en lin homme,https://www.celio.com/en-fr/c/pants-linen-pants,14,0,3
2026-08-24,celio,pantalon en lin homme,https://www.celio.com/fr-be/c/pantalons-pantalons-en-lin,4.1,0,9
2026-08-24,celio,pantalon en lin homme,https://www.celio.com/fr-fr/c/pantalons-pantalons-en-lin,1.3,14,144
2026-08-25,celio,pantalon en lin homme,https://www.celio.com/en-fr/c/pants-linen-pants,12.7,0,3
2026-08-25,celio,pantalon en lin homme,https://www.celio.com/fr-be/c/pantalons-pantalons-en-lin,1.9,0,13
2026-08-25,celio,pantalon en lin homme,https://www.celio.com/fr-fr/c/pantalons-pantalons-en-lin,1.2,15,186
2026-08-26,celio,pantalon en lin homme,https://www.celio.com/en-fr/c/pants-linen-pants,11,0,2
2026-08-26,celio,pantalon en lin homme,https://www.celio.com/fr-be/c/pantalons-pantalons-en-lin,1.5,1,14
2026-08-26,celio,pantalon en lin homme,https://www.celio.com/fr-fr/c/pantalons-pantalons-en-lin,1.3,8,156
2026-08-26,celio,pantalon en lin homme,https://www.celio.com/fr-fr/p/pantalon-straight-100-lin---blanc/1124635.html,29.5,0,2
2026-08-27,celio,pantalon en lin homme,https://www.celio.com/fr-be/c/pantalons-pantalons-en-lin,1.3,0,10
2026-08-27,celio,pantalon en lin homme,https://www.celio.com/fr-fr/c/pantalons-pantalons-en-lin,1.2,12,157
2026-08-28,celio,pantalon en lin homme,https://www.celio.com/en-fr/c/pants-linen-pants,12.5,0,2
2026-08-28,celio,pantalon en lin homme,https://www.celio.com/fr-be/c/pantalons-pantalons-en-lin,1.3,1,11
2026-08-28,celio,pantalon en lin homme,https://www.celio.com/fr-fr/c/pantalons-pantalons-en-lin,1.4,6,127
2026-08-28,celio,pantalon en lin homme,https://www.celio.com/fr-fr/store?StoreID=0227,3.3,0,3
2026-08-29,celio,pantalon en lin homme,https://www.celio.com/en-fr/c/pants-linen-pants,13.5,0,2
2026-08-29,celio,pantalon en lin homme,https://www.celio.com/fr-be/c/pantalons-pantalons-en-lin,1.2,0,12
2026-08-29,celio,pantalon en lin homme,https://www.celio.com/fr-be/store?StoreID=0334,15.5,0,2
2026-08-29,celio,pantalon en lin homme,https://www.celio.com/fr-fr/c/pantalons-pantalons-en-lin,1.3,11,156
2026-08-30,celio,pantalon en lin homme,https://www.celio.com/fr-be/c/pantalons-pantalons-en-lin,1.1,1,16
2026-08-30,celio,pantalon en lin homme,https://www.celio.com/fr-fr/c/pantalons-pantalons-en-lin,1.3,16,200
2026-08-30,celio,pantalon en lin homme,https://www.celio.com/fr-fr/store?StoreID=1449,7.5,0,2
2026-08-31,celio,pantalon en lin homme,https://www.celio.com/fr-be/c/pantalons-pantalons-en-lin,1,0,8
2026-08-31,celio,pantalon en lin homme,https://www.celio.com/fr-fr/c/pantalons-pantalons-en-lin,1.1,13,135
2026-08-31,celio,pantalon en lin homme,https://www.celio.com/fr-fr/store?StoreID=1449,11,0,2
2026-09-01,celio,pantalon en lin homme,https://www.celio.com/en-fr/c/pants-linen-pants,12.5,0,2
2026-09-01,celio,pantalon en lin homme,https://www.celio.com/fr-be/c/pantalons-pantalons-en-lin,1.6,1,11
2026-09-01,celio,pantalon en lin homme,https://www.celio.com/fr-fr/c/pantalons-pantalons-en-lin,1.2,14,162
2026-09-02,celio,pantalon en lin homme,https://www.celio.com/fr-be/c/pantalons-pantalons-en-lin,1.1,1,12
2026-09-02,celio,pantalon en lin homme,https://www.celio.com/fr-fr/c/pantalons-pantalons-en-lin,1.2,18,156
2026-09-02,celio,pantalon en lin homme,https://www.celio.com/fr-fr/store?StoreID=0614,14,0,2
2026-09-03,celio,pantalon en lin homme,https://www.celio.com/fr-be/c/pantalons-pantalons-en-lin,5.8,1,8
2026-09-03,celio,pantalon en lin homme,https://www.celio.com/fr-fr/c/pantalons-pantalons-en-lin,1.3,12,131
2026-09-04,celio,pantalon en lin homme,https://www.celio.com/en-fr/c/pants-linen-pants,13.5,0,2
2026-09-04,celio,pantalon en lin homme,https://www.celio.com/fr-be/c/pantalons-pantalons-en-lin,1,0,7
2026-09-04,celio,pantalon en lin homme,https://www.celio.com/fr-fr/c/pantalons-pantalons-en-lin,1.5,10,132
2026-09-05,celio,pantalon en lin homme,https://www.celio.com/en-fr/c/pants-linen-pants,11.5,0,2
2026-09-05,celio,pantalon en lin homme,https://www.celio.com/fr-be/c/pantalons-pantalons-en-lin,1.5,1,19
2026-09-05,celio,pantalon en lin homme,https://www.celio.com/fr-fr/c/collection-ete-selection-lin,32.5,0,4
2026-09-05,celio,pantalon en lin homme,https://www.celio.com/fr-fr/c/pantalons-pantalons-en-lin,1.3,11,138
2026-09-05,celio,pantalon en lin homme,https://www.celio.com/fr-fr/p/pantalon-straight-100-lin---blanc/1124635.html,5.5,0,2
2026-09-06,celio,pantalon en lin homme,https://www.celio.com/en-fr/c/pants-linen-pants,12.5,0,2
2026-09-06,celio,pantalon en lin homme,https://www.celio.com/fr-be/c/pantalons-pantalons-en-lin,1.1,1,9
2026-09-06,celio,pantalon en lin homme,https://www.celio.com/fr-fr/c/pantalons-pantalons-en-lin,1.1,10,145
2026-09-07,celio,pantalon en lin homme,https://www.celio.com/fr-be/c/pantalons-pantalons-en-lin,1,1,8
2026-09-07,celio,pantalon en lin homme,https://www.celio.com/fr-fr/c/pantalons-pantalons-en-lin,1.3,7,125
2026-09-07,celio,pantalon en lin homme,https://www.celio.com/fr-fr/store?StoreID=0227,15,0,3
2026-09-08,celio,pantalon en lin homme,https://www.celio.com/fr-be/c/pantalons-pantalons-en-lin,1,1,11
2026-09-08,celio,pantalon en lin homme,https://www.celio.com/fr-fr/c/pantalons-pantalons-en-lin,1.3,6,108
2026-09-09,celio,pantalon en lin homme,https://www.celio.com/fr-be/c/pantalons-pantalons-en-lin,1,0,3
2026-09-09,celio,pantalon en lin homme,https://www.celio.com/fr-fr/c/pantalons-pantalons-en-lin,1.4,9,134
2026-09-09,celio,pantalon en lin homme,https://www.celio.com/fr-fr/p/pantalon-straight-100-lin---naturel/1143729.html,3,0,3
2026-09-09,celio,pantalon en lin homme,https://www.celio.com/fr-fr/store?StoreID=1636,11,0,3
2026-09-10,celio,pantalon en lin homme,https://www.celio.com/fr-be/c/pantalons-pantalons-en-lin,1,1,6
2026-09-10,celio,pantalon en lin homme,https://www.celio.com/fr-fr/c/pantalons-pantalons-en-lin,1.2,13,104
2026-09-10,celio,pantalon en lin homme,https://www.celio.com/fr-fr/p/pantalon-straight-100-lin---naturel/1143729.html,5,0,2
2026-09-11,celio,pantalon en lin homme,https://www.celio.com/fr-be/c/pantalons-pantalons-en-lin,1.9,0,8
2026-09-11,celio,pantalon en lin homme,https://www.celio.com/fr-be/store?StoreID=0334,12,0,2
2026-09-11,celio,pantalon en lin homme,https://www.celio.com/fr-fr/c/pantalons-pantalons-en-lin,1.1,6,118
2026-09-11,celio,pantalon en lin homme,https://www.celio.com/fr-fr/p/pantalon-straight-100-lin---naturel/1143729.html,5.5,0,2
2026-09-12,celio,pantalon en lin homme,https://www.celio.com/fr-be/c/pantalons-pantalons-en-lin,1.1,0,9
2026-09-12,celio,pantalon en lin homme,https://www.celio.com/fr-fr/c/pantalons-pantalons-en-lin,1.2,10,143
2026-09-13,celio,pantalon en lin homme,https://www.celio.com/fr-be/c/pantalons-pantalons-en-lin,2.3,0,3
2026-09-13,celio,pantalon en lin homme,https://www.celio.com/fr-fr/c/pantalons-pantalons-en-lin,1.1,10,105
2026-09-13,celio,pantalon en lin homme,https://www.celio.com/fr-fr/store?StoreID=1606,10,0,3
2026-09-14,celio,pantalon en lin homme,https://www.celio.com/en-fr/c/pants-linen-pants,9,0,2
2026-09-14,celio,pantalon en lin homme,https://www.celio.com/fr-be/c/pantalons-pantalons-en-lin,3.2,0,4
2026-09-14,celio,pantalon en lin homme,https://www.celio.com/fr-fr/c/pantalons-pantalons-en-lin,1.2,7,102
2026-09-15,celio,pantalon en lin homme,https://www.celio.com/fr-be/c/pantalons-pantalons-en-lin,2.6,0,7
2026-09-15,celio,pantalon en lin homme,https://www.celio.com/fr-fr/c/pantalons-pantalons-en-lin,1.3,6,94
2026-09-15,celio,pantalon en lin homme,https://www.celio.com/fr-fr/p/pantalon-straight-100-lin---naturel/1143729.html,4.5,0,4
2026-09-16,celio,pantalon en lin homme,https://www.celio.com/fr-be/c/pantalons-pantalons-en-lin,1.2,0,4
2026-09-16,celio,pantalon en lin homme,https://www.celio.com/fr-fr/c/pantalons-pantalons-en-lin,2.3,3,100
2026-09-16,celio,pantalon en lin homme,https://www.celio.com/fr-fr/store?StoreID=0173,4,0,2
2026-09-17,celio,pantalon en lin homme,https://www.celio.com/fr-be/c/pantalons-pantalons-en-lin,1.3,1,9
2026-09-17,celio,pantalon en lin homme,https://www.celio.com/fr-fr/c/pantalons-pantalons-en-lin,1.5,7,85
2026-09-17,celio,pantalon en lin homme,https://www.celio.com/fr-fr/store?StoreID=0227,13,0,2
2026-09-17,celio,pantalon en lin homme,https://www.celio.com/fr-fr/store?StoreID=0269,3,0,2
2026-09-18,celio,pantalon en lin homme,https://www.celio.com/fr-be/c/pantalons-pantalons-en-lin,1,0,3
2026-09-18,celio,pantalon en lin homme,https://www.celio.com/fr-fr/c/pantalons-pantalons-en-lin,1.3,4,85
2026-09-19,celio,pantalon en lin homme,https://www.celio.com/fr-be/c/pantalons-pantalons-en-lin,3,2,7
2026-09-19,celio,pantalon en lin homme,https://www.celio.com/fr-fr/c/pantalons-pantalons-en-lin,1.1,6,86
2026-09-20,celio,pantalon en lin homme,https://www.celio.com/fr-be/c/pantalons-pantalons-en-lin,1.8,1,5
2026-09-20,celio,pantalon en lin homme,https://www.celio.com/fr-fr/c/pantalons-pantalons-en-lin,1.3,6,106
2026-09-21,celio,pantalon en lin homme,https://www.celio.com/fr-be/c/pantalons-pantalons-en-lin,2.4,0,7
2026-09-21,celio,pantalon en lin homme,https://www.celio.com/fr-fr/c/pantalons-pantalons-en-lin,1.3,6,50
2026-09-22,celio,pantalon en lin homme,https://www.celio.com/fr-be/c/pantalons-pantalons-en-lin,2.5,1,4
2026-09-22,celio,pantalon en lin homme,https://www.celio.com/fr-fr/c/pantalons-pantalons-en-lin,1.3,9,78
2026-09-23,celio,pantalon en lin homme,https://www.celio.com/en-fr/c/pants-linen-pants,7,0,3
2026-09-23,celio,pantalon en lin homme,https://www.celio.com/fr-be/c/pantalons-pantalons-en-lin,1.4,0,5
2026-09-23,celio,pantalon en lin homme,https://www.celio.com/fr-fr/c/pantalons-pantalons-en-lin,1.2,9,80
2026-09-23,celio,pantalon en lin homme,https://www.celio.com/fr-fr/p/pantalon-straight-100-lin---naturel/1143729.html,2,0,2
2026-09-24,celio,pantalon en lin homme,https://www.celio.com/fr-be/c/pantalons-pantalons-en-lin,1.6,0,5
2026-09-24,celio,pantalon en lin homme,https://www.celio.com/fr-fr/c/pantalons-pantalons-en-lin,1.5,4,67
2026-09-25,celio,pantalon en lin homme,https://www.celio.com/en-fr/c/pants-linen-pants,8.5,0,2
2026-09-25,celio,pantalon en lin homme,https://www.celio.com/fr-be/c/pantalons-pantalons-en-lin,1.7,0,3
2026-09-25,celio,pantalon en lin homme,https://www.celio.com/fr-fr/c/pantalons-pantalons-en-lin,1.5,4,73
2026-09-25,celio,pantalon en lin homme,https://www.celio.com/fr-fr/store?StoreID=1636,13,0,2
2026-09-26,celio,pantalon en lin homme,https://www.celio.com/fr-be/c/pantalons-pantalons-en-lin,1.8,1,5
2026-09-26,celio,pantalon en lin homme,https://www.celio.com/fr-fr/c/pantalons-pantalons-en-lin,1.2,10,78
2026-09-26,celio,pantalon en lin homme,https://www.celio.com/fr-fr/store?StoreID=1636,9.5,0,2
2026-09-27,celio,pantalon en lin homme,https://www.celio.com/fr-be/c/pantalons-pantalons-en-lin,2.3,0,3
2026-09-27,celio,pantalon en lin homme,https://www.celio.com/fr-be/store?StoreID=0346,10,0,2
2026-09-27,celio,pantalon en lin homme,https://www.celio.com/fr-fr/c/pantalons-pantalons-en-lin,1.4,11,92
2026-09-27,celio,pantalon en lin homme,https://www.celio.com/fr-fr/store?StoreID=1609,12,0,2
2026-09-27,celio,pantalon en lin homme,https://www.celio.com/fr-fr/store?StoreID=1636,9.5,0,2
2026-09-28,celio,pantalon en lin homme,https://www.celio.com/fr-be/c/pantalons-pantalons-en-lin,2.3,0,3
2026-09-28,celio,pantalon en lin homme,https://www.celio.com/fr-fr/c/pantalons-pantalons-en-lin,1.4,4,85
2026-09-28,celio,pantalon en lin homme,https://www.celio.com/fr-fr/store?StoreID=1636,11,0,2
2026-09-29,celio,pantalon en lin homme,https://www.celio.com/fr-be/c/pantalons-pantalons-en-lin,2.4,1,7
2026-09-29,celio,pantalon en lin homme,https://www.celio.com/fr-be/store?StoreID=0346,8,0,2
2026-09-29,celio,pantalon en lin homme,https://www.celio.com/fr-fr/c/pantalons-pantalons-en-lin,1.2,5,54
2026-09-29,celio,pantalon en lin homme,https://www.celio.com/fr-fr/store?StoreID=1636,10,0,2
2026-09-30,celio,pantalon en lin homme,https://www.celio.com/fr-be/c/pantalons-pantalons-en-lin,1.7,0,3
2026-09-30,celio,pantalon en lin homme,https://www.celio.com/fr-fr/c/pantalons-pantalons-en-lin,1.4,3,47
2026-09-30,celio,pantalon en lin homme,https://www.celio.com/fr-fr/store?StoreID=1636,9.5,0,2
2026-07-03,celio,pantalon homme,https://www.celio.com/fr-be/c/pantalons,10.1,0,15
2026-07-03,celio,pantalon homme,https://www.celio.com/fr-fr/c/pantalons,2.3,9,448
2026-07-03,celio,pantalon homme,https://www.celio.com/fr-fr/c/pantalons-pantalons-droits,31.1,0,38
2026-07-03,celio,pantalon homme,https://www.celio.com/fr-fr/store?StoreID=1461,3.5,1,2
2026-07-04,celio,pantalon homme,https://www.celio.com/fr-be/c/pantalons,9.6,0,10
2026-07-04,celio,pantalon homme,https://www.celio.com/fr-be/c/pantalons-pantalons-droits,37,0,2
2026-07-04,celio,pantalon homme,https://www.celio.com/fr-fr/c/pantalons,2.3,11,446
2026-07-04,celio,pantalon homme,https://www.celio.com/fr-fr/c/pantalons-pantalons-droits,34.4,0,18
2026-07-05,celio,pantalon homme,https://www.celio.com/fr-be/c/pantalons,6,1,22
2026-07-05,celio,pantalon homme,https://www.celio.com/fr-fr/c/pantalons,2.1,14,467
2026-07-05,celio,pantalon homme,https://www.celio.com/fr-fr/c/pantalons-pantalons-droits,32.7,0,9
2026-07-06,celio,pantalon homme,https://www.celio.com/fr-be/c/pantalons,8.4,0,20
2026-07-06,celio,pantalon homme,https://www.celio.com/fr-be/c/pantalons-pantalons-droits,37.7,0,3
2026-07-06,celio,pantalon homme,https://www.celio.com/fr-fr/c/pantalons,2.3,13,483
2026-07-06,celio,pantalon homme,https://www.celio.com/fr-fr/c/pantalons-pantalons-droits,31.2,0,11
2026-07-07,celio,pantalon homme,https://www.celio.com/fr-be/c/pantalons,9.5,0,14
2026-07-07,celio,pantalon homme,https://www.celio.com/fr-fr/c/pantalons,2.1,13,476
2026-07-07,celio,pantalon homme,https://www.celio.com/fr-fr/c/pantalons-pantalons-droits,32.2,0,10
2026-07-08,celio,pantalon homme,https://www.celio.com/fr-be/c/pantalons,10.0,0,21
2026-07-08,celio,pantalon homme,https://www.celio.com/fr-fr/c/pantalons,2.1,17,463
2026-07-08,celio,pantalon homme,https://www.celio.com/fr-fr/c/pantalons-pantalons-droits,29.0,0,24
2026-07-08,celio,pantalon homme,https://www.celio.com/fr-fr/store?StoreID=0636,1.5,0,2
2026-07-08,celio,pantalon homme,https://www.celio.com/fr-fr/store?StoreID=0770,9,0,2
2026-07-09,celio,pantalon homme,https://www.celio.com/fr-be/c/pantalons,7.2,0,10
2026-07-09,celio,pantalon homme,https://www.celio.com/fr-fr/c/pantalons,2.0,10,419
2026-07-09,celio,pantalon homme,https://www.celio.com/fr-fr/c/pantalons-pantalons-droits,30.5,0,24
2026-07-09,celio,pantalon homme,https://www.celio.com/fr-fr/store?StoreID=0012,3,0,2
2026-07-10,celio,pantalon homme,https://www.celio.com/fr-be/c/pantalons,8.1,0,35
2026-07-10,celio,pantalon homme,https://www.celio.com/fr-fr/c/pantalons,2.1,15,423
2026-07-10,celio,pantalon homme,https://www.celio.com/fr-fr/c/pantalons-pantalons-droits,30.2,0,9
2026-07-10,celio,pantalon homme,https://www.celio.com/fr-fr/store?StoreID=0031,2,0,4
2026-07-11,celio,pantalon homme,https://www.celio.com/fr-be/c/pantalons,4.6,0,5
2026-07-11,celio,pantalon homme,https://www.celio.com/fr-be/c/pantalons-pantalons-decontractes,7,0,2
2026-07-11,celio,pantalon homme,https://www.celio.com/fr-fr/c/pantalons,2.2,10,446
2026-07-12,celio,pantalon homme,https://www.celio.com/fr-be/c/pantalons,10.5,0,13
2026-07-12,celio,pantalon homme,https://www.celio.com/fr-be/c/pantalons-pantalons-droits,34.5,0,2
2026-07-12,celio,pantalon homme,https://www.celio.com/fr-fr/c/pantalons,2.3,17,430
2026-07-13,celio,pantalon homme,https://www.celio.com/fr-be/c/pantalons,10.8,0,5
2026-07-13,celio,pantalon homme,https://www.celio.com/fr-be/c/pantalons-pantalons-droits,37,0,2
2026-07-13,celio,pantalon homme,https://www.celio.com/fr-be/store?StoreID=0389,3,0,2
2026-07-13,celio,pantalon homme,https://www.celio.com/fr-fr/c/pantalons,2.4,6,419
2026-07-13,celio,pantalon homme,https://www.celio.com/fr-fr/c/pantalons-pantalons-amples,28.8,0,10
2026-07-14,celio,pantalon homme,https://www.celio.com/fr-be/c/pantalons,7.7,0,9
2026-07-14,celio,pantalon homme,https://www.celio.com/fr-be/c/pantalons-pantalons-decontractes,7,0,2
2026-07-14,celio,pantalon homme,https://www.celio.com/fr-fr/c/pantalons,2.1,10,397
2026-07-14,celio,pantalon homme,https://www.celio.com/fr-fr/c/pantalons-pantalons-amples,32.2,0,8
2026-07-15,celio,pantalon homme,https://www.celio.com/fr-be/c/pantalons,10.5,0,4
2026-07-15,celio,pantalon homme,https://www.celio.com/fr-fr/c/pantalons,1.7,10,387
2026-07-15,celio,pantalon homme,https://www.celio.com/fr-fr/c/pantalons-pantalons-amples,29.1,0,7
2026-07-16,celio,pantalon homme,https://www.celio.com/fr-be/c/pantalons,6.5,0,11
2026-07-16,celio,pantalon homme,https://www.celio.com/fr-fr/c/pantalons,2.4,14,399
2026-07-16,celio,pantalon homme,https://www.celio.com/fr-fr/c/pantalons-pantalons-amples,28.1,0,8
2026-07-17,celio,pantalon homme,https://www.celio.com/fr-be/c/pantalons-pantalons-droits,29,0,2
2026-07-17,celio,pantalon homme,https://www.celio.com/fr-fr/c/pantalons,1.6,13,375
2026-07-17,celio,pantalon homme,https://www.celio.com/fr-fr/store?StoreID=0291,12.5,0,2
2026-07-18,celio,pantalon homme,https://www.celio.com/fr-be/c/pantalons,8.4,0,21
2026-07-18,celio,pantalon homme,https://www.celio.com/fr-fr/c/pantalons,2,9,424
2026-07-19,celio,pantalon homme,https://www.celio.com/fr-be/c/pantalons,4.9,0,18
2026-07-19,celio,pantalon homme,https://www.celio.com/fr-be/c/pantalons-pantalons-droits,42.2,0,4
2026-07-19,celio,pantalon homme,https://www.celio.com/fr-fr/c/pantalons,2.1,14,431
2026-07-20,celio,pantalon homme,https://www.celio.com/fr-be/c/pantalons,5.2,0,9
2026-07-20,celio,pantalon homme,https://www.celio.com/fr-fr/c/pantalons,2.0,14,443
2026-07-21,celio,pantalon homme,https://www.celio.com/fr-be/c/pantalons,4.5,0,12
2026-07-21,celio,pantalon homme,https://www.celio.com/fr-fr/c/pantalons,2.8,11,457
2026-07-21,celio,pantalon homme,https://www.celio.com/fr-fr/c/vetements-pas-chers-pantalons-pas-chers,97.5,0,2
2026-07-21,celio,pantalon homme,https://www.celio.com/fr-fr/store?StoreID=0118,8.5,0,2
2026-07-22,celio,pantalon homme,https://www.celio.com/fr-be/c/pantalons,7.6,0,15
2026-07-22,celio,pantalon homme,https://www.celio.com/fr-fr/c/pantalons,1.5,13,476
2026-07-22,celio,pantalon homme,https://www.celio.com/fr-fr/store?StoreID=0003,8,0,2
2026-07-22,celio,pantalon homme,https://www.celio.com/fr-fr/store?StoreID=0080,11.5,0,2
2026-07-22,celio,pantalon homme,https://www.celio.com/fr-fr/store?StoreID=0118,12,0,2
2026-07-23,celio,pantalon homme,https://www.celio.com/fr-be/c/pantalons,9.1,0,12
2026-07-23,celio,pantalon homme,https://www.celio.com/fr-be/c/pantalons-pantalons-droits,37.5,0,2
2026-07-23,celio,pantalon homme,https://www.celio.com/fr-fr/c/pantalons,1.9,16,385
2026-07-23,celio,pantalon homme,https://www.celio.com/fr-fr/c/pantalons-pantalons-decontractes,44.5,0,2
2026-07-24,celio,pantalon homme,https://www.celio.com/fr-be/c/pantalons,6.5,1,13
2026-07-24,celio,pantalon homme,https://www.celio.com/fr-fr/c/pantalons,2.1,7,423
2026-07-24,celio,pantalon homme,https://www.celio.com/fr-fr/store?StoreID=0191,12.5,0,2
2026-07-25,celio,pantalon homme,https://www.celio.com/fr-be/c/pantalons,4.7,0,13
2026-07-25,celio,pantalon homme,https://www.celio.com/fr-fr/c/pantalons,2.2,15,424
2026-07-25,celio,pantalon homme,https://www.celio.com/fr-fr/c/vetements-pas-chers-pantalons-pas-chers,77.1,0,8
2026-07-25,celio,pantalon homme,https://www.celio.com/fr-fr/store?StoreID=0623,2.5,0,2
2026-07-26,celio,pantalon homme,https://www.celio.com/,8,0,2
2026-07-26,celio,pantalon homme,https://www.celio.com/fr-be/c/pantalons,5.8,0,12
2026-07-26,celio,pantalon homme,https://www.celio.com/fr-fr/c/pantalons,1.8,12,518
2026-07-26,celio,pantalon homme,https://www.celio.com/fr-fr/c/vetements-pas-chers-pantalons-pas-chers,81.6,0,7
2026-07-26,celio,pantalon homme,https://www.celio.com/fr-fr/store?StoreID=0615,7.3,0,3
2026-07-26,celio,pantalon homme,https://www.celio.com/fr-fr/store?StoreID=0771,7,0,2
2026-07-27,celio,pantalon homme,https://www.celio.com/fr-be/c/pantalons,4.6,0,17
2026-07-27,celio,pantalon homme,https://www.celio.com/fr-fr/c/pantalons,2.3,11,464
2026-07-27,celio,pantalon homme,https://www.celio.com/fr-fr/c/vetements-pas-chers-pantalons-pas-chers,77,0,5
2026-07-27,celio,pantalon homme,https://www.celio.com/fr-fr/store?StoreID=0615,7.3,0,3
2026-07-28,celio,pantalon homme,https://www.celio.com/fr-be/c/pantalons,6.1,1,15
2026-07-28,celio,pantalon homme,https://www.celio.com/fr-fr/c/pantalons,2.1,12,497
2026-07-28,celio,pantalon homme,https://www.celio.com/fr-fr/c/vetements-pas-chers-pantalons-pas-chers,79.3,0,6
2026-07-28,celio,pantalon homme,https://www.celio.com/fr-fr/guide-taille/guide-des-tailles-pantalons.html,2,0,2
2026-07-28,celio,pantalon homme,https://www.celio.com/fr-fr/store?StoreID=0012,7.5,0,2
2026-07-28,celio,pantalon homme,https://www.celio.com/fr-fr/store?StoreID=0212,10,0,2
2026-07-28,celio,pantalon homme,https://www.celio.com/fr-fr/store?StoreID=1610,6,0,2
2026-07-29,celio,pantalon homme,https://www.celio.com/fr-be/c/pantalons,5.4,0,19
2026-07-29,celio,pantalon homme,https://www.celio.com/fr-fr/c/pantalons,1.9,9,465
2026-07-29,celio,pantalon homme,https://www.celio.com/fr-fr/c/vetements-pas-chers-pantalons-pas-chers,75,0,7
2026-07-30,celio,pantalon homme,https://www.celio.com/fr-be/c/pantalons,2.8,0,17
2026-07-30,celio,pantalon homme,https://www.celio.com/fr-be/c/pantalons-pantalons-droits,39,0,2
2026-07-30,celio,pantalon homme,https://www.celio.com/fr-fr/c/pantalons,1.8,16,440
2026-07-31,celio,pantalon homme,https://www.celio.com/fr-be/c/pantalons,4,0,17
2026-07-31,celio,pantalon homme,https://www.celio.com/fr-be/c/pantalons-pantalons-droits,51,0,2
2026-07-31,celio,pantalon homme,https://www.celio.com/fr-fr/c/pantalons,1.7,13,449
2026-07-31,celio,pantalon homme,https://www.celio.com/fr-fr/store?StoreID=1475,9,0,2
2026-08-01,celio,pantalon homme,https://www.celio.com/fr-be/c/pantalons,5.7,0,10
2026-08-01,celio,pantalon homme,https://www.celio.com/fr-be/c/pantalons-pantalons-droits,42,0,2
2026-08-01,celio,pantalon homme,https://www.celio.com/fr-fr/c/pantalons,1.7,19,462
2026-08-02,celio,pantalon homme,https://www.celio.com/fr-be/c/pantalons,5.2,0,13
2026-08-02,celio,pantalon homme,https://www.celio.com/fr-fr/c/pantalons,1.8,14,433
2026-08-02,celio,pantalon homme,https://www.celio.com/fr-fr/store?StoreID=0652,9,0,2
2026-08-02,celio,pantalon homme,https://www.celio.com/fr-fr/store?StoreID=1443,12.5,0,2
2026-08-03,celio,pantalon homme,https://www.celio.com/fr-be/c/pantalons,6.3,1,15
2026-08-03,celio,pantalon homme,https://www.celio.com/fr-fr/c/pantalons,1.7,17,443
2026-08-03,celio,pantalon homme,https://www.celio.com/fr-fr/store?StoreID=0091,5,0,2
2026-08-03,celio,pantalon homme,https://www.celio.com/fr-fr/store?StoreID=0766,6.5,0,2
2026-08-04,celio,pantalon homme,https://www.celio.com/fr-be/c/pantalons,5.9,0,16
2026-08-04,celio,pantalon homme,https://www.celio.com/fr-be/c/pantalons-pantalons-droits,41.5,0,2
2026-08-04,celio,pantalon homme,https://www.celio.com/fr-fr/c/pantalons,1.5,12,461
2026-08-05,celio,pantalon homme,https://www.celio.com/fr-be/c/pantalons,6.8,0,16
2026-08-05,celio,pantalon homme,https://www.celio.com/fr-fr/c/pantalons,1.5,14,453
2026-08-05,celio,pantalon homme,https://www.celio.com/fr-fr/c/pantalons-pantalons-cargos,70,0,2
2026-08-05,celio,pantalon homme,https://www.celio.com/fr-fr/c/pantalons-pantalons-decontractes,73,0,2
2026-08-05,celio,pantalon homme,https://www.celio.com/fr-fr/store?StoreID=0615,2,0,2
2026-08-05,celio,pantalon homme,https://www.celio.com/fr-fr/store?StoreID=1468,9,0,2
2026-08-05,celio,pantalon homme,https://www.celio.com/fr-fr/store?StoreID=1623,8,0,2
2026-08-06,celio,pantalon homme,https://www.celio.com/fr-be/c/pantalons,6.5,1,20
2026-08-06,celio,pantalon homme,https://www.celio.com/fr-fr/c/pantalons,1.5,11,455
2026-08-06,celio,pantalon homme,https://www.celio.com/fr-fr/c/pantalons-pantalons-decontractes,48.4,0,5
2026-08-06,celio,pantalon homme,https://www.celio.com/fr-fr/store?StoreID=0230,3.5,0,2
2026-08-07,celio,pantalon homme,https://www.celio.com/fr-be/c/pantalons,5.9,0,11
2026-08-07,celio,pantalon homme,https://www.celio.com/fr-fr/c/pantalons,1.5,10,454
2026-08-08,celio,pantalon homme,https://www.celio.com/fr-be/c/pantalons,5.2,0,16
2026-08-08,celio,pantalon homme,https://www.celio.com/fr-fr/c/pantalons,1.6,11,432
2026-08-08,celio,pantalon homme,https://www.celio.com/fr-fr/c/pantalons-pantalons-decontractes,21.3,0,3
2026-08-08,celio,pantalon homme,https://www.celio.com/fr-fr/store?StoreID=1443,4,0,2
2026-08-09,celio,pantalon homme,https://www.celio.com/fr-be/c/pantalons,5.4,0,14
2026-08-09,celio,pantalon homme,https://www.celio.com/fr-fr/c/pantalons,1.6,21,489
2026-08-09,celio,pantalon homme,https://www.celio.com/fr-fr/c/pantalons-pantalons-decontractes,29,0,2
2026-08-09,celio,pantalon homme,https://www.celio.com/fr-fr/store?StoreID=0001,8,0,2
2026-08-09,celio,pantalon homme,https://www.celio.com/fr-fr/store?StoreID=0274,3,0,2
2026-08-09,celio,pantalon homme,https://www.celio.com/fr-fr/store?StoreID=0766,2.5,0,2
2026-08-09,celio,pantalon homme,https://www.celio.com/fr-fr/store?StoreID=1687,12.5,0,2
2026-08-09,celio,pantalon homme,https://www.celio.com/fr-fr/store?StoreID=3201,13,0,2
2026-08-10,celio,pantalon homme,https://www.celio.com/fr-be/c/pantalons,5.2,1,18
2026-08-10,celio,pantalon homme,https://www.celio.com/fr-fr/c/pantalons,1.4,12,460
2026-08-10,celio,pantalon homme,https://www.celio.com/fr-fr/store?StoreID=0688,6,0,2
2026-08-10,celio,pantalon homme,https://www.celio.com/fr-fr/store?StoreID=1472,1,0,2
2026-08-11,celio,pantalon homme,https://www.celio.com/,10,0,3
2026-08-11,celio,pantalon homme,https://www.celio.com/fr-be/c/pantalons,5.3,0,17
2026-08-11,celio,pantalon homme,https://www.celio.com/fr-be/c/pantalons-pantalons-droits,39.5,0,2
2026-08-11,celio,pantalon homme,https://www.celio.com/fr-fr/c/pantalons,1.5,17,491
2026-08-11,celio,pantalon homme,https://www.celio.com/fr-fr/store?StoreID=0766,4.5,0,2
2026-08-12,celio,pantalon homme,https://www.celio.com/fr-be/c/pantalons,5.2,0,12
2026-08-12,celio,pantalon homme,https://www.celio.com/fr-fr/c/pantalons,1.7,13,453
2026-08-12,celio,pantalon homme,https://www.celio.com/fr-fr/c/pantalons-pantalons-decontractes,45,0,2
2026-08-12,celio,pantalon homme,https://www.celio.com/fr-fr/store?StoreID=0770,8,0,2
2026-08-13,celio,pantalon homme,https://www.celio.com/fr-be/c/pantalons,8.9,0,13
2026-08-13,celio,pantalon homme,https://www.celio.com/fr-fr/c/pantalons,1.6,10,421
2026-08-13,celio,pantalon homme,https://www.celio.com/fr-fr/c/pantalons-pantalons-24h,25,0,3
2026-08-13,celio,pantalon homme,https://www.celio.com/fr-fr/c/pantalons-pantalons-decontractes,16,0,4
2026-08-13,celio,pantalon homme,https://www.celio.com/fr-fr/store?StoreID=0149,9,0,2
2026-08-13,celio,pantalon homme,https://www.celio.com/fr-fr/store?StoreID=1618,1.5,0,2
2026-08-13,celio,pantalon homme,https://www.celio.com/fr-fr/store?StoreID=1643,2,0,2
2026-08-14,celio,pantalon homme,https://www.celio.com/fr-be/c/pantalons,8.1,0,16
2026-08-14,celio,pantalon homme,https://www.celio.com/fr-fr/c/pantalons,1.8,23,462
2026-08-14,celio,pantalon homme,https://www.celio.com/fr-fr/c/pantalons-pantalons-en-lin,5,0,2
2026-08-14,celio,pantalon homme,https://www.celio.com/fr-fr/store?StoreID=0745,8,0,2
2026-08-14,celio,pantalon homme,https://www.celio.com/fr-fr/store?StoreID=1646,6.5,0,2
2026-08-15,celio,pantalon homme,https://www.celio.com/fr-be/c/pantalons,7,0,4
2026-08-15,celio,pantalon homme,https://www.celio.com/fr-fr/c/pantalons,1.6,10,477
2026-08-15,celio,pantalon homme,https://www.celio.com/fr-fr/c/pantalons-pantalons-24h,25,0,2
2026-08-15,celio,pantalon homme,https://www.celio.com/fr-fr/c/pantalons-pantalons-decontractes,16,0,4
2026-08-15,celio,pantalon homme,https://www.celio.com/fr-fr/guide-taille/guide-des-tailles-pantalons.html,1.7,0,3
2026-08-16,celio,pantalon homme,https://www.celio.com/fr-be/c/pantalons,10.5,0,19
2026-08-16,celio,pantalon homme,https://www.celio.com/fr-fr/c/pantalons,1.8,19,542
2026-08-16,celio,pantalon homme,https://www.celio.com/fr-fr/c/pantalons-pantalons-decontractes,15.5,0,2
2026-08-16,celio,pantalon homme,https://www.celio.com/fr-fr/store?StoreID=0635,4.7,0,3
2026-08-16,celio,pantalon homme,https://www.celio.com/fr-fr/store?StoreID=1463,15,0,2
2026-08-17,celio,pantalon homme,https://www.celio.com/fr-be/c/pantalons,7.5,0,25
2026-08-17,celio,pantalon homme,https://www.celio.com/fr-fr/c/pantalons,1.7,15,517
2026-08-17,celio,pantalon homme,https://www.celio.com/fr-fr/c/pantalons-pantalons-decontractes,45.7,0,3
2026-08-17,celio,pantalon homme,https://www.celio.com/fr-fr/guide-taille/guide-des-tailles-pantalons.html,1.3,0,3
2026-08-17,celio,pantalon homme,https://www.celio.com/fr-fr/store?StoreID=0191,4.3,0,3
2026-08-18,celio,pantalon homme,https://www.celio.com/fr-be/c/pantalons,6.7,0,19
2026-08-18,celio,pantalon homme,https://www.celio.com/fr-fr/c/pantalons,1.8,18,507
2026-08-18,celio,pantalon homme,https://www.celio.com/fr-fr/store?StoreID=0194,1,0,2
2026-08-18,celio,pantalon homme,https://www.celio.com/fr-fr/store?StoreID=1412,11,0,2
2026-08-19,celio,pantalon homme,https://www.celio.com/fr-be/c/pantalons,4.6,0,16
2026-08-19,celio,pantalon homme,https://www.celio.com/fr-fr/c/pantalons,1.8,18,589
2026-08-19,celio,pantalon homme,https://www.celio.com/fr-fr/store?StoreID=0770,7,0,2
2026-08-20,celio,pantalon homme,https://www.celio.com/fr-be/c/pantalons,6.5,0,13
2026-08-20,celio,pantalon homme,https://www.celio.com/fr-fr/c/pantalons,1.9,18,556
2026-08-20,celio,pantalon homme,https://www.celio.com/fr-fr/store?StoreID=1455,6,0,2
2026-08-20,celio,pantalon homme,https://www.celio.com/fr-fr/store?StoreID=1456,4,0,3
2026-08-21,celio,pantalon homme,https://www.celio.com/fr-be/c/pantalons,5.5,0,13
2026-08-21,celio,pantalon homme,https://www.celio.com/fr-be/c/pantalons-pantalons-decontractes,9.5,0,2
2026-08-21,celio,pantalon homme,https://www.celio.com/fr-fr/c/pantalons,1.9,19,567
2026-08-21,celio,pantalon homme,https://www.celio.com/fr-fr/store?StoreID=0108,10.7,0,3
2026-08-21,celio,pantalon homme,https://www.celio.com/fr-fr/store?StoreID=0255,5.5,0,2
2026-08-22,celio,pantalon homme,https://www.celio.com/fr-be/c/pantalons,4.9,0,17
2026-08-22,celio,pantalon homme,https://www.celio.com/fr-be/c/pantalons-pantalons-droits,40,0,2
2026-08-22,celio,pantalon homme,https://www.celio.com/fr-fr/c/pantalons,2.0,18,616
2026-08-22,celio,pantalon homme,https://www.celio.com/fr-fr/store?StoreID=0080,8.5,0,2
2026-08-22,celio,pantalon homme,https://www.celio.com/fr-fr/store?StoreID=0118,2,0,2
2026-08-23,celio,pantalon homme,https://www.celio.com/fr-be/c/pantalons,5.3,0,18
2026-08-23,celio,pantalon homme,https://www.celio.com/fr-fr/c/pantalons,2.2,18,631
2026-08-23,celio,pantalon homme,https://www.celio.com/fr-fr/store?StoreID=0046,8,0,2
2026-08-23,celio,pantalon homme,https://www.celio.com/fr-fr/store?StoreID=0191,1,0,2
2026-08-23,celio,pantalon homme,https://www.celio.com/fr-fr/store?StoreID=0227,1,0,2
2026-08-23,celio,pantalon homme,https://www.celio.com/fr-fr/store?StoreID=0272,7,0,2
2026-08-23,celio,pantalon homme,https://www.celio.com/fr-fr/store?StoreID=0274,1,0,2
2026-08-23,celio,pantalon homme,https://www.celio.com/fr-fr/store?StoreID=0602,7,0,2
2026-08-23,celio,pantalon homme,https://www.celio.com/fr-fr/store?StoreID=0615,3,0,2
2026-08-23,celio,pantalon homme,https://www.celio.com/fr-fr/store?StoreID=0625,20,0,2
2026-08-23,celio,pantalon homme,https://www.celio.com/fr-fr/store?StoreID=1688,2,0,2
2026-08-24,celio,pantalon homme,https://www.celio.com/fr-be/c/pantalons,5.8,1,19
2026-08-24,celio,pantalon homme,https://www.celio.com/fr-be/c/pantalons-pantalons-droits,40.5,0,2
2026-08-24,celio,pantalon homme,https://www.celio.com/fr-fr/c/pantalons,1.9,35,558
2026-08-24,celio,pantalon homme,https://www.celio.com/fr-fr/store?StoreID=0118,7,0,2
2026-08-24,celio,pantalon homme,https://www.celio.com/fr-fr/store?StoreID=0778,6.5,0,2
2026-08-24,celio,pantalon homme,https://www.celio.com/fr-fr/store?StoreID=1621,2,0,4
2026-08-25,celio,pantalon homme,https://www.celio.com/fr-be/c/pantalons,6,0,21
2026-08-25,celio,pantalon homme,https://www.celio.com/fr-fr/c/pantalons,1.6,16,647
2026-08-25,celio,pantalon homme,https://www.celio.com/fr-fr/store?StoreID=0118,11.5,0,2
2026-08-25,celio,pantalon homme,https://www.celio.com/fr-fr/store?StoreID=0132,8.5,0,2
2026-08-25,celio,pantalon homme,https://www.celio.com/fr-fr/store?StoreID=0230,2,0,2
2026-08-26,celio,pantalon homme,https://www.celio.com/fr-be/c/pantalons,4.2,0,18
2026-08-26,celio,pantalon homme,https://www.celio.com/fr-be/c/pantalons-pantalons-droits,40,0,2
2026-08-26,celio,pantalon homme,https://www.celio.com/fr-fr/c/pantalons,2.0,22,655
2026-08-26,celio,pantalon homme,https://www.celio.com/fr-fr/store?StoreID=0004,4,0,3
2026-08-26,celio,pantalon homme,https://www.celio.com/fr-fr/store?StoreID=0685,7.3,0,3
2026-08-27,celio,pantalon homme,https://www.celio.com/fr-be/c/pantalons,6.4,0,18
2026-08-27,celio,pantalon homme,https://www.celio.com/fr-fr/c/pantalons,1.6,22,625
2026-08-27,celio,pantalon homme,https://www.celio.com/fr-fr/store?StoreID=0040,6.5,0,2
2026-08-27,celio,pantalon homme,https://www.celio.com/fr-fr/store?StoreID=0085,7,0,2
2026-08-27,celio,pantalon homme,https://www.celio.com/fr-fr/store?StoreID=0284,3.5,0,2
2026-08-28,celio,pantalon homme,https://www.celio.com/fr-be/c/pantalons,3.9,0,15
2026-08-28,celio,pantalon homme,https://www.celio.com/fr-fr/c/pantalons,1.7,12,582
2026-08-28,celio,pantalon homme,https://www.celio.com/fr-fr/store?StoreID=0230,6.3,0,3
2026-08-28,celio,pantalon homme,https://www.celio.com/fr-fr/store?StoreID=0635,8,0,2
2026-08-28,celio,pantalon homme,https://www.celio.com/fr-fr/store?StoreID=0769,2,0,3
2026-08-28,celio,pantalon homme,https://www.celio.com/fr-fr/store?StoreID=1643,5.5,0,2
2026-08-29,celio,pantalon homme,https://www.celio.com/fr-be/c/pantalons,6.5,0,35
2026-08-29,celio,pantalon homme,https://www.celio.com/fr-be/c/pantalons-pantalons-droits,40,0,2
2026-08-29,celio,pantalon homme,https://www.celio.com/fr-be/store?StoreID=0389,4.5,0,2
2026-08-29,celio,pantalon homme,https://www.celio.com/fr-fr/c/pantalons,1.5,21,625
2026-08-29,celio,pantalon homme,https://www.celio.com/fr-fr/c/pantalons-pantalons-decontractes,66.3,0,3
2026-08-29,celio,pantalon homme,https://www.celio.com/fr-fr/store?StoreID=0085,5,0,3
2026-08-29,celio,pantalon homme,https://www.celio.com/fr-fr/store?StoreID=0224,3.5,0,2
2026-08-29,celio,pantalon homme,https://www.celio.com/fr-fr/store?StoreID=0227,5,0,2
2026-08-29,celio,pantalon homme,https://www.celio.com/fr-fr/store?StoreID=0230,6,0,3
2026-08-29,celio,pantalon homme,https://www.celio.com/fr-fr/store?StoreID=0603,9.5,0,2
2026-08-29,celio,pantalon homme,https://www.celio.com/fr-fr/store?StoreID=1410,5.7,0,3
2026-08-30,celio,pantalon homme,https://www.celio.com/fr-be/c/pantalons,6.3,1,26
2026-08-30,celio,pantalon homme,https://www.celio.com/fr-be/c/pantalons-pantalons-droits,39.5,0,2
2026-08-30,celio,pantalon homme,https://www.celio.com/fr-fr/c/pantalons,1.6,35,721
2026-08-30,celio,pantalon homme,https://www.celio.com/fr-fr/c/pantalons-pantalons-decontractes,24.8,0,4
2026-08-30,celio,pantalon homme,https://www.celio.com/fr-fr/store?StoreID=0031,3,0,2
2026-08-30,celio,pantalon homme,https://www.celio.com/fr-fr/store?StoreID=0068,7,0,2
2026-08-30,celio,pantalon homme,https://www.celio.com/fr-fr/store?StoreID=0080,2.5,0,2
2026-08-30,celio,pantalon homme,https://www.celio.com/fr-fr/store?StoreID=0298,2,0,2
2026-08-30,celio,pantalon homme,https://www.celio.com/fr-fr/store?StoreID=0623,2,0,4
2026-08-31,celio,pantalon homme,https://www.celio.com/fr-be/c/pantalons,6.2,0,40
2026-08-31,celio,pantalon homme,https://www.celio.com/fr-be/store?StoreID=3507,3.5,0,2
2026-08-31,celio,pantalon homme,https://www.celio.com/fr-fr/c/pantalons,1.4,34,624
2026-08-31,celio,pantalon homme,https://www.celio.com/fr-fr/c/pantalons-pantalons-24h,74,0,4
2026-08-31,celio,pantalon homme,https://www.celio.com/fr-fr/c/pantalons-pantalons-decontractes,53.8,0,5
2026-08-31,celio,pantalon homme,https://www.celio.com/fr-fr/store?StoreID=0020,11,0,2
2026-08-31,celio,pantalon homme,https://www.celio.com/fr-fr/store?StoreID=0149,9,0,2
2026-08-31,celio,pantalon homme,https://www.celio.com/fr-fr/store?StoreID=0217,2.5,0,2
2026-08-31,celio,pantalon homme,https://www.celio.com/fr-fr/store?StoreID=0263,6.5,0,2
2026-08-31,celio,pantalon homme,https://www.celio.com/fr-fr/store?StoreID=0674,7,0,2
2026-08-31,celio,pantalon homme,https://www.celio.com/fr-fr/store?StoreID=1473,3,0,2
2026-09-01,celio,pantalon homme,https://www.celio.com/fr-be/c/pantalons,10.9,1,21
2026-09-01,celio,pantalon homme,https://www.celio.com/fr-fr/c/pantalons,1.5,27,625
2026-09-01,celio,pantalon homme,https://www.celio.com/fr-fr/c/pantalons-pantalons-decontractes,60,0,2
2026-09-01,celio,pantalon homme,https://www.celio.com/fr-fr/store?StoreID=0149,7,0,2
2026-09-01,celio,pantalon homme,https://www.celio.com/fr-fr/store?StoreID=0281,10.7,0,3
2026-09-02,celio,pantalon homme,https://www.celio.com/fr-be/c/pantalons,12.1,1,19
2026-09-02,celio,pantalon homme,https://www.celio.com/fr-fr/c/pantalons,1.5,21,622
2026-09-02,celio,pantalon homme,https://www.celio.com/fr-fr/c/pantalons-pantalons-decontractes,2,0,2
2026-09-02,celio,pantalon homme,https://www.celio.com/fr-fr/store?StoreID=0040,5,0,2
2026-09-02,celio,pantalon homme,https://www.celio.com/fr-fr/store?StoreID=0118,4.5,0,2
2026-09-02,celio,pantalon homme,https://www.celio.com/fr-fr/store?StoreID=0769,7,0,2
2026-09-02,celio,pantalon homme,https://www.celio.com/fr-fr/store?StoreID=1531,4,0,2
2026-09-02,celio,pantalon homme,https://www.celio.com/fr-fr/store?StoreID=1664,4,0,2
2026-09-03,celio,pantalon homme,https://www.celio.com/fr-be/c/pantalons,10.8,0,16
2026-09-03,celio,pantalon homme,https://www.celio.com/fr-be/c/pantalons-pantalons-droits,43.5,0,2
2026-09-03,celio,pantalon homme,https://www.celio.com/fr-be/store?StoreID=0349,6,0,2
2026-09-03,celio,pantalon homme,https://www.celio.com/fr-fr/c/pantalons,1.8,19,570
2026-09-03,celio,pantalon homme,https://www.celio.com/fr-fr/store?StoreID=0191,7,1,2
2026-09-03,celio,pantalon homme,https://www.celio.com/fr-fr/store?StoreID=0632,11,0,2
2026-09-03,celio,pantalon homme,https://www.celio.com/fr-fr/store?StoreID=1643,5,0,2
2026-09-04,celio,pantalon homme,https://www.celio.com/fr-be/c/pantalons,8.8,1,17
2026-09-04,celio,pantalon homme,https://www.celio.com/fr-be/store?StoreID=3504,13,0,3
2026-09-04,celio,pantalon homme,https://www.celio.com/fr-fr/c/pantalons,1.3,29,551
2026-09-04,celio,pantalon homme,https://www.celio.com/fr-fr/c/pantalons-pantalons-decontractes,48.5,0,2
2026-09-04,celio,pantalon homme,https://www.celio.com/fr-fr/store?StoreID=0012,4.3,0,3
2026-09-04,celio,pantalon homme,https://www.celio.com/fr-fr/store?StoreID=0132,8,0,2
2026-09-04,celio,pantalon homme,https://www.celio.com/fr-fr/store?StoreID=1618,4.7,0,3
2026-09-05,celio,pantalon homme,https://www.celio.com/fr-be/c/pantalons,13.9,0,14
2026-09-05,celio,pantalon homme,https://www.celio.com/fr-fr/c/pantalons,1.6,21,686
2026-09-05,celio,pantalon homme,https://www.celio.com/fr-fr/store?StoreID=0766,3.5,0,2
2026-09-05,celio,pantalon homme,https://www.celio.com/fr-fr/store?StoreID=0769,3,0,3
2026-09-06,celio,pantalon homme,https://www.celio.com/fr-be/c/pantalons,8.2,0,19
2026-09-06,celio,pantalon homme,https://www.celio.com/fr-fr/c/pantalons,1.4,18,745
2026-09-06,celio,pantalon homme,https://www.celio.com/fr-fr/c/pantalons-pantalons-habilles,51.5,0,2
2026-09-06,celio,pantalon homme,https://www.celio.com/fr-fr/store?StoreID=0080,8.5,0,2
2026-09-06,celio,pantalon homme,https://www.celio.com/fr-fr/store?StoreID=0097,7,0,2
2026-09-06,celio,pantalon homme,https://www.celio.com/fr-fr/store?StoreID=0230,7.5,0,2
2026-09-06,celio,pantalon homme,https://www.celio.com/fr-fr/store?StoreID=0605,7,0,4
2026-09-06,celio,pantalon homme,https://www.celio.com/fr-fr/store?StoreID=0655,3,0,2
2026-09-06,celio,pantalon homme,https://www.celio.com/fr-fr/store?StoreID=1040,4,0,5
2026-09-06,celio,pantalon homme,https://www.celio.com/fr-fr/store?StoreID=1460,10,0,2
2026-09-06,celio,pantalon homme,https://www.celio.com/fr-fr/store?StoreID=1463,11,0,2
2026-09-07,celio,pantalon homme,https://www.celio.com/fr-be/c/pantalons,8.5,0,26
2026-09-07,celio,pantalon homme,https://www.celio.com/fr-fr/c/pantalons,1.6,24,604
2026-09-07,celio,pantalon homme,https://www.celio.com/fr-fr/c/pantalons-pantalons-habilles,53,0,4
2026-09-07,celio,pantalon homme,https://www.celio.com/fr-fr/guide-taille/guide-des-tailles-pantalons.html,1.8,1,4
2026-09-07,celio,pantalon homme,https://www.celio.com/fr-fr/store?StoreID=0040,13.5,0,2
2026-09-07,celio,pantalon homme,https://www.celio.com/fr-fr/store?StoreID=0118,6,0,2
2026-09-07,celio,pantalon homme,https://www.celio.com/fr-fr/store?StoreID=1643,10.5,0,2
2026-09-08,celio,pantalon homme,https://www.celio.com/en-fr/c/pants,9,0,2
2026-09-08,celio,pantalon homme,https://www.celio.com/fr-be/c/pantalons,6.3,0,20
2026-09-08,celio,pantalon homme,https://www.celio.com/fr-fr/c/pantalons,1.6,16,557
2026-09-08,celio,pantalon homme,https://www.celio.com/fr-fr/c/pantalons-pantalons-decontractes,2,0,2
2026-09-08,celio,pantalon homme,https://www.celio.com/fr-fr/guide-taille/guide-des-tailles-pantalons.html,1.5,0,2
2026-09-08,celio,pantalon homme,https://www.celio.com/fr-fr/store?StoreID=0191,2.5,0,2
2026-09-08,celio,pantalon homme,https://www.celio.com/fr-fr/store?StoreID=0230,4.3,0,3
2026-09-08,celio,pantalon homme,https://www.celio.com/fr-fr/store?StoreID=0745,9,0,2
2026-09-08,celio,pantalon homme,https://www.celio.com/fr-fr/store?StoreID=0768,6,0,2
2026-09-08,celio,pantalon homme,https://www.celio.com/fr-fr/store?StoreID=1451,1,1,2
2026-09-09,celio,pantalon homme,https://www.celio.com/fr-be/c/pantalons,5.2,0,28
2026-09-09,celio,pantalon homme,https://www.celio.com/fr-be/c/pantalons-pantalons-droits,44,0,4
2026-09-09,celio,pantalon homme,https://www.celio.com/fr-fr/c/pantalons,1.6,28,651
2026-09-09,celio,pantalon homme,https://www.celio.com/fr-fr/c/pantalons-pantalons-decontractes,23,0,2
2026-09-09,celio,pantalon homme,https://www.celio.com/fr-fr/c/pantalons-pantalons-en-coton,30,0,4
2026-09-09,celio,pantalon homme,https://www.celio.com/fr-fr/guide-taille/guide-des-tailles-pantalons.html,1,0,2
2026-09-09,celio,pantalon homme,https://www.celio.com/fr-fr/store?StoreID=0097,3,0,2
2026-09-09,celio,pantalon homme,https://www.celio.com/fr-fr/store?StoreID=0118,5,0,2
2026-09-09,celio,pantalon homme,https://www.celio.com/fr-fr/store?StoreID=0128,4,0,2
2026-09-09,celio,pantalon homme,https://www.celio.com/fr-fr/store?StoreID=0230,9.7,0,3
2026-09-09,celio,pantalon homme,https://www.celio.com/fr-fr/store?StoreID=0255,2,0,2
2026-09-09,celio,pantalon homme,https://www.celio.com/fr-fr/store?StoreID=0614,5.5,0,2
2026-09-09,celio,pantalon homme,https://www.celio.com/fr-fr/store?StoreID=0635,7,0,2
2026-09-09,celio,pantalon homme,https://www.celio.com/fr-fr/store?StoreID=0745,8,0,2
2026-09-09,celio,pantalon homme,https://www.celio.com/fr-fr/store?StoreID=0768,12,0,2
2026-09-09,celio,pantalon homme,https://www.celio.com/fr-fr/store?StoreID=1670,12,0,3
2026-09-09,celio,pantalon homme,https://www.celio.com/fr-fr/store?StoreID=1683,5,0,2
2026-09-10,celio,pantalon homme,https://www.celio.com/fr-be/c/pantalons,3.9,0,17
2026-09-10,celio,pantalon homme,https://www.celio.com/fr-be/c/pantalons-pantalons-droits,44,0,2
2026-09-10,celio,pantalon homme,https://www.celio.com/fr-be/store?StoreID=0389,4,0,2
2026-09-10,celio,pantalon homme,https://www.celio.com/fr-fr/c/pantalons,1.8,37,630
2026-09-10,celio,pantalon homme,https://www.celio.com/fr-fr/guide-taille/guide-des-tailles-pantalons.html,1.5,0,2
2026-09-10,celio,pantalon homme,https://www.celio.com/fr-fr/store?StoreID=0267,9,0,2
2026-09-10,celio,pantalon homme,https://www.celio.com/fr-fr/store?StoreID=0771,10,0,2
2026-09-11,celio,pantalon homme,https://www.celio.com/fr-be/c/pantalons,4.0,0,23
2026-09-11,celio,pantalon homme,https://www.celio.com/fr-be/c/pantalons-pantalons-decontractes,10.8,0,4
2026-09-11,celio,pantalon homme,https://www.celio.com/fr-fr/c/pantalons,1.7,17,590
2026-09-11,celio,pantalon homme,https://www.celio.com/fr-fr/c/pantalons-pantalons-chauds,45.5,0,2
2026-09-11,celio,pantalon homme,https://www.celio.com/fr-fr/c/pantalons-pantalons-decontractes,19,0,3
2026-09-11,celio,pantalon homme,https://www.celio.com/fr-fr/guide-taille/guide-des-tailles-pantalons.html,1,0,2
2026-09-11,celio,pantalon homme,https://www.celio.com/fr-fr/store?StoreID=0016,7,0,2
2026-09-11,celio,pantalon homme,https://www.celio.com/fr-fr/store?StoreID=0632,4,0,3
2026-09-11,celio,pantalon homme,https://www.celio.com/fr-fr/store?StoreID=1451,4,0,3
2026-09-11,celio,pantalon homme,https://www.celio.com/fr-fr/store?StoreID=1643,3.8,0,4
2026-09-12,celio,pantalon homme,https://www.celio.com/fr-be/c/pantalons,4.0,0,23
2026-09-12,celio,pantalon homme,https://www.celio.com/fr-be/c/pantalons-pantalons-decontractes,6,0,4
2026-09-12,celio,pantalon homme,https://www.celio.com/fr-fr/c/pantalons,1.6,17,673
2026-09-12,celio,pantalon homme,https://www.celio.com/fr-fr/store?StoreID=0623,16.3,0,3
2026-09-13,celio,pantalon homme,https://www.celio.com/fr-be/c/pantalons,5.3,0,19
2026-09-13,celio,pantalon homme,https://www.celio.com/fr-be/c/pantalons-pantalons-decontractes,9.8,0,5
2026-09-13,celio,pantalon homme,https://www.celio.com/fr-fr/c/pantalons,1.5,26,733
2026-09-13,celio,pantalon homme,https://www.celio.com/fr-fr/c/pantalons-pantalons-decontractes,32,0,4
2026-09-13,celio,pantalon homme,https://www.celio.com/fr-fr/store?StoreID=0230,7.5,0,4
2026-09-13,celio,pantalon homme,https://www.celio.com/fr-fr/store?StoreID=0284,7,0,2
2026-09-13,celio,pantalon homme,https://www.celio.com/fr-fr/store?StoreID=0797,9,0,3
2026-09-14,celio,pantalon homme,https://www.celio.com/fr-be/c/pantalons,3.8,1,18
2026-09-14,celio,pantalon homme,https://www.celio.com/fr-be/c/pantalons-pantalons-decontractes,10.7,0,3
2026-09-14,celio,pantalon homme,https://www.celio.com/fr-be/c/pantalons-pantalons-droits,50.8,0,4
2026-09-14,celio,pantalon homme,https://www.celio.com/fr-fr/c/pantalons,1.8,20,618
2026-09-14,celio,pantalon homme,https://www.celio.com/fr-fr/c/pantalons-pantalons-amples,6.5,0,6
2026-09-14,celio,pantalon homme,https://www.celio.com/fr-fr/guide-taille/guide-des-tailles-pantalons.html,1,0,3
2026-09-14,celio,pantalon homme,https://www.celio.com/fr-fr/store?StoreID=0123,7.5,0,2
2026-09-14,celio,pantalon homme,https://www.celio.com/fr-fr/store?StoreID=0762,6.5,0,2
2026-09-14,celio,pantalon homme,https://www.celio.com/fr-fr/store?StoreID=1475,9.7,0,3
2026-09-15,celio,pantalon homme,https://www.celio.com/fr-be/c/pantalons,3,0,19
2026-09-15,celio,pantalon homme,https://www.celio.com/fr-fr/c/pantalons,1.6,19,581
2026-09-15,celio,pantalon homme,https://www.celio.com/fr-fr/c/pantalons-pantalons-amples,6.1,3,32
2026-09-15,celio,pantalon homme,https://www.celio.com/fr-fr/store?StoreID=0149,11,0,2
2026-09-15,celio,pantalon homme,https://www.celio.com/fr-fr/store?StoreID=0230,9.5,0,2
2026-09-15,celio,pantalon homme,https://www.celio.com/fr-fr/store?StoreID=0745,2,0,2
2026-09-15,celio,pantalon homme,https://www.celio.com/fr-fr/store?StoreID=0770,8,0,2
2026-09-15,celio,pantalon homme,https://www.celio.com/fr-fr/store?StoreID=0778,8,0,3
2026-09-16,celio,pantalon homme,https://www.celio.com/fr-be/c/pantalons,6.6,0,22
2026-09-16,celio,pantalon homme,https://www.celio.com/fr-fr/c/pantalons,2.0,20,607
2026-09-16,celio,pantalon homme,https://www.celio.com/fr-fr/store?StoreID=0149,10.5,0,2
2026-09-16,celio,pantalon homme,https://www.celio.com/fr-fr/store?StoreID=0284,7,0,2
2026-09-16,celio,pantalon homme,https://www.celio.com/fr-fr/store?StoreID=0635,7,0,2
2026-09-16,celio,pantalon homme,https://www.celio.com/fr-fr/store?StoreID=1623,9,0,2
2026-09-16,celio,pantalon homme,https://www.celio.com/fr-fr/store?StoreID=1687,11.5,0,2
2026-09-17,celio,pantalon homme,https://www.celio.com/en-fr/c/pants,7.5,0,2
2026-09-17,celio,pantalon homme,https://www.celio.com/fr-be/c/pantalons,4.3,0,32
2026-09-17,celio,pantalon homme,https://www.celio.com/fr-fr/c/pantalons,2.3,19,574
2026-09-17,celio,pantalon homme,https://www.celio.com/fr-fr/store?StoreID=0149,5,0,3
2026-09-17,celio,pantalon homme,https://www.celio.com/fr-fr/store?StoreID=0281,4,0,2
2026-09-17,celio,pantalon homme,https://www.celio.com/fr-fr/store?StoreID=0770,9.5,0,2
2026-09-17,celio,pantalon homme,https://www.celio.com/fr-fr/store?StoreID=1686,2.5,0,2
2026-09-18,celio,pantalon homme,https://www.celio.com/fr-be/c/pantalons,3.8,0,12
2026-09-18,celio,pantalon homme,https://www.celio.com/fr-fr/c/pantalons,2.1,18,554
2026-09-18,celio,pantalon homme,https://www.celio.com/fr-fr/c/pantalons-pantalons-24h,13.3,0,12
2026-09-18,celio,pantalon homme,https://www.celio.com/fr-fr/c/pantalons-pantalons-decontractes,19.7,0,3
2026-09-18,celio,pantalon homme,https://www.celio.com/fr-fr/store?StoreID=1623,8,0,2
2026-09-19,celio,pantalon homme,https://www.celio.com/fr-be/c/pantalons,4.8,0,21
2026-09-19,celio,pantalon homme,https://www.celio.com/fr-fr/c/pantalons,2.2,22,688
2026-09-19,celio,pantalon homme,https://www.celio.com/fr-fr/c/pantalons-pantalons-24h,46.3,0,6
2026-09-19,celio,pantalon homme,https://www.celio.com/fr-fr/store?StoreID=0217,3,0,2
2026-09-20,celio,pantalon homme,https://www.celio.com/fr-be/c/pantalons,5.6,0,25
2026-09-20,celio,pantalon homme,https://www.celio.com/fr-be/store?StoreID=0389,2.5,0,2
2026-09-20,celio,pantalon homme,https://www.celio.com/fr-fr/c/pantalons,1.8,24,708
2026-09-20,celio,pantalon homme,https://www.celio.com/fr-fr/guide-taille/guide-des-tailles-pantalons.html,2,0,3
2026-09-20,celio,pantalon homme,https://www.celio.com/fr-fr/store?StoreID=0067,6,0,2
2026-09-20,celio,pantalon homme,https://www.celio.com/fr-fr/store?StoreID=0187,2.5,0,2
2026-09-20,celio,pantalon homme,https://www.celio.com/fr-fr/store?StoreID=0191,7,0,2
2026-09-20,celio,pantalon homme,https://www.celio.com/fr-fr/store?StoreID=0698,5.5,0,2
2026-09-20,celio,pantalon homme,https://www.celio.com/fr-fr/store?StoreID=1475,7,0,2
2026-09-21,celio,pantalon homme,https://www.celio.com/fr-be/c/pantalons,6.9,0,25
2026-09-21,celio,pantalon homme,https://www.celio.com/fr-fr/c/pantalons,2.0,22,621
2026-09-21,celio,pantalon homme,https://www.celio.com/fr-fr/store?StoreID=0080,5,0,2
2026-09-21,celio,pantalon homme,https://www.celio.com/fr-fr/store?StoreID=0108,5,0,3
2026-09-21,celio,pantalon homme,https://www.celio.com/fr-fr/store?StoreID=0172,7,0,2
2026-09-21,celio,pantalon homme,https://www.celio.com/fr-fr/store?StoreID=0230,9.3,0,3
2026-09-22,celio,pantalon homme,https://www.celio.com/en-fr/c/pants,5.7,0,3
2026-09-22,celio,pantalon homme,https://www.celio.com/fr-be/c/pantalons,6.2,0,28
2026-09-22,celio,pantalon homme,https://www.celio.com/fr-fr/c/pantalons,1.9,22,627
2026-09-22,celio,pantalon homme,https://www.celio.com/fr-fr/c/pantalons-pantalons-decontractes,12.3,0,3
2026-09-22,celio,pantalon homme,https://www.celio.com/fr-fr/guide-taille/guide-des-tailles-pantalons.html,1.5,0,2
2026-09-22,celio,pantalon homme,https://www.celio.com/fr-fr/store?StoreID=0132,12,0,2
2026-09-22,celio,pantalon homme,https://www.celio.com/fr-fr/store?StoreID=0191,4.3,0,3
2026-09-22,celio,pantalon homme,https://www.celio.com/fr-fr/store?StoreID=0230,6.5,0,2
2026-09-22,celio,pantalon homme,https://www.celio.com/fr-fr/store?StoreID=0635,6,0,2
2026-09-22,celio,pantalon homme,https://www.celio.com/fr-fr/store?StoreID=0762,5,0,2
2026-09-22,celio,pantalon homme,https://www.celio.com/fr-fr/store?StoreID=0768,5.3,0,3
2026-09-22,celio,pantalon homme,https://www.celio.com/fr-fr/store?StoreID=1455,3,0,2
2026-09-23,celio,pantalon homme,https://www.celio.com/en-fr/c/pants,8.7,0,3
2026-09-23,celio,pantalon homme,https://www.celio.com/fr-be/c/pantalons,5.2,0,23
2026-09-23,celio,pantalon homme,https://www.celio.com/fr-be/store?StoreID=0389,4.7,0,3
2026-09-23,celio,pantalon homme,https://www.celio.com/fr-fr/c/pantalons,2.0,17,597
2026-09-23,celio,pantalon homme,https://www.celio.com/fr-fr/guide-taille/guide-des-tailles-pantalons.html,1.5,0,2
2026-09-23,celio,pantalon homme,https://www.celio.com/fr-fr/store?StoreID=0162,3.5,0,2
2026-09-23,celio,pantalon homme,https://www.celio.com/fr-fr/store?StoreID=0230,11.5,0,4
2026-09-23,celio,pantalon homme,https://www.celio.com/fr-fr/store?StoreID=0235,8,0,2
2026-09-23,celio,pantalon homme,https://www.celio.com/fr-fr/store?StoreID=0263,3,0,2
2026-09-23,celio,pantalon homme,https://www.celio.com/fr-fr/store?StoreID=0623,2,0,2
2026-09-23,celio,pantalon homme,https://www.celio.com/fr-fr/store?StoreID=0768,6.3,0,3
2026-09-23,celio,pantalon homme,https://www.celio.com/fr-fr/store?StoreID=1489,2.5,0,2
2026-09-24,celio,pantalon homme,https://www.celio.com/fr-be/c/pantalons,4.1,0,28
2026-09-24,celio,pantalon homme,https://www.celio.com/fr-be/c/pantalons-pantalons-droits,41,0,2
2026-09-24,celio,pantalon homme,https://www.celio.com/fr-be/store?StoreID=0348,6,0,4
2026-09-24,celio,pantalon homme,https://www.celio.com/fr-fr/c/pantalons,1.8,25,570
2026-09-24,celio,pantalon homme,https://www.celio.com/fr-fr/c/pantalons-pantalons-decontractes,23.1,0,10
2026-09-24,celio,pantalon homme,https://www.celio.com/fr-fr/c/vetements-pas-chers-pantalons-pas-chers,27,0,4
2026-09-24,celio,pantalon homme,https://www.celio.com/fr-fr/store?StoreID=0037,2.5,0,2
2026-09-24,celio,pantalon homme,https://www.celio.com/fr-fr/store?StoreID=0230,10.8,0,5
2026-09-24,celio,pantalon homme,https://www.celio.com/fr-fr/store?StoreID=0235,8,0,2
2026-09-24,celio,pantalon homme,https://www.celio.com/fr-fr/store?StoreID=0614,6.7,0,3
2026-09-24,celio,pantalon homme,https://www.celio.com/fr-fr/store?StoreID=0632,4,0,2
2026-09-24,celio,pantalon homme,https://www.celio.com/fr-fr/store?StoreID=0671,2,0,2
2026-09-24,celio,pantalon homme,https://www.celio.com/fr-fr/store?StoreID=0698,5,0,2
2026-09-24,celio,pantalon homme,https://www.celio.com/fr-fr/store?StoreID=0745,2,0,3
2026-09-24,celio,pantalon homme,https://www.celio.com/fr-fr/store?StoreID=0762,6,0,2
2026-09-24,celio,pantalon homme,https://www.celio.com/fr-fr/store?StoreID=1670,5,0,2
2026-09-25,celio,pantalon homme,https://www.celio.com/fr-be/c/pantalons,6.6,0,16
2026-09-25,celio,pantalon homme,https://www.celio.com/fr-fr/c/pantalons,1.8,17,550
2026-09-25,celio,pantalon homme,https://www.celio.com/fr-fr/c/pantalons-pantalons-decontractes,22.6,0,7
2026-09-25,celio,pantalon homme,https://www.celio.com/fr-fr/c/pantalons-pantalons-noirs,26.2,0,4
2026-09-25,celio,pantalon homme,https://www.celio.com/fr-fr/store?StoreID=0038,7,0,2
2026-09-25,celio,pantalon homme,https://www.celio.com/fr-fr/store?StoreID=0070,11,0,2
2026-09-25,celio,pantalon homme,https://www.celio.com/fr-fr/store?StoreID=0230,8.2,0,4
2026-09-25,celio,pantalon homme,https://www.celio.com/fr-fr/store?StoreID=0281,2,0,2
2026-09-25,celio,pantalon homme,https://www.celio.com/fr-fr/store?StoreID=0635,10,0,2
2026-09-25,celio,pantalon homme,https://www.celio.com/fr-fr/store?StoreID=0688,9,0,2
2026-09-25,celio,pantalon homme,https://www.celio.com/fr-fr/store?StoreID=0797,2.7,0,3
2026-09-25,celio,pantalon homme,https://www.celio.com/fr-fr/store?StoreID=1618,2,0,2
2026-09-26,celio,pantalon homme,https://www.celio.com/fr-be/c/pantalons,7.2,0,20
2026-09-26,celio,pantalon homme,https://www.celio.com/fr-fr/c/pantalons,1.8,27,678
2026-09-26,celio,pantalon homme,https://www.celio.com/fr-fr/c/pantalons-pantalons-decontractes,13.9,0,9
2026-09-26,celio,pantalon homme,https://www.celio.com/fr-fr/c/pantalons-pantalons-noirs,23,0,3
2026-09-26,celio,pantalon homme,https://www.celio.com/fr-fr/guide-taille/guide-des-tailles-pantalons.html,1.3,0,3
2026-09-26,celio,pantalon homme,https://www.celio.com/fr-fr/store?StoreID=0149,10,0,3
2026-09-26,celio,pantalon homme,https://www.celio.com/fr-fr/store?StoreID=0263,10.7,0,3
2026-09-26,celio,pantalon homme,https://www.celio.com/fr-fr/store?StoreID=0603,2,0,2
2026-09-26,celio,pantalon homme,https://www.celio.com/fr-fr/store?StoreID=0635,2,0,3
2026-09-26,celio,pantalon homme,https://www.celio.com/fr-fr/store?StoreID=0766,8.3,0,3
2026-09-26,celio,pantalon homme,https://www.celio.com/fr-fr/store?StoreID=1623,2,0,3
2026-09-26,celio,pantalon homme,https://www.celio.com/fr-fr/store?StoreID=1693,2,0,2
2026-09-27,celio,pantalon homme,https://www.celio.com/fr-be/c/pantalons,5,0,15
2026-09-27,celio,pantalon homme,https://www.celio.com/fr-be/c/pantalons-pantalons-chics,16,0,5
2026-09-27,celio,pantalon homme,https://www.celio.com/fr-fr/c/pantalons,1.9,27,694
2026-09-27,celio,pantalon homme,https://www.celio.com/fr-fr/c/pantalons-pantalons-decontractes,13,0,7
2026-09-27,celio,pantalon homme,https://www.celio.com/fr-fr/c/pantalons-pantalons-noirs,24,0,2
2026-09-27,celio,pantalon homme,https://www.celio.com/fr-fr/store?StoreID=0070,10.5,0,2
2026-09-27,celio,pantalon homme,https://www.celio.com/fr-fr/store?StoreID=0080,6.3,0,7
2026-09-27,celio,pantalon homme,https://www.celio.com/fr-fr/store?StoreID=0128,11.5,0,2
2026-09-27,celio,pantalon homme,https://www.celio.com/fr-fr/store?StoreID=0142,11,0,2
2026-09-27,celio,pantalon homme,https://www.celio.com/fr-fr/store?StoreID=0149,11,0,2
2026-09-27,celio,pantalon homme,https://www.celio.com/fr-fr/store?StoreID=0212,2,0,2
2026-09-27,celio,pantalon homme,https://www.celio.com/fr-fr/store?StoreID=0224,8,0,2
2026-09-27,celio,pantalon homme,https://www.celio.com/fr-fr/store?StoreID=0266,11,0,2
2026-09-27,celio,pantalon homme,https://www.celio.com/fr-fr/store?StoreID=0272,6.5,0,2
2026-09-27,celio,pantalon homme,https://www.celio.com/fr-fr/store?StoreID=0296,11,0,4
2026-09-27,celio,pantalon homme,https://www.celio.com/fr-fr/store?StoreID=0635,10,0,2
2026-09-27,celio,pantalon homme,https://www.celio.com/fr-fr/store?StoreID=0639,10,0,2
2026-09-27,celio,pantalon homme,https://www.celio.com/fr-fr/store?StoreID=0645,10.5,0,2
2026-09-27,celio,pantalon homme,https://www.celio.com/fr-fr/store?StoreID=0698,7.7,0,3
2026-09-27,celio,pantalon homme,https://www.celio.com/fr-fr/store?StoreID=0762,11,0,2
2026-09-27,celio,pantalon homme,https://www.celio.com/fr-fr/store?StoreID=1435,9.5,0,4
2026-09-27,celio,pantalon homme,https://www.celio.com/fr-fr/store?StoreID=1455,10,0,2
2026-09-27,celio,pantalon homme,https://www.celio.com/fr-fr/store?StoreID=1461,9,0,2
2026-09-27,celio,pantalon homme,https://www.celio.com/fr-fr/store?StoreID=1623,11,0,2
2026-09-27,celio,pantalon homme,https://www.celio.com/fr-fr/store?StoreID=1683,10.5,0,2
2026-09-28,celio,pantalon homme,https://www.celio.com/fr-be/c/pantalons,5.8,0,21
2026-09-28,celio,pantalon homme,https://www.celio.com/fr-be/c/pantalons-pantalons-decontractes,31,0,2
2026-09-28,celio,pantalon homme,https://www.celio.com/fr-fr/c/pantalons,1.8,30,651
2026-09-28,celio,pantalon homme,https://www.celio.com/fr-fr/c/pantalons-pantalons-decontractes,14.5,0,4
2026-09-28,celio,pantalon homme,https://www.celio.com/fr-fr/c/vetements-pas-chers-pantalons-pas-chers,27,0,3
2026-09-28,celio,pantalon homme,https://www.celio.com/fr-fr/guide-taille/guide-des-tailles-pantalons.html,1,0,2
2026-09-28,celio,pantalon homme,https://www.celio.com/fr-fr/store?StoreID=0035,9,0,2
2026-09-28,celio,pantalon homme,https://www.celio.com/fr-fr/store?StoreID=0061,6.5,0,2
2026-09-28,celio,pantalon homme,https://www.celio.com/fr-fr/store?StoreID=0118,7.5,0,2
2026-09-28,celio,pantalon homme,https://www.celio.com/fr-fr/store?StoreID=0123,7,0,5
2026-09-28,celio,pantalon homme,https://www.celio.com/fr-fr/store?StoreID=0230,10.8,0,6
2026-09-28,celio,pantalon homme,https://www.celio.com/fr-fr/store?StoreID=0235,11,0,2
2026-09-28,celio,pantalon homme,https://www.celio.com/fr-fr/store?StoreID=0266,9.5,0,2
2026-09-28,celio,pantalon homme,https://www.celio.com/fr-fr/store?StoreID=0272,9.2,0,4
2026-09-28,celio,pantalon homme,https://www.celio.com/fr-fr/store?StoreID=0615,12.5,0,2
2026-09-28,celio,pantalon homme,https://www.celio.com/fr-fr/store?StoreID=0635,8.3,0,3
2026-09-28,celio,pantalon homme,https://www.celio.com/fr-fr/store?StoreID=0768,7,0,2
2026-09-28,celio,pantalon homme,https://www.celio.com/fr-fr/store?StoreID=1623,2,0,4
2026-09-28,celio,pantalon homme,https://www.celio.com/fr-fr/store?StoreID=1670,10,0,2
2026-09-28,celio,pantalon homme,https://www.celio.com/fr-fr/store?StoreID=1687,4.7,0,3
2026-09-29,celio,pantalon homme,https://www.celio.com/fr-be/c/pantalons,5.1,0,7
2026-09-29,celio,pantalon homme,https://www.celio.com/fr-fr/c/pantalons,1.6,22,626
2026-09-29,celio,pantalon homme,https://www.celio.com/fr-fr/c/vetements-pas-chers-pantalons-pas-chers,18.5,0,2
2026-09-29,celio,pantalon homme,https://www.celio.com/fr-fr/guide-taille/guide-des-tailles-pantalons.html,1,0,3
2026-09-29,celio,pantalon homme,https://www.celio.com/fr-fr/store?StoreID=0230,5.5,0,2
2026-09-29,celio,pantalon homme,https://www.celio.com/fr-fr/store?StoreID=0235,6,0,2
2026-09-29,celio,pantalon homme,https://www.celio.com/fr-fr/store?StoreID=0645,7,0,2
2026-09-30,celio,pantalon homme,https://www.celio.com/fr-be/c/pantalons,7,0,10
2026-09-30,celio,pantalon homme,https://www.celio.com/fr-fr/c/pantalons,1.9,19,615
2026-09-30,celio,pantalon homme,https://www.celio.com/fr-fr/c/pantalons-pantalons-decontractes,33.2,0,8
2026-09-30,celio,pantalon homme,https://www.celio.com/fr-fr/c/vetements-pas-chers-pantalons-pas-chers,26.8,0,6
2026-09-30,celio,pantalon homme,https://www.celio.com/fr-fr/store?StoreID=0092,6,0,2
2026-09-30,celio,pantalon homme,https://www.celio.com/fr-fr/store?StoreID=0128,2,0,2
2026-09-30,celio,pantalon homme,https://www.celio.com/fr-fr/store?StoreID=0230,5.4,0,5
2026-09-30,celio,pantalon homme,https://www.celio.com/fr-fr/store?StoreID=0605,4.3,0,3
2026-09-30,celio,pantalon homme,https://www.celio.com/fr-fr/store?StoreID=0762,2,0,2
2026-09-30,celio,pantalon homme,https://www.celio.com/fr-fr/store?StoreID=1412,7,0,2
2026-09-30,celio,pantalon homme,https://www.celio.com/fr-fr/store?StoreID=1623,1,0,2
2026-07-03,celio,pantalon lin homme,https://www.celio.com/fr-be/c/pantalons-pantalons-en-lin,1.1,3,41
2026-07-03,celio,pantalon lin homme,https://www.celio.com/fr-fr/c/pantalons-pantalons-en-lin,1.2,97,1091
2026-07-03,celio,pantalon lin homme,https://www.celio.com/fr-fr/p/pantalon-loose-100-lin---marine/1190710.html,7,0,3
2026-07-03,celio,pantalon lin homme,https://www.celio.com/fr-fr/p/pantalon-loose-100-lin---naturel/1164998.html,7,0,3
2026-07-03,celio,pantalon lin homme,https://www.celio.com/fr-fr/p/pantalon-loose-100-lin---noir/1190702.html,7,0,3
2026-07-04,celio,pantalon lin homme,https://www.celio.com/fr-be/c/pantalons-pantalons-en-lin,1.3,5,38
2026-07-04,celio,pantalon lin homme,https://www.celio.com/fr-fr/c/pantalons-pantalons-en-lin,1.2,107,1324
2026-07-04,celio,pantalon lin homme,https://www.celio.com/fr-fr/p/pantalon-straight-100-lin---blanc/1124635.html,13.5,0,2
2026-07-04,celio,pantalon lin homme,https://www.celio.com/fr-fr/p/pantalon-straight-100-lin---naturel/1143729.html,13.5,0,2
2026-07-04,celio,pantalon lin homme,https://www.celio.com/fr-fr/p/pantalon-straight-100-lin---vert-moyen/1187236.html,13.5,0,2
2026-07-05,celio,pantalon lin homme,https://www.celio.com/fr-be/c/pantalons-pantalons-en-lin,1.2,2,36
2026-07-05,celio,pantalon lin homme,https://www.celio.com/fr-fr/c/collection-ete-selection-lin,27,0,2
2026-07-05,celio,pantalon lin homme,https://www.celio.com/fr-fr/c/pantalons-pantalons-en-lin,1.4,137,1466
2026-07-06,celio,pantalon lin homme,https://www.celio.com/fr-be/c/pantalons-pantalons-en-lin,1.3,4,28
2026-07-06,celio,pantalon lin homme,https://www.celio.com/fr-fr/c/pantalons-pantalons-en-lin,1.3,148,1386
2026-07-06,celio,pantalon lin homme,https://www.celio.com/fr-fr/p/pantalon-loose-100-lin---marine/1190710.html,11,1,4
2026-07-06,celio,pantalon lin homme,https://www.celio.com/fr-fr/p/pantalon-loose-100-lin---naturel/1164998.html,11,1,4
2026-07-06,celio,pantalon lin homme,https://www.celio.com/fr-fr/p/pantalon-loose-100-lin---noir/1190702.html,11,0,4
2026-07-06,celio,pantalon lin homme,https://www.celio.com/fr-fr/store?StoreID=1435,8.5,0,2
2026-07-07,celio,pantalon lin homme,https://www.celio.com/fr-be/c/pantalons-pantalons-en-lin,1.4,3,30
2026-07-07,celio,pantalon lin homme,https://www.celio.com/fr-fr/c/pantalons-pantalons-en-lin,1.3,114,1259
2026-07-08,celio,pantalon lin homme,https://www.celio.com/en-fr/c/pants-linen-pants,12.3,0,3
2026-07-08,celio,pantalon lin homme,https://www.celio.com/fr-be/c/pantalons-pantalons-en-lin,1.3,3,35
2026-07-08,celio,pantalon lin homme,https://www.celio.com/fr-fr/c/pantalons-pantalons-en-lin,1.3,115,1220
2026-07-08,celio,pantalon lin homme,https://www.celio.com/fr-fr/p/pantalon-straight-100-lin---naturel/1143729.html,9.8,0,4
2026-07-09,celio,pantalon lin homme,https://www.celio.com/fr-be/c/pantalons-pantalons-en-lin,1.4,4,43
2026-07-09,celio,pantalon lin homme,https://www.celio.com/fr-fr/c/pantalons-pantalons-en-lin,1.3,103,967
2026-07-09,celio,pantalon lin homme,https://www.celio.com/fr-fr/p/pantalon-straight-100-lin---naturel/1143729.html,9,0,2
2026-07-10,celio,pantalon lin homme,https://www.celio.com/fr-be/c/pantalons-pantalons-en-lin,2.8,2,22
2026-07-10,celio,pantalon lin homme,https://www.celio.com/fr-fr/c/pantalons-pantalons-en-lin,1.3,90,997
2026-07-10,celio,pantalon lin homme,https://www.celio.com/fr-fr/p/pantalon-loose-100-lin---marine/1190710.html,13.5,1,2
2026-07-10,celio,pantalon lin homme,https://www.celio.com/fr-fr/p/pantalon-loose-100-lin---naturel/1164998.html,13.5,0,2
2026-07-10,celio,pantalon lin homme,https://www.celio.com/fr-fr/p/pantalon-loose-100-lin---noir/1190702.html,13.5,0,2
2026-07-11,celio,pantalon lin homme,https://www.celio.com/en-fr/c/pants-linen-pants,13,0,3
2026-07-11,celio,pantalon lin homme,https://www.celio.com/fr-be/c/pantalons-pantalons-en-lin,3.7,1,44
2026-07-11,celio,pantalon lin homme,https://www.celio.com/fr-fr/c/pantalons-pantalons-en-lin,1.4,87,1255
2026-07-11,celio,pantalon lin homme,https://www.celio.com/fr-fr/p/pantalon-loose-100-lin---marine/1190710.html,5.8,4,6
2026-07-11,celio,pantalon lin homme,https://www.celio.com/fr-fr/p/pantalon-loose-100-lin---naturel/1164998.html,5.5,0,4
2026-07-11,celio,pantalon lin homme,https://www.celio.com/fr-fr/p/pantalon-loose-100-lin---noir/1190702.html,5.5,0,4
2026-07-11,celio,pantalon lin homme,https://www.celio.com/fr-fr/store?StoreID=0173,8,0,2
2026-07-12,celio,pantalon lin homme,https://www.celio.com/en-fr/c/pants-linen-pants,12,0,2
2026-07-12,celio,pantalon lin homme,https://www.celio.com/fr-be/c/pantalons-pantalons-en-lin,5.1,1,42
2026-07-12,celio,pantalon lin homme,https://www.celio.com/fr-fr/c/collection-ete-selection-lin,22,0,2
2026-07-12,celio,pantalon lin homme,https://www.celio.com/fr-fr/c/pantalons-pantalons-en-lin,1.4,93,1158
2026-07-12,celio,pantalon lin homme,https://www.celio.com/fr-fr/p/pantalon-straight-100-lin---gris-fonce/1187230.html,12,0,2
2026-07-12,celio,pantalon lin homme,https://www.celio.com/fr-fr/p/pantalon-straight-100-lin---naturel/1143729.html,12,1,2
2026-07-13,celio,pantalon lin homme,https://www.celio.com/en-fr/c/pants-linen-pants,11.2,0,4
2026-07-13,celio,pantalon lin homme,https://www.celio.com/fr-be/c/pantalons-pantalons-en-lin,3.9,3,54
2026-07-13,celio,pantalon lin homme,https://www.celio.com/fr-fr/c/pantalons-pantalons-en-lin,1.3,99,1015
2026-07-13,celio,pantalon lin homme,https://www.celio.com/fr-fr/p/pantalon-loose-100-lin---marine/1190710.html,5,2,2
2026-07-13,celio,pantalon lin homme,https://www.celio.com/fr-fr/p/pantalon-loose-100-lin---naturel/1164998.html,5,0,2
2026-07-13,celio,pantalon lin homme,https://www.celio.com/fr-fr/p/pantalon-loose-100-lin---noir/1190702.html,5,0,2
2026-07-14,celio,pantalon lin homme,https://www.celio.com/fr-be/c/pantalons-pantalons-en-lin,6.1,2,36
2026-07-14,celio,pantalon lin homme,https://www.celio.com/fr-fr/c/pantalons-pantalons-en-lin,1.4,82,1002
2026-07-15,celio,pantalon lin homme,https://www.celio.com/fr-be/c/pantalons-pantalons-en-lin,3.8,2,44
2026-07-15,celio,pantalon lin homme,https://www.celio.com/fr-fr/c/pantalons-pantalons-en-lin,1.3,60,835
2026-07-15,celio,pantalon lin homme,https://www.celio.com/fr-fr/p/pantalon-straight-100-lin---naturel/1143729.html,11.3,0,3
2026-07-16,celio,pantalon lin homme,https://www.celio.com/fr-be/c/pantalons-pantalons-en-lin,7.0,3,53
2026-07-16,celio,pantalon lin homme,https://www.celio.com/fr-be/store?StoreID=0346,6,0,2
2026-07-16,celio,pantalon lin homme,https://www.celio.com/fr-fr/c/pantalons-pantalons-en-lin,1.3,70,863
2026-07-17,celio,pantalon lin homme,https://www.celio.com/fr-be/c/pantalons-pantalons-en-lin,3.2,0,34
2026-07-17,celio,pantalon lin homme,https://www.celio.com/fr-fr/c/pantalons-pantalons-en-lin,1.5,53,750
2026-07-18,celio,pantalon lin homme,https://www.celio.com/fr-be/c/pantalons-pantalons-en-lin,5.5,4,35
2026-07-18,celio,pantalon lin homme,https://www.celio.com/fr-fr/c/pantalons-pantalons-en-lin,1.4,66,911
2026-07-18,celio,pantalon lin homme,https://www.celio.com/fr-fr/p/pantalon-loose-100-lin---marine/1190710.html,8.5,0,2
2026-07-18,celio,pantalon lin homme,https://www.celio.com/fr-fr/p/pantalon-loose-100-lin---naturel/1164998.html,8.5,0,2
2026-07-18,celio,pantalon lin homme,https://www.celio.com/fr-fr/p/pantalon-loose-100-lin---noir/1190702.html,8.5,0,2
2026-07-18,celio,pantalon lin homme,https://www.celio.com/fr-fr/p/pantalon-straight-100-lin---naturel/1143729.html,9.5,1,4
2026-07-18,celio,pantalon lin homme,https://www.celio.com/fr-fr/store?StoreID=0156,10.5,0,2
2026-07-19,celio,pantalon lin homme,https://www.celio.com/en-fr/c/pants-linen-pants,12.5,0,2
2026-07-19,celio,pantalon lin homme,https://www.celio.com/fr-be/c/pantalons-pantalons-en-lin,3.4,2,29
2026-07-19,celio,pantalon lin homme,https://www.celio.com/fr-fr/c/pantalons-pantalons-en-lin,1.3,75,847
2026-07-19,celio,pantalon lin homme,https://www.celio.com/fr-fr/p/pantalon-straight-100-lin---naturel/1143729.html,8,0,6
2026-07-20,celio,pantalon lin homme,https://www.celio.com/fr-be/c/pantalons-pantalons-en-lin,2.3,3,23
2026-07-20,celio,pantalon lin homme,https://www.celio.com/fr-fr/c/pantalons-pantalons-en-lin,1.4,65,758
2026-07-20,celio,pantalon lin homme,https://www.celio.com/fr-fr/p/pantalon-straight-100-lin---naturel/1143729.html,25.7,0,3
2026-07-21,celio,pantalon lin homme,https://www.celio.com/fr-be/c/pantalons-pantalons-en-lin,1.9,0,15
2026-07-21,celio,pantalon lin homme,https://www.celio.com/fr-fr/c/pantalons-pantalons-en-lin,1.3,64,691
2026-07-22,celio,pantalon lin homme,https://www.celio.com/fr-be/c/pantalons-pantalons-en-lin,2.2,3,18
2026-07-22,celio,pantalon lin homme,https://www.celio.com/fr-fr/c/pantalons-pantalons-en-lin,1.5,71,665
2026-07-22,celio,pantalon lin homme,https://www.celio.com/fr-fr/store?StoreID=0606,10,0,3
2026-07-22,celio,pantalon lin homme,https://www.celio.com/fr-fr/store?StoreID=1435,10,1,5
2026-07-22,celio,pantalon lin homme,https://www.celio.com/fr-fr/store?StoreID=1623,8.3,0,3
2026-07-23,celio,pantalon lin homme,https://www.celio.com/fr-be/c/pantalons-pantalons-en-lin,2.4,0,14
2026-07-23,celio,pantalon lin homme,https://www.celio.com/fr-fr/c/pantalons-pantalons-en-lin,1.4,60,607
2026-07-23,celio,pantalon lin homme,https://www.celio.com/fr-fr/p/pantalon-loose-100-lin---naturel/1164998.html,11,0,2
2026-07-23,celio,pantalon lin homme,https://www.celio.com/fr-fr/p/pantalon-loose-100-lin---noir/1190702.html,11,0,2
2026-07-23,celio,pantalon lin homme,https://www.celio.com/fr-fr/p/pantalon-straight-100-lin---naturel/1143729.html,10,0,2
2026-07-24,celio,pantalon lin homme,https://www.celio.com/fr-be/c/pantalons-pantalons-en-lin,2.4,2,23
2026-07-24,celio,pantalon lin homme,https://www.celio.com/fr-fr/c/pantalons-pantalons-en-lin,1.4,33,574
2026-07-24,celio,pantalon lin homme,https://www.celio.com/fr-fr/store?StoreID=1636,10,0,2
2026-07-25,celio,pantalon lin homme,https://www.celio.com/en-fr/c/pants-linen-pants,14.7,0,3
2026-07-25,celio,pantalon lin homme,https://www.celio.com/fr-be/c/pantalons-pantalons-en-lin,1.7,2,13
2026-07-25,celio,pantalon lin homme,https://www.celio.com/fr-be/store?StoreID=0334,9,0,2
2026-07-25,celio,pantalon lin homme,https://www.celio.com/fr-fr/c/pantalons-pantalons-en-lin,1.5,44,691
2026-07-26,celio,pantalon lin homme,https://www.celio.com/fr-be/c/pantalons-pantalons-en-lin,2.1,1,13
2026-07-26,celio,pantalon lin homme,https://www.celio.com/fr-fr/c/pantalons-pantalons-en-lin,1.5,60,712
2026-07-26,celio,pantalon lin homme,https://www.celio.com/fr-fr/p/pantalon-straight-100-lin---blanc/1124635.html,3.7,0,3
2026-07-26,celio,pantalon lin homme,https://www.celio.com/fr-fr/p/pantalon-straight-100-lin---gris-fonce/1187230.html,3.7,0,3
2026-07-26,celio,pantalon lin homme,https://www.celio.com/fr-fr/p/pantalon-straight-100-lin---naturel/1143729.html,3.5,0,2
2026-07-26,celio,pantalon lin homme,https://www.celio.com/fr-fr/store?StoreID=0156,7,0,2
2026-07-27,celio,pantalon lin homme,https://www.celio.com/fr-be/c/pantalons-pantalons-en-lin,1.7,1,27
2026-07-27,celio,pantalon lin homme,https://www.celio.com/fr-fr/c/pantalons-pantalons-en-lin,1.3,36,607
2026-07-28,celio,pantalon lin homme,https://www.celio.com/en-fr/c/pants-linen-pants,10,0,2
2026-07-28,celio,pantalon lin homme,https://www.celio.com/fr-be/c/pantalons-pantalons-en-lin,2.3,0,32
2026-07-28,celio,pantalon lin homme,https://www.celio.com/fr-fr/c/pantalons-pantalons-en-lin,1.4,43,713
2026-07-28,celio,pantalon lin homme,https://www.celio.com/fr-fr/c/pantalons-pantalons-verts,6.8,0,4
2026-07-28,celio,pantalon lin homme,https://www.celio.com/fr-fr/p/pantalon-straight-100-lin---blanc/1124635.html,6.8,0,4
2026-07-29,celio,pantalon lin homme,https://www.celio.com/en-fr/c/pants-linen-pants,11,0,3
2026-07-29,celio,pantalon lin homme,https://www.celio.com/fr-be/c/pantalons-pantalons-en-lin,4.1,3,32
2026-07-29,celio,pantalon lin homme,https://www.celio.com/fr-fr/c/pantalons-pantalons-en-lin,1.6,69,692
2026-07-30,celio,pantalon lin homme,https://www.celio.com/fr-be/c/pantalons-pantalons-en-lin,2.8,0,22
2026-07-30,celio,pantalon lin homme,https://www.celio.com/fr-fr/c/pantalons-pantalons-en-lin,1.3,40,581
2026-07-30,celio,pantalon lin homme,https://www.celio.com/fr-fr/c/pantalons-pantalons-verts,2.5,0,2
2026-07-30,celio,pantalon lin homme,https://www.celio.com/fr-fr/p/pantalon-straight-100-lin---blanc/1124635.html,2.5,1,2
2026-07-31,celio,pantalon lin homme,https://www.celio.com/fr-be/c/pantalons-pantalons-en-lin,2.5,2,25
2026-07-31,celio,pantalon lin homme,https://www.celio.com/fr-fr/c/pantalons-pantalons-en-lin,1.3,43,577
2026-07-31,celio,pantalon lin homme,https://www.celio.com/fr-fr/c/pantalons-pantalons-verts,12.2,0,5
2026-07-31,celio,pantalon lin homme,https://www.celio.com/fr-fr/p/pantalon-straight-100-lin---blanc/1124635.html,17.9,2,7
2026-07-31,celio,pantalon lin homme,https://www.celio.com/fr-fr/p/pantalon-straight-100-lin---vert-sauge/1143733.html,12.2,0,5
2026-08-01,celio,pantalon lin homme,https://www.celio.com/fr-be/c/pantalons-pantalons-en-lin,2.6,1,16
2026-08-01,celio,pantalon lin homme,https://www.celio.com/fr-fr/c/pantalons-pantalons-en-lin,1.3,41,634
2026-08-02,celio,pantalon lin homme,https://www.celio.com/en-fr/c/pants-linen-pants,14.7,0,3
2026-08-02,celio,pantalon lin homme,https://www.celio.com/fr-be/c/pantalons-pantalons-en-lin,2.4,1,18
2026-08-02,celio,pantalon lin homme,https://www.celio.com/fr-fr/c/pantalons-pantalons-en-lin,1.4,66,717
2026-08-02,celio,pantalon lin homme,https://www.celio.com/fr-fr/p/pantalon-straight-100-lin---naturel/1143729.html,23,0,3
2026-08-02,celio,pantalon lin homme,https://www.celio.com/fr-fr/store?StoreID=1623,7,0,2
2026-08-03,celio,pantalon lin homme,https://www.celio.com/en-fr/c/pants-linen-pants,12,0,2
2026-08-03,celio,pantalon lin homme,https://www.celio.com/fr-be/c/pantalons-pantalons-en-lin,1.8,3,32
2026-08-03,celio,pantalon lin homme,https://www.celio.com/fr-be/store?StoreID=0334,8.5,0,2
2026-08-03,celio,pantalon lin homme,https://www.celio.com/fr-fr/c/pantalons-pantalons-en-lin,1.3,61,646
2026-08-03,celio,pantalon lin homme,https://www.celio.com/fr-fr/store?StoreID=0227,8.3,0,3
2026-08-04,celio,pantalon lin homme,https://www.celio.com/en-fr/c/pants-linen-pants,12.2,0,5
2026-08-04,celio,pantalon lin homme,https://www.celio.com/fr-be/c/pantalons-pantalons-en-lin,2.2,1,16
2026-08-04,celio,pantalon lin homme,https://www.celio.com/fr-fr/c/pantalons-pantalons-en-lin,1.4,45,595
2026-08-05,celio,pantalon lin homme,https://www.celio.com/fr-be/c/pantalons-pantalons-en-lin,2.5,0,19
2026-08-05,celio,pantalon lin homme,https://www.celio.com/fr-fr/c/pantalons-pantalons-en-lin,1.3,48,613
2026-08-06,celio,pantalon lin homme,https://www.celio.com/en-fr/c/pants-linen-pants,12.5,0,2
2026-08-06,celio,pantalon lin homme,https://www.celio.com/fr-be/c/pantalons-pantalons-en-lin,2.2,2,16
2026-08-06,celio,pantalon lin homme,https://www.celio.com/fr-fr/c/pantalons-pantalons-en-lin,1.3,43,566
2026-08-06,celio,pantalon lin homme,https://www.celio.com/fr-fr/p/pantalon-de-costume-slim-100-lin---naturel/1107730.html,8.8,0,4
2026-08-07,celio,pantalon lin homme,https://www.celio.com/fr-be/c/pantalons-pantalons-en-lin,2.4,0,22
2026-08-07,celio,pantalon lin homme,https://www.celio.com/fr-fr/c/pantalons-pantalons-en-lin,1.4,38,518
2026-08-07,celio,pantalon lin homme,https://www.celio.com/fr-fr/store?StoreID=0156,4.3,0,3
2026-08-07,celio,pantalon lin homme,https://www.celio.com/fr-fr/store?StoreID=1636,10.6,0,5
2026-08-08,celio,pantalon lin homme,https://www.celio.com/fr-be/c/pantalons-pantalons-en-lin,1.7,1,18
2026-08-08,celio,pantalon lin homme,https://www.celio.com/fr-fr/c/pantalons-pantalons-en-lin,1.3,49,582
2026-08-08,celio,pantalon lin homme,https://www.celio.com/fr-fr/p/pantalon-straight-100-lin---blanc/1124635.html,4,2,2
2026-08-09,celio,pantalon lin homme,https://www.celio.com/fr-be/c/pantalons-pantalons-en-lin,1.9,2,13
2026-08-09,celio,pantalon lin homme,https://www.celio.com/fr-fr/c/pantalons-pantalons-en-lin,1.5,64,614
2026-08-09,celio,pantalon lin homme,https://www.celio.com/fr-fr/p/pantalon-straight-100-lin---naturel/1143729.html,12.7,0,3
2026-08-10,celio,pantalon lin homme,https://www.celio.com/en-fr/c/pants-linen-pants,9.5,0,2
2026-08-10,celio,pantalon lin homme,https://www.celio.com/fr-be/c/pantalons-pantalons-en-lin,1.6,3,20
2026-08-10,celio,pantalon lin homme,https://www.celio.com/fr-fr/c/pantalons-pantalons-en-lin,1.4,46,572
2026-08-10,celio,pantalon lin homme,https://www.celio.com/fr-fr/p/pantalon-de-costume-slim-100-lin---naturel/1107730.html,25,0,2
2026-08-10,celio,pantalon lin homme,https://www.celio.com/fr-fr/p/pantalon-straight-100-lin---naturel/1143729.html,9,0,2
2026-08-11,celio,pantalon lin homme,https://www.celio.com/fr-be/c/pantalons-pantalons-en-lin,2.2,0,18
2026-08-11,celio,pantalon lin homme,https://www.celio.com/fr-fr/c/pantalons-pantalons-en-lin,1.3,32,518
2026-08-12,celio,pantalon lin homme,https://www.celio.com/fr-be/c/pantalons-pantalons-en-lin,2.2,0,6
2026-08-12,celio,pantalon lin homme,https://www.celio.com/fr-fr/c/pantalons-pantalons-en-lin,1.7,38,498
2026-08-12,celio,pantalon lin homme,https://www.celio.com/fr-fr/store?StoreID=1623,1,0,2
2026-08-13,celio,pantalon lin homme,https://www.celio.com/fr-be/c/pantalons-pantalons-en-lin,3.1,0,17
2026-08-13,celio,pantalon lin homme,https://www.celio.com/fr-fr/c/pantalons-pantalons-en-lin,1.6,44,468
2026-08-14,celio,pantalon lin homme,https://www.celio.com/fr-be/c/pantalons-pantalons-en-lin,3.2,3,35
2026-08-14,celio,pantalon lin homme,https://www.celio.com/fr-fr/c/pantalons-pantalons-en-lin,1.5,44,486
2026-08-15,celio,pantalon lin homme,https://www.celio.com/fr-be/c/pantalons-pantalons-en-lin,4.0,2,40
2026-08-15,celio,pantalon lin homme,https://www.celio.com/fr-fr/c/pantalons-pantalons-en-lin,1.5,35,469
2026-08-15,celio,pantalon lin homme,https://www.celio.com/fr-fr/p/pantalon-straight-100-lin---blanc/1124635.html,6,0,2
2026-08-15,celio,pantalon lin homme,https://www.celio.com/fr-fr/p/pantalon-straight-100-lin---gris-fonce/1187230.html,6,0,2
2026-08-15,celio,pantalon lin homme,https://www.celio.com/fr-fr/p/pantalon-straight-100-lin---naturel/1143729.html,6,0,2
2026-08-16,celio,pantalon lin homme,https://www.celio.com/fr-be/c/pantalons-pantalons-en-lin,6.8,0,30
2026-08-16,celio,pantalon lin homme,https://www.celio.com/fr-fr/c/pantalons-pantalons-en-lin,1.4,47,544
2026-08-16,celio,pantalon lin homme,https://www.celio.com/fr-fr/p/pantalon-straight-100-lin---blanc/1124635.html,29,0,2
2026-08-16,celio,pantalon lin homme,https://www.celio.com/fr-fr/p/pantalon-straight-100-lin---naturel/1143729.html,11.2,0,4
2026-08-17,celio,pantalon lin homme,https://www.celio.com/fr-be/c/pantalons-pantalons-en-lin,2.5,0,12
2026-08-17,celio,pantalon lin homme,https://www.celio.com/fr-fr/c/pantalons-pantalons-en-lin,1.6,37,447
2026-08-18,celio,pantalon lin homme,https://www.celio.com/fr-be/c/pantalons-pantalons-en-lin,2.8,0,15
2026-08-18,celio,pantalon lin homme,https://www.celio.com/fr-fr/c/pantalons-pantalons-en-lin,1.7,21,417
2026-08-19,celio,pantalon lin homme,https://www.celio.com/fr-be/c/pantalons-pantalons-en-lin,2.8,1,11
2026-08-19,celio,pantalon lin homme,https://www.celio.com/fr-fr/c/pantalons-pantalons-en-lin,1.8,30,432
2026-08-20,celio,pantalon lin homme,https://www.celio.com/fr-be/c/pantalons-pantalons-en-lin,2.4,2,16
2026-08-20,celio,pantalon lin homme,https://www.celio.com/fr-fr/c/pantalons-pantalons-en-lin,1.6,30,392
2026-08-21,celio,pantalon lin homme,https://www.celio.com/fr-be/c/pantalons-pantalons-en-lin,2.4,0,13
2026-08-21,celio,pantalon lin homme,https://www.celio.com/fr-fr/c/pantalons-pantalons-en-lin,1.7,34,349
2026-08-22,celio,pantalon lin homme,https://www.celio.com/en-fr/c/pants-linen-pants,11.9,0,7
2026-08-22,celio,pantalon lin homme,https://www.celio.com/fr-be/c/pantalons-pantalons-en-lin,2.5,2,15
2026-08-22,celio,pantalon lin homme,https://www.celio.com/fr-fr/c/pantalons-pantalons-en-lin,1.7,17,368
2026-08-23,celio,pantalon lin homme,https://www.celio.com/en-fr/c/pants-linen-pants,12.9,0,7
2026-08-23,celio,pantalon lin homme,https://www.celio.com/fr-be/c/pantalons-pantalons-en-lin,3.1,0,31
2026-08-23,celio,pantalon lin homme,https://www.celio.com/fr-fr/c/pantalons-pantalons-en-lin,1.7,24,353
2026-08-23,celio,pantalon lin homme,https://www.celio.com/fr-fr/store?StoreID=1449,2,0,2
2026-08-23,celio,pantalon lin homme,https://www.celio.com/fr-fr/store?StoreID=1623,2,0,2
2026-08-24,celio,pantalon lin homme,https://www.celio.com/en-fr/c/pants-linen-pants,13.3,0,3
2026-08-24,celio,pantalon lin homme,https://www.celio.com/fr-be/c/pantalons-pantalons-en-lin,1.4,2,7
2026-08-24,celio,pantalon lin homme,https://www.celio.com/fr-fr/c/pantalons-pantalons-en-lin,1.6,25,308
2026-08-25,celio,pantalon lin homme,https://www.celio.com/en-fr/c/pants-linen-pants,11.8,0,4
2026-08-25,celio,pantalon lin homme,https://www.celio.com/fr-be/c/pantalons-pantalons-en-lin,2.2,0,6
2026-08-25,celio,pantalon lin homme,https://www.celio.com/fr-fr/c/pantalons-pantalons-en-lin,1.6,13,322
2026-08-26,celio,pantalon lin homme,https://www.celio.com/en-fr/c/pants-linen-pants,11.5,0,2
2026-08-26,celio,pantalon lin homme,https://www.celio.com/fr-be/c/pantalons-pantalons-en-lin,2,0,4
2026-08-26,celio,pantalon lin homme,https://www.celio.com/fr-fr/c/pantalons-pantalons-en-lin,1.5,22,295
2026-08-27,celio,pantalon lin homme,https://www.celio.com/fr-be/c/pantalons-pantalons-en-lin,1.6,0,7
2026-08-27,celio,pantalon lin homme,https://www.celio.com/fr-fr/c/pantalons-pantalons-en-lin,1.5,26,318
2026-08-28,celio,pantalon lin homme,https://www.celio.com/en-fr/c/pants-linen-pants,10,0,2
2026-08-28,celio,pantalon lin homme,https://www.celio.com/fr-be/c/pantalons-pantalons-en-lin,1.5,1,15
2026-08-28,celio,pantalon lin homme,https://www.celio.com/fr-fr/c/pantalons-pantalons-en-lin,1.5,20,293
2026-08-29,celio,pantalon lin homme,https://www.celio.com/fr-be/c/pantalons-pantalons-en-lin,1.4,1,7
2026-08-29,celio,pantalon lin homme,https://www.celio.com/fr-fr/c/pantalons-pantalons-en-lin,1.6,18,323
2026-08-29,celio,pantalon lin homme,https://www.celio.com/fr-fr/store?StoreID=0614,10,0,2
2026-08-30,celio,pantalon lin homme,https://www.celio.com/fr-be/c/pantalons-pantalons-en-lin,1.4,1,14
2026-08-30,celio,pantalon lin homme,https://www.celio.com/fr-fr/c/pantalons-pantalons-en-lin,1.5,22,343
2026-08-31,celio,pantalon lin homme,https://www.celio.com/fr-be/c/pantalons-pantalons-en-lin,1.4,1,8
2026-08-31,celio,pantalon lin homme,https://www.celio.com/fr-be/store?StoreID=0334,12,0,3
2026-08-31,celio,pantalon lin homme,https://www.celio.com/fr-fr/c/pantalons-pantalons-en-lin,2.0,18,323
2026-08-31,celio,pantalon lin homme,https://www.celio.com/fr-fr/p/pantalon-straight-100-lin---blanc/1124635.html,74,0,2
2026-08-31,celio,pantalon lin homme,https://www.celio.com/fr-fr/store?StoreID=0085,15,0,2
2026-09-01,celio,pantalon lin homme,https://www.celio.com/en-fr/c/pants-linen-pants,12.5,0,2
2026-09-01,celio,pantalon lin homme,https://www.celio.com/fr-be/c/pantalons-pantalons-en-lin,1.4,0,12
2026-09-01,celio,pantalon lin homme,https://www.celio.com/fr-fr/c/pantalons-pantalons-en-lin,1.9,17,284
2026-09-02,celio,pantalon lin homme,https://www.celio.com/fr-be/c/pantalons-pantalons-en-lin,1.4,1,8
2026-09-02,celio,pantalon lin homme,https://www.celio.com/fr-fr/c/pantalons-pantalons-en-lin,1.4,24,286
2026-09-03,celio,pantalon lin homme,https://www.celio.com/fr-be/c/pantalons-pantalons-en-lin,1.9,1,13
2026-09-03,celio,pantalon lin homme,https://www.celio.com/fr-fr/c/pantalons-pantalons-en-lin,1.9,21,266
2026-09-04,celio,pantalon lin homme,https://www.celio.com/fr-be/c/pantalons-pantalons-en-lin,2.7,1,12
2026-09-04,celio,pantalon lin homme,https://www.celio.com/fr-fr/c/collection-ete-selection-lin,33.3,0,3
2026-09-04,celio,pantalon lin homme,https://www.celio.com/fr-fr/c/pantalons-pantalons-en-lin,1.6,16,296
2026-09-04,celio,pantalon lin homme,https://www.celio.com/fr-fr/p/pantalon-straight-100-lin---blanc/1124635.html,4,1,2
2026-09-05,celio,pantalon lin homme,https://www.celio.com/fr-be/c/pantalons-pantalons-en-lin,1.3,1,7
2026-09-05,celio,pantalon lin homme,https://www.celio.com/fr-fr/c/collection-ete-selection-lin,17,0,4
2026-09-05,celio,pantalon lin homme,https://www.celio.com/fr-fr/c/pantalons-pantalons-en-lin,1.8,21,326
2026-09-06,celio,pantalon lin homme,https://www.celio.com/fr-be/c/pantalons-pantalons-en-lin,1.8,0,10
2026-09-06,celio,pantalon lin homme,https://www.celio.com/fr-fr/c/pantalons-pantalons-en-lin,1.5,22,326
2026-09-06,celio,pantalon lin homme,https://www.celio.com/fr-fr/p/pantalon-straight-100-lin---naturel/1143729.html,4.5,0,2
2026-09-06,celio,pantalon lin homme,https://www.celio.com/fr-fr/store?StoreID=0156,16,0,2
2026-09-07,celio,pantalon lin homme,https://www.celio.com/fr-be/c/pantalons-pantalons-en-lin,1.5,0,11
2026-09-07,celio,pantalon lin homme,https://www.celio.com/fr-fr/c/pantalons-pantalons-en-lin,1.6,22,299
2026-09-07,celio,pantalon lin homme,https://www.celio.com/fr-fr/p/pantalon-straight-100-lin---blanc/1124635.html,4.2,1,4
2026-09-07,celio,pantalon lin homme,https://www.celio.com/fr-fr/p/pantalon-straight-100-lin---marine/1129210.html,5,0,3
2026-09-07,celio,pantalon lin homme,https://www.celio.com/fr-fr/p/pantalon-straight-100-lin---naturel/1143729.html,4.2,0,4
2026-09-08,celio,pantalon lin homme,https://www.celio.com/fr-be/c/pantalons-pantalons-en-lin,1.3,2,9
2026-09-08,celio,pantalon lin homme,https://www.celio.com/fr-fr/c/pantalons-pantalons-en-lin,2.1,17,252
2026-09-08,celio,pantalon lin homme,https://www.celio.com/fr-fr/store?StoreID=0227,11,0,2
2026-09-09,celio,pantalon lin homme,https://www.celio.com/en-fr/c/pants-linen-pants,12,0,2
2026-09-09,celio,pantalon lin homme,https://www.celio.com/fr-be/c/pantalons-pantalons-en-lin,1,0,5
2026-09-09,celio,pantalon lin homme,https://www.celio.com/fr-fr/c/pantalons-pantalons-en-lin,1.4,20,295
2026-09-10,celio,pantalon lin homme,https://www.celio.com/fr-be/c/pantalons-pantalons-en-lin,1,1,9
2026-09-10,celio,pantalon lin homme,https://www.celio.com/fr-fr/c/pantalons-pantalons-en-lin,1.6,19,241
2026-09-11,celio,pantalon lin homme,https://www.celio.com/en-fr/c/pants-linen-pants,12.5,0,2
2026-09-11,celio,pantalon lin homme,https://www.celio.com/fr-be/c/pantalons-pantalons-en-lin,1.4,0,7
2026-09-11,celio,pantalon lin homme,https://www.celio.com/fr-be/store?StoreID=0334,1,0,2
2026-09-11,celio,pantalon lin homme,https://www.celio.com/fr-be/store?StoreID=0346,1,0,2
2026-09-11,celio,pantalon lin homme,https://www.celio.com/fr-fr/c/pantalons-pantalons-en-lin,1.4,14,225
2026-09-11,celio,pantalon lin homme,https://www.celio.com/fr-fr/store?StoreID=1457,1,0,2
2026-09-11,celio,pantalon lin homme,https://www.celio.com/fr-fr/store?StoreID=1636,11.2,0,5
2026-09-12,celio,pantalon lin homme,https://www.celio.com/en-fr/c/pants-linen-pants,12,0,2
2026-09-12,celio,pantalon lin homme,https://www.celio.com/fr-be/c/pantalons-pantalons-en-lin,1,2,10
2026-09-12,celio,pantalon lin homme,https://www.celio.com/fr-fr/c/pantalons-pantalons-en-lin,1.7,17,287
2026-09-13,celio,pantalon lin homme,https://www.celio.com/fr-be/c/pantalons-pantalons-en-lin,2,0,2
2026-09-13,celio,pantalon lin homme,https://www.celio.com/fr-be/store?StoreID=0334,14.5,0,2
2026-09-13,celio,pantalon lin homme,https://www.celio.com/fr-fr/c/pantalons-pantalons-en-lin,1.4,19,271
2026-09-14,celio,pantalon lin homme,https://www.celio.com/fr-be/c/pantalons-pantalons-en-lin,1.4,0,8
2026-09-14,celio,pantalon lin homme,https://www.celio.com/fr-be/store?StoreID=0334,5.3,0,3
2026-09-14,celio,pantalon lin homme,https://www.celio.com/fr-fr/c/pantalons-pantalons-en-lin,1.6,11,237
2026-09-15,celio,pantalon lin homme,https://www.celio.com/fr-be/c/pantalons-pantalons-en-lin,1,0,2
2026-09-15,celio,pantalon lin homme,https://www.celio.com/fr-fr/c/pantalons-pantalons-en-lin,1.4,9,229
2026-09-16,celio,pantalon lin homme,https://www.celio.com/fr-be/c/pantalons-pantalons-en-lin,1,0,4
2026-09-16,celio,pantalon lin homme,https://www.celio.com/fr-fr/c/collection-ete-selection-lin,78,0,2
2026-09-16,celio,pantalon lin homme,https://www.celio.com/fr-fr/c/pantalons-pantalons-en-lin,2.5,8,234
2026-09-16,celio,pantalon lin homme,https://www.celio.com/fr-fr/store?StoreID=0173,5,1,2
2026-09-17,celio,pantalon lin homme,https://www.celio.com/fr-be/c/pantalons-pantalons-en-lin,1,1,3
2026-09-17,celio,pantalon lin homme,https://www.celio.com/fr-fr/c/pantalons-pantalons-en-lin,1.6,16,239
2026-09-18,celio,pantalon lin homme,https://www.celio.com/fr-be/c/pantalons-pantalons-en-lin,1.7,1,11
2026-09-18,celio,pantalon lin homme,https://www.celio.com/fr-fr/c/pantalons-pantalons-en-lin,1.4,9,186
2026-09-19,celio,pantalon lin homme,https://www.celio.com/fr-be/c/pantalons-pantalons-en-lin,2.9,0,7
2026-09-19,celio,pantalon lin homme,https://www.celio.com/fr-fr/c/pantalons-pantalons-en-lin,1.6,9,253
2026-09-20,celio,pantalon lin homme,https://www.celio.com/fr-be/c/pantalons-pantalons-en-lin,3,1,7
2026-09-20,celio,pantalon lin homme,https://www.celio.com/fr-fr/c/pantalons-pantalons-en-lin,1.3,20,233
2026-09-21,celio,pantalon lin homme,https://www.celio.com/fr-be/c/pantalons-pantalons-en-lin,1.5,0,4
2026-09-21,celio,pantalon lin homme,https://www.celio.com/fr-fr/c/pantalons-pantalons-en-lin,1.8,15,216
2026-09-22,celio,pantalon lin homme,https://www.celio.com/fr-be/c/pantalons-pantalons-en-lin,1.5,0,8
2026-09-22,celio,pantalon lin homme,https://www.celio.com/fr-fr/c/pantalons-pantalons-en-lin,1.4,14,185
2026-09-23,celio,pantalon lin homme,https://www.celio.com/en-fr/c/pants-linen-pants,10.7,0,3
2026-09-23,celio,pantalon lin homme,https://www.celio.com/fr-be/c/pantalons-pantalons-en-lin,1.2,0,8
2026-09-23,celio,pantalon lin homme,https://www.celio.com/fr-be/store?StoreID=0334,11,0,2
2026-09-23,celio,pantalon lin homme,https://www.celio.com/fr-fr/c/pantalons-pantalons-en-lin,1.6,13,223
2026-09-23,celio,pantalon lin homme,https://www.celio.com/fr-fr/store?StoreID=0173,10.5,0,2
2026-09-24,celio,pantalon lin homme,https://www.celio.com/en-fr/c/pants-linen-pants,9.5,0,2
2026-09-24,celio,pantalon lin homme,https://www.celio.com/fr-fr/c/pantalons-pantalons-en-lin,1.4,9,170
2026-09-25,celio,pantalon lin homme,https://www.celio.com/en-fr/c/pants-linen-pants,9.5,0,2
2026-09-25,celio,pantalon lin homme,https://www.celio.com/fr-be/c/pantalons-pantalons-en-lin,1.5,0,8
2026-09-25,celio,pantalon lin homme,https://www.celio.com/fr-fr/c/pantalons-pantalons-en-lin,1.6,16,185
2026-09-25,celio,pantalon lin homme,https://www.celio.com/fr-fr/store?StoreID=1489,11,0,2
2026-09-25,celio,pantalon lin homme,https://www.celio.com/fr-fr/store?StoreID=1636,14,0,2
2026-09-26,celio,pantalon lin homme,https://www.celio.com/fr-be/c/pantalons-pantalons-en-lin,1.7,0,6
2026-09-26,celio,pantalon lin homme,https://www.celio.com/fr-be/store?StoreID=0334,6.5,0,2
2026-09-26,celio,pantalon lin homme,https://www.celio.com/fr-be/store?StoreID=0346,5.5,0,2
2026-09-26,celio,pantalon lin homme,https://www.celio.com/fr-fr/c/pantalons-pantalons-en-lin,1.5,11,174
2026-09-26,celio,pantalon lin homme,https://www.celio.com/fr-fr/store?StoreID=0227,8.5,0,2
2026-09-26,celio,pantalon lin homme,https://www.celio.com/fr-fr/store?StoreID=1449,11.5,0,2
2026-09-26,celio,pantalon lin homme,https://www.celio.com/fr-fr/store?StoreID=1609,12.3,0,3
2026-09-27,celio,pantalon lin homme,https://www.celio.com/en-fr/c/pants-linen-pants,10,0,2
2026-09-27,celio,pantalon lin homme,https://www.celio.com/fr-be/c/pantalons-pantalons-en-lin,2,1,9
2026-09-27,celio,pantalon lin homme,https://www.celio.com/fr-fr/c/pantalons-pantalons-en-lin,1.9,24,226
2026-09-27,celio,pantalon lin homme,https://www.celio.com/fr-fr/store?StoreID=0156,9.3,0,3
2026-09-27,celio,pantalon lin homme,https://www.celio.com/fr-fr/store?StoreID=0173,9,0,3
2026-09-27,celio,pantalon lin homme,https://www.celio.com/fr-fr/store?StoreID=1457,13,0,2
2026-09-28,celio,pantalon lin homme,https://www.celio.com/en-fr/c/pants-linen-pants,10,0,2
2026-09-28,celio,pantalon lin homme,https://www.celio.com/fr-be/c/pantalons-pantalons-en-lin,2.2,0,4
2026-09-28,celio,pantalon lin homme,https://www.celio.com/fr-fr/c/pantalons-pantalons-en-lin,1.5,15,215
2026-09-28,celio,pantalon lin homme,https://www.celio.com/fr-fr/store?StoreID=1609,10,0,2
2026-09-29,celio,pantalon lin homme,https://www.celio.com/fr-be/c/pantalons-pantalons-en-lin,1.6,0,5
2026-09-29,celio,pantalon lin homme,https://www.celio.com/fr-be/store?StoreID=0334,9,0,2
2026-09-29,celio,pantalon lin homme,https://www.celio.com/fr-fr/c/pantalons-pantalons-en-lin,1.7,12,162
2026-09-30,celio,pantalon lin homme,https://www.celio.com/fr-be,94.5,0,2
2026-09-30,celio,pantalon lin homme,https://www.celio.com/fr-be/c/pantalons-pantalons-en-lin,1.5,1,4
2026-09-30,celio,pantalon lin homme,https://www.celio.com/fr-fr/c/pantalons-pantalons-en-lin,1.9,8,165
2026-09-30,celio,pantalon lin homme,https://www.celio.com/fr-fr/stores,97.5,0,2
2026-07-03,celio,parka homme,https://www.celio.com/fr-be/c/manteaux-parkas-longues-et-anoraks,11.5,0,4
2026-07-03,celio,parka homme,https://www.celio.com/fr-fr/c/blousons-et-manteaux-parkas,12.3,0,56
2026-07-04,celio,parka homme,https://www.celio.com/fr-be/c/manteaux-parkas-longues-et-anoraks,13,0,4
2026-07-04,celio,parka homme,https://www.celio.com/fr-fr/c/blousons-et-manteaux-parkas,13,0,49
2026-07-05,celio,parka homme,https://www.celio.com/fr-be/c/manteaux-parkas-longues-et-anoraks,14.2,0,4
2026-07-05,celio,parka homme,https://www.celio.com/fr-fr/c/blousons-et-manteaux-parkas,10.2,0,50
2026-07-06,celio,parka homme,https://www.celio.com/fr-be/c/manteaux-parkas-longues-et-anoraks,14.8,0,4
2026-07-06,celio,parka homme,https://www.celio.com/fr-fr/c/blousons-et-manteaux-parkas,11.4,0,50
2026-07-07,celio,parka homme,https://www.celio.com/fr-be/c/manteaux-parkas-longues-et-anoraks,12.5,0,6
2026-07-07,celio,parka homme,https://www.celio.com/fr-fr/c/blousons-et-manteaux-parkas,12.9,0,57
2026-07-08,celio,parka homme,https://www.celio.com/fr-be/c/manteaux-parkas-longues-et-anoraks,13.9,0,7
2026-07-08,celio,parka homme,https://www.celio.com/fr-fr/c/blousons-et-manteaux-parkas,10.5,0,71
2026-07-09,celio,parka homme,https://www.celio.com/fr-be/c/manteaux-parkas-longues-et-anoraks,14.2,0,4
2026-07-09,celio,parka homme,https://www.celio.com/fr-fr/c/blousons-et-manteaux-parkas,12,1,59
2026-07-10,celio,parka homme,https://www.celio.com/fr-be/c/manteaux-parkas-longues-et-anoraks,13.9,0,8
2026-07-10,celio,parka homme,https://www.celio.com/fr-fr/c/blousons-et-manteaux-parkas,12.4,0,48
2026-07-11,celio,parka homme,https://www.celio.com/fr-be/c/manteaux-parkas-longues-et-anoraks,15.4,0,5
2026-07-11,celio,parka homme,https://www.celio.com/fr-fr/c/blousons-et-manteaux-parkas,11.0,0,50
2026-07-12,celio,parka homme,https://www.celio.com/fr-be/c/manteaux-parkas-longues-et-anoraks,13.2,0,4
2026-07-12,celio,parka homme,https://www.celio.com/fr-fr/c/blousons-et-manteaux-parkas,11.2,0,55
2026-07-13,celio,parka homme,https://www.celio.com/fr-be/c/manteaux-parkas-longues-et-anoraks,14,0,2
2026-07-13,celio,parka homme,https://www.celio.com/fr-fr/c/blousons-et-manteaux-parkas,11.4,0,45
2026-07-13,celio,parka homme,https://www.celio.com/fr-fr/store?StoreID=0674,14,0,2
2026-07-14,celio,parka homme,https://www.celio.com/fr-be/c/manteaux-parkas-longues-et-anoraks,13.4,0,5
2026-07-14,celio,parka homme,https://www.celio.com/fr-fr/c/blousons-et-manteaux-parkas,12.7,0,58
2026-07-15,celio,parka homme,https://www.celio.com/fr-be/c/manteaux-parkas-longues-et-anoraks,14,0,2
2026-07-15,celio,parka homme,https://www.celio.com/fr-fr/c/blousons-et-manteaux-parkas,8.3,1,48
2026-07-16,celio,parka homme,https://www.celio.com/fr-be/c/manteaux-parkas-longues-et-anoraks,13.5,0,2
2026-07-16,celio,parka homme,https://www.celio.com/fr-fr/c/blousons-et-manteaux-parkas,8.6,0,50
2026-07-17,celio,parka homme,https://www.celio.com/fr-be/c/manteaux-parkas-longues-et-anoraks,16.5,0,4
2026-07-17,celio,parka homme,https://www.celio.com/fr-fr/c/blousons-et-manteaux-parkas,10.9,0,55
2026-07-18,celio,parka homme,https://www.celio.com/fr-be/c/manteaux-parkas-longues-et-anoraks,13.8,0,4
2026-07-18,celio,parka homme,https://www.celio.com/fr-fr/c/blousons-et-manteaux-parkas,10.3,0,48
2026-07-19,celio,parka homme,https://www.celio.com/fr-be/c/manteaux-parkas-longues-et-anoraks,13.3,0,3
2026-07-19,celio,parka homme,https://www.celio.com/fr-fr/c/blousons-et-manteaux-parkas,11.3,1,62
2026-07-20,celio,parka homme,https://www.celio.com/fr-fr/c/blousons-et-manteaux-parkas,10.2,1,53
2026-07-21,celio,parka homme,https://www.celio.com/fr-be/c/manteaux-parkas-longues-et-anoraks,13.3,0,3
2026-07-21,celio,parka homme,https://www.celio.com/fr-fr/c/blousons-et-manteaux-parkas,9.8,0,53
2026-07-22,celio,parka homme,https://www.celio.com/fr-be/c/manteaux-parkas-longues-et-anoraks,13.4,0,8
2026-07-22,celio,parka homme,https://www.celio.com/fr-fr/c/blousons-et-manteaux-parkas,11.4,1,64
2026-07-23,celio,parka homme,https://www.celio.com/fr-fr/c/blousons-et-manteaux-parkas,11.4,2,49
2026-07-23,celio,parka homme,https://www.celio.com/fr-fr/store?StoreID=1651,3,0,2
2026-07-24,celio,parka homme,https://www.celio.com/fr-be/c/manteaux-parkas-longues-et-anoraks,14,0,3
2026-07-24,celio,parka homme,https://www.celio.com/fr-fr/c/blousons-et-manteaux-parkas,13.6,0,53
2026-07-25,celio,parka homme,https://www.celio.com/fr-be/c/manteaux-parkas-longues-et-anoraks,12,0,6
2026-07-25,celio,parka homme,https://www.celio.com/fr-fr/c/blousons-et-manteaux-parkas,17.5,1,50
2026-07-26,celio,parka homme,https://www.celio.com/fr-be/c/manteaux-parkas-longues-et-anoraks,13.2,0,6
2026-07-26,celio,parka homme,https://www.celio.com/fr-fr/c/blousons-et-manteaux-parkas,17.0,0,55
2026-07-27,celio,parka homme,https://www.celio.com/fr-be/c/manteaux-parkas-longues-et-anoraks,13.7,0,3
2026-07-27,celio,parka homme,https://www.celio.com/fr-fr/c/blousons-et-manteaux-parkas,17.0,1,54
2026-07-28,celio,parka homme,https://www.celio.com/fr-be/c/manteaux-parkas-longues-et-anoraks,13.9,0,9
2026-07-28,celio,parka homme,https://www.celio.com/fr-fr/c/blousons-et-manteaux-parkas,17.6,0,54
2026-07-29,celio,parka homme,https://www.celio.com/fr-be/c/manteaux-parkas-longues-et-anoraks,12.5,0,4
2026-07-29,celio,parka homme,https://www.celio.com/fr-fr/c/blousons-et-manteaux-parkas,13.1,0,59
2026-07-30,celio,parka homme,https://www.celio.com/fr-be/c/manteaux-parkas-longues-et-anoraks,15.7,0,3
2026-07-30,celio,parka homme,https://www.celio.com/fr-fr/c/blousons-et-manteaux-parkas,17.3,0,54
2026-07-31,celio,parka homme,https://www.celio.com/fr-be/c/manteaux-parkas-longues-et-anoraks,14.7,0,7
2026-07-31,celio,parka homme,https://www.celio.com/fr-fr/c/blousons-et-manteaux-parkas,29.4,0,26
2026-08-01,celio,parka homme,https://www.celio.com/fr-be/c/manteaux-parkas-longues-et-anoraks,14.8,0,4
2026-08-01,celio,parka homme,https://www.celio.com/fr-fr/c/blousons-et-manteaux-parkas,32,0,22
2026-08-02,celio,parka homme,https://www.celio.com/fr-be/c/manteaux-parkas-longues-et-anoraks,12.3,0,3
2026-08-02,celio,parka homme,https://www.celio.com/fr-fr/c/blousons-et-manteaux-parkas,29.6,0,20
2026-08-02,celio,parka homme,https://www.celio.com/fr-fr/store?StoreID=1040,8,0,2
2026-08-03,celio,parka homme,https://www.celio.com/fr-fr/c/blousons-et-manteaux-parkas,30.3,0,12
2026-08-03,celio,parka homme,https://www.celio.com/fr-fr/store?StoreID=0061,13,0,2
2026-08-04,celio,parka homme,https://www.celio.com/fr-be/c/manteaux-parkas-longues-et-anoraks,16.8,0,8
2026-08-04,celio,parka homme,https://www.celio.com/fr-fr/c/blousons-et-manteaux-parkas,32.1,0,34
2026-08-05,celio,parka homme,https://www.celio.com/fr-be/c/manteaux-parkas-longues-et-anoraks,17.5,0,6
2026-08-05,celio,parka homme,https://www.celio.com/fr-fr/c/blousons-et-manteaux-parkas,26.7,0,22
2026-08-06,celio,parka homme,https://www.celio.com/fr-be/c/manteaux-parkas-longues-et-anoraks,20,0,2
2026-08-06,celio,parka homme,https://www.celio.com/fr-fr/c/blousons-et-manteaux-parkas,27.1,0,28
2026-08-07,celio,parka homme,https://www.celio.com/fr-be/c/manteaux-parkas-longues-et-anoraks,20,0,4
2026-08-07,celio,parka homme,https://www.celio.com/fr-fr/c/blousons-et-manteaux-parkas,27.1,0,20
2026-08-08,celio,parka homme,https://www.celio.com/fr-be/c/manteaux-parkas-longues-et-anoraks,19,0,2
2026-08-08,celio,parka homme,https://www.celio.com/fr-fr/c/blousons-et-manteaux-parkas,24.6,1,21
2026-08-09,celio,parka homme,https://www.celio.com/fr-fr/c/blousons-et-manteaux-parkas,30.4,0,25
2026-08-10,celio,parka homme,https://www.celio.com/fr-fr/c/blousons-et-manteaux-parkas,29.3,0,28
2026-08-11,celio,parka homme,https://www.celio.com/fr-be/c/manteaux-parkas-longues-et-anoraks,20,0,8
2026-08-11,celio,parka homme,https://www.celio.com/fr-fr/c/blousons-et-manteaux-parkas,28.5,0,21
2026-08-12,celio,parka homme,https://www.celio.com/fr-be/c/manteaux-parkas-longues-et-anoraks,19.2,0,4
2026-08-12,celio,parka homme,https://www.celio.com/fr-fr/c/blousons-et-manteaux-parkas,32.6,0,25
2026-08-12,celio,parka homme,https://www.celio.com/fr-fr/store?StoreID=1692,3,0,2
2026-08-13,celio,parka homme,https://www.celio.com/fr-be/c/manteaux-parkas-longues-et-anoraks,18,0,2
2026-08-13,celio,parka homme,https://www.celio.com/fr-fr/c/blousons-et-manteaux-parkas,28.7,0,27
2026-08-14,celio,parka homme,https://www.celio.com/fr-fr/c/blousons-et-manteaux-parkas,27.4,0,27
2026-08-15,celio,parka homme,https://www.celio.com/fr-be/c/manteaux-parkas-longues-et-anoraks,19.8,0,4
2026-08-15,celio,parka homme,https://www.celio.com/fr-fr/c/blousons-et-manteaux-parkas,26.6,1,23
2026-08-16,celio,parka homme,https://www.celio.com/fr-be/c/manteaux-parkas-longues-et-anoraks,18.7,0,3
2026-08-16,celio,parka homme,https://www.celio.com/fr-fr/c/blousons-et-manteaux-parkas,30.7,0,25
2026-08-17,celio,parka homme,https://www.celio.com/fr-be/c/manteaux-parkas-longues-et-anoraks,17.6,0,5
2026-08-17,celio,parka homme,https://www.celio.com/fr-fr/c/blousons-et-manteaux-parkas,27.8,0,30
2026-08-18,celio,parka homme,https://www.celio.com/fr-be/c/manteaux-parkas-longues-et-anoraks,17,0,3
2026-08-18,celio,parka homme,https://www.celio.com/fr-fr/c/blousons-et-manteaux-parkas,30.3,0,21
2026-08-19,celio,parka homme,https://www.celio.com/fr-be/c/manteaux-parkas-longues-et-anoraks,18,0,5
2026-08-19,celio,parka homme,https://www.celio.com/fr-fr/c/blousons-et-manteaux-parkas,31.4,0,24
2026-08-20,celio,parka homme,https://www.celio.com/fr-be/c/manteaux-parkas-longues-et-anoraks,17.5,0,2
2026-08-20,celio,parka homme,https://www.celio.com/fr-fr/c/blousons-et-manteaux-parkas,31.4,0,29
2026-08-21,celio,parka homme,https://www.celio.com/fr-be/c/manteaux-parkas-longues-et-anoraks,19.2,0,5
2026-08-21,celio,parka homme,https://www.celio.com/fr-fr/c/blousons-et-manteaux-parkas,24.5,0,17
2026-08-22,celio,parka homme,https://www.celio.com/fr-be/c/manteaux-parkas-longues-et-anoraks,19.6,0,5
2026-08-22,celio,parka homme,https://www.celio.com/fr-fr/c/blousons-et-manteaux-parkas,24.8,0,20
2026-08-23,celio,parka homme,https://www.celio.com/fr-be/c/manteaux-parkas-longues-et-anoraks,19.2,0,4
2026-08-23,celio,parka homme,https://www.celio.com/fr-fr/c/blousons-et-manteaux-parkas,31.9,0,21
2026-08-24,celio,parka homme,https://www.celio.com/fr-be/c/manteaux-parkas-longues-et-anoraks,17,0,2
2026-08-24,celio,parka homme,https://www.celio.com/fr-fr/c/blousons-et-manteaux-parkas,29.6,0,21
2026-08-25,celio,parka homme,https://www.celio.com/fr-be/c/manteaux-parkas-longues-et-anoraks,19,0,5
2026-08-25,celio,parka homme,https://www.celio.com/fr-fr/c/blousons-et-manteaux-parkas,32.5,0,29
2026-08-26,celio,parka homme,https://www.celio.com/fr-be/c/manteaux-parkas-longues-et-anoraks,17.8,0,6
2026-08-26,celio,parka homme,https://www.celio.com/fr-fr/c/blousons-et-manteaux-parkas,33.6,0,20
2026-08-27,celio,parka homme,https://www.celio.com/fr-be/c/manteaux-parkas-longues-et-anoraks,19.3,0,3
2026-08-27,celio,parka homme,https://www.celio.com/fr-be/c/vetements-pas-chers-parkas-pas-cheres,76.5,0,2
2026-08-27,celio,parka homme,https://www.celio.com/fr-fr/c/blousons-et-manteaux-parkas,28.8,0,23
2026-08-28,celio,parka homme,https://www.celio.com/fr-be/c/manteaux-parkas-longues-et-anoraks,17.2,0,5
2026-08-28,celio,parka homme,https://www.celio.com/fr-fr/c/blousons-et-manteaux-parkas,23.8,0,34
2026-08-29,celio,parka homme,https://www.celio.com/fr-be/c/manteaux-parkas-longues-et-anoraks,14.8,0,4
2026-08-29,celio,parka homme,https://www.celio.com/fr-fr/c/blousons-et-manteaux-parkas,15.2,0,54
2026-08-30,celio,parka homme,https://www.celio.com/fr-be/c/manteaux-parkas-longues-et-anoraks,15,0,4
2026-08-30,celio,parka homme,https://www.celio.com/fr-fr/c/blousons-et-manteaux-parkas,19.8,2,54
2026-08-31,celio,parka homme,https://www.celio.com/fr-be/c/manteaux-parkas-longues-et-anoraks,15.2,0,4
2026-08-31,celio,parka homme,https://www.celio.com/fr-fr/c/blousons-et-manteaux-parkas,21.4,0,29
2026-09-01,celio,parka homme,https://www.celio.com/fr-be/c/manteaux-parkas-longues-et-anoraks,17.3,0,3
2026-09-01,celio,parka homme,https://www.celio.com/fr-fr/c/blousons-et-manteaux-parkas,25.6,0,36
2026-09-02,celio,parka homme,https://www.celio.com/fr-be/c/manteaux-parkas-longues-et-anoraks,18.4,0,5
2026-09-02,celio,parka homme,https://www.celio.com/fr-fr/c/blousons-et-manteaux-parkas,20.2,1,39
2026-09-03,celio,parka homme,https://www.celio.com/fr-fr/c/blousons-et-manteaux-parkas,16.4,0,47
2026-09-04,celio,parka homme,https://www.celio.com/fr-be/c/manteaux-parkas-longues-et-anoraks,19,0,2
2026-09-04,celio,parka homme,https://www.celio.com/fr-fr/c/blousons-et-manteaux-parkas,18.0,0,43
2026-09-04,celio,parka homme,https://www.celio.com/fr-fr/store?StoreID=0019,15,0,2
2026-09-04,celio,parka homme,https://www.celio.com/fr-fr/store?StoreID=0123,16,0,3
2026-09-05,celio,parka homme,https://www.celio.com/fr-be/c/manteaux-parkas-longues-et-anoraks,15.8,0,4
2026-09-05,celio,parka homme,https://www.celio.com/fr-fr/c/blousons-et-manteaux-parkas,17.2,0,42
2026-09-05,celio,parka homme,https://www.celio.com/fr-fr/store?StoreID=0019,16,0,2
2026-09-06,celio,parka homme,https://www.celio.com/fr-be/c/manteaux-parkas-longues-et-anoraks,14.5,0,2
2026-09-06,celio,parka homme,https://www.celio.com/fr-fr/c/blousons-et-manteaux-parkas,11.6,3,214
2026-09-07,celio,parka homme,https://www.celio.com/fr-fr/c/blousons-et-manteaux-parkas,20.2,0,49
2026-09-08,celio,parka homme,https://www.celio.com/fr-be/c/manteaux-parkas-longues-et-anoraks,15.2,0,5
2026-09-08,celio,parka homme,https://www.celio.com/fr-fr/c/blousons-et-manteaux-parkas,14.1,2,56
2026-09-09,celio,parka homme,https://www.celio.com/fr-be/c/manteaux-parkas-longues-et-anoraks,16,0,2
2026-09-09,celio,parka homme,https://www.celio.com/fr-fr/c/blousons-et-manteaux-parkas,14.2,1,63
2026-09-10,celio,parka homme,https://www.celio.com/fr-be/c/manteaux-parkas-longues-et-anoraks,16,0,3
2026-09-10,celio,parka homme,https://www.celio.com/fr-fr/c/blousons-et-manteaux-parkas,8.7,2,77
2026-09-11,celio,parka homme,https://www.celio.com/fr-fr/c/blousons-et-manteaux-parkas,10.9,1,61
2026-09-12,celio,parka homme,https://www.celio.com/fr-fr/c/blousons-et-manteaux-parkas,4.2,6,196
2026-09-12,celio,parka homme,https://www.celio.com/fr-fr/store?StoreID=0230,3.6,0,5
2026-09-13,celio,parka homme,https://www.celio.com/fr-fr/c/blousons-et-manteaux-parkas,3.6,7,218
2026-09-14,celio,parka homme,https://www.celio.com/fr-fr/c/blousons-et-manteaux-parkas,5.9,3,139
2026-09-14,celio,parka homme,https://www.celio.com/fr-fr/store?StoreID=1616,15,0,2
2026-09-15,celio,parka homme,https://www.celio.com/fr-fr/c/blousons-et-manteaux-parkas,5.4,3,131
2026-09-16,celio,parka homme,https://www.celio.com/fr-fr/c/blousons-et-manteaux-parkas,3.3,5,230
2026-09-17,celio,parka homme,https://www.celio.com/fr-fr/c/blousons-et-manteaux-parkas,4.1,7,171
2026-09-18,celio,parka homme,https://www.celio.com/fr-be/c/manteaux-parkas-longues-et-anoraks,19,0,2
2026-09-18,celio,parka homme,https://www.celio.com/fr-fr/c/blousons-et-manteaux-parkas,4.3,10,204
2026-09-19,celio,parka homme,https://www.celio.com/fr-be/c/manteaux-parkas-longues-et-anoraks,17.5,0,2
2026-09-19,celio,parka homme,https://www.celio.com/fr-fr/c/blousons-et-manteaux-parkas,5.8,12,213
2026-09-19,celio,parka homme,https://www.celio.com/fr-fr/store?StoreID=0230,3,0,2
2026-09-20,celio,parka homme,https://www.celio.com/fr-fr/c/blousons-et-manteaux-parkas,4.7,9,247
2026-09-21,celio,parka homme,https://www.celio.com/fr-be/c/manteaux-parkas-longues-et-anoraks,15.5,0,2
2026-09-21,celio,parka homme,https://www.celio.com/fr-fr/c/blousons-et-manteaux-parkas,4.3,7,248
2026-09-22,celio,parka homme,https://www.celio.com/fr-be/c/manteaux-parkas-longues-et-anoraks,15,0,3
2026-09-22,celio,parka homme,https://www.celio.com/fr-fr/c/blousons-et-manteaux-parkas,5.4,11,236
2026-09-23,celio,parka homme,https://www.celio.com/fr-be/c/manteaux-parkas-longues-et-anoraks,12.5,0,2
2026-09-23,celio,parka homme,https://www.celio.com/fr-fr/c/blousons-et-manteaux-parkas,4.6,4,218
2026-09-24,celio,parka homme,https://www.celio.com/fr-be/store?StoreID=3500,6,0,2
2026-09-24,celio,parka homme,https://www.celio.com/fr-fr/c/blousons-et-manteaux-parkas,5.2,1,204
2026-09-25,celio,parka homme,https://www.celio.com/fr-fr/c/blousons-et-manteaux-parkas,5.9,6,121
2026-09-26,celio,parka homme,https://www.celio.com/fr-fr/c/blousons-et-manteaux-parkas,5.2,5,180
2026-09-26,celio,parka homme,https://www.celio.com/fr-fr/store?StoreID=0012,7.5,0,2
2026-09-26,celio,parka homme,https://www.celio.com/fr-fr/store?StoreID=0626,6,0,3
2026-09-27,celio,parka homme,https://www.celio.com/fr-fr/c/blousons-et-manteaux-parkas,5.8,4,214
2026-09-27,celio,parka homme,https://www.celio.com/fr-fr/store?StoreID=0123,4,0,2
2026-09-28,celio,parka homme,https://www.celio.com/fr-fr/c/blousons-et-manteaux-parkas,4.7,13,258
2026-09-28,celio,parka homme,https://www.celio.com/fr-fr/store?StoreID=0230,11,0,2
2026-09-29,celio,parka homme,https://www.celio.com/fr-fr/c/blousons-et-manteaux-parkas,2.9,13,281
2026-09-30,celio,parka homme,https://www.celio.com/fr-be/c/manteaux-parkas-longues-et-anoraks,15.5,0,4
2026-09-30,celio,parka homme,https://www.celio.com/fr-fr/c/blousons-et-manteaux-parkas,3.3,17,292
2026-07-03,celio,polo homme,https://www.celio.com/fr-be/c/polos,4.0,1,24
2026-07-03,celio,polo homme,https://www.celio.com/fr-fr/c/polos,1.8,22,522
2026-07-04,celio,polo homme,https://www.celio.com/fr-be/c/polos,4.0,2,31
2026-07-04,celio,polo homme,https://www.celio.com/fr-fr/c/polos,2.2,32,636
2026-07-04,celio,polo homme,https://www.celio.com/fr-fr/store?StoreID=0013,1,0,2
2026-07-05,celio,polo homme,https://www.celio.com/fr-be/c/polos,4.5,0,32
2026-07-05,celio,polo homme,https://www.celio.com/fr-fr/c/polos,2.0,28,723
2026-07-05,celio,polo homme,https://www.celio.com/fr-fr/store?StoreID=0206,10.5,0,2
2026-07-06,celio,polo homme,https://www.celio.com/fr-be/c/polos,3.7,1,33
2026-07-06,celio,polo homme,https://www.celio.com/fr-fr/c/polos,1.8,29,665
2026-07-07,celio,polo homme,https://www.celio.com/fr-be/c/polos,4.5,3,24
2026-07-07,celio,polo homme,https://www.celio.com/fr-fr/c/polos,1.6,32,620
2026-07-07,celio,polo homme,https://www.celio.com/fr-fr/store?StoreID=1692,5.5,0,2
2026-07-08,celio,polo homme,https://www.celio.com/fr-be/c/polos,6.3,0,29
2026-07-08,celio,polo homme,https://www.celio.com/fr-fr/c/polos,1.9,25,609
2026-07-09,celio,polo homme,https://www.celio.com/fr-be/c/polos,6.3,0,20
2026-07-09,celio,polo homme,https://www.celio.com/fr-fr/c/polos,1.9,31,507
2026-07-10,celio,polo homme,https://www.celio.com/fr-be/c/polos,5.1,0,25
2026-07-10,celio,polo homme,https://www.celio.com/fr-fr/c/polos,1.6,17,486
2026-07-11,celio,polo homme,https://www.celio.com/fr-be/c/polos,9.5,1,31
2026-07-11,celio,polo homme,https://www.celio.com/fr-fr/c/polos,2.1,18,532
2026-07-12,celio,polo homme,https://www.celio.com/fr-be/c/polos,8.8,0,17
2026-07-12,celio,polo homme,https://www.celio.com/fr-fr/c/polos,1.9,20,553
2026-07-12,celio,polo homme,https://www.celio.com/fr-fr/store?StoreID=0137,16.5,0,2
2026-07-13,celio,polo homme,https://www.celio.com/fr-be/c/polos,7.5,1,20
2026-07-13,celio,polo homme,https://www.celio.com/fr-fr/c/polos,1.8,31,514
2026-07-13,celio,polo homme,https://www.celio.com/fr-fr/store?StoreID=0137,15,0,2
2026-07-14,celio,polo homme,https://www.celio.com/fr-be/c/polos,6.1,0,22
2026-07-14,celio,polo homme,https://www.celio.com/fr-fr/c/polos,2.0,29,538
2026-07-15,celio,polo homme,https://www.celio.com/fr-be/c/polos,8.5,0,23
2026-07-15,celio,polo homme,https://www.celio.com/fr-fr/c/polos,1.7,19,514
2026-07-15,celio,polo homme,https://www.celio.com/fr-fr/store?StoreID=0687,8.2,0,4
2026-07-16,celio,polo homme,https://www.celio.com/fr-be/c/polos,6.7,0,7
2026-07-16,celio,polo homme,https://www.celio.com/fr-fr/c/polos,1.7,16,429
2026-07-16,celio,polo homme,https://www.celio.com/fr-fr/store?StoreID=0603,8,0,2
2026-07-16,celio,polo homme,https://www.celio.com/fr-fr/store?StoreID=0687,7.5,0,2
2026-07-16,celio,polo homme,https://www.celio.com/fr-fr/store?StoreID=1498,12.5,0,2
2026-07-17,celio,polo homme,https://www.celio.com/fr-be/c/polos,6.6,0,20
2026-07-17,celio,polo homme,https://www.celio.com/fr-fr/c/polos,2.3,25,439
2026-07-18,celio,polo homme,https://www.celio.com/fr-be/c/polos,9.3,0,21
2026-07-18,celio,polo homme,https://www.celio.com/fr-fr/c/polos,1.7,15,468
2026-07-18,celio,polo homme,https://www.celio.com/fr-fr/store?StoreID=0769,8,0,2
2026-07-19,celio,polo homme,https://www.celio.com/fr-be/c/polos,8.4,0,11
2026-07-19,celio,polo homme,https://www.celio.com/fr-fr/c/polos,2.1,21,506
2026-07-19,celio,polo homme,https://www.celio.com/fr-fr/store?StoreID=1443,9,0,2
2026-07-20,celio,polo homme,https://www.celio.com/fr-be/c/polos,8.8,0,17
2026-07-20,celio,polo homme,https://www.celio.com/fr-fr/c/polos,1.8,20,526
2026-07-20,celio,polo homme,https://www.celio.com/fr-fr/store?StoreID=0769,10,0,2
2026-07-21,celio,polo homme,https://www.celio.com/fr-be/c/polos,7.8,2,14
2026-07-21,celio,polo homme,https://www.celio.com/fr-fr/c/polos,1.8,29,499
2026-07-21,celio,polo homme,https://www.celio.com/fr-fr/c/vetements-pas-chers-polos-pas-chers,2.5,0,2
2026-07-21,celio,polo homme,https://www.celio.com/fr-fr/store?StoreID=0687,12.5,0,2
2026-07-22,celio,polo homme,https://www.celio.com/fr-be/c/polos,5.9,0,19
2026-07-22,celio,polo homme,https://www.celio.com/fr-fr/c/polos,1.7,22,451
2026-07-23,celio,polo homme,https://www.celio.com/fr-be/c/polos,6.0,1,23
2026-07-23,celio,polo homme,https://www.celio.com/fr-fr/c/polos,1.8,20,438
2026-07-23,celio,polo homme,https://www.celio.com/fr-fr/store?StoreID=1474,10,0,2
2026-07-24,celio,polo homme,https://www.celio.com/fr-be/c/polos,4.7,0,22
2026-07-24,celio,polo homme,https://www.celio.com/fr-fr/c/polos,1.7,22,448
2026-07-24,celio,polo homme,https://www.celio.com/fr-fr/store?StoreID=0224,7,0,2
2026-07-24,celio,polo homme,https://www.celio.com/fr-fr/store?StoreID=0671,7,0,2
2026-07-25,celio,polo homme,https://www.celio.com/fr-be/c/polos,5.2,1,22
2026-07-25,celio,polo homme,https://www.celio.com/fr-fr/c/polos,2.0,16,438
2026-07-25,celio,polo homme,https://www.celio.com/fr-fr/store?StoreID=0775,4,0,3
2026-07-26,celio,polo homme,https://www.celio.com/fr-be/c/polos,3.9,2,13
2026-07-26,celio,polo homme,https://www.celio.com/fr-fr/c/polos,2.3,18,541
2026-07-26,celio,polo homme,https://www.celio.com/fr-fr/store?StoreID=0291,7,0,2
2026-07-27,celio,polo homme,https://www.celio.com/fr-be/c/polos,4.6,0,19
2026-07-27,celio,polo homme,https://www.celio.com/fr-fr/c/polos,2.6,17,480
2026-07-28,celio,polo homme,https://www.celio.com/fr-be/c/polos,4.9,0,26
2026-07-28,celio,polo homme,https://www.celio.com/fr-fr/c/polos,2.1,14,501
2026-07-28,celio,polo homme,https://www.celio.com/fr-fr/store?StoreID=0063,8,0,2
2026-07-29,celio,polo homme,https://www.celio.com/fr-be/c/polos,4.8,1,30
2026-07-29,celio,polo homme,https://www.celio.com/fr-fr/c/polos,2.6,20,508
2026-07-29,celio,polo homme,https://www.celio.com/fr-fr/store?StoreID=0291,6,0,2
2026-07-30,celio,polo homme,https://www.celio.com/fr-be/c/polos,3.5,1,17
2026-07-30,celio,polo homme,https://www.celio.com/fr-fr/c/polos,2.3,15,467
2026-07-30,celio,polo homme,https://www.celio.com/fr-fr/store?StoreID=0687,6,0,2
2026-07-31,celio,polo homme,https://www.celio.com/fr-be/c/polos,8.4,0,26
2026-07-31,celio,polo homme,https://www.celio.com/fr-fr/c/polos,2.0,11,417
2026-07-31,celio,polo homme,https://www.celio.com/fr-fr/store?StoreID=0759,9,0,2
2026-08-01,celio,polo homme,https://www.celio.com/fr-be/c/polos,4.3,0,21
2026-08-01,celio,polo homme,https://www.celio.com/fr-fr/c/polos,1.4,19,467
2026-08-01,celio,polo homme,https://www.celio.com/fr-fr/store?StoreID=0112,8,0,2
2026-08-01,celio,polo homme,https://www.celio.com/fr-fr/store?StoreID=0137,10,0,2
2026-08-02,celio,polo homme,https://www.celio.com/fr-be/c/polos,4.9,0,18
2026-08-02,celio,polo homme,https://www.celio.com/fr-fr/c/polos,1.5,30,529
2026-08-02,celio,polo homme,https://www.celio.com/fr-fr/store?StoreID=0031,15,0,2
2026-08-02,celio,polo homme,https://www.celio.com/fr-fr/store?StoreID=0137,6.5,0,4
2026-08-02,celio,polo homme,https://www.celio.com/fr-fr/store?StoreID=0149,7,0,2
2026-08-02,celio,polo homme,https://www.celio.com/fr-fr/store?StoreID=0775,5.5,0,2
2026-08-03,celio,polo homme,https://www.celio.com/fr-be/c/polos,6.8,0,18
2026-08-03,celio,polo homme,https://www.celio.com/fr-fr/c/polos,1.5,29,518
2026-08-03,celio,polo homme,https://www.celio.com/fr-fr/store?StoreID=0206,10.7,0,3
2026-08-04,celio,polo homme,https://www.celio.com/fr-be/c/polos,4.5,2,29
2026-08-04,celio,polo homme,https://www.celio.com/fr-fr/c/polos,1.8,30,510
2026-08-04,celio,polo homme,https://www.celio.com/fr-fr/c/polos?page=3,13,0,5
2026-08-04,celio,polo homme,https://www.celio.com/fr-fr/store?StoreID=0776,7,0,2
2026-08-05,celio,polo homme,https://www.celio.com/fr-be/c/polos,5.2,1,24
2026-08-05,celio,polo homme,https://www.celio.com/fr-fr/c/polos,1.8,17,474
2026-08-05,celio,polo homme,https://www.celio.com/fr-fr/store?StoreID=1699,4,0,2
2026-08-06,celio,polo homme,https://www.celio.com/fr-be/c/polos,4.3,1,18
2026-08-06,celio,polo homme,https://www.celio.com/fr-fr/c/polos,1.6,15,469
2026-08-06,celio,polo homme,https://www.celio.com/fr-fr/store?StoreID=0012,3,0,2
2026-08-07,celio,polo homme,https://www.celio.com/fr-be/c/polos,5.0,1,27
2026-08-07,celio,polo homme,https://www.celio.com/fr-fr/c/polos,1.6,17,401
2026-08-07,celio,polo homme,https://www.celio.com/fr-fr/store?StoreID=0012,7,0,2
2026-08-07,celio,polo homme,https://www.celio.com/fr-fr/store?StoreID=0769,7,0,2
2026-08-07,celio,polo homme,https://www.celio.com/fr-fr/store?StoreID=1692,4.5,0,2
2026-08-08,celio,polo homme,https://www.celio.com/fr-be/c/polos,5.1,0,15
2026-08-08,celio,polo homme,https://www.celio.com/fr-fr/c/polos,1.9,26,416
2026-08-08,celio,polo homme,https://www.celio.com/fr-fr/store?StoreID=0012,14,0,2
2026-08-09,celio,polo homme,https://www.celio.com/fr-be/c/polos,6.7,0,15
2026-08-09,celio,polo homme,https://www.celio.com/fr-fr/c/polos,2.2,21,472
2026-08-09,celio,polo homme,https://www.celio.com/fr-fr/store?StoreID=1468,7.5,0,2
2026-08-10,celio,polo homme,https://www.celio.com/fr-be/c/polos,2.4,1,24
2026-08-10,celio,polo homme,https://www.celio.com/fr-fr/c/polos,2.5,23,475
2026-08-10,celio,polo homme,https://www.celio.com/fr-fr/store?StoreID=1683,1,1,3
2026-08-10,celio,polo homme,https://www.celio.com/fr-fr/store?StoreID=1692,9,0,4
2026-08-11,celio,polo homme,https://www.celio.com/fr-be/c/polos,4.3,0,23
2026-08-11,celio,polo homme,https://www.celio.com/fr-fr/c/polos,2.2,16,456
2026-08-12,celio,polo homme,https://www.celio.com/fr-be/c/polos,4.6,0,16
2026-08-12,celio,polo homme,https://www.celio.com/fr-fr/c/polos,2.2,14,419
2026-08-13,celio,polo homme,https://www.celio.com/fr-be/c/polos,4.5,0,20
2026-08-13,celio,polo homme,https://www.celio.com/fr-fr/c/polos,2.3,23,393
2026-08-13,celio,polo homme,https://www.celio.com/fr-fr/store?StoreID=1692,2,0,2
2026-08-14,celio,polo homme,https://www.celio.com/fr-be/c/polos,4,0,10
2026-08-14,celio,polo homme,https://www.celio.com/fr-fr/c/polos,1.9,12,420
2026-08-14,celio,polo homme,https://www.celio.com/fr-fr/store?StoreID=0149,1,0,3
2026-08-14,celio,polo homme,https://www.celio.com/fr-fr/store?StoreID=3201,5,0,2
2026-08-15,celio,polo homme,https://www.celio.com/fr-be/c/polos,7.3,1,16
2026-08-15,celio,polo homme,https://www.celio.com/fr-fr/c/polos,2.3,13,392
2026-08-16,celio,polo homme,https://www.celio.com/fr-be/c/polos,4.6,0,19
2026-08-16,celio,polo homme,https://www.celio.com/fr-fr/c/polos,2.3,22,412
2026-08-17,celio,polo homme,https://www.celio.com/fr-be/c/polos,5.2,0,20
2026-08-17,celio,polo homme,https://www.celio.com/fr-fr/c/polos,1.9,14,464
2026-08-17,celio,polo homme,https://www.celio.com/fr-fr/store?StoreID=0623,7.5,0,2
2026-08-17,celio,polo homme,https://www.celio.com/fr-fr/store?StoreID=0797,10.5,0,2
2026-08-18,celio,polo homme,https://www.celio.com/fr-be/c/polos,3.9,0,19
2026-08-18,celio,polo homme,https://www.celio.com/fr-fr/c/polos,2.2,18,424
2026-08-18,celio,polo homme,https://www.celio.com/fr-fr/store?StoreID=0144,8.7,0,3
2026-08-19,celio,polo homme,https://www.celio.com/fr-be/c/polos,7.1,0,23
2026-08-19,celio,polo homme,https://www.celio.com/fr-fr/c/polos,2.0,23,426
2026-08-19,celio,polo homme,https://www.celio.com/fr-fr/c/polos-polos-piques,2.5,0,2
2026-08-20,celio,polo homme,https://www.celio.com/fr-be/c/polos,11.1,0,15
2026-08-20,celio,polo homme,https://www.celio.com/fr-fr/c/polos,1.6,14,413
2026-08-21,celio,polo homme,https://www.celio.com/fr-be/c/polos,10.1,0,8
2026-08-21,celio,polo homme,https://www.celio.com/fr-fr/c/polos,1.4,13,400
2026-08-22,celio,polo homme,https://www.celio.com/fr-be/c/polos,5,0,11
2026-08-22,celio,polo homme,https://www.celio.com/fr-fr/c/polos,1.5,13,362
2026-08-22,celio,polo homme,https://www.celio.com/fr-fr/store?StoreID=0687,12,0,2
2026-08-23,celio,polo homme,https://www.celio.com/fr-be/c/polos,7.4,0,11
2026-08-23,celio,polo homme,https://www.celio.com/fr-fr/c/polos,1.9,16,432
2026-08-23,celio,polo homme,https://www.celio.com/fr-fr/c/vetements-pas-chers-polos-pas-chers,2,1,3
2026-08-23,celio,polo homme,https://www.celio.com/fr-fr/store?StoreID=0031,13.5,0,2
2026-08-23,celio,polo homme,https://www.celio.com/fr-fr/store?StoreID=1699,4,0,3
2026-08-24,celio,polo homme,https://www.celio.com/fr-be/c/polos,11.8,0,10
2026-08-24,celio,polo homme,https://www.celio.com/fr-fr/c/polos,1.9,17,455
2026-08-24,celio,polo homme,https://www.celio.com/fr-fr/c/vetements-pas-chers-polos-pas-chers,2.5,1,4
2026-08-25,celio,polo homme,https://www.celio.com/fr-be/c/polos,11.3,0,9
2026-08-25,celio,polo homme,https://www.celio.com/fr-fr/c/polos,1.7,15,392
2026-08-25,celio,polo homme,https://www.celio.com/fr-fr/store?StoreID=0012,10,0,2
2026-08-26,celio,polo homme,https://www.celio.com/fr-be/c/polos,3.5,0,11
2026-08-26,celio,polo homme,https://www.celio.com/fr-fr/c/polos,2.0,17,430
2026-08-27,celio,polo homme,https://www.celio.com/fr-be/c/polos,8.9,0,10
2026-08-27,celio,polo homme,https://www.celio.com/fr-fr/c/polos,1.8,14,405
2026-08-27,celio,polo homme,https://www.celio.com/fr-fr/store?StoreID=0149,7,0,2
2026-08-28,celio,polo homme,https://www.celio.com/fr-be/c/polos,5.6,0,9
2026-08-28,celio,polo homme,https://www.celio.com/fr-fr/c/polos,1.9,24,449
2026-08-28,celio,polo homme,https://www.celio.com/fr-fr/store?StoreID=0012,7.2,0,5
2026-08-28,celio,polo homme,https://www.celio.com/fr-fr/store?StoreID=0691,9,0,2
2026-08-29,celio,polo homme,https://www.celio.com/fr-be/c/polos,5.7,0,15
2026-08-29,celio,polo homme,https://www.celio.com/fr-fr/c/polos,2.0,16,373
2026-08-29,celio,polo homme,https://www.celio.com/fr-fr/store?StoreID=0172,9,0,4
2026-08-29,celio,polo homme,https://www.celio.com/fr-fr/store?StoreID=0687,5,0,2
2026-08-30,celio,polo homme,https://www.celio.com/fr-be/c/polos,2.9,0,15
2026-08-30,celio,polo homme,https://www.celio.com/fr-be/store?StoreID=0389,7.3,0,3
2026-08-30,celio,polo homme,https://www.celio.com/fr-fr/c/polos,2.6,13,424
2026-08-30,celio,polo homme,https://www.celio.com/fr-fr/store?StoreID=0099,14,0,2
2026-08-30,celio,polo homme,https://www.celio.com/fr-fr/store?StoreID=0219,4.5,0,2
2026-08-30,celio,polo homme,https://www.celio.com/fr-fr/store?StoreID=0759,14,0,2
2026-08-31,celio,polo homme,https://www.celio.com/fr-be/c/polos,6.9,1,17
2026-08-31,celio,polo homme,https://www.celio.com/fr-fr/c/polos,3.6,11,401
2026-08-31,celio,polo homme,https://www.celio.com/fr-fr/store?StoreID=0687,5.5,0,2
2026-09-01,celio,polo homme,https://www.celio.com/fr-be/c/polos,3.5,1,19
2026-09-01,celio,polo homme,https://www.celio.com/fr-fr/c/polos,3.6,17,438
2026-09-01,celio,polo homme,https://www.celio.com/fr-fr/c/vetements-pas-chers-polos-pas-chers,96,0,2
2026-09-01,celio,polo homme,https://www.celio.com/fr-fr/store?StoreID=0267,10,0,2
2026-09-01,celio,polo homme,https://www.celio.com/fr-fr/store?StoreID=0687,6.3,1,3
2026-09-01,celio,polo homme,https://www.celio.com/fr-fr/store?StoreID=0768,4,0,2
2026-09-02,celio,polo homme,https://www.celio.com/fr-be/c/polos,6.1,0,9
2026-09-02,celio,polo homme,https://www.celio.com/fr-fr/c/polos,2.3,14,407
2026-09-02,celio,polo homme,https://www.celio.com/fr-fr/c/vetements-pas-chers-polos-pas-chers,12,0,2
2026-09-03,celio,polo homme,https://www.celio.com/fr-be/c/polos,5.1,0,21
2026-09-03,celio,polo homme,https://www.celio.com/fr-be/store?StoreID=3514,6.5,0,2
2026-09-03,celio,polo homme,https://www.celio.com/fr-fr/c/polos,3.2,16,404
2026-09-03,celio,polo homme,https://www.celio.com/fr-fr/c/polos-polos-piques,3,0,2
2026-09-03,celio,polo homme,https://www.celio.com/fr-fr/p/polo-pique-regular-100-coton---marine/1092773.html,3,1,2
2026-09-03,celio,polo homme,https://www.celio.com/fr-fr/p/polo-pique-regular-100-coton---noir/1092779.html,3,0,2
2026-09-03,celio,polo homme,https://www.celio.com/fr-fr/store?StoreID=0698,15,0,2
2026-09-04,celio,polo homme,https://www.celio.com/fr-be/c/polos,9.8,0,9
2026-09-04,celio,polo homme,https://www.celio.com/fr-fr/c/polos,2.6,20,380
2026-09-05,celio,polo homme,https://www.celio.com/fr-be/c/polos,6.8,0,12
2026-09-05,celio,polo homme,https://www.celio.com/fr-fr/c/polos,2.8,18,404
2026-09-05,celio,polo homme,https://www.celio.com/fr-fr/store?StoreID=0274,14,0,2
2026-09-06,celio,polo homme,https://www.celio.com/fr-be/c/polos,8.8,0,20
2026-09-06,celio,polo homme,https://www.celio.com/fr-fr/c/polos,2.9,11,397
2026-09-06,celio,polo homme,https://www.celio.com/fr-fr/store?StoreID=0614,11,0,2
2026-09-07,celio,polo homme,https://www.celio.com/fr-be/c/polos,10.6,1,9
2026-09-07,celio,polo homme,https://www.celio.com/fr-fr/c/polos,3.5,18,452
2026-09-07,celio,polo homme,https://www.celio.com/fr-fr/store?StoreID=0012,10,0,3
2026-09-07,celio,polo homme,https://www.celio.com/fr-fr/store?StoreID=0698,11,0,2
2026-09-07,celio,polo homme,https://www.celio.com/fr-fr/store?StoreID=0766,13,0,2
2026-09-08,celio,polo homme,https://www.celio.com/fr-be/c/polos,7.5,0,13
2026-09-08,celio,polo homme,https://www.celio.com/fr-fr/c/polos,4.9,10,417
2026-09-08,celio,polo homme,https://www.celio.com/fr-fr/c/vetements-pas-chers-polos-pas-chers,11,0,5
2026-09-08,celio,polo homme,https://www.celio.com/fr-fr/store?StoreID=0031,13,0,2
2026-09-08,celio,polo homme,https://www.celio.com/fr-fr/store?StoreID=0779,6.2,0,4
2026-09-09,celio,polo homme,https://www.celio.com/fr-be/c/polos,13.6,0,10
2026-09-09,celio,polo homme,https://www.celio.com/fr-fr/c/polos,2.5,17,464
2026-09-09,celio,polo homme,https://www.celio.com/fr-fr/store?StoreID=0112,9,0,3
2026-09-10,celio,polo homme,https://www.celio.com/fr-be/c/polos,10.8,0,5
2026-09-10,celio,polo homme,https://www.celio.com/fr-fr/c/polos,2.0,14,387
2026-09-10,celio,polo homme,https://www.celio.com/fr-fr/store?StoreID=0137,2,0,3
2026-09-10,celio,polo homme,https://www.celio.com/fr-fr/store?StoreID=1402,15,0,2
2026-09-11,celio,polo homme,https://www.celio.com/fr-be/c/polos,7.9,0,11
2026-09-11,celio,polo homme,https://www.celio.com/fr-fr/c/polos,2.1,16,350
2026-09-11,celio,polo homme,https://www.celio.com/fr-fr/store?StoreID=0137,2,0,2
2026-09-12,celio,polo homme,https://www.celio.com/fr-be/c/polos,8.6,0,13
2026-09-12,celio,polo homme,https://www.celio.com/fr-fr/c/polos,2.1,21,412
2026-09-12,celio,polo homme,https://www.celio.com/fr-fr/store?StoreID=0037,10,0,2
2026-09-12,celio,polo homme,https://www.celio.com/fr-fr/store?StoreID=0687,11,0,2
2026-09-12,celio,polo homme,https://www.celio.com/fr-fr/store?StoreID=1461,6,0,3
2026-09-12,celio,polo homme,https://www.celio.com/fr-fr/store?StoreID=1699,1.5,0,2
2026-09-13,celio,polo homme,https://www.celio.com/fr-be/c/polos,8.5,0,11
2026-09-13,celio,polo homme,https://www.celio.com/fr-fr/c/polos,2.2,14,414
2026-09-14,celio,polo homme,https://www.celio.com/fr-be/c/polos,8.3,0,6
2026-09-14,celio,polo homme,https://www.celio.com/fr-fr/c/polos,2.5,14,397
2026-09-14,celio,polo homme,https://www.celio.com/fr-fr/c/vetements-pas-chers-polos-pas-chers,4.5,0,4
2026-09-14,celio,polo homme,https://www.celio.com/fr-fr/store?StoreID=0626,7,0,2
2026-09-15,celio,polo homme,https://www.celio.com/fr-be/c/polos,6.8,0,13
2026-09-15,celio,polo homme,https://www.celio.com/fr-fr/c/polos,1.9,19,404
2026-09-15,celio,polo homme,https://www.celio.com/fr-fr/store?StoreID=1638,12,0,2
2026-09-16,celio,polo homme,https://www.celio.com/fr-be/c/polos,6.7,0,28
2026-09-16,celio,polo homme,https://www.celio.com/fr-fr/c/polos,1.6,22,421
2026-09-16,celio,polo homme,https://www.celio.com/fr-fr/store?StoreID=0687,19.8,0,4
2026-09-17,celio,polo homme,https://www.celio.com/fr-be/c/polos,8.3,0,20
2026-09-17,celio,polo homme,https://www.celio.com/fr-fr/c/polos,1.6,23,381
2026-09-17,celio,polo homme,https://www.celio.com/fr-fr/store?StoreID=0284,1.7,0,3
2026-09-17,celio,polo homme,https://www.celio.com/fr-fr/store?StoreID=0656,2,0,2
2026-09-17,celio,polo homme,https://www.celio.com/fr-fr/store?StoreID=0687,18.2,0,5
2026-09-17,celio,polo homme,https://www.celio.com/fr-fr/store?StoreID=1686,2,0,3
2026-09-17,celio,polo homme,https://www.celio.com/fr-fr/store?StoreID=1699,4,0,2
2026-09-18,celio,polo homme,https://www.celio.com/fr-be/c/polos,11.9,0,9
2026-09-18,celio,polo homme,https://www.celio.com/fr-fr/c/polos,1.8,12,331
2026-09-18,celio,polo homme,https://www.celio.com/fr-fr/c/vetements-pas-chers-polos-pas-chers,5.3,0,3
2026-09-18,celio,polo homme,https://www.celio.com/fr-fr/store?StoreID=0687,17.2,0,6
2026-09-19,celio,polo homme,http://www.celio.com/,2,0,2
2026-09-19,celio,polo homme,https://www.celio.com/fr-be/c/polos,4.9,0,7
2026-09-19,celio,polo homme,https://www.celio.com/fr-fr/c/polos,2.0,21,393
2026-09-19,celio,polo homme,https://www.celio.com/fr-fr/store?StoreID=0687,19,0,2
2026-09-20,celio,polo homme,https://www.celio.com/fr-be/c/polos,7.6,0,16
2026-09-20,celio,polo homme,https://www.celio.com/fr-fr/c/polos,1.8,27,457
2026-09-20,celio,polo homme,https://www.celio.com/fr-fr/store?StoreID=0687,18,0,8
2026-09-20,celio,polo homme,https://www.celio.com/fr-fr/store?StoreID=0769,8,0,4
2026-09-21,celio,polo homme,https://www.celio.com/fr-be/c/polos,10.1,2,13
2026-09-21,celio,polo homme,https://www.celio.com/fr-fr/c/polos,2.3,15,372
2026-09-22,celio,polo homme,https://www.celio.com/fr-be/c/polos,6.6,0,14
2026-09-22,celio,polo homme,https://www.celio.com/fr-fr/c/polos,2.3,20,413
2026-09-22,celio,polo homme,https://www.celio.com/fr-fr/store?StoreID=0067,3,0,2
2026-09-22,celio,polo homme,https://www.celio.com/fr-fr/store?StoreID=0149,4.3,0,3
2026-09-22,celio,polo homme,https://www.celio.com/fr-fr/store?StoreID=0687,9.3,0,7
2026-09-22,celio,polo homme,https://www.celio.com/fr-fr/store?StoreID=0776,2,0,2
2026-09-22,celio,polo homme,https://www.celio.com/fr-fr/store?StoreID=1460,2,0,2
2026-09-23,celio,polo homme,https://www.celio.com/fr-be/c/polos,9.2,0,5
2026-09-23,celio,polo homme,https://www.celio.com/fr-fr/c/polos,2.9,15,318
2026-09-23,celio,polo homme,https://www.celio.com/fr-fr/c/vetements-pas-chers-polos-pas-chers,6,1,2
2026-09-23,celio,polo homme,https://www.celio.com/fr-fr/store?StoreID=0004,5,0,2
2026-09-23,celio,polo homme,https://www.celio.com/fr-fr/store?StoreID=0227,2,0,2
2026-09-23,celio,polo homme,https://www.celio.com/fr-fr/store?StoreID=0679,2,0,2
2026-09-23,celio,polo homme,https://www.celio.com/fr-fr/store?StoreID=0687,9.2,0,9
2026-09-23,celio,polo homme,https://www.celio.com/fr-fr/store?StoreID=0769,3,0,2
2026-09-23,celio,polo homme,https://www.celio.com/fr-fr/store?StoreID=0776,2.6,0,5
2026-09-24,celio,polo homme,https://www.celio.com/fr-be/c/polos,7.5,0,12
2026-09-24,celio,polo homme,https://www.celio.com/fr-fr/c/polos,3.6,12,320
2026-09-24,celio,polo homme,https://www.celio.com/fr-fr/store?StoreID=0012,8.5,0,2
2026-09-24,celio,polo homme,https://www.celio.com/fr-fr/store?StoreID=0144,2,0,2
2026-09-24,celio,polo homme,https://www.celio.com/fr-fr/store?StoreID=0267,2,0,2
2026-09-24,celio,polo homme,https://www.celio.com/fr-fr/store?StoreID=0645,4.7,0,6
2026-09-24,celio,polo homme,https://www.celio.com/fr-fr/store?StoreID=0687,9.9,1,9
2026-09-25,celio,polo homme,https://www.celio.com/fr-be/c/polos,6.5,0,10
2026-09-25,celio,polo homme,https://www.celio.com/fr-fr/c/polos,3.2,9,305
2026-09-25,celio,polo homme,https://www.celio.com/fr-fr/c/vetements-pas-chers-polos-pas-chers,4,0,2
2026-09-25,celio,polo homme,https://www.celio.com/fr-fr/store?StoreID=0067,3,0,2
2026-09-25,celio,polo homme,https://www.celio.com/fr-fr/store?StoreID=0162,8,0,2
2026-09-25,celio,polo homme,https://www.celio.com/fr-fr/store?StoreID=0191,2.8,0,4
2026-09-25,celio,polo homme,https://www.celio.com/fr-fr/store?StoreID=0230,3,0,2
2026-09-25,celio,polo homme,https://www.celio.com/fr-fr/store?StoreID=0687,5.7,0,12
2026-09-25,celio,polo homme,https://www.celio.com/fr-fr/store?StoreID=0691,3.8,0,4
2026-09-25,celio,polo homme,https://www.celio.com/fr-fr/store?StoreID=0714,4.3,0,3
2026-09-25,celio,polo homme,https://www.celio.com/fr-fr/store?StoreID=0776,4.5,0,4
2026-09-25,celio,polo homme,https://www.celio.com/fr-fr/store?StoreID=1704,6,0,3
2026-09-26,celio,polo homme,https://www.celio.com/fr-be/c/polos,7,1,12
2026-09-26,celio,polo homme,https://www.celio.com/fr-fr/c/polos,2.2,18,323
2026-09-26,celio,polo homme,https://www.celio.com/fr-fr/c/vetements-pas-chers-polos-pas-chers,5,0,3
2026-09-26,celio,polo homme,https://www.celio.com/fr-fr/store?StoreID=0126,2,0,2
2026-09-26,celio,polo homme,https://www.celio.com/fr-fr/store?StoreID=0133,3,0,2
2026-09-26,celio,polo homme,https://www.celio.com/fr-fr/store?StoreID=0149,3.3,0,3
2026-09-26,celio,polo homme,https://www.celio.com/fr-fr/store?StoreID=0230,5.3,0,3
2026-09-26,celio,polo homme,https://www.celio.com/fr-fr/store?StoreID=0263,6,0,2
2026-09-26,celio,polo homme,https://www.celio.com/fr-fr/store?StoreID=0631,2.7,0,3
2026-09-26,celio,polo homme,https://www.celio.com/fr-fr/store?StoreID=0687,6.8,0,10
2026-09-26,celio,polo homme,https://www.celio.com/fr-fr/store?StoreID=0759,2,0,2
2026-09-26,celio,polo homme,https://www.celio.com/fr-fr/store?StoreID=0771,3.5,0,2
2026-09-26,celio,polo homme,https://www.celio.com/fr-fr/store?StoreID=1646,4,0,2
2026-09-26,celio,polo homme,https://www.celio.com/fr-fr/store?StoreID=1683,5,0,2
2026-09-27,celio,polo homme,https://www.celio.com/fr-be/c/polos,6.6,0,11
2026-09-27,celio,polo homme,https://www.celio.com/fr-fr/c/polos,2.1,15,416
2026-09-27,celio,polo homme,https://www.celio.com/fr-fr/store?StoreID=0092,4.5,0,2
2026-09-27,celio,polo homme,https://www.celio.com/fr-fr/store?StoreID=0122,2.5,0,2
2026-09-27,celio,polo homme,https://www.celio.com/fr-fr/store?StoreID=0126,8.7,0,3
2026-09-27,celio,polo homme,https://www.celio.com/fr-fr/store?StoreID=0219,4,0,2
2026-09-27,celio,polo homme,https://www.celio.com/fr-fr/store?StoreID=0230,4.5,0,2
2026-09-27,celio,polo homme,https://www.celio.com/fr-fr/store?StoreID=0263,4.4,0,5
2026-09-27,celio,polo homme,https://www.celio.com/fr-fr/store?StoreID=0602,2,0,2
2026-09-27,celio,polo homme,https://www.celio.com/fr-fr/store?StoreID=0605,6,0,3
2026-09-27,celio,polo homme,https://www.celio.com/fr-fr/store?StoreID=0623,4.2,0,4
2026-09-27,celio,polo homme,https://www.celio.com/fr-fr/store?StoreID=0626,2,0,2
2026-09-27,celio,polo homme,https://www.celio.com/fr-fr/store?StoreID=0674,2,0,2
2026-09-27,celio,polo homme,https://www.celio.com/fr-fr/store?StoreID=0687,3.8,0,9
2026-09-27,celio,polo homme,https://www.celio.com/fr-fr/store?StoreID=0691,6.3,0,3
2026-09-27,celio,polo homme,https://www.celio.com/fr-fr/store?StoreID=0698,4,0,2
2026-09-27,celio,polo homme,https://www.celio.com/fr-fr/store?StoreID=0714,4,0,2
2026-09-27,celio,polo homme,https://www.celio.com/fr-fr/store?StoreID=0771,4.5,0,2
2026-09-27,celio,polo homme,https://www.celio.com/fr-fr/store?StoreID=0778,4,0,2
2026-09-27,celio,polo homme,https://www.celio.com/fr-fr/store?StoreID=1456,4,0,2
2026-09-28,celio,polo homme,https://www.celio.com/fr-be/c/polos,7.4,0,12
2026-09-28,celio,polo homme,https://www.celio.com/fr-fr/c/polos,2.5,13,354
2026-09-28,celio,polo homme,https://www.celio.com/fr-fr/store?StoreID=0090,4,0,2
2026-09-28,celio,polo homme,https://www.celio.com/fr-fr/store?StoreID=0097,6,0,2
2026-09-28,celio,polo homme,https://www.celio.com/fr-fr/store?StoreID=0110,2.7,0,3
2026-09-28,celio,polo homme,https://www.celio.com/fr-fr/store?StoreID=0230,2.5,0,4
2026-09-28,celio,polo homme,https://www.celio.com/fr-fr/store?StoreID=0293,2,0,2
2026-09-28,celio,polo homme,https://www.celio.com/fr-fr/store?StoreID=0642,4,0,2
2026-09-28,celio,polo homme,https://www.celio.com/fr-fr/store?StoreID=0686,4.3,0,3
2026-09-28,celio,polo homme,https://www.celio.com/fr-fr/store?StoreID=0714,2,0,3
2026-09-28,celio,polo homme,https://www.celio.com/fr-fr/store?StoreID=0759,2,0,4
2026-09-28,celio,polo homme,https://www.celio.com/fr-fr/store?StoreID=0767,2.6,0,5
2026-09-28,celio,polo homme,https://www.celio.com/fr-fr/store?StoreID=0769,4,0,2
2026-09-28,celio,polo homme,https://www.celio.com/fr-fr/store?StoreID=0778,7.5,0,2
2026-09-28,celio,polo homme,https://www.celio.com/fr-fr/store?StoreID=0782,2,0,2
2026-09-28,celio,polo homme,https://www.celio.com/fr-fr/store?StoreID=1435,3,0,2
2026-09-28,celio,polo homme,https://www.celio.com/fr-fr/store?StoreID=1461,2,0,4
2026-09-28,celio,polo homme,https://www.celio.com/fr-fr/store?StoreID=1618,5,0,3
2026-09-28,celio,polo homme,https://www.celio.com/fr-fr/store?StoreID=1688,6,0,3
2026-09-29,celio,polo homme,https://www.celio.com/fr-be/c/polos,4.2,0,8
2026-09-29,celio,polo homme,https://www.celio.com/fr-be/c/ventes-privees-ventes-privees-polos,1.5,0,2
2026-09-29,celio,polo homme,https://www.celio.com/fr-be/store?StoreID=3516,2.5,0,2
2026-09-29,celio,polo homme,https://www.celio.com/fr-fr/c/polos,2.0,19,414
2026-09-29,celio,polo homme,https://www.celio.com/fr-fr/store?StoreID=0080,11,0,2
2026-09-29,celio,polo homme,https://www.celio.com/fr-fr/store?StoreID=0091,2,0,2
2026-09-29,celio,polo homme,https://www.celio.com/fr-fr/store?StoreID=0108,2,0,4
2026-09-29,celio,polo homme,https://www.celio.com/fr-fr/store?StoreID=0614,5,0,2
2026-09-29,celio,polo homme,https://www.celio.com/fr-fr/store?StoreID=0657,5,0,2
2026-09-29,celio,polo homme,https://www.celio.com/fr-fr/store?StoreID=1644,3,0,2
2026-09-29,celio,polo homme,https://www.celio.com/fr-fr/store?StoreID=1692,3,0,2
2026-09-30,celio,polo homme,https://www.celio.com/fr-be/c/polos,8,0,3
2026-09-30,celio,polo homme,https://www.celio.com/fr-fr/c/polos,3.1,20,343
2026-09-30,celio,polo homme,https://www.celio.com/fr-fr/store?StoreID=0010,2,0,2
2026-09-30,celio,polo homme,https://www.celio.com/fr-fr/store?StoreID=0012,4,0,2
2026-09-30,celio,polo homme,https://www.celio.com/fr-fr/store?StoreID=0016,2.8,0,4
2026-09-30,celio,polo homme,https://www.celio.com/fr-fr/store?StoreID=0025,2,0,2
2026-09-30,celio,polo homme,https://www.celio.com/fr-fr/store?StoreID=0230,3.3,0,3
2026-09-30,celio,polo homme,https://www.celio.com/fr-fr/store?StoreID=0235,4,0,2
2026-09-30,celio,polo homme,https://www.celio.com/fr-fr/store?StoreID=0642,6.5,0,2
2026-09-30,celio,polo homme,https://www.celio.com/fr-fr/store?StoreID=0687,4.3,0,3
2026-09-30,celio,polo homme,https://www.celio.com/fr-fr/store?StoreID=0699,4,0,2
2026-09-30,celio,polo homme,https://www.celio.com/fr-fr/store?StoreID=1664,4,0,3
2026-07-03,celio,pull homme,https://www.celio.com/fr-be/c/pulls,10.4,1,8
2026-07-03,celio,pull homme,https://www.celio.com/fr-fr/c/pulls,2.0,1,145
2026-07-03,celio,pull homme,https://www.celio.com/fr-fr/c/soldes-soldes-pulls,3,0,2
2026-07-04,celio,pull homme,https://www.celio.com/fr-be/c/pulls,14.5,0,2
2026-07-04,celio,pull homme,https://www.celio.com/fr-fr/c/pulls,2,4,140
2026-07-04,celio,pull homme,https://www.celio.com/fr-fr/c/soldes-soldes-pulls,2,0,4
2026-07-05,celio,pull homme,https://www.celio.com/fr-be/c/pulls,13,0,2
2026-07-05,celio,pull homme,https://www.celio.com/fr-fr/c/pulls,2.4,2,162
2026-07-06,celio,pull homme,https://www.celio.com/fr-fr/c/pulls,2.1,8,136
2026-07-07,celio,pull homme,https://www.celio.com/fr-be/c/pulls,4,0,3
2026-07-07,celio,pull homme,https://www.celio.com/fr-fr/c/pulls,1.8,6,138
2026-07-07,celio,pull homme,https://www.celio.com/fr-fr/c/soldes-soldes-pulls,11.5,0,4
2026-07-08,celio,pull homme,https://www.celio.com/fr-be/c/pulls,9.9,0,7
2026-07-08,celio,pull homme,https://www.celio.com/fr-fr/c/pulls,2.0,5,180
2026-07-09,celio,pull homme,https://www.celio.com/fr-be/c/pulls,17.5,0,2
2026-07-09,celio,pull homme,https://www.celio.com/fr-fr/c/pulls,2.6,1,147
2026-07-10,celio,pull homme,https://www.celio.com/fr-be/c/pulls,18,0,2
2026-07-10,celio,pull homme,https://www.celio.com/fr-fr/c/pulls,4.3,0,113
2026-07-11,celio,pull homme,https://www.celio.com/fr-be/c/pulls,18,0,2
2026-07-11,celio,pull homme,https://www.celio.com/fr-fr/c/pulls,4.0,3,130
2026-07-12,celio,pull homme,https://www.celio.com/fr-fr/c/pulls,2.3,2,154
2026-07-13,celio,pull homme,https://www.celio.com/fr-be/c/pulls,17.5,0,2
2026-07-13,celio,pull homme,https://www.celio.com/fr-fr/c/pulls,2.3,2,181
2026-07-14,celio,pull homme,https://www.celio.com/fr-fr/c/pulls,2.0,4,113
2026-07-15,celio,pull homme,https://www.celio.com/fr-be/c/pulls,16.6,0,7
2026-07-15,celio,pull homme,https://www.celio.com/fr-fr/c/pulls,1.8,2,177
2026-07-16,celio,pull homme,https://www.celio.com/fr-fr/c/pulls,1.9,3,158
2026-07-17,celio,pull homme,https://www.celio.com/fr-be/c/pulls,15.8,0,4
2026-07-17,celio,pull homme,https://www.celio.com/fr-fr/c/pulls,2.0,3,153
2026-07-18,celio,pull homme,https://www.celio.com/fr-be/c/pulls,12.5,0,2
2026-07-18,celio,pull homme,https://www.celio.com/fr-fr/c/pulls,1.5,4,202
2026-07-19,celio,pull homme,https://www.celio.com/fr-be/c/pulls,6.8,0,6
2026-07-19,celio,pull homme,https://www.celio.com/fr-fr/c/pulls,1.6,2,203
2026-07-19,celio,pull homme,https://www.celio.com/fr-fr/c/soldes-soldes-pulls,3.7,0,7
2026-07-20,celio,pull homme,https://www.celio.com/fr-be/c/pulls,7.3,0,3
2026-07-20,celio,pull homme,https://www.celio.com/fr-fr/c/pulls,1.8,4,182
2026-07-20,celio,pull homme,https://www.celio.com/fr-fr/c/soldes-soldes-pulls,5.2,0,5
2026-07-21,celio,pull homme,https://www.celio.com/fr-be/c/pulls,8.6,0,5
2026-07-21,celio,pull homme,https://www.celio.com/fr-fr/c/pulls,1.7,3,166
2026-07-21,celio,pull homme,https://www.celio.com/fr-fr/c/soldes-soldes-pulls,2,0,2
2026-07-22,celio,pull homme,https://www.celio.com/fr-be/c/pulls,10.5,0,8
2026-07-22,celio,pull homme,https://www.celio.com/fr-fr/c/pulls,1.8,4,197
2026-07-22,celio,pull homme,https://www.celio.com/fr-fr/c/soldes-soldes-pulls,2.9,0,7
2026-07-23,celio,pull homme,https://www.celio.com/fr-be/c/pulls,8.7,0,7
2026-07-23,celio,pull homme,https://www.celio.com/fr-fr/c/pulls,1.6,3,182
2026-07-24,celio,pull homme,https://www.celio.com/fr-be/c/pulls,8.1,0,7
2026-07-24,celio,pull homme,https://www.celio.com/fr-fr/c/pulls,1.9,5,193
2026-07-25,celio,pull homme,https://www.celio.com/fr-be/c/pulls,9.5,0,8
2026-07-25,celio,pull homme,https://www.celio.com/fr-fr/c/pulls,3.2,1,202
2026-07-26,celio,pull homme,https://www.celio.com/fr-be/c/pulls,11.2,0,4
2026-07-26,celio,pull homme,https://www.celio.com/fr-be/c/pulls-pulls-en-laine,12,0,2
2026-07-26,celio,pull homme,https://www.celio.com/fr-fr/c/pulls,2,1,258
2026-07-26,celio,pull homme,https://www.celio.com/fr-fr/c/soldes-soldes-pulls,5.9,0,14
2026-07-27,celio,pull homme,https://www.celio.com/fr-be/c/pulls,12.7,0,3
2026-07-27,celio,pull homme,https://www.celio.com/fr-fr/c/pulls,2.0,8,270
2026-07-28,celio,pull homme,https://www.celio.com/fr-be/c/pulls,8.7,0,3
2026-07-28,celio,pull homme,https://www.celio.com/fr-fr/c/pulls,1.7,7,268
2026-07-29,celio,pull homme,https://www.celio.com/fr-be/c/pulls,13.8,0,5
2026-07-29,celio,pull homme,https://www.celio.com/fr-fr/c/pulls,2.2,3,218
2026-07-29,celio,pull homme,https://www.celio.com/fr-fr/c/soldes-soldes-pulls,6.5,0,2
2026-07-30,celio,pull homme,https://www.celio.com/fr-fr/c/pulls,2.1,4,237
2026-07-31,celio,pull homme,https://www.celio.com/fr-be/c/pulls,15.1,0,9
2026-07-31,celio,pull homme,https://www.celio.com/fr-be/c/pulls-pulls-chauds,56.5,0,2
2026-07-31,celio,pull homme,https://www.celio.com/fr-fr/c/pulls,2.0,6,268
2026-08-01,celio,pull homme,https://www.celio.com/fr-be/c/pulls,11.5,0,6
2026-08-01,celio,pull homme,https://www.celio.com/fr-fr/c/pulls,1.5,4,267
2026-08-02,celio,pull homme,https://www.celio.com/fr-be/c/pulls,16.3,0,3
2026-08-02,celio,pull homme,https://www.celio.com/fr-fr/c/pulls,1.6,7,297
2026-08-03,celio,pull homme,https://www.celio.com/fr-be/c/pulls,7,0,3
2026-08-03,celio,pull homme,https://www.celio.com/fr-fr/c/pulls,1.7,4,284
2026-08-04,celio,pull homme,https://www.celio.com/fr-be/c/pulls,11.6,0,9
2026-08-04,celio,pull homme,https://www.celio.com/fr-fr/c/pulls,1.9,7,303
2026-08-05,celio,pull homme,https://www.celio.com/fr-be/c/pulls,9.3,0,9
2026-08-05,celio,pull homme,https://www.celio.com/fr-fr/c/pulls,1.8,3,267
2026-08-06,celio,pull homme,https://www.celio.com/fr-be/c/pulls,12.7,0,3
2026-08-06,celio,pull homme,https://www.celio.com/fr-fr/c/pulls,2.7,6,285
2026-08-07,celio,pull homme,https://www.celio.com/fr-be/c/pulls,14,0,7
2026-08-07,celio,pull homme,https://www.celio.com/fr-be/c/pulls-pulls-chauds,59.5,0,2
2026-08-07,celio,pull homme,https://www.celio.com/fr-fr/c/pulls,2.3,3,266
2026-08-08,celio,pull homme,https://www.celio.com/fr-be/c/pulls,10.5,0,2
2026-08-08,celio,pull homme,https://www.celio.com/fr-fr/c/pulls,1.7,6,312
2026-08-09,celio,pull homme,https://www.celio.com/fr-be/c/pulls,9.4,0,7
2026-08-09,celio,pull homme,https://www.celio.com/fr-fr/c/pulls,1.8,7,308
2026-08-10,celio,pull homme,https://www.celio.com/fr-be/c/pulls,9.3,0,11
2026-08-10,celio,pull homme,https://www.celio.com/fr-fr/c/pulls,1.5,1,323
2026-08-11,celio,pull homme,https://www.celio.com/fr-be/c/pulls,6.7,0,9
2026-08-11,celio,pull homme,https://www.celio.com/fr-fr/c/pulls,1.4,3,276
2026-08-12,celio,pull homme,https://www.celio.com/fr-be/c/pulls,13.7,0,7
2026-08-12,celio,pull homme,https://www.celio.com/fr-fr/c/pulls,1.5,4,264
2026-08-13,celio,pull homme,https://www.celio.com/fr-fr/c/pulls,1.7,5,354
2026-08-14,celio,pull homme,https://www.celio.com/fr-be/c/pulls,10.4,0,9
2026-08-14,celio,pull homme,https://www.celio.com/fr-fr/c/pulls,1.7,4,299
2026-08-15,celio,pull homme,https://www.celio.com/fr-be/c/pulls,9.8,0,9
2026-08-15,celio,pull homme,https://www.celio.com/fr-fr/c/pulls,1.8,5,340
2026-08-16,celio,pull homme,https://www.celio.com/fr-be/c/pulls,7.8,0,6
2026-08-16,celio,pull homme,https://www.celio.com/fr-be/c/pulls-pulls-chauds,60.5,0,2
2026-08-16,celio,pull homme,https://www.celio.com/fr-fr/c/pulls,1.5,11,389
2026-08-17,celio,pull homme,https://www.celio.com/fr-be/c/pulls,5,0,2
2026-08-17,celio,pull homme,https://www.celio.com/fr-fr/c/pulls,1.5,11,425
2026-08-18,celio,pull homme,https://www.celio.com/fr-be/c/pulls,13.4,0,12
2026-08-18,celio,pull homme,https://www.celio.com/fr-fr/c/pulls,1.7,5,469
2026-08-19,celio,pull homme,https://www.celio.com/fr-be/c/pulls,11.8,0,14
2026-08-19,celio,pull homme,https://www.celio.com/fr-fr/c/pulls,1.3,16,465
2026-08-20,celio,pull homme,https://www.celio.com/fr-be/c/pulls,11.1,0,8
2026-08-20,celio,pull homme,https://www.celio.com/fr-fr/c/pulls,1.6,15,494
2026-08-21,celio,pull homme,https://www.celio.com/fr-be/c/pulls,10.7,0,7
2026-08-21,celio,pull homme,https://www.celio.com/fr-fr/c/pulls,1.7,15,507
2026-08-22,celio,pull homme,https://www.celio.com/fr-be/c/pulls,10.2,0,8
2026-08-22,celio,pull homme,https://www.celio.com/fr-fr/c/pulls,1.7,12,540
2026-08-23,celio,pull homme,https://www.celio.com/fr-be/c/pulls,8.2,0,6
2026-08-23,celio,pull homme,https://www.celio.com/fr-fr/c/pulls,1.5,21,548
2026-08-23,celio,pull homme,https://www.celio.com/fr-fr/c/vetements-pas-chers-pulls-pas-chers,1,0,3
2026-08-24,celio,pull homme,https://www.celio.com/fr-be/c/pulls-pulls-en-laine,9.7,0,3
2026-08-24,celio,pull homme,https://www.celio.com/fr-be/c/pulls-pulls-legers,9.7,0,3
2026-08-24,celio,pull homme,https://www.celio.com/fr-fr/c/pulls,1.8,12,599
2026-08-25,celio,pull homme,https://www.celio.com/fr-be/c/pulls,15.5,0,10
2026-08-25,celio,pull homme,https://www.celio.com/fr-fr/c/pulls,1.6,13,583
2026-08-26,celio,pull homme,https://www.celio.com/fr-be/c/pulls,13,0,4
2026-08-26,celio,pull homme,https://www.celio.com/fr-fr/c/pulls,1.7,12,517
2026-08-27,celio,pull homme,https://www.celio.com/fr-be/c/pulls,10,0,3
2026-08-27,celio,pull homme,https://www.celio.com/fr-fr/c/pulls,2.0,19,526
2026-08-28,celio,pull homme,https://www.celio.com/fr-be/c/pulls,12.5,0,24
2026-08-28,celio,pull homme,https://www.celio.com/fr-fr/c/pulls,1.8,16,549
2026-08-29,celio,pull homme,https://www.celio.com/fr-be/c/pulls,11.9,0,18
2026-08-29,celio,pull homme,https://www.celio.com/fr-be/c/pulls-pulls-chauds,50.3,0,7
2026-08-29,celio,pull homme,https://www.celio.com/fr-fr/c/pulls,1.7,10,666
2026-08-30,celio,pull homme,https://www.celio.com/fr-be/c/pulls,8.0,0,31
2026-08-30,celio,pull homme,https://www.celio.com/fr-fr/c/pulls,1.5,31,742
2026-08-31,celio,pull homme,https://www.celio.com/fr-be/c/pulls,7.1,0,14
2026-08-31,celio,pull homme,https://www.celio.com/fr-be/c/pulls-pulls-en-laine,34,0,3
2026-08-31,celio,pull homme,https://www.celio.com/fr-be/c/pulls-pulls-legers,40.5,0,2
2026-08-31,celio,pull homme,https://www.celio.com/fr-fr/c/pulls,1.9,21,735
2026-09-01,celio,pull homme,https://www.celio.com/fr-be/c/pulls,10,0,9
2026-09-01,celio,pull homme,https://www.celio.com/fr-fr/c/pulls,2.2,11,620
2026-09-02,celio,pull homme,https://www.celio.com/fr-be/c/pulls,12.1,2,13
2026-09-02,celio,pull homme,https://www.celio.com/fr-fr/c/pulls,3.4,16,634
2026-09-03,celio,pull homme,https://www.celio.com/fr-be/c/pulls,9.6,0,5
2026-09-03,celio,pull homme,https://www.celio.com/fr-fr/c/pulls,3.7,17,606
2026-09-04,celio,pull homme,https://www.celio.com/fr-be/c/pulls,7.7,0,10
2026-09-04,celio,pull homme,https://www.celio.com/fr-fr/c/pulls,3.2,7,513
2026-09-05,celio,pull homme,https://www.celio.com/fr-be/c/pulls,13.1,0,7
2026-09-05,celio,pull homme,https://www.celio.com/fr-fr/c/pulls,3.3,20,548
2026-09-06,celio,pull homme,https://www.celio.com/fr-be/c/pulls,11.3,0,3
2026-09-06,celio,pull homme,https://www.celio.com/fr-fr/c/pulls,3.0,15,732
2026-09-07,celio,pull homme,https://www.celio.com/fr-be/c/pulls,11.6,0,10
2026-09-07,celio,pull homme,https://www.celio.com/fr-fr/c/pulls,1.9,14,702
2026-09-08,celio,pull homme,https://www.celio.com/fr-be/c/pulls,10.1,0,16
2026-09-08,celio,pull homme,https://www.celio.com/fr-fr/c/pulls,1.6,14,724
2026-09-09,celio,pull homme,https://www.celio.com/fr-be/c/pulls,9.8,0,19
2026-09-09,celio,pull homme,https://www.celio.com/fr-be/store?StoreID=0374,10,0,3
2026-09-09,celio,pull homme,https://www.celio.com/fr-fr/c/pulls,1.5,26,875
2026-09-10,celio,pull homme,https://www.celio.com/fr-be/c/pulls,7,0,12
2026-09-10,celio,pull homme,https://www.celio.com/fr-fr/c/pulls,1.5,34,846
2026-09-11,celio,pull homme,https://www.celio.com/fr-be/c/pulls,7.8,0,20
2026-09-11,celio,pull homme,https://www.celio.com/fr-fr/c/pulls,1.4,28,702
2026-09-12,celio,pull homme,https://www.celio.com/fr-be/c/pulls,8.6,0,18
2026-09-12,celio,pull homme,https://www.celio.com/fr-fr/c/pulls,1.5,19,724
2026-09-13,celio,pull homme,https://www.celio.com/fr-be/c/pulls,7.0,0,23
2026-09-13,celio,pull homme,https://www.celio.com/fr-fr/c/pulls,1.6,21,1009
2026-09-14,celio,pull homme,https://www.celio.com/fr-be/c/pulls,7.5,0,15
2026-09-14,celio,pull homme,https://www.celio.com/fr-fr/c/pulls,1.4,27,832
2026-09-15,celio,pull homme,https://www.celio.com/fr-be/c/pulls,6.3,0,18
2026-09-15,celio,pull homme,https://www.celio.com/fr-fr/c/pulls,1.4,17,660
2026-09-15,celio,pull homme,https://www.celio.com/fr-fr/store?StoreID=0174,2,0,2
2026-09-16,celio,pull homme,https://www.celio.com/fr-be/c/pulls,7.3,1,15
2026-09-16,celio,pull homme,https://www.celio.com/fr-fr/c/pulls,1.3,22,835
2026-09-16,celio,pull homme,https://www.celio.com/fr-fr/c/pulls?page=2,12.4,0,5
2026-09-17,celio,pull homme,https://www.celio.com/fr-be/c/pulls,5.8,1,20
2026-09-17,celio,pull homme,https://www.celio.com/fr-fr/c/pulls,1.4,32,829
2026-09-17,celio,pull homme,https://www.celio.com/fr-fr/c/pulls-pulls-col-rond,28.5,0,2
2026-09-18,celio,pull homme,https://www.celio.com/fr-be/c/pulls,9.2,0,6
2026-09-18,celio,pull homme,https://www.celio.com/fr-fr/c/pulls,1.6,27,725
2026-09-19,celio,pull homme,https://www.celio.com/fr-be/c/pulls,9.5,0,4
2026-09-19,celio,pull homme,https://www.celio.com/fr-fr/c/pulls,1.2,22,848
2026-09-19,celio,pull homme,https://www.celio.com/fr-fr/c/pulls?page=2,11,0,2
2026-09-20,celio,pull homme,https://www.celio.com/fr-fr/c/pulls,1.3,40,1129
2026-09-21,celio,pull homme,https://www.celio.com/fr-be/c/pulls,7.6,0,5
2026-09-21,celio,pull homme,https://www.celio.com/fr-fr/c/pulls,1.3,24,842
2026-09-22,celio,pull homme,https://www.celio.com/fr-be/c/pulls,8.4,0,15
2026-09-22,celio,pull homme,https://www.celio.com/fr-fr/c/pulls,1.4,34,825
2026-09-23,celio,pull homme,https://www.celio.com/fr-be/c/pulls,10,0,3
2026-09-23,celio,pull homme,https://www.celio.com/fr-fr/c/pulls,1.5,30,750
2026-09-23,celio,pull homme,https://www.celio.com/fr-fr/store?StoreID=0068,10,0,4
2026-09-24,celio,pull homme,https://www.celio.com/fr-be/c/pulls,6.7,0,11
2026-09-24,celio,pull homme,https://www.celio.com/fr-fr/c/pulls,1.6,20,713
2026-09-25,celio,pull homme,https://www.celio.com/fr-be/c/pulls,7.1,0,21
2026-09-25,celio,pull homme,https://www.celio.com/fr-be/store?StoreID=3514,2,0,3
2026-09-25,celio,pull homme,https://www.celio.com/fr-fr/c/pulls,1.9,9,573
2026-09-25,celio,pull homme,https://www.celio.com/fr-fr/store?StoreID=0068,4.5,0,2
2026-09-26,celio,pull homme,https://www.celio.com/fr-be/c/pulls,8.8,0,12
2026-09-26,celio,pull homme,https://www.celio.com/fr-be/c/pulls-pulls-casuals,5.5,0,2
2026-09-26,celio,pull homme,https://www.celio.com/fr-fr/c/le-produit-trend-du-mois-pull-streetwear,1,0,2
2026-09-26,celio,pull homme,https://www.celio.com/fr-fr/c/pulls,2.5,20,731
2026-09-26,celio,pull homme,https://www.celio.com/fr-fr/store?StoreID=0068,7.3,0,3
2026-09-26,celio,pull homme,https://www.celio.com/fr-fr/store?StoreID=0291,5.5,0,2
2026-09-27,celio,pull homme,https://www.celio.com/fr-be/c/pulls,6.4,0,17
2026-09-27,celio,pull homme,https://www.celio.com/fr-fr/c/pulls,1.8,33,975
2026-09-27,celio,pull homme,https://www.celio.com/fr-fr/store?StoreID=1402,5.7,0,3
2026-09-28,celio,pull homme,https://www.celio.com/fr-be/c/pulls,6.3,0,37
2026-09-28,celio,pull homme,https://www.celio.com/fr-be/store?StoreID=0374,4.5,0,2
2026-09-28,celio,pull homme,https://www.celio.com/fr-fr/c/pulls,1.9,27,948
2026-09-28,celio,pull homme,https://www.celio.com/fr-fr/c/pulls-pulls-col-rond,28,0,7
2026-09-28,celio,pull homme,https://www.celio.com/fr-fr/store?StoreID=0167,4,0,3
2026-09-28,celio,pull homme,https://www.celio.com/fr-fr/store?StoreID=0174,4,0,2
2026-09-29,celio,pull homme,https://www.celio.com/fr-be/c/pulls,5.6,0,8
2026-09-29,celio,pull homme,https://www.celio.com/fr-be/c/pulls-pulls-en-coton?page=2,5.5,0,2
2026-09-29,celio,pull homme,https://www.celio.com/fr-fr/c/pulls,2.3,18,818
2026-09-29,celio,pull homme,https://www.celio.com/fr-fr/store?StoreID=0167,8.5,0,2
2026-09-30,celio,pull homme,https://www.celio.com/fr-be/c/pulls,5.2,1,12
2026-09-30,celio,pull homme,https://www.celio.com/fr-be/store?StoreID=3516,6.5,0,2
2026-09-30,celio,pull homme,https://www.celio.com/fr-fr/c/pulls,2.4,21,812
2026-09-30,celio,pull homme,https://www.celio.com/fr-fr/store?StoreID=0167,6,0,2
2026-07-03,celio,pyjama homme,https://www.celio.com/fr-be/c/sous-vetements-pyjamas,5.2,0,25
2026-07-03,celio,pyjama homme,https://www.celio.com/fr-fr/c/sous-vetements-pyjamas,2.0,34,577
2026-07-04,celio,pyjama homme,https://www.celio.com/fr-be/c/sous-vetements-pyjamas,5.5,1,39
2026-07-04,celio,pyjama homme,https://www.celio.com/fr-fr/c/sous-vetements-pyjamas,2.0,25,544
2026-07-05,celio,pyjama homme,https://www.celio.com/fr-be/c/sous-vetements-pyjamas,7.0,0,29
2026-07-05,celio,pyjama homme,https://www.celio.com/fr-fr/c/sous-vetements-pyjamas,2.0,39,661
2026-07-06,celio,pyjama homme,https://www.celio.com/fr-be/c/sous-vetements-pyjamas,5.7,1,39
2026-07-06,celio,pyjama homme,https://www.celio.com/fr-fr/c/sous-vetements-pyjamas,2.3,25,515
2026-07-07,celio,pyjama homme,https://www.celio.com/fr-be/c/sous-vetements-pyjamas,6.3,0,27
2026-07-07,celio,pyjama homme,https://www.celio.com/fr-fr/c/sous-vetements-pyjamas,3.2,22,544
2026-07-08,celio,pyjama homme,https://www.celio.com/fr-be/c/sous-vetements-pyjamas,5.1,0,26
2026-07-08,celio,pyjama homme,https://www.celio.com/fr-fr/c/sous-vetements-pyjamas,2.1,21,532
2026-07-09,celio,pyjama homme,https://www.celio.com/fr-be/c/sous-vetements-pyjamas,6,2,26
2026-07-09,celio,pyjama homme,https://www.celio.com/fr-fr/c/sous-vetements-pyjamas,2.2,26,461
2026-07-09,celio,pyjama homme,https://www.celio.com/nl-be/c/ondergoed-pyjamas,1,0,2
2026-07-10,celio,pyjama homme,https://www.celio.com/fr-be/c/sous-vetements-pyjamas,5.5,1,20
2026-07-10,celio,pyjama homme,https://www.celio.com/fr-fr/c/sous-vetements-pyjamas,2.0,26,452
2026-07-11,celio,pyjama homme,https://www.celio.com/fr-be/c/sous-vetements-pyjamas,6.5,0,38
2026-07-11,celio,pyjama homme,https://www.celio.com/fr-fr/c/sous-vetements-pyjamas,2.5,23,493
2026-07-12,celio,pyjama homme,https://www.celio.com/fr-be/c/sous-vetements-pyjamas,7.0,0,40
2026-07-12,celio,pyjama homme,https://www.celio.com/fr-fr/c/sous-vetements-pyjamas,3.3,22,509
2026-07-13,celio,pyjama homme,https://www.celio.com/fr-be/c/sous-vetements-pyjamas,9.5,0,28
2026-07-13,celio,pyjama homme,https://www.celio.com/fr-fr/c/sous-vetements-pyjamas,2.5,28,497
2026-07-14,celio,pyjama homme,https://www.celio.com/fr-be/c/sous-vetements-pyjamas,5,1,24
2026-07-14,celio,pyjama homme,https://www.celio.com/fr-fr/c/sous-vetements-pyjamas,2.0,14,515
2026-07-15,celio,pyjama homme,https://www.celio.com/fr-be/c/sous-vetements-pyjamas,5.6,1,28
2026-07-15,celio,pyjama homme,https://www.celio.com/fr-fr/c/sous-vetements-pyjamas,2.0,31,560
2026-07-16,celio,pyjama homme,https://www.celio.com/fr-be/c/sous-vetements-pyjamas,6.5,0,32
2026-07-16,celio,pyjama homme,https://www.celio.com/fr-fr/c/sous-vetements-pyjamas,2.1,23,467
2026-07-17,celio,pyjama homme,https://www.celio.com/fr-be/c/sous-vetements-pyjamas,5.9,1,22
2026-07-17,celio,pyjama homme,https://www.celio.com/fr-fr/c/sous-vetements-pyjamas,2.2,17,457
2026-07-18,celio,pyjama homme,https://www.celio.com/fr-be/c/sous-vetements-pyjamas,6.1,1,33
2026-07-18,celio,pyjama homme,https://www.celio.com/fr-fr/c/sous-vetements-pyjamas,2.1,29,570
2026-07-19,celio,pyjama homme,https://www.celio.com/fr-be/c/sous-vetements-pyjamas,5.5,0,30
2026-07-19,celio,pyjama homme,https://www.celio.com/fr-fr/c/sous-vetements-pyjamas,1.9,37,552
2026-07-20,celio,pyjama homme,https://www.celio.com/fr-be/c/sous-vetements-pyjamas,5.8,1,27
2026-07-20,celio,pyjama homme,https://www.celio.com/fr-fr/c/sous-vetements-pyjamas,1.8,21,512
2026-07-21,celio,pyjama homme,https://www.celio.com/fr-be/c/sous-vetements-pyjamas,5.5,1,24
2026-07-21,celio,pyjama homme,https://www.celio.com/fr-fr/c/sous-vetements-pyjamas,2.0,16,504
2026-07-22,celio,pyjama homme,https://www.celio.com/fr-be/c/sous-vetements-pyjamas,5.6,1,50
2026-07-22,celio,pyjama homme,https://www.celio.com/fr-be/store?StoreID=0375,8,0,2
2026-07-22,celio,pyjama homme,https://www.celio.com/fr-fr/c/sous-vetements-pyjamas,2.2,18,553
2026-07-23,celio,pyjama homme,https://www.celio.com/fr-be/c/sous-vetements-pyjamas,8.4,0,28
2026-07-23,celio,pyjama homme,https://www.celio.com/fr-fr/c/sous-vetements-pyjamas,2.2,25,480
2026-07-24,celio,pyjama homme,https://www.celio.com/fr-be/c/sous-vetements-pyjamas,5.4,2,29
2026-07-24,celio,pyjama homme,https://www.celio.com/fr-fr/c/sous-vetements-pyjamas,2.9,19,469
2026-07-25,celio,pyjama homme,https://www.celio.com/fr-be/c/sous-vetements-pyjamas,5.6,0,29
2026-07-25,celio,pyjama homme,https://www.celio.com/fr-fr/c/sous-vetements-pyjamas,2.2,19,502
2026-07-26,celio,pyjama homme,https://www.celio.com/fr-be/c/sous-vetements-pyjamas,6.2,2,45
2026-07-26,celio,pyjama homme,https://www.celio.com/fr-fr/c/sous-vetements-pyjamas,2.3,26,598
2026-07-27,celio,pyjama homme,https://www.celio.com/fr-be/c/sous-vetements-pyjamas,5.7,0,35
2026-07-27,celio,pyjama homme,https://www.celio.com/fr-fr/c/sous-vetements-pyjamas,2.3,24,581
2026-07-28,celio,pyjama homme,https://www.celio.com/fr-be/c/pyjamas-pyjamas-chauds,41,0,2
2026-07-28,celio,pyjama homme,https://www.celio.com/fr-be/c/sous-vetements-pyjamas,5.3,3,44
2026-07-28,celio,pyjama homme,https://www.celio.com/fr-fr/c/sous-vetements-pyjamas,2.6,22,487
2026-07-29,celio,pyjama homme,https://www.celio.com/fr-be/c/sous-vetements-pyjamas,5.7,0,30
2026-07-29,celio,pyjama homme,https://www.celio.com/fr-fr/c/sous-vetements-pyjamas,2.2,27,517
2026-07-30,celio,pyjama homme,https://www.celio.com/fr-be/c/sous-vetements-pyjamas,5.2,1,31
2026-07-30,celio,pyjama homme,https://www.celio.com/fr-fr/c/sous-vetements-pyjamas,1.8,23,470
2026-07-31,celio,pyjama homme,https://www.celio.com/fr-be/c/sous-vetements-pyjamas,11,0,30
2026-07-31,celio,pyjama homme,https://www.celio.com/fr-fr/c/sous-vetements-pyjamas,1.9,18,443
2026-07-31,celio,pyjama homme,https://www.celio.com/nl-be/c/ondergoed-pyjamas,3,0,2
2026-08-01,celio,pyjama homme,https://www.celio.com/fr-be/c/sous-vetements-pyjamas,10.4,0,31
2026-08-01,celio,pyjama homme,https://www.celio.com/fr-fr/c/sous-vetements-pyjamas,2.0,30,480
2026-08-02,celio,pyjama homme,https://www.celio.com/fr-be/c/sous-vetements-pyjamas,5.7,1,30
2026-08-02,celio,pyjama homme,https://www.celio.com/fr-fr/c/sous-vetements-pyjamas,3.0,16,501
2026-08-03,celio,pyjama homme,https://www.celio.com/fr-be/c/sous-vetements-pyjamas,6.3,0,32
2026-08-03,celio,pyjama homme,https://www.celio.com/fr-fr/c/sous-vetements-pyjamas,3.4,18,539
2026-08-03,celio,pyjama homme,https://www.celio.com/nl-be/c/ondergoed-pyjamas,2,0,4
2026-08-04,celio,pyjama homme,https://www.celio.com/fr-be/c/sous-vetements-pyjamas,4.7,1,24
2026-08-04,celio,pyjama homme,https://www.celio.com/fr-fr/c/sous-vetements-pyjamas,3.2,19,472
2026-08-05,celio,pyjama homme,https://www.celio.com/fr-be/c/sous-vetements-pyjamas,2.8,0,36
2026-08-05,celio,pyjama homme,https://www.celio.com/fr-fr/c/sous-vetements-pyjamas,3.4,19,520
2026-08-06,celio,pyjama homme,https://www.celio.com/fr-be/c/sous-vetements-pyjamas,2.7,3,39
2026-08-06,celio,pyjama homme,https://www.celio.com/fr-fr/c/sous-vetements-pyjamas,3.2,26,508
2026-08-07,celio,pyjama homme,https://www.celio.com/fr-be/c/sous-vetements-pyjamas,2.7,0,22
2026-08-07,celio,pyjama homme,https://www.celio.com/fr-fr/c/sous-vetements-pyjamas,3.4,15,441
2026-08-08,celio,pyjama homme,https://www.celio.com/fr-be/c/sous-vetements-pyjamas,5.9,0,29
2026-08-08,celio,pyjama homme,https://www.celio.com/fr-fr/c/sous-vetements-pyjamas,3.3,24,462
2026-08-09,celio,pyjama homme,https://www.celio.com/fr-be/c/sous-vetements-pyjamas,6.5,2,31
2026-08-09,celio,pyjama homme,https://www.celio.com/fr-fr/c/sous-vetements-pyjamas,3.5,17,503
2026-08-09,celio,pyjama homme,https://www.celio.com/nl-be/c/ondergoed-pyjamas,4.7,0,3
2026-08-10,celio,pyjama homme,https://www.celio.com/fr-be/c/sous-vetements-pyjamas,6.5,1,22
2026-08-10,celio,pyjama homme,https://www.celio.com/fr-fr/c/sous-vetements-pyjamas,3.7,19,494
2026-08-11,celio,pyjama homme,https://www.celio.com/fr-be/c/sous-vetements-pyjamas,6.8,1,33
2026-08-11,celio,pyjama homme,https://www.celio.com/fr-fr/c/sous-vetements-pyjamas,4.2,21,456
2026-08-12,celio,pyjama homme,https://www.celio.com/fr-be/c/sous-vetements-pyjamas,8.9,2,27
2026-08-12,celio,pyjama homme,https://www.celio.com/fr-fr/c/sous-vetements-pyjamas,4.8,8,425
2026-08-13,celio,pyjama homme,https://www.celio.com/fr-be/c/sous-vetements-pyjamas,6.4,0,28
2026-08-13,celio,pyjama homme,https://www.celio.com/fr-fr/c/sous-vetements-pyjamas,4.8,9,404
2026-08-14,celio,pyjama homme,https://www.celio.com/fr-be/c/sous-vetements-pyjamas,8.3,0,32
2026-08-14,celio,pyjama homme,https://www.celio.com/fr-fr/c/sous-vetements-pyjamas,4.9,17,376
2026-08-15,celio,pyjama homme,https://www.celio.com/fr-be/c/sous-vetements-pyjamas,6.8,0,31
2026-08-15,celio,pyjama homme,https://www.celio.com/fr-fr/c/pyjamas-pyjamas-chauds,27.5,0,2
2026-08-15,celio,pyjama homme,https://www.celio.com/fr-fr/c/sous-vetements-pyjamas,4.8,22,445
2026-08-15,celio,pyjama homme,https://www.celio.com/nl-be/c/ondergoed-pyjamas,1,0,3
2026-08-16,celio,pyjama homme,https://www.celio.com/fr-be/c/sous-vetements-pyjamas,6.6,0,43
2026-08-16,celio,pyjama homme,https://www.celio.com/fr-fr/c/sous-vetements-pyjamas,4.5,19,473
2026-08-17,celio,pyjama homme,https://www.celio.com/fr-be/c/sous-vetements-pyjamas,7.2,0,23
2026-08-17,celio,pyjama homme,https://www.celio.com/fr-fr/c/sous-vetements-pyjamas,4.5,15,528
2026-08-18,celio,pyjama homme,https://www.celio.com/fr-be/c/sous-vetements-pyjamas,4.3,1,50
2026-08-18,celio,pyjama homme,https://www.celio.com/fr-fr/c/sous-vetements-pyjamas,4.0,22,517
2026-08-19,celio,pyjama homme,https://www.celio.com/fr-be/c/sous-vetements-pyjamas,3.0,0,40
2026-08-19,celio,pyjama homme,https://www.celio.com/fr-fr/c/sous-vetements-pyjamas,3.2,27,552
2026-08-20,celio,pyjama homme,https://www.celio.com/fr-be/c/sous-vetements-pyjamas,5.4,3,33
2026-08-20,celio,pyjama homme,https://www.celio.com/fr-fr/c/sous-vetements-pyjamas,3.5,25,535
2026-08-21,celio,pyjama homme,https://www.celio.com/fr-be/c/sous-vetements-pyjamas,3.2,1,41
2026-08-21,celio,pyjama homme,https://www.celio.com/fr-fr/c/sous-vetements-pyjamas,3.6,20,558
2026-08-22,celio,pyjama homme,https://www.celio.com/fr-be/c/sous-vetements-pyjamas,4.1,3,40
2026-08-22,celio,pyjama homme,https://www.celio.com/fr-fr/c/sous-vetements-pyjamas,3.4,24,635
2026-08-23,celio,pyjama homme,https://www.celio.com/fr-be/c/sous-vetements-pyjamas,3.0,5,63
2026-08-23,celio,pyjama homme,https://www.celio.com/fr-fr/c/sous-vetements-pyjamas,3.5,33,698
2026-08-24,celio,pyjama homme,https://www.celio.com/fr-be/c/sous-vetements-pyjamas,4.2,1,54
2026-08-24,celio,pyjama homme,https://www.celio.com/fr-fr/c/sous-vetements-pyjamas,3.4,34,666
2026-08-24,celio,pyjama homme,https://www.celio.com/fr-fr/store?StoreID=1683,6.3,0,3
2026-08-25,celio,pyjama homme,https://www.celio.com/fr-be/c/sous-vetements-pyjamas,3.4,1,44
2026-08-25,celio,pyjama homme,https://www.celio.com/fr-fr/c/sous-vetements-pyjamas,2.6,27,641
2026-08-26,celio,pyjama homme,https://www.celio.com/fr-be/c/sous-vetements-pyjamas,4.0,1,46
2026-08-26,celio,pyjama homme,https://www.celio.com/fr-fr/c/sous-vetements-pyjamas,3.6,21,605
2026-08-27,celio,pyjama homme,https://www.celio.com/fr-be/c/sous-vetements-pyjamas,2.9,2,36
2026-08-27,celio,pyjama homme,https://www.celio.com/fr-fr/c/sous-vetements-pyjamas,2.2,22,606
2026-08-27,celio,pyjama homme,https://www.celio.com/nl-be/c/ondergoed-pyjamas,1,0,2
2026-08-28,celio,pyjama homme,https://www.celio.com/fr-be/c/sous-vetements-pyjamas,4.1,1,43
2026-08-28,celio,pyjama homme,https://www.celio.com/fr-fr/c/sous-vetements-pyjamas,2.2,36,614
2026-08-29,celio,pyjama homme,https://www.celio.com/fr-be/c/sous-vetements-pyjamas,4.2,0,40
2026-08-29,celio,pyjama homme,https://www.celio.com/fr-fr/c/sous-vetements-pyjamas,2.3,43,677
2026-08-29,celio,pyjama homme,https://www.celio.com/fr-fr/store?StoreID=0123,14,0,3
2026-08-29,celio,pyjama homme,https://www.celio.com/fr-fr/store?StoreID=0614,10,0,2
2026-08-30,celio,pyjama homme,https://www.celio.com/fr-be/c/sous-vetements-pyjamas,5.7,0,43
2026-08-30,celio,pyjama homme,https://www.celio.com/fr-fr/c/sous-vetements-pyjamas,3.0,29,742
2026-08-30,celio,pyjama homme,https://www.celio.com/nl-be/c/ondergoed-pyjamas,1,0,2
2026-08-31,celio,pyjama homme,https://www.celio.com/fr-be/c/sous-vetements-pyjamas,6.4,1,50
2026-08-31,celio,pyjama homme,https://www.celio.com/fr-be/store?StoreID=0375,12,0,2
2026-08-31,celio,pyjama homme,https://www.celio.com/fr-fr/c/sous-vetements-pyjamas,2.9,39,705
2026-09-01,celio,pyjama homme,https://www.celio.com/fr-be/c/sous-vetements-pyjamas,7.3,2,44
2026-09-01,celio,pyjama homme,https://www.celio.com/fr-fr/c/sous-vetements-pyjamas,3.5,33,635
2026-09-02,celio,pyjama homme,https://www.celio.com/fr-be/c/sous-vetements-pyjamas,5.6,1,38
2026-09-02,celio,pyjama homme,https://www.celio.com/fr-be/store?StoreID=0375,3,0,2
2026-09-02,celio,pyjama homme,https://www.celio.com/fr-fr/c/sous-vetements-pyjamas,4.0,13,585
2026-09-03,celio,pyjama homme,https://www.celio.com/fr-be/c/sous-vetements-pyjamas,7.2,0,36
2026-09-03,celio,pyjama homme,https://www.celio.com/fr-fr/c/sous-vetements-pyjamas,3.8,14,528
2026-09-04,celio,pyjama homme,https://www.celio.com/fr-be/c/sous-vetements-pyjamas,7.7,2,37
2026-09-04,celio,pyjama homme,https://www.celio.com/fr-fr/c/sous-vetements-pyjamas,3.8,15,555
2026-09-05,celio,pyjama homme,https://www.celio.com/fr-be/c/sous-vetements-pyjamas,8.8,0,42
2026-09-05,celio,pyjama homme,https://www.celio.com/fr-fr/c/sous-vetements-pyjamas,4.6,19,631
2026-09-06,celio,pyjama homme,https://www.celio.com/fr-be/c/sous-vetements-pyjamas,8.2,1,43
2026-09-06,celio,pyjama homme,https://www.celio.com/fr-fr/c/sous-vetements-pyjamas,4.2,28,725
2026-09-07,celio,pyjama homme,https://www.celio.com/fr-be/c/sous-vetements-pyjamas,8.4,1,33
2026-09-07,celio,pyjama homme,https://www.celio.com/fr-fr/c/sous-vetements-pyjamas,4.0,23,667
2026-09-07,celio,pyjama homme,https://www.celio.com/fr-fr/store?StoreID=1609,3,0,2
2026-09-08,celio,pyjama homme,https://www.celio.com/fr-be/c/sous-vetements-pyjamas,8.3,2,46
2026-09-08,celio,pyjama homme,https://www.celio.com/fr-fr/c/sous-vetements-pyjamas,4.3,11,652
2026-09-09,celio,pyjama homme,https://www.celio.com/fr-be/c/sous-vetements-pyjamas,6.2,2,53
2026-09-09,celio,pyjama homme,https://www.celio.com/fr-fr/c/sous-vetements-pyjamas,3.9,27,753
2026-09-09,celio,pyjama homme,https://www.celio.com/nl-be/c/ondergoed-pyjamas,1,0,2
2026-09-10,celio,pyjama homme,https://www.celio.com/fr-be/c/sous-vetements-pyjamas,6.3,1,37
2026-09-10,celio,pyjama homme,https://www.celio.com/fr-fr/c/sous-vetements-pyjamas,5.7,19,660
2026-09-10,celio,pyjama homme,https://www.celio.com/fr-fr/store?StoreID=0123,9.3,0,3
2026-09-11,celio,pyjama homme,https://www.celio.com/fr-be/c/sous-vetements-pyjamas,6.1,2,41
2026-09-11,celio,pyjama homme,https://www.celio.com/fr-fr/c/sous-vetements-pyjamas,7.1,21,623
2026-09-12,celio,pyjama homme,https://www.celio.com/fr-be/c/sous-vetements-pyjamas,6.0,0,28
2026-09-12,celio,pyjama homme,https://www.celio.com/fr-fr/c/sous-vetements-pyjamas,7.4,17,671
2026-09-13,celio,pyjama homme,https://www.celio.com/fr-be/c/sous-vetements-pyjamas,6.4,1,45
2026-09-13,celio,pyjama homme,https://www.celio.com/fr-fr/c/sous-vetements-pyjamas,7.0,21,797
2026-09-14,celio,pyjama homme,https://www.celio.com/fr-be/c/sous-vetements-pyjamas,6.4,0,44
2026-09-14,celio,pyjama homme,https://www.celio.com/fr-fr/c/sous-vetements-pyjamas,6.9,18,674
2026-09-14,celio,pyjama homme,https://www.celio.com/fr-fr/store?StoreID=0123,5.5,0,2
2026-09-15,celio,pyjama homme,https://www.celio.com/fr-be/c/sous-vetements-pyjamas,7.7,0,25
2026-09-15,celio,pyjama homme,https://www.celio.com/fr-fr/c/sous-vetements-pyjamas,5.5,22,582
2026-09-15,celio,pyjama homme,https://www.celio.com/fr-fr/c/vetements-pas-chers-pyjamas-pas-chers,15.2,0,6
2026-09-15,celio,pyjama homme,https://www.celio.com/fr-fr/store?StoreID=0123,7,0,2
2026-09-16,celio,pyjama homme,https://www.celio.com/fr-be/c/pyjamas-pyjashorts,13.2,0,4
2026-09-16,celio,pyjama homme,https://www.celio.com/fr-be/c/sous-vetements-pyjamas,6.9,1,19
2026-09-16,celio,pyjama homme,https://www.celio.com/fr-fr/c/pyjamas-pyjashorts,4.7,1,14
2026-09-16,celio,pyjama homme,https://www.celio.com/fr-fr/c/sous-vetements-pyjamas,4.0,34,675
2026-09-16,celio,pyjama homme,https://www.celio.com/fr-fr/c/vetements-pas-chers-pyjamas-pas-chers,14.3,0,11
2026-09-17,celio,pyjama homme,https://www.celio.com/fr-be/c/sous-vetements-pyjamas,10,0,10
2026-09-17,celio,pyjama homme,https://www.celio.com/fr-fr/c/pyjamas-pyjashorts,7,0,3
2026-09-17,celio,pyjama homme,https://www.celio.com/fr-fr/c/sous-vetements-pyjamas,4.9,19,755
2026-09-17,celio,pyjama homme,https://www.celio.com/fr-fr/c/vetements-pas-chers-pyjamas-pas-chers,12.2,0,12
2026-09-18,celio,pyjama homme,https://www.celio.com/fr-be/c/sous-vetements-pyjamas,9.9,0,20
2026-09-18,celio,pyjama homme,https://www.celio.com/fr-fr/c/pyjamas-pyjashorts,2,0,6
2026-09-18,celio,pyjama homme,https://www.celio.com/fr-fr/c/sous-vetements-pyjamas,7.2,11,620
2026-09-19,celio,pyjama homme,https://www.celio.com/fr-be/c/sous-vetements-pyjamas,10.6,0,35
2026-09-19,celio,pyjama homme,https://www.celio.com/fr-fr/c/sous-vetements-pyjamas,8.4,11,617
2026-09-20,celio,pyjama homme,https://www.celio.com/fr-be/c/sous-vetements-pyjamas,10.1,0,38
2026-09-20,celio,pyjama homme,https://www.celio.com/fr-fr/c/sous-vetements-pyjamas,6.6,20,812
2026-09-21,celio,pyjama homme,https://www.celio.com/fr-be/c/sous-vetements-pyjamas,10.6,0,37
2026-09-21,celio,pyjama homme,https://www.celio.com/fr-fr/c/sous-vetements-pyjamas,6.4,19,708
2026-09-21,celio,pyjama homme,https://www.celio.com/fr-fr/store?StoreID=0123,8.5,0,2
2026-09-22,celio,pyjama homme,https://www.celio.com/fr-be/c/sous-vetements-pyjamas,9.7,0,45
2026-09-22,celio,pyjama homme,https://www.celio.com/fr-fr/c/sous-vetements-pyjamas,6.2,13,737
2026-09-22,celio,pyjama homme,https://www.celio.com/fr-fr/store?StoreID=0002,3,0,2
2026-09-22,celio,pyjama homme,https://www.celio.com/fr-fr/store?StoreID=0123,4.5,0,2
2026-09-23,celio,pyjama homme,https://www.celio.com/fr-be/c/sous-vetements-pyjamas,9.6,0,42
2026-09-23,celio,pyjama homme,https://www.celio.com/fr-fr/c/sous-vetements-pyjamas,4.6,44,750
2026-09-23,celio,pyjama homme,https://www.celio.com/fr-fr/store?StoreID=0123,6.5,0,4
2026-09-23,celio,pyjama homme,https://www.celio.com/fr-fr/store?StoreID=0614,8,0,2
2026-09-23,celio,pyjama homme,https://www.celio.com/fr-fr/store?StoreID=1410,9,0,3
2026-09-23,celio,pyjama homme,https://www.celio.com/fr-fr/store?StoreID=1609,2,0,2
2026-09-24,celio,pyjama homme,https://www.celio.com/fr-be/c/sous-vetements-pyjamas,10.7,0,38
2026-09-24,celio,pyjama homme,https://www.celio.com/fr-fr/c/sous-vetements-pyjamas,6.1,27,652
2026-09-24,celio,pyjama homme,https://www.celio.com/fr-fr/store?StoreID=0002,6,0,2
2026-09-24,celio,pyjama homme,https://www.celio.com/fr-fr/store?StoreID=0123,6.3,0,3
2026-09-24,celio,pyjama homme,https://www.celio.com/fr-fr/store?StoreID=1609,2,0,2
2026-09-25,celio,pyjama homme,https://www.celio.com/fr-be/c/sous-vetements-pyjamas,9.2,2,42
2026-09-25,celio,pyjama homme,https://www.celio.com/fr-fr/c/sous-vetements-pyjamas,3.3,26,707
2026-09-25,celio,pyjama homme,https://www.celio.com/fr-fr/store?StoreID=0123,7.7,0,6
2026-09-26,celio,pyjama homme,https://www.celio.com/fr-be/c/sous-vetements-pyjamas,9,0,32
2026-09-26,celio,pyjama homme,https://www.celio.com/fr-fr/c/sous-vetements-pyjamas,3.7,49,871
2026-09-26,celio,pyjama homme,https://www.celio.com/fr-fr/store?StoreID=0123,7.2,0,4
2026-09-26,celio,pyjama homme,https://www.celio.com/fr-fr/store?StoreID=0614,5.3,0,3
2026-09-27,celio,pyjama homme,https://www.celio.com/fr-be/c/sous-vetements-pyjamas,10.2,1,32
2026-09-27,celio,pyjama homme,https://www.celio.com/fr-be/store?StoreID=0375,4.5,0,2
2026-09-27,celio,pyjama homme,https://www.celio.com/fr-fr/c/sous-vetements-pyjamas,4.2,34,958
2026-09-27,celio,pyjama homme,https://www.celio.com/fr-fr/store?StoreID=0123,5.8,0,5
2026-09-27,celio,pyjama homme,https://www.celio.com/fr-fr/store?StoreID=0614,7.2,0,5
2026-09-27,celio,pyjama homme,https://www.celio.com/fr-fr/store?StoreID=0631,10,0,2
2026-09-27,celio,pyjama homme,https://www.celio.com/fr-fr/store?StoreID=1609,2,0,3
2026-09-27,celio,pyjama homme,https://www.celio.com/fr-fr/store?StoreID=1651,4,0,2
2026-09-28,celio,pyjama homme,https://www.celio.com/fr-be/c/sous-vetements-pyjamas,8.6,0,43
2026-09-28,celio,pyjama homme,https://www.celio.com/fr-fr/c/pyjamas-pyjamas-chauds,26.3,0,6
2026-09-28,celio,pyjama homme,https://www.celio.com/fr-fr/c/sous-vetements-pyjamas,5.1,31,887
2026-09-28,celio,pyjama homme,https://www.celio.com/fr-fr/store?StoreID=0123,9.6,0,8
2026-09-28,celio,pyjama homme,https://www.celio.com/fr-fr/store?StoreID=0614,7.5,0,2
2026-09-29,celio,pyjama homme,https://www.celio.com/fr-be/c/sous-vetements-pyjamas,10.3,0,20
2026-09-29,celio,pyjama homme,https://www.celio.com/fr-fr/c/pyjamas-pyjamas-chauds,28,0,2
2026-09-29,celio,pyjama homme,https://www.celio.com/fr-fr/c/sous-vetements-pyjamas,2.9,35,732
2026-09-29,celio,pyjama homme,https://www.celio.com/fr-fr/store?StoreID=1489,9.5,0,2
2026-09-30,celio,pyjama homme,https://www.celio.com/fr-be/c/sous-vetements-pyjamas,9.5,2,17
2026-09-30,celio,pyjama homme,https://www.celio.com/fr-fr/c/pyjamas-pyjamas-chauds,28.7,0,3
2026-09-30,celio,pyjama homme,https://www.celio.com/fr-fr/c/sous-vetements-pyjamas,2.6,41,881
2026-09-30,celio,pyjama homme,https://www.celio.com/fr-fr/store?StoreID=0002,6,0,2
2026-09-30,celio,pyjama homme,https://www.celio.com/fr-fr/store?StoreID=0123,2,0,2
2026-07-03,celio,short homme,https://www.celio.com/fr-be/c/bermudas,11.3,0,30
2026-07-03,celio,short homme,https://www.celio.com/fr-fr/c/bermudas,1.9,60,2081
2026-07-04,celio,short homme,https://www.celio.com/fr-be/c/bermudas,10.8,1,64
2026-07-04,celio,short homme,https://www.celio.com/fr-fr/c/bermudas,2.0,83,2552
2026-07-04,celio,short homme,https://www.celio.com/fr-fr/c/bermudas-bermudas-noirs,11.5,0,2
2026-07-04,celio,short homme,https://www.celio.com/fr-fr/c/bermudas-shorts-et-bermudas-en-coton,12.5,0,4
2026-07-05,celio,short homme,https://www.celio.com/fr-be/c/bermudas,8.8,3,123
2026-07-05,celio,short homme,https://www.celio.com/fr-fr/c/bermudas,1.8,126,2931
2026-07-06,celio,short homme,https://www.celio.com/fr-be/c/bermudas,9.7,0,97
2026-07-06,celio,short homme,https://www.celio.com/fr-fr/c/bermudas,1.9,115,2675
2026-07-07,celio,short homme,https://www.celio.com/fr-be/c/bermudas,10.0,0,121
2026-07-07,celio,short homme,https://www.celio.com/fr-fr/c/bermudas,2.0,69,2294
2026-07-07,celio,short homme,https://www.celio.com/fr-fr/c/bermudas-bermudas-noirs,9,0,2
2026-07-08,celio,short homme,https://www.celio.com/fr-be/c/bermudas,9.5,0,105
2026-07-08,celio,short homme,https://www.celio.com/fr-fr/c/bermudas,2.1,76,2505
2026-07-09,celio,short homme,https://www.celio.com/fr-be/c/bermudas,10.0,1,95
2026-07-09,celio,short homme,https://www.celio.com/fr-fr/c/bermudas,2.1,54,2273
2026-07-10,celio,short homme,https://www.celio.com/fr-be/c/bermudas,10.5,1,87
2026-07-10,celio,short homme,https://www.celio.com/fr-fr/c/bermudas,1.9,83,2141
2026-07-11,celio,short homme,https://www.celio.com/fr-be/c/bermudas,10.0,0,123
2026-07-11,celio,short homme,https://www.celio.com/fr-fr/c/bermudas,1.9,98,2645
2026-07-12,celio,short homme,https://www.celio.com/fr-be/c/bermudas,9.2,2,127
2026-07-12,celio,short homme,https://www.celio.com/fr-fr/c/bermudas,1.8,107,2796
2026-07-13,celio,short homme,https://www.celio.com/fr-be/c/bermudas,8.0,3,128
2026-07-13,celio,short homme,https://www.celio.com/fr-fr/c/bermudas,1.9,99,2282
2026-07-13,celio,short homme,https://www.celio.com/fr-fr/c/bermudas-bermudas-noirs,12.3,0,3
2026-07-14,celio,short homme,https://www.celio.com/fr-be/c/bermudas,8.0,1,116
2026-07-14,celio,short homme,https://www.celio.com/fr-fr/c/bermudas,1.9,114,2281
2026-07-14,celio,short homme,https://www.celio.com/fr-fr/c/bermudas-bermudas-noirs,14,0,3
2026-07-15,celio,short homme,https://www.celio.com/fr-be/c/bermudas,7.9,1,101
2026-07-15,celio,short homme,https://www.celio.com/fr-fr/c/bermudas,1.9,84,1991
2026-07-16,celio,short homme,https://www.celio.com/fr-be/c/bermudas,8.0,0,60
2026-07-16,celio,short homme,https://www.celio.com/fr-fr/c/bermudas,2.1,66,1856
2026-07-17,celio,short homme,https://www.celio.com/fr-be/c/bermudas,8.2,0,60
2026-07-17,celio,short homme,https://www.celio.com/fr-fr/c/bermudas,2.1,68,1694
2026-07-18,celio,short homme,https://www.celio.com/fr-be/c/bermudas,10.2,0,43
2026-07-18,celio,short homme,https://www.celio.com/fr-fr/c/bermudas,2.2,57,1855
2026-07-18,celio,short homme,https://www.celio.com/fr-fr/c/bermudas-bermudas-noirs,10.1,0,9
2026-07-19,celio,short homme,https://www.celio.com/fr-be/c/bermudas,9.6,0,31
2026-07-19,celio,short homme,https://www.celio.com/fr-fr/c/bermudas,2.0,76,1967
2026-07-19,celio,short homme,https://www.celio.com/fr-fr/c/bermudas-bermudas-noirs,9.4,0,9
2026-07-19,celio,short homme,https://www.celio.com/fr-fr/c/bermudas-shorts-et-bermudas-en-coton,8.5,0,2
2026-07-20,celio,short homme,https://www.celio.com/fr-be/c/bermudas,10.6,0,34
2026-07-20,celio,short homme,https://www.celio.com/fr-fr/c/bermudas,1.9,69,1715
2026-07-20,celio,short homme,https://www.celio.com/fr-fr/c/bermudas-bermudas-noirs,12,0,2
2026-07-21,celio,short homme,https://www.celio.com/fr-be/c/bermudas,10.2,0,26
2026-07-21,celio,short homme,https://www.celio.com/fr-fr/c/bermudas,2.0,50,1534
2026-07-22,celio,short homme,https://www.celio.com/fr-be/c/bermudas,11.7,0,34
2026-07-22,celio,short homme,https://www.celio.com/fr-fr/c/bermudas,1.9,44,1385
2026-07-22,celio,short homme,https://www.celio.com/fr-fr/store?StoreID=0129,5,0,2
2026-07-23,celio,short homme,https://www.celio.com/fr-be/c/bermudas,11.6,1,23
2026-07-23,celio,short homme,https://www.celio.com/fr-fr/c/bermudas,1.8,44,1255
2026-07-23,celio,short homme,https://www.celio.com/fr-fr/store?StoreID=1443,6.5,0,2
2026-07-24,celio,short homme,https://www.celio.com/fr-be/c/bermudas,11.7,0,27
2026-07-24,celio,short homme,https://www.celio.com/fr-fr/c/bermudas,1.8,42,1260
2026-07-25,celio,short homme,https://www.celio.com/fr-be/c/bermudas,12.1,0,26
2026-07-25,celio,short homme,https://www.celio.com/fr-fr/c/bermudas,1.9,49,1451
2026-07-26,celio,short homme,https://www.celio.com/fr-be/c/bermudas,12.0,0,21
2026-07-26,celio,short homme,https://www.celio.com/fr-fr/c/bermudas,1.9,72,1586
2026-07-27,celio,short homme,https://www.celio.com/fr-be/c/bermudas,10.9,0,14
2026-07-27,celio,short homme,https://www.celio.com/fr-fr/c/bermudas,1.9,54,1477
2026-07-27,celio,short homme,https://www.celio.com/fr-fr/c/bermudas-shorts-et-bermudas-en-coton,8.2,0,4
2026-07-28,celio,short homme,https://www.celio.com/fr-be/c/bermudas,11.1,1,15
2026-07-28,celio,short homme,https://www.celio.com/fr-fr/c/bermudas,1.9,52,1562
2026-07-28,celio,short homme,https://www.celio.com/fr-fr/c/bermudas-bermudas-noirs,7.3,0,3
2026-07-29,celio,short homme,https://www.celio.com/fr-be/c/bermudas,11.5,0,34
2026-07-29,celio,short homme,https://www.celio.com/fr-fr/c/bermudas,2.0,76,1548
2026-07-30,celio,short homme,https://www.celio.com/fr-be/c/bermudas,12.2,0,54
2026-07-30,celio,short homme,https://www.celio.com/fr-fr/c/bermudas,1.8,60,1463
2026-07-30,celio,short homme,https://www.celio.com/fr-fr/c/bermudas-bermudas-noirs,10.4,0,5
2026-07-30,celio,short homme,https://www.celio.com/fr-fr/c/bermudas-shorts-et-bermudas-en-coton,10.3,0,7
2026-07-31,celio,short homme,https://www.celio.com/fr-be/c/bermudas,11.3,0,38
2026-07-31,celio,short homme,https://www.celio.com/fr-fr,90.5,0,2
2026-07-31,celio,short homme,https://www.celio.com/fr-fr/c/bermudas,1.9,48,1250
2026-07-31,celio,short homme,https://www.celio.com/fr-fr/c/bermudas-bermudas-noirs,16.1,0,7
2026-08-01,celio,short homme,https://www.celio.com/fr-be/c/bermudas,10.8,1,31
2026-08-01,celio,short homme,https://www.celio.com/fr-fr/c/bermudas,2.1,54,1425
2026-08-01,celio,short homme,https://www.celio.com/fr-fr/c/bermudas-bermudas-noirs,9.7,0,3
2026-08-02,celio,short homme,https://www.celio.com/fr-be/c/bermudas,12.7,0,25
2026-08-02,celio,short homme,https://www.celio.com/fr-fr/c/bermudas,1.9,64,1639
2026-08-02,celio,short homme,https://www.celio.com/fr-fr/c/bermudas-bermudas-noirs,12.4,0,13
2026-08-02,celio,short homme,https://www.celio.com/fr-fr/c/bermudas-shorts-et-bermudas-en-coton,10.2,0,4
2026-08-03,celio,short homme,https://www.celio.com/fr-be/c/bermudas,11.6,0,49
2026-08-03,celio,short homme,https://www.celio.com/fr-fr/c/bermudas,2.1,60,1420
2026-08-03,celio,short homme,https://www.celio.com/fr-fr/c/bermudas-bermudas-noirs,21.4,0,10
2026-08-04,celio,short homme,https://www.celio.com/fr-be/c/bermudas,11.3,0,38
2026-08-04,celio,short homme,https://www.celio.com/fr-fr/c/bermudas,2.1,53,1463
2026-08-04,celio,short homme,https://www.celio.com/fr-fr/c/bermudas-bermudas-noirs,9.8,0,5
2026-08-05,celio,short homme,https://www.celio.com/fr-be/c/bermudas,10.7,0,46
2026-08-05,celio,short homme,https://www.celio.com/fr-fr/c/bermudas,1.9,44,1382
2026-08-05,celio,short homme,https://www.celio.com/fr-fr/c/bermudas-bermudas-noirs,9.5,0,2
2026-08-06,celio,short homme,https://www.celio.com/fr-be/c/bermudas,10.2,1,33
2026-08-06,celio,short homme,https://www.celio.com/fr-fr/c/bermudas,2.0,42,1231
2026-08-06,celio,short homme,https://www.celio.com/fr-fr/c/bermudas-bermudas-noirs,9.5,0,6
2026-08-07,celio,short homme,https://www.celio.com/fr-be/c/bermudas,10.9,0,36
2026-08-07,celio,short homme,https://www.celio.com/fr-fr/c/bermudas,1.8,49,1198
2026-08-07,celio,short homme,https://www.celio.com/fr-fr/c/bermudas-bermudas-noirs,9.3,0,7
2026-08-08,celio,short homme,https://www.celio.com/fr-be/c/bermudas,10.9,0,41
2026-08-08,celio,short homme,https://www.celio.com/fr-fr/c/bermudas,1.9,38,1300
2026-08-08,celio,short homme,https://www.celio.com/fr-fr/c/bermudas-bermudas-noirs,10,0,3
2026-08-08,celio,short homme,https://www.celio.com/fr-fr/c/bermudas-shorts-et-bermudas-en-coton,16,0,2
2026-08-08,celio,short homme,https://www.celio.com/fr-fr/store?StoreID=1023,13,0,2
2026-08-08,celio,short homme,https://www.celio.com/fr-fr/store?StoreID=1496,12,0,2
2026-08-09,celio,short homme,https://www.celio.com/fr-be/c/bermudas,10.9,1,39
2026-08-09,celio,short homme,https://www.celio.com/fr-fr/c/bermudas,2.0,47,1351
2026-08-09,celio,short homme,https://www.celio.com/fr-fr/c/bermudas-bermudas-en-jean,11,0,2
2026-08-09,celio,short homme,https://www.celio.com/fr-fr/c/bermudas-bermudas-noirs,9.3,0,3
2026-08-10,celio,short homme,https://www.celio.com/fr-be/c/bermudas,11,0,34
2026-08-10,celio,short homme,https://www.celio.com/fr-fr/c/bermudas,2.1,47,1325
2026-08-10,celio,short homme,https://www.celio.com/fr-fr/c/bermudas-bermudas-en-jean,11.8,0,12
2026-08-11,celio,short homme,https://www.celio.com/fr-be/c/bermudas,12.3,0,29
2026-08-11,celio,short homme,https://www.celio.com/fr-fr/c/bermudas,2.2,53,1197
2026-08-11,celio,short homme,https://www.celio.com/fr-fr/c/bermudas-bermudas-en-jean,13.8,0,5
2026-08-12,celio,short homme,https://www.celio.com/fr-be/c/bermudas,11.0,0,48
2026-08-12,celio,short homme,https://www.celio.com/fr-fr/c/bermudas,2.0,36,1194
2026-08-13,celio,short homme,https://www.celio.com/fr-be/c/bermudas,11.7,0,53
2026-08-13,celio,short homme,https://www.celio.com/fr-fr/c/bermudas,2.1,43,1132
2026-08-14,celio,short homme,https://www.celio.com/fr-be/c/bermudas,11.8,0,40
2026-08-14,celio,short homme,https://www.celio.com/fr-fr/c/bermudas,2.1,41,1102
2026-08-14,celio,short homme,https://www.celio.com/fr-fr/c/bermudas-bermudas-noirs,10.4,0,8
2026-08-14,celio,short homme,https://www.celio.com/fr-fr/store?StoreID=1443,9,0,2
2026-08-15,celio,short homme,https://www.celio.com/fr-be/c/bermudas,9.8,1,33
2026-08-15,celio,short homme,https://www.celio.com/fr-fr/c/bermudas,2.2,39,1094
2026-08-15,celio,short homme,https://www.celio.com/fr-fr/c/bermudas-bermudas-noirs,6,0,2
2026-08-16,celio,short homme,https://www.celio.com/fr-be/c/bermudas,12.2,1,19
2026-08-16,celio,short homme,https://www.celio.com/fr-fr/c/bermudas,2.2,32,1155
2026-08-16,celio,short homme,https://www.celio.com/fr-fr/store?StoreID=1636,7.5,0,2
2026-08-17,celio,short homme,https://www.celio.com/fr-be/c/bermudas,11.6,0,9
2026-08-17,celio,short homme,https://www.celio.com/fr-fr/c/bermudas,2.2,40,947
2026-08-18,celio,short homme,https://www.celio.com/fr-be/c/bermudas,8.9,1,20
2026-08-18,celio,short homme,https://www.celio.com/fr-fr/c/bermudas,1.8,27,870
2026-08-18,celio,short homme,https://www.celio.com/fr-fr/c/bermudas-bermudas-noirs,7.7,0,3
2026-08-19,celio,short homme,https://www.celio.com/fr-be/c/bermudas,12,0,10
2026-08-19,celio,short homme,https://www.celio.com/fr-fr/c/bermudas,1.9,27,799
2026-08-19,celio,short homme,https://www.celio.com/fr-fr/c/bermudas-bermudas-noirs,6.3,0,6
2026-08-20,celio,short homme,https://www.celio.com/fr-be/c/bermudas,11.3,0,15
2026-08-20,celio,short homme,https://www.celio.com/fr-fr/c/bermudas,2.2,24,770
2026-08-21,celio,short homme,https://www.celio.com/fr-be/c/bermudas,9.6,0,7
2026-08-21,celio,short homme,https://www.celio.com/fr-fr/c/bermudas,2.1,12,608
2026-08-22,celio,short homme,https://www.celio.com/fr-be/c/bermudas,10.6,0,10
2026-08-22,celio,short homme,https://www.celio.com/fr-fr/c/bermudas,2.1,15,619
2026-08-22,celio,short homme,https://www.celio.com/fr-fr/c/bermudas-bermudas-noirs,8.5,0,2
2026-08-23,celio,short homme,https://www.celio.com/fr-be/c/bermudas,11.2,0,5
2026-08-23,celio,short homme,https://www.celio.com/fr-fr/c/bermudas,2.5,8,582
2026-08-23,celio,short homme,https://www.celio.com/fr-fr/c/bermudas-bermudas-noirs,10.2,0,8
2026-08-24,celio,short homme,https://www.celio.com/fr-be/c/bermudas,11.3,0,3
2026-08-24,celio,short homme,https://www.celio.com/fr-fr/c/bermudas,2.4,17,517
2026-08-24,celio,short homme,https://www.celio.com/fr-fr/c/bermudas-bermudas-noirs,10,0,2
2026-08-25,celio,short homme,https://www.celio.com/fr-be/c/bermudas,16.6,1,12
2026-08-25,celio,short homme,https://www.celio.com/fr-fr/c/bermudas,2.3,14,532
2026-08-25,celio,short homme,https://www.celio.com/fr-fr/c/bermudas-bermudas-noirs,8.2,0,9
2026-08-26,celio,short homme,https://www.celio.com/fr-be/c/bermudas,14,0,14
2026-08-26,celio,short homme,https://www.celio.com/fr-fr/c/bermudas,2.3,15,550
2026-08-27,celio,short homme,https://www.celio.com/fr-be/c/bermudas,13.1,0,15
2026-08-27,celio,short homme,https://www.celio.com/fr-fr/c/bermudas,2.5,13,533
2026-08-27,celio,short homme,https://www.celio.com/fr-fr/c/bermudas-bermudas-noirs,8,0,2
2026-08-28,celio,short homme,https://www.celio.com/fr-be/c/bermudas,11,0,13
2026-08-28,celio,short homme,https://www.celio.com/fr-fr/c/bermudas,2.9,13,482
2026-08-28,celio,short homme,https://www.celio.com/fr-fr/c/bermudas-bermudas-noirs,9.5,0,2
2026-08-29,celio,short homme,https://www.celio.com/fr-be/c/bermudas,14.2,0,8
2026-08-29,celio,short homme,https://www.celio.com/fr-fr/c/bermudas,3.2,8,457
2026-08-29,celio,short homme,https://www.celio.com/fr-fr/c/bermudas-bermudas-noirs,7.6,0,9
2026-08-29,celio,short homme,https://www.celio.com/fr-fr/store?StoreID=0205,12.5,0,2
2026-08-30,celio,short homme,https://www.celio.com/fr-be/c/bermudas,12.9,0,7
2026-08-30,celio,short homme,https://www.celio.com/fr-fr/c/bermudas,3.6,7,488
2026-08-30,celio,short homme,https://www.celio.com/fr-fr/c/bermudas-bermudas-noirs,8,0,4
2026-08-31,celio,short homme,https://www.celio.com/fr-be/c/bermudas,14.5,0,11
2026-08-31,celio,short homme,https://www.celio.com/fr-fr/c/bermudas,4.3,18,510
2026-08-31,celio,short homme,https://www.celio.com/fr-fr/c/bermudas-bermudas-noirs,8.6,0,5
2026-09-01,celio,short homme,https://www.celio.com/fr-be/c/bermudas,12.9,0,17
2026-09-01,celio,short homme,https://www.celio.com/fr-fr/c/bermudas,4.2,9,473
2026-09-02,celio,short homme,https://www.celio.com/fr-be/c/bermudas,11,0,15
2026-09-02,celio,short homme,https://www.celio.com/fr-fr/c/bermudas,2.4,23,550
2026-09-03,celio,short homme,https://www.celio.com/fr-be/c/bermudas,10.5,0,8
2026-09-03,celio,short homme,https://www.celio.com/fr-fr/c/bermudas,2.0,8,514
2026-09-04,celio,short homme,https://www.celio.com/fr-be/c/bermudas,11.1,0,11
2026-09-04,celio,short homme,https://www.celio.com/fr-fr/c/bermudas,2.1,9,494
2026-09-05,celio,short homme,https://www.celio.com/fr-be/c/bermudas,14.7,0,9
2026-09-05,celio,short homme,https://www.celio.com/fr-fr/c/bermudas,2.3,16,532
2026-09-05,celio,short homme,https://www.celio.com/fr-fr/store?StoreID=0112,9,0,2
2026-09-06,celio,short homme,https://www.celio.com/fr-be/c/bermudas,15.2,0,5
2026-09-06,celio,short homme,https://www.celio.com/fr-fr/c/bermudas,2.2,13,520
2026-09-07,celio,short homme,https://www.celio.com/fr-be/c/bermudas,21,0,2
2026-09-07,celio,short homme,https://www.celio.com/fr-fr/c/bermudas,2.3,10,489
2026-09-08,celio,short homme,https://www.celio.com/fr-be/c/bermudas,16.5,0,6
2026-09-08,celio,short homme,https://www.celio.com/fr-fr/c/bermudas,2.1,9,436
2026-09-09,celio,short homme,https://www.celio.com/fr-be/c/bermudas,10.4,0,8
2026-09-09,celio,short homme,https://www.celio.com/fr-fr/c/bermudas,2.3,9,330
2026-09-09,celio,short homme,https://www.celio.com/fr-fr/c/bermudas-bermudas-noirs,5,0,2
2026-09-10,celio,short homme,https://www.celio.com/fr-be/c/bermudas,8.4,0,9
2026-09-10,celio,short homme,https://www.celio.com/fr-fr/c/bermudas,2.4,8,325
2026-09-11,celio,short homme,https://www.celio.com/fr-be/c/bermudas,4.6,0,8
2026-09-11,celio,short homme,https://www.celio.com/fr-fr/c/bermudas,2.2,14,342
2026-09-12,celio,short homme,https://www.celio.com/fr-be/c/bermudas,7.6,0,9
2026-09-12,celio,short homme,https://www.celio.com/fr-fr/c/bermudas,2.1,13,399
2026-09-13,celio,short homme,https://www.celio.com/fr-be/c/bermudas,10.3,0,7
2026-09-13,celio,short homme,https://www.celio.com/fr-fr/c/bermudas,2.2,9,420
2026-09-14,celio,short homme,https://www.celio.com/fr-be/c/bermudas,11,0,11
2026-09-14,celio,short homme,https://www.celio.com/fr-fr/c/bermudas,2.3,11,425
2026-09-14,celio,short homme,https://www.celio.com/fr-fr/c/bermudas-bermudas-noirs,4.6,0,5
2026-09-15,celio,short homme,https://www.celio.com/fr-be/c/bermudas,9,0,14
2026-09-15,celio,short homme,https://www.celio.com/fr-fr/c/bermudas,1.9,7,335
2026-09-15,celio,short homme,https://www.celio.com/fr-fr/c/bermudas-bermudas-noirs,9.8,0,4
2026-09-15,celio,short homme,https://www.celio.com/fr-fr/store?StoreID=1018,1,0,2
2026-09-16,celio,short homme,https://www.celio.com/fr-be/c/bermudas,8.4,1,24
2026-09-16,celio,short homme,https://www.celio.com/fr-fr/c/bermudas,1.9,11,403
2026-09-16,celio,short homme,https://www.celio.com/fr-fr/c/bermudas-bermudas-noirs,11.5,0,8
2026-09-16,celio,short homme,https://www.celio.com/fr-fr/store?StoreID=0129,5,0,2
2026-09-17,celio,short homme,https://www.celio.com/fr-be/c/bermudas,10.7,0,6
2026-09-17,celio,short homme,https://www.celio.com/fr-fr/c/bermudas,2.1,15,339
2026-09-18,celio,short homme,https://www.celio.com/fr-be/c/bermudas,10.7,0,3
2026-09-18,celio,short homme,https://www.celio.com/fr-fr/c/bermudas,1.9,12,303
2026-09-18,celio,short homme,https://www.celio.com/fr-fr/c/bermudas-shorts-et-bermudas-en-coton,5,0,4
2026-09-19,celio,short homme,https://www.celio.com/fr-be/c/bermudas,14,0,5
2026-09-19,celio,short homme,https://www.celio.com/fr-fr/c/bermudas,2.0,2,322
2026-09-20,celio,short homme,https://www.celio.com/fr-be/c/bermudas,11.5,0,10
2026-09-20,celio,short homme,https://www.celio.com/fr-fr/c/bermudas,2.0,4,356
2026-09-21,celio,short homme,https://www.celio.com/fr-be/c/bermudas,8,0,2
2026-09-21,celio,short homme,https://www.celio.com/fr-fr/c/bermudas,2.1,10,298
2026-09-22,celio,short homme,https://www.celio.com/fr-be/c/bermudas,9.1,0,15
2026-09-22,celio,short homme,https://www.celio.com/fr-fr/c/bermudas,1.9,13,308
2026-09-22,celio,short homme,https://www.celio.com/fr-fr/c/bermudas-bermudas-noirs,5,0,2
2026-09-22,celio,short homme,https://www.celio.com/fr-fr/store?StoreID=1496,6.5,0,2
2026-09-23,celio,short homme,https://www.celio.com/fr-be/c/bermudas,10.2,0,5
2026-09-23,celio,short homme,https://www.celio.com/fr-fr/c/bermudas,2.0,4,317
2026-09-23,celio,short homme,https://www.celio.com/fr-fr/c/bermudas-bermudas-noirs,4.5,0,2
2026-09-23,celio,short homme,https://www.celio.com/fr-fr/store?StoreID=0269,2,0,2
2026-09-24,celio,short homme,https://www.celio.com/fr-be/c/bermudas,10.1,0,9
2026-09-24,celio,short homme,https://www.celio.com/fr-fr/c/bermudas,1.9,4,287
2026-09-24,celio,short homme,https://www.celio.com/fr-fr/p/mclaren-racing---short-blanc/1198093.html,76.5,0,2
2026-09-25,celio,short homme,https://www.celio.com/fr-be/c/bermudas,10,0,6
2026-09-25,celio,short homme,https://www.celio.com/fr-fr/c/bermudas,2.0,9,287
2026-09-25,celio,short homme,https://www.celio.com/fr-fr/store?StoreID=0129,6,0,2
2026-09-26,celio,short homme,https://www.celio.com/fr-fr/c/bermudas,1.8,7,317
2026-09-26,celio,short homme,https://www.celio.com/fr-fr/c/bermudas-bermudas-noirs,6,0,2
2026-09-26,celio,short homme,https://www.celio.com/fr-fr/store?StoreID=0196,5,0,2
2026-09-26,celio,short homme,https://www.celio.com/fr-fr/store?StoreID=1609,2.5,0,2
2026-09-27,celio,short homme,https://www.celio.com/fr-fr/c/bermudas,2.3,2,337
2026-09-27,celio,short homme,https://www.celio.com/fr-fr/c/bermudas-shorts-et-bermudas-en-coton,5,0,2
2026-09-28,celio,short homme,https://www.celio.com/fr-fr/c/bermudas,2.1,6,304
2026-09-28,celio,short homme,https://www.celio.com/fr-fr/c/bermudas-bermudas-noirs,7,0,2
2026-09-29,celio,short homme,https://www.celio.com/fr-fr/c/bermudas,1.9,5,277
2026-09-30,celio,short homme,https://www.celio.com/fr-fr/c/bermudas,2.0,8,266
2026-07-03,celio,sweat homme,https://www.celio.com/fr-be/c/sweats,11.9,0,10
2026-07-03,celio,sweat homme,https://www.celio.com/fr-fr/c/sweats,2.4,0,171
2026-07-04,celio,sweat homme,https://www.celio.com/fr-be/c/sweats,12.2,0,6
2026-07-04,celio,sweat homme,https://www.celio.com/fr-fr/c/sweats,1.9,2,178
2026-07-05,celio,sweat homme,https://www.celio.com/fr-be/c/sweats,11.7,1,10
2026-07-05,celio,sweat homme,https://www.celio.com/fr-fr/c/sweats,2.0,4,204
2026-07-06,celio,sweat homme,https://www.celio.com/fr-be/c/sweats,11.8,0,12
2026-07-06,celio,sweat homme,https://www.celio.com/fr-fr/c/sweats,1.8,2,153
2026-07-07,celio,sweat homme,https://www.celio.com/fr-be/c/sweats,11.1,0,11
2026-07-07,celio,sweat homme,https://www.celio.com/fr-fr/c/sweats,1.8,1,170
2026-07-08,celio,sweat homme,https://www.celio.com/fr-be/c/sweats,11.4,0,7
2026-07-08,celio,sweat homme,https://www.celio.com/fr-be/store?StoreID=0346,13.5,0,2
2026-07-08,celio,sweat homme,https://www.celio.com/fr-fr/c/sweats,1.9,4,159
2026-07-09,celio,sweat homme,https://www.celio.com/fr-be/c/sweats,10.9,0,9
2026-07-09,celio,sweat homme,https://www.celio.com/fr-fr/c/sweats,1.9,2,142
2026-07-10,celio,sweat homme,https://www.celio.com/fr-be/c/sweats,11.6,0,15
2026-07-10,celio,sweat homme,https://www.celio.com/fr-fr/c/sweats,1.5,3,149
2026-07-11,celio,sweat homme,https://www.celio.com/fr-be/c/sweats,11.8,0,10
2026-07-11,celio,sweat homme,https://www.celio.com/fr-fr/c/sweats,1.4,3,126
2026-07-11,celio,sweat homme,https://www.celio.com/fr-fr/c/sweats-sweats-hiver,18,0,2
2026-07-12,celio,sweat homme,https://www.celio.com/fr-be/c/sweats,12.9,0,8
2026-07-12,celio,sweat homme,https://www.celio.com/fr-fr/c/sweats,1.6,0,111
2026-07-12,celio,sweat homme,https://www.celio.com/fr-fr/c/sweats-sweats-a-capuche,22.5,0,26
2026-07-12,celio,sweat homme,https://www.celio.com/fr-fr/c/sweats-sweats-hiver,19.5,0,11
2026-07-13,celio,sweat homme,https://www.celio.com/fr-be/c/sweats,14.4,0,11
2026-07-13,celio,sweat homme,https://www.celio.com/fr-fr/c/sweats,1.4,3,117
2026-07-13,celio,sweat homme,https://www.celio.com/fr-fr/c/sweats-sweats-a-capuche,22.4,0,35
2026-07-13,celio,sweat homme,https://www.celio.com/fr-fr/c/sweats-sweats-hiver,19,0,2
2026-07-14,celio,sweat homme,https://www.celio.com/fr-be/c/sweats,12.9,0,13
2026-07-14,celio,sweat homme,https://www.celio.com/fr-fr/c/sweats,1.6,1,100
2026-07-14,celio,sweat homme,https://www.celio.com/fr-fr/c/sweats-sweats-a-capuche,16.7,0,26
2026-07-15,celio,sweat homme,https://www.celio.com/fr-be/c/sweats,15.7,0,3
2026-07-15,celio,sweat homme,https://www.celio.com/fr-fr/c/sweats,1.4,5,107
2026-07-15,celio,sweat homme,https://www.celio.com/fr-fr/c/sweats-sweats-a-capuche,16.9,0,35
2026-07-16,celio,sweat homme,https://www.celio.com/fr-be/c/sweats,13.3,0,9
2026-07-16,celio,sweat homme,https://www.celio.com/fr-fr/c/sweats,1.6,4,111
2026-07-16,celio,sweat homme,https://www.celio.com/fr-fr/c/sweats-sweats-a-capuche,17.4,0,34
2026-07-17,celio,sweat homme,https://www.celio.com/fr-be/c/sweats,14.5,0,6
2026-07-17,celio,sweat homme,https://www.celio.com/fr-fr/c/sweats,1.6,1,119
2026-07-17,celio,sweat homme,https://www.celio.com/fr-fr/c/sweats-sweats-a-capuche,18.3,0,39
2026-07-18,celio,sweat homme,https://www.celio.com/fr-be/c/sweats,12.2,0,16
2026-07-18,celio,sweat homme,https://www.celio.com/fr-fr/c/sweats,1.7,0,127
2026-07-18,celio,sweat homme,https://www.celio.com/fr-fr/c/sweats-sweats-a-capuche,17.3,0,27
2026-07-18,celio,sweat homme,https://www.celio.com/fr-fr/c/sweats-sweats-noirs,19.6,0,5
2026-07-19,celio,sweat homme,https://www.celio.com/fr-be/c/sweats,13.5,0,11
2026-07-19,celio,sweat homme,https://www.celio.com/fr-fr/c/sweats,1.6,2,123
2026-07-19,celio,sweat homme,https://www.celio.com/fr-fr/c/sweats-sweats-a-capuche,18.9,0,33
2026-07-20,celio,sweat homme,https://www.celio.com/fr-be/c/sweats,12,0,6
2026-07-20,celio,sweat homme,https://www.celio.com/fr-fr/c/sweats,2.4,6,118
2026-07-20,celio,sweat homme,https://www.celio.com/fr-fr/c/sweats-sweats-a-capuche,18.9,0,32
2026-07-21,celio,sweat homme,https://www.celio.com/fr-be/c/sweats,10.6,0,10
2026-07-21,celio,sweat homme,https://www.celio.com/fr-fr/c/sweats,1.8,2,108
2026-07-21,celio,sweat homme,https://www.celio.com/fr-fr/c/sweats-sweats-a-capuche,18.9,0,27
2026-07-22,celio,sweat homme,https://www.celio.com/fr-be/c/sweats,10.9,0,9
2026-07-22,celio,sweat homme,https://www.celio.com/fr-fr/c/sweats,1.8,3,135
2026-07-22,celio,sweat homme,https://www.celio.com/fr-fr/c/sweats-sweats-a-capuche,19.8,0,35
2026-07-23,celio,sweat homme,https://www.celio.com/fr-be/c/sweats,13,0,6
2026-07-23,celio,sweat homme,https://www.celio.com/fr-fr/c/sweats,2.2,2,139
2026-07-23,celio,sweat homme,https://www.celio.com/fr-fr/c/sweats-sweats-a-capuche,18.4,0,26
2026-07-24,celio,sweat homme,https://www.celio.com/fr-be/c/sweats,14.1,0,11
2026-07-24,celio,sweat homme,https://www.celio.com/fr-fr/c/sweats,1.8,3,130
2026-07-24,celio,sweat homme,https://www.celio.com/fr-fr/c/sweats-sweats-a-capuche,19.6,0,27
2026-07-25,celio,sweat homme,https://www.celio.com/fr-be/c/sweats,12.4,0,9
2026-07-25,celio,sweat homme,https://www.celio.com/fr-fr/c/sweats,3.2,4,151
2026-07-25,celio,sweat homme,https://www.celio.com/fr-fr/c/sweats-sweats-a-capuche,27,0,9
2026-07-26,celio,sweat homme,https://www.celio.com/fr-be/c/sweats,12.3,0,9
2026-07-26,celio,sweat homme,https://www.celio.com/fr-fr/c/sweats,3.1,2,196
2026-07-26,celio,sweat homme,https://www.celio.com/fr-fr/c/sweats-sweats-a-capuche,19,0,6
2026-07-27,celio,sweat homme,https://www.celio.com/fr-be/c/sweats,12.2,0,4
2026-07-27,celio,sweat homme,https://www.celio.com/fr-fr/c/sweats,2.5,2,185
2026-07-27,celio,sweat homme,https://www.celio.com/fr-fr/c/sweats-sweats-a-capuche,26.5,0,8
2026-07-28,celio,sweat homme,https://www.celio.com/fr-be/c/sweats,11.5,0,10
2026-07-28,celio,sweat homme,https://www.celio.com/fr-fr/c/sweats,2.5,2,185
2026-07-28,celio,sweat homme,https://www.celio.com/fr-fr/c/sweats-sweats-a-capuche,42.9,0,8
2026-07-28,celio,sweat homme,https://www.celio.com/fr-fr/c/sweats-sweats-zippes,54.5,0,2
2026-07-29,celio,sweat homme,https://www.celio.com/fr-be/c/sweats,11.6,0,5
2026-07-29,celio,sweat homme,https://www.celio.com/fr-fr/c/sweats,2.9,2,135
2026-07-29,celio,sweat homme,https://www.celio.com/fr-fr/c/sweats-sweats-a-capuche,43.8,0,5
2026-07-29,celio,sweat homme,https://www.celio.com/fr-fr/c/sweats-sweats-zippes,38,0,3
2026-07-30,celio,sweat homme,https://www.celio.com/fr-be/c/sweats,12.9,0,9
2026-07-30,celio,sweat homme,https://www.celio.com/fr-fr/c/sweats,1.9,1,140
2026-07-30,celio,sweat homme,https://www.celio.com/fr-fr/c/sweats-sweats-a-capuche,39.9,0,13
2026-07-31,celio,sweat homme,https://www.celio.com/fr-be/c/sweats,11.2,0,16
2026-07-31,celio,sweat homme,https://www.celio.com/fr-fr/c/sweats,1.6,2,166
2026-07-31,celio,sweat homme,https://www.celio.com/fr-fr/c/sweats-sweats-a-capuche,44.7,0,12
2026-08-01,celio,sweat homme,https://www.celio.com/fr-be/c/sweats,13.2,0,12
2026-08-01,celio,sweat homme,https://www.celio.com/fr-fr/c/sweats,2.1,4,159
2026-08-01,celio,sweat homme,https://www.celio.com/fr-fr/c/sweats-sweats-a-capuche,40.6,0,10
2026-08-02,celio,sweat homme,https://www.celio.com/fr-be/c/sweats,14.3,0,6
2026-08-02,celio,sweat homme,https://www.celio.com/fr-fr/c/sweats,2.3,2,196
2026-08-03,celio,sweat homme,https://www.celio.com/fr-fr/c/sweats,2.3,9,173
2026-08-04,celio,sweat homme,https://www.celio.com/fr-be/c/sweats,12.5,0,11
2026-08-04,celio,sweat homme,https://www.celio.com/fr-fr/c/sweats,2.6,4,234
2026-08-04,celio,sweat homme,https://www.celio.com/fr-fr/c/sweats-sweats-a-capuche,33,0,2
2026-08-05,celio,sweat homme,https://www.celio.com/fr-be/c/sweats,16.3,0,13
2026-08-05,celio,sweat homme,https://www.celio.com/fr-fr/c/sweats,2.3,2,216
2026-08-06,celio,sweat homme,https://www.celio.com/fr-be/c/sweats,13.2,0,5
2026-08-06,celio,sweat homme,https://www.celio.com/fr-fr/c/sweats,2.3,2,237
2026-08-07,celio,sweat homme,https://www.celio.com/fr-be/c/sweats,12,0,2
2026-08-07,celio,sweat homme,https://www.celio.com/fr-be/c/sweats-sweats-a-capuche,27,0,2
2026-08-07,celio,sweat homme,https://www.celio.com/fr-fr/c/sweats,2.1,6,192
2026-08-08,celio,sweat homme,https://www.celio.com/fr-be/c/sweats,11.6,0,5
2026-08-08,celio,sweat homme,https://www.celio.com/fr-fr/c/sweats,2.2,2,150
2026-08-09,celio,sweat homme,https://www.celio.com/fr-be/c/sweats,12.3,0,16
2026-08-09,celio,sweat homme,https://www.celio.com/fr-fr/c/sweats,2.2,4,242
2026-08-09,celio,sweat homme,https://www.celio.com/fr-fr/c/sweats-sweats-a-capuche,43.5,0,2
2026-08-10,celio,sweat homme,https://www.celio.com/fr-be/c/sweats,12.5,0,4
2026-08-10,celio,sweat homme,https://www.celio.com/fr-fr/c/sweats,2.3,8,213
2026-08-10,celio,sweat homme,https://www.celio.com/fr-fr/c/sweats-sweats-a-capuche,41.7,0,7
2026-08-11,celio,sweat homme,https://www.celio.com/fr-be/c/sweats,12.1,0,8
2026-08-11,celio,sweat homme,https://www.celio.com/fr-fr/c/sweats,2.8,8,204
2026-08-12,celio,sweat homme,https://www.celio.com/fr-be/c/sweats,13.3,0,9
2026-08-12,celio,sweat homme,https://www.celio.com/fr-fr/c/sweats,2.4,3,213
2026-08-13,celio,sweat homme,https://www.celio.com/fr-be/c/sweats,14.4,0,5
2026-08-13,celio,sweat homme,https://www.celio.com/fr-fr/c/sweats,1.8,2,189
2026-08-14,celio,sweat homme,https://www.celio.com/fr-be/c/sweats,17.4,0,5
2026-08-14,celio,sweat homme,https://www.celio.com/fr-fr/c/sweats,2.0,6,195
2026-08-15,celio,sweat homme,https://www.celio.com/fr-be/c/sweats,20.4,0,5
2026-08-15,celio,sweat homme,https://www.celio.com/fr-fr/c/sweats,2.7,2,164
2026-08-16,celio,sweat homme,https://www.celio.com/fr-be/c/sweats,14.4,0,8
2026-08-16,celio,sweat homme,https://www.celio.com/fr-fr/c/sweats,2.8,4,259
2026-08-17,celio,sweat homme,https://www.celio.com/fr-be/c/sweats,12,0,7
2026-08-17,celio,sweat homme,https://www.celio.com/fr-fr/c/sweats,2.3,2,257
2026-08-18,celio,sweat homme,https://www.celio.com/fr-be/c/sweats,14.8,0,13
2026-08-18,celio,sweat homme,https://www.celio.com/fr-fr/c/sweats,2.7,7,276
2026-08-19,celio,sweat homme,https://www.celio.com/fr-be/c/sweats,13.7,0,7
2026-08-19,celio,sweat homme,https://www.celio.com/fr-fr/c/sweats,2.8,5,288
2026-08-20,celio,sweat homme,https://www.celio.com/fr-be/c/sweats,12.1,0,8
2026-08-20,celio,sweat homme,https://www.celio.com/fr-fr/c/sweats,2.6,8,284
2026-08-21,celio,sweat homme,https://www.celio.com/fr-be/c/sweats,14.6,0,8
2026-08-21,celio,sweat homme,https://www.celio.com/fr-fr/c/sweats,2.7,11,309
2026-08-22,celio,sweat homme,https://www.celio.com/fr-be/c/sweats,12.9,0,9
2026-08-22,celio,sweat homme,https://www.celio.com/fr-fr/c/sweats,2.8,10,320
2026-08-23,celio,sweat homme,https://www.celio.com/fr-be/c/sweats,11.8,0,4
2026-08-23,celio,sweat homme,https://www.celio.com/fr-fr/c/sweats,2.6,9,317
2026-08-24,celio,sweat homme,https://www.celio.com/fr-be/c/sweats,12.1,0,7
2026-08-24,celio,sweat homme,https://www.celio.com/fr-fr/c/sweats,2.3,6,345
2026-08-25,celio,sweat homme,https://www.celio.com/fr-be/c/sweats,14.1,0,9
2026-08-25,celio,sweat homme,https://www.celio.com/fr-fr/c/sweats,2.4,6,322
2026-08-26,celio,sweat homme,https://www.celio.com/fr-be/c/sweats,15,0,5
2026-08-26,celio,sweat homme,https://www.celio.com/fr-fr/c/sweats,2.7,3,306
2026-08-27,celio,sweat homme,https://www.celio.com/fr-be/c/sweats,13.5,0,2
2026-08-27,celio,sweat homme,https://www.celio.com/fr-fr/c/sweats,2.7,5,306
2026-08-28,celio,sweat homme,https://www.celio.com/fr-be/c/sweats,14.2,0,12
2026-08-28,celio,sweat homme,https://www.celio.com/fr-fr/c/sweats,2.7,4,316
2026-08-29,celio,sweat homme,https://www.celio.com/fr-be/c/sweats,14.6,0,11
2026-08-29,celio,sweat homme,https://www.celio.com/fr-fr/c/sweats,3,13,321
2026-08-30,celio,sweat homme,https://www.celio.com/fr-be/c/sweats,14.5,0,11
2026-08-30,celio,sweat homme,https://www.celio.com/fr-be/c/vetements-pas-chers-sweats-pas-chers,48.5,0,4
2026-08-30,celio,sweat homme,https://www.celio.com/fr-fr/c/sweats,2.9,8,342
2026-08-31,celio,sweat homme,https://www.celio.com/fr-be/c/sweats,11.8,0,17
2026-08-31,celio,sweat homme,https://www.celio.com/fr-fr/c/sweats,3.0,9,402
2026-09-01,celio,sweat homme,https://www.celio.com/fr-be/c/sweats,12.9,0,10
2026-09-01,celio,sweat homme,https://www.celio.com/fr-fr/c/sweats,3.2,7,309
2026-09-02,celio,sweat homme,https://www.celio.com/fr-be/c/sweats,16.4,0,5
2026-09-02,celio,sweat homme,https://www.celio.com/fr-fr/c/sweats,3.0,5,369
2026-09-03,celio,sweat homme,https://www.celio.com/fr-be/c/sweats,14,0,8
2026-09-03,celio,sweat homme,https://www.celio.com/fr-fr/c/sweats,2.6,5,339
2026-09-04,celio,sweat homme,https://www.celio.com/fr-be/c/sweats,12.1,0,13
2026-09-04,celio,sweat homme,https://www.celio.com/fr-fr/c/sweats,2.7,9,309
2026-09-05,celio,sweat homme,https://www.celio.com/fr-be/c/sweats,12.7,0,15
2026-09-05,celio,sweat homme,https://www.celio.com/fr-fr/c/sweats,2.6,11,308
2026-09-06,celio,sweat homme,https://www.celio.com/fr-be/c/sweats,12,0,7
2026-09-06,celio,sweat homme,https://www.celio.com/fr-fr/c/sweats,2.6,9,391
2026-09-07,celio,sweat homme,https://www.celio.com/fr-be/c/sweats,12,0,11
2026-09-07,celio,sweat homme,https://www.celio.com/fr-fr/c/sweats,3.0,6,336
2026-09-08,celio,sweat homme,https://www.celio.com/fr-be/c/sweats,12.6,0,7
2026-09-08,celio,sweat homme,https://www.celio.com/fr-fr/c/sweats,3.3,8,336
2026-09-09,celio,sweat homme,https://www.celio.com/fr-be/c/sweats,12,0,8
2026-09-09,celio,sweat homme,https://www.celio.com/fr-fr/c/sweats,2.5,16,420
2026-09-10,celio,sweat homme,https://www.celio.com/fr-be/c/sweats,8,0,4
2026-09-10,celio,sweat homme,https://www.celio.com/fr-fr/c/sweats,2.9,11,353
2026-09-11,celio,sweat homme,https://www.celio.com/fr-be/c/sweats,7.3,0,18
2026-09-11,celio,sweat homme,https://www.celio.com/fr-be/c/vetements-pas-chers-sweats-pas-chers,40,0,5
2026-09-11,celio,sweat homme,https://www.celio.com/fr-fr/c/sweats,2.7,13,408
2026-09-12,celio,sweat homme,https://www.celio.com/fr-be/c/sweats,8.5,0,11
2026-09-12,celio,sweat homme,https://www.celio.com/fr-be/c/vetements-pas-chers-sweats-pas-chers,45,0,2
2026-09-12,celio,sweat homme,https://www.celio.com/fr-fr/c/sweats,2.2,12,451
2026-09-13,celio,sweat homme,https://www.celio.com/fr-be/c/sweats,8.4,0,5
2026-09-13,celio,sweat homme,https://www.celio.com/fr-fr/c/sweats,2.1,13,480
2026-09-14,celio,sweat homme,https://www.celio.com/fr-be/c/sweats,5.2,0,5
2026-09-14,celio,sweat homme,https://www.celio.com/fr-fr/c/sweats,2.5,14,361
2026-09-15,celio,sweat homme,https://www.celio.com/fr-be/c/sweats,11.4,0,5
2026-09-15,celio,sweat homme,https://www.celio.com/fr-fr/c/sweats,2.3,3,309
2026-09-16,celio,sweat homme,https://www.celio.com/fr-be/c/sweats,13.5,0,4
2026-09-16,celio,sweat homme,https://www.celio.com/fr-fr/c/sweats,3.5,16,388
2026-09-16,celio,sweat homme,https://www.celio.com/fr-fr/c/sweats-sweats-a-capuche,7.7,0,6
2026-09-17,celio,sweat homme,https://www.celio.com/fr-be/c/sweats,7.4,0,13
2026-09-17,celio,sweat homme,https://www.celio.com/fr-fr/c/sweats,2.7,15,394
2026-09-18,celio,sweat homme,https://www.celio.com/fr-be/c/sweats,8,0,21
2026-09-18,celio,sweat homme,https://www.celio.com/fr-fr/c/sweats,1.9,7,334
2026-09-19,celio,sweat homme,https://www.celio.com/fr-be/c/sweats,7,0,2
2026-09-19,celio,sweat homme,https://www.celio.com/fr-fr/c/sweats,2.1,10,417
2026-09-20,celio,sweat homme,https://www.celio.com/fr-be/c/sweats,11,0,11
2026-09-20,celio,sweat homme,https://www.celio.com/fr-fr/c/sweats,2.3,18,503
2026-09-21,celio,sweat homme,https://www.celio.com/fr-be/c/sweats,10.8,0,12
2026-09-21,celio,sweat homme,https://www.celio.com/fr-fr/c/sweats,2.1,17,424
2026-09-22,celio,sweat homme,https://www.celio.com/fr-be/c/sweats,10.5,0,13
2026-09-22,celio,sweat homme,https://www.celio.com/fr-fr/c/sweats,2.1,8,402
2026-09-22,celio,sweat homme,https://www.celio.com/fr-fr/store?StoreID=0774,5,0,2
2026-09-23,celio,sweat homme,https://www.celio.com/fr-be/c/sweats,10,0,13
2026-09-23,celio,sweat homme,https://www.celio.com/fr-be/c/vetements-pas-chers-sweats-pas-chers,38,0,2
2026-09-23,celio,sweat homme,https://www.celio.com/fr-fr/c/sweats,2.0,8,378
2026-09-24,celio,sweat homme,https://www.celio.com/fr-be/c/sweats,10.2,0,17
2026-09-24,celio,sweat homme,https://www.celio.com/fr-fr/c/sweats,2.0,13,353
2026-09-25,celio,sweat homme,https://www.celio.com/fr-be/c/sweats,9.4,0,5
2026-09-25,celio,sweat homme,https://www.celio.com/fr-fr/c/sweats,2.0,11,324
2026-09-26,celio,sweat homme,https://www.celio.com/fr-be/c/sweats,8.3,0,16
2026-09-26,celio,sweat homme,https://www.celio.com/fr-fr/c/sweats,1.8,13,394
2026-09-27,celio,sweat homme,https://www.celio.com/fr-be/c/sweats,11.7,0,7
2026-09-27,celio,sweat homme,https://www.celio.com/fr-fr/c/sweats,2.1,12,492
2026-09-28,celio,sweat homme,https://www.celio.com/fr-be/c/sweats,7.5,0,4
2026-09-28,celio,sweat homme,https://www.celio.com/fr-fr/c/sweats,2.3,15,447
2026-09-29,celio,sweat homme,https://www.celio.com/fr-be/c/sweats,7.4,0,8
2026-09-29,celio,sweat homme,https://www.celio.com/fr-be/c/vetements-pas-chers-sweats-pas-chers,25,0,2
2026-09-29,celio,sweat homme,https://www.celio.com/fr-fr/c/sweats,1.9,9,409
2026-09-30,celio,sweat homme,https://www.celio.com/fr-be/c/sweats,9,0,5
2026-09-30,celio,sweat homme,https://www.celio.com/fr-fr/c/sweats,2.1,19,411
2026-09-30,celio,sweat homme,https://www.celio.com/fr-fr/c/sweats-sweat-original?page=3,11.5,0,2
2026-07-03,celio,t shirt homme,https://www.celio.com/fr-be/c/t-shirts,9.1,0,14
2026-07-03,celio,t shirt homme,https://www.celio.com/fr-fr/c/t-shirts,2.0,6,467
2026-07-03,celio,t shirt homme,https://www.celio.com/fr-fr/store?StoreID=0012,1.5,0,2
2026-07-03,celio,t shirt homme,https://www.celio.com/fr-fr/store?StoreID=0162,9.7,0,3
2026-07-03,celio,t shirt homme,https://www.celio.com/fr-fr/store?StoreID=0636,1.5,0,2
2026-07-03,celio,t shirt homme,https://www.celio.com/fr-fr/store?StoreID=1035,5.3,0,6
2026-07-04,celio,t shirt homme,https://www.celio.com/fr-be/c/t-shirts,8,0,16
2026-07-04,celio,t shirt homme,https://www.celio.com/fr-be/store?StoreID=3514,9.7,0,3
2026-07-04,celio,t shirt homme,https://www.celio.com/fr-fr/c/t-shirts,1.9,8,546
2026-07-05,celio,t shirt homme,https://www.celio.com/fr-be/c/t-shirts,9.2,1,18
2026-07-05,celio,t shirt homme,https://www.celio.com/fr-be/store?StoreID=0389,6,0,2
2026-07-05,celio,t shirt homme,https://www.celio.com/fr-be/store?StoreID=3507,11,0,2
2026-07-05,celio,t shirt homme,https://www.celio.com/fr-fr/c/t-shirts,1.6,10,636
2026-07-05,celio,t shirt homme,https://www.celio.com/fr-fr/store?StoreID=0012,3.9,0,9
2026-07-05,celio,t shirt homme,https://www.celio.com/fr-fr/store?StoreID=0284,9.5,0,2
2026-07-06,celio,t shirt homme,https://www.celio.com/fr-be/c/t-shirts,8,0,18
2026-07-06,celio,t shirt homme,https://www.celio.com/fr-be/store?StoreID=0374,14,0,2
2026-07-06,celio,t shirt homme,https://www.celio.com/fr-fr/c/t-shirts,2.0,8,552
2026-07-06,celio,t shirt homme,https://www.celio.com/fr-fr/store?StoreID=0012,3.5,0,2
2026-07-06,celio,t shirt homme,https://www.celio.com/fr-fr/store?StoreID=0106,8.5,0,2
2026-07-07,celio,t shirt homme,https://www.celio.com/fr-be/c/t-shirts,9.9,0,17
2026-07-07,celio,t shirt homme,https://www.celio.com/fr-fr/c/t-shirts,2.5,4,439
2026-07-07,celio,t shirt homme,https://www.celio.com/fr-fr/store?StoreID=0181,6,0,2
2026-07-08,celio,t shirt homme,https://www.celio.com/fr-be/c/t-shirts,9.8,0,19
2026-07-08,celio,t shirt homme,https://www.celio.com/fr-fr/c/t-shirts,2.9,11,549
2026-07-08,celio,t shirt homme,https://www.celio.com/fr-fr/store?StoreID=0012,3.5,0,2
2026-07-08,celio,t shirt homme,https://www.celio.com/fr-fr/store?StoreID=0191,5.5,0,2
2026-07-08,celio,t shirt homme,https://www.celio.com/fr-fr/store?StoreID=0641,2,0,2
2026-07-08,celio,t shirt homme,https://www.celio.com/fr-fr/store?StoreID=0642,7,0,2
2026-07-09,celio,t shirt homme,https://www.celio.com/fr-be/c/t-shirts,9.7,0,23
2026-07-09,celio,t shirt homme,https://www.celio.com/fr-be/store?StoreID=0346,4.5,0,2
2026-07-09,celio,t shirt homme,https://www.celio.com/fr-be/store?StoreID=0371,2.5,0,2
2026-07-09,celio,t shirt homme,https://www.celio.com/fr-be/store?StoreID=0389,7,0,2
2026-07-09,celio,t shirt homme,https://www.celio.com/fr-be/store?StoreID=3507,6,0,2
2026-07-09,celio,t shirt homme,https://www.celio.com/fr-be/store?StoreID=3509,12.5,0,2
2026-07-09,celio,t shirt homme,https://www.celio.com/fr-fr/c/t-shirts,3.0,8,458
2026-07-09,celio,t shirt homme,https://www.celio.com/fr-fr/store?StoreID=0010,2.7,0,3
2026-07-09,celio,t shirt homme,https://www.celio.com/fr-fr/store?StoreID=0012,6.3,0,3
2026-07-09,celio,t shirt homme,https://www.celio.com/fr-fr/store?StoreID=0123,16,0,4
2026-07-09,celio,t shirt homme,https://www.celio.com/fr-fr/store?StoreID=0162,11,0,2
2026-07-09,celio,t shirt homme,https://www.celio.com/fr-fr/store?StoreID=0219,6,0,2
2026-07-09,celio,t shirt homme,https://www.celio.com/fr-fr/store?StoreID=0642,3,0,2
2026-07-09,celio,t shirt homme,https://www.celio.com/fr-fr/store?StoreID=0775,6,0,2
2026-07-10,celio,t shirt homme,https://www.celio.com/fr-be/c/t-shirts,9.9,0,11
2026-07-10,celio,t shirt homme,https://www.celio.com/fr-be/store?StoreID=3507,11,0,3
2026-07-10,celio,t shirt homme,https://www.celio.com/fr-fr/c/t-shirts,2.1,7,423
2026-07-10,celio,t shirt homme,https://www.celio.com/fr-fr/store?StoreID=0636,5,0,2
2026-07-10,celio,t shirt homme,https://www.celio.com/fr-fr/store?StoreID=0674,7,0,2
2026-07-11,celio,t shirt homme,https://www.celio.com/fr-be/c/t-shirts,12.1,0,15
2026-07-11,celio,t shirt homme,https://www.celio.com/fr-fr/c/t-shirts,2.1,6,458
2026-07-11,celio,t shirt homme,https://www.celio.com/fr-fr/store?StoreID=0080,3,0,2
2026-07-11,celio,t shirt homme,https://www.celio.com/fr-fr/store?StoreID=0674,7.5,0,2
2026-07-12,celio,t shirt homme,https://www.celio.com/fr-be/c/t-shirts,11.5,0,6
2026-07-12,celio,t shirt homme,https://www.celio.com/fr-fr/c/t-shirts,1.9,12,501
2026-07-12,celio,t shirt homme,https://www.celio.com/fr-fr/store?StoreID=0284,1.5,0,2
2026-07-12,celio,t shirt homme,https://www.celio.com/fr-fr/store?StoreID=1645,10,0,2
2026-07-13,celio,t shirt homme,https://www.celio.com/fr-be/c/t-shirts,13,0,8
2026-07-13,celio,t shirt homme,https://www.celio.com/fr-fr/c/t-shirts,2.1,5,471
2026-07-13,celio,t shirt homme,https://www.celio.com/fr-fr/store?StoreID=0686,7,0,3
2026-07-13,celio,t shirt homme,https://www.celio.com/fr-fr/store?StoreID=0776,7,0,2
2026-07-14,celio,t shirt homme,https://www.celio.com/fr-be/c/t-shirts,10.6,0,14
2026-07-14,celio,t shirt homme,https://www.celio.com/fr-fr/c/t-shirts,3.0,1,230
2026-07-14,celio,t shirt homme,https://www.celio.com/fr-fr/store?StoreID=0012,2,0,2
2026-07-15,celio,t shirt homme,https://www.celio.com/fr-be/c/t-shirts,10.6,0,8
2026-07-15,celio,t shirt homme,https://www.celio.com/fr-fr/c/t-shirts,3.9,0,155
2026-07-15,celio,t shirt homme,https://www.celio.com/fr-fr/store?StoreID=0768,5,0,2
2026-07-15,celio,t shirt homme,https://www.celio.com/fr-fr/store?StoreID=1489,2,0,2
2026-07-15,celio,t shirt homme,https://www.celio.com/fr-fr/store?StoreID=1624,7,0,2
2026-07-16,celio,t shirt homme,https://www.celio.com/fr-be/c/t-shirts,10.5,0,14
2026-07-16,celio,t shirt homme,https://www.celio.com/fr-fr/c/t-shirts,4.1,2,229
2026-07-16,celio,t shirt homme,https://www.celio.com/fr-fr/store?StoreID=0099,8.5,0,2
2026-07-16,celio,t shirt homme,https://www.celio.com/fr-fr/store?StoreID=0195,9,0,2
2026-07-16,celio,t shirt homme,https://www.celio.com/fr-fr/store?StoreID=0639,5.5,0,2
2026-07-16,celio,t shirt homme,https://www.celio.com/fr-fr/store?StoreID=0686,7,0,2
2026-07-16,celio,t shirt homme,https://www.celio.com/fr-fr/store?StoreID=1475,5,0,2
2026-07-16,celio,t shirt homme,https://www.celio.com/fr-fr/store?StoreID=1606,6,0,2
2026-07-17,celio,t shirt homme,https://www.celio.com/fr-be/c/t-shirts,9.8,0,13
2026-07-17,celio,t shirt homme,https://www.celio.com/fr-be/store?StoreID=3507,13,0,2
2026-07-17,celio,t shirt homme,https://www.celio.com/fr-fr/c/t-shirts,4.0,0,197
2026-07-17,celio,t shirt homme,https://www.celio.com/fr-fr/store?StoreID=0230,10.5,0,2
2026-07-17,celio,t shirt homme,https://www.celio.com/fr-fr/store?StoreID=0698,12,0,2
2026-07-17,celio,t shirt homme,https://www.celio.com/fr-fr/store?StoreID=0766,3.5,0,2
2026-07-17,celio,t shirt homme,https://www.celio.com/fr-fr/store?StoreID=1651,3,0,2
2026-07-18,celio,t shirt homme,https://www.celio.com/fr-be/c/t-shirts,7.6,1,24
2026-07-18,celio,t shirt homme,https://www.celio.com/fr-be/store?StoreID=0371,3,0,2
2026-07-18,celio,t shirt homme,https://www.celio.com/fr-fr/c/t-shirts,2.6,5,286
2026-07-18,celio,t shirt homme,https://www.celio.com/fr-fr/store?StoreID=0674,7,0,2
2026-07-18,celio,t shirt homme,https://www.celio.com/fr-fr/store?StoreID=0766,14,0,2
2026-07-19,celio,t shirt homme,https://www.celio.com/fr-be/c/t-shirts,8.9,0,18
2026-07-19,celio,t shirt homme,https://www.celio.com/fr-fr/c/t-shirts,2.7,11,276
2026-07-19,celio,t shirt homme,https://www.celio.com/fr-fr/store?StoreID=0645,5,0,2
2026-07-19,celio,t shirt homme,https://www.celio.com/fr-fr/store?StoreID=0690,5,0,2
2026-07-20,celio,t shirt homme,https://www.celio.com/es-es/store?StoreID=3012,9.5,0,4
2026-07-20,celio,t shirt homme,https://www.celio.com/fr-be/c/t-shirts,9,0,13
2026-07-20,celio,t shirt homme,https://www.celio.com/fr-fr/c/t-shirts,3.2,5,256
2026-07-20,celio,t shirt homme,https://www.celio.com/fr-fr/store?StoreID=0010,8,0,2
2026-07-20,celio,t shirt homme,https://www.celio.com/fr-fr/store?StoreID=0195,7.5,0,2
2026-07-20,celio,t shirt homme,https://www.celio.com/fr-fr/store?StoreID=0284,1,0,3
2026-07-21,celio,t shirt homme,https://www.celio.com/fr-be/c/t-shirts,8.9,0,8
2026-07-21,celio,t shirt homme,https://www.celio.com/fr-be/store?StoreID=0371,2,0,2
2026-07-21,celio,t shirt homme,https://www.celio.com/fr-fr/c/t-shirts,3.8,3,318
2026-07-21,celio,t shirt homme,https://www.celio.com/fr-fr/store?StoreID=0063,3.5,0,2
2026-07-21,celio,t shirt homme,https://www.celio.com/fr-fr/store?StoreID=0137,4,0,2
2026-07-21,celio,t shirt homme,https://www.celio.com/fr-fr/store?StoreID=0291,10,0,2
2026-07-21,celio,t shirt homme,https://www.celio.com/fr-fr/store?StoreID=0714,8.5,0,2
2026-07-21,celio,t shirt homme,https://www.celio.com/fr-fr/store?StoreID=0767,6.3,0,3
2026-07-22,celio,t shirt homme,https://www.celio.com/fr-be/c/t-shirts,5.8,0,6
2026-07-22,celio,t shirt homme,https://www.celio.com/fr-fr/c/t-shirts,3.5,5,360
2026-07-22,celio,t shirt homme,https://www.celio.com/fr-fr/store?StoreID=0012,7.3,0,3
2026-07-23,celio,t shirt homme,https://www.celio.com/fr-be/c/t-shirts,6.8,0,21
2026-07-23,celio,t shirt homme,https://www.celio.com/fr-fr/c/t-shirts,3.8,3,347
2026-07-23,celio,t shirt homme,https://www.celio.com/fr-fr/store?StoreID=0012,7.4,0,8
2026-07-23,celio,t shirt homme,https://www.celio.com/fr-fr/store?StoreID=0181,4.5,0,2
2026-07-23,celio,t shirt homme,https://www.celio.com/fr-fr/store?StoreID=0766,2,0,3
2026-07-24,celio,t shirt homme,https://www.celio.com/fr-be/c/t-shirts,6.9,0,9
2026-07-24,celio,t shirt homme,https://www.celio.com/fr-fr/c/t-shirts,4.0,2,236
2026-07-24,celio,t shirt homme,https://www.celio.com/fr-fr/store?StoreID=0003,8,0,2
2026-07-24,celio,t shirt homme,https://www.celio.com/fr-fr/store?StoreID=0010,9,0,4
2026-07-24,celio,t shirt homme,https://www.celio.com/fr-fr/store?StoreID=1688,1,0,2
2026-07-25,celio,t shirt homme,https://www.celio.com/fr-be/c/t-shirts,7.7,0,10
2026-07-25,celio,t shirt homme,https://www.celio.com/fr-fr/c/t-shirts,4.5,5,163
2026-07-25,celio,t shirt homme,https://www.celio.com/fr-fr/store?StoreID=0012,4,0,2
2026-07-25,celio,t shirt homme,https://www.celio.com/fr-fr/store?StoreID=0091,4,0,2
2026-07-25,celio,t shirt homme,https://www.celio.com/fr-fr/store?StoreID=0128,7,0,4
2026-07-25,celio,t shirt homme,https://www.celio.com/fr-fr/store?StoreID=0187,15.5,0,2
2026-07-25,celio,t shirt homme,https://www.celio.com/fr-fr/store?StoreID=0636,9.5,0,2
2026-07-25,celio,t shirt homme,https://www.celio.com/fr-fr/store?StoreID=0759,3.5,0,2
2026-07-26,celio,t shirt homme,https://www.celio.com/fr-be/c/t-shirts,8.3,0,11
2026-07-26,celio,t shirt homme,https://www.celio.com/fr-fr/c/t-shirts,4.4,5,214
2026-07-26,celio,t shirt homme,https://www.celio.com/fr-fr/store?StoreID=0156,9,0,2
2026-07-26,celio,t shirt homme,https://www.celio.com/fr-fr/store?StoreID=0219,9,0,2
2026-07-26,celio,t shirt homme,https://www.celio.com/fr-fr/store?StoreID=1469,7,0,2
2026-07-27,celio,t shirt homme,https://www.celio.com/fr-be/c/t-shirts,6.3,0,20
2026-07-27,celio,t shirt homme,https://www.celio.com/fr-fr/c/t-shirts,5.3,2,157
2026-07-27,celio,t shirt homme,https://www.celio.com/fr-fr/store?StoreID=0016,8,0,2
2026-07-27,celio,t shirt homme,https://www.celio.com/fr-fr/store?StoreID=0063,4.5,0,2
2026-07-27,celio,t shirt homme,https://www.celio.com/fr-fr/store?StoreID=0128,11,0,2
2026-07-27,celio,t shirt homme,https://www.celio.com/fr-fr/store?StoreID=0187,14,0,2
2026-07-28,celio,t shirt homme,https://www.celio.com/fr-be/c/t-shirts,8.9,1,15
2026-07-28,celio,t shirt homme,https://www.celio.com/fr-fr/c/t-shirts,6.7,4,212
2026-07-28,celio,t shirt homme,https://www.celio.com/fr-fr/store?StoreID=0016,2,0,2
2026-07-28,celio,t shirt homme,https://www.celio.com/fr-fr/store?StoreID=0085,3,0,2
2026-07-28,celio,t shirt homme,https://www.celio.com/fr-fr/store?StoreID=0149,4.5,0,2
2026-07-28,celio,t shirt homme,https://www.celio.com/fr-fr/store?StoreID=0623,10.3,0,3
2026-07-28,celio,t shirt homme,https://www.celio.com/fr-fr/store?StoreID=1642,7,0,3
2026-07-28,celio,t shirt homme,https://www.celio.com/fr-fr/store?StoreID=1664,12,0,3
2026-07-29,celio,t shirt homme,https://www.celio.com/fr-be/c/t-shirts,7.8,0,13
2026-07-29,celio,t shirt homme,https://www.celio.com/fr-fr/c/t-shirts,4.3,3,182
2026-07-29,celio,t shirt homme,https://www.celio.com/fr-fr/store?StoreID=0044,8.5,0,2
2026-07-29,celio,t shirt homme,https://www.celio.com/fr-fr/store?StoreID=0840,7,0,2
2026-07-30,celio,t shirt homme,https://www.celio.com/fr-be/c/t-shirts,7.9,0,10
2026-07-30,celio,t shirt homme,https://www.celio.com/fr-fr/c/t-shirts,4.6,6,228
2026-07-30,celio,t shirt homme,https://www.celio.com/fr-fr/store?StoreID=0116,6.3,0,3
2026-07-30,celio,t shirt homme,https://www.celio.com/fr-fr/store?StoreID=0152,6.3,0,3
2026-07-30,celio,t shirt homme,https://www.celio.com/fr-fr/store?StoreID=0162,5.5,0,2
2026-07-30,celio,t shirt homme,https://www.celio.com/fr-fr/store?StoreID=0196,8,0,2
2026-07-31,celio,t shirt homme,https://www.celio.com/fr-be/c/t-shirts,8.2,0,13
2026-07-31,celio,t shirt homme,https://www.celio.com/fr-fr/c/t-shirts,4.8,4,167
2026-07-31,celio,t shirt homme,https://www.celio.com/fr-fr/store?StoreID=0003,8.5,0,2
2026-07-31,celio,t shirt homme,https://www.celio.com/fr-fr/store?StoreID=0123,11,0,2
2026-07-31,celio,t shirt homme,https://www.celio.com/fr-fr/store?StoreID=0139,3.5,0,2
2026-07-31,celio,t shirt homme,https://www.celio.com/fr-fr/store?StoreID=0196,10,0,2
2026-07-31,celio,t shirt homme,https://www.celio.com/fr-fr/store?StoreID=0263,2.5,1,2
2026-07-31,celio,t shirt homme,https://www.celio.com/fr-fr/store?StoreID=1634,8.5,0,2
2026-08-01,celio,t shirt homme,https://www.celio.com/fr-be/c/t-shirts,11.6,0,7
2026-08-01,celio,t shirt homme,https://www.celio.com/fr-be/c/t-shirts-t-shirts-originaux,21,0,2
2026-08-01,celio,t shirt homme,https://www.celio.com/fr-fr/c/t-shirts,5.4,2,158
2026-08-01,celio,t shirt homme,https://www.celio.com/fr-fr/store?StoreID=0016,14.5,0,2
2026-08-01,celio,t shirt homme,https://www.celio.com/fr-fr/store?StoreID=0036,8.7,0,3
2026-08-01,celio,t shirt homme,https://www.celio.com/fr-fr/store?StoreID=0063,3.5,0,2
2026-08-01,celio,t shirt homme,https://www.celio.com/fr-fr/store?StoreID=0080,8,0,2
2026-08-01,celio,t shirt homme,https://www.celio.com/fr-fr/store?StoreID=0123,15.5,0,2
2026-08-01,celio,t shirt homme,https://www.celio.com/fr-fr/store?StoreID=0162,3.5,0,2
2026-08-01,celio,t shirt homme,https://www.celio.com/fr-fr/store?StoreID=0181,7,0,2
2026-08-01,celio,t shirt homme,https://www.celio.com/fr-fr/store?StoreID=0187,8.5,0,2
2026-08-01,celio,t shirt homme,https://www.celio.com/fr-fr/store?StoreID=0699,8,0,2
2026-08-01,celio,t shirt homme,https://www.celio.com/fr-fr/store?StoreID=1614,14,0,2
2026-08-02,celio,t shirt homme,https://www.celio.com/fr-be/c/t-shirts,11.6,0,7
2026-08-02,celio,t shirt homme,https://www.celio.com/fr-be/store?StoreID=0348,10.3,0,3
2026-08-02,celio,t shirt homme,https://www.celio.com/fr-be/store?StoreID=3504,4,0,2
2026-08-02,celio,t shirt homme,https://www.celio.com/fr-be/store?StoreID=3507,5,0,2
2026-08-02,celio,t shirt homme,https://www.celio.com/fr-fr/c/t-shirts,4.2,0,207
2026-08-02,celio,t shirt homme,https://www.celio.com/fr-fr/store?StoreID=0061,8,0,2
2026-08-02,celio,t shirt homme,https://www.celio.com/fr-fr/store?StoreID=0132,8,0,2
2026-08-02,celio,t shirt homme,https://www.celio.com/fr-fr/store?StoreID=0294,2.5,0,2
2026-08-02,celio,t shirt homme,https://www.celio.com/fr-fr/store?StoreID=0296,8.5,0,2
2026-08-03,celio,t shirt homme,https://www.celio.com/fr-be/c/t-shirts,8.4,0,16
2026-08-03,celio,t shirt homme,https://www.celio.com/fr-be/store?StoreID=0349,3,0,2
2026-08-03,celio,t shirt homme,https://www.celio.com/fr-be/store?StoreID=3504,4,0,2
2026-08-03,celio,t shirt homme,https://www.celio.com/fr-be/store?StoreID=3516,2,0,2
2026-08-03,celio,t shirt homme,https://www.celio.com/fr-fr/c/t-shirts,3.5,7,215
2026-08-03,celio,t shirt homme,https://www.celio.com/fr-fr/store?StoreID=0235,7.5,0,2
2026-08-03,celio,t shirt homme,https://www.celio.com/fr-fr/store?StoreID=1023,7,0,2
2026-08-04,celio,t shirt homme,https://www.celio.com/fr-be/c/t-shirts,10.6,0,10
2026-08-04,celio,t shirt homme,https://www.celio.com/fr-be/store?StoreID=3514,2,0,2
2026-08-04,celio,t shirt homme,https://www.celio.com/fr-fr/c/t-shirts,2.3,13,373
2026-08-04,celio,t shirt homme,https://www.celio.com/fr-fr/store?StoreID=0020,6,0,2
2026-08-04,celio,t shirt homme,https://www.celio.com/fr-fr/store?StoreID=0036,1,0,2
2026-08-04,celio,t shirt homme,https://www.celio.com/fr-fr/store?StoreID=0110,2,0,2
2026-08-04,celio,t shirt homme,https://www.celio.com/fr-fr/store?StoreID=0128,7.5,0,2
2026-08-04,celio,t shirt homme,https://www.celio.com/fr-fr/store?StoreID=0181,5.5,0,2
2026-08-04,celio,t shirt homme,https://www.celio.com/fr-fr/store?StoreID=0636,5,0,2
2026-08-04,celio,t shirt homme,https://www.celio.com/fr-fr/store?StoreID=0686,5,0,2
2026-08-04,celio,t shirt homme,https://www.celio.com/fr-fr/store?StoreID=0687,8,0,2
2026-08-04,celio,t shirt homme,https://www.celio.com/fr-fr/store?StoreID=1403,5,1,2
2026-08-05,celio,t shirt homme,https://www.celio.com/fr-be/c/t-shirts,8.5,1,19
2026-08-05,celio,t shirt homme,https://www.celio.com/fr-be/store?StoreID=0389,5,0,2
2026-08-05,celio,t shirt homme,https://www.celio.com/fr-fr/c/t-shirts,2.0,4,379
2026-08-05,celio,t shirt homme,https://www.celio.com/fr-fr/store?StoreID=0642,9,0,2
2026-08-06,celio,t shirt homme,https://www.celio.com/fr-be/c/t-shirts,7.2,1,24
2026-08-06,celio,t shirt homme,https://www.celio.com/fr-fr/c/t-shirts,2.3,7,308
2026-08-06,celio,t shirt homme,https://www.celio.com/fr-fr/store?StoreID=0123,8,0,3
2026-08-06,celio,t shirt homme,https://www.celio.com/fr-fr/store?StoreID=0236,1,0,2
2026-08-06,celio,t shirt homme,https://www.celio.com/fr-fr/store?StoreID=0291,1,0,2
2026-08-07,celio,t shirt homme,https://www.celio.com/fr-be/c/t-shirts,6.8,0,26
2026-08-07,celio,t shirt homme,https://www.celio.com/fr-be/store?StoreID=0389,4.5,0,2
2026-08-07,celio,t shirt homme,https://www.celio.com/fr-fr/c/t-shirts,2.5,7,322
2026-08-07,celio,t shirt homme,https://www.celio.com/fr-fr/store?StoreID=0149,10.5,0,2
2026-08-07,celio,t shirt homme,https://www.celio.com/fr-fr/store?StoreID=0206,8,0,2
2026-08-07,celio,t shirt homme,https://www.celio.com/fr-fr/store?StoreID=0292,6,0,4
2026-08-07,celio,t shirt homme,https://www.celio.com/fr-fr/store?StoreID=0767,1,0,2
2026-08-08,celio,t shirt homme,https://www.celio.com/fr-be/c/t-shirts,10,0,17
2026-08-08,celio,t shirt homme,https://www.celio.com/fr-fr/c/t-shirts,1.9,9,391
2026-08-08,celio,t shirt homme,https://www.celio.com/fr-fr/c/t-shirts-t-shirts-en-coton,6.5,0,2
2026-08-08,celio,t shirt homme,https://www.celio.com/fr-fr/store?StoreID=0080,2,0,2
2026-08-08,celio,t shirt homme,https://www.celio.com/fr-fr/store?StoreID=0152,3,0,2
2026-08-08,celio,t shirt homme,https://www.celio.com/fr-fr/store?StoreID=0207,2.5,0,2
2026-08-08,celio,t shirt homme,https://www.celio.com/fr-fr/store?StoreID=0296,6,0,2
2026-08-08,celio,t shirt homme,https://www.celio.com/fr-fr/store?StoreID=0636,8,0,2
2026-08-08,celio,t shirt homme,https://www.celio.com/fr-fr/store?StoreID=1606,6.5,0,2
2026-08-09,celio,t shirt homme,https://www.celio.com/fr-be/c/t-shirts,8.8,0,16
2026-08-09,celio,t shirt homme,https://www.celio.com/fr-fr/c/t-shirts,1.9,4,380
2026-08-09,celio,t shirt homme,https://www.celio.com/fr-fr/store?StoreID=0012,8,0,2
2026-08-09,celio,t shirt homme,https://www.celio.com/fr-fr/store?StoreID=0119,8,0,3
2026-08-09,celio,t shirt homme,https://www.celio.com/fr-fr/store?StoreID=0162,12,0,2
2026-08-09,celio,t shirt homme,https://www.celio.com/fr-fr/store?StoreID=0181,7,0,2
2026-08-09,celio,t shirt homme,https://www.celio.com/fr-fr/store?StoreID=0196,5.5,0,2
2026-08-09,celio,t shirt homme,https://www.celio.com/fr-fr/store?StoreID=0219,5,0,2
2026-08-09,celio,t shirt homme,https://www.celio.com/fr-fr/store?StoreID=0266,26,0,2
2026-08-09,celio,t shirt homme,https://www.celio.com/fr-fr/store?StoreID=0267,7,0,2
2026-08-09,celio,t shirt homme,https://www.celio.com/fr-fr/store?StoreID=0284,6,0,2
2026-08-09,celio,t shirt homme,https://www.celio.com/fr-fr/store?StoreID=0768,5,0,2
2026-08-09,celio,t shirt homme,https://www.celio.com/fr-fr/store?StoreID=1683,4.5,0,2
2026-08-10,celio,t shirt homme,https://www.celio.com/fr-be/c/t-shirts,7.4,1,16
2026-08-10,celio,t shirt homme,https://www.celio.com/fr-fr/c/t-shirts,2.1,7,354
2026-08-10,celio,t shirt homme,https://www.celio.com/fr-fr/store?StoreID=0112,13,0,4
2026-08-10,celio,t shirt homme,https://www.celio.com/fr-fr/store?StoreID=0137,4,0,2
2026-08-10,celio,t shirt homme,https://www.celio.com/fr-fr/store?StoreID=0191,6.5,0,2
2026-08-11,celio,t shirt homme,https://www.celio.com/fr-be/c/t-shirts,9.6,0,14
2026-08-11,celio,t shirt homme,https://www.celio.com/fr-be/store?StoreID=0389,2,0,2
2026-08-11,celio,t shirt homme,https://www.celio.com/fr-fr/c/t-shirts,2.3,7,393
2026-08-11,celio,t shirt homme,https://www.celio.com/fr-fr/store?StoreID=0181,7.5,0,2
2026-08-12,celio,t shirt homme,https://www.celio.com/fr-be/c/t-shirts,11,0,12
2026-08-12,celio,t shirt homme,https://www.celio.com/fr-fr/c/t-shirts,2.1,5,373
2026-08-12,celio,t shirt homme,https://www.celio.com/fr-fr/store?StoreID=0230,15,0,2
2026-08-13,celio,t shirt homme,https://www.celio.com/fr-be/c/t-shirts,9.8,0,13
2026-08-13,celio,t shirt homme,https://www.celio.com/fr-be/store?StoreID=3507,9.5,0,2
2026-08-13,celio,t shirt homme,https://www.celio.com/fr-fr/c/t-shirts,2.2,11,377
2026-08-13,celio,t shirt homme,https://www.celio.com/fr-fr/store?StoreID=0036,7,0,2
2026-08-13,celio,t shirt homme,https://www.celio.com/fr-fr/store?StoreID=0191,2.3,0,3
2026-08-13,celio,t shirt homme,https://www.celio.com/fr-fr/store?StoreID=0767,3,0,2
2026-08-13,celio,t shirt homme,https://www.celio.com/fr-fr/store?StoreID=0769,7,0,2
2026-08-14,celio,t shirt homme,https://www.celio.com/fr-be/c/t-shirts,9.8,0,11
2026-08-14,celio,t shirt homme,https://www.celio.com/fr-fr/c/t-shirts,2.0,7,353
2026-08-14,celio,t shirt homme,https://www.celio.com/fr-fr/store?StoreID=0291,1.5,0,4
2026-08-15,celio,t shirt homme,https://www.celio.com/fr-be/c/t-shirts,10.3,0,14
2026-08-15,celio,t shirt homme,https://www.celio.com/fr-fr/c/t-shirts,2.1,7,357
2026-08-15,celio,t shirt homme,https://www.celio.com/fr-fr/store?StoreID=0652,4,0,2
2026-08-15,celio,t shirt homme,https://www.celio.com/fr-fr/store?StoreID=0776,10,0,2
2026-08-16,celio,t shirt homme,https://www.celio.com/fr-be/c/t-shirts,10.6,0,20
2026-08-16,celio,t shirt homme,https://www.celio.com/fr-fr/c/t-shirts,2.3,7,386
2026-08-16,celio,t shirt homme,https://www.celio.com/fr-fr/store?StoreID=0067,3.5,0,2
2026-08-16,celio,t shirt homme,https://www.celio.com/fr-fr/store?StoreID=0080,4,0,2
2026-08-16,celio,t shirt homme,https://www.celio.com/fr-fr/store?StoreID=0144,13,0,3
2026-08-16,celio,t shirt homme,https://www.celio.com/fr-fr/store?StoreID=0212,6.3,0,3
2026-08-17,celio,t shirt homme,https://www.celio.com/fr-be/c/t-shirts,8.4,0,18
2026-08-17,celio,t shirt homme,https://www.celio.com/fr-fr/c/t-shirts,2.1,5,345
2026-08-17,celio,t shirt homme,https://www.celio.com/fr-fr/c/t-shirts-3-t-shirts-pour-24e99,18.9,0,8
2026-08-17,celio,t shirt homme,https://www.celio.com/fr-fr/store?StoreID=0099,2,0,2
2026-08-17,celio,t shirt homme,https://www.celio.com/fr-fr/store?StoreID=0118,2,0,2
2026-08-17,celio,t shirt homme,https://www.celio.com/fr-fr/store?StoreID=0144,9,0,2
2026-08-17,celio,t shirt homme,https://www.celio.com/fr-fr/store?StoreID=0187,2.5,0,2
2026-08-17,celio,t shirt homme,https://www.celio.com/fr-fr/store?StoreID=0209,2,0,2
2026-08-17,celio,t shirt homme,https://www.celio.com/fr-fr/store?StoreID=0235,4.5,0,2
2026-08-17,celio,t shirt homme,https://www.celio.com/fr-fr/store?StoreID=0266,26.5,0,2
2026-08-17,celio,t shirt homme,https://www.celio.com/fr-fr/store?StoreID=0657,11,0,2
2026-08-17,celio,t shirt homme,https://www.celio.com/fr-fr/store?StoreID=0773,13.5,0,2
2026-08-18,celio,t shirt homme,https://www.celio.com/fr-be/c/t-shirts,10.3,0,11
2026-08-18,celio,t shirt homme,https://www.celio.com/fr-be/store?StoreID=0349,3.5,0,2
2026-08-18,celio,t shirt homme,https://www.celio.com/fr-fr/c/t-shirts,3.6,7,278
2026-08-18,celio,t shirt homme,https://www.celio.com/fr-fr/store?StoreID=0291,8,0,2
2026-08-18,celio,t shirt homme,https://www.celio.com/fr-fr/store?StoreID=0605,2.5,0,2
2026-08-18,celio,t shirt homme,https://www.celio.com/fr-fr/store?StoreID=0618,11,0,2
2026-08-19,celio,t shirt homme,https://www.celio.com/fr-be/c/t-shirts,10.3,0,7
2026-08-19,celio,t shirt homme,https://www.celio.com/fr-fr/c/t-shirts,5.8,3,278
2026-08-19,celio,t shirt homme,https://www.celio.com/fr-fr/store?StoreID=1698,3,1,2
2026-08-20,celio,t shirt homme,https://www.celio.com/fr-be/c/t-shirts,9.6,0,8
2026-08-20,celio,t shirt homme,https://www.celio.com/fr-fr/c/t-shirts,5.8,3,280
2026-08-20,celio,t shirt homme,https://www.celio.com/fr-fr/store?StoreID=0762,4,0,2
2026-08-20,celio,t shirt homme,https://www.celio.com/fr-fr/store?StoreID=0775,10,0,2
2026-08-21,celio,t shirt homme,https://www.celio.com/fr-be/c/t-shirts,10.3,0,10
2026-08-21,celio,t shirt homme,https://www.celio.com/fr-be/store?StoreID=0371,2,0,2
2026-08-21,celio,t shirt homme,https://www.celio.com/fr-fr/c/t-shirts,6.4,2,258
2026-08-21,celio,t shirt homme,https://www.celio.com/fr-fr/store?StoreID=0012,4.5,0,2
2026-08-21,celio,t shirt homme,https://www.celio.com/fr-fr/store?StoreID=0128,8.5,0,2
2026-08-21,celio,t shirt homme,https://www.celio.com/fr-fr/store?StoreID=0605,3.3,0,3
2026-08-21,celio,t shirt homme,https://www.celio.com/fr-fr/store?StoreID=0766,2,0,2
2026-08-22,celio,t shirt homme,https://www.celio.com/fr-be/c/t-shirts,11.8,0,5
2026-08-22,celio,t shirt homme,https://www.celio.com/fr-fr/c/t-shirts,6.7,6,265
2026-08-22,celio,t shirt homme,https://www.celio.com/fr-fr/store?StoreID=0167,4,0,2
2026-08-22,celio,t shirt homme,https://www.celio.com/fr-fr/store?StoreID=0292,2,0,2
2026-08-22,celio,t shirt homme,https://www.celio.com/fr-fr/store?StoreID=1634,5.8,0,4
2026-08-23,celio,t shirt homme,https://www.celio.com/fr-be/c/t-shirts,12.5,0,6
2026-08-23,celio,t shirt homme,https://www.celio.com/fr-fr/c/t-shirts,7.9,1,205
2026-08-23,celio,t shirt homme,https://www.celio.com/fr-fr/store?StoreID=0092,9,0,2
2026-08-23,celio,t shirt homme,https://www.celio.com/fr-fr/store?StoreID=0144,5.3,0,3
2026-08-23,celio,t shirt homme,https://www.celio.com/fr-fr/store?StoreID=0149,8.3,0,3
2026-08-23,celio,t shirt homme,https://www.celio.com/fr-fr/store?StoreID=0181,6,0,2
2026-08-23,celio,t shirt homme,https://www.celio.com/fr-fr/store?StoreID=0230,17.5,0,2
2026-08-23,celio,t shirt homme,https://www.celio.com/fr-fr/store?StoreID=0763,8.5,0,2
2026-08-23,celio,t shirt homme,https://www.celio.com/fr-fr/store?StoreID=1023,8.5,0,2
2026-08-23,celio,t shirt homme,https://www.celio.com/fr-fr/store?StoreID=1683,7.5,0,2
2026-08-24,celio,t shirt homme,https://www.celio.com/fr-be/c/t-shirts,11.7,0,9
2026-08-24,celio,t shirt homme,https://www.celio.com/fr-fr/c/t-shirts,7.8,3,263
2026-08-24,celio,t shirt homme,https://www.celio.com/fr-fr/store?StoreID=0108,3.5,0,2
2026-08-24,celio,t shirt homme,https://www.celio.com/fr-fr/store?StoreID=0776,9,0,3
2026-08-24,celio,t shirt homme,https://www.celio.com/fr-fr/store?StoreID=1497,7.5,0,2
2026-08-25,celio,t shirt homme,https://www.celio.com/fr-be/c/t-shirts,8.4,0,14
2026-08-25,celio,t shirt homme,https://www.celio.com/fr-fr/c/t-shirts,7.5,1,254
2026-08-26,celio,t shirt homme,https://www.celio.com/fr-be/c/t-shirts,10.5,0,6
2026-08-26,celio,t shirt homme,https://www.celio.com/fr-fr/c/t-shirts,7.1,3,269
2026-08-26,celio,t shirt homme,https://www.celio.com/fr-fr/store?StoreID=0010,9,0,2
2026-08-26,celio,t shirt homme,https://www.celio.com/fr-fr/store?StoreID=0691,3.3,0,3
2026-08-26,celio,t shirt homme,https://www.celio.com/fr-fr/store?StoreID=0768,1.5,0,2
2026-08-27,celio,t shirt homme,https://www.celio.com/fr-be/c/t-shirts,12.8,0,22
2026-08-27,celio,t shirt homme,https://www.celio.com/fr-fr/c/t-shirts,5.4,2,244
2026-08-27,celio,t shirt homme,https://www.celio.com/fr-fr/store?StoreID=1616,8,0,2
2026-08-28,celio,t shirt homme,https://www.celio.com/fr-be/c/t-shirts,11.9,0,8
2026-08-28,celio,t shirt homme,https://www.celio.com/fr-be/c/t-shirts-t-shirts-originaux,22.5,0,2
2026-08-28,celio,t shirt homme,https://www.celio.com/fr-fr/c/t-shirts,4.7,7,245
2026-08-28,celio,t shirt homme,https://www.celio.com/fr-fr/store?StoreID=0085,5,0,2
2026-08-28,celio,t shirt homme,https://www.celio.com/fr-fr/store?StoreID=0230,5,0,2
2026-08-28,celio,t shirt homme,https://www.celio.com/fr-fr/store?StoreID=1629,7.5,0,2
2026-08-29,celio,t shirt homme,https://www.celio.com/fr-be/c/t-shirts,13.7,0,7
2026-08-29,celio,t shirt homme,https://www.celio.com/fr-fr/c/t-shirts,4.5,7,264
2026-08-29,celio,t shirt homme,https://www.celio.com/fr-fr/c/t-shirts-t-shirts-originaux,78,0,2
2026-08-29,celio,t shirt homme,https://www.celio.com/fr-fr/store?StoreID=0167,4,0,2
2026-08-29,celio,t shirt homme,https://www.celio.com/fr-fr/store?StoreID=0235,10,0,2
2026-08-29,celio,t shirt homme,https://www.celio.com/fr-fr/store?StoreID=0691,4,0,2
2026-08-30,celio,t shirt homme,https://www.celio.com/fr-be/c/t-shirts,13.5,0,6
2026-08-30,celio,t shirt homme,https://www.celio.com/fr-be/store?StoreID=0334,2.5,0,2
2026-08-30,celio,t shirt homme,https://www.celio.com/fr-fr/c/t-shirts,4.4,6,312
2026-08-30,celio,t shirt homme,https://www.celio.com/fr-fr/c/t-shirts-t-shirts-originaux,67.5,0,2
2026-08-30,celio,t shirt homme,https://www.celio.com/fr-fr/store?StoreID=0012,5,0,2
2026-08-30,celio,t shirt homme,https://www.celio.com/fr-fr/store?StoreID=0162,8.5,0,2
2026-08-30,celio,t shirt homme,https://www.celio.com/fr-fr/store?StoreID=0272,6,0,2
2026-08-30,celio,t shirt homme,https://www.celio.com/fr-fr/store?StoreID=0773,4.8,0,4
2026-08-30,celio,t shirt homme,https://www.celio.com/fr-fr/store?StoreID=1451,7,0,2
2026-08-31,celio,t shirt homme,https://www.celio.com/fr-be/c/t-shirts,13.3,0,7
2026-08-31,celio,t shirt homme,https://www.celio.com/fr-be/store?StoreID=0345,7,0,2
2026-08-31,celio,t shirt homme,https://www.celio.com/fr-be/store?StoreID=3507,6,0,2
2026-08-31,celio,t shirt homme,https://www.celio.com/fr-fr/c/t-shirts,4.5,3,244
2026-08-31,celio,t shirt homme,https://www.celio.com/fr-fr/store?StoreID=0212,3.5,0,2
2026-08-31,celio,t shirt homme,https://www.celio.com/fr-fr/store?StoreID=0674,9,0,2
2026-08-31,celio,t shirt homme,https://www.celio.com/fr-fr/store?StoreID=0757,9.7,0,3
2026-08-31,celio,t shirt homme,https://www.celio.com/fr-fr/store?StoreID=0774,5.2,0,4
2026-08-31,celio,t shirt homme,https://www.celio.com/nl-be/store?StoreID=0336,12.3,0,3
2026-09-01,celio,t shirt homme,https://www.celio.com/fr-fr/c/t-shirts,4.8,5,268
2026-09-01,celio,t shirt homme,https://www.celio.com/fr-fr/store?StoreID=0603,4.5,0,2
2026-09-01,celio,t shirt homme,https://www.celio.com/fr-fr/store?StoreID=0771,4.5,0,2
2026-09-01,celio,t shirt homme,https://www.celio.com/fr-fr/store?StoreID=0774,7.5,0,2
2026-09-01,celio,t shirt homme,https://www.celio.com/fr-fr/store?StoreID=1622,13,0,2
2026-09-02,celio,t shirt homme,https://www.celio.com/fr-be/c/t-shirts,14,0,2
2026-09-02,celio,t shirt homme,https://www.celio.com/fr-fr/c/t-shirts,3.2,4,276
2026-09-02,celio,t shirt homme,https://www.celio.com/fr-fr/store?StoreID=0035,6,0,2
2026-09-02,celio,t shirt homme,https://www.celio.com/fr-fr/store?StoreID=0266,19,0,2
2026-09-02,celio,t shirt homme,https://www.celio.com/fr-fr/store?StoreID=0296,9.5,0,2
2026-09-02,celio,t shirt homme,https://www.celio.com/fr-fr/store?StoreID=0767,3,0,2
2026-09-02,celio,t shirt homme,https://www.celio.com/fr-fr/store?StoreID=0774,2,0,2
2026-09-03,celio,t shirt homme,https://www.celio.com/fr-be/c/t-shirts,12,0,2
2026-09-03,celio,t shirt homme,https://www.celio.com/fr-fr/c/t-shirts,2.7,4,253
2026-09-03,celio,t shirt homme,https://www.celio.com/fr-fr/store?StoreID=0119,9,0,2
2026-09-03,celio,t shirt homme,https://www.celio.com/fr-fr/store?StoreID=0144,5.5,0,2
2026-09-03,celio,t shirt homme,https://www.celio.com/fr-fr/store?StoreID=0149,7,1,5
2026-09-03,celio,t shirt homme,https://www.celio.com/fr-fr/store?StoreID=0167,2,0,2
2026-09-04,celio,t shirt homme,https://www.celio.com/fr-be/c/t-shirts,12.5,0,2
2026-09-04,celio,t shirt homme,https://www.celio.com/fr-be/store?StoreID=0345,14,0,2
2026-09-04,celio,t shirt homme,https://www.celio.com/fr-fr/c/t-shirts,3.4,3,216
2026-09-04,celio,t shirt homme,https://www.celio.com/fr-fr/store?StoreID=0010,7.7,0,3
2026-09-04,celio,t shirt homme,https://www.celio.com/fr-fr/store?StoreID=0219,6,0,2
2026-09-04,celio,t shirt homme,https://www.celio.com/fr-fr/store?StoreID=0235,3.7,0,3
2026-09-04,celio,t shirt homme,https://www.celio.com/fr-fr/store?StoreID=1438,8,0,2
2026-09-04,celio,t shirt homme,https://www.celio.com/fr-fr/store?StoreID=1664,4,0,2
2026-09-04,celio,t shirt homme,https://www.celio.com/fr-fr/store?StoreID=1688,6,0,2
2026-09-05,celio,t shirt homme,https://www.celio.com/fr-be/c/t-shirts,10.7,0,7
2026-09-05,celio,t shirt homme,https://www.celio.com/fr-fr/c/t-shirts,3.4,5,312
2026-09-05,celio,t shirt homme,https://www.celio.com/fr-fr/store?StoreID=0061,8,0,2
2026-09-05,celio,t shirt homme,https://www.celio.com/fr-fr/store?StoreID=0212,4,0,2
2026-09-05,celio,t shirt homme,https://www.celio.com/fr-fr/store?StoreID=0291,3,0,2
2026-09-05,celio,t shirt homme,https://www.celio.com/fr-fr/store?StoreID=0635,4.7,0,3
2026-09-05,celio,t shirt homme,https://www.celio.com/fr-fr/store?StoreID=0698,8.5,0,2
2026-09-05,celio,t shirt homme,https://www.celio.com/fr-fr/store?StoreID=0768,4,0,2
2026-09-05,celio,t shirt homme,https://www.celio.com/fr-fr/store?StoreID=1466,7,0,3
2026-09-05,celio,t shirt homme,https://www.celio.com/fr-fr/store?StoreID=1683,3.5,0,2
2026-09-06,celio,t shirt homme,https://www.celio.com/fr-be/c/t-shirts,7.2,0,4
2026-09-06,celio,t shirt homme,https://www.celio.com/fr-fr/c/t-shirts,2.7,5,304
2026-09-06,celio,t shirt homme,https://www.celio.com/fr-fr/store?StoreID=0012,5,0,2
2026-09-06,celio,t shirt homme,https://www.celio.com/fr-fr/store?StoreID=0224,8.5,0,2
2026-09-06,celio,t shirt homme,https://www.celio.com/fr-fr/store?StoreID=0639,3.5,0,2
2026-09-06,celio,t shirt homme,https://www.celio.com/fr-fr/store?StoreID=0686,4.3,0,3
2026-09-06,celio,t shirt homme,https://www.celio.com/fr-fr/store?StoreID=1675,9,0,2
2026-09-07,celio,t shirt homme,https://www.celio.com/fr-be/c/t-shirts,9.2,0,4
2026-09-07,celio,t shirt homme,https://www.celio.com/fr-fr/c/t-shirts,3.4,6,292
2026-09-07,celio,t shirt homme,https://www.celio.com/fr-fr/store?StoreID=0167,7.5,0,2
2026-09-07,celio,t shirt homme,https://www.celio.com/fr-fr/store?StoreID=0194,8,0,2
2026-09-07,celio,t shirt homme,https://www.celio.com/fr-fr/store?StoreID=1670,7,0,2
2026-09-08,celio,t shirt homme,https://www.celio.com/fr-be/c/t-shirts,8.7,0,6
2026-09-08,celio,t shirt homme,https://www.celio.com/fr-fr/c/t-shirts,2.9,4,308
2026-09-08,celio,t shirt homme,https://www.celio.com/fr-fr/store?StoreID=0112,8,0,2
2026-09-08,celio,t shirt homme,https://www.celio.com/fr-fr/store?StoreID=0156,11,0,2
2026-09-08,celio,t shirt homme,https://www.celio.com/fr-fr/store?StoreID=0266,6.5,0,2
2026-09-08,celio,t shirt homme,https://www.celio.com/fr-fr/store?StoreID=0657,8,0,2
2026-09-08,celio,t shirt homme,https://www.celio.com/fr-fr/store?StoreID=0758,8,0,2
2026-09-09,celio,t shirt homme,https://www.celio.com/fr-be/c/t-shirts,12.8,0,4
2026-09-09,celio,t shirt homme,https://www.celio.com/fr-be/store?StoreID=3516,8.5,0,2
2026-09-09,celio,t shirt homme,https://www.celio.com/fr-fr/c/t-shirts,2.5,6,283
2026-09-09,celio,t shirt homme,https://www.celio.com/fr-fr/store?StoreID=0766,12,0,2
2026-09-09,celio,t shirt homme,https://www.celio.com/fr-fr/store?StoreID=1456,7,0,2
2026-09-09,celio,t shirt homme,https://www.celio.com/fr-fr/store?StoreID=1485,3,0,2
2026-09-09,celio,t shirt homme,https://www.celio.com/fr-fr/store?StoreID=1489,8.3,0,3
2026-09-10,celio,t shirt homme,https://www.celio.com/fr-be/c/t-shirts,15,0,5
2026-09-10,celio,t shirt homme,https://www.celio.com/fr-be/store?StoreID=3507,5,0,3
2026-09-10,celio,t shirt homme,https://www.celio.com/fr-fr/c/t-shirts,2.5,9,226
2026-09-10,celio,t shirt homme,https://www.celio.com/fr-fr/store?StoreID=0123,21,0,3
2026-09-10,celio,t shirt homme,https://www.celio.com/fr-fr/store?StoreID=0235,2,0,2
2026-09-10,celio,t shirt homme,https://www.celio.com/fr-fr/store?StoreID=0605,10,0,2
2026-09-10,celio,t shirt homme,https://www.celio.com/fr-fr/store?StoreID=0774,13,0,3
2026-09-11,celio,t shirt homme,https://www.celio.com/fr-be/c/t-shirts,16,0,2
2026-09-11,celio,t shirt homme,https://www.celio.com/fr-fr/c/t-shirts,2.4,9,213
2026-09-11,celio,t shirt homme,https://www.celio.com/fr-fr/store?StoreID=0219,11.5,0,2
2026-09-12,celio,t shirt homme,https://www.celio.com/fr-be/c/t-shirts,12.8,0,6
2026-09-12,celio,t shirt homme,https://www.celio.com/fr-be/store?StoreID=0374,1,0,3
2026-09-12,celio,t shirt homme,https://www.celio.com/fr-be/store?StoreID=3507,1.8,0,4
2026-09-12,celio,t shirt homme,https://www.celio.com/fr-fr/c/t-shirts,2.8,4,273
2026-09-12,celio,t shirt homme,https://www.celio.com/fr-fr/store?StoreID=0615,10,0,2
2026-09-13,celio,t shirt homme,https://www.celio.com/fr-be/c/t-shirts,12.8,0,10
2026-09-13,celio,t shirt homme,https://www.celio.com/fr-fr/c/t-shirts,2.6,11,310
2026-09-13,celio,t shirt homme,https://www.celio.com/fr-fr/store?StoreID=0064,13.5,0,2
2026-09-13,celio,t shirt homme,https://www.celio.com/fr-fr/store?StoreID=0080,11,0,2
2026-09-13,celio,t shirt homme,https://www.celio.com/fr-fr/store?StoreID=0162,6,0,2
2026-09-13,celio,t shirt homme,https://www.celio.com/fr-fr/store?StoreID=0224,7.5,0,2
2026-09-13,celio,t shirt homme,https://www.celio.com/fr-fr/store?StoreID=0296,11.5,0,2
2026-09-13,celio,t shirt homme,https://www.celio.com/fr-fr/store?StoreID=0617,7,0,2
2026-09-14,celio,t shirt homme,https://www.celio.com/fr-be/c/t-shirts,11.4,0,7
2026-09-14,celio,t shirt homme,https://www.celio.com/fr-be/store?StoreID=0346,31,0,2
2026-09-14,celio,t shirt homme,https://www.celio.com/fr-be/store?StoreID=0348,26,0,2
2026-09-14,celio,t shirt homme,https://www.celio.com/fr-be/store?StoreID=3504,3,0,3
2026-09-14,celio,t shirt homme,https://www.celio.com/fr-fr/c/t-shirts,2.6,0,269
2026-09-14,celio,t shirt homme,https://www.celio.com/fr-fr/store?StoreID=0044,2.5,0,2
2026-09-14,celio,t shirt homme,https://www.celio.com/fr-fr/store?StoreID=0067,15.5,0,2
2026-09-14,celio,t shirt homme,https://www.celio.com/fr-fr/store?StoreID=0128,5.5,0,2
2026-09-14,celio,t shirt homme,https://www.celio.com/fr-fr/store?StoreID=0144,2,0,3
2026-09-14,celio,t shirt homme,https://www.celio.com/fr-fr/store?StoreID=0266,3.7,0,3
2026-09-14,celio,t shirt homme,https://www.celio.com/fr-fr/store?StoreID=0296,9.5,0,2
2026-09-14,celio,t shirt homme,https://www.celio.com/fr-fr/store?StoreID=0605,11,0,3
2026-09-14,celio,t shirt homme,https://www.celio.com/fr-fr/store?StoreID=1455,10,0,3
2026-09-14,celio,t shirt homme,https://www.celio.com/fr-fr/store?StoreID=1613,8,0,2
2026-09-15,celio,t shirt homme,https://www.celio.com/fr-be/store?StoreID=3507,5,0,2
2026-09-15,celio,t shirt homme,https://www.celio.com/fr-fr/c/t-shirts,2.5,3,237
2026-09-15,celio,t shirt homme,https://www.celio.com/fr-fr/store?StoreID=0179,4.5,0,2
2026-09-15,celio,t shirt homme,https://www.celio.com/fr-fr/store?StoreID=0219,5.5,0,2
2026-09-15,celio,t shirt homme,https://www.celio.com/fr-fr/store?StoreID=0296,7.5,0,2
2026-09-15,celio,t shirt homme,https://www.celio.com/fr-fr/store?StoreID=0611,7,0,2
2026-09-15,celio,t shirt homme,https://www.celio.com/fr-fr/store?StoreID=0687,5,0,2
2026-09-15,celio,t shirt homme,https://www.celio.com/fr-fr/store?StoreID=0698,13.3,0,3
2026-09-15,celio,t shirt homme,https://www.celio.com/fr-fr/store?StoreID=1613,2.5,0,2
2026-09-16,celio,t shirt homme,https://www.celio.com/fr-fr/c/t-shirts,2.5,2,246
2026-09-16,celio,t shirt homme,https://www.celio.com/fr-fr/store?StoreID=0010,4.5,0,2
2026-09-16,celio,t shirt homme,https://www.celio.com/fr-fr/store?StoreID=0227,2.5,0,2
2026-09-16,celio,t shirt homme,https://www.celio.com/fr-fr/store?StoreID=0284,6.5,0,2
2026-09-16,celio,t shirt homme,https://www.celio.com/fr-fr/store?StoreID=0714,10,0,2
2026-09-16,celio,t shirt homme,https://www.celio.com/fr-fr/store?StoreID=1455,3,0,2
2026-09-17,celio,t shirt homme,https://www.celio.com/fr-be/c/t-shirts,11,0,3
2026-09-17,celio,t shirt homme,https://www.celio.com/fr-be/store?StoreID=3507,2,0,2
2026-09-17,celio,t shirt homme,https://www.celio.com/fr-fr/c/t-shirts,3.7,3,203
2026-09-17,celio,t shirt homme,https://www.celio.com/fr-fr/store?StoreID=0020,7.8,0,4
2026-09-17,celio,t shirt homme,https://www.celio.com/fr-fr/store?StoreID=0112,13,0,2
2026-09-17,celio,t shirt homme,https://www.celio.com/fr-fr/store?StoreID=0162,2,0,2
2026-09-17,celio,t shirt homme,https://www.celio.com/fr-fr/store?StoreID=0771,11,0,3
2026-09-17,celio,t shirt homme,https://www.celio.com/fr-fr/store?StoreID=1035,5,0,4
2026-09-17,celio,t shirt homme,https://www.celio.com/fr-fr/store?StoreID=1683,4.5,0,2
2026-09-18,celio,t shirt homme,https://www.celio.com/fr-be/c/t-shirts,11,0,3
2026-09-18,celio,t shirt homme,https://www.celio.com/fr-fr/c/t-shirts,5.6,1,193
2026-09-18,celio,t shirt homme,https://www.celio.com/fr-fr/store?StoreID=0025,3,0,2
2026-09-18,celio,t shirt homme,https://www.celio.com/fr-fr/store?StoreID=0063,2,0,2
2026-09-18,celio,t shirt homme,https://www.celio.com/fr-fr/store?StoreID=0112,5.3,0,3
2026-09-18,celio,t shirt homme,https://www.celio.com/fr-fr/store?StoreID=0226,8.5,0,2
2026-09-18,celio,t shirt homme,https://www.celio.com/fr-fr/store?StoreID=0698,2.5,0,2
2026-09-19,celio,t shirt homme,https://www.celio.com/fr-be/c/t-shirts,10.4,0,5
2026-09-19,celio,t shirt homme,https://www.celio.com/fr-fr/c/t-shirts,5.2,4,269
2026-09-19,celio,t shirt homme,https://www.celio.com/fr-fr/store?StoreID=0149,2.2,0,4
2026-09-19,celio,t shirt homme,https://www.celio.com/fr-fr/store?StoreID=0179,3,0,2
2026-09-19,celio,t shirt homme,https://www.celio.com/fr-fr/store?StoreID=0681,2.7,0,7
2026-09-20,celio,t shirt homme,https://www.celio.com/fr-be/c/t-shirts,11.3,0,3
2026-09-20,celio,t shirt homme,https://www.celio.com/fr-be/store?StoreID=0374,6,0,3
2026-09-20,celio,t shirt homme,https://www.celio.com/fr-be/store?StoreID=0389,2,0,2
2026-09-20,celio,t shirt homme,https://www.celio.com/fr-fr/c/t-shirts,4.9,3,288
2026-09-20,celio,t shirt homme,https://www.celio.com/fr-fr/store?StoreID=0108,10.5,0,2
2026-09-20,celio,t shirt homme,https://www.celio.com/fr-fr/store?StoreID=0110,6,0,2
2026-09-20,celio,t shirt homme,https://www.celio.com/fr-fr/store?StoreID=0129,2,0,2
2026-09-20,celio,t shirt homme,https://www.celio.com/fr-fr/store?StoreID=0191,5,0,2
2026-09-20,celio,t shirt homme,https://www.celio.com/fr-fr/store?StoreID=0219,6,0,4
2026-09-20,celio,t shirt homme,https://www.celio.com/fr-fr/store?StoreID=0284,6.5,0,2
2026-09-20,celio,t shirt homme,https://www.celio.com/fr-fr/store?StoreID=0691,1.5,0,2
2026-09-20,celio,t shirt homme,https://www.celio.com/fr-fr/store?StoreID=1461,3,0,2
2026-09-20,celio,t shirt homme,https://www.celio.com/fr-fr/store?StoreID=1675,2.5,0,2
2026-09-21,celio,t shirt homme,https://www.celio.com/fr-be/c/t-shirts,8.5,0,2
2026-09-21,celio,t shirt homme,https://www.celio.com/fr-fr/c/t-shirts,4.6,7,262
2026-09-21,celio,t shirt homme,https://www.celio.com/fr-fr/store?StoreID=0066,7,0,2
2026-09-21,celio,t shirt homme,https://www.celio.com/fr-fr/store?StoreID=0085,2,0,3
2026-09-21,celio,t shirt homme,https://www.celio.com/fr-fr/store?StoreID=0112,11.5,0,2
2026-09-21,celio,t shirt homme,https://www.celio.com/fr-fr/store?StoreID=0235,6.5,0,2
2026-09-21,celio,t shirt homme,https://www.celio.com/fr-fr/store?StoreID=0269,5.5,0,2
2026-09-21,celio,t shirt homme,https://www.celio.com/fr-fr/store?StoreID=0661,1,0,2
2026-09-22,celio,t shirt homme,https://www.celio.com/fr-be/c/t-shirts,11.1,0,8
2026-09-22,celio,t shirt homme,https://www.celio.com/fr-fr/c/t-shirts,4.7,3,248
2026-09-22,celio,t shirt homme,https://www.celio.com/fr-fr/store?StoreID=0061,11,0,2
2026-09-22,celio,t shirt homme,https://www.celio.com/fr-fr/store?StoreID=0172,4.5,0,2
2026-09-22,celio,t shirt homme,https://www.celio.com/fr-fr/store?StoreID=0219,14,0,2
2026-09-22,celio,t shirt homme,https://www.celio.com/fr-fr/store?StoreID=1475,3,0,2
2026-09-22,celio,t shirt homme,https://www.celio.com/fr-fr/store?StoreID=1531,11,0,2
2026-09-22,celio,t shirt homme,https://www.celio.com/fr-fr/store?StoreID=1683,6,0,2
2026-09-23,celio,t shirt homme,https://www.celio.com/fr-be/store?StoreID=0346,7.5,0,2
2026-09-23,celio,t shirt homme,https://www.celio.com/fr-fr/c/t-shirts,4.1,4,248
2026-09-23,celio,t shirt homme,https://www.celio.com/fr-fr/store?StoreID=0035,13,0,2
2026-09-23,celio,t shirt homme,https://www.celio.com/fr-fr/store?StoreID=0128,9,0,2
2026-09-23,celio,t shirt homme,https://www.celio.com/fr-fr/store?StoreID=0162,3,0,4
2026-09-23,celio,t shirt homme,https://www.celio.com/fr-fr/store?StoreID=0167,2,0,2
2026-09-23,celio,t shirt homme,https://www.celio.com/fr-fr/store?StoreID=0172,7.5,0,2
2026-09-23,celio,t shirt homme,https://www.celio.com/fr-fr/store?StoreID=0181,10.3,0,3
2026-09-23,celio,t shirt homme,https://www.celio.com/fr-fr/store?StoreID=0195,2,0,2
2026-09-23,celio,t shirt homme,https://www.celio.com/fr-fr/store?StoreID=1616,2,0,3
2026-09-24,celio,t shirt homme,https://www.celio.com/fr-be/c/t-shirts,13,0,3
2026-09-24,celio,t shirt homme,https://www.celio.com/fr-fr/c/t-shirts,4.4,0,228
2026-09-24,celio,t shirt homme,https://www.celio.com/fr-fr/store?StoreID=0012,4.7,0,3
2026-09-24,celio,t shirt homme,https://www.celio.com/fr-fr/store?StoreID=0036,9,0,2
2026-09-24,celio,t shirt homme,https://www.celio.com/fr-fr/store?StoreID=0123,5.5,0,4
2026-09-24,celio,t shirt homme,https://www.celio.com/fr-fr/store?StoreID=0167,9.5,0,2
2026-09-24,celio,t shirt homme,https://www.celio.com/fr-fr/store?StoreID=0173,5.5,0,2
2026-09-24,celio,t shirt homme,https://www.celio.com/fr-fr/store?StoreID=0181,8.5,0,2
2026-09-24,celio,t shirt homme,https://www.celio.com/fr-fr/store?StoreID=0195,7.5,0,2
2026-09-24,celio,t shirt homme,https://www.celio.com/fr-fr/store?StoreID=0219,3,0,2
2026-09-24,celio,t shirt homme,https://www.celio.com/fr-fr/store?StoreID=0230,10,0,2
2026-09-24,celio,t shirt homme,https://www.celio.com/fr-fr/store?StoreID=0292,8,0,2
2026-09-24,celio,t shirt homme,https://www.celio.com/fr-fr/store?StoreID=0618,7,0,2
2026-09-24,celio,t shirt homme,https://www.celio.com/fr-fr/store?StoreID=0687,8,0,2
2026-09-24,celio,t shirt homme,https://www.celio.com/fr-fr/store?StoreID=0698,2,0,2
2026-09-24,celio,t shirt homme,https://www.celio.com/fr-fr/store?StoreID=0774,5.5,0,2
2026-09-24,celio,t shirt homme,https://www.celio.com/fr-fr/store?StoreID=0790,5.7,0,3
2026-09-24,celio,t shirt homme,https://www.celio.com/fr-fr/store?StoreID=1683,7,0,2
2026-09-24,celio,t shirt homme,https://www.celio.com/fr-fr/store?StoreID=1693,6.5,0,2
2026-09-25,celio,t shirt homme,https://www.celio.com/fr-fr/c/t-shirts,4.3,1,191
2026-09-25,celio,t shirt homme,https://www.celio.com/fr-fr/c/t-shirts-t-shirts-manches-courtes?page=5,51.3,0,3
2026-09-25,celio,t shirt homme,https://www.celio.com/fr-fr/store?StoreID=0036,7,0,2
2026-09-25,celio,t shirt homme,https://www.celio.com/fr-fr/store?StoreID=0061,7.5,0,2
2026-09-25,celio,t shirt homme,https://www.celio.com/fr-fr/store?StoreID=0092,5.5,0,2
2026-09-25,celio,t shirt homme,https://www.celio.com/fr-fr/store?StoreID=0128,1.8,0,4
2026-09-25,celio,t shirt homme,https://www.celio.com/fr-fr/store?StoreID=0167,10,0,2
2026-09-25,celio,t shirt homme,https://www.celio.com/fr-fr/store?StoreID=0181,6,0,2
2026-09-25,celio,t shirt homme,https://www.celio.com/fr-fr/store?StoreID=0206,7,0,2
2026-09-25,celio,t shirt homme,https://www.celio.com/fr-fr/store?StoreID=0212,9.5,0,4
2026-09-25,celio,t shirt homme,https://www.celio.com/fr-fr/store?StoreID=0219,9,0,2
2026-09-25,celio,t shirt homme,https://www.celio.com/fr-fr/store?StoreID=0230,7.7,0,3
2026-09-25,celio,t shirt homme,https://www.celio.com/fr-fr/store?StoreID=0292,5.5,0,2
2026-09-25,celio,t shirt homme,https://www.celio.com/fr-fr/store?StoreID=0618,7,0,2
2026-09-25,celio,t shirt homme,https://www.celio.com/fr-fr/store?StoreID=0714,10.5,0,2
2026-09-25,celio,t shirt homme,https://www.celio.com/fr-fr/store?StoreID=0763,8,0,2
2026-09-25,celio,t shirt homme,https://www.celio.com/fr-fr/store?StoreID=1545,9,0,2
2026-09-25,celio,t shirt homme,https://www.celio.com/fr-fr/store?StoreID=1625,10,0,2
2026-09-26,celio,t shirt homme,https://www.celio.com/fr-be/c/t-shirts,14,1,3
2026-09-26,celio,t shirt homme,https://www.celio.com/fr-be/store?StoreID=0389,8.3,0,3
2026-09-26,celio,t shirt homme,https://www.celio.com/fr-fr/c/t-shirts,4.3,5,253
2026-09-26,celio,t shirt homme,https://www.celio.com/fr-fr/store?StoreID=0035,2,0,3
2026-09-26,celio,t shirt homme,https://www.celio.com/fr-fr/store?StoreID=0066,4.7,0,3
2026-09-26,celio,t shirt homme,https://www.celio.com/fr-fr/store?StoreID=0219,6.3,0,3
2026-09-26,celio,t shirt homme,https://www.celio.com/fr-fr/store?StoreID=0226,8.5,0,2
2026-09-26,celio,t shirt homme,https://www.celio.com/fr-fr/store?StoreID=0230,6.7,0,3
2026-09-26,celio,t shirt homme,https://www.celio.com/fr-fr/store?StoreID=0292,6.5,0,2
2026-09-26,celio,t shirt homme,https://www.celio.com/fr-fr/store?StoreID=0605,7,0,2
2026-09-26,celio,t shirt homme,https://www.celio.com/fr-fr/store?StoreID=0635,5.5,0,2
2026-09-26,celio,t shirt homme,https://www.celio.com/fr-fr/store?StoreID=0690,4,0,2
2026-09-26,celio,t shirt homme,https://www.celio.com/fr-fr/store?StoreID=0698,2,0,2
2026-09-26,celio,t shirt homme,https://www.celio.com/fr-fr/store?StoreID=0789,6,0,2
2026-09-26,celio,t shirt homme,https://www.celio.com/fr-fr/store?StoreID=0790,10,0,2
2026-09-26,celio,t shirt homme,https://www.celio.com/fr-fr/store?StoreID=1444,6,0,2
2026-09-26,celio,t shirt homme,https://www.celio.com/fr-fr/store?StoreID=1531,4,0,2
2026-09-26,celio,t shirt homme,https://www.celio.com/fr-fr/store?StoreID=1687,5,0,2
2026-09-27,celio,t shirt homme,https://www.celio.com/fr-fr/c/t-shirts,4.3,1,273
2026-09-27,celio,t shirt homme,https://www.celio.com/fr-fr/store?StoreID=0112,6.7,0,3
2026-09-27,celio,t shirt homme,https://www.celio.com/fr-fr/store?StoreID=0123,2,0,2
2026-09-27,celio,t shirt homme,https://www.celio.com/fr-fr/store?StoreID=0132,7.3,0,6
2026-09-27,celio,t shirt homme,https://www.celio.com/fr-fr/store?StoreID=0181,9.5,0,2
2026-09-27,celio,t shirt homme,https://www.celio.com/fr-fr/store?StoreID=0212,3.8,0,4
2026-09-27,celio,t shirt homme,https://www.celio.com/fr-fr/store?StoreID=0230,9.7,0,3
2026-09-27,celio,t shirt homme,https://www.celio.com/fr-fr/store?StoreID=0272,5,0,2
2026-09-27,celio,t shirt homme,https://www.celio.com/fr-fr/store?StoreID=0281,4,0,2
2026-09-27,celio,t shirt homme,https://www.celio.com/fr-fr/store?StoreID=0618,4,0,3
2026-09-27,celio,t shirt homme,https://www.celio.com/fr-fr/store?StoreID=0698,2,0,3
2026-09-27,celio,t shirt homme,https://www.celio.com/fr-fr/store?StoreID=1023,5,0,2
2026-09-27,celio,t shirt homme,https://www.celio.com/fr-fr/store?StoreID=1531,8,0,2
2026-09-28,celio,t shirt homme,https://www.celio.com/fr-be/c/t-shirts,10.4,0,9
2026-09-28,celio,t shirt homme,https://www.celio.com/fr-fr/c/soldes-soldes-t-shirts,72,0,2
2026-09-28,celio,t shirt homme,https://www.celio.com/fr-fr/c/t-shirts,5.0,2,236
2026-09-28,celio,t shirt homme,https://www.celio.com/fr-fr/store?StoreID=0167,5.5,0,2
2026-09-28,celio,t shirt homme,https://www.celio.com/fr-fr/store?StoreID=0181,6.3,0,3
2026-09-28,celio,t shirt homme,https://www.celio.com/fr-fr/store?StoreID=0227,3,0,2
2026-09-28,celio,t shirt homme,https://www.celio.com/fr-fr/store?StoreID=0230,4,0,3
2026-09-28,celio,t shirt homme,https://www.celio.com/fr-fr/store?StoreID=0235,4.6,0,5
2026-09-28,celio,t shirt homme,https://www.celio.com/fr-fr/store?StoreID=0292,5.8,0,4
2026-09-28,celio,t shirt homme,https://www.celio.com/fr-fr/store?StoreID=0296,3.5,0,2
2026-09-28,celio,t shirt homme,https://www.celio.com/fr-fr/store?StoreID=0605,3,0,2
2026-09-29,celio,t shirt homme,https://www.celio.com/fr-fr/c/soldes-soldes-t-shirts,70.5,0,2
2026-09-29,celio,t shirt homme,https://www.celio.com/fr-fr/c/t-shirts,4.1,1,256
2026-09-29,celio,t shirt homme,https://www.celio.com/fr-fr/store?StoreID=0090,2,0,2
2026-09-29,celio,t shirt homme,https://www.celio.com/fr-fr/store?StoreID=0212,2.7,0,3
2026-09-29,celio,t shirt homme,https://www.celio.com/fr-fr/store?StoreID=0230,4.5,0,2
2026-09-29,celio,t shirt homme,https://www.celio.com/fr-fr/store?StoreID=0766,7,0,2
2026-09-30,celio,t shirt homme,https://www.celio.com/fr-be/c/t-shirts,11.5,0,2
2026-09-30,celio,t shirt homme,https://www.celio.com/fr-fr/c/soldes-soldes-t-shirts,72,0,2
2026-09-30,celio,t shirt homme,https://www.celio.com/fr-fr/c/t-shirts,2.6,9,239
2026-09-30,celio,t shirt homme,https://www.celio.com/fr-fr/store?StoreID=0035,2.7,0,3
2026-09-30,celio,t shirt homme,https://www.celio.com/fr-fr/store?StoreID=0174,10.5,0,2
2026-09-30,celio,t shirt homme,https://www.celio.com/fr-fr/store?StoreID=0212,7.5,0,2
2026-09-30,celio,t shirt homme,https://www.celio.com/fr-fr/store?StoreID=0699,6.5,0,2
2026-09-30,celio,t shirt homme,https://www.celio.com/fr-fr/store?StoreID=0757,3,0,2
2026-09-30,celio,t shirt homme,https://www.celio.com/fr-fr/store?StoreID=0769,2,0,2
2026-09-30,celio,t shirt homme,https://www.celio.com/fr-fr/store?StoreID=1023,2,0,2
2026-07-03,celio,tee shirt homme,https://www.celio.com/fr-be/c/t-shirts-t-shirts-originaux,21,0,2
2026-07-03,celio,tee shirt homme,https://www.celio.com/fr-be/store?StoreID=3507,2.5,0,2
2026-07-03,celio,tee shirt homme,https://www.celio.com/fr-fr/c/t-shirts,3.8,5,223
2026-07-03,celio,tee shirt homme,https://www.celio.com/fr-fr/store?StoreID=1466,13.7,0,3
2026-07-03,celio,tee shirt homme,https://www.celio.com/fr-fr/store?StoreID=1473,9,0,2
2026-07-03,celio,tee shirt homme,https://www.celio.com/fr-fr/store?StoreID=1489,7,0,2
2026-07-03,celio,tee shirt homme,https://www.celio.com/fr-fr/store?StoreID=1664,6,0,2
2026-07-03,celio,tee shirt homme,https://www.celio.com/fr-fr/store?StoreID=1676,10.8,0,5
2026-07-04,celio,tee shirt homme,https://www.celio.com/fr-be/c/t-shirts,19.5,0,2
2026-07-04,celio,tee shirt homme,https://www.celio.com/fr-be/store?StoreID=0389,6,0,2
2026-07-04,celio,tee shirt homme,https://www.celio.com/fr-fr/c/t-shirts,3.7,4,369
2026-07-05,celio,tee shirt homme,https://www.celio.com/fr-fr/c/t-shirts,3.9,1,223
2026-07-05,celio,tee shirt homme,https://www.celio.com/fr-fr/store?StoreID=0031,5,0,2
2026-07-05,celio,tee shirt homme,https://www.celio.com/fr-fr/store?StoreID=0623,15,0,2
2026-07-05,celio,tee shirt homme,https://www.celio.com/fr-fr/store?StoreID=1460,7.7,0,3
2026-07-05,celio,tee shirt homme,https://www.celio.com/fr-fr/store?StoreID=1692,4,0,2
2026-07-06,celio,tee shirt homme,https://www.celio.com/fr-be/c/t-shirts,14.5,0,2
2026-07-06,celio,tee shirt homme,https://www.celio.com/fr-fr/c/t-shirts,4.3,4,196
2026-07-06,celio,tee shirt homme,https://www.celio.com/fr-fr/store?StoreID=0187,8,0,2
2026-07-06,celio,tee shirt homme,https://www.celio.com/fr-fr/store?StoreID=0606,8,0,5
2026-07-06,celio,tee shirt homme,https://www.celio.com/fr-fr/store?StoreID=1029,8,0,2
2026-07-06,celio,tee shirt homme,https://www.celio.com/fr-fr/store?StoreID=1622,7,0,2
2026-07-07,celio,tee shirt homme,https://www.celio.com/fr-be/c/t-shirts,18,0,2
2026-07-07,celio,tee shirt homme,https://www.celio.com/fr-fr/c/t-shirts,3.6,9,314
2026-07-07,celio,tee shirt homme,https://www.celio.com/fr-fr/store?StoreID=0762,6.5,0,2
2026-07-07,celio,tee shirt homme,https://www.celio.com/fr-fr/store?StoreID=1460,4.5,0,2
2026-07-08,celio,tee shirt homme,https://www.celio.com/fr-be/c/t-shirts,15.1,0,7
2026-07-08,celio,tee shirt homme,https://www.celio.com/fr-be/store?StoreID=0389,11.8,0,4
2026-07-08,celio,tee shirt homme,https://www.celio.com/fr-fr/c/t-shirts,4.5,5,325
2026-07-08,celio,tee shirt homme,https://www.celio.com/fr-fr/store?StoreID=0639,7.7,0,3
2026-07-08,celio,tee shirt homme,https://www.celio.com/fr-fr/store?StoreID=1460,12,0,2
2026-07-08,celio,tee shirt homme,https://www.celio.com/fr-fr/store?StoreID=1466,7.5,0,2
2026-07-09,celio,tee shirt homme,https://www.celio.com/fr-be/c/t-shirts,15,0,2
2026-07-09,celio,tee shirt homme,https://www.celio.com/fr-be/store?StoreID=0374,5,0,2
2026-07-09,celio,tee shirt homme,https://www.celio.com/fr-fr/c/t-shirts,5.3,3,221
2026-07-09,celio,tee shirt homme,https://www.celio.com/fr-fr/store?StoreID=0187,7,0,2
2026-07-09,celio,tee shirt homme,https://www.celio.com/fr-fr/store?StoreID=1463,2,0,2
2026-07-09,celio,tee shirt homme,https://www.celio.com/fr-fr/store?StoreID=1692,14,0,2
2026-07-10,celio,tee shirt homme,https://www.celio.com/fr-be/c/t-shirts,10,0,3
2026-07-10,celio,tee shirt homme,https://www.celio.com/fr-fr/c/t-shirts,4.0,8,309
2026-07-10,celio,tee shirt homme,https://www.celio.com/fr-fr/store?StoreID=1029,7.5,0,2
2026-07-10,celio,tee shirt homme,https://www.celio.com/fr-fr/store?StoreID=1466,9.3,0,3
2026-07-10,celio,tee shirt homme,https://www.celio.com/fr-fr/store?StoreID=1489,5,0,5
2026-07-11,celio,tee shirt homme,https://www.celio.com/fr-be/c/t-shirts,10,0,2
2026-07-11,celio,tee shirt homme,https://www.celio.com/fr-be/c/t-shirts-t-shirts-originaux,22.5,0,2
2026-07-11,celio,tee shirt homme,https://www.celio.com/fr-fr/c/t-shirts,4.6,1,148
2026-07-11,celio,tee shirt homme,https://www.celio.com/fr-fr/store?StoreID=0216,3.5,0,2
2026-07-11,celio,tee shirt homme,https://www.celio.com/fr-fr/store?StoreID=1029,7.7,0,3
2026-07-11,celio,tee shirt homme,https://www.celio.com/fr-fr/store?StoreID=1443,13,0,2
2026-07-12,celio,tee shirt homme,https://www.celio.com/fr-fr/c/t-shirts,4.3,2,133
2026-07-12,celio,tee shirt homme,https://www.celio.com/fr-fr/store?StoreID=0606,5.5,0,2
2026-07-12,celio,tee shirt homme,https://www.celio.com/fr-fr/store?StoreID=1438,10.5,0,2
2026-07-12,celio,tee shirt homme,https://www.celio.com/fr-fr/store?StoreID=1621,13,0,2
2026-07-12,celio,tee shirt homme,https://www.celio.com/fr-fr/store?StoreID=1622,7,0,2
2026-07-13,celio,tee shirt homme,https://www.celio.com/fr-fr/c/t-shirts,6.8,0,118
2026-07-13,celio,tee shirt homme,https://www.celio.com/fr-fr/store?StoreID=0606,6,0,2
2026-07-14,celio,tee shirt homme,https://www.celio.com/fr-be/c/t-shirts-t-shirts-originaux,22.5,0,2
2026-07-14,celio,tee shirt homme,https://www.celio.com/fr-fr/c/t-shirts,6.3,0,101
2026-07-14,celio,tee shirt homme,https://www.celio.com/fr-fr/store?StoreID=0085,7,0,2
2026-07-14,celio,tee shirt homme,https://www.celio.com/fr-fr/store?StoreID=0661,7.7,0,3
2026-07-14,celio,tee shirt homme,https://www.celio.com/fr-fr/store?StoreID=1460,8.5,0,2
2026-07-14,celio,tee shirt homme,https://www.celio.com/fr-fr/store?StoreID=1489,7,0,3
2026-07-14,celio,tee shirt homme,https://www.celio.com/fr-fr/store?StoreID=1618,8,0,2
2026-07-15,celio,tee shirt homme,https://www.celio.com/fr-be/c/t-shirts-t-shirts-originaux,23,0,2
2026-07-15,celio,tee shirt homme,https://www.celio.com/fr-fr/c/t-shirts,4.9,3,124
2026-07-15,celio,tee shirt homme,https://www.celio.com/fr-fr/store?StoreID=0085,6,0,2
2026-07-15,celio,tee shirt homme,https://www.celio.com/fr-fr/store?StoreID=0187,10,0,2
2026-07-15,celio,tee shirt homme,https://www.celio.com/fr-fr/store?StoreID=0206,4,0,2
2026-07-15,celio,tee shirt homme,https://www.celio.com/fr-fr/store?StoreID=0216,9,0,2
2026-07-15,celio,tee shirt homme,https://www.celio.com/fr-fr/store?StoreID=1029,7.5,0,2
2026-07-15,celio,tee shirt homme,https://www.celio.com/fr-fr/store?StoreID=1466,6,0,2
2026-07-16,celio,tee shirt homme,https://www.celio.com/fr-be/c/t-shirts,8.5,0,2
2026-07-16,celio,tee shirt homme,https://www.celio.com/fr-be/store?StoreID=0389,8,0,2
2026-07-16,celio,tee shirt homme,https://www.celio.com/fr-fr/c/t-shirts,4.8,0,135
2026-07-16,celio,tee shirt homme,https://www.celio.com/fr-fr/c/t-shirts-3-t-shirts-pour-24e99,18.5,0,2
2026-07-16,celio,tee shirt homme,https://www.celio.com/fr-fr/store?StoreID=0031,15,0,2
2026-07-16,celio,tee shirt homme,https://www.celio.com/fr-fr/store?StoreID=0167,5.5,0,2
2026-07-16,celio,tee shirt homme,https://www.celio.com/fr-fr/store?StoreID=1460,10.5,0,2
2026-07-16,celio,tee shirt homme,https://www.celio.com/fr-fr/store?StoreID=1652,9,0,2
2026-07-17,celio,tee shirt homme,https://www.celio.com/fr-fr/c/t-shirts,5.4,1,141
2026-07-17,celio,tee shirt homme,https://www.celio.com/fr-fr/store?StoreID=0085,10,0,2
2026-07-17,celio,tee shirt homme,https://www.celio.com/fr-fr/store?StoreID=1679,2,0,2
2026-07-18,celio,tee shirt homme,https://www.celio.com/fr-be/c/t-shirts-t-shirts-originaux,22.5,0,2
2026-07-18,celio,tee shirt homme,https://www.celio.com/fr-fr/c/t-shirts,5.0,3,164
2026-07-18,celio,tee shirt homme,https://www.celio.com/fr-fr/store?StoreID=0167,8.2,0,4
2026-07-18,celio,tee shirt homme,https://www.celio.com/fr-fr/store?StoreID=1468,4,0,2
2026-07-18,celio,tee shirt homme,https://www.celio.com/fr-fr/store?StoreID=1606,6,0,2
2026-07-18,celio,tee shirt homme,https://www.celio.com/fr-fr/store?StoreID=1609,5.5,0,2
2026-07-18,celio,tee shirt homme,https://www.celio.com/fr-fr/store?StoreID=1622,10.5,0,2
2026-07-19,celio,tee shirt homme,https://www.celio.com/fr-be/store?StoreID=0389,6,0,2
2026-07-19,celio,tee shirt homme,https://www.celio.com/fr-fr/c/t-shirts,4.3,1,155
2026-07-19,celio,tee shirt homme,https://www.celio.com/fr-fr/store?StoreID=1676,11,0,2
2026-07-20,celio,tee shirt homme,https://www.celio.com/fr-fr/c/t-shirts,4.5,2,170
2026-07-20,celio,tee shirt homme,https://www.celio.com/fr-fr/store?StoreID=0631,11,0,2
2026-07-20,celio,tee shirt homme,https://www.celio.com/fr-fr/store?StoreID=1438,9.5,0,2
2026-07-20,celio,tee shirt homme,https://www.celio.com/fr-fr/store?StoreID=1443,13,0,2
2026-07-20,celio,tee shirt homme,https://www.celio.com/fr-fr/store?StoreID=1474,10.5,0,2
2026-07-20,celio,tee shirt homme,https://www.celio.com/fr-fr/store?StoreID=1642,8.5,0,2
2026-07-21,celio,tee shirt homme,https://www.celio.com/fr-be/c/t-shirts-t-shirts-originaux,23,0,2
2026-07-21,celio,tee shirt homme,https://www.celio.com/fr-fr/c/t-shirts,3.7,0,149
2026-07-21,celio,tee shirt homme,https://www.celio.com/fr-fr/store?StoreID=0207,1,0,3
2026-07-21,celio,tee shirt homme,https://www.celio.com/fr-fr/store?StoreID=0606,7,0,2
2026-07-21,celio,tee shirt homme,https://www.celio.com/fr-fr/store?StoreID=1449,8,0,2
2026-07-22,celio,tee shirt homme,https://www.celio.com/fr-be/c/t-shirts,14,0,4
2026-07-22,celio,tee shirt homme,https://www.celio.com/fr-fr/c/t-shirts,4.8,1,189
2026-07-22,celio,tee shirt homme,https://www.celio.com/fr-fr/store?StoreID=0256,14,0,2
2026-07-22,celio,tee shirt homme,https://www.celio.com/fr-fr/store?StoreID=0606,11.5,0,2
2026-07-22,celio,tee shirt homme,https://www.celio.com/fr-fr/store?StoreID=0755,14,0,2
2026-07-22,celio,tee shirt homme,https://www.celio.com/fr-fr/store?StoreID=1029,9.6,0,5
2026-07-22,celio,tee shirt homme,https://www.celio.com/fr-fr/store?StoreID=1449,8.5,0,2
2026-07-22,celio,tee shirt homme,https://www.celio.com/fr-fr/store?StoreID=1466,10,0,2
2026-07-22,celio,tee shirt homme,https://www.celio.com/fr-fr/store?StoreID=1622,7.3,0,3
2026-07-23,celio,tee shirt homme,https://www.celio.com/fr-be/c/t-shirts-t-shirts-originaux,22.5,0,2
2026-07-23,celio,tee shirt homme,https://www.celio.com/fr-fr/c/t-shirts,5.9,0,127
2026-07-23,celio,tee shirt homme,https://www.celio.com/fr-fr/store?StoreID=1443,7.3,0,3
2026-07-24,celio,tee shirt homme,https://www.celio.com/fr-be/c/t-shirts,14.5,0,2
2026-07-24,celio,tee shirt homme,https://www.celio.com/fr-fr/c/t-shirts,7.7,2,101
2026-07-24,celio,tee shirt homme,https://www.celio.com/fr-fr/store?StoreID=1472,5.5,0,2
2026-07-24,celio,tee shirt homme,https://www.celio.com/fr-fr/store?StoreID=1473,9,0,2
2026-07-25,celio,tee shirt homme,https://www.celio.com/fr-be/c/t-shirts,16.2,0,4
2026-07-25,celio,tee shirt homme,https://www.celio.com/fr-fr/c/t-shirts,8.5,3,111
2026-07-25,celio,tee shirt homme,https://www.celio.com/fr-fr/store?StoreID=0256,9,0,2
2026-07-25,celio,tee shirt homme,https://www.celio.com/fr-fr/store?StoreID=0639,7.5,0,2
2026-07-25,celio,tee shirt homme,https://www.celio.com/fr-fr/store?StoreID=1443,10.2,0,4
2026-07-25,celio,tee shirt homme,https://www.celio.com/fr-fr/store?StoreID=1645,5.7,0,3
2026-07-25,celio,tee shirt homme,https://www.celio.com/fr-fr/store?StoreID=1679,7.7,0,3
2026-07-26,celio,tee shirt homme,https://www.celio.com/fr-be/c/t-shirts,13.5,0,2
2026-07-26,celio,tee shirt homme,https://www.celio.com/fr-fr/c/t-shirts,8.9,1,109
2026-07-26,celio,tee shirt homme,https://www.celio.com/fr-fr/store?StoreID=0206,6,0,2
2026-07-27,celio,tee shirt homme,https://www.celio.com/fr-be/store?StoreID=0389,9.7,0,3
2026-07-27,celio,tee shirt homme,https://www.celio.com/fr-fr/c/t-shirts,8.0,0,108
2026-07-27,celio,tee shirt homme,https://www.celio.com/fr-fr/store?StoreID=0167,11,0,2
2026-07-27,celio,tee shirt homme,https://www.celio.com/fr-fr/store?StoreID=1688,11.5,0,2
2026-07-28,celio,tee shirt homme,https://www.celio.com/fr-be/c/t-shirts,12.5,0,2
2026-07-28,celio,tee shirt homme,https://www.celio.com/fr-fr/c/t-shirts,8.7,2,96
2026-07-28,celio,tee shirt homme,https://www.celio.com/fr-fr/store?StoreID=0216,11.5,0,2
2026-07-28,celio,tee shirt homme,https://www.celio.com/fr-fr/store?StoreID=1485,9,0,2
2026-07-29,celio,tee shirt homme,https://www.celio.com/fr-fr/c/t-shirts,9.5,3,115
2026-07-29,celio,tee shirt homme,https://www.celio.com/fr-fr/store?StoreID=0187,9.3,0,3
2026-07-29,celio,tee shirt homme,https://www.celio.com/fr-fr/store?StoreID=0606,3,0,2
2026-07-29,celio,tee shirt homme,https://www.celio.com/fr-fr/store?StoreID=1466,6,0,2
2026-07-29,celio,tee shirt homme,https://www.celio.com/fr-fr/store?StoreID=1496,10.5,0,2
2026-07-30,celio,tee shirt homme,https://www.celio.com/fr-be/store?StoreID=0389,8.5,0,2
2026-07-30,celio,tee shirt homme,https://www.celio.com/fr-fr/c/t-shirts,9.5,0,135
2026-07-30,celio,tee shirt homme,https://www.celio.com/fr-fr/store?StoreID=1468,13,0,2
2026-07-30,celio,tee shirt homme,https://www.celio.com/fr-fr/store?StoreID=1472,10.5,0,4
2026-07-31,celio,tee shirt homme,https://www.celio.com/fr-be/c/t-shirts,13.5,0,2
2026-07-31,celio,tee shirt homme,https://www.celio.com/fr-fr/c/t-shirts,11.5,2,95
2026-07-31,celio,tee shirt homme,https://www.celio.com/fr-fr/store?StoreID=0004,11,0,2
2026-07-31,celio,tee shirt homme,https://www.celio.com/fr-fr/store?StoreID=0256,13.3,0,3
2026-07-31,celio,tee shirt homme,https://www.celio.com/fr-fr/store?StoreID=0298,6,0,2
2026-07-31,celio,tee shirt homme,https://www.celio.com/fr-fr/store?StoreID=1456,13.5,0,2
2026-08-01,celio,tee shirt homme,https://www.celio.com/fr-fr/c/t-shirts,11.5,1,101
2026-08-02,celio,tee shirt homme,https://www.celio.com/fr-fr/c/t-shirts,12.1,3,80
2026-08-02,celio,tee shirt homme,https://www.celio.com/fr-fr/store?StoreID=0631,9,0,2
2026-08-02,celio,tee shirt homme,https://www.celio.com/fr-fr/store?StoreID=1652,12,0,2
2026-08-03,celio,tee shirt homme,https://www.celio.com/fr-fr/c/t-shirts,7.2,3,92
2026-08-03,celio,tee shirt homme,https://www.celio.com/fr-fr/c/t-shirts-3-t-shirts-pour-24e99,23.8,0,5
2026-08-03,celio,tee shirt homme,https://www.celio.com/fr-fr/store?StoreID=1443,2,2,3
2026-08-03,celio,tee shirt homme,https://www.celio.com/fr-fr/store?StoreID=1468,10.5,0,2
2026-08-03,celio,tee shirt homme,https://www.celio.com/fr-fr/store?StoreID=1474,9.5,0,2
2026-08-03,celio,tee shirt homme,https://www.celio.com/fr-fr/store?StoreID=1605,15,0,2
2026-08-03,celio,tee shirt homme,https://www.celio.com/fr-fr/store?StoreID=1652,5,0,4
2026-08-03,celio,tee shirt homme,https://www.celio.com/fr-fr/store?StoreID=1679,14,0,4
2026-08-04,celio,tee shirt homme,https://www.celio.com/fr-fr/c/t-shirts,12.9,1,95
2026-08-04,celio,tee shirt homme,https://www.celio.com/fr-fr/store?StoreID=0085,8.3,0,3
2026-08-04,celio,tee shirt homme,https://www.celio.com/fr-fr/store?StoreID=0256,10.5,0,2
2026-08-04,celio,tee shirt homme,https://www.celio.com/fr-fr/store?StoreID=1642,14,0,2
2026-08-05,celio,tee shirt homme,https://www.celio.com/fr-be/c/t-shirts,10,0,2
2026-08-05,celio,tee shirt homme,https://www.celio.com/fr-be/store?StoreID=0389,6,0,2
2026-08-05,celio,tee shirt homme,https://www.celio.com/fr-fr/c/t-shirts,9.6,0,97
2026-08-05,celio,tee shirt homme,https://www.celio.com/fr-fr/store?StoreID=0085,7.5,0,2
2026-08-05,celio,tee shirt homme,https://www.celio.com/fr-fr/store?StoreID=0187,10.5,0,2
2026-08-05,celio,tee shirt homme,https://www.celio.com/fr-fr/store?StoreID=1638,12,0,2
2026-08-06,celio,tee shirt homme,https://www.celio.com/fr-be/c/t-shirts,14.5,0,4
2026-08-06,celio,tee shirt homme,https://www.celio.com/fr-fr/c/t-shirts,9.5,3,92
2026-08-06,celio,tee shirt homme,https://www.celio.com/fr-fr/store?StoreID=1489,8.7,0,3
2026-08-06,celio,tee shirt homme,https://www.celio.com/fr-fr/store?StoreID=1622,8.5,0,2
2026-08-07,celio,tee shirt homme,https://www.celio.com/fr-fr/c/t-shirts,10.4,1,86
2026-08-07,celio,tee shirt homme,https://www.celio.com/fr-fr/store?StoreID=0277,12,0,2
2026-08-07,celio,tee shirt homme,https://www.celio.com/fr-fr/store?StoreID=1643,9,0,2
2026-08-08,celio,tee shirt homme,https://www.celio.com/fr-be/c/t-shirts,13.5,0,2
2026-08-08,celio,tee shirt homme,https://www.celio.com/fr-fr/c/t-shirts,10.6,0,84
2026-08-08,celio,tee shirt homme,https://www.celio.com/fr-fr/store?StoreID=1438,10.5,0,2
2026-08-09,celio,tee shirt homme,https://www.celio.com/fr-be/c/t-shirts-t-shirts-originaux,18.5,0,2
2026-08-09,celio,tee shirt homme,https://www.celio.com/fr-fr/c/t-shirts,11.4,2,90
2026-08-09,celio,tee shirt homme,https://www.celio.com/fr-fr/store?StoreID=0636,8.5,0,2
2026-08-09,celio,tee shirt homme,https://www.celio.com/fr-fr/store?StoreID=1443,9,0,3
2026-08-09,celio,tee shirt homme,https://www.celio.com/fr-fr/store?StoreID=1618,3,0,2
2026-08-09,celio,tee shirt homme,https://www.celio.com/fr-fr/store?StoreID=1664,11,0,2
2026-08-10,celio,tee shirt homme,https://www.celio.com/fr-be/c/t-shirts,9.8,1,4
2026-08-10,celio,tee shirt homme,https://www.celio.com/fr-be/store?StoreID=3509,2,0,2
2026-08-10,celio,tee shirt homme,https://www.celio.com/fr-fr/c/t-shirts,10.4,1,93
2026-08-10,celio,tee shirt homme,https://www.celio.com/fr-fr/store?StoreID=0298,2,0,4
2026-08-11,celio,tee shirt homme,https://www.celio.com/fr-fr/c/t-shirts,10.4,0,85
2026-08-11,celio,tee shirt homme,https://www.celio.com/fr-fr/store?StoreID=1621,5,0,2
2026-08-11,celio,tee shirt homme,https://www.celio.com/fr-fr/store?StoreID=1676,6,0,3
2026-08-12,celio,tee shirt homme,https://www.celio.com/fr-fr/c/t-shirts,10.5,1,100
2026-08-12,celio,tee shirt homme,https://www.celio.com/fr-fr/store?StoreID=0212,12,0,2
2026-08-12,celio,tee shirt homme,https://www.celio.com/fr-fr/store?StoreID=0641,3,0,4
2026-08-12,celio,tee shirt homme,https://www.celio.com/fr-fr/store?StoreID=1622,5,0,2
2026-08-13,celio,tee shirt homme,https://www.celio.com/fr-fr/c/t-shirts,11.3,2,92
2026-08-13,celio,tee shirt homme,https://www.celio.com/fr-fr/c/t-shirts-3-t-shirts-pour-24e99,27.2,0,4
2026-08-13,celio,tee shirt homme,https://www.celio.com/fr-fr/store?StoreID=0187,7,0,2
2026-08-13,celio,tee shirt homme,https://www.celio.com/fr-fr/store?StoreID=0212,8,0,2
2026-08-13,celio,tee shirt homme,https://www.celio.com/fr-fr/store?StoreID=0612,8,0,2
2026-08-13,celio,tee shirt homme,https://www.celio.com/fr-fr/store?StoreID=0639,2,0,3
2026-08-13,celio,tee shirt homme,https://www.celio.com/fr-fr/store?StoreID=1688,8.3,0,3
2026-08-14,celio,tee shirt homme,https://www.celio.com/fr-fr/c/t-shirts,10.7,2,91
2026-08-14,celio,tee shirt homme,https://www.celio.com/fr-fr/store?StoreID=0631,15,0,4
2026-08-14,celio,tee shirt homme,https://www.celio.com/fr-fr/store?StoreID=1474,3,0,3
2026-08-14,celio,tee shirt homme,https://www.celio.com/fr-fr/store?StoreID=1622,4.5,0,2
2026-08-15,celio,tee shirt homme,https://www.celio.com/fr-be/c/t-shirts,12,0,5
2026-08-15,celio,tee shirt homme,https://www.celio.com/fr-be/store?StoreID=0389,6,0,2
2026-08-15,celio,tee shirt homme,https://www.celio.com/fr-fr/c/t-shirts,6.2,0,249
2026-08-15,celio,tee shirt homme,https://www.celio.com/fr-fr/store?StoreID=1412,4.5,0,4
2026-08-15,celio,tee shirt homme,https://www.celio.com/fr-fr/store?StoreID=1443,1.5,0,2
2026-08-16,celio,tee shirt homme,https://www.celio.com/fr-fr/c/collabs-banksy-x-apoh-london,8,0,2
2026-08-16,celio,tee shirt homme,https://www.celio.com/fr-fr/c/t-shirts,5.3,9,475
2026-08-16,celio,tee shirt homme,https://www.celio.com/fr-fr/p/banksy---t-shirt-homme-noir/1181548.html,8,0,2
2026-08-16,celio,tee shirt homme,https://www.celio.com/fr-fr/p/banksy---t-shirt-homme-vert/1182986.html,8,0,2
2026-08-17,celio,tee shirt homme,https://www.celio.com/fr-be/c/t-shirts,11.5,0,2
2026-08-17,celio,tee shirt homme,https://www.celio.com/fr-fr/c/t-shirts,5.0,8,565
2026-08-17,celio,tee shirt homme,https://www.celio.com/fr-fr/store?StoreID=1438,6,0,2
2026-08-18,celio,tee shirt homme,https://www.celio.com/fr-be/c/t-shirts,11.7,0,3
2026-08-18,celio,tee shirt homme,https://www.celio.com/fr-fr/c/t-shirts,4.8,7,522
2026-08-18,celio,tee shirt homme,https://www.celio.com/fr-fr/store?StoreID=1609,4,0,2
2026-08-19,celio,tee shirt homme,https://www.celio.com/fr-be/c/t-shirts,12.5,0,2
2026-08-19,celio,tee shirt homme,https://www.celio.com/fr-fr/c/t-shirts,6.3,2,322
2026-08-19,celio,tee shirt homme,https://www.celio.com/fr-fr/store?StoreID=0187,5.3,0,3
2026-08-19,celio,tee shirt homme,https://www.celio.com/fr-fr/store?StoreID=1468,3.7,0,3
2026-08-20,celio,tee shirt homme,https://www.celio.com/fr-be/c/t-shirts,15,0,3
2026-08-20,celio,tee shirt homme,https://www.celio.com/fr-fr/c/t-shirts,6.2,1,266
2026-08-21,celio,tee shirt homme,https://www.celio.com/fr-be/c/t-shirts,13,0,4
2026-08-21,celio,tee shirt homme,https://www.celio.com/fr-fr/c/t-shirts,5.8,4,312
2026-08-21,celio,tee shirt homme,https://www.celio.com/fr-fr/store?StoreID=0206,2,0,2
2026-08-21,celio,tee shirt homme,https://www.celio.com/fr-fr/store?StoreID=1473,9,0,2
2026-08-21,celio,tee shirt homme,https://www.celio.com/fr-fr/store?StoreID=1688,4.7,0,3
2026-08-22,celio,tee shirt homme,https://www.celio.com/fr-be/c/t-shirts,15.3,0,3
2026-08-22,celio,tee shirt homme,https://www.celio.com/fr-be/store?StoreID=0389,4,0,4
2026-08-22,celio,tee shirt homme,https://www.celio.com/fr-fr/c/t-shirts,6.2,0,272
2026-08-22,celio,tee shirt homme,https://www.celio.com/fr-fr/store?StoreID=0631,16,0,2
2026-08-22,celio,tee shirt homme,https://www.celio.com/fr-fr/store?StoreID=0661,8.5,0,2
2026-08-23,celio,tee shirt homme,https://www.celio.com/fr-fr/c/t-shirts,6.2,1,204
2026-08-23,celio,tee shirt homme,https://www.celio.com/fr-fr/store?StoreID=0631,15.3,0,3
2026-08-23,celio,tee shirt homme,https://www.celio.com/fr-fr/store?StoreID=1694,2,0,2
2026-08-24,celio,tee shirt homme,https://www.celio.com/fr-be/c/t-shirts,14.5,0,2
2026-08-24,celio,tee shirt homme,https://www.celio.com/fr-fr/c/t-shirts,6.4,1,197
2026-08-24,celio,tee shirt homme,https://www.celio.com/fr-fr/store?StoreID=0298,8,0,2
2026-08-24,celio,tee shirt homme,https://www.celio.com/fr-fr/store?StoreID=0631,16,0,2
2026-08-24,celio,tee shirt homme,https://www.celio.com/fr-fr/store?StoreID=1474,2.5,0,2
2026-08-25,celio,tee shirt homme,https://www.celio.com/fr-be/c/t-shirts,15,0,2
2026-08-25,celio,tee shirt homme,https://www.celio.com/fr-be/store?StoreID=0389,2.8,0,4
2026-08-25,celio,tee shirt homme,https://www.celio.com/fr-fr/c/t-shirts,6.4,1,166
2026-08-25,celio,tee shirt homme,https://www.celio.com/fr-fr/store?StoreID=0206,3,0,6
2026-08-25,celio,tee shirt homme,https://www.celio.com/fr-fr/store?StoreID=0655,8.5,0,2
2026-08-26,celio,tee shirt homme,https://www.celio.com/fr-fr/c/t-shirts,6.9,1,244
2026-08-26,celio,tee shirt homme,https://www.celio.com/fr-fr/store?StoreID=0216,2,0,2
2026-08-26,celio,tee shirt homme,https://www.celio.com/fr-fr/store?StoreID=1489,4.5,0,2
2026-08-26,celio,tee shirt homme,https://www.celio.com/fr-fr/store?StoreID=1645,2,0,2
2026-08-27,celio,tee shirt homme,https://www.celio.com/fr-be/store?StoreID=0389,8,0,4
2026-08-27,celio,tee shirt homme,https://www.celio.com/fr-fr/c/t-shirts,5.5,5,446
2026-08-27,celio,tee shirt homme,https://www.celio.com/fr-fr/store?StoreID=0196,6,0,2
2026-08-27,celio,tee shirt homme,https://www.celio.com/fr-fr/store?StoreID=1463,6.5,0,2
2026-08-27,celio,tee shirt homme,https://www.celio.com/fr-fr/store?StoreID=1474,16,0,2
2026-08-27,celio,tee shirt homme,https://www.celio.com/fr-fr/store?StoreID=1664,10,0,2
2026-08-27,celio,tee shirt homme,https://www.celio.com/fr-fr/store?StoreID=1676,2.5,0,2
2026-08-28,celio,tee shirt homme,https://www.celio.com/fr-be/c/t-shirts,13.8,0,4
2026-08-28,celio,tee shirt homme,https://www.celio.com/fr-fr/c/t-shirts,5.4,10,394
2026-08-28,celio,tee shirt homme,https://www.celio.com/fr-fr/store?StoreID=1029,1.5,0,2
2026-08-28,celio,tee shirt homme,https://www.celio.com/fr-fr/store?StoreID=1676,5.5,0,2
2026-08-29,celio,tee shirt homme,https://www.celio.com/fr-be/c/t-shirts,11.5,0,2
2026-08-29,celio,tee shirt homme,https://www.celio.com/fr-fr/c/t-shirts,5.4,3,456
2026-08-29,celio,tee shirt homme,https://www.celio.com/fr-fr/c/t-shirts-t-shirts-originaux,70.2,0,4
2026-08-29,celio,tee shirt homme,https://www.celio.com/fr-fr/store?StoreID=0128,5,0,2
2026-08-29,celio,tee shirt homme,https://www.celio.com/fr-fr/store?StoreID=1463,5,0,2
2026-08-30,celio,tee shirt homme,https://www.celio.com/fr-fr/c/t-shirts,5.5,3,494
2026-08-30,celio,tee shirt homme,https://www.celio.com/fr-fr/c/t-shirts-t-shirts-originaux,68.5,0,2
2026-08-30,celio,tee shirt homme,https://www.celio.com/fr-fr/store?StoreID=1029,5,0,3
2026-08-30,celio,tee shirt homme,https://www.celio.com/fr-fr/store?StoreID=1463,5,0,2
2026-08-30,celio,tee shirt homme,https://www.celio.com/fr-fr/store?StoreID=1622,5,0,2
2026-08-31,celio,tee shirt homme,https://www.celio.com/fr-fr/c/t-shirts,5.9,11,515
2026-08-31,celio,tee shirt homme,https://www.celio.com/fr-fr/store?StoreID=0167,9,0,2
2026-08-31,celio,tee shirt homme,https://www.celio.com/fr-fr/store?StoreID=1460,9.5,0,2
2026-09-01,celio,tee shirt homme,https://www.celio.com/fr-fr/c/t-shirts,5.5,10,452
2026-09-01,celio,tee shirt homme,https://www.celio.com/fr-fr/store?StoreID=1402,7,0,2
2026-09-02,celio,tee shirt homme,https://www.celio.com/fr-be/c/t-shirts,8.5,0,2
2026-09-02,celio,tee shirt homme,https://www.celio.com/fr-fr/c/t-shirts,5.9,3,406
2026-09-02,celio,tee shirt homme,https://www.celio.com/fr-fr/store?StoreID=0623,5.5,0,4
2026-09-02,celio,tee shirt homme,https://www.celio.com/fr-fr/store?StoreID=0631,6.5,0,2
2026-09-02,celio,tee shirt homme,https://www.celio.com/fr-fr/store?StoreID=1435,3,0,2
2026-09-03,celio,tee shirt homme,https://www.celio.com/fr-be/c/t-shirts,11,0,3
2026-09-03,celio,tee shirt homme,https://www.celio.com/fr-fr/c/t-shirts,5.8,6,408
2026-09-03,celio,tee shirt homme,https://www.celio.com/fr-fr/store?StoreID=0109,13,0,2
2026-09-03,celio,tee shirt homme,https://www.celio.com/fr-fr/store?StoreID=1466,5,0,3
2026-09-04,celio,tee shirt homme,https://www.celio.com/fr-fr/c/t-shirts,6.0,4,377
2026-09-04,celio,tee shirt homme,https://www.celio.com/fr-fr/store?StoreID=1645,10,0,2
2026-09-05,celio,tee shirt homme,https://www.celio.com/fr-be/c/t-shirts,8.2,0,5
2026-09-05,celio,tee shirt homme,https://www.celio.com/fr-fr/c/t-shirts,6.0,4,373
2026-09-05,celio,tee shirt homme,https://www.celio.com/fr-fr/store?StoreID=0187,4,0,2
2026-09-05,celio,tee shirt homme,https://www.celio.com/fr-fr/store?StoreID=0614,1,0,2
2026-09-05,celio,tee shirt homme,https://www.celio.com/fr-fr/store?StoreID=1473,5.3,0,3
2026-09-05,celio,tee shirt homme,https://www.celio.com/fr-fr/store?StoreID=1688,3.3,0,3
2026-09-06,celio,tee shirt homme,https://www.celio.com/fr-fr/c/t-shirts,4.8,8,521
2026-09-06,celio,tee shirt homme,https://www.celio.com/fr-fr/store?StoreID=0167,12,0,2
2026-09-06,celio,tee shirt homme,https://www.celio.com/fr-fr/store?StoreID=0187,6.5,0,2
2026-09-06,celio,tee shirt homme,https://www.celio.com/fr-fr/store?StoreID=1466,4.8,0,4
2026-09-06,celio,tee shirt homme,https://www.celio.com/fr-fr/store?StoreID=1622,6,0,3
2026-09-06,celio,tee shirt homme,https://www.celio.com/fr-fr/store?StoreID=1645,7.5,0,2
2026-09-07,celio,tee shirt homme,https://www.celio.com/fr-be/c/t-shirts,8.2,0,8
2026-09-07,celio,tee shirt homme,https://www.celio.com/fr-fr/c/t-shirts,3.1,10,535
2026-09-07,celio,tee shirt homme,https://www.celio.com/fr-fr/store?StoreID=0109,8.7,0,3
2026-09-07,celio,tee shirt homme,https://www.celio.com/fr-fr/store?StoreID=0661,5,0,2
2026-09-07,celio,tee shirt homme,https://www.celio.com/fr-fr/store?StoreID=1435,11,0,2
2026-09-07,celio,tee shirt homme,https://www.celio.com/fr-fr/store?StoreID=1489,3.2,0,4
2026-09-08,celio,tee shirt homme,https://www.celio.com/fr-be/c/t-shirts,9.9,0,9
2026-09-08,celio,tee shirt homme,https://www.celio.com/fr-fr/c/t-shirts,2.9,7,517
2026-09-08,celio,tee shirt homme,https://www.celio.com/fr-fr/store?StoreID=0085,6,0,2
2026-09-08,celio,tee shirt homme,https://www.celio.com/fr-fr/store?StoreID=1435,1,0,2
2026-09-09,celio,tee shirt homme,https://www.celio.com/fr-fr/c/t-shirts,2.0,9,425
2026-09-09,celio,tee shirt homme,https://www.celio.com/fr-fr/store?StoreID=0085,1.5,0,2
2026-09-09,celio,tee shirt homme,https://www.celio.com/fr-fr/store?StoreID=0167,8.5,0,2
2026-09-09,celio,tee shirt homme,https://www.celio.com/fr-fr/store?StoreID=1438,7.5,0,2
2026-09-09,celio,tee shirt homme,https://www.celio.com/fr-fr/store?StoreID=1489,3,0,3
2026-09-10,celio,tee shirt homme,https://www.celio.com/fr-fr/c/t-shirts,2.2,5,339
2026-09-10,celio,tee shirt homme,https://www.celio.com/fr-fr/store?StoreID=0612,2,0,2
2026-09-11,celio,tee shirt homme,https://www.celio.com/fr-fr/c/t-shirts,2.4,11,309
2026-09-11,celio,tee shirt homme,https://www.celio.com/fr-fr/store?StoreID=0031,8.7,0,3
2026-09-12,celio,tee shirt homme,https://www.celio.com/fr-be/c/t-shirts,14.5,0,2
2026-09-12,celio,tee shirt homme,https://www.celio.com/fr-fr/c/t-shirts,2.0,3,322
2026-09-12,celio,tee shirt homme,https://www.celio.com/fr-fr/store?StoreID=0639,4,0,2
2026-09-13,celio,tee shirt homme,https://www.celio.com/fr-be/c/t-shirts,16.5,0,2
2026-09-13,celio,tee shirt homme,https://www.celio.com/fr-fr/c/t-shirts,2.1,10,409
2026-09-13,celio,tee shirt homme,https://www.celio.com/fr-fr/store?StoreID=1460,4.5,0,2
2026-09-14,celio,tee shirt homme,https://www.celio.com/fr-fr/c/t-shirts,2.2,7,364
2026-09-14,celio,tee shirt homme,https://www.celio.com/fr-fr/store?StoreID=0133,7.7,0,3
2026-09-14,celio,tee shirt homme,https://www.celio.com/fr-fr/store?StoreID=1451,1,0,2
2026-09-14,celio,tee shirt homme,https://www.celio.com/fr-fr/store?StoreID=1497,4.5,0,2
2026-09-14,celio,tee shirt homme,https://www.celio.com/fr-fr/store?StoreID=1664,6.5,0,2
2026-09-15,celio,tee shirt homme,https://www.celio.com/fr-be/c/t-shirts,12.5,0,2
2026-09-15,celio,tee shirt homme,https://www.celio.com/fr-fr/c/t-shirts,2.5,7,302
2026-09-15,celio,tee shirt homme,https://www.celio.com/fr-fr/store?StoreID=0019,6,0,2
2026-09-15,celio,tee shirt homme,https://www.celio.com/fr-fr/store?StoreID=0206,2.7,0,3
2026-09-15,celio,tee shirt homme,https://www.celio.com/fr-fr/store?StoreID=0618,11,0,3
2026-09-15,celio,tee shirt homme,https://www.celio.com/fr-fr/store?StoreID=1695,7,0,2
2026-09-16,celio,tee shirt homme,https://www.celio.com/fr-be/c/t-shirts,17.5,0,2
2026-09-16,celio,tee shirt homme,https://www.celio.com/fr-fr/c/t-shirts,6.6,2,234
2026-09-16,celio,tee shirt homme,https://www.celio.com/fr-fr/store?StoreID=0167,5,0,2
2026-09-16,celio,tee shirt homme,https://www.celio.com/fr-fr/store?StoreID=0212,3.5,0,2
2026-09-16,celio,tee shirt homme,https://www.celio.com/fr-fr/store?StoreID=1692,7.5,0,2
2026-09-17,celio,tee shirt homme,https://www.celio.com/fr-fr/c/t-shirts,6.1,4,258
2026-09-17,celio,tee shirt homme,https://www.celio.com/fr-fr/store?StoreID=0167,6.7,0,3
2026-09-17,celio,tee shirt homme,https://www.celio.com/fr-fr/store?StoreID=1615,3.2,0,4
2026-09-17,celio,tee shirt homme,https://www.celio.com/fr-fr/store?StoreID=1688,4.5,0,2
2026-09-18,celio,tee shirt homme,https://www.celio.com/fr-fr/c/t-shirts,6.0,0,257
2026-09-18,celio,tee shirt homme,https://www.celio.com/fr-fr/store?StoreID=0162,7,0,3
2026-09-18,celio,tee shirt homme,https://www.celio.com/fr-fr/store?StoreID=0256,7,0,2
2026-09-18,celio,tee shirt homme,https://www.celio.com/fr-fr/store?StoreID=0291,2,0,4
2026-09-18,celio,tee shirt homme,https://www.celio.com/fr-fr/store?StoreID=0606,2,2,8
2026-09-18,celio,tee shirt homme,https://www.celio.com/fr-fr/store?StoreID=1029,3.5,0,2
2026-09-18,celio,tee shirt homme,https://www.celio.com/fr-fr/store?StoreID=1496,6,0,2
2026-09-19,celio,tee shirt homme,https://www.celio.com/fr-be/c/t-shirts-t-shirts-originaux,24.5,0,2
2026-09-19,celio,tee shirt homme,https://www.celio.com/fr-fr/c/t-shirts,7.2,0,272
2026-09-19,celio,tee shirt homme,https://www.celio.com/fr-fr/store?StoreID=0167,6,0,2
2026-09-19,celio,tee shirt homme,https://www.celio.com/fr-fr/store?StoreID=0196,5,0,2
2026-09-19,celio,tee shirt homme,https://www.celio.com/fr-fr/store?StoreID=0269,1,0,2
2026-09-19,celio,tee shirt homme,https://www.celio.com/fr-fr/store?StoreID=1664,3,0,2
2026-09-20,celio,tee shirt homme,https://www.celio.com/fr-fr/c/t-shirts,7.1,3,323
2026-09-20,celio,tee shirt homme,https://www.celio.com/fr-fr/store?StoreID=0085,4.5,0,2
2026-09-20,celio,tee shirt homme,https://www.celio.com/fr-fr/store?StoreID=0128,7,0,2
2026-09-20,celio,tee shirt homme,https://www.celio.com/fr-fr/store?StoreID=1489,5,0,3
2026-09-20,celio,tee shirt homme,https://www.celio.com/fr-fr/store?StoreID=1498,6,0,3
2026-09-21,celio,tee shirt homme,https://www.celio.com/fr-fr/c/t-shirts,5.1,6,311
2026-09-21,celio,tee shirt homme,https://www.celio.com/fr-fr/store?StoreID=0187,13,0,5
2026-09-21,celio,tee shirt homme,https://www.celio.com/fr-fr/store?StoreID=1618,8,0,2
2026-09-22,celio,tee shirt homme,https://www.celio.com/fr-fr/c/t-shirts,5.1,9,331
2026-09-23,celio,tee shirt homme,https://www.celio.com/fr-fr/c/t-shirts,2.9,5,411
2026-09-23,celio,tee shirt homme,https://www.celio.com/fr-fr/store?StoreID=0109,8.5,0,2
2026-09-23,celio,tee shirt homme,https://www.celio.com/fr-fr/store?StoreID=0167,7.5,0,2
2026-09-23,celio,tee shirt homme,https://www.celio.com/fr-fr/store?StoreID=0187,6,0,4
2026-09-23,celio,tee shirt homme,https://www.celio.com/fr-fr/store?StoreID=0606,2,0,2
2026-09-23,celio,tee shirt homme,https://www.celio.com/fr-fr/store?StoreID=0623,7.2,0,4
2026-09-23,celio,tee shirt homme,https://www.celio.com/fr-fr/store?StoreID=1606,5,0,2
2026-09-23,celio,tee shirt homme,https://www.celio.com/fr-fr/store?StoreID=1694,4.8,0,4
2026-09-24,celio,tee shirt homme,https://www.celio.com/fr-fr/c/t-shirts,4.1,5,380
2026-09-24,celio,tee shirt homme,https://www.celio.com/fr-fr/store?StoreID=1449,6.4,0,8
2026-09-25,celio,tee shirt homme,https://www.celio.com/fr-fr/c/t-shirts,3.2,5,325
2026-09-25,celio,tee shirt homme,https://www.celio.com/fr-fr/store?StoreID=0109,7.7,0,3
2026-09-26,celio,tee shirt homme,https://www.celio.com/fr-fr/c/t-shirts,1.9,10,369
2026-09-27,celio,tee shirt homme,https://www.celio.com/fr-fr/c/t-shirts,2.0,11,423
2026-09-27,celio,tee shirt homme,https://www.celio.com/fr-fr/store?StoreID=1463,3,0,2
2026-09-28,celio,tee shirt homme,https://www.celio.com/fr-fr/c/t-shirts,1.9,18,462
2026-09-28,celio,tee shirt homme,https://www.celio.com/fr-fr/store?StoreID=0119,10,0,2
2026-09-28,celio,tee shirt homme,https://www.celio.com/fr-fr/store?StoreID=0167,10,0,3
2026-09-28,celio,tee shirt homme,https://www.celio.com/fr-fr/store?StoreID=0639,7,0,2
2026-09-29,celio,tee shirt homme,https://www.celio.com/fr-fr/c/t-shirts,1.8,10,412
2026-09-29,celio,tee shirt homme,https://www.celio.com/fr-fr/store?StoreID=0162,10,0,2
2026-09-29,celio,tee shirt homme,https://www.celio.com/fr-fr/store?StoreID=1443,4,0,2
2026-09-30,celio,tee shirt homme,https://www.celio.com/fr-fr/c/soldes-soldes-t-shirts,70,0,2
2026-09-30,celio,tee shirt homme,https://www.celio.com/fr-fr/c/t-shirts,1.6,15,474
2026-09-30,celio,tee shirt homme,https://www.celio.com/fr-fr/store?StoreID=0187,5.5,0,2
2026-07-03,celio,tshirt homme,https://www.celio.com/fr-be/c/t-shirts,11.5,0,12
2026-07-03,celio,tshirt homme,https://www.celio.com/fr-fr/c/t-shirts,3.8,3,240
2026-07-03,celio,tshirt homme,https://www.celio.com/fr-fr/store?StoreID=0097,13.5,0,2
2026-07-04,celio,tshirt homme,https://www.celio.com/fr-be/c/t-shirts,12.3,0,6
2026-07-04,celio,tshirt homme,https://www.celio.com/fr-fr/c/t-shirts,3.5,2,279
2026-07-04,celio,tshirt homme,https://www.celio.com/fr-fr/store?StoreID=0067,4,0,2
2026-07-05,celio,tshirt homme,https://www.celio.com/fr-be/c/t-shirts,10,1,12
2026-07-05,celio,tshirt homme,https://www.celio.com/fr-be/store?StoreID=0371,2,0,2
2026-07-05,celio,tshirt homme,https://www.celio.com/fr-fr/c/t-shirts,3.7,11,312
2026-07-05,celio,tshirt homme,https://www.celio.com/fr-fr/store?StoreID=0128,6,0,2
2026-07-06,celio,tshirt homme,https://www.celio.com/fr-be/c/t-shirts,11.2,1,14
2026-07-06,celio,tshirt homme,https://www.celio.com/fr-fr/c/t-shirts,3.5,2,170
2026-07-06,celio,tshirt homme,https://www.celio.com/fr-fr/store?StoreID=0012,5.5,0,2
2026-07-06,celio,tshirt homme,https://www.celio.com/fr-fr/store?StoreID=0097,14.5,0,2
2026-07-06,celio,tshirt homme,https://www.celio.com/fr-fr/store?StoreID=0167,7.8,0,4
2026-07-07,celio,tshirt homme,https://www.celio.com/fr-be/c/t-shirts,11.4,0,8
2026-07-07,celio,tshirt homme,https://www.celio.com/fr-fr/c/t-shirts,4.1,3,193
2026-07-07,celio,tshirt homme,https://www.celio.com/fr-fr/store?StoreID=0031,7,0,9
2026-07-08,celio,tshirt homme,https://www.celio.com/fr-be/c/t-shirts,12,0,17
2026-07-08,celio,tshirt homme,https://www.celio.com/fr-fr/c/t-shirts,3.8,5,281
2026-07-08,celio,tshirt homme,https://www.celio.com/fr-fr/store?StoreID=0205,2,0,2
2026-07-08,celio,tshirt homme,https://www.celio.com/fr-fr/store?StoreID=0674,14,0,2
2026-07-08,celio,tshirt homme,https://www.celio.com/fr-fr/store?StoreID=1703,8,0,2
2026-07-09,celio,tshirt homme,https://www.celio.com/fr-be/c/t-shirts,11.4,0,13
2026-07-09,celio,tshirt homme,https://www.celio.com/fr-fr/c/t-shirts,3.9,3,269
2026-07-09,celio,tshirt homme,https://www.celio.com/fr-fr/store?StoreID=0012,3,0,3
2026-07-09,celio,tshirt homme,https://www.celio.com/fr-fr/store?StoreID=0112,7,0,2
2026-07-09,celio,tshirt homme,https://www.celio.com/fr-fr/store?StoreID=0172,2,0,2
2026-07-09,celio,tshirt homme,https://www.celio.com/fr-fr/store?StoreID=0296,1.5,0,2
2026-07-10,celio,tshirt homme,https://www.celio.com/fr-be/c/t-shirts,11.6,0,16
2026-07-10,celio,tshirt homme,https://www.celio.com/fr-fr/c/t-shirts,3.7,4,258
2026-07-10,celio,tshirt homme,https://www.celio.com/fr-fr/store?StoreID=0770,9.5,0,2
2026-07-10,celio,tshirt homme,https://www.celio.com/fr-fr/store?StoreID=1443,5,0,3
2026-07-11,celio,tshirt homme,https://www.celio.com/fr-be/c/t-shirts,9.7,0,6
2026-07-11,celio,tshirt homme,https://www.celio.com/fr-be/store?StoreID=0389,6,0,2
2026-07-11,celio,tshirt homme,https://www.celio.com/fr-be/store?StoreID=3514,8.5,0,2
2026-07-11,celio,tshirt homme,https://www.celio.com/fr-fr/c/t-shirts,3.4,5,164
2026-07-11,celio,tshirt homme,https://www.celio.com/fr-fr/store?StoreID=0167,6,0,3
2026-07-11,celio,tshirt homme,https://www.celio.com/fr-fr/store?StoreID=0635,7,0,3
2026-07-12,celio,tshirt homme,https://www.celio.com/fr-be/c/t-shirts,13.8,0,5
2026-07-12,celio,tshirt homme,https://www.celio.com/fr-be/store?StoreID=3504,4,0,2
2026-07-12,celio,tshirt homme,https://www.celio.com/fr-fr/c/t-shirts,3.7,4,257
2026-07-13,celio,tshirt homme,https://www.celio.com/fr-be/c/t-shirts,9,0,4
2026-07-13,celio,tshirt homme,https://www.celio.com/fr-be/store?StoreID=3507,5.5,0,2
2026-07-13,celio,tshirt homme,https://www.celio.com/fr-fr/c/t-shirts,4.1,3,146
2026-07-14,celio,tshirt homme,https://www.celio.com/fr-be/c/t-shirts,12.6,0,8
2026-07-14,celio,tshirt homme,https://www.celio.com/fr-be/store?StoreID=0389,5,0,3
2026-07-14,celio,tshirt homme,https://www.celio.com/fr-fr/c/t-shirts,4.8,1,104
2026-07-14,celio,tshirt homme,https://www.celio.com/fr-fr/store?StoreID=0012,1,0,2
2026-07-14,celio,tshirt homme,https://www.celio.com/fr-fr/store?StoreID=0167,5,0,2
2026-07-14,celio,tshirt homme,https://www.celio.com/fr-fr/store?StoreID=0759,8.5,0,2
2026-07-14,celio,tshirt homme,https://www.celio.com/fr-fr/store?StoreID=0778,8,0,2
2026-07-14,celio,tshirt homme,https://www.celio.com/fr-fr/store?StoreID=1683,14,0,2
2026-07-15,celio,tshirt homme,https://www.celio.com/fr-be/c/t-shirts,11.3,0,14
2026-07-15,celio,tshirt homme,https://www.celio.com/fr-be/store?StoreID=0346,5,0,2
2026-07-15,celio,tshirt homme,https://www.celio.com/fr-fr/c/t-shirts,5.8,2,112
2026-07-16,celio,tshirt homme,https://www.celio.com/fr-be/c/t-shirts,7.7,0,7
2026-07-16,celio,tshirt homme,https://www.celio.com/fr-be/c/t-shirts-t-shirts-originaux,32.5,0,2
2026-07-16,celio,tshirt homme,https://www.celio.com/fr-fr/c/t-shirts,4.9,0,124
2026-07-16,celio,tshirt homme,https://www.celio.com/fr-fr/store?StoreID=0292,7,0,2
2026-07-17,celio,tshirt homme,https://www.celio.com/fr-be/c/t-shirts,9.4,0,14
2026-07-17,celio,tshirt homme,https://www.celio.com/fr-fr/c/t-shirts,4.8,0,96
2026-07-17,celio,tshirt homme,https://www.celio.com/fr-fr/store?StoreID=0167,11.5,0,2
2026-07-18,celio,tshirt homme,https://www.celio.com/fr-be/c/t-shirts,9.8,0,8
2026-07-18,celio,tshirt homme,https://www.celio.com/fr-fr/c/t-shirts,3.9,2,167
2026-07-19,celio,tshirt homme,https://www.celio.com/fr-be/c/t-shirts,8.3,0,11
2026-07-19,celio,tshirt homme,https://www.celio.com/fr-fr/c/t-shirts,4.0,4,217
2026-07-19,celio,tshirt homme,https://www.celio.com/fr-fr/store?StoreID=0296,9.3,0,3
2026-07-20,celio,tshirt homme,https://www.celio.com/fr-be/c/t-shirts,9.2,0,8
2026-07-20,celio,tshirt homme,https://www.celio.com/fr-fr/c/t-shirts,3.5,3,122
2026-07-21,celio,tshirt homme,https://www.celio.com/fr-be/c/t-shirts,8.8,0,11
2026-07-21,celio,tshirt homme,https://www.celio.com/fr-be/store?StoreID=3507,6,0,2
2026-07-21,celio,tshirt homme,https://www.celio.com/fr-fr/c/t-shirts,3.8,3,232
2026-07-21,celio,tshirt homme,https://www.celio.com/fr-fr/store?StoreID=1683,16,0,2
2026-07-22,celio,tshirt homme,https://www.celio.com/fr-be/c/t-shirts,8.4,0,10
2026-07-22,celio,tshirt homme,https://www.celio.com/fr-be/store?StoreID=0389,3.5,0,2
2026-07-22,celio,tshirt homme,https://www.celio.com/fr-be/store?StoreID=3507,7,0,2
2026-07-22,celio,tshirt homme,https://www.celio.com/fr-fr/c/t-shirts,3.9,5,201
2026-07-22,celio,tshirt homme,https://www.celio.com/fr-fr/store?StoreID=0219,7,0,2
2026-07-22,celio,tshirt homme,https://www.celio.com/fr-fr/store?StoreID=0769,14,0,2
2026-07-23,celio,tshirt homme,https://www.celio.com/fr-be/c/t-shirts,10.4,0,14
2026-07-23,celio,tshirt homme,https://www.celio.com/fr-fr/c/t-shirts,4.2,2,168
2026-07-23,celio,tshirt homme,https://www.celio.com/fr-fr/store?StoreID=0235,3,0,2
2026-07-24,celio,tshirt homme,https://www.celio.com/fr-be/c/t-shirts,10.9,0,8
2026-07-24,celio,tshirt homme,https://www.celio.com/fr-fr/c/t-shirts,4.7,1,77
2026-07-24,celio,tshirt homme,https://www.celio.com/fr-fr/store?StoreID=0013,14,0,2
2026-07-25,celio,tshirt homme,https://www.celio.com/fr-be/c/t-shirts,10,0,9
2026-07-25,celio,tshirt homme,https://www.celio.com/fr-fr/c/t-shirts,4.2,4,105
2026-07-26,celio,tshirt homme,https://www.celio.com/fr-be/c/t-shirts,9.1,0,8
2026-07-26,celio,tshirt homme,https://www.celio.com/fr-be/store?StoreID=0374,8,0,2
2026-07-26,celio,tshirt homme,https://www.celio.com/fr-fr/c/t-shirts,4.4,2,214
2026-07-26,celio,tshirt homme,https://www.celio.com/fr-fr/store?StoreID=0296,5.7,0,3
2026-07-26,celio,tshirt homme,https://www.celio.com/fr-fr/store?StoreID=1675,5.5,0,2
2026-07-26,celio,tshirt homme,https://www.celio.com/fr-fr/store?StoreID=1694,5.5,0,2
2026-07-27,celio,tshirt homme,https://www.celio.com/fr-be/c/t-shirts,9.6,0,9
2026-07-27,celio,tshirt homme,https://www.celio.com/fr-fr/c/t-shirts,4.4,1,137
2026-07-27,celio,tshirt homme,https://www.celio.com/fr-fr/store?StoreID=0012,5.2,0,5
2026-07-27,celio,tshirt homme,https://www.celio.com/fr-fr/store?StoreID=0144,4.5,0,2
2026-07-27,celio,tshirt homme,https://www.celio.com/fr-fr/store?StoreID=0167,7,0,2
2026-07-28,celio,tshirt homme,https://www.celio.com/fr-be/c/t-shirts,9.2,0,9
2026-07-28,celio,tshirt homme,https://www.celio.com/fr-be/store?StoreID=0346,21,0,2
2026-07-28,celio,tshirt homme,https://www.celio.com/fr-be/store?StoreID=0348,24,0,2
2026-07-28,celio,tshirt homme,https://www.celio.com/fr-fr/c/t-shirts,5.6,1,79
2026-07-28,celio,tshirt homme,https://www.celio.com/fr-fr/store?StoreID=0767,4,0,2
2026-07-28,celio,tshirt homme,https://www.celio.com/fr-fr/store?StoreID=0769,2,0,2
2026-07-29,celio,tshirt homme,https://www.celio.com/fr-be/c/t-shirts,12.3,0,3
2026-07-29,celio,tshirt homme,https://www.celio.com/fr-fr/c/t-shirts,5.5,1,59
2026-07-29,celio,tshirt homme,https://www.celio.com/fr-fr/store?StoreID=0759,9,0,2
2026-07-29,celio,tshirt homme,https://www.celio.com/fr-fr/store?StoreID=1403,2,0,2
2026-07-30,celio,tshirt homme,https://www.celio.com/fr-be/c/t-shirts,10.7,0,6
2026-07-30,celio,tshirt homme,https://www.celio.com/fr-fr/c/t-shirts,4.4,2,123
2026-07-30,celio,tshirt homme,https://www.celio.com/fr-fr/store?StoreID=0012,5,0,3
2026-07-30,celio,tshirt homme,https://www.celio.com/fr-fr/store?StoreID=0128,5,0,3
2026-07-31,celio,tshirt homme,https://www.celio.com/fr-be/c/t-shirts,9.5,0,8
2026-07-31,celio,tshirt homme,https://www.celio.com/fr-fr/c/t-shirts,4.8,3,101
2026-07-31,celio,tshirt homme,https://www.celio.com/fr-fr/store?StoreID=0012,9,0,2
2026-07-31,celio,tshirt homme,https://www.celio.com/fr-fr/store?StoreID=0013,1,0,2
2026-07-31,celio,tshirt homme,https://www.celio.com/fr-fr/store?StoreID=0068,7,0,2
2026-07-31,celio,tshirt homme,https://www.celio.com/fr-fr/store?StoreID=0167,6.5,0,2
2026-07-31,celio,tshirt homme,https://www.celio.com/fr-fr/store?StoreID=0219,1,0,3
2026-07-31,celio,tshirt homme,https://www.celio.com/fr-fr/store?StoreID=0770,11,0,2
2026-07-31,celio,tshirt homme,https://www.celio.com/fr-fr/store?StoreID=0791,4,0,2
2026-08-01,celio,tshirt homme,https://www.celio.com/fr-be/c/t-shirts,10.8,0,5
2026-08-01,celio,tshirt homme,https://www.celio.com/fr-be/store?StoreID=0348,14.5,0,2
2026-08-01,celio,tshirt homme,https://www.celio.com/fr-fr/c/t-shirts,6.6,1,144
2026-08-01,celio,tshirt homme,https://www.celio.com/fr-fr/store?StoreID=0152,2,0,2
2026-08-01,celio,tshirt homme,https://www.celio.com/fr-fr/store?StoreID=0296,7,0,3
2026-08-02,celio,tshirt homme,https://www.celio.com/fr-be/c/t-shirts,7.8,0,4
2026-08-02,celio,tshirt homme,https://www.celio.com/fr-fr/c/t-shirts,5.6,1,131
2026-08-02,celio,tshirt homme,https://www.celio.com/fr-fr/store?StoreID=0070,13,0,3
2026-08-02,celio,tshirt homme,https://www.celio.com/fr-fr/store?StoreID=0775,6.5,0,2
2026-08-02,celio,tshirt homme,https://www.celio.com/fr-fr/store?StoreID=1023,3,0,2
2026-08-03,celio,tshirt homme,https://www.celio.com/fr-be/c/t-shirts,9.3,0,6
2026-08-03,celio,tshirt homme,https://www.celio.com/fr-fr/c/t-shirts,4.5,1,113
2026-08-03,celio,tshirt homme,https://www.celio.com/fr-fr/store?StoreID=0012,3.5,0,2
2026-08-03,celio,tshirt homme,https://www.celio.com/fr-fr/store?StoreID=0167,6.8,0,4
2026-08-03,celio,tshirt homme,https://www.celio.com/fr-fr/store?StoreID=0194,10.5,0,2
2026-08-03,celio,tshirt homme,https://www.celio.com/fr-fr/store?StoreID=0267,6,0,4
2026-08-03,celio,tshirt homme,https://www.celio.com/fr-fr/store?StoreID=0292,7,0,2
2026-08-04,celio,tshirt homme,https://www.celio.com/fr-be/c/t-shirts,10.4,0,9
2026-08-04,celio,tshirt homme,https://www.celio.com/fr-fr/c/t-shirts,3.9,2,212
2026-08-04,celio,tshirt homme,https://www.celio.com/fr-fr/store?StoreID=0070,10,0,2
2026-08-04,celio,tshirt homme,https://www.celio.com/fr-fr/store?StoreID=0167,6,0,2
2026-08-04,celio,tshirt homme,https://www.celio.com/fr-fr/store?StoreID=0226,6.5,0,2
2026-08-04,celio,tshirt homme,https://www.celio.com/fr-fr/store?StoreID=1644,6.3,0,3
2026-08-05,celio,tshirt homme,https://www.celio.com/fr-be/c/t-shirts,8.2,1,8
2026-08-05,celio,tshirt homme,https://www.celio.com/fr-fr/c/t-shirts,3.9,1,205
2026-08-05,celio,tshirt homme,https://www.celio.com/fr-fr/store?StoreID=0277,2,0,3
2026-08-05,celio,tshirt homme,https://www.celio.com/fr-fr/store?StoreID=0759,8,0,2
2026-08-05,celio,tshirt homme,https://www.celio.com/fr-fr/store?StoreID=0774,5,0,2
2026-08-06,celio,tshirt homme,https://www.celio.com/fr-be/c/t-shirts,8.4,0,9
2026-08-06,celio,tshirt homme,https://www.celio.com/fr-fr/c/t-shirts,3.8,8,206
2026-08-06,celio,tshirt homme,https://www.celio.com/fr-fr/store?StoreID=0108,8,0,2
2026-08-06,celio,tshirt homme,https://www.celio.com/fr-fr/store?StoreID=0152,2,0,2
2026-08-06,celio,tshirt homme,https://www.celio.com/fr-fr/store?StoreID=0277,7.5,0,2
2026-08-06,celio,tshirt homme,https://www.celio.com/fr-fr/store?StoreID=0837,11,0,2
2026-08-07,celio,tshirt homme,https://www.celio.com/fr-be/c/t-shirts,8,0,8
2026-08-07,celio,tshirt homme,https://www.celio.com/fr-fr/c/t-shirts,3.8,1,156
2026-08-07,celio,tshirt homme,https://www.celio.com/fr-fr/store?StoreID=0012,4,0,2
2026-08-07,celio,tshirt homme,https://www.celio.com/fr-fr/store?StoreID=0167,8,0,2
2026-08-08,celio,tshirt homme,https://www.celio.com/fr-be/c/t-shirts,10.7,0,6
2026-08-08,celio,tshirt homme,https://www.celio.com/fr-fr/c/t-shirts,3.4,5,218
2026-08-08,celio,tshirt homme,https://www.celio.com/fr-fr/store?StoreID=0296,5,0,4
2026-08-08,celio,tshirt homme,https://www.celio.com/fr-fr/store?StoreID=0674,8,0,2
2026-08-09,celio,tshirt homme,https://www.celio.com/fr-be/c/t-shirts,6.3,0,10
2026-08-09,celio,tshirt homme,https://www.celio.com/fr-fr/c/t-shirts,3.0,6,251
2026-08-09,celio,tshirt homme,https://www.celio.com/fr-fr/store?StoreID=0751,7,0,2
2026-08-09,celio,tshirt homme,https://www.celio.com/fr-fr/store?StoreID=0766,5,0,2
2026-08-10,celio,tshirt homme,https://www.celio.com/fr-be/c/t-shirts,7.9,0,9
2026-08-10,celio,tshirt homme,https://www.celio.com/fr-fr/c/t-shirts,3.4,6,217
2026-08-10,celio,tshirt homme,https://www.celio.com/fr-fr/store?StoreID=0012,10,0,2
2026-08-11,celio,tshirt homme,https://www.celio.com/fr-be/c/t-shirts,9,0,6
2026-08-11,celio,tshirt homme,https://www.celio.com/fr-fr/c/t-shirts,3.8,0,233
2026-08-11,celio,tshirt homme,https://www.celio.com/fr-fr/store?StoreID=0108,7,0,2
2026-08-12,celio,tshirt homme,https://www.celio.com/fr-be/c/t-shirts,9,0,8
2026-08-12,celio,tshirt homme,https://www.celio.com/fr-fr/c/t-shirts,3.6,7,236
2026-08-12,celio,tshirt homme,https://www.celio.com/fr-fr/store?StoreID=0769,14.5,0,2
2026-08-13,celio,tshirt homme,https://www.celio.com/fr-be/c/t-shirts,7.1,0,7
2026-08-13,celio,tshirt homme,https://www.celio.com/fr-fr/c/t-shirts,3.3,6,214
2026-08-14,celio,tshirt homme,https://www.celio.com/fr-be/c/t-shirts,8.5,0,8
2026-08-14,celio,tshirt homme,https://www.celio.com/fr-be/store?StoreID=0374,5,0,3
2026-08-14,celio,tshirt homme,https://www.celio.com/fr-fr/c/t-shirts,4.1,5,203
2026-08-14,celio,tshirt homme,https://www.celio.com/fr-fr/store?StoreID=0602,19,0,2
2026-08-15,celio,tshirt homme,https://www.celio.com/fr-be/c/t-shirts,7.8,0,5
2026-08-15,celio,tshirt homme,https://www.celio.com/fr-fr/c/t-shirts,4.3,4,207
2026-08-15,celio,tshirt homme,https://www.celio.com/fr-fr/store?StoreID=0615,10,0,2
2026-08-16,celio,tshirt homme,https://www.celio.com/fr-be/c/t-shirts,7.8,0,13
2026-08-16,celio,tshirt homme,https://www.celio.com/fr-fr/c/t-shirts,4.3,4,224
2026-08-16,celio,tshirt homme,https://www.celio.com/fr-fr/store?StoreID=0063,6,0,4
2026-08-17,celio,tshirt homme,https://www.celio.com/fr-be/c/t-shirts,10.1,0,7
2026-08-17,celio,tshirt homme,https://www.celio.com/fr-fr/c/t-shirts,4.5,4,191
2026-08-17,celio,tshirt homme,https://www.celio.com/fr-fr/store?StoreID=0063,3,0,2
2026-08-17,celio,tshirt homme,https://www.celio.com/fr-fr/store?StoreID=0112,6.7,0,3
2026-08-17,celio,tshirt homme,https://www.celio.com/fr-fr/store?StoreID=0194,7.5,0,2
2026-08-18,celio,tshirt homme,https://www.celio.com/fr-be/c/t-shirts,11,0,5
2026-08-18,celio,tshirt homme,https://www.celio.com/fr-fr/c/t-shirts,4.9,0,177
2026-08-18,celio,tshirt homme,https://www.celio.com/fr-fr/store?StoreID=0167,7.5,0,2
2026-08-19,celio,tshirt homme,https://www.celio.com/fr-be/c/t-shirts,11.8,0,6
2026-08-19,celio,tshirt homme,https://www.celio.com/fr-fr/c/t-shirts,6.9,2,87
2026-08-19,celio,tshirt homme,https://www.celio.com/fr-fr/store?StoreID=0012,7,0,2
2026-08-19,celio,tshirt homme,https://www.celio.com/fr-fr/store?StoreID=0044,7,0,2
2026-08-19,celio,tshirt homme,https://www.celio.com/fr-fr/store?StoreID=0092,2,0,4
2026-08-19,celio,tshirt homme,https://www.celio.com/fr-fr/store?StoreID=0167,7.3,0,3
2026-08-19,celio,tshirt homme,https://www.celio.com/fr-fr/store?StoreID=0206,4,0,2
2026-08-19,celio,tshirt homme,https://www.celio.com/fr-fr/store?StoreID=0292,10.5,0,2
2026-08-19,celio,tshirt homme,https://www.celio.com/fr-fr/store?StoreID=1683,7,0,2
2026-08-20,celio,tshirt homme,https://www.celio.com/fr-be/c/t-shirts,13.5,0,4
2026-08-20,celio,tshirt homme,https://www.celio.com/fr-be/store?StoreID=3516,3,0,2
2026-08-20,celio,tshirt homme,https://www.celio.com/fr-fr/c/t-shirts,6.1,0,90
2026-08-20,celio,tshirt homme,https://www.celio.com/fr-fr/store?StoreID=0625,11,0,2
2026-08-21,celio,tshirt homme,https://www.celio.com/fr-be/c/t-shirts,12,0,5
2026-08-21,celio,tshirt homme,https://www.celio.com/fr-fr/c/t-shirts,6.0,0,70
2026-08-22,celio,tshirt homme,https://www.celio.com/fr-be/c/t-shirts,13.2,0,4
2026-08-22,celio,tshirt homme,https://www.celio.com/fr-fr/c/t-shirts,7.0,0,76
2026-08-22,celio,tshirt homme,https://www.celio.com/fr-fr/store?StoreID=1475,4,0,2
2026-08-23,celio,tshirt homme,https://www.celio.com/fr-be/c/t-shirts,13.4,0,5
2026-08-23,celio,tshirt homme,https://www.celio.com/fr-fr/c/t-shirts,6.9,0,56
2026-08-23,celio,tshirt homme,https://www.celio.com/fr-fr/store?StoreID=0040,3,0,2
2026-08-23,celio,tshirt homme,https://www.celio.com/fr-fr/store?StoreID=0187,2,0,3
2026-08-23,celio,tshirt homme,https://www.celio.com/fr-fr/store?StoreID=0674,5,0,2
2026-08-24,celio,tshirt homme,https://www.celio.com/fr-be/c/t-shirts,14,0,3
2026-08-24,celio,tshirt homme,https://www.celio.com/fr-be/store?StoreID=0334,12,0,2
2026-08-24,celio,tshirt homme,https://www.celio.com/fr-fr/c/t-shirts,6.3,1,62
2026-08-25,celio,tshirt homme,https://www.celio.com/fr-be/c/t-shirts,12,0,2
2026-08-25,celio,tshirt homme,https://www.celio.com/fr-fr/c/t-shirts,7.0,0,49
2026-08-25,celio,tshirt homme,https://www.celio.com/fr-fr/store?StoreID=0167,7,0,2
2026-08-25,celio,tshirt homme,https://www.celio.com/fr-fr/store?StoreID=1644,8,0,2
2026-08-26,celio,tshirt homme,https://www.celio.com/fr-be/c/t-shirts,12.3,0,6
2026-08-26,celio,tshirt homme,https://www.celio.com/fr-be/store?StoreID=0389,2,0,2
2026-08-26,celio,tshirt homme,https://www.celio.com/fr-fr/c/t-shirts,7.5,0,73
2026-08-26,celio,tshirt homme,https://www.celio.com/fr-fr/store?StoreID=0152,5.5,0,2
2026-08-27,celio,tshirt homme,https://www.celio.com/fr-fr/c/t-shirts,6.4,4,108
2026-08-28,celio,tshirt homme,https://www.celio.com/fr-be/c/t-shirts,11.6,1,9
2026-08-28,celio,tshirt homme,https://www.celio.com/fr-fr/c/t-shirts,5.8,1,128
2026-08-29,celio,tshirt homme,https://www.celio.com/fr-be/c/t-shirts,13.5,0,11
2026-08-29,celio,tshirt homme,https://www.celio.com/fr-be/store?StoreID=0346,5,0,2
2026-08-29,celio,tshirt homme,https://www.celio.com/fr-fr/c/t-shirts,5.3,3,138
2026-08-29,celio,tshirt homme,https://www.celio.com/fr-fr/store?StoreID=0167,12,0,2
2026-08-30,celio,tshirt homme,https://www.celio.com/fr-be/c/t-shirts,11.4,0,10
2026-08-30,celio,tshirt homme,https://www.celio.com/fr-fr/c/t-shirts,5.1,4,170
2026-08-30,celio,tshirt homme,https://www.celio.com/fr-fr/store?StoreID=0149,6,0,2
2026-08-31,celio,tshirt homme,https://www.celio.com/fr-be/c/t-shirts,12.2,0,4
2026-08-31,celio,tshirt homme,https://www.celio.com/fr-be/store?StoreID=3516,5,0,2
2026-08-31,celio,tshirt homme,https://www.celio.com/fr-fr/c/t-shirts,5.7,3,173
2026-08-31,celio,tshirt homme,https://www.celio.com/fr-fr/store?StoreID=0025,4,0,2
2026-09-01,celio,tshirt homme,https://www.celio.com/fr-be/c/t-shirts,12.9,0,9
2026-09-01,celio,tshirt homme,https://www.celio.com/fr-be/store?StoreID=0349,5.5,0,2
2026-09-01,celio,tshirt homme,https://www.celio.com/fr-fr/c/t-shirts,5.6,2,142
2026-09-01,celio,tshirt homme,https://www.celio.com/fr-fr/store?StoreID=0635,7,0,2
2026-09-01,celio,tshirt homme,https://www.celio.com/fr-fr/store?StoreID=0777,6,0,2
2026-09-02,celio,tshirt homme,https://www.celio.com/fr-be/c/t-shirts,13.4,0,5
2026-09-02,celio,tshirt homme,https://www.celio.com/fr-fr/c/t-shirts,5.4,1,99
2026-09-02,celio,tshirt homme,https://www.celio.com/fr-fr/store?StoreID=0012,5.5,0,2
2026-09-02,celio,tshirt homme,https://www.celio.com/fr-fr/store?StoreID=0167,2.5,0,2
2026-09-02,celio,tshirt homme,https://www.celio.com/fr-fr/store?StoreID=0766,2.5,0,2
2026-09-02,celio,tshirt homme,https://www.celio.com/fr-fr/store?StoreID=1474,3,0,2
2026-09-03,celio,tshirt homme,https://www.celio.com/fr-be/c/t-shirts,12.5,0,4
2026-09-03,celio,tshirt homme,https://www.celio.com/fr-fr/c/t-shirts,5.9,3,62
2026-09-03,celio,tshirt homme,https://www.celio.com/fr-fr/store?StoreID=0167,7.2,0,4
2026-09-03,celio,tshirt homme,https://www.celio.com/fr-fr/store?StoreID=0840,6,0,3
2026-09-04,celio,tshirt homme,https://www.celio.com/fr-be/c/t-shirts,11.5,0,2
2026-09-04,celio,tshirt homme,https://www.celio.com/fr-fr/c/t-shirts,6.0,0,55
2026-09-04,celio,tshirt homme,https://www.celio.com/fr-fr/store?StoreID=0219,9.3,0,3
2026-09-04,celio,tshirt homme,https://www.celio.com/fr-fr/store?StoreID=0751,2,0,2
2026-09-05,celio,tshirt homme,https://www.celio.com/fr-be/c/t-shirts,11.4,0,5
2026-09-05,celio,tshirt homme,https://www.celio.com/fr-fr/c/t-shirts,6.5,1,92
2026-09-05,celio,tshirt homme,https://www.celio.com/fr-fr/store?StoreID=0162,8,0,2
2026-09-05,celio,tshirt homme,https://www.celio.com/fr-fr/store?StoreID=0219,10.5,0,2
2026-09-05,celio,tshirt homme,https://www.celio.com/fr-fr/store?StoreID=0602,7,0,3
2026-09-05,celio,tshirt homme,https://www.celio.com/fr-fr/store?StoreID=0635,12,0,2
2026-09-05,celio,tshirt homme,https://www.celio.com/fr-fr/store?StoreID=1403,2.5,0,4
2026-09-06,celio,tshirt homme,https://www.celio.com/fr-be/c/t-shirts,15.1,0,7
2026-09-06,celio,tshirt homme,https://www.celio.com/fr-fr/c/t-shirts,7.6,2,107
2026-09-06,celio,tshirt homme,https://www.celio.com/fr-fr/store?StoreID=0167,2,0,2
2026-09-06,celio,tshirt homme,https://www.celio.com/fr-fr/store?StoreID=0181,7.7,0,3
2026-09-06,celio,tshirt homme,https://www.celio.com/fr-fr/store?StoreID=0219,2,0,2
2026-09-06,celio,tshirt homme,https://www.celio.com/fr-fr/store?StoreID=0602,5,0,2
2026-09-06,celio,tshirt homme,https://www.celio.com/fr-fr/store?StoreID=0757,6.3,0,3
2026-09-06,celio,tshirt homme,https://www.celio.com/fr-fr/store?StoreID=1443,7,0,3
2026-09-07,celio,tshirt homme,https://www.celio.com/fr-be/c/t-shirts,11.3,0,3
2026-09-07,celio,tshirt homme,https://www.celio.com/fr-fr/c/t-shirts,8.1,2,107
2026-09-07,celio,tshirt homme,https://www.celio.com/fr-fr/store?StoreID=0194,1.8,0,4
2026-09-07,celio,tshirt homme,https://www.celio.com/fr-fr/store?StoreID=0645,2,0,2
2026-09-08,celio,tshirt homme,https://www.celio.com/fr-be/c/t-shirts,12,0,4
2026-09-08,celio,tshirt homme,https://www.celio.com/fr-be/store?StoreID=0374,8,0,3
2026-09-08,celio,tshirt homme,https://www.celio.com/fr-fr/c/t-shirts,7.4,0,109
2026-09-08,celio,tshirt homme,https://www.celio.com/fr-fr/store?StoreID=0040,10,0,2
2026-09-08,celio,tshirt homme,https://www.celio.com/fr-fr/store?StoreID=0195,8.5,0,4
2026-09-08,celio,tshirt homme,https://www.celio.com/fr-fr/store?StoreID=0774,6.5,0,2
2026-09-09,celio,tshirt homme,https://www.celio.com/fr-be/c/t-shirts,11.5,0,2
2026-09-09,celio,tshirt homme,https://www.celio.com/fr-fr/c/t-shirts,8.6,1,84
2026-09-09,celio,tshirt homme,https://www.celio.com/fr-fr/store?StoreID=0677,6.5,0,2
2026-09-09,celio,tshirt homme,https://www.celio.com/fr-fr/store?StoreID=0704,14,0,2
2026-09-10,celio,tshirt homme,https://www.celio.com/fr-be/c/t-shirts,10.9,0,7
2026-09-10,celio,tshirt homme,https://www.celio.com/fr-fr/c/t-shirts,6.5,4,80
2026-09-10,celio,tshirt homme,https://www.celio.com/fr-fr/store?StoreID=0068,11,0,2
2026-09-10,celio,tshirt homme,https://www.celio.com/fr-fr/store?StoreID=0296,3,0,3
2026-09-10,celio,tshirt homme,https://www.celio.com/fr-fr/store?StoreID=0757,2,0,2
2026-09-11,celio,tshirt homme,https://www.celio.com/fr-fr/c/t-shirts,8.5,1,91
2026-09-12,celio,tshirt homme,https://www.celio.com/fr-be/c/t-shirts,10.8,0,4
2026-09-12,celio,tshirt homme,https://www.celio.com/fr-fr/c/t-shirts,8.4,1,75
2026-09-12,celio,tshirt homme,https://www.celio.com/fr-fr/store?StoreID=0162,8,0,2
2026-09-13,celio,tshirt homme,https://www.celio.com/fr-be/c/t-shirts,9.7,0,3
2026-09-13,celio,tshirt homme,https://www.celio.com/fr-fr/c/t-shirts,7.7,2,108
2026-09-13,celio,tshirt homme,https://www.celio.com/fr-fr/store?StoreID=0020,8,0,2
2026-09-13,celio,tshirt homme,https://www.celio.com/fr-fr/store?StoreID=0031,3,0,2
2026-09-13,celio,tshirt homme,https://www.celio.com/fr-fr/store?StoreID=0266,11,0,2
2026-09-13,celio,tshirt homme,https://www.celio.com/fr-fr/store?StoreID=0759,7,0,2
2026-09-14,celio,tshirt homme,https://www.celio.com/fr-be/c/t-shirts,11,0,3
2026-09-14,celio,tshirt homme,https://www.celio.com/fr-fr/c/t-shirts,6.0,0,47
2026-09-14,celio,tshirt homme,https://www.celio.com/fr-fr/store?StoreID=0235,8.3,0,3
2026-09-14,celio,tshirt homme,https://www.celio.com/fr-fr/store?StoreID=0686,11.5,0,2
2026-09-14,celio,tshirt homme,https://www.celio.com/fr-fr/store?StoreID=1545,12,0,2
2026-09-14,celio,tshirt homme,https://www.celio.com/fr-fr/store?StoreID=1693,3,0,2
2026-09-15,celio,tshirt homme,https://www.celio.com/fr-be/c/t-shirts,9,0,9
2026-09-15,celio,tshirt homme,https://www.celio.com/fr-fr/c/t-shirts,7.8,4,118
2026-09-15,celio,tshirt homme,https://www.celio.com/fr-fr/store?StoreID=0149,4,0,2
2026-09-16,celio,tshirt homme,https://www.celio.com/fr-be/c/t-shirts,9.7,0,3
2026-09-16,celio,tshirt homme,https://www.celio.com/fr-fr/c/t-shirts,5.7,0,111
2026-09-16,celio,tshirt homme,https://www.celio.com/fr-fr/store?StoreID=0149,6,0,2
2026-09-16,celio,tshirt homme,https://www.celio.com/fr-fr/store?StoreID=0294,1,0,2
2026-09-16,celio,tshirt homme,https://www.celio.com/fr-fr/store?StoreID=0775,2,0,2
2026-09-17,celio,tshirt homme,https://www.celio.com/fr-be/c/t-shirts,8.2,0,4
2026-09-17,celio,tshirt homme,https://www.celio.com/fr-fr/c/t-shirts,5.5,5,113
2026-09-17,celio,tshirt homme,https://www.celio.com/fr-fr/store?StoreID=0167,9,0,2
2026-09-17,celio,tshirt homme,https://www.celio.com/fr-fr/store?StoreID=0191,10,0,3
2026-09-17,celio,tshirt homme,https://www.celio.com/fr-fr/store?StoreID=0766,7,0,2
2026-09-17,celio,tshirt homme,https://www.celio.com/fr-fr/store?StoreID=1683,4.2,0,4
2026-09-18,celio,tshirt homme,https://www.celio.com/fr-be/c/t-shirts,11.6,0,5
2026-09-18,celio,tshirt homme,https://www.celio.com/fr-fr/c/t-shirts,5.1,1,71
2026-09-19,celio,tshirt homme,https://www.celio.com/fr-be/c/t-shirts,11.2,0,5
2026-09-19,celio,tshirt homme,https://www.celio.com/fr-fr/c/t-shirts,3.5,2,104
2026-09-20,celio,tshirt homme,https://www.celio.com/fr-be/c/t-shirts,9.2,0,6
2026-09-20,celio,tshirt homme,https://www.celio.com/fr-be/store?StoreID=0346,16,0,2
2026-09-20,celio,tshirt homme,https://www.celio.com/fr-be/store?StoreID=0348,16,0,2
2026-09-20,celio,tshirt homme,https://www.celio.com/fr-be/store?StoreID=3514,19,0,2
2026-09-20,celio,tshirt homme,https://www.celio.com/fr-fr/c/t-shirts,4,4,154
2026-09-20,celio,tshirt homme,https://www.celio.com/fr-fr/store?StoreID=0167,8.5,0,2
2026-09-20,celio,tshirt homme,https://www.celio.com/fr-fr/store?StoreID=0173,7.5,0,2
2026-09-20,celio,tshirt homme,https://www.celio.com/fr-fr/store?StoreID=0235,6,0,2
2026-09-20,celio,tshirt homme,https://www.celio.com/fr-fr/store?StoreID=0292,2.5,0,2
2026-09-20,celio,tshirt homme,https://www.celio.com/fr-fr/store?StoreID=0714,4.5,0,2
2026-09-21,celio,tshirt homme,https://www.celio.com/fr-be/c/t-shirts,11,0,7
2026-09-21,celio,tshirt homme,https://www.celio.com/fr-fr/c/t-shirts,4.3,3,108
2026-09-21,celio,tshirt homme,https://www.celio.com/fr-fr/store?StoreID=0632,7,0,2
2026-09-21,celio,tshirt homme,https://www.celio.com/fr-fr/store?StoreID=0766,4.7,1,3
2026-09-22,celio,tshirt homme,https://store.celio.com/vetement-homme/dijon-quetigny/0276?utm_campaign=Multidiffusion&utm_content=0276&utm_medium=local&utm_source=GMB,6,0,2
2026-09-22,celio,tshirt homme,https://www.celio.com/fr-be/c/t-shirts,9.8,0,6
2026-09-22,celio,tshirt homme,https://www.celio.com/fr-fr/c/t-shirts,4.3,2,133
2026-09-22,celio,tshirt homme,https://www.celio.com/fr-fr/store?StoreID=0020,9,0,2
2026-09-22,celio,tshirt homme,https://www.celio.com/fr-fr/store?StoreID=0152,8,0,2
2026-09-22,celio,tshirt homme,https://www.celio.com/fr-fr/store?StoreID=0167,4.5,0,2
2026-09-22,celio,tshirt homme,https://www.celio.com/fr-fr/store?StoreID=0194,8,0,2
2026-09-22,celio,tshirt homme,https://www.celio.com/fr-fr/store?StoreID=1475,9,0,2
2026-09-22,celio,tshirt homme,https://www.celio.com/fr-fr/store?StoreID=1625,9,0,2
2026-09-23,celio,tshirt homme,https://www.celio.com/fr-be/c/t-shirts,10.4,0,5
2026-09-23,celio,tshirt homme,https://www.celio.com/fr-be/store?StoreID=3514,3,0,2
2026-09-23,celio,tshirt homme,https://www.celio.com/fr-fr/c/t-shirts,2.1,2,129
2026-09-23,celio,tshirt homme,https://www.celio.com/fr-fr/store?StoreID=0156,8,0,2
2026-09-24,celio,tshirt homme,https://www.celio.com/fr-be/c/t-shirts,11.5,0,2
2026-09-24,celio,tshirt homme,https://www.celio.com/fr-fr/c/t-shirts,2.2,4,147
2026-09-24,celio,tshirt homme,https://www.celio.com/fr-fr/store?StoreID=0191,7,0,3
2026-09-24,celio,tshirt homme,https://www.celio.com/fr-fr/store?StoreID=0226,3,0,2
2026-09-25,celio,tshirt homme,https://www.celio.com/fr-be/c/t-shirts,13,0,2
2026-09-25,celio,tshirt homme,https://www.celio.com/fr-fr/c/t-shirts,2.0,7,123
2026-09-25,celio,tshirt homme,https://www.celio.com/fr-fr/store?StoreID=0167,7.5,0,2
2026-09-25,celio,tshirt homme,https://www.celio.com/fr-fr/store?StoreID=0191,6,0,2
2026-09-25,celio,tshirt homme,https://www.celio.com/fr-fr/store?StoreID=0219,6,0,2
2026-09-25,celio,tshirt homme,https://www.celio.com/fr-fr/store?StoreID=0272,9,0,2
2026-09-25,celio,tshirt homme,https://www.celio.com/fr-fr/store?StoreID=0292,4.5,0,2
2026-09-25,celio,tshirt homme,https://www.celio.com/fr-fr/store?StoreID=1629,3,0,2
2026-09-26,celio,tshirt homme,https://www.celio.com/fr-be/c/t-shirts,7.3,1,3
2026-09-26,celio,tshirt homme,https://www.celio.com/fr-be/store?StoreID=3514,5.5,0,2
2026-09-26,celio,tshirt homme,https://www.celio.com/fr-fr/c/t-shirts,2.2,1,153
2026-09-26,celio,tshirt homme,https://www.celio.com/fr-fr/store?StoreID=0025,5.5,0,2
2026-09-26,celio,tshirt homme,https://www.celio.com/fr-fr/store?StoreID=0112,7,0,2
2026-09-26,celio,tshirt homme,https://www.celio.com/fr-fr/store?StoreID=0181,9,0,3
2026-09-26,celio,tshirt homme,https://www.celio.com/fr-fr/store?StoreID=0195,10.5,0,2
2026-09-26,celio,tshirt homme,https://www.celio.com/fr-fr/store?StoreID=0212,6,0,2
2026-09-26,celio,tshirt homme,https://www.celio.com/fr-fr/store?StoreID=0235,9,0,3
2026-09-26,celio,tshirt homme,https://www.celio.com/fr-fr/store?StoreID=0611,7.5,0,2
2026-09-26,celio,tshirt homme,https://www.celio.com/fr-fr/store?StoreID=0614,6.5,0,2
2026-09-26,celio,tshirt homme,https://www.celio.com/fr-fr/store?StoreID=0687,9,0,2
2026-09-26,celio,tshirt homme,https://www.celio.com/fr-fr/store?StoreID=0768,10.3,0,3
2026-09-26,celio,tshirt homme,https://www.celio.com/fr-fr/store?StoreID=1473,10,0,2
2026-09-27,celio,tshirt homme,https://www.celio.com/fr-be/c/t-shirts,9,0,5
2026-09-27,celio,tshirt homme,https://www.celio.com/fr-fr/c/t-shirts,2.4,0,169
2026-09-27,celio,tshirt homme,https://www.celio.com/fr-fr/store?StoreID=0025,7.5,0,2
2026-09-27,celio,tshirt homme,https://www.celio.com/fr-fr/store?StoreID=0064,10,0,2
2026-09-27,celio,tshirt homme,https://www.celio.com/fr-fr/store?StoreID=0156,10.3,0,3
2026-09-27,celio,tshirt homme,https://www.celio.com/fr-fr/store?StoreID=0698,12,0,2
2026-09-27,celio,tshirt homme,https://www.celio.com/fr-fr/store?StoreID=0774,10.5,0,2
2026-09-28,celio,tshirt homme,https://www.celio.com/fr-be/c/t-shirts,8.9,0,9
2026-09-28,celio,tshirt homme,https://www.celio.com/fr-fr/c/t-shirts,2.9,4,126
2026-09-28,celio,tshirt homme,https://www.celio.com/fr-fr/store?StoreID=0235,9.6,0,5
2026-09-29,celio,tshirt homme,https://www.celio.com/fr-be/c/t-shirts,7.4,0,7
2026-09-29,celio,tshirt homme,https://www.celio.com/fr-fr/c/t-shirts,3.1,4,153
2026-09-29,celio,tshirt homme,https://www.celio.com/fr-fr/store?StoreID=0167,2.5,0,2
2026-09-29,celio,tshirt homme,https://www.celio.com/fr-fr/store?StoreID=0181,2.5,0,2
2026-09-29,celio,tshirt homme,https://www.celio.com/fr-fr/store?StoreID=0274,10,0,2
2026-09-29,celio,tshirt homme,https://www.celio.com/fr-fr/store?StoreID=0284,9,0,2
2026-09-29,celio,tshirt homme,https://www.celio.com/fr-fr/store?StoreID=0602,1.5,0,2
2026-09-29,celio,tshirt homme,https://www.celio.com/fr-fr/store?StoreID=0641,2,0,2
2026-09-29,celio,tshirt homme,https://www.celio.com/fr-fr/store?StoreID=0770,8,0,2
2026-09-29,celio,tshirt homme,https://www.celio.com/fr-fr/store?StoreID=0788,2,0,2
2026-09-30,celio,tshirt homme,https://www.celio.com/fr-be/c/t-shirts,6.5,1,2
2026-09-30,celio,tshirt homme,https://www.celio.com/fr-fr/c/t-shirts,5.8,1,88
2026-09-30,celio,tshirt homme,https://www.celio.com/fr-fr/store?StoreID=0611,10.5,0,2
2026-09-30,celio,tshirt homme,https://www.celio.com/fr-fr/store?StoreID=1683,6,0,2
2026-07-03,celio,veste homme,https://www.celio.com/fr-be/c/manteaux-vestes,9.9,0,7
2026-07-03,celio,veste homme,https://www.celio.com/fr-fr/c/blousons-et-manteaux-vestes,7.6,2,140
2026-07-04,celio,veste homme,https://www.celio.com/fr-be/c/manteaux-vestes,9.3,0,3
2026-07-04,celio,veste homme,https://www.celio.com/fr-fr/c/blousons-et-manteaux-vestes,6.7,2,265
2026-07-05,celio,veste homme,https://www.celio.com/fr-be/c/manteaux-vestes,12.2,0,9
2026-07-05,celio,veste homme,https://www.celio.com/fr-fr/c/blousons-et-manteaux,3.5,0,2
2026-07-05,celio,veste homme,https://www.celio.com/fr-fr/c/blousons-et-manteaux-vestes,6.2,3,156
2026-07-06,celio,veste homme,https://www.celio.com/fr-be/c/manteaux-vestes,9.6,0,7
2026-07-06,celio,veste homme,https://www.celio.com/fr-fr/c/blousons-et-manteaux-vestes,5.2,6,246
2026-07-07,celio,veste homme,https://www.celio.com/fr-be/c/manteaux-vestes,9,0,7
2026-07-07,celio,veste homme,https://www.celio.com/fr-fr/c/blousons-et-manteaux-vestes,5.0,3,296
2026-07-08,celio,veste homme,https://www.celio.com/fr-be/c/manteaux-vestes,6.4,0,5
2026-07-08,celio,veste homme,https://www.celio.com/fr-fr/c/blousons-et-manteaux-vestes,5.4,5,288
2026-07-08,celio,veste homme,https://www.celio.com/fr-fr/store?StoreID=1492,6.5,0,2
2026-07-09,celio,veste homme,https://www.celio.com/fr-be/c/manteaux-vestes,8.3,0,3
2026-07-09,celio,veste homme,https://www.celio.com/fr-fr/c/blousons-et-manteaux-vestes,4.9,0,231
2026-07-10,celio,veste homme,https://www.celio.com/fr-be/c/manteaux-vestes,16.6,0,5
2026-07-10,celio,veste homme,https://www.celio.com/fr-fr/c/blousons-et-manteaux-vestes,6.8,0,158
2026-07-11,celio,veste homme,https://www.celio.com/fr-be/c/manteaux-vestes,11.1,0,9
2026-07-11,celio,veste homme,https://www.celio.com/fr-be/store?StoreID=0349,9.5,0,2
2026-07-11,celio,veste homme,https://www.celio.com/fr-fr/c/blousons-et-manteaux-vestes,6.9,2,163
2026-07-12,celio,veste homme,https://www.celio.com/fr-be/c/manteaux-vestes,8,0,5
2026-07-12,celio,veste homme,https://www.celio.com/fr-fr/c/blousons-et-manteaux-vestes,6.0,0,164
2026-07-12,celio,veste homme,https://www.celio.com/fr-fr/store?StoreID=0632,2,0,2
2026-07-13,celio,veste homme,https://www.celio.com/fr-be/c/manteaux-vestes,10.8,0,6
2026-07-13,celio,veste homme,https://www.celio.com/fr-fr/c/blousons-et-manteaux-vestes,6.6,3,146
2026-07-13,celio,veste homme,https://www.celio.com/fr-fr/store?StoreID=0615,9,0,2
2026-07-14,celio,veste homme,https://www.celio.com/fr-be/c/manteaux-vestes,9.7,0,7
2026-07-14,celio,veste homme,https://www.celio.com/fr-fr/c/blousons-et-manteaux-vestes,8.5,1,142
2026-07-15,celio,veste homme,https://www.celio.com/fr-be/c/manteaux-vestes,11.4,0,5
2026-07-15,celio,veste homme,https://www.celio.com/fr-fr/c/blousons-et-manteaux-vestes,7.9,0,121
2026-07-15,celio,veste homme,https://www.celio.com/fr-fr/store?StoreID=0207,8,0,2
2026-07-15,celio,veste homme,https://www.celio.com/fr-fr/store?StoreID=1621,2,0,2
2026-07-16,celio,veste homme,https://www.celio.com/fr-be/c/manteaux-vestes,10.4,0,5
2026-07-16,celio,veste homme,https://www.celio.com/fr-fr/c/blousons-et-manteaux-vestes,6.9,1,166
2026-07-16,celio,veste homme,https://www.celio.com/fr-fr/store?StoreID=1457,2,0,2
2026-07-17,celio,veste homme,https://www.celio.com/fr-be/c/manteaux-vestes,12.2,0,9
2026-07-17,celio,veste homme,https://www.celio.com/fr-fr/c/blousons-et-manteaux-vestes,7.5,1,166
2026-07-18,celio,veste homme,https://www.celio.com/fr-be/c/manteaux-vestes,10.6,0,5
2026-07-18,celio,veste homme,https://www.celio.com/fr-fr/c/blousons-et-manteaux-vestes,8.0,1,162
2026-07-18,celio,veste homme,https://www.celio.com/fr-fr/store?StoreID=0224,6,0,2
2026-07-19,celio,veste homme,https://www.celio.com/fr-be/c/manteaux-vestes,8.1,0,14
2026-07-19,celio,veste homme,https://www.celio.com/fr-fr/c/blousons-et-manteaux-vestes,8.0,1,164
2026-07-19,celio,veste homme,https://www.celio.com/fr-fr/store?StoreID=1456,3.5,0,2
2026-07-19,celio,veste homme,https://www.celio.com/fr-fr/store?StoreID=1463,3.5,0,2
2026-07-20,celio,veste homme,https://www.celio.com/fr-be/c/manteaux-vestes,12.3,0,3
2026-07-20,celio,veste homme,https://www.celio.com/fr-fr/c/blousons-et-manteaux-vestes,7.2,0,157
2026-07-20,celio,veste homme,https://www.celio.com/fr-fr/store?StoreID=0206,7,0,2
2026-07-20,celio,veste homme,https://www.celio.com/fr-fr/store?StoreID=0267,3,0,2
2026-07-21,celio,veste homme,https://www.celio.com/fr-be/c/manteaux-vestes,10.2,0,10
2026-07-21,celio,veste homme,https://www.celio.com/fr-fr/c/blousons-et-manteaux-vestes,7.6,2,201
2026-07-21,celio,veste homme,https://www.celio.com/fr-fr/c/blousons-et-manteaux-vestes?page=2,48,0,3
2026-07-21,celio,veste homme,https://www.celio.com/fr-fr/store?StoreID=0031,3.3,0,3
2026-07-21,celio,veste homme,https://www.celio.com/fr-fr/store?StoreID=0199,6.5,0,2
2026-07-22,celio,veste homme,https://www.celio.com/fr-be/c/manteaux-vestes,9.4,1,13
2026-07-22,celio,veste homme,https://www.celio.com/fr-fr/c/blousons-et-manteaux-vestes,7.2,1,209
2026-07-22,celio,veste homme,https://www.celio.com/fr-fr/c/blousons-et-manteaux-vestes?page=2,33,0,5
2026-07-22,celio,veste homme,https://www.celio.com/fr-fr/store?StoreID=0224,9,0,5
2026-07-23,celio,veste homme,https://www.celio.com/fr-be/c/manteaux-vestes,9.6,0,9
2026-07-23,celio,veste homme,https://www.celio.com/fr-fr/c/blousons-et-manteaux-vestes,8.2,3,177
2026-07-24,celio,veste homme,https://www.celio.com/fr-be/c/manteaux-vestes,9.3,0,6
2026-07-24,celio,veste homme,https://www.celio.com/fr-fr/c/blousons-et-manteaux-vestes,7.9,3,184
2026-07-24,celio,veste homme,https://www.celio.com/fr-fr/store?StoreID=1618,3,0,2
2026-07-25,celio,veste homme,https://www.celio.com/fr-be/c/manteaux-vestes,7.3,0,9
2026-07-25,celio,veste homme,https://www.celio.com/fr-fr/c/blousons-et-manteaux-vestes,8.0,0,328
2026-07-25,celio,veste homme,https://www.celio.com/fr-fr/store?StoreID=0224,13,0,2
2026-07-25,celio,veste homme,https://www.celio.com/fr-fr/store?StoreID=0615,8,0,3
2026-07-26,celio,veste homme,https://www.celio.com/fr-be/c/manteaux-vestes,11,0,11
2026-07-26,celio,veste homme,https://www.celio.com/fr-fr/c/blousons-et-manteaux-vestes,8.1,4,420
2026-07-26,celio,veste homme,https://www.celio.com/fr-fr/store?StoreID=1463,2,0,3
2026-07-26,celio,veste homme,https://www.celio.com/fr-fr/store?StoreID=1644,4,0,2
2026-07-27,celio,veste homme,https://www.celio.com/fr-be/c/manteaux-vestes,13.5,0,8
2026-07-27,celio,veste homme,https://www.celio.com/fr-fr/c/blousons-et-manteaux-vestes,6.9,1,256
2026-07-27,celio,veste homme,https://www.celio.com/fr-fr/store?StoreID=0012,3,0,2
2026-07-28,celio,veste homme,https://www.celio.com/fr-be/c/manteaux-vestes,12.2,1,12
2026-07-28,celio,veste homme,https://www.celio.com/fr-fr/c/blousons-et-manteaux-vestes,8.3,2,299
2026-07-28,celio,veste homme,https://www.celio.com/fr-fr/store?StoreID=0004,4,0,2
2026-07-28,celio,veste homme,https://www.celio.com/fr-fr/store?StoreID=0199,5,0,4
2026-07-29,celio,veste homme,https://www.celio.com/fr-be/c/manteaux-vestes,12.7,0,6
2026-07-29,celio,veste homme,https://www.celio.com/fr-fr/c/blousons-et-manteaux-vestes,10.5,1,116
2026-07-30,celio,veste homme,https://www.celio.com/fr-be/c/manteaux-vestes,16.2,0,8
2026-07-30,celio,veste homme,https://www.celio.com/fr-fr/c/blousons-et-manteaux-vestes,9.5,1,181
2026-07-30,celio,veste homme,https://www.celio.com/fr-fr/store?StoreID=1694,10,0,2
2026-07-31,celio,veste homme,https://www.celio.com/fr-be/c/manteaux-vestes,11.6,0,17
2026-07-31,celio,veste homme,https://www.celio.com/fr-fr/c/blousons-et-manteaux-vestes,11.0,1,143
2026-08-01,celio,veste homme,https://www.celio.com/fr-be/c/manteaux-vestes,11.4,0,12
2026-08-01,celio,veste homme,https://www.celio.com/fr-be/store?StoreID=0389,6,0,2
2026-08-01,celio,veste homme,https://www.celio.com/fr-fr/c/blousons-et-manteaux-vestes,11.0,0,156
2026-08-01,celio,veste homme,https://www.celio.com/fr-fr/store?StoreID=0603,10.5,0,2
2026-08-02,celio,veste homme,https://www.celio.com/fr-be/c/manteaux-vestes,12.8,0,5
2026-08-02,celio,veste homme,https://www.celio.com/fr-fr/c/blousons-et-manteaux-vestes,10.1,1,137
2026-08-02,celio,veste homme,https://www.celio.com/fr-fr/store?StoreID=1693,9,0,2
2026-08-03,celio,veste homme,https://www.celio.com/fr-be/c/manteaux-vestes,14,0,4
2026-08-03,celio,veste homme,https://www.celio.com/fr-fr/c/blousons-et-manteaux-vestes,8.0,1,169
2026-08-03,celio,veste homme,https://www.celio.com/fr-fr/store?StoreID=0267,5,0,2
2026-08-04,celio,veste homme,https://www.celio.com/fr-be/c/manteaux-vestes,13.5,0,6
2026-08-04,celio,veste homme,https://www.celio.com/fr-fr/c/blousons-et-manteaux-vestes,11.2,1,145
2026-08-04,celio,veste homme,https://www.celio.com/fr-fr/store?StoreID=1444,8,0,4
2026-08-05,celio,veste homme,https://www.celio.com/fr-be/c/manteaux-vestes,14.5,0,8
2026-08-05,celio,veste homme,https://www.celio.com/fr-fr/c/blousons-et-manteaux-vestes,9.5,1,128
2026-08-05,celio,veste homme,https://www.celio.com/fr-fr/store?StoreID=0769,8,0,2
2026-08-05,celio,veste homme,https://www.celio.com/fr-fr/store?StoreID=1652,3,0,2
2026-08-05,celio,veste homme,https://www.celio.com/fr-fr/store?StoreID=1673,8,0,2
2026-08-06,celio,veste homme,https://www.celio.com/fr-be/c/manteaux-vestes,8.6,0,8
2026-08-06,celio,veste homme,https://www.celio.com/fr-fr/c/blousons-et-manteaux-vestes,10.4,0,124
2026-08-06,celio,veste homme,https://www.celio.com/fr-fr/store?StoreID=0012,3,0,3
2026-08-06,celio,veste homme,https://www.celio.com/fr-fr/store?StoreID=0031,9,0,2
2026-08-06,celio,veste homme,https://www.celio.com/fr-fr/store?StoreID=0080,7,0,2
2026-08-07,celio,veste homme,https://www.celio.com/fr-be/c/manteaux-vestes,11.3,1,10
2026-08-07,celio,veste homme,https://www.celio.com/fr-fr/c/blousons-et-manteaux-vestes,9.2,1,103
2026-08-07,celio,veste homme,https://www.celio.com/fr-fr/store?StoreID=0770,6,0,2
2026-08-08,celio,veste homme,https://www.celio.com/fr-be/c/manteaux-vestes,15.2,0,4
2026-08-08,celio,veste homme,https://www.celio.com/fr-fr/c/blousons-et-manteaux-vestes,11.4,0,117
2026-08-08,celio,veste homme,https://www.celio.com/fr-fr/store?StoreID=0016,6,0,2
2026-08-08,celio,veste homme,https://www.celio.com/fr-fr/store?StoreID=0037,7,0,3
2026-08-08,celio,veste homme,https://www.celio.com/fr-fr/store?StoreID=0615,7,0,2
2026-08-08,celio,veste homme,https://www.celio.com/fr-fr/store?StoreID=1496,5.5,0,2
2026-08-09,celio,veste homme,https://www.celio.com/fr-be/c/manteaux-vestes,10.1,0,9
2026-08-09,celio,veste homme,https://www.celio.com/fr-be/c/vestes-vestes-legeres,25.5,0,2
2026-08-09,celio,veste homme,https://www.celio.com/fr-fr/c/blousons-et-manteaux-vestes,12.4,0,129
2026-08-09,celio,veste homme,https://www.celio.com/fr-fr/store?StoreID=0080,7,0,3
2026-08-09,celio,veste homme,https://www.celio.com/fr-fr/store?StoreID=0122,4,0,2
2026-08-09,celio,veste homme,https://www.celio.com/fr-fr/store?StoreID=0267,5.5,0,2
2026-08-10,celio,veste homme,https://www.celio.com/fr-be/c/manteaux-vestes,12.9,0,7
2026-08-10,celio,veste homme,https://www.celio.com/fr-fr/c/blousons-et-manteaux,8,0,2
2026-08-10,celio,veste homme,https://www.celio.com/fr-fr/c/blousons-et-manteaux-vestes,11.0,1,124
2026-08-11,celio,veste homme,https://www.celio.com/fr-be/c/manteaux-vestes,16.4,0,8
2026-08-11,celio,veste homme,https://www.celio.com/fr-fr/c/blousons-et-manteaux,23,0,2
2026-08-11,celio,veste homme,https://www.celio.com/fr-fr/c/blousons-et-manteaux-vestes,13.6,1,101
2026-08-11,celio,veste homme,https://www.celio.com/fr-fr/store?StoreID=0207,5,0,2
2026-08-11,celio,veste homme,https://www.celio.com/fr-fr/store?StoreID=0227,4,0,2
2026-08-12,celio,veste homme,https://www.celio.com/fr-be/c/manteaux-vestes,12.9,0,8
2026-08-12,celio,veste homme,https://www.celio.com/fr-be/c/vestes-vestes-legeres,32,0,3
2026-08-12,celio,veste homme,https://www.celio.com/fr-fr/c/blousons-et-manteaux,18.4,0,5
2026-08-12,celio,veste homme,https://www.celio.com/fr-fr/c/blousons-et-manteaux-vestes,14.2,0,75
2026-08-12,celio,veste homme,https://www.celio.com/fr-fr/store?StoreID=0012,12,0,2
2026-08-12,celio,veste homme,https://www.celio.com/fr-fr/store?StoreID=0122,8.3,0,3
2026-08-12,celio,veste homme,https://www.celio.com/fr-fr/store?StoreID=0603,9,0,2
2026-08-13,celio,veste homme,https://www.celio.com/fr-be/c/manteaux-vestes,13.6,0,7
2026-08-13,celio,veste homme,https://www.celio.com/fr-fr/c/blousons-et-manteaux-vestes,12.1,0,107
2026-08-14,celio,veste homme,https://www.celio.com/fr-be/c/manteaux-vestes,19,0,6
2026-08-14,celio,veste homme,https://www.celio.com/fr-fr/c/blousons-et-manteaux-vestes,11.5,0,67
2026-08-15,celio,veste homme,https://www.celio.com/fr-be/c/manteaux-vestes,15.7,0,6
2026-08-15,celio,veste homme,https://www.celio.com/fr-fr/c/blousons-et-manteaux-vestes,16.4,0,79
2026-08-16,celio,veste homme,https://www.celio.com/fr-be/c/manteaux-vestes,16.1,0,14
2026-08-16,celio,veste homme,https://www.celio.com/fr-fr/c/blousons-et-manteaux-vestes,13.7,1,127
2026-08-16,celio,veste homme,https://www.celio.com/fr-fr/store?StoreID=0632,4,0,2
2026-08-17,celio,veste homme,https://www.celio.com/fr-be/c/manteaux-vestes,16.6,0,9
2026-08-17,celio,veste homme,https://www.celio.com/fr-fr/c/blousons-et-manteaux,23.8,1,9
2026-08-17,celio,veste homme,https://www.celio.com/fr-fr/c/blousons-et-manteaux-vestes,14.0,1,106
2026-08-17,celio,veste homme,https://www.celio.com/fr-fr/c/vestes-vestes-legeres,8.7,0,3
2026-08-18,celio,veste homme,https://www.celio.com/fr-be/c/manteaux-vestes,9.1,0,9
2026-08-18,celio,veste homme,https://www.celio.com/fr-fr/c/blousons-et-manteaux-vestes,13.5,1,151
2026-08-18,celio,veste homme,https://www.celio.com/fr-fr/store?StoreID=0769,4.3,0,3
2026-08-19,celio,veste homme,https://www.celio.com/fr-be/c/manteaux-vestes,10.6,0,18
2026-08-19,celio,veste homme,https://www.celio.com/fr-fr/c/blousons-et-manteaux-vestes,13.1,3,149
2026-08-19,celio,veste homme,https://www.celio.com/fr-fr/store?StoreID=0031,2,0,2
2026-08-19,celio,veste homme,https://www.celio.com/fr-fr/store?StoreID=0207,13,0,2
2026-08-20,celio,veste homme,https://www.celio.com/fr-be/c/manteaux-vestes,10.3,1,9
2026-08-20,celio,veste homme,https://www.celio.com/fr-fr/c/blousons-et-manteaux-vestes,12.5,0,150
2026-08-20,celio,veste homme,https://www.celio.com/fr-fr/c/vestes-vestes-legeres,7.5,0,8
2026-08-20,celio,veste homme,https://www.celio.com/fr-fr/store?StoreID=0615,4.5,0,4
2026-08-21,celio,veste homme,https://www.celio.com/fr-be/c/manteaux-vestes,12,0,14
2026-08-21,celio,veste homme,https://www.celio.com/fr-fr/c/blousons-et-manteaux-vestes,10.2,2,208
2026-08-21,celio,veste homme,https://www.celio.com/fr-fr/c/vestes-vestes-legeres,9.3,0,9
2026-08-21,celio,veste homme,https://www.celio.com/fr-fr/store?StoreID=0191,7,0,2
2026-08-22,celio,veste homme,https://www.celio.com/fr-be/c/manteaux-vestes,10.1,0,15
2026-08-22,celio,veste homme,https://www.celio.com/fr-fr/c/blousons-et-manteaux-vestes,9.8,4,204
2026-08-22,celio,veste homme,https://www.celio.com/fr-fr/c/vestes-vestes-legeres,6.7,0,9
2026-08-22,celio,veste homme,https://www.celio.com/fr-fr/store?StoreID=0206,5,0,2
2026-08-23,celio,veste homme,https://www.celio.com/fr-be/c/manteaux-vestes,8.3,0,15
2026-08-23,celio,veste homme,https://www.celio.com/fr-be/store?StoreID=3516,10.5,0,2
2026-08-23,celio,veste homme,https://www.celio.com/fr-fr/c/blousons-et-manteaux-vestes,9.6,1,202
2026-08-23,celio,veste homme,https://www.celio.com/fr-fr/c/vestes-vestes-legeres,8,0,5
2026-08-23,celio,veste homme,https://www.celio.com/fr-fr/store?StoreID=0206,9,0,2
2026-08-23,celio,veste homme,https://www.celio.com/fr-fr/store?StoreID=1644,5,0,2
2026-08-24,celio,veste homme,https://www.celio.com/fr-be/c/manteaux-vestes,9.7,0,15
2026-08-24,celio,veste homme,https://www.celio.com/fr-fr/c/blousons-et-manteaux-vestes,10.0,5,228
2026-08-24,celio,veste homme,https://www.celio.com/fr-fr/store?StoreID=1496,8,0,2
2026-08-24,celio,veste homme,https://www.celio.com/fr-fr/store?StoreID=1652,2.5,0,2
2026-08-25,celio,veste homme,https://www.celio.com/fr-be/c/manteaux-vestes,9.5,0,11
2026-08-25,celio,veste homme,https://www.celio.com/fr-fr/c/blousons-et-manteaux-vestes,11.4,3,185
2026-08-26,celio,veste homme,https://www.celio.com/fr-be/c/manteaux-vestes,13.7,0,9
2026-08-26,celio,veste homme,https://www.celio.com/fr-fr/c/blousons-et-manteaux-vestes,10.2,1,230
2026-08-27,celio,veste homme,https://www.celio.com/fr-be/c/manteaux-vestes,8.6,0,20
2026-08-27,celio,veste homme,https://www.celio.com/fr-fr/c/blousons-et-manteaux-vestes,12.3,0,124
2026-08-28,celio,veste homme,https://www.celio.com/fr-be/c/manteaux-vestes,9.7,0,25
2026-08-28,celio,veste homme,https://www.celio.com/fr-be/c/vestes-vestes-legeres,20.3,0,3
2026-08-28,celio,veste homme,https://www.celio.com/fr-fr/c/blousons-et-manteaux-vestes,15.6,0,106
2026-08-28,celio,veste homme,https://www.celio.com/fr-fr/c/blousons-et-manteaux-vestes?page=2,22.8,0,6
2026-08-28,celio,veste homme,https://www.celio.com/fr-fr/store?StoreID=0152,14.7,0,3
2026-08-29,celio,veste homme,https://www.celio.com/fr-be/c/manteaux-vestes,8.8,1,47
2026-08-29,celio,veste homme,https://www.celio.com/fr-be/c/vestes-vestes-legeres,15.8,0,4
2026-08-29,celio,veste homme,https://www.celio.com/fr-be/store?StoreID=0389,4.7,0,3
2026-08-29,celio,veste homme,https://www.celio.com/fr-fr/c/blousons-et-manteaux,9.5,0,6
2026-08-29,celio,veste homme,https://www.celio.com/fr-fr/c/blousons-et-manteaux-vestes,15.4,0,95
2026-08-29,celio,veste homme,https://www.celio.com/fr-fr/c/vestes-vestes-legeres,22.1,0,22
2026-08-29,celio,veste homme,https://www.celio.com/fr-fr/store?StoreID=0206,8.3,0,6
2026-08-29,celio,veste homme,https://www.celio.com/fr-fr/store?StoreID=0615,13,0,2
2026-08-29,celio,veste homme,https://www.celio.com/fr-fr/store?StoreID=0698,9.7,0,3
2026-08-29,celio,veste homme,https://www.celio.com/fr-fr/store?StoreID=1040,12,0,2
2026-08-29,celio,veste homme,https://www.celio.com/fr-fr/store?StoreID=1435,7,0,2
2026-08-30,celio,veste homme,https://www.celio.com/es-es/store?StoreID=3012,4,0,2
2026-08-30,celio,veste homme,https://www.celio.com/fr-be/c/manteaux-vestes,9.4,0,45
2026-08-30,celio,veste homme,https://www.celio.com/fr-fr/c/blousons-et-manteaux,9,0,8
2026-08-30,celio,veste homme,https://www.celio.com/fr-fr/c/blousons-et-manteaux-vestes,17.7,0,71
2026-08-30,celio,veste homme,https://www.celio.com/fr-fr/c/vestes-vestes-legeres,7.9,0,17
2026-08-30,celio,veste homme,https://www.celio.com/fr-fr/store?StoreID=0769,8.5,0,2
2026-08-31,celio,veste homme,https://www.celio.com/fr-be/c/manteaux-vestes,10.4,0,35
2026-08-31,celio,veste homme,https://www.celio.com/fr-be/c/vestes-vestes-legeres,38.5,0,2
2026-08-31,celio,veste homme,https://www.celio.com/fr-be/store?StoreID=0389,2,0,2
2026-08-31,celio,veste homme,https://www.celio.com/fr-fr/c/blousons-et-manteaux,11,0,8
2026-08-31,celio,veste homme,https://www.celio.com/fr-fr/c/blousons-et-manteaux-vestes,16.1,1,90
2026-08-31,celio,veste homme,https://www.celio.com/fr-fr/c/vestes-vestes-legeres,17.8,0,33
2026-08-31,celio,veste homme,https://www.celio.com/fr-fr/store?StoreID=0012,9,0,4
2026-09-01,celio,veste homme,https://www.celio.com/fr-be/c/manteaux-vestes,9.1,0,32
2026-09-01,celio,veste homme,https://www.celio.com/fr-be/store?StoreID=0349,2.5,0,2
2026-09-01,celio,veste homme,https://www.celio.com/fr-be/store?StoreID=0389,5.7,0,3
2026-09-01,celio,veste homme,https://www.celio.com/fr-fr/c/blousons-et-manteaux,8.5,0,2
2026-09-01,celio,veste homme,https://www.celio.com/fr-fr/c/blousons-et-manteaux-vestes,13.9,0,135
2026-09-01,celio,veste homme,https://www.celio.com/fr-fr/c/vestes-vestes-legeres,8.2,0,4
2026-09-01,celio,veste homme,https://www.celio.com/fr-fr/store?StoreID=0016,11,0,2
2026-09-01,celio,veste homme,https://www.celio.com/fr-fr/store?StoreID=1695,10.5,0,2
2026-09-02,celio,veste homme,https://www.celio.com/fr-be/c/manteaux-vestes,9.2,1,15
2026-09-02,celio,veste homme,https://www.celio.com/fr-be/c/vestes-vestes-legeres,19.5,0,2
2026-09-02,celio,veste homme,https://www.celio.com/fr-be/store?StoreID=3516,11.7,0,3
2026-09-02,celio,veste homme,https://www.celio.com/fr-fr/c/blousons-et-manteaux-vestes,13.1,1,101
2026-09-02,celio,veste homme,https://www.celio.com/fr-fr/store?StoreID=0037,5,0,2
2026-09-02,celio,veste homme,https://www.celio.com/fr-fr/store?StoreID=0615,13.5,0,2
2026-09-02,celio,veste homme,https://www.celio.com/fr-fr/store?StoreID=0698,12,0,2
2026-09-02,celio,veste homme,https://www.celio.com/fr-fr/store?StoreID=1623,11.5,0,2
2026-09-02,celio,veste homme,https://www.celio.com/fr-fr/store?StoreID=1644,2,0,2
2026-09-03,celio,veste homme,https://www.celio.com/fr-be/c/manteaux-vestes,9.7,0,18
2026-09-03,celio,veste homme,https://www.celio.com/fr-be/c/vestes-vestes-legeres,16.3,0,3
2026-09-03,celio,veste homme,https://www.celio.com/fr-fr/c/blousons-et-manteaux-vestes,14.4,1,117
2026-09-03,celio,veste homme,https://www.celio.com/fr-fr/c/blousons-et-manteaux-vestes?page=2,28,0,6
2026-09-03,celio,veste homme,https://www.celio.com/fr-fr/store?StoreID=0085,12,0,2
2026-09-03,celio,veste homme,https://www.celio.com/fr-fr/store?StoreID=0788,5,0,2
2026-09-04,celio,veste homme,https://www.celio.com/fr-be/c/manteaux-vestes,13.5,1,17
2026-09-04,celio,veste homme,https://www.celio.com/fr-fr/c/blousons-et-manteaux,5.3,0,6
2026-09-04,celio,veste homme,https://www.celio.com/fr-fr/c/blousons-et-manteaux-vestes,14.0,0,90
2026-09-04,celio,veste homme,https://www.celio.com/fr-fr/c/blousons-et-manteaux-vestes?page=2,11.2,0,10
2026-09-04,celio,veste homme,https://www.celio.com/fr-fr/store?StoreID=0690,9,0,2
2026-09-05,celio,veste homme,https://www.celio.com/fr-be/c/manteaux-vestes,9.1,0,20
2026-09-05,celio,veste homme,https://www.celio.com/fr-fr/c/blousons-et-manteaux,23.5,0,2
2026-09-05,celio,veste homme,https://www.celio.com/fr-fr/c/blousons-et-manteaux-vestes,14.4,2,94
2026-09-05,celio,veste homme,https://www.celio.com/fr-fr/c/blousons-et-manteaux-vestes?page=2,22.2,0,4
2026-09-05,celio,veste homme,https://www.celio.com/fr-fr/store?StoreID=0603,6.5,0,2
2026-09-05,celio,veste homme,https://www.celio.com/fr-fr/store?StoreID=0769,7,0,3
2026-09-06,celio,veste homme,https://www.celio.com/fr-be/c/manteaux-vestes,9.1,0,16
2026-09-06,celio,veste homme,https://www.celio.com/fr-fr/c/blousons-et-manteaux,27.7,0,6
2026-09-06,celio,veste homme,https://www.celio.com/fr-fr/c/blousons-et-manteaux-vestes,12.3,3,123
2026-09-06,celio,veste homme,https://www.celio.com/fr-fr/c/blousons-et-manteaux-vestes?page=2,30.2,0,5
2026-09-06,celio,veste homme,https://www.celio.com/fr-fr/store?StoreID=1618,1,0,2
2026-09-07,celio,veste homme,https://www.celio.com/fr-be/c/manteaux-vestes,12.4,0,5
2026-09-07,celio,veste homme,https://www.celio.com/fr-fr/c/blousons-et-manteaux-vestes,12.6,3,121
2026-09-07,celio,veste homme,https://www.celio.com/fr-fr/c/blousons-et-manteaux-vestes?page=2,22.7,0,3
2026-09-07,celio,veste homme,https://www.celio.com/fr-fr/store?StoreID=0040,13,0,2
2026-09-07,celio,veste homme,https://www.celio.com/fr-fr/store?StoreID=0110,13,0,2
2026-09-07,celio,veste homme,https://www.celio.com/fr-fr/store?StoreID=1457,4,0,2
2026-09-08,celio,veste homme,https://www.celio.com/fr-be/c/manteaux-vestes,11.6,0,13
2026-09-08,celio,veste homme,https://www.celio.com/fr-be/store?StoreID=0389,13.5,0,2
2026-09-08,celio,veste homme,https://www.celio.com/fr-fr/c/blousons-et-manteaux-vestes,10.6,1,179
2026-09-08,celio,veste homme,https://www.celio.com/fr-fr/c/blousons-et-manteaux-vestes?page=2,21.3,0,6
2026-09-08,celio,veste homme,https://www.celio.com/fr-fr/store?StoreID=0207,8.5,0,2
2026-09-09,celio,veste homme,https://www.celio.com/fr-be/c/manteaux-vestes,12,0,11
2026-09-09,celio,veste homme,https://www.celio.com/fr-be/store?StoreID=0389,4,0,3
2026-09-09,celio,veste homme,https://www.celio.com/fr-fr/c/blousons-et-manteaux,16,0,2
2026-09-09,celio,veste homme,https://www.celio.com/fr-fr/c/blousons-et-manteaux-vestes,10.6,1,208
2026-09-09,celio,veste homme,https://www.celio.com/fr-fr/store?StoreID=0012,3.5,0,2
2026-09-09,celio,veste homme,https://www.celio.com/fr-fr/store?StoreID=0191,7,0,2
2026-09-09,celio,veste homme,https://www.celio.com/fr-fr/store?StoreID=0227,12,0,2
2026-09-09,celio,veste homme,https://www.celio.com/fr-fr/store?StoreID=0263,13,0,2
2026-09-09,celio,veste homme,https://www.celio.com/fr-fr/store?StoreID=0769,2,0,2
2026-09-09,celio,veste homme,https://www.celio.com/fr-fr/store?StoreID=0837,10,0,2
2026-09-10,celio,veste homme,https://www.celio.com/fr-be/c/manteaux-vestes,13,0,8
2026-09-10,celio,veste homme,https://www.celio.com/fr-fr/c/blousons-et-manteaux-vestes,11.5,1,112
2026-09-10,celio,veste homme,https://www.celio.com/fr-fr/store?StoreID=0291,6.5,0,2
2026-09-10,celio,veste homme,https://www.celio.com/fr-fr/store?StoreID=0636,6.5,0,2
2026-09-10,celio,veste homme,https://www.celio.com/fr-fr/store?StoreID=1023,5,0,2
2026-09-10,celio,veste homme,https://www.celio.com/fr-fr/store?StoreID=1463,9.3,0,3
2026-09-11,celio,veste homme,https://www.celio.com/fr-be/c/manteaux-vestes,14,0,3
2026-09-11,celio,veste homme,https://www.celio.com/fr-be/store?StoreID=0389,2.7,0,3
2026-09-11,celio,veste homme,https://www.celio.com/fr-be/store?StoreID=3516,4,0,2
2026-09-11,celio,veste homme,https://www.celio.com/fr-fr/c/blousons-et-manteaux-vestes,12.0,6,110
2026-09-11,celio,veste homme,https://www.celio.com/fr-fr/store?StoreID=0129,7.5,0,2
2026-09-11,celio,veste homme,https://www.celio.com/fr-fr/store?StoreID=0199,4.5,0,2
2026-09-11,celio,veste homme,https://www.celio.com/fr-fr/store?StoreID=0206,8,0,2
2026-09-11,celio,veste homme,https://www.celio.com/fr-fr/store?StoreID=0224,2,0,2
2026-09-11,celio,veste homme,https://www.celio.com/fr-fr/store?StoreID=1461,10,0,2
2026-09-12,celio,veste homme,https://www.celio.com/fr-be/c/manteaux-vestes,15.8,0,4
2026-09-12,celio,veste homme,https://www.celio.com/fr-be/store?StoreID=0334,6,0,2
2026-09-12,celio,veste homme,https://www.celio.com/fr-be/store?StoreID=3516,4,0,2
2026-09-12,celio,veste homme,https://www.celio.com/fr-fr/c/blousons-et-manteaux-vestes,11.3,2,161
2026-09-12,celio,veste homme,https://www.celio.com/fr-fr/c/blousons-et-manteaux-vestes?page=2,14.7,0,7
2026-09-12,celio,veste homme,https://www.celio.com/fr-fr/c/vestes-vestes-legeres,8.9,0,7
2026-09-12,celio,veste homme,https://www.celio.com/fr-fr/store?StoreID=0137,7,0,2
2026-09-12,celio,veste homme,https://www.celio.com/fr-fr/store?StoreID=0603,10.5,0,2
2026-09-12,celio,veste homme,https://www.celio.com/fr-fr/store?StoreID=0636,10.7,0,3
2026-09-12,celio,veste homme,https://www.celio.com/fr-fr/store?StoreID=1459,3.5,0,2
2026-09-13,celio,veste homme,https://www.celio.com/fr-fr/c/blousons-et-manteaux-vestes,11.8,5,136
2026-09-13,celio,veste homme,https://www.celio.com/fr-fr/c/blousons-et-manteaux-vestes?page=2,16.5,1,15
2026-09-13,celio,veste homme,https://www.celio.com/fr-fr/store?StoreID=0016,5.3,1,3
2026-09-13,celio,veste homme,https://www.celio.com/fr-fr/store?StoreID=0645,9,0,2
2026-09-13,celio,veste homme,https://www.celio.com/fr-fr/store?StoreID=0698,4,0,2
2026-09-13,celio,veste homme,https://www.celio.com/fr-fr/store?StoreID=0769,11.3,0,3
2026-09-13,celio,veste homme,https://www.celio.com/fr-fr/store?StoreID=1040,11,0,2
2026-09-14,celio,veste homme,https://www.celio.com/fr-be/c/manteaux-vestes,16.8,0,5
2026-09-14,celio,veste homme,https://www.celio.com/fr-be/c/vestes-vestes-legeres,19,0,2
2026-09-14,celio,veste homme,https://www.celio.com/fr-fr/c/blousons-et-manteaux-vestes,11.4,1,169
2026-09-14,celio,veste homme,https://www.celio.com/fr-fr/c/blousons-et-manteaux-vestes?page=2,5.6,0,9
2026-09-14,celio,veste homme,https://www.celio.com/fr-fr/store?StoreID=0013,8,0,2
2026-09-14,celio,veste homme,https://www.celio.com/fr-fr/store?StoreID=0016,9.5,0,2
2026-09-14,celio,veste homme,https://www.celio.com/fr-fr/store?StoreID=0139,11,0,2
2026-09-14,celio,veste homme,https://www.celio.com/fr-fr/store?StoreID=0172,13,0,3
2026-09-14,celio,veste homme,https://www.celio.com/fr-fr/store?StoreID=0206,3,0,3
2026-09-14,celio,veste homme,https://www.celio.com/fr-fr/store?StoreID=0770,11,0,2
2026-09-14,celio,veste homme,https://www.celio.com/fr-fr/store?StoreID=1704,8.5,0,2
2026-09-15,celio,veste homme,https://www.celio.com/fr-be/c/manteaux-vestes,16.8,0,6
2026-09-15,celio,veste homme,https://www.celio.com/fr-fr/c/blousons-et-manteaux-vestes,9.9,1,101
2026-09-15,celio,veste homme,https://www.celio.com/fr-fr/c/costumes-vestes-de-costume,7.6,0,10
2026-09-15,celio,veste homme,https://www.celio.com/fr-fr/store?StoreID=0012,2,0,2
2026-09-15,celio,veste homme,https://www.celio.com/fr-fr/store?StoreID=0769,4,0,2
2026-09-15,celio,veste homme,https://www.celio.com/fr-fr/store?StoreID=0770,10,0,2
2026-09-15,celio,veste homme,https://www.celio.com/fr-fr/store?StoreID=1461,10,0,2
2026-09-16,celio,veste homme,https://www.celio.com/fr-be/c/manteaux-vestes,10,0,16
2026-09-16,celio,veste homme,https://www.celio.com/fr-be/store?StoreID=0389,5.5,0,2
2026-09-16,celio,veste homme,https://www.celio.com/fr-fr/c/blousons-et-manteaux,14.5,0,2
2026-09-16,celio,veste homme,https://www.celio.com/fr-fr/c/blousons-et-manteaux-vestes,7.2,5,202
2026-09-16,celio,veste homme,https://www.celio.com/fr-fr/c/costumes-vestes-de-costume,6.7,0,3
2026-09-16,celio,veste homme,https://www.celio.com/fr-fr/store?StoreID=0037,11,0,2
2026-09-16,celio,veste homme,https://www.celio.com/fr-fr/store?StoreID=0199,8,0,3
2026-09-16,celio,veste homme,https://www.celio.com/fr-fr/store?StoreID=1463,3,0,2
2026-09-17,celio,veste homme,https://www.celio.com/fr-be/c/manteaux-vestes,8,1,19
2026-09-17,celio,veste homme,https://www.celio.com/fr-be/p/naruto-shippuden---veste-en-jean-marine/1199390.html,58,0,2
2026-09-17,celio,veste homme,https://www.celio.com/fr-fr/c/blousons-et-manteaux,9.2,0,4
2026-09-17,celio,veste homme,https://www.celio.com/fr-fr/c/blousons-et-manteaux-vestes,7.8,4,133
2026-09-17,celio,veste homme,https://www.celio.com/fr-fr/store?StoreID=0698,5,0,2
2026-09-17,celio,veste homme,https://www.celio.com/fr-fr/store?StoreID=0769,9.7,0,3
2026-09-17,celio,veste homme,https://www.celio.com/fr-fr/store?StoreID=0770,6.3,0,3
2026-09-17,celio,veste homme,https://www.celio.com/fr-fr/store?StoreID=0778,9,0,2
2026-09-17,celio,veste homme,https://www.celio.com/fr-fr/store?StoreID=1040,8.8,0,4
2026-09-18,celio,veste homme,https://www.celio.com/fr-be/c/manteaux-vestes,8.7,0,55
2026-09-18,celio,veste homme,https://www.celio.com/fr-be/store?StoreID=0389,4.5,0,2
2026-09-18,celio,veste homme,https://www.celio.com/fr-fr/c/blousons-et-manteaux,12.7,0,3
2026-09-18,celio,veste homme,https://www.celio.com/fr-fr/c/blousons-et-manteaux-vestes,10.7,2,147
2026-09-18,celio,veste homme,https://www.celio.com/fr-fr/store?StoreID=0797,10,0,2
2026-09-19,celio,veste homme,https://www.celio.com/fr-be/c/manteaux-vestes,4.6,0,18
2026-09-19,celio,veste homme,https://www.celio.com/fr-be/store?StoreID=0389,6.5,0,2
2026-09-19,celio,veste homme,https://www.celio.com/fr-fr/c/blousons-et-manteaux,8.4,0,5
2026-09-19,celio,veste homme,https://www.celio.com/fr-fr/c/blousons-et-manteaux-vestes,9.4,5,155
2026-09-19,celio,veste homme,https://www.celio.com/fr-fr/c/vestes-vestes-legeres,15.5,0,2
2026-09-19,celio,veste homme,https://www.celio.com/fr-fr/p/veste-zippee-en-mix-matiere---noir/1171655.html,67,0,2
2026-09-19,celio,veste homme,https://www.celio.com/fr-fr/store?StoreID=0016,7.5,0,2
2026-09-19,celio,veste homme,https://www.celio.com/fr-fr/store?StoreID=0067,11,0,2
2026-09-19,celio,veste homme,https://www.celio.com/fr-fr/store?StoreID=0207,6.5,0,2
2026-09-19,celio,veste homme,https://www.celio.com/fr-fr/store?StoreID=0224,7.5,0,2
2026-09-19,celio,veste homme,https://www.celio.com/fr-fr/store?StoreID=0623,2.3,0,3
2026-09-19,celio,veste homme,https://www.celio.com/fr-fr/store?StoreID=1444,7,0,2
2026-09-20,celio,veste homme,https://www.celio.com/fr-be/c/manteaux-vestes,5.9,1,29
2026-09-20,celio,veste homme,https://www.celio.com/fr-be/store?StoreID=0389,2,0,2
2026-09-20,celio,veste homme,https://www.celio.com/fr-fr/c/blousons-et-manteaux,8,0,2
2026-09-20,celio,veste homme,https://www.celio.com/fr-fr/c/blousons-et-manteaux-vestes,8.2,4,206
2026-09-20,celio,veste homme,https://www.celio.com/fr-fr/c/vestes-vestes-legeres,14.2,0,4
2026-09-20,celio,veste homme,https://www.celio.com/fr-fr/p/veste-zippee-en-mix-matiere---noir/1171655.html,82,0,2
2026-09-20,celio,veste homme,https://www.celio.com/fr-fr/store?StoreID=0623,5,0,4
2026-09-20,celio,veste homme,https://www.celio.com/fr-fr/store?StoreID=1644,4.5,0,2
2026-09-21,celio,veste homme,https://www.celio.com/fr-be/c/manteaux-vestes,5.3,0,19
2026-09-21,celio,veste homme,https://www.celio.com/fr-be/store?StoreID=0349,2,0,2
2026-09-21,celio,veste homme,https://www.celio.com/fr-be/store?StoreID=0389,3.7,0,3
2026-09-21,celio,veste homme,https://www.celio.com/fr-fr/c/blousons-et-manteaux,6,0,3
2026-09-21,celio,veste homme,https://www.celio.com/fr-fr/c/blousons-et-manteaux-vestes,9.0,1,185
2026-09-21,celio,veste homme,https://www.celio.com/fr-fr/store?StoreID=0085,6.2,0,5
2026-09-21,celio,veste homme,https://www.celio.com/fr-fr/store?StoreID=0632,5,0,2
2026-09-21,celio,veste homme,https://www.celio.com/fr-fr/store?StoreID=1664,5,0,2
2026-09-21,celio,veste homme,https://www.celio.com/fr-fr/store?StoreID=1699,3,0,3
2026-09-22,celio,veste homme,https://www.celio.com/fr-be/c/manteaux-vestes,6.0,1,29
2026-09-22,celio,veste homme,https://www.celio.com/fr-fr/c/blousons-et-manteaux,5,0,2
2026-09-22,celio,veste homme,https://www.celio.com/fr-fr/c/blousons-et-manteaux-vestes,8.6,1,155
2026-09-22,celio,veste homme,https://www.celio.com/fr-fr/store?StoreID=0224,9,0,2
2026-09-22,celio,veste homme,https://www.celio.com/fr-fr/store?StoreID=0690,9,0,3
2026-09-22,celio,veste homme,https://www.celio.com/fr-fr/store?StoreID=1643,3,0,2
2026-09-23,celio,veste homme,https://www.celio.com/fr-be/c/manteaux-vestes,5.5,0,21
2026-09-23,celio,veste homme,https://www.celio.com/fr-be/store?StoreID=3516,4.5,0,2
2026-09-23,celio,veste homme,https://www.celio.com/fr-fr/c/blousons-et-manteaux,18.6,0,5
2026-09-23,celio,veste homme,https://www.celio.com/fr-fr/c/blousons-et-manteaux-vestes,8.2,1,154
2026-09-23,celio,veste homme,https://www.celio.com/fr-fr/c/costumes-vestes-de-costume,12,0,2
2026-09-23,celio,veste homme,https://www.celio.com/fr-fr/store?StoreID=0227,10,0,2
2026-09-23,celio,veste homme,https://www.celio.com/fr-fr/store?StoreID=0266,6,0,2
2026-09-23,celio,veste homme,https://www.celio.com/fr-fr/store?StoreID=0603,11.5,0,2
2026-09-23,celio,veste homme,https://www.celio.com/fr-fr/store?StoreID=0690,7.7,0,3
2026-09-23,celio,veste homme,https://www.celio.com/fr-fr/store?StoreID=0769,11,0,3
2026-09-23,celio,veste homme,https://www.celio.com/fr-fr/store?StoreID=0774,8.5,0,2
2026-09-23,celio,veste homme,https://www.celio.com/fr-fr/store?StoreID=0837,2,0,2
2026-09-23,celio,veste homme,https://www.celio.com/fr-fr/store?StoreID=1461,10.5,0,2
2026-09-24,celio,veste homme,https://www.celio.com/fr-be/c/manteaux-vestes,7,1,27
2026-09-24,celio,veste homme,https://www.celio.com/fr-be/store?StoreID=0389,3,0,2
2026-09-24,celio,veste homme,https://www.celio.com/fr-fr/c/blousons-et-manteaux,8.8,0,4
2026-09-24,celio,veste homme,https://www.celio.com/fr-fr/c/blousons-et-manteaux-vestes,7.7,0,175
2026-09-24,celio,veste homme,https://www.celio.com/fr-fr/c/costumes-vestes-de-costume,6.5,0,2
2026-09-24,celio,veste homme,https://www.celio.com/fr-fr/store?StoreID=0037,11,0,3
2026-09-24,celio,veste homme,https://www.celio.com/fr-fr/store?StoreID=0068,10,0,2
2026-09-24,celio,veste homme,https://www.celio.com/fr-fr/store?StoreID=0129,21.5,0,2
2026-09-24,celio,veste homme,https://www.celio.com/fr-fr/store?StoreID=0179,11,0,3
2026-09-24,celio,veste homme,https://www.celio.com/fr-fr/store?StoreID=0207,8,0,2
2026-09-24,celio,veste homme,https://www.celio.com/fr-fr/store?StoreID=0266,7,0,2
2026-09-24,celio,veste homme,https://www.celio.com/fr-fr/store?StoreID=0615,6,0,3
2026-09-24,celio,veste homme,https://www.celio.com/fr-fr/store?StoreID=0690,9,0,2
2026-09-24,celio,veste homme,https://www.celio.com/fr-fr/store?StoreID=0769,6.3,0,6
2026-09-24,celio,veste homme,https://www.celio.com/fr-fr/store?StoreID=1040,10.5,0,2
2026-09-24,celio,veste homme,https://www.celio.com/fr-fr/store?StoreID=1625,7,0,2
2026-09-25,celio,veste homme,https://www.celio.com/fr-be/c/manteaux-vestes,7.2,0,26
2026-09-25,celio,veste homme,https://www.celio.com/fr-be/c/vestes-vestes-beiges,72.5,0,2
2026-09-25,celio,veste homme,https://www.celio.com/fr-fr/c/blousons-et-manteaux-vestes,8.5,2,143
2026-09-25,celio,veste homme,https://www.celio.com/fr-fr/c/vestes-vestes-legeres,17,0,2
2026-09-25,celio,veste homme,https://www.celio.com/fr-fr/p/elden-ring---veste-en-jean-sable/1202392.html,37.5,0,2
2026-09-25,celio,veste homme,https://www.celio.com/fr-fr/store?StoreID=0013,9.5,0,2
2026-09-25,celio,veste homme,https://www.celio.com/fr-fr/store?StoreID=0025,2,0,2
2026-09-25,celio,veste homme,https://www.celio.com/fr-fr/store?StoreID=0044,9.3,0,3
2026-09-25,celio,veste homme,https://www.celio.com/fr-fr/store?StoreID=0207,10,0,2
2026-09-25,celio,veste homme,https://www.celio.com/fr-fr/store?StoreID=0224,6.7,0,3
2026-09-25,celio,veste homme,https://www.celio.com/fr-fr/store?StoreID=0614,9,0,3
2026-09-25,celio,veste homme,https://www.celio.com/fr-fr/store?StoreID=0615,8.5,0,2
2026-09-25,celio,veste homme,https://www.celio.com/fr-fr/store?StoreID=0762,10,0,2
2026-09-25,celio,veste homme,https://www.celio.com/fr-fr/store?StoreID=0769,8,0,2
2026-09-25,celio,veste homme,https://www.celio.com/fr-fr/store?StoreID=1444,9,0,2
2026-09-25,celio,veste homme,https://www.celio.com/fr-fr/store?StoreID=1625,5,0,2
2026-09-25,celio,veste homme,https://www.celio.com/fr-fr/store?StoreID=1644,4.5,0,2
2026-09-26,celio,veste homme,https://www.celio.com/fr-be/c/manteaux-vestes,9.3,0,23
2026-09-26,celio,veste homme,https://www.celio.com/fr-be/c/vestes-vestes-beiges,53,0,2
2026-09-26,celio,veste homme,https://www.celio.com/fr-be/store?StoreID=0389,8.5,0,2
2026-09-26,celio,veste homme,https://www.celio.com/fr-fr/c/blousons-et-manteaux,11.3,0,3
2026-09-26,celio,veste homme,https://www.celio.com/fr-fr/c/blousons-et-manteaux-vestes,7.8,8,231
2026-09-26,celio,veste homme,https://www.celio.com/fr-fr/store?StoreID=0013,6.7,0,3
2026-09-26,celio,veste homme,https://www.celio.com/fr-fr/store?StoreID=0122,6.5,0,2
2026-09-26,celio,veste homme,https://www.celio.com/fr-fr/store?StoreID=0179,4.5,0,2
2026-09-26,celio,veste homme,https://www.celio.com/fr-fr/store?StoreID=0199,8.5,0,2
2026-09-26,celio,veste homme,https://www.celio.com/fr-fr/store?StoreID=0263,6,0,3
2026-09-26,celio,veste homme,https://www.celio.com/fr-fr/store?StoreID=0266,2,0,3
2026-09-26,celio,veste homme,https://www.celio.com/fr-fr/store?StoreID=0284,6,0,2
2026-09-26,celio,veste homme,https://www.celio.com/fr-fr/store?StoreID=0293,8.3,0,3
2026-09-26,celio,veste homme,https://www.celio.com/fr-fr/store?StoreID=0296,8,0,2
2026-09-26,celio,veste homme,https://www.celio.com/fr-fr/store?StoreID=0603,5,0,3
2026-09-26,celio,veste homme,https://www.celio.com/fr-fr/store?StoreID=0655,7.5,0,4
2026-09-26,celio,veste homme,https://www.celio.com/fr-fr/store?StoreID=0690,5.7,0,3
2026-09-26,celio,veste homme,https://www.celio.com/fr-fr/store?StoreID=0698,8.5,0,2
2026-09-26,celio,veste homme,https://www.celio.com/fr-fr/store?StoreID=0769,8.2,0,4
2026-09-26,celio,veste homme,https://www.celio.com/fr-fr/store?StoreID=0774,7,0,2
2026-09-26,celio,veste homme,https://www.celio.com/fr-fr/store?StoreID=1040,4,0,2
2026-09-26,celio,veste homme,https://www.celio.com/fr-fr/store?StoreID=1435,5.5,0,2
2026-09-26,celio,veste homme,https://www.celio.com/fr-fr/store?StoreID=1451,7.5,0,2
2026-09-26,celio,veste homme,https://www.celio.com/fr-fr/store?StoreID=1461,4.7,0,3
2026-09-26,celio,veste homme,https://www.celio.com/fr-fr/store?StoreID=1463,3.5,0,2
2026-09-26,celio,veste homme,https://www.celio.com/fr-fr/store?StoreID=1613,5,0,2
2026-09-27,celio,veste homme,https://www.celio.com/es-es/store?StoreID=3012,7,0,2
2026-09-27,celio,veste homme,https://www.celio.com/fr-be/c/manteaux-vestes,6.4,1,22
2026-09-27,celio,veste homme,https://www.celio.com/fr-be/c/vestes-vestes-beiges,54.5,0,2
2026-09-27,celio,veste homme,https://www.celio.com/fr-be/c/vestes-vestes-legeres,39,0,2
2026-09-27,celio,veste homme,https://www.celio.com/fr-be/store?StoreID=3516,4.5,0,4
2026-09-27,celio,veste homme,https://www.celio.com/fr-fr/c/blousons-et-manteaux,8.5,0,2
2026-09-27,celio,veste homme,https://www.celio.com/fr-fr/c/blousons-et-manteaux-vestes,7.6,7,276
2026-09-27,celio,veste homme,https://www.celio.com/fr-fr/p/elden-ring---veste-en-jean-sable/1202392.html,25.5,0,2
2026-09-27,celio,veste homme,https://www.celio.com/fr-fr/store?StoreID=0013,5.5,0,6
2026-09-27,celio,veste homme,https://www.celio.com/fr-fr/store?StoreID=0031,2,0,3
2026-09-27,celio,veste homme,https://www.celio.com/fr-fr/store?StoreID=0080,5,0,2
2026-09-27,celio,veste homme,https://www.celio.com/fr-fr/store?StoreID=0085,6.2,0,4
2026-09-27,celio,veste homme,https://www.celio.com/fr-fr/store?StoreID=0110,3,0,2
2026-09-27,celio,veste homme,https://www.celio.com/fr-fr/store?StoreID=0137,4,0,2
2026-09-27,celio,veste homme,https://www.celio.com/fr-fr/store?StoreID=0179,6.5,0,2
2026-09-27,celio,veste homme,https://www.celio.com/fr-fr/store?StoreID=0207,5.3,0,3
2026-09-27,celio,veste homme,https://www.celio.com/fr-fr/store?StoreID=0224,5,0,3
2026-09-27,celio,veste homme,https://www.celio.com/fr-fr/store?StoreID=0263,9.3,0,3
2026-09-27,celio,veste homme,https://www.celio.com/fr-fr/store?StoreID=0267,2,0,2
2026-09-27,celio,veste homme,https://www.celio.com/fr-fr/store?StoreID=0296,7.5,0,2
2026-09-27,celio,veste homme,https://www.celio.com/fr-fr/store?StoreID=0603,4.3,0,3
2026-09-27,celio,veste homme,https://www.celio.com/fr-fr/store?StoreID=0614,7.3,0,3
2026-09-27,celio,veste homme,https://www.celio.com/fr-fr/store?StoreID=0632,10,0,2
2026-09-27,celio,veste homme,https://www.celio.com/fr-fr/store?StoreID=0690,5.7,0,7
2026-09-27,celio,veste homme,https://www.celio.com/fr-fr/store?StoreID=0745,8,0,2
2026-09-27,celio,veste homme,https://www.celio.com/fr-fr/store?StoreID=0769,4,0,3
2026-09-27,celio,veste homme,https://www.celio.com/fr-fr/store?StoreID=0770,7.3,0,3
2026-09-27,celio,veste homme,https://www.celio.com/fr-fr/store?StoreID=0771,3.5,0,2
2026-09-27,celio,veste homme,https://www.celio.com/fr-fr/store?StoreID=0774,5,0,2
2026-09-27,celio,veste homme,https://www.celio.com/fr-fr/store?StoreID=1492,2,0,2
2026-09-27,celio,veste homme,https://www.celio.com/fr-fr/store?StoreID=1689,5.5,0,2
2026-09-28,celio,veste homme,https://www.celio.com/fr-be/c/manteaux-vestes,7.1,2,23
2026-09-28,celio,veste homme,https://www.celio.com/fr-be/store?StoreID=0389,5,0,2
2026-09-28,celio,veste homme,https://www.celio.com/fr-be/store?StoreID=3516,6.7,0,3
2026-09-28,celio,veste homme,https://www.celio.com/fr-fr/c/blousons-et-manteaux-vestes,7.7,2,223
2026-09-28,celio,veste homme,https://www.celio.com/fr-fr/store?StoreID=0013,7,0,2
2026-09-28,celio,veste homme,https://www.celio.com/fr-fr/store?StoreID=0179,9,0,2
2026-09-28,celio,veste homme,https://www.celio.com/fr-fr/store?StoreID=0207,10,0,2
2026-09-28,celio,veste homme,https://www.celio.com/fr-fr/store?StoreID=0266,8.5,0,2
2026-09-28,celio,veste homme,https://www.celio.com/fr-fr/store?StoreID=0267,8,0,2
2026-09-28,celio,veste homme,https://www.celio.com/fr-fr/store?StoreID=0291,8,0,2
2026-09-28,celio,veste homme,https://www.celio.com/fr-fr/store?StoreID=0603,6.7,0,3
2026-09-28,celio,veste homme,https://www.celio.com/fr-fr/store?StoreID=0632,5,0,2
2026-09-28,celio,veste homme,https://www.celio.com/fr-fr/store?StoreID=0656,7.2,0,5
2026-09-28,celio,veste homme,https://www.celio.com/fr-fr/store?StoreID=0671,2,0,2
2026-09-28,celio,veste homme,https://www.celio.com/fr-fr/store?StoreID=0686,9.3,0,3
2026-09-28,celio,veste homme,https://www.celio.com/fr-fr/store?StoreID=0690,7.5,0,2
2026-09-28,celio,veste homme,https://www.celio.com/fr-fr/store?StoreID=0698,8.2,0,4
2026-09-28,celio,veste homme,https://www.celio.com/fr-fr/store?StoreID=0767,5,0,2
2026-09-28,celio,veste homme,https://www.celio.com/fr-fr/store?StoreID=0774,10,0,2
2026-09-28,celio,veste homme,https://www.celio.com/fr-fr/store?StoreID=1035,8,0,2
2026-09-28,celio,veste homme,https://www.celio.com/fr-fr/store?StoreID=1459,6,0,2
2026-09-28,celio,veste homme,https://www.celio.com/fr-fr/store?StoreID=1461,10,0,2
2026-09-28,celio,veste homme,https://www.celio.com/fr-fr/store?StoreID=1463,10,0,3
2026-09-28,celio,veste homme,https://www.celio.com/fr-fr/store?StoreID=1482,11,0,3
2026-09-29,celio,veste homme,https://www.celio.com/fr-be/c/manteaux-vestes,7,1,11
2026-09-29,celio,veste homme,https://www.celio.com/fr-fr/c/blousons-et-manteaux,26,0,3
2026-09-29,celio,veste homme,https://www.celio.com/fr-fr/c/blousons-et-manteaux-vestes,9.4,4,348
2026-09-29,celio,veste homme,https://www.celio.com/fr-fr/p/elden-ring---veste-en-jean-sable/1202392.html,42,0,2
2026-09-29,celio,veste homme,https://www.celio.com/fr-fr/store?StoreID=0235,6.5,0,2
2026-09-29,celio,veste homme,https://www.celio.com/fr-fr/store?StoreID=0676,6,0,2
2026-09-29,celio,veste homme,https://www.celio.com/fr-fr/store?StoreID=0690,5,0,3
2026-09-29,celio,veste homme,https://www.celio.com/fr-fr/store?StoreID=0698,8.5,0,2
2026-09-29,celio,veste homme,https://www.celio.com/fr-fr/store?StoreID=1618,2.5,0,2
2026-09-29,celio,veste homme,https://www.celio.com/fr-fr/store?StoreID=1675,10,0,2
2026-09-30,celio,veste homme,https://www.celio.com/fr-be/c/manteaux-vestes,10.4,0,13
2026-09-30,celio,veste homme,https://www.celio.com/fr-be/store?StoreID=3516,11,0,2
2026-09-30,celio,veste homme,https://www.celio.com/fr-fr/c/blousons-et-manteaux,26.8,0,4
2026-09-30,celio,veste homme,https://www.celio.com/fr-fr/c/blousons-et-manteaux-vestes,6.9,7,212
2026-09-30,celio,veste homme,https://www.celio.com/fr-fr/store?StoreID=0036,11,0,3
2026-09-30,celio,veste homme,https://www.celio.com/fr-fr/store?StoreID=0187,2,0,2
2026-09-30,celio,veste homme,https://www.celio.com/fr-fr/store?StoreID=0603,8,0,2
2026-09-30,celio,veste homme,https://www.celio.com/fr-fr/store?StoreID=0615,11,0,2
2026-09-30,celio,veste homme,https://www.celio.com/fr-fr/store?StoreID=0679,10,0,2
2026-09-30,celio,veste homme,https://www.celio.com/fr-fr/store?StoreID=0698,8,0,3
2026-09-30,celio,veste homme,https://www.celio.com/fr-fr/store?StoreID=0767,12,0,2
2026-09-30,celio,veste homme,https://www.celio.com/fr-fr/store?StoreID=0771,4.5,0,2
2026-09-30,celio,veste homme,https://www.celio.com/fr-fr/store?StoreID=0774,7.7,0,3
