date,site,country,query,position,clicks,impressions,data_state
2026-05-28,pranarom,all,allergie moustique,8.9,2,77,final
2026-05-29,pranarom,all,allergie moustique,7.9,2,107,final
2026-05-30,pranarom,all,allergie moustique,9.4,1,89,final
2026-05-31,pranarom,all,allergie moustique,9.7,2,63,final
2026-06-01,pranarom,all,allergie moustique,8.5,1,86,final
2026-06-02,pranarom,all,allergie moustique,8.1,0,58,final
2026-06-03,pranarom,all,allergie moustique,8.8,0,36,final
2026-06-04,pranarom,all,allergie moustique,9.2,0,21,final
2026-06-05,pranarom,all,allergie moustique,8.7,0,33,final
2026-06-06,pranarom,all,allergie moustique,8.9,0,14,final
2026-06-07,pranarom,all,allergie moustique,8.9,0,33,final
2026-06-08,pranarom,all,allergie moustique,8.6,0,41,final
2026-06-09,pranarom,all,allergie moustique,9.4,0,46,final
2026-06-10,pranarom,all,allergie moustique,9.5,0,31,final
2026-06-11,pranarom,all,allergie moustique,8.7,0,24,final
2026-06-12,pranarom,all,allergie moustique,8.7,0,34,final
2026-06-13,pranarom,all,allergie moustique,4.3,2,48,final
2026-06-14,pranarom,all,allergie moustique,1.3,6,75,final
2026-06-15,pranarom,all,allergie moustique,1.2,4,75,final
2026-06-16,pranarom,all,allergie moustique,1.4,11,81,final
2026-06-17,pranarom,all,allergie moustique,1.5,11,77,final
2026-06-18,pranarom,all,allergie moustique,1.4,8,74,final
2026-06-19,pranarom,all,allergie moustique,1.2,8,95,final
2026-06-20,pranarom,all,allergie moustique,1.5,8,83,final
2026-06-21,pranarom,all,allergie moustique,4.6,2,118,final
2026-06-22,pranarom,all,allergie moustique,5.8,2,116,final
2026-06-23,pranarom,all,allergie moustique,5.3,3,101,final
2026-06-24,pranarom,all,allergie moustique,1.5,6,111,final
2026-06-25,pranarom,all,allergie moustique,1.1,2,84,final
2026-06-26,pranarom,all,allergie moustique,2.1,7,110,final
2026-06-27,pranarom,all,allergie moustique,2.0,8,114,final
2026-06-28,pranarom,all,allergie moustique,2.6,4,105,final
2026-06-29,pranarom,all,allergie moustique,1.5,7,97,final
2026-06-30,pranarom,all,allergie moustique,4.0,1,94,final
2026-07-01,pranarom,all,allergie moustique,4.1,0,65,final
2026-07-02,pranarom,all,allergie moustique,4.0,2,70,final
2026-07-03,pranarom,all,allergie moustique,4,0,57,final
2026-07-04,pranarom,all,allergie moustique,3.8,2,70,final
2026-07-05,pranarom,all,allergie moustique,3.7,1,80,final
2026-07-06,pranarom,all,allergie moustique,4.0,1,86,final
2026-07-07,pranarom,all,allergie moustique,4.0,1,84,final
2026-07-08,pranarom,all,allergie moustique,4.0,0,95,final
2026-07-09,pranarom,all,allergie moustique,3.7,4,92,final
2026-07-10,pranarom,all,allergie moustique,4.0,3,92,final
2026-07-11,pranarom,all,allergie moustique,4.5,1,101,final
2026-07-12,pranarom,all,allergie moustique,4.5,3,127,final
2026-07-13,pranarom,all,allergie moustique,4.4,2,111,final
2026-07-14,pranarom,all,allergie moustique,3.5,2,102,final
2026-07-15,pranarom,all,allergie moustique,3.5,4,128,final
2026-07-16,pranarom,all,allergie moustique,3.5,8,103,final
2026-07-17,pranarom,all,allergie moustique,3.1,1,104,final
2026-07-18,pranarom,all,allergie moustique,3.3,3,102,final
2026-07-19,pranarom,all,allergie moustique,3.2,7,81,final
2026-07-20,pranarom,all,allergie moustique,3.0,3,76,final
2026-07-21,pranarom,all,allergie moustique,2.9,4,76,final
2026-07-22,pranarom,all,allergie moustique,3.2,1,69,final
2026-07-23,pranarom,all,allergie moustique,2.4,4,68,final
2026-07-24,pranarom,all,allergie moustique,2.7,3,76,final
2026-07-25,pranarom,all,allergie moustique,3.0,2,81,final
2026-07-26,pranarom,all,allergie moustique,2.7,8,81,final
2026-07-27,pranarom,all,allergie moustique,2.5,5,102,final
2026-07-28,pranarom,all,allergie moustique,2.4,7,84,final
2026-07-29,pranarom,all,allergie moustique,2.1,4,91,final
2026-07-30,pranarom,all,allergie moustique,2.5,6,104,final
2026-07-31,pranarom,all,allergie moustique,2.4,0,99,final
2026-08-01,pranarom,all,allergie moustique,2.9,4,102,final
2026-08-02,pranarom,all,allergie moustique,2.2,4,134,final
2026-08-03,pranarom,all,allergie moustique,2.4,4,110,final
2026-08-04,pranarom,all,allergie moustique,2.3,8,129,final
2026-08-05,pranarom,all,allergie moustique,2.3,6,112,final
2026-08-06,pranarom,all,allergie moustique,2.2,4,92,final
2026-08-07,pranarom,all,allergie moustique,2.3,4,77,final
2026-08-08,pranarom,all,allergie moustique,2.3,2,91,final
2026-08-09,pranarom,all,allergie moustique,2.9,7,102,final
2026-08-10,pranarom,all,allergie moustique,2.4,6,143,final
2026-08-11,pranarom,all,allergie moustique,2.2,9,126,final
2026-08-12,pranarom,all,allergie moustique,2.3,6,114,final
2026-08-13,pranarom,all,allergie moustique,2,6,113,final
2026-08-14,pranarom,all,allergie moustique,2.1,7,92,final
2026-08-15,pranarom,all,allergie moustique,1.9,6,116,final
2026-08-16,pranarom,all,allergie moustique,2.1,13,131,final
2026-08-17,pranarom,all,allergie moustique,1.9,11,119,final
2026-08-18,pranarom,all,allergie moustique,2.1,4,90,final
2026-08-19,pranarom,all,allergie moustique,2.2,6,93,final
2026-08-20,pranarom,all,allergie moustique,2.1,3,95,final
2026-08-21,pranarom,all,allergie moustique,1.9,2,50,final
2026-08-22,pranarom,all,allergie moustique,2.1,4,55,final
2026-08-23,pranarom,all,allergie moustique,2.5,3,68,final
2026-08-24,pranarom,all,allergie moustique,1.9,5,74,final
2026-08-25,pranarom,all,allergie moustique,1.9,11,83,final
2026-08-26,pranarom,all,allergie moustique,1.7,3,79,final
2026-08-27,pranarom,all,allergie moustique,2.0,5,71,final
2026-08-28,pranarom,all,allergie moustique,2.3,7,63,final
2026-08-29,pranarom,all,allergie moustique,2.0,6,58,final
2026-08-30,pranarom,all,allergie moustique,2.3,2,69,final
2026-08-31,pranarom,all,allergie moustique,2.1,3,63,final
2026-09-01,pranarom,all,allergie moustique,1.9,2,53,final
2026-09-02,pranarom,all,allergie moustique,1.7,6,63,final
2026-09-03,pranarom,all,allergie moustique,2.1,6,78,final
2026-09-04,pranarom,all,allergie moustique,2,5,55,final
2026-09-05,pranarom,all,allergie moustique,1.8,2,66,final
2026-09-06,pranarom,all,allergie moustique,1.9,6,77,final
2026-09-07,pranarom,all,allergie moustique,1.7,6,87,final
2026-09-08,pranarom,all,allergie moustique,1.8,2,68,final
2026-09-09,pranarom,all,allergie moustique,2.0,3,41,final
2026-09-10,pranarom,all,allergie moustique,1.9,0,19,final
2026-09-11,pranarom,all,allergie moustique,1.3,1,41,final
2026-09-12,pranarom,all,allergie moustique,1.3,4,43,final
2026-09-13,pranarom,all,allergie moustique,2.2,4,71,final
2026-09-14,pranarom,all,allergie moustique,1.4,4,56,final
2026-09-15,pranarom,all,allergie moustique,1.3,11,64,final
2026-09-16,pranarom,all,allergie moustique,1.9,2,46,final
2026-09-17,pranarom,all,allergie moustique,1.9,0,29,final
2026-09-18,pranarom,all,allergie moustique,1.9,0,26,final
2026-09-19,pranarom,all,allergie moustique,1.9,1,35,final
2026-09-20,pranarom,all,allergie moustique,1.8,5,43,final
2026-09-21,pranarom,all,allergie moustique,1.5,1,48,final
2026-09-22,pranarom,all,allergie moustique,1.6,1,43,final
2026-09-23,pranarom,all,allergie moustique,2.3,2,47,final
2026-09-24,pranarom,all,allergie moustique,1.6,3,36,final
2026-09-25,pranarom,all,allergie moustique,1.7,3,30,final
2026-09-26,pranarom,all,allergie moustique,2.2,2,35,final
2026-09-27,pranarom,all,allergie moustique,1.7,3,52,final
2026-09-28,pranarom,all,allergie moustique,2.1,2,34,final
2026-09-29,pranarom,all,allergie moustique,1.9,2,49,final
2026-09-30,pranarom,all,allergie moustique,4,2,35,final
2026-10-01,pranarom,all,allergie moustique,2.0,4,24,fresh
2026-10-02,pranarom,all,allergie moustique,1.4,3,26,fresh
2026-05-28,pranarom,all,allergie piqure moustique,9.8,0,56,final
2026-05-29,pranarom,all,allergie piqure moustique,9.4,1,114,final
2026-05-30,pranarom,all,allergie piqure moustique,10.2,0,184,final
2026-05-31,pranarom,all,allergie piqure moustique,10.5,0,240,final
2026-06-01,pranarom,all,allergie piqure moustique,10.6,0,175,final
2026-06-02,pranarom,all,allergie piqure moustique,10.6,1,111,final
2026-06-03,pranarom,all,allergie piqure moustique,10.4,0,43,final
2026-06-04,pranarom,all,allergie piqure moustique,10,0,28,final
2026-06-05,pranarom,all,allergie piqure moustique,10.5,0,27,final
2026-06-06,pranarom,all,allergie piqure moustique,10.1,0,27,final
2026-06-07,pranarom,all,allergie piqure moustique,10.1,0,42,final
2026-06-08,pranarom,all,allergie piqure moustique,10.0,2,66,final
2026-06-09,pranarom,all,allergie piqure moustique,9.9,0,77,final
2026-06-10,pranarom,all,allergie piqure moustique,10.0,0,49,final
2026-06-11,pranarom,all,allergie piqure moustique,10.1,0,68,final
2026-06-12,pranarom,all,allergie piqure moustique,8.1,0,67,final
2026-06-13,pranarom,all,allergie piqure moustique,7.5,1,92,final
2026-06-14,pranarom,all,allergie piqure moustique,7.0,0,133,final
2026-06-15,pranarom,all,allergie piqure moustique,7.0,1,160,final
2026-06-16,pranarom,all,allergie piqure moustique,7.0,0,133,final
2026-06-17,pranarom,all,allergie piqure moustique,6.2,0,172,final
2026-06-18,pranarom,all,allergie piqure moustique,6.9,0,152,final
2026-06-19,pranarom,all,allergie piqure moustique,7.2,1,118,final
2026-06-20,pranarom,all,allergie piqure moustique,7.3,3,152,final
2026-06-21,pranarom,all,allergie piqure moustique,6.7,2,227,final
2026-06-22,pranarom,all,allergie piqure moustique,5.9,2,218,final
2026-06-23,pranarom,all,allergie piqure moustique,6.1,5,176,final
2026-06-24,pranarom,all,allergie piqure moustique,1.9,14,189,final
2026-06-25,pranarom,all,allergie piqure moustique,3.0,10,207,final
2026-06-26,pranarom,all,allergie piqure moustique,3.3,9,181,final
2026-06-27,pranarom,all,allergie piqure moustique,2.9,5,194,final
2026-06-28,pranarom,all,allergie piqure moustique,3.1,13,231,final
2026-06-29,pranarom,all,allergie piqure moustique,2.6,20,197,final
2026-06-30,pranarom,all,allergie piqure moustique,1.3,14,139,final
2026-07-01,pranarom,all,allergie piqure moustique,1.3,10,157,final
2026-07-02,pranarom,all,allergie piqure moustique,1.0,12,140,final
2026-07-03,pranarom,all,allergie piqure moustique,1.0,4,93,final
2026-07-04,pranarom,all,allergie piqure moustique,1,12,129,final
2026-07-05,pranarom,all,allergie piqure moustique,1.0,28,186,final
2026-07-06,pranarom,all,allergie piqure moustique,1.1,18,168,final
2026-07-07,pranarom,all,allergie piqure moustique,1.0,14,125,final
2026-07-08,pranarom,all,allergie piqure moustique,1.0,18,187,final
2026-07-09,pranarom,all,allergie piqure moustique,1.0,15,189,final
2026-07-10,pranarom,all,allergie piqure moustique,2.5,13,182,final
2026-07-11,pranarom,all,allergie piqure moustique,2.9,12,216,final
2026-07-12,pranarom,all,allergie piqure moustique,3.3,8,272,final
2026-07-13,pranarom,all,allergie piqure moustique,3.1,10,243,final
2026-07-14,pranarom,all,allergie piqure moustique,3.1,18,241,final
2026-07-15,pranarom,all,allergie piqure moustique,3.0,17,240,final
2026-07-16,pranarom,all,allergie piqure moustique,3.0,12,222,final
2026-07-17,pranarom,all,allergie piqure moustique,3.1,11,154,final
2026-07-18,pranarom,all,allergie piqure moustique,3.0,8,149,final
2026-07-19,pranarom,all,allergie piqure moustique,3.0,11,204,final
2026-07-20,pranarom,all,allergie piqure moustique,3.0,15,179,final
2026-07-21,pranarom,all,allergie piqure moustique,2.9,4,134,final
2026-07-22,pranarom,all,allergie piqure moustique,2.9,5,148,final
2026-07-23,pranarom,all,allergie piqure moustique,1.9,15,143,final
2026-07-24,pranarom,all,allergie piqure moustique,1.9,4,115,final
2026-07-25,pranarom,all,allergie piqure moustique,1.8,16,165,final
2026-07-26,pranarom,all,allergie piqure moustique,1.8,14,120,final
2026-07-27,pranarom,all,allergie piqure moustique,2.3,9,120,final
2026-07-28,pranarom,all,allergie piqure moustique,1.9,20,230,final
2026-07-29,pranarom,all,allergie piqure moustique,1.7,32,208,final
2026-07-30,pranarom,all,allergie piqure moustique,2.3,22,250,final
2026-07-31,pranarom,all,allergie piqure moustique,2.5,6,216,final
2026-08-01,pranarom,all,allergie piqure moustique,3.2,6,194,final
2026-08-02,pranarom,all,allergie piqure moustique,2.5,13,199,final
2026-08-03,pranarom,all,allergie piqure moustique,2.3,15,289,final
2026-08-04,pranarom,all,allergie piqure moustique,2.5,17,216,final
2026-08-05,pranarom,all,allergie piqure moustique,2.3,17,263,final
2026-08-06,pranarom,all,allergie piqure moustique,2.3,12,198,final
2026-08-07,pranarom,all,allergie piqure moustique,2.5,9,193,final
2026-08-08,pranarom,all,allergie piqure moustique,2.4,8,161,final
2026-08-09,pranarom,all,allergie piqure moustique,2.3,15,282,final
2026-08-10,pranarom,all,allergie piqure moustique,2.3,18,312,final
2026-08-11,pranarom,all,allergie piqure moustique,2.5,13,236,final
2026-08-12,pranarom,all,allergie piqure moustique,2.5,6,237,final
2026-08-13,pranarom,all,allergie piqure moustique,2.6,9,194,final
2026-08-14,pranarom,all,allergie piqure moustique,2.0,14,264,final
2026-08-15,pranarom,all,allergie piqure moustique,2.5,17,243,final
2026-08-16,pranarom,all,allergie piqure moustique,2.2,25,310,final
2026-08-17,pranarom,all,allergie piqure moustique,2.1,5,214,final
2026-08-18,pranarom,all,allergie piqure moustique,2.3,15,275,final
2026-08-19,pranarom,all,allergie piqure moustique,2.2,13,212,final
2026-08-20,pranarom,all,allergie piqure moustique,2.2,10,125,final
2026-08-21,pranarom,all,allergie piqure moustique,2.5,18,157,final
2026-08-22,pranarom,all,allergie piqure moustique,2.1,11,162,final
2026-08-23,pranarom,all,allergie piqure moustique,2.3,25,201,final
2026-08-24,pranarom,all,allergie piqure moustique,2.2,9,124,final
2026-08-25,pranarom,all,allergie piqure moustique,2.2,12,187,final
2026-08-26,pranarom,all,allergie piqure moustique,2.3,20,145,final
2026-08-27,pranarom,all,allergie piqure moustique,2.2,14,212,final
2026-08-28,pranarom,all,allergie piqure moustique,1.9,12,147,final
2026-08-29,pranarom,all,allergie piqure moustique,1.9,13,127,final
2026-08-30,pranarom,all,allergie piqure moustique,1.9,11,145,final
2026-08-31,pranarom,all,allergie piqure moustique,2.1,15,160,final
2026-09-01,pranarom,all,allergie piqure moustique,1.7,9,114,final
2026-09-02,pranarom,all,allergie piqure moustique,1.6,12,146,final
2026-09-03,pranarom,all,allergie piqure moustique,1.7,14,158,final
2026-09-04,pranarom,all,allergie piqure moustique,1.6,23,199,final
2026-09-05,pranarom,all,allergie piqure moustique,1.6,12,170,final
2026-09-06,pranarom,all,allergie piqure moustique,1.7,19,196,final
2026-09-07,pranarom,all,allergie piqure moustique,1.5,11,180,final
2026-09-08,pranarom,all,allergie piqure moustique,2.1,8,93,final
2026-09-09,pranarom,all,allergie piqure moustique,1.8,6,140,final
2026-09-10,pranarom,all,allergie piqure moustique,1.7,10,103,final
2026-09-11,pranarom,all,allergie piqure moustique,1.5,6,115,final
2026-09-12,pranarom,all,allergie piqure moustique,1.4,20,141,final
2026-09-13,pranarom,all,allergie piqure moustique,1.8,15,203,final
2026-09-14,pranarom,all,allergie piqure moustique,1.7,23,241,final
2026-09-15,pranarom,all,allergie piqure moustique,1.4,25,180,final
2026-09-16,pranarom,all,allergie piqure moustique,1.9,13,155,final
2026-09-17,pranarom,all,allergie piqure moustique,2.1,4,80,final
2026-09-18,pranarom,all,allergie piqure moustique,2.1,5,70,final
2026-09-19,pranarom,all,allergie piqure moustique,1.7,6,101,final
2026-09-20,pranarom,all,allergie piqure moustique,1.6,16,148,final
2026-09-21,pranarom,all,allergie piqure moustique,1.7,15,121,final
2026-09-22,pranarom,all,allergie piqure moustique,1.4,11,117,final
2026-09-23,pranarom,all,allergie piqure moustique,1.5,9,104,final
2026-09-24,pranarom,all,allergie piqure moustique,2.0,9,134,final
2026-09-25,pranarom,all,allergie piqure moustique,2.4,12,134,final
2026-09-26,pranarom,all,allergie piqure moustique,1.6,13,139,final
2026-09-27,pranarom,all,allergie piqure moustique,1.8,11,151,final
2026-09-28,pranarom,all,allergie piqure moustique,1.5,10,112,final
2026-09-29,pranarom,all,allergie piqure moustique,1.8,17,140,final
2026-09-30,pranarom,all,allergie piqure moustique,1.8,8,126,final
2026-10-01,pranarom,all,allergie piqure moustique,1.8,8,89,fresh
2026-10-02,pranarom,all,allergie piqure moustique,1.3,6,61,fresh
2025-06-10,pranarom,all,aromaforce,2.9,2,19,final
2025-06-11,pranarom,all,aromaforce,3.5,1,23,final
2025-06-12,pranarom,all,aromaforce,5,3,23,final
2025-06-13,pranarom,all,aromaforce,2.1,0,8,final
2025-06-14,pranarom,all,aromaforce,3.7,0,9,final
2025-06-15,pranarom,all,aromaforce,1.5,1,11,final
2025-06-16,pranarom,all,aromaforce,2,0,17,final
2025-06-17,pranarom,all,aromaforce,6.7,0,17,final
2025-06-18,pranarom,all,aromaforce,1.2,1,13,final
2025-06-19,pranarom,all,aromaforce,7.5,0,21,final
2025-06-20,pranarom,all,aromaforce,5.4,5,22,final
2025-06-21,pranarom,all,aromaforce,1.2,1,9,final
2025-06-22,pranarom,all,aromaforce,2.3,0,12,final
2025-06-23,pranarom,all,aromaforce,2.1,1,15,final
2025-06-24,pranarom,all,aromaforce,1.2,0,9,final
2025-06-25,pranarom,all,aromaforce,2,1,22,final
2025-06-26,pranarom,all,aromaforce,2.7,1,19,final
2025-06-27,pranarom,all,aromaforce,4.6,2,21,final
2025-06-28,pranarom,all,aromaforce,8.1,1,15,final
2025-06-29,pranarom,all,aromaforce,4,2,15,final
2025-06-30,pranarom,all,aromaforce,1.8,2,18,final
2025-07-01,pranarom,all,aromaforce,2.6,2,18,final
2025-07-02,pranarom,all,aromaforce,1.8,0,12,final
2025-07-03,pranarom,all,aromaforce,2.4,1,12,final
2025-07-04,pranarom,all,aromaforce,1.5,0,15,final
2025-07-05,pranarom,all,aromaforce,1.4,0,9,final
2025-07-06,pranarom,all,aromaforce,5.4,0,13,final
2025-07-07,pranarom,all,aromaforce,1.5,0,17,final
2025-07-08,pranarom,all,aromaforce,2.2,0,8,final
2025-07-09,pranarom,all,aromaforce,3.0,0,25,final
2025-07-10,pranarom,all,aromaforce,2.2,1,17,final
2025-07-11,pranarom,all,aromaforce,2.5,0,17,final
2025-07-12,pranarom,all,aromaforce,2.6,0,10,final
2025-07-13,pranarom,all,aromaforce,7.2,1,19,final
2025-07-14,pranarom,all,aromaforce,1.2,0,9,final
2025-07-15,pranarom,all,aromaforce,1.7,1,15,final
2025-07-16,pranarom,all,aromaforce,1,0,10,final
2025-07-17,pranarom,all,aromaforce,1.4,2,17,final
2025-07-18,pranarom,all,aromaforce,4.1,0,9,final
2025-07-19,pranarom,all,aromaforce,5.8,0,9,final
2025-07-20,pranarom,all,aromaforce,4.1,1,9,final
2025-07-21,pranarom,all,aromaforce,1,2,22,final
2025-07-22,pranarom,all,aromaforce,2,1,24,final
2025-07-23,pranarom,all,aromaforce,1.0,3,21,final
2025-07-24,pranarom,all,aromaforce,1.3,0,12,final
2025-07-25,pranarom,all,aromaforce,2.4,0,14,final
2025-07-26,pranarom,all,aromaforce,1.6,0,18,final
2025-07-27,pranarom,all,aromaforce,1.2,1,12,final
2025-07-28,pranarom,all,aromaforce,3,1,12,final
2025-07-29,pranarom,all,aromaforce,1.6,1,18,final
2025-07-30,pranarom,all,aromaforce,2.4,2,16,final
2025-07-31,pranarom,all,aromaforce,1,1,16,final
2025-08-01,pranarom,all,aromaforce,1.8,2,21,final
2025-08-02,pranarom,all,aromaforce,3.0,1,20,final
2025-08-03,pranarom,all,aromaforce,1.8,0,5,final
2025-08-04,pranarom,all,aromaforce,1,4,17,final
2025-08-05,pranarom,all,aromaforce,1,4,12,final
2025-08-06,pranarom,all,aromaforce,4.5,0,17,final
2025-08-07,pranarom,all,aromaforce,1.3,0,23,final
2025-08-08,pranarom,all,aromaforce,3.2,0,12,final
2025-08-09,pranarom,all,aromaforce,1.1,0,16,final
2025-08-10,pranarom,all,aromaforce,1,0,6,final
2025-08-11,pranarom,all,aromaforce,2.1,2,21,final
2025-08-12,pranarom,all,aromaforce,2.6,2,11,final
2025-08-13,pranarom,all,aromaforce,1.3,1,20,final
2025-08-14,pranarom,all,aromaforce,2.9,0,19,final
2025-08-15,pranarom,all,aromaforce,4.8,1,11,final
2025-08-16,pranarom,all,aromaforce,1.8,0,13,final
2025-08-17,pranarom,all,aromaforce,7.1,1,10,final
2025-08-18,pranarom,all,aromaforce,1.5,1,17,final
2025-08-19,pranarom,all,aromaforce,3.6,0,12,final
2025-08-20,pranarom,all,aromaforce,1.1,1,16,final
2025-08-21,pranarom,all,aromaforce,2.2,0,19,final
2025-08-22,pranarom,all,aromaforce,1,1,11,final
2025-08-23,pranarom,all,aromaforce,1,0,11,final
2025-08-24,pranarom,all,aromaforce,3.5,2,13,final
2025-08-25,pranarom,all,aromaforce,2.6,1,17,final
2025-08-26,pranarom,all,aromaforce,1.1,7,41,final
2025-08-27,pranarom,all,aromaforce,2.2,1,19,final
2025-08-28,pranarom,all,aromaforce,1.1,5,20,final
2025-08-29,pranarom,all,aromaforce,2,0,15,final
2025-08-30,pranarom,all,aromaforce,1.8,2,15,final
2025-08-31,pranarom,all,aromaforce,4.2,0,11,final
2025-09-01,pranarom,all,aromaforce,2.7,4,19,final
2025-09-02,pranarom,all,aromaforce,1,0,12,final
2025-09-03,pranarom,all,aromaforce,1.4,1,16,final
2025-09-04,pranarom,all,aromaforce,2.4,0,13,final
2025-09-05,pranarom,all,aromaforce,1.7,3,12,final
2025-09-06,pranarom,all,aromaforce,1.9,2,18,final
2025-09-07,pranarom,all,aromaforce,1.5,3,17,final
2025-09-08,pranarom,all,aromaforce,1.4,2,28,final
2025-09-09,pranarom,all,aromaforce,1.5,0,19,final
2025-09-10,pranarom,all,aromaforce,2,7,32,final
2025-09-11,pranarom,all,aromaforce,1,1,16,final
2025-09-12,pranarom,all,aromaforce,1.4,0,14,final
2025-09-13,pranarom,all,aromaforce,1.6,1,22,final
2025-09-14,pranarom,all,aromaforce,6.0,1,21,final
2025-09-15,pranarom,all,aromaforce,1.2,5,25,final
2025-09-16,pranarom,all,aromaforce,2.2,7,29,final
2025-09-17,pranarom,all,aromaforce,1.4,5,28,final
2025-09-18,pranarom,all,aromaforce,1.6,5,32,final
2025-09-19,pranarom,all,aromaforce,2.5,1,28,final
2025-09-20,pranarom,all,aromaforce,2.3,4,28,final
2025-09-21,pranarom,all,aromaforce,3.1,3,28,final
2025-09-22,pranarom,all,aromaforce,1,1,26,final
2025-09-23,pranarom,all,aromaforce,1.2,2,28,final
2025-09-24,pranarom,all,aromaforce,1.2,4,37,final
2025-09-25,pranarom,all,aromaforce,1.7,5,41,final
2025-09-26,pranarom,all,aromaforce,1.4,2,42,final
2025-09-27,pranarom,all,aromaforce,1.9,1,39,final
2025-09-28,pranarom,all,aromaforce,2.6,4,29,final
2025-09-29,pranarom,all,aromaforce,1.7,9,40,final
2025-09-30,pranarom,all,aromaforce,1.6,6,39,final
2025-10-01,pranarom,all,aromaforce,1.5,7,39,final
2025-10-02,pranarom,all,aromaforce,1.6,2,34,final
2025-10-03,pranarom,all,aromaforce,1,6,39,final
2025-10-04,pranarom,all,aromaforce,1.2,5,26,final
2025-10-05,pranarom,all,aromaforce,2.6,3,21,final
2025-10-06,pranarom,all,aromaforce,1.3,6,34,final
2025-10-07,pranarom,all,aromaforce,1.0,7,43,final
2025-10-08,pranarom,all,aromaforce,4.6,4,49,final
2025-10-09,pranarom,all,aromaforce,1.2,5,38,final
2025-10-10,pranarom,all,aromaforce,1.6,4,36,final
2025-10-11,pranarom,all,aromaforce,1.6,3,32,final
2025-10-12,pranarom,all,aromaforce,3.2,3,23,final
2025-10-13,pranarom,all,aromaforce,1.4,5,37,final
2025-10-14,pranarom,all,aromaforce,1.3,3,36,final
2025-10-15,pranarom,all,aromaforce,2.0,4,33,final
2025-10-16,pranarom,all,aromaforce,1.6,6,37,final
2025-10-17,pranarom,all,aromaforce,1.6,8,30,final
2025-10-18,pranarom,all,aromaforce,1.2,4,29,final
2025-10-19,pranarom,all,aromaforce,1.9,2,30,final
2025-10-20,pranarom,all,aromaforce,1.6,3,28,final
2025-10-21,pranarom,all,aromaforce,1.6,5,38,final
2025-10-22,pranarom,all,aromaforce,1.6,7,33,final
2025-10-23,pranarom,all,aromaforce,2.5,4,37,final
2025-10-24,pranarom,all,aromaforce,1.2,3,32,final
2025-10-25,pranarom,all,aromaforce,1.9,4,29,final
2025-10-26,pranarom,all,aromaforce,7.5,3,25,final
2025-10-27,pranarom,all,aromaforce,1.1,5,29,final
2025-10-28,pranarom,all,aromaforce,2,4,34,final
2025-10-29,pranarom,all,aromaforce,1,4,31,final
2025-10-30,pranarom,all,aromaforce,3.3,2,30,final
2025-10-31,pranarom,all,aromaforce,1.2,1,33,final
2025-11-01,pranarom,all,aromaforce,1.6,2,20,final
2025-11-02,pranarom,all,aromaforce,3.2,2,24,final
2025-11-03,pranarom,all,aromaforce,1.5,3,39,final
2025-11-04,pranarom,all,aromaforce,1.2,3,32,final
2025-11-05,pranarom,all,aromaforce,1.4,4,34,final
2025-11-06,pranarom,all,aromaforce,1.4,6,30,final
2025-11-07,pranarom,all,aromaforce,1.6,4,25,final
2025-11-08,pranarom,all,aromaforce,1.5,2,31,final
2025-11-09,pranarom,all,aromaforce,4.3,2,24,final
2025-11-10,pranarom,all,aromaforce,1.4,4,24,final
2025-11-11,pranarom,all,aromaforce,1.4,1,18,final
2025-11-12,pranarom,all,aromaforce,1.4,2,27,final
2025-11-13,pranarom,all,aromaforce,1.8,2,32,final
2025-11-14,pranarom,all,aromaforce,1,1,27,final
2025-11-15,pranarom,all,aromaforce,1,1,15,final
2025-11-16,pranarom,all,aromaforce,1,4,19,final
2025-11-17,pranarom,all,aromaforce,1.9,3,27,final
2025-11-18,pranarom,all,aromaforce,2.2,3,41,final
2025-11-19,pranarom,all,aromaforce,1.6,3,42,final
2025-11-20,pranarom,all,aromaforce,1,6,28,final
2025-11-21,pranarom,all,aromaforce,1,7,30,final
2025-11-22,pranarom,all,aromaforce,2.1,2,26,final
2025-11-23,pranarom,all,aromaforce,3.0,3,21,final
2025-11-24,pranarom,all,aromaforce,1.2,5,38,final
2025-11-25,pranarom,all,aromaforce,1,3,33,final
2025-11-26,pranarom,all,aromaforce,1.7,3,28,final
2025-11-27,pranarom,all,aromaforce,1.7,4,40,final
2025-11-28,pranarom,all,aromaforce,1.1,3,36,final
2025-11-29,pranarom,all,aromaforce,1,4,27,final
2025-11-30,pranarom,all,aromaforce,2.9,6,26,final
2025-12-01,pranarom,all,aromaforce,1.6,3,27,final
2025-12-02,pranarom,all,aromaforce,1,4,31,final
2025-12-03,pranarom,all,aromaforce,1.8,4,38,final
2025-12-04,pranarom,all,aromaforce,1,3,43,final
2025-12-05,pranarom,all,aromaforce,1,2,36,final
2025-12-06,pranarom,all,aromaforce,3.3,1,34,final
2025-12-07,pranarom,all,aromaforce,1,6,32,final
2025-12-08,pranarom,all,aromaforce,1,1,33,final
2025-12-09,pranarom,all,aromaforce,1.0,5,45,final
2025-12-10,pranarom,all,aromaforce,1.1,6,36,final
2025-12-11,pranarom,all,aromaforce,1.7,5,42,final
2025-12-12,pranarom,all,aromaforce,1,5,34,final
2025-12-13,pranarom,all,aromaforce,2.1,6,41,final
2025-12-14,pranarom,all,aromaforce,1.8,4,34,final
2025-12-15,pranarom,all,aromaforce,1,8,47,final
2025-12-16,pranarom,all,aromaforce,1.4,3,44,final
2025-12-17,pranarom,all,aromaforce,1,3,29,final
2025-12-18,pranarom,all,aromaforce,1,2,39,final
2025-12-19,pranarom,all,aromaforce,1.1,3,35,final
2025-12-20,pranarom,all,aromaforce,2.9,5,40,final
2025-12-21,pranarom,all,aromaforce,1.1,4,32,final
2025-12-22,pranarom,all,aromaforce,1,5,40,final
2025-12-23,pranarom,all,aromaforce,1,3,30,final
2025-12-24,pranarom,all,aromaforce,1,2,28,final
2025-12-25,pranarom,all,aromaforce,2.2,1,27,final
2025-12-26,pranarom,all,aromaforce,1,4,36,final
2025-12-27,pranarom,all,aromaforce,1,5,39,final
2025-12-28,pranarom,all,aromaforce,1.1,4,28,final
2025-12-29,pranarom,all,aromaforce,1.3,5,46,final
2025-12-30,pranarom,all,aromaforce,1,6,43,final
2025-12-31,pranarom,all,aromaforce,1.8,5,34,final
2026-01-01,pranarom,all,aromaforce,2.2,2,27,final
2026-01-02,pranarom,all,aromaforce,1.6,7,47,final
2026-01-03,pranarom,all,aromaforce,3,3,35,final
2026-01-04,pranarom,all,aromaforce,1.2,3,32,final
2026-01-05,pranarom,all,aromaforce,2.2,7,51,final
2026-01-06,pranarom,all,aromaforce,1.7,1,41,final
2026-01-07,pranarom,all,aromaforce,1,2,23,final
2026-01-08,pranarom,all,aromaforce,2.1,7,41,final
2026-01-09,pranarom,all,aromaforce,1,0,25,final
2026-01-10,pranarom,all,aromaforce,1,6,29,final
2026-01-11,pranarom,all,aromaforce,2.1,2,23,final
2026-01-12,pranarom,all,aromaforce,3.6,5,55,final
2026-01-13,pranarom,all,aromaforce,2.2,7,37,final
2026-01-14,pranarom,all,aromaforce,1.7,1,43,final
2026-01-15,pranarom,all,aromaforce,2.6,7,38,final
2026-01-16,pranarom,all,aromaforce,3.9,0,24,final
2026-01-17,pranarom,all,aromaforce,1.8,4,24,final
2026-01-18,pranarom,all,aromaforce,4.7,1,28,final
2026-01-19,pranarom,all,aromaforce,1.7,6,39,final
2026-01-20,pranarom,all,aromaforce,1.1,3,22,final
2026-01-21,pranarom,all,aromaforce,1.0,2,21,final
2026-01-22,pranarom,all,aromaforce,1.7,5,28,final
2026-01-23,pranarom,all,aromaforce,10.8,1,26,final
2026-01-24,pranarom,all,aromaforce,10.0,1,24,final
2026-01-25,pranarom,all,aromaforce,2,2,18,final
2026-01-26,pranarom,all,aromaforce,1.1,3,21,final
2026-01-27,pranarom,all,aromaforce,1.9,3,25,final
2026-01-28,pranarom,all,aromaforce,2.2,8,42,final
2026-01-29,pranarom,all,aromaforce,4.1,6,19,final
2026-01-30,pranarom,all,aromaforce,1.3,6,31,final
2026-01-31,pranarom,all,aromaforce,7.8,2,42,final
2026-02-01,pranarom,all,aromaforce,3.6,4,26,final
2026-02-02,pranarom,all,aromaforce,2.8,2,25,final
2026-02-03,pranarom,all,aromaforce,2.6,1,32,final
2026-02-04,pranarom,all,aromaforce,2.1,4,31,final
2026-02-05,pranarom,all,aromaforce,1.9,2,25,final
2026-02-06,pranarom,all,aromaforce,7.7,6,34,final
2026-02-07,pranarom,all,aromaforce,2.6,3,12,final
2026-02-08,pranarom,all,aromaforce,2.2,5,17,final
2026-02-09,pranarom,all,aromaforce,2.3,8,40,final
2026-02-10,pranarom,all,aromaforce,2.9,3,26,final
2026-02-11,pranarom,all,aromaforce,1.9,1,23,final
2026-02-12,pranarom,all,aromaforce,2.6,3,23,final
2026-02-13,pranarom,all,aromaforce,12.5,1,25,final
2026-02-14,pranarom,all,aromaforce,2.4,3,18,final
2026-02-15,pranarom,all,aromaforce,2.5,1,17,final
2026-02-16,pranarom,all,aromaforce,2.4,0,25,final
2026-02-17,pranarom,all,aromaforce,3.7,3,24,final
2026-02-18,pranarom,all,aromaforce,4.3,3,35,final
2026-02-19,pranarom,all,aromaforce,1.8,2,28,final
2026-02-20,pranarom,all,aromaforce,15.7,3,23,final
2026-02-21,pranarom,all,aromaforce,3.5,1,21,final
2026-02-22,pranarom,all,aromaforce,4.7,1,10,final
2026-02-23,pranarom,all,aromaforce,3.4,2,16,final
2026-02-24,pranarom,all,aromaforce,1.9,5,23,final
2026-02-25,pranarom,all,aromaforce,1.9,5,20,final
2026-02-26,pranarom,all,aromaforce,2.4,4,25,final
2026-02-27,pranarom,all,aromaforce,2.9,1,22,final
2026-02-28,pranarom,all,aromaforce,14.3,1,36,final
2026-03-01,pranarom,all,aromaforce,3.4,1,14,final
2026-03-02,pranarom,all,aromaforce,2.8,3,21,final
2026-03-03,pranarom,all,aromaforce,3.3,4,19,final
2026-03-04,pranarom,all,aromaforce,1.9,2,31,final
2026-03-05,pranarom,all,aromaforce,1.9,4,27,final
2026-03-06,pranarom,all,aromaforce,2.7,4,17,final
2026-03-07,pranarom,all,aromaforce,16.3,0,28,final
2026-03-08,pranarom,all,aromaforce,6.9,1,11,final
2026-03-09,pranarom,all,aromaforce,2.5,2,20,final
2026-03-10,pranarom,all,aromaforce,6.5,4,19,final
2026-03-11,pranarom,all,aromaforce,2.5,1,15,final
2026-03-12,pranarom,all,aromaforce,2.3,3,25,final
2026-03-13,pranarom,all,aromaforce,3.7,1,13,final
2026-03-14,pranarom,all,aromaforce,6.8,2,27,final
2026-03-15,pranarom,all,aromaforce,8,2,21,final
2026-03-16,pranarom,all,aromaforce,3.8,3,22,final
2026-03-17,pranarom,all,aromaforce,5.2,1,17,final
2026-03-18,pranarom,all,aromaforce,2.7,1,15,final
2026-03-19,pranarom,all,aromaforce,2.8,3,20,final
2026-03-20,pranarom,all,aromaforce,4.8,2,20,final
2026-03-21,pranarom,all,aromaforce,12.9,4,20,final
2026-03-22,pranarom,all,aromaforce,4.7,3,22,final
2026-03-23,pranarom,all,aromaforce,7.4,3,29,final
2026-03-24,pranarom,all,aromaforce,6.1,1,24,final
2026-03-25,pranarom,all,aromaforce,1,3,14,final
2026-03-26,pranarom,all,aromaforce,2.4,0,16,final
2026-03-27,pranarom,all,aromaforce,2.9,1,20,final
2026-03-28,pranarom,all,aromaforce,5.8,1,16,final
2026-03-29,pranarom,all,aromaforce,14.8,1,9,final
2026-03-30,pranarom,all,aromaforce,2.5,2,24,final
2026-03-31,pranarom,all,aromaforce,4.0,3,23,final
2026-04-01,pranarom,all,aromaforce,2.1,2,20,final
2026-04-02,pranarom,all,aromaforce,3.1,1,12,final
2026-04-03,pranarom,all,aromaforce,1.4,3,17,final
2026-04-04,pranarom,all,aromaforce,2,0,13,final
2026-04-05,pranarom,all,aromaforce,5.8,2,16,final
2026-04-06,pranarom,all,aromaforce,4.5,3,17,final
2026-04-07,pranarom,all,aromaforce,6.9,2,20,final
2026-04-08,pranarom,all,aromaforce,4.7,2,13,final
2026-04-09,pranarom,all,aromaforce,2.3,4,19,final
2026-04-10,pranarom,all,aromaforce,4.1,2,12,final
2026-04-11,pranarom,all,aromaforce,6.4,3,25,final
2026-04-12,pranarom,all,aromaforce,7.9,1,9,final
2026-04-13,pranarom,all,aromaforce,10.2,2,24,final
2026-04-14,pranarom,all,aromaforce,6.4,2,18,final
2026-04-15,pranarom,all,aromaforce,4.3,1,20,final
2026-04-16,pranarom,all,aromaforce,3.8,3,19,final
2026-04-17,pranarom,all,aromaforce,6.4,3,18,final
2026-04-18,pranarom,all,aromaforce,6.5,2,11,final
2026-04-19,pranarom,all,aromaforce,7.1,0,14,final
2026-04-20,pranarom,all,aromaforce,2.6,1,12,final
2026-04-21,pranarom,all,aromaforce,3.7,1,19,final
2026-04-22,pranarom,all,aromaforce,6.3,2,15,final
2026-04-23,pranarom,all,aromaforce,3.6,1,22,final
2026-04-24,pranarom,all,aromaforce,4.3,0,13,final
2026-04-25,pranarom,all,aromaforce,4.8,1,12,final
2026-04-26,pranarom,all,aromaforce,12.4,0,9,final
2026-04-27,pranarom,all,aromaforce,4.1,2,27,final
2026-04-28,pranarom,all,aromaforce,4.1,1,16,final
2026-04-29,pranarom,all,aromaforce,6.4,1,22,final
2026-04-30,pranarom,all,aromaforce,2.5,3,15,final
2026-05-01,pranarom,all,aromaforce,5.7,0,7,final
2026-05-02,pranarom,all,aromaforce,8.9,3,19,final
2026-05-03,pranarom,all,aromaforce,4.1,1,11,final
2026-05-04,pranarom,all,aromaforce,3.6,0,11,final
2026-05-05,pranarom,all,aromaforce,11.2,0,20,final
2026-05-06,pranarom,all,aromaforce,2.8,2,14,final
2026-05-07,pranarom,all,aromaforce,2.6,0,15,final
2026-05-08,pranarom,all,aromaforce,1,0,3,final
2026-05-09,pranarom,all,aromaforce,11.2,1,14,final
2026-05-10,pranarom,all,aromaforce,10.7,0,14,final
2026-05-11,pranarom,all,aromaforce,8.3,3,26,final
2026-05-12,pranarom,all,aromaforce,8.5,2,14,final
2026-05-13,pranarom,all,aromaforce,3.8,1,13,final
2026-05-14,pranarom,all,aromaforce,4.9,3,13,final
2026-05-15,pranarom,all,aromaforce,3.8,2,19,final
2026-05-16,pranarom,all,aromaforce,3.4,2,22,final
2026-05-17,pranarom,all,aromaforce,11.7,0,18,final
2026-05-18,pranarom,all,aromaforce,1,0,31,final
2026-05-19,pranarom,all,aromaforce,6.1,0,19,final
2026-05-20,pranarom,all,aromaforce,1,0,10,final
2026-05-21,pranarom,all,aromaforce,7.2,0,16,final
2026-05-22,pranarom,all,aromaforce,2.3,1,16,final
2026-05-23,pranarom,all,aromaforce,4.2,2,13,final
2026-05-24,pranarom,all,aromaforce,4.1,5,17,final
2026-05-25,pranarom,all,aromaforce,1,0,6,final
2026-05-26,pranarom,all,aromaforce,2.6,2,15,final
2026-05-27,pranarom,all,aromaforce,2.7,0,20,final
2026-05-28,pranarom,all,aromaforce,6.4,0,20,final
2026-05-29,pranarom,all,aromaforce,3.5,0,10,final
2026-05-30,pranarom,all,aromaforce,1.1,0,8,final
2026-05-31,pranarom,all,aromaforce,2.6,1,29,final
2026-06-01,pranarom,all,aromaforce,2.3,1,12,final
2026-06-02,pranarom,all,aromaforce,6.3,1,23,final
2026-06-03,pranarom,all,aromaforce,2.5,0,13,final
2026-06-04,pranarom,all,aromaforce,2.1,0,31,final
2026-06-05,pranarom,all,aromaforce,2.5,3,13,final
2026-06-06,pranarom,all,aromaforce,6.7,0,20,final
2026-06-07,pranarom,all,aromaforce,5.9,1,9,final
2026-06-08,pranarom,all,aromaforce,2.0,0,22,final
2026-06-09,pranarom,all,aromaforce,5.1,1,14,final
2026-06-10,pranarom,all,aromaforce,2.6,2,17,final
2026-06-11,pranarom,all,aromaforce,1.7,1,14,final
2026-06-12,pranarom,all,aromaforce,3.9,3,16,final
2026-06-13,pranarom,all,aromaforce,9.0,0,33,final
2026-06-14,pranarom,all,aromaforce,5.6,0,10,final
2026-06-15,pranarom,all,aromaforce,2.1,1,7,final
2026-06-16,pranarom,all,aromaforce,5.8,3,25,final
2026-06-17,pranarom,all,aromaforce,1,0,10,final
2026-06-18,pranarom,all,aromaforce,2.1,2,17,final
2026-06-19,pranarom,all,aromaforce,2.5,0,4,final
2026-06-20,pranarom,all,aromaforce,16.6,1,21,final
2026-06-21,pranarom,all,aromaforce,5.8,2,9,final
2026-06-22,pranarom,all,aromaforce,3.6,1,14,final
2026-06-23,pranarom,all,aromaforce,9.1,0,20,final
2026-06-24,pranarom,all,aromaforce,3.3,0,7,final
2026-06-25,pranarom,all,aromaforce,1.5,0,8,final
2026-06-26,pranarom,all,aromaforce,11.3,1,12,final
2026-06-27,pranarom,all,aromaforce,7.3,0,3,final
2026-06-28,pranarom,all,aromaforce,2.9,0,29,final
2026-06-29,pranarom,all,aromaforce,1,0,5,final
2026-06-30,pranarom,all,aromaforce,3.9,0,12,final
2026-07-01,pranarom,all,aromaforce,1,0,19,final
2026-07-02,pranarom,all,aromaforce,2.6,1,12,final
2026-07-03,pranarom,all,aromaforce,1.9,2,17,final
2026-07-04,pranarom,all,aromaforce,8.8,1,25,final
2026-07-05,pranarom,all,aromaforce,10.2,1,10,final
2026-07-06,pranarom,all,aromaforce,5.2,1,14,final
2026-07-07,pranarom,all,aromaforce,7.2,0,13,final
2026-07-08,pranarom,all,aromaforce,4.2,0,12,final
2026-07-09,pranarom,all,aromaforce,1,1,10,final
2026-07-10,pranarom,all,aromaforce,4.9,0,12,final
2026-07-11,pranarom,all,aromaforce,16.8,0,10,final
2026-07-12,pranarom,all,aromaforce,8.4,0,7,final
2026-07-13,pranarom,all,aromaforce,6.3,0,10,final
2026-07-14,pranarom,all,aromaforce,18.1,1,35,final
2026-07-15,pranarom,all,aromaforce,5,1,13,final
2026-07-16,pranarom,all,aromaforce,8.1,0,12,final
2026-07-17,pranarom,all,aromaforce,2.9,1,14,final
2026-07-18,pranarom,all,aromaforce,8.9,0,16,final
2026-07-19,pranarom,all,aromaforce,6.7,0,6,final
2026-07-20,pranarom,all,aromaforce,7.9,2,22,final
2026-07-21,pranarom,all,aromaforce,8.6,2,17,final
2026-07-22,pranarom,all,aromaforce,3.8,0,13,final
2026-07-23,pranarom,all,aromaforce,3.4,0,8,final
2026-07-24,pranarom,all,aromaforce,6.8,0,16,final
2026-07-25,pranarom,all,aromaforce,2,0,6,final
2026-07-26,pranarom,all,aromaforce,4.3,2,12,final
2026-07-27,pranarom,all,aromaforce,7.8,1,10,final
2026-07-28,pranarom,all,aromaforce,10.2,1,16,final
2026-07-29,pranarom,all,aromaforce,6.2,0,6,final
2026-07-30,pranarom,all,aromaforce,8.3,0,12,final
2026-07-31,pranarom,all,aromaforce,2.2,2,11,final
2026-08-01,pranarom,all,aromaforce,23.9,1,14,final
2026-08-02,pranarom,all,aromaforce,3.1,0,9,final
2026-08-03,pranarom,all,aromaforce,8.5,0,19,final
2026-08-04,pranarom,all,aromaforce,4.6,2,24,final
2026-08-05,pranarom,all,aromaforce,12.6,2,10,final
2026-08-06,pranarom,all,aromaforce,12.8,2,8,final
2026-08-07,pranarom,all,aromaforce,2.8,1,10,final
2026-08-08,pranarom,all,aromaforce,6.4,0,8,final
2026-08-09,pranarom,all,aromaforce,7.2,0,9,final
2026-08-10,pranarom,all,aromaforce,2.4,1,5,final
2026-08-11,pranarom,all,aromaforce,12.1,0,10,final
2026-08-12,pranarom,all,aromaforce,1.5,0,6,final
2026-08-13,pranarom,all,aromaforce,2.8,5,17,final
2026-08-14,pranarom,all,aromaforce,1,0,8,final
2026-08-15,pranarom,all,aromaforce,5.3,3,18,final
2026-08-16,pranarom,all,aromaforce,6.6,0,14,final
2026-08-17,pranarom,all,aromaforce,3.9,2,22,final
2026-08-18,pranarom,all,aromaforce,11.8,2,12,final
2026-08-19,pranarom,all,aromaforce,1.5,2,12,final
2026-08-20,pranarom,all,aromaforce,1,2,6,final
2026-08-21,pranarom,all,aromaforce,10.3,0,15,final
2026-08-22,pranarom,all,aromaforce,1,0,3,final
2026-08-23,pranarom,all,aromaforce,1.8,1,9,final
2026-08-24,pranarom,all,aromaforce,5,1,12,final
2026-08-25,pranarom,all,aromaforce,4.6,6,23,final
2026-08-26,pranarom,all,aromaforce,3,1,11,final
2026-08-27,pranarom,all,aromaforce,8.3,0,12,final
2026-08-28,pranarom,all,aromaforce,2.4,0,17,final
2026-08-29,pranarom,all,aromaforce,5.5,0,15,final
2026-08-30,pranarom,all,aromaforce,3.4,1,8,final
2026-08-31,pranarom,all,aromaforce,6.7,3,23,final
2026-09-01,pranarom,all,aromaforce,12.3,2,14,final
2026-09-02,pranarom,all,aromaforce,1,0,6,final
2026-09-03,pranarom,all,aromaforce,1.1,2,18,final
2026-09-04,pranarom,all,aromaforce,12.3,0,13,final
2026-09-05,pranarom,all,aromaforce,15.2,0,6,final
2026-09-06,pranarom,all,aromaforce,1.9,2,14,final
2026-09-07,pranarom,all,aromaforce,6.7,2,18,final
2026-09-08,pranarom,all,aromaforce,5.9,1,22,final
2026-09-09,pranarom,all,aromaforce,1,1,6,final
2026-09-10,pranarom,all,aromaforce,2.2,2,19,final
2026-09-11,pranarom,all,aromaforce,2.4,2,17,final
2026-09-12,pranarom,all,aromaforce,10.3,4,24,final
2026-09-13,pranarom,all,aromaforce,6.2,0,4,final
2026-09-14,pranarom,all,aromaforce,7.1,2,23,final
2026-09-15,pranarom,all,aromaforce,16.3,2,25,final
2026-09-16,pranarom,all,aromaforce,3.5,3,24,final
2026-09-17,pranarom,all,aromaforce,1.5,4,28,final
2026-09-18,pranarom,all,aromaforce,1.5,2,23,final
2026-09-19,pranarom,all,aromaforce,2,0,12,final
2026-09-20,pranarom,all,aromaforce,1.8,1,16,final
2026-09-21,pranarom,all,aromaforce,4.1,2,21,final
2026-09-22,pranarom,all,aromaforce,4.9,6,42,final
2026-09-23,pranarom,all,aromaforce,1.9,1,14,final
2026-09-24,pranarom,all,aromaforce,3.6,2,19,final
2026-09-25,pranarom,all,aromaforce,2.8,3,19,final
2026-09-26,pranarom,all,aromaforce,16.4,2,30,final
2026-09-27,pranarom,all,aromaforce,2.8,3,17,final
2026-09-28,pranarom,all,aromaforce,7.0,7,32,final
2026-09-29,pranarom,all,aromaforce,9.7,5,42,final
2026-09-30,pranarom,all,aromaforce,2.1,1,21,final
2026-10-01,pranarom,all,aromaforce,1,5,19,fresh
2026-10-02,pranarom,all,aromaforce,2,0,17,fresh
2025-06-10,pranarom,all,baume pectoral bébé,1.2,0,9,final
2025-06-11,pranarom,all,baume pectoral bébé,1,2,9,final
2025-06-12,pranarom,all,baume pectoral bébé,1.2,1,13,final
2025-06-13,pranarom,all,baume pectoral bébé,1,2,9,final
2025-06-14,pranarom,all,baume pectoral bébé,1,3,17,final
2025-06-15,pranarom,all,baume pectoral bébé,1.3,1,10,final
2025-06-16,pranarom,all,baume pectoral bébé,1,1,15,final
2025-06-17,pranarom,all,baume pectoral bébé,1,0,9,final
2025-06-18,pranarom,all,baume pectoral bébé,1,0,7,final
2025-06-19,pranarom,all,baume pectoral bébé,1,2,11,final
2025-06-20,pranarom,all,baume pectoral bébé,1,1,8,final
2025-06-21,pranarom,all,baume pectoral bébé,1.2,0,10,final
2025-06-22,pranarom,all,baume pectoral bébé,1,0,11,final
2025-06-23,pranarom,all,baume pectoral bébé,1,0,8,final
2025-06-24,pranarom,all,baume pectoral bébé,1.1,1,10,final
2025-06-25,pranarom,all,baume pectoral bébé,1,3,11,final
2025-06-26,pranarom,all,baume pectoral bébé,1,4,15,final
2025-06-27,pranarom,all,baume pectoral bébé,1,0,19,final
2025-06-28,pranarom,all,baume pectoral bébé,1,3,13,final
2025-06-29,pranarom,all,baume pectoral bébé,1,2,6,final
2025-06-30,pranarom,all,baume pectoral bébé,1,2,10,final
2025-07-01,pranarom,all,baume pectoral bébé,1,0,5,final
2025-07-02,pranarom,all,baume pectoral bébé,1,1,14,final
2025-07-03,pranarom,all,baume pectoral bébé,1,2,11,final
2025-07-04,pranarom,all,baume pectoral bébé,1.2,0,10,final
2025-07-05,pranarom,all,baume pectoral bébé,1,1,8,final
2025-07-06,pranarom,all,baume pectoral bébé,1,3,13,final
2025-07-07,pranarom,all,baume pectoral bébé,2.2,1,13,final
2025-07-08,pranarom,all,baume pectoral bébé,1,0,4,final
2025-07-09,pranarom,all,baume pectoral bébé,1,1,10,final
2025-07-10,pranarom,all,baume pectoral bébé,1.1,2,15,final
2025-07-11,pranarom,all,baume pectoral bébé,1.4,1,10,final
2025-07-12,pranarom,all,baume pectoral bébé,1.1,3,15,final
2025-07-13,pranarom,all,baume pectoral bébé,1.4,3,8,final
2025-07-14,pranarom,all,baume pectoral bébé,1.4,0,16,final
2025-07-15,pranarom,all,baume pectoral bébé,1.2,5,20,final
2025-07-16,pranarom,all,baume pectoral bébé,1.1,2,12,final
2025-07-17,pranarom,all,baume pectoral bébé,1,0,10,final
2025-07-18,pranarom,all,baume pectoral bébé,1.2,1,14,final
2025-07-19,pranarom,all,baume pectoral bébé,1,0,11,final
2025-07-20,pranarom,all,baume pectoral bébé,1.2,1,5,final
2025-07-21,pranarom,all,baume pectoral bébé,1,2,17,final
2025-07-22,pranarom,all,baume pectoral bébé,1.2,0,10,final
2025-07-23,pranarom,all,baume pectoral bébé,1.4,2,11,final
2025-07-24,pranarom,all,baume pectoral bébé,1,3,12,final
2025-07-25,pranarom,all,baume pectoral bébé,1.1,0,16,final
2025-07-26,pranarom,all,baume pectoral bébé,1,0,7,final
2025-07-27,pranarom,all,baume pectoral bébé,1,2,10,final
2025-07-28,pranarom,all,baume pectoral bébé,1.2,1,11,final
2025-07-29,pranarom,all,baume pectoral bébé,1,2,8,final
2025-07-30,pranarom,all,baume pectoral bébé,1,2,10,final
2025-07-31,pranarom,all,baume pectoral bébé,1,0,8,final
2025-08-01,pranarom,all,baume pectoral bébé,1,0,8,final
2025-08-02,pranarom,all,baume pectoral bébé,1,0,10,final
2025-08-03,pranarom,all,baume pectoral bébé,1,0,7,final
2025-08-04,pranarom,all,baume pectoral bébé,1,0,5,final
2025-08-05,pranarom,all,baume pectoral bébé,1,0,8,final
2025-08-06,pranarom,all,baume pectoral bébé,1.2,3,12,final
2025-08-07,pranarom,all,baume pectoral bébé,1.7,3,13,final
2025-08-08,pranarom,all,baume pectoral bébé,1,2,11,final
2025-08-10,pranarom,all,baume pectoral bébé,1,2,7,final
2025-08-11,pranarom,all,baume pectoral bébé,1,1,13,final
2025-08-12,pranarom,all,baume pectoral bébé,1,1,5,final
2025-08-13,pranarom,all,baume pectoral bébé,1,0,6,final
2025-08-14,pranarom,all,baume pectoral bébé,1,1,9,final
2025-08-15,pranarom,all,baume pectoral bébé,1,1,9,final
2025-08-16,pranarom,all,baume pectoral bébé,1,0,6,final
2025-08-17,pranarom,all,baume pectoral bébé,1.5,2,8,final
2025-08-18,pranarom,all,baume pectoral bébé,1,1,8,final
2025-08-19,pranarom,all,baume pectoral bébé,2,0,6,final
2025-08-20,pranarom,all,baume pectoral bébé,1.4,0,10,final
2025-08-21,pranarom,all,baume pectoral bébé,1,2,9,final
2025-08-22,pranarom,all,baume pectoral bébé,1.2,0,9,final
2025-08-23,pranarom,all,baume pectoral bébé,1,0,7,final
2025-08-24,pranarom,all,baume pectoral bébé,1,0,10,final
2025-08-25,pranarom,all,baume pectoral bébé,1,0,11,final
2025-08-26,pranarom,all,baume pectoral bébé,1.2,0,13,final
2025-08-27,pranarom,all,baume pectoral bébé,1,1,6,final
2025-08-28,pranarom,all,baume pectoral bébé,1,2,11,final
2025-08-29,pranarom,all,baume pectoral bébé,1,0,7,final
2025-08-30,pranarom,all,baume pectoral bébé,1,0,16,final
2025-08-31,pranarom,all,baume pectoral bébé,1,3,11,final
2025-09-01,pranarom,all,baume pectoral bébé,1.2,0,13,final
2025-09-02,pranarom,all,baume pectoral bébé,1.4,3,10,final
2025-09-03,pranarom,all,baume pectoral bébé,1.1,1,10,final
2025-09-04,pranarom,all,baume pectoral bébé,1.1,5,21,final
2025-09-05,pranarom,all,baume pectoral bébé,1.1,3,23,final
2025-09-06,pranarom,all,baume pectoral bébé,1,2,19,final
2025-09-07,pranarom,all,baume pectoral bébé,1,3,24,final
2025-09-08,pranarom,all,baume pectoral bébé,1.0,4,34,final
2025-09-09,pranarom,all,baume pectoral bébé,1,4,29,final
2025-09-10,pranarom,all,baume pectoral bébé,1.2,4,27,final
2025-09-11,pranarom,all,baume pectoral bébé,1.1,2,34,final
2025-09-12,pranarom,all,baume pectoral bébé,1.2,3,40,final
2025-09-13,pranarom,all,baume pectoral bébé,1,4,45,final
2025-09-14,pranarom,all,baume pectoral bébé,1.3,1,38,final
2025-09-15,pranarom,all,baume pectoral bébé,1.3,6,46,final
2025-09-16,pranarom,all,baume pectoral bébé,1.1,4,41,final
2025-09-17,pranarom,all,baume pectoral bébé,1,7,35,final
2025-09-18,pranarom,all,baume pectoral bébé,1.0,9,61,final
2025-09-19,pranarom,all,baume pectoral bébé,1.1,9,71,final
2025-09-20,pranarom,all,baume pectoral bébé,1,3,55,final
2025-09-21,pranarom,all,baume pectoral bébé,1.5,7,59,final
2025-09-22,pranarom,all,baume pectoral bébé,1.1,10,74,final
2025-09-23,pranarom,all,baume pectoral bébé,1.2,8,49,final
2025-09-24,pranarom,all,baume pectoral bébé,1.3,9,61,final
2025-09-25,pranarom,all,baume pectoral bébé,1.1,7,59,final
2025-09-26,pranarom,all,baume pectoral bébé,1.0,5,62,final
2025-09-27,pranarom,all,baume pectoral bébé,1.4,5,59,final
2025-09-28,pranarom,all,baume pectoral bébé,1.1,10,66,final
2025-09-29,pranarom,all,baume pectoral bébé,1.3,3,58,final
2025-09-30,pranarom,all,baume pectoral bébé,1.3,3,58,final
2025-10-01,pranarom,all,baume pectoral bébé,1.1,9,59,final
2025-10-02,pranarom,all,baume pectoral bébé,1.3,4,49,final
2025-10-03,pranarom,all,baume pectoral bébé,1.1,6,60,final
2025-10-04,pranarom,all,baume pectoral bébé,1.2,4,51,final
2025-10-05,pranarom,all,baume pectoral bébé,1.3,3,43,final
2025-10-06,pranarom,all,baume pectoral bébé,1.4,5,49,final
2025-10-07,pranarom,all,baume pectoral bébé,1.2,6,60,final
2025-10-08,pranarom,all,baume pectoral bébé,1,2,58,final
2025-10-09,pranarom,all,baume pectoral bébé,1.1,7,38,final
2025-10-10,pranarom,all,baume pectoral bébé,1.1,2,40,final
2025-10-11,pranarom,all,baume pectoral bébé,1.1,6,42,final
2025-10-12,pranarom,all,baume pectoral bébé,1.1,9,48,final
2025-10-13,pranarom,all,baume pectoral bébé,1.1,5,63,final
2025-10-14,pranarom,all,baume pectoral bébé,1,8,56,final
2025-10-15,pranarom,all,baume pectoral bébé,1.0,6,38,final
2025-10-16,pranarom,all,baume pectoral bébé,1.1,3,34,final
2025-10-17,pranarom,all,baume pectoral bébé,1.0,7,50,final
2025-10-18,pranarom,all,baume pectoral bébé,1.2,3,37,final
2025-10-19,pranarom,all,baume pectoral bébé,1.7,3,32,final
2025-10-20,pranarom,all,baume pectoral bébé,1.3,3,52,final
2025-10-21,pranarom,all,baume pectoral bébé,1.1,1,56,final
2025-10-22,pranarom,all,baume pectoral bébé,1.1,7,54,final
2025-10-23,pranarom,all,baume pectoral bébé,1,7,41,final
2025-10-24,pranarom,all,baume pectoral bébé,1.2,7,44,final
2025-10-25,pranarom,all,baume pectoral bébé,1.2,5,35,final
2025-10-26,pranarom,all,baume pectoral bébé,1.1,1,32,final
2025-10-27,pranarom,all,baume pectoral bébé,1.2,10,61,final
2025-10-28,pranarom,all,baume pectoral bébé,1.1,5,47,final
2025-10-29,pranarom,all,baume pectoral bébé,1.2,6,53,final
2025-10-30,pranarom,all,baume pectoral bébé,1.3,9,46,final
2025-10-31,pranarom,all,baume pectoral bébé,1.1,4,47,final
2025-11-01,pranarom,all,baume pectoral bébé,1.1,1,32,final
2025-11-02,pranarom,all,baume pectoral bébé,1.2,6,50,final
2025-11-03,pranarom,all,baume pectoral bébé,1.2,3,45,final
2025-11-04,pranarom,all,baume pectoral bébé,1.2,4,32,final
2025-11-05,pranarom,all,baume pectoral bébé,1.6,3,37,final
2025-11-06,pranarom,all,baume pectoral bébé,1.3,3,32,final
2025-11-07,pranarom,all,baume pectoral bébé,1.3,11,52,final
2025-11-08,pranarom,all,baume pectoral bébé,1.2,13,43,final
2025-11-09,pranarom,all,baume pectoral bébé,1.1,2,34,final
2025-11-10,pranarom,all,baume pectoral bébé,1.6,4,63,final
2025-11-11,pranarom,all,baume pectoral bébé,1.1,6,42,final
2025-11-12,pranarom,all,baume pectoral bébé,1.2,6,50,final
2025-11-13,pranarom,all,baume pectoral bébé,1.2,8,55,final
2025-11-14,pranarom,all,baume pectoral bébé,1.1,8,68,final
2025-11-15,pranarom,all,baume pectoral bébé,1.3,4,41,final
2025-11-16,pranarom,all,baume pectoral bébé,1.2,2,37,final
2025-11-17,pranarom,all,baume pectoral bébé,1.4,8,72,final
2025-11-18,pranarom,all,baume pectoral bébé,1.1,8,77,final
2025-11-19,pranarom,all,baume pectoral bébé,1.0,7,55,final
2025-11-20,pranarom,all,baume pectoral bébé,1.1,5,64,final
2025-11-21,pranarom,all,baume pectoral bébé,1.2,6,66,final
2025-11-22,pranarom,all,baume pectoral bébé,1,9,68,final
2025-11-23,pranarom,all,baume pectoral bébé,1,7,44,final
2025-11-24,pranarom,all,baume pectoral bébé,1.2,11,109,final
2025-11-25,pranarom,all,baume pectoral bébé,1.2,8,86,final
2025-11-26,pranarom,all,baume pectoral bébé,1.3,9,85,final
2025-11-27,pranarom,all,baume pectoral bébé,1.2,11,106,final
2025-11-28,pranarom,all,baume pectoral bébé,1.2,8,59,final
2025-11-29,pranarom,all,baume pectoral bébé,1.2,3,72,final
2025-11-30,pranarom,all,baume pectoral bébé,1,4,41,final
2025-12-01,pranarom,all,baume pectoral bébé,1.2,10,85,final
2025-12-02,pranarom,all,baume pectoral bébé,1.3,7,78,final
2025-12-03,pranarom,all,baume pectoral bébé,1.3,9,89,final
2025-12-04,pranarom,all,baume pectoral bébé,1.2,12,117,final
2025-12-05,pranarom,all,baume pectoral bébé,1.2,12,69,final
2025-12-06,pranarom,all,baume pectoral bébé,1.1,13,93,final
2025-12-07,pranarom,all,baume pectoral bébé,1.4,12,84,final
2025-12-08,pranarom,all,baume pectoral bébé,1.1,12,115,final
2025-12-09,pranarom,all,baume pectoral bébé,1.2,6,70,final
2025-12-10,pranarom,all,baume pectoral bébé,3.1,6,78,final
2025-12-11,pranarom,all,baume pectoral bébé,1.3,12,93,final
2025-12-12,pranarom,all,baume pectoral bébé,1.0,11,92,final
2025-12-13,pranarom,all,baume pectoral bébé,1.2,14,95,final
2025-12-14,pranarom,all,baume pectoral bébé,1.1,8,72,final
2025-12-15,pranarom,all,baume pectoral bébé,5.1,7,86,final
2025-12-16,pranarom,all,baume pectoral bébé,1.1,7,124,final
2025-12-17,pranarom,all,baume pectoral bébé,1.1,5,55,final
2025-12-18,pranarom,all,baume pectoral bébé,1.1,12,100,final
2025-12-19,pranarom,all,baume pectoral bébé,1.2,12,82,final
2025-12-20,pranarom,all,baume pectoral bébé,1.1,2,63,final
2025-12-21,pranarom,all,baume pectoral bébé,1.1,10,68,final
2025-12-22,pranarom,all,baume pectoral bébé,1.2,7,87,final
2025-12-23,pranarom,all,baume pectoral bébé,1.1,11,98,final
2025-12-24,pranarom,all,baume pectoral bébé,1.4,2,56,final
2025-12-25,pranarom,all,baume pectoral bébé,1.2,6,60,final
2025-12-26,pranarom,all,baume pectoral bébé,1.2,7,98,final
2025-12-27,pranarom,all,baume pectoral bébé,1.2,5,78,final
2025-12-28,pranarom,all,baume pectoral bébé,1.3,7,57,final
2025-12-29,pranarom,all,baume pectoral bébé,1.2,14,110,final
2025-12-30,pranarom,all,baume pectoral bébé,1.3,10,104,final
2025-12-31,pranarom,all,baume pectoral bébé,1.3,3,57,final
2026-01-01,pranarom,all,baume pectoral bébé,1.4,5,40,final
2026-01-02,pranarom,all,baume pectoral bébé,1.2,6,62,final
2026-01-03,pranarom,all,baume pectoral bébé,1.2,4,58,final
2026-01-04,pranarom,all,baume pectoral bébé,1.4,3,46,final
2026-01-05,pranarom,all,baume pectoral bébé,1.2,5,47,final
2026-01-06,pranarom,all,baume pectoral bébé,1.4,2,53,final
2026-01-07,pranarom,all,baume pectoral bébé,1.1,1,39,final
2026-01-08,pranarom,all,baume pectoral bébé,1.3,4,52,final
2026-01-09,pranarom,all,baume pectoral bébé,1.7,5,44,final
2026-01-10,pranarom,all,baume pectoral bébé,1.4,2,37,final
2026-01-11,pranarom,all,baume pectoral bébé,1.4,4,28,final
2026-01-12,pranarom,all,baume pectoral bébé,1.2,2,47,final
2026-01-13,pranarom,all,baume pectoral bébé,1.0,5,44,final
2026-01-14,pranarom,all,baume pectoral bébé,1.3,6,42,final
2026-01-15,pranarom,all,baume pectoral bébé,1.9,2,36,final
2026-01-16,pranarom,all,baume pectoral bébé,1.1,0,45,final
2026-01-17,pranarom,all,baume pectoral bébé,1,3,43,final
2026-01-18,pranarom,all,baume pectoral bébé,1.2,1,34,final
2026-01-19,pranarom,all,baume pectoral bébé,1.1,2,56,final
2026-01-20,pranarom,all,baume pectoral bébé,1.6,6,57,final
2026-01-21,pranarom,all,baume pectoral bébé,1.2,7,71,final
2026-01-22,pranarom,all,baume pectoral bébé,1.2,5,77,final
2026-01-23,pranarom,all,baume pectoral bébé,2.8,5,78,final
2026-01-24,pranarom,all,baume pectoral bébé,1.5,1,59,final
2026-01-25,pranarom,all,baume pectoral bébé,1.6,12,65,final
2026-01-26,pranarom,all,baume pectoral bébé,1.7,6,85,final
2026-01-27,pranarom,all,baume pectoral bébé,1.2,2,68,final
2026-01-28,pranarom,all,baume pectoral bébé,1.4,4,58,final
2026-01-29,pranarom,all,baume pectoral bébé,1.2,7,63,final
2026-01-30,pranarom,all,baume pectoral bébé,1.5,4,50,final
2026-01-31,pranarom,all,baume pectoral bébé,1.6,3,58,final
2026-02-01,pranarom,all,baume pectoral bébé,1.8,3,49,final
2026-02-02,pranarom,all,baume pectoral bébé,1.5,4,52,final
2026-02-03,pranarom,all,baume pectoral bébé,1.0,10,64,final
2026-02-04,pranarom,all,baume pectoral bébé,3.3,8,64,final
2026-02-05,pranarom,all,baume pectoral bébé,1.1,2,53,final
2026-02-06,pranarom,all,baume pectoral bébé,1.1,5,44,final
2026-02-07,pranarom,all,baume pectoral bébé,2.1,2,49,final
2026-02-08,pranarom,all,baume pectoral bébé,1.1,5,48,final
2026-02-09,pranarom,all,baume pectoral bébé,1.3,8,81,final
2026-02-10,pranarom,all,baume pectoral bébé,1.2,5,65,final
2026-02-11,pranarom,all,baume pectoral bébé,1.1,5,54,final
2026-02-12,pranarom,all,baume pectoral bébé,1.1,10,73,final
2026-02-13,pranarom,all,baume pectoral bébé,1.2,4,65,final
2026-02-14,pranarom,all,baume pectoral bébé,2.3,7,65,final
2026-02-15,pranarom,all,baume pectoral bébé,1.8,3,32,final
2026-02-16,pranarom,all,baume pectoral bébé,4,3,59,final
2026-02-17,pranarom,all,baume pectoral bébé,2.2,5,60,final
2026-02-18,pranarom,all,baume pectoral bébé,2.2,6,58,final
2026-02-19,pranarom,all,baume pectoral bébé,2.2,5,55,final
2026-02-20,pranarom,all,baume pectoral bébé,1.2,10,70,final
2026-02-21,pranarom,all,baume pectoral bébé,1.1,3,55,final
2026-02-22,pranarom,all,baume pectoral bébé,1.1,12,41,final
2026-02-23,pranarom,all,baume pectoral bébé,1.8,4,55,final
2026-02-24,pranarom,all,baume pectoral bébé,1,3,45,final
2026-02-25,pranarom,all,baume pectoral bébé,1.2,3,35,final
2026-02-26,pranarom,all,baume pectoral bébé,1.3,2,31,final
2026-02-27,pranarom,all,baume pectoral bébé,3.1,3,46,final
2026-02-28,pranarom,all,baume pectoral bébé,1.1,5,36,final
2026-03-01,pranarom,all,baume pectoral bébé,1.7,3,33,final
2026-03-02,pranarom,all,baume pectoral bébé,11.2,2,43,final
2026-03-03,pranarom,all,baume pectoral bébé,1.0,4,43,final
2026-03-04,pranarom,all,baume pectoral bébé,1.1,4,47,final
2026-03-05,pranarom,all,baume pectoral bébé,1.5,4,39,final
2026-03-06,pranarom,all,baume pectoral bébé,1.4,4,37,final
2026-03-07,pranarom,all,baume pectoral bébé,1.8,3,34,final
2026-03-08,pranarom,all,baume pectoral bébé,4.4,2,32,final
2026-03-09,pranarom,all,baume pectoral bébé,2.3,4,34,final
2026-03-10,pranarom,all,baume pectoral bébé,1.2,4,36,final
2026-03-11,pranarom,all,baume pectoral bébé,1.6,10,40,final
2026-03-12,pranarom,all,baume pectoral bébé,1.3,5,54,final
2026-03-13,pranarom,all,baume pectoral bébé,2.0,5,58,final
2026-03-14,pranarom,all,baume pectoral bébé,1.4,7,50,final
2026-03-15,pranarom,all,baume pectoral bébé,1.1,3,36,final
2026-03-16,pranarom,all,baume pectoral bébé,1.1,8,61,final
2026-03-17,pranarom,all,baume pectoral bébé,1.4,5,42,final
2026-03-18,pranarom,all,baume pectoral bébé,3.3,3,31,final
2026-03-19,pranarom,all,baume pectoral bébé,1.2,1,39,final
2026-03-20,pranarom,all,baume pectoral bébé,1.1,2,40,final
2026-03-21,pranarom,all,baume pectoral bébé,1.7,1,35,final
2026-03-22,pranarom,all,baume pectoral bébé,1.1,4,33,final
2026-03-23,pranarom,all,baume pectoral bébé,1.1,3,40,final
2026-03-24,pranarom,all,baume pectoral bébé,1.4,4,41,final
2026-03-25,pranarom,all,baume pectoral bébé,1.2,6,39,final
2026-03-26,pranarom,all,baume pectoral bébé,1.2,3,48,final
2026-03-27,pranarom,all,baume pectoral bébé,1.5,6,47,final
2026-03-28,pranarom,all,baume pectoral bébé,1.2,5,59,final
2026-03-29,pranarom,all,baume pectoral bébé,1.7,1,28,final
2026-03-30,pranarom,all,baume pectoral bébé,1.5,5,65,final
2026-03-31,pranarom,all,baume pectoral bébé,1.1,3,46,final
2026-04-01,pranarom,all,baume pectoral bébé,3.9,6,49,final
2026-04-02,pranarom,all,baume pectoral bébé,3.9,3,54,final
2026-04-03,pranarom,all,baume pectoral bébé,1,6,35,final
2026-04-04,pranarom,all,baume pectoral bébé,1.1,6,42,final
2026-04-05,pranarom,all,baume pectoral bébé,1.2,4,28,final
2026-04-06,pranarom,all,baume pectoral bébé,1.4,2,45,final
2026-04-07,pranarom,all,baume pectoral bébé,1.1,9,30,final
2026-04-08,pranarom,all,baume pectoral bébé,8.2,2,31,final
2026-04-09,pranarom,all,baume pectoral bébé,7.4,4,30,final
2026-04-10,pranarom,all,baume pectoral bébé,1.2,3,33,final
2026-04-11,pranarom,all,baume pectoral bébé,1.1,4,39,final
2026-04-12,pranarom,all,baume pectoral bébé,1.6,5,34,final
2026-04-13,pranarom,all,baume pectoral bébé,1.7,4,51,final
2026-04-14,pranarom,all,baume pectoral bébé,1.3,2,39,final
2026-04-15,pranarom,all,baume pectoral bébé,2.6,1,30,final
2026-04-16,pranarom,all,baume pectoral bébé,1,4,29,final
2026-04-17,pranarom,all,baume pectoral bébé,1.9,2,30,final
2026-04-18,pranarom,all,baume pectoral bébé,1.4,4,32,final
2026-04-19,pranarom,all,baume pectoral bébé,1.3,2,25,final
2026-04-20,pranarom,all,baume pectoral bébé,1.1,3,38,final
2026-04-21,pranarom,all,baume pectoral bébé,1.2,3,32,final
2026-04-22,pranarom,all,baume pectoral bébé,1.5,6,37,final
2026-04-23,pranarom,all,baume pectoral bébé,1.2,6,37,final
2026-04-24,pranarom,all,baume pectoral bébé,1,2,19,final
2026-04-25,pranarom,all,baume pectoral bébé,1.1,1,30,final
2026-04-26,pranarom,all,baume pectoral bébé,1,4,21,final
2026-04-27,pranarom,all,baume pectoral bébé,1.2,4,28,final
2026-04-28,pranarom,all,baume pectoral bébé,5.1,3,29,final
2026-04-29,pranarom,all,baume pectoral bébé,2.7,1,30,final
2026-04-30,pranarom,all,baume pectoral bébé,1.2,3,26,final
2026-05-01,pranarom,all,baume pectoral bébé,5.2,1,20,final
2026-05-02,pranarom,all,baume pectoral bébé,2.5,2,31,final
2026-05-03,pranarom,all,baume pectoral bébé,1.5,0,13,final
2026-05-04,pranarom,all,baume pectoral bébé,1.1,1,31,final
2026-05-05,pranarom,all,baume pectoral bébé,1.2,5,30,final
2026-05-06,pranarom,all,baume pectoral bébé,1.0,1,25,final
2026-05-07,pranarom,all,baume pectoral bébé,1.3,0,16,final
2026-05-08,pranarom,all,baume pectoral bébé,1.2,4,24,final
2026-05-09,pranarom,all,baume pectoral bébé,1,3,26,final
2026-05-10,pranarom,all,baume pectoral bébé,1.4,0,21,final
2026-05-11,pranarom,all,baume pectoral bébé,1.5,4,41,final
2026-05-12,pranarom,all,baume pectoral bébé,1.1,6,28,final
2026-05-13,pranarom,all,baume pectoral bébé,9.5,5,25,final
2026-05-14,pranarom,all,baume pectoral bébé,1.1,2,34,final
2026-05-15,pranarom,all,baume pectoral bébé,1.5,0,28,final
2026-05-16,pranarom,all,baume pectoral bébé,1.2,1,32,final
2026-05-17,pranarom,all,baume pectoral bébé,1.4,1,26,final
2026-05-18,pranarom,all,baume pectoral bébé,1.9,5,38,final
2026-05-19,pranarom,all,baume pectoral bébé,1.1,2,36,final
2026-05-20,pranarom,all,baume pectoral bébé,1.3,1,34,final
2026-05-21,pranarom,all,baume pectoral bébé,1.1,2,20,final
2026-05-22,pranarom,all,baume pectoral bébé,1.1,1,22,final
2026-05-23,pranarom,all,baume pectoral bébé,1,2,14,final
2026-05-24,pranarom,all,baume pectoral bébé,1.5,3,15,final
2026-05-25,pranarom,all,baume pectoral bébé,1.5,0,12,final
2026-05-26,pranarom,all,baume pectoral bébé,1.5,4,22,final
2026-05-27,pranarom,all,baume pectoral bébé,9.5,2,18,final
2026-05-28,pranarom,all,baume pectoral bébé,1.3,2,12,final
2026-05-29,pranarom,all,baume pectoral bébé,1.3,3,19,final
2026-05-30,pranarom,all,baume pectoral bébé,1,1,16,final
2026-05-31,pranarom,all,baume pectoral bébé,1,4,19,final
2026-06-01,pranarom,all,baume pectoral bébé,2.5,2,12,final
2026-06-02,pranarom,all,baume pectoral bébé,1.1,1,19,final
2026-06-03,pranarom,all,baume pectoral bébé,1,3,25,final
2026-06-04,pranarom,all,baume pectoral bébé,3.6,3,23,final
2026-06-05,pranarom,all,baume pectoral bébé,1.8,4,24,final
2026-06-06,pranarom,all,baume pectoral bébé,1.3,5,21,final
2026-06-07,pranarom,all,baume pectoral bébé,3,2,14,final
2026-06-08,pranarom,all,baume pectoral bébé,1.2,4,19,final
2026-06-09,pranarom,all,baume pectoral bébé,1.5,2,32,final
2026-06-10,pranarom,all,baume pectoral bébé,3.3,3,27,final
2026-06-11,pranarom,all,baume pectoral bébé,1.3,2,31,final
2026-06-12,pranarom,all,baume pectoral bébé,1.3,3,22,final
2026-06-13,pranarom,all,baume pectoral bébé,1.4,2,15,final
2026-06-14,pranarom,all,baume pectoral bébé,1,0,13,final
2026-06-15,pranarom,all,baume pectoral bébé,1,2,22,final
2026-06-16,pranarom,all,baume pectoral bébé,3.3,2,30,final
2026-06-17,pranarom,all,baume pectoral bébé,7,1,14,final
2026-06-18,pranarom,all,baume pectoral bébé,2.6,2,18,final
2026-06-19,pranarom,all,baume pectoral bébé,1.4,2,17,final
2026-06-20,pranarom,all,baume pectoral bébé,1.1,1,9,final
2026-06-21,pranarom,all,baume pectoral bébé,1.1,0,9,final
2026-06-22,pranarom,all,baume pectoral bébé,2.6,1,28,final
2026-06-23,pranarom,all,baume pectoral bébé,2.0,5,22,final
2026-06-24,pranarom,all,baume pectoral bébé,12.5,0,14,final
2026-06-25,pranarom,all,baume pectoral bébé,2.6,2,10,final
2026-06-26,pranarom,all,baume pectoral bébé,1.1,1,11,final
2026-06-27,pranarom,all,baume pectoral bébé,2.2,2,13,final
2026-06-28,pranarom,all,baume pectoral bébé,1,0,10,final
2026-06-29,pranarom,all,baume pectoral bébé,1.2,1,13,final
2026-06-30,pranarom,all,baume pectoral bébé,1.1,1,11,final
2026-07-01,pranarom,all,baume pectoral bébé,1.1,3,15,final
2026-07-02,pranarom,all,baume pectoral bébé,1,2,17,final
2026-07-03,pranarom,all,baume pectoral bébé,1,0,16,final
2026-07-04,pranarom,all,baume pectoral bébé,1,0,8,final
2026-07-05,pranarom,all,baume pectoral bébé,1,2,8,final
2026-07-06,pranarom,all,baume pectoral bébé,1,2,15,final
2026-07-07,pranarom,all,baume pectoral bébé,1.8,4,19,final
2026-07-08,pranarom,all,baume pectoral bébé,3.6,2,22,final
2026-07-09,pranarom,all,baume pectoral bébé,2.5,0,12,final
2026-07-10,pranarom,all,baume pectoral bébé,1.1,1,11,final
2026-07-11,pranarom,all,baume pectoral bébé,2.9,1,15,final
2026-07-12,pranarom,all,baume pectoral bébé,7.7,1,9,final
2026-07-13,pranarom,all,baume pectoral bébé,1.2,1,12,final
2026-07-14,pranarom,all,baume pectoral bébé,1,3,13,final
2026-07-15,pranarom,all,baume pectoral bébé,1,1,14,final
2026-07-16,pranarom,all,baume pectoral bébé,1,0,8,final
2026-07-17,pranarom,all,baume pectoral bébé,1,3,23,final
2026-07-18,pranarom,all,baume pectoral bébé,1,0,9,final
2026-07-19,pranarom,all,baume pectoral bébé,1.6,1,11,final
2026-07-20,pranarom,all,baume pectoral bébé,1,2,17,final
2026-07-21,pranarom,all,baume pectoral bébé,2,1,17,final
2026-07-22,pranarom,all,baume pectoral bébé,5.2,1,19,final
2026-07-23,pranarom,all,baume pectoral bébé,2,3,15,final
2026-07-24,pranarom,all,baume pectoral bébé,1.3,0,11,final
2026-07-25,pranarom,all,baume pectoral bébé,1.2,0,13,final
2026-07-26,pranarom,all,baume pectoral bébé,1.4,1,9,final
2026-07-27,pranarom,all,baume pectoral bébé,1.9,1,15,final
2026-07-28,pranarom,all,baume pectoral bébé,1.4,0,11,final
2026-07-29,pranarom,all,baume pectoral bébé,2.1,1,14,final
2026-07-30,pranarom,all,baume pectoral bébé,1.1,0,12,final
2026-07-31,pranarom,all,baume pectoral bébé,1.1,1,8,final
2026-08-01,pranarom,all,baume pectoral bébé,1.1,2,15,final
2026-08-02,pranarom,all,baume pectoral bébé,2.4,1,11,final
2026-08-03,pranarom,all,baume pectoral bébé,8.7,0,13,final
2026-08-04,pranarom,all,baume pectoral bébé,2.7,0,12,final
2026-08-05,pranarom,all,baume pectoral bébé,22,0,21,final
2026-08-06,pranarom,all,baume pectoral bébé,2.3,0,17,final
2026-08-07,pranarom,all,baume pectoral bébé,1,2,14,final
2026-08-08,pranarom,all,baume pectoral bébé,2.5,1,11,final
2026-08-09,pranarom,all,baume pectoral bébé,1.2,1,12,final
2026-08-10,pranarom,all,baume pectoral bébé,1,0,16,final
2026-08-11,pranarom,all,baume pectoral bébé,1,0,7,final
2026-08-12,pranarom,all,baume pectoral bébé,2.5,0,10,final
2026-08-13,pranarom,all,baume pectoral bébé,1.2,1,13,final
2026-08-14,pranarom,all,baume pectoral bébé,1,0,17,final
2026-08-15,pranarom,all,baume pectoral bébé,1,2,8,final
2026-08-16,pranarom,all,baume pectoral bébé,1.3,2,14,final
2026-08-17,pranarom,all,baume pectoral bébé,1,1,12,final
2026-08-18,pranarom,all,baume pectoral bébé,2.6,1,10,final
2026-08-19,pranarom,all,baume pectoral bébé,5.1,4,14,final
2026-08-20,pranarom,all,baume pectoral bébé,1.4,1,7,final
2026-08-21,pranarom,all,baume pectoral bébé,1.3,0,15,final
2026-08-22,pranarom,all,baume pectoral bébé,1,1,18,final
2026-08-23,pranarom,all,baume pectoral bébé,1,2,7,final
2026-08-24,pranarom,all,baume pectoral bébé,2,1,14,final
2026-08-25,pranarom,all,baume pectoral bébé,1.2,1,14,final
2026-08-26,pranarom,all,baume pectoral bébé,1.8,2,22,final
2026-08-27,pranarom,all,baume pectoral bébé,1.1,2,17,final
2026-08-28,pranarom,all,baume pectoral bébé,1.1,4,17,final
2026-08-29,pranarom,all,baume pectoral bébé,1,3,16,final
2026-08-30,pranarom,all,baume pectoral bébé,1.6,4,25,final
2026-08-31,pranarom,all,baume pectoral bébé,1,1,16,final
2026-09-01,pranarom,all,baume pectoral bébé,3.2,0,28,final
2026-09-02,pranarom,all,baume pectoral bébé,7.0,2,25,final
2026-09-03,pranarom,all,baume pectoral bébé,1,3,28,final
2026-09-04,pranarom,all,baume pectoral bébé,1.1,1,20,final
2026-09-05,pranarom,all,baume pectoral bébé,1.1,1,21,final
2026-09-06,pranarom,all,baume pectoral bébé,1.4,2,28,final
2026-09-07,pranarom,all,baume pectoral bébé,1.1,4,40,final
2026-09-08,pranarom,all,baume pectoral bébé,1,5,37,final
2026-09-09,pranarom,all,baume pectoral bébé,1.1,6,51,final
2026-09-10,pranarom,all,baume pectoral bébé,1.0,5,62,final
2026-09-11,pranarom,all,baume pectoral bébé,1.1,6,56,final
2026-09-12,pranarom,all,baume pectoral bébé,1.0,7,66,final
2026-09-13,pranarom,all,baume pectoral bébé,1.1,7,64,final
2026-09-14,pranarom,all,baume pectoral bébé,1.0,10,81,final
2026-09-15,pranarom,all,baume pectoral bébé,1.0,11,71,final
2026-09-16,pranarom,all,baume pectoral bébé,4.3,8,78,final
2026-09-17,pranarom,all,baume pectoral bébé,1.1,6,75,final
2026-09-18,pranarom,all,baume pectoral bébé,1.6,7,76,final
2026-09-19,pranarom,all,baume pectoral bébé,1.2,9,77,final
2026-09-20,pranarom,all,baume pectoral bébé,1.4,9,64,final
2026-09-21,pranarom,all,baume pectoral bébé,1.0,10,89,final
2026-09-22,pranarom,all,baume pectoral bébé,1.1,10,82,final
2026-09-23,pranarom,all,baume pectoral bébé,1.1,11,92,final
2026-09-24,pranarom,all,baume pectoral bébé,1.0,10,91,final
2026-09-25,pranarom,all,baume pectoral bébé,1.1,10,77,final
2026-09-26,pranarom,all,baume pectoral bébé,1,7,82,final
2026-09-27,pranarom,all,baume pectoral bébé,1.5,11,95,final
2026-09-28,pranarom,all,baume pectoral bébé,1.0,14,97,final
2026-09-29,pranarom,all,baume pectoral bébé,1.5,8,111,final
2026-09-30,pranarom,all,baume pectoral bébé,2.1,10,86,final
2026-10-01,pranarom,all,baume pectoral bébé,1.0,8,86,fresh
2026-10-02,pranarom,all,baume pectoral bébé,1.1,7,83,fresh
2025-07-10,pranarom,all,comment soigner une infection urinaire en 10 minutes,2,1,1,final
2025-07-11,pranarom,all,comment soigner une infection urinaire en 10 minutes,2,1,1,final
2025-07-19,pranarom,all,comment soigner une infection urinaire en 10 minutes,2.2,0,4,final
2025-07-21,pranarom,all,comment soigner une infection urinaire en 10 minutes,2.2,0,4,final
2025-07-24,pranarom,all,comment soigner une infection urinaire en 10 minutes,13.5,0,4,final
2025-07-25,pranarom,all,comment soigner une infection urinaire en 10 minutes,15.6,0,5,final
2025-07-28,pranarom,all,comment soigner une infection urinaire en 10 minutes,16.5,0,4,final
2025-08-01,pranarom,all,comment soigner une infection urinaire en 10 minutes,9.9,0,8,final
2025-08-02,pranarom,all,comment soigner une infection urinaire en 10 minutes,5.7,1,3,final
2025-08-03,pranarom,all,comment soigner une infection urinaire en 10 minutes,46.6,0,5,final
2025-08-04,pranarom,all,comment soigner une infection urinaire en 10 minutes,8,0,4,final
2025-08-05,pranarom,all,comment soigner une infection urinaire en 10 minutes,30.6,0,11,final
2025-08-06,pranarom,all,comment soigner une infection urinaire en 10 minutes,14.6,0,16,final
2025-08-07,pranarom,all,comment soigner une infection urinaire en 10 minutes,25,0,9,final
2025-08-08,pranarom,all,comment soigner une infection urinaire en 10 minutes,36.4,0,5,final
2025-08-09,pranarom,all,comment soigner une infection urinaire en 10 minutes,45.4,1,11,final
2025-08-10,pranarom,all,comment soigner une infection urinaire en 10 minutes,27.5,1,8,final
2025-08-11,pranarom,all,comment soigner une infection urinaire en 10 minutes,43.8,0,6,final
2025-08-12,pranarom,all,comment soigner une infection urinaire en 10 minutes,39.3,0,7,final
2025-08-13,pranarom,all,comment soigner une infection urinaire en 10 minutes,45.3,0,9,final
2025-08-14,pranarom,all,comment soigner une infection urinaire en 10 minutes,34.1,0,7,final
2025-08-15,pranarom,all,comment soigner une infection urinaire en 10 minutes,31.6,0,9,final
2025-08-16,pranarom,all,comment soigner une infection urinaire en 10 minutes,22.5,0,19,final
2025-08-17,pranarom,all,comment soigner une infection urinaire en 10 minutes,26,1,7,final
2025-08-18,pranarom,all,comment soigner une infection urinaire en 10 minutes,24.5,0,13,final
2025-08-19,pranarom,all,comment soigner une infection urinaire en 10 minutes,26.3,0,7,final
2025-08-20,pranarom,all,comment soigner une infection urinaire en 10 minutes,38.9,0,8,final
2025-08-21,pranarom,all,comment soigner une infection urinaire en 10 minutes,31.4,0,5,final
2025-08-22,pranarom,all,comment soigner une infection urinaire en 10 minutes,31.4,0,8,final
2025-08-23,pranarom,all,comment soigner une infection urinaire en 10 minutes,39.2,0,11,final
2025-08-24,pranarom,all,comment soigner une infection urinaire en 10 minutes,26,0,7,final
2025-08-25,pranarom,all,comment soigner une infection urinaire en 10 minutes,24.7,0,7,final
2025-08-26,pranarom,all,comment soigner une infection urinaire en 10 minutes,27.5,0,22,final
2025-08-27,pranarom,all,comment soigner une infection urinaire en 10 minutes,22.5,0,6,final
2025-08-28,pranarom,all,comment soigner une infection urinaire en 10 minutes,34.5,0,13,final
2025-08-29,pranarom,all,comment soigner une infection urinaire en 10 minutes,10.9,3,14,final
2025-08-30,pranarom,all,comment soigner une infection urinaire en 10 minutes,20.9,2,20,final
2025-08-31,pranarom,all,comment soigner une infection urinaire en 10 minutes,12.3,1,19,final
2025-09-01,pranarom,all,comment soigner une infection urinaire en 10 minutes,20.0,0,22,final
2025-09-02,pranarom,all,comment soigner une infection urinaire en 10 minutes,12.3,1,22,final
2025-09-03,pranarom,all,comment soigner une infection urinaire en 10 minutes,13.9,0,18,final
2025-09-04,pranarom,all,comment soigner une infection urinaire en 10 minutes,11.3,0,17,final
2025-09-05,pranarom,all,comment soigner une infection urinaire en 10 minutes,16,1,7,final
2025-09-06,pranarom,all,comment soigner une infection urinaire en 10 minutes,13.5,1,17,final
2025-09-07,pranarom,all,comment soigner une infection urinaire en 10 minutes,27.5,0,10,final
2025-09-08,pranarom,all,comment soigner une infection urinaire en 10 minutes,25.2,0,15,final
2025-09-09,pranarom,all,comment soigner une infection urinaire en 10 minutes,15.7,0,23,final
2025-09-10,pranarom,all,comment soigner une infection urinaire en 10 minutes,35.8,0,8,final
2025-09-11,pranarom,all,comment soigner une infection urinaire en 10 minutes,15.7,0,6,final
2025-09-12,pranarom,all,comment soigner une infection urinaire en 10 minutes,6.7,0,6,final
2025-09-13,pranarom,all,comment soigner une infection urinaire en 10 minutes,8,0,4,final
2025-09-14,pranarom,all,comment soigner une infection urinaire en 10 minutes,9.2,0,6,final
2025-09-15,pranarom,all,comment soigner une infection urinaire en 10 minutes,11,0,5,final
2025-09-16,pranarom,all,comment soigner une infection urinaire en 10 minutes,2.6,0,7,final
2025-09-17,pranarom,all,comment soigner une infection urinaire en 10 minutes,14.9,0,9,final
2025-09-18,pranarom,all,comment soigner une infection urinaire en 10 minutes,11.3,0,6,final
2025-09-19,pranarom,all,comment soigner une infection urinaire en 10 minutes,2.3,0,10,final
2025-09-21,pranarom,all,comment soigner une infection urinaire en 10 minutes,4.4,0,12,final
2025-09-22,pranarom,all,comment soigner une infection urinaire en 10 minutes,3.6,0,12,final
2025-09-23,pranarom,all,comment soigner une infection urinaire en 10 minutes,5.9,0,15,final
2025-09-24,pranarom,all,comment soigner une infection urinaire en 10 minutes,2.4,0,5,final
2025-09-25,pranarom,all,comment soigner une infection urinaire en 10 minutes,11,0,5,final
2025-09-26,pranarom,all,comment soigner une infection urinaire en 10 minutes,2.2,0,8,final
2025-09-27,pranarom,all,comment soigner une infection urinaire en 10 minutes,7.6,0,8,final
2025-09-28,pranarom,all,comment soigner une infection urinaire en 10 minutes,21.5,1,8,final
2025-09-29,pranarom,all,comment soigner une infection urinaire en 10 minutes,4.4,0,12,final
2025-09-30,pranarom,all,comment soigner une infection urinaire en 10 minutes,2.3,0,7,final
2025-10-01,pranarom,all,comment soigner une infection urinaire en 10 minutes,11.5,0,12,final
2025-10-02,pranarom,all,comment soigner une infection urinaire en 10 minutes,22,1,21,final
2025-10-03,pranarom,all,comment soigner une infection urinaire en 10 minutes,9.9,0,9,final
2025-10-04,pranarom,all,comment soigner une infection urinaire en 10 minutes,3.6,0,8,final
2025-10-05,pranarom,all,comment soigner une infection urinaire en 10 minutes,10.7,0,15,final
2025-10-06,pranarom,all,comment soigner une infection urinaire en 10 minutes,6.1,0,15,final
2025-10-07,pranarom,all,comment soigner une infection urinaire en 10 minutes,13.8,0,13,final
2025-10-08,pranarom,all,comment soigner une infection urinaire en 10 minutes,6.3,0,20,final
2025-10-09,pranarom,all,comment soigner une infection urinaire en 10 minutes,4.7,0,15,final
2025-10-10,pranarom,all,comment soigner une infection urinaire en 10 minutes,13.6,0,18,final
2025-10-11,pranarom,all,comment soigner une infection urinaire en 10 minutes,3.8,0,8,final
2025-10-12,pranarom,all,comment soigner une infection urinaire en 10 minutes,10.8,0,12,final
2025-10-13,pranarom,all,comment soigner une infection urinaire en 10 minutes,13.3,0,10,final
2025-10-14,pranarom,all,comment soigner une infection urinaire en 10 minutes,9.8,0,12,final
2025-10-15,pranarom,all,comment soigner une infection urinaire en 10 minutes,2.3,0,16,final
2025-10-16,pranarom,all,comment soigner une infection urinaire en 10 minutes,11.7,0,10,final
2025-10-17,pranarom,all,comment soigner une infection urinaire en 10 minutes,3.9,0,14,final
2025-10-18,pranarom,all,comment soigner une infection urinaire en 10 minutes,8.9,0,28,final
2025-10-19,pranarom,all,comment soigner une infection urinaire en 10 minutes,9.7,1,12,final
2025-10-20,pranarom,all,comment soigner une infection urinaire en 10 minutes,4.6,1,21,final
2025-10-21,pranarom,all,comment soigner une infection urinaire en 10 minutes,3.1,0,14,final
2025-10-22,pranarom,all,comment soigner une infection urinaire en 10 minutes,9,0,5,final
2025-10-23,pranarom,all,comment soigner une infection urinaire en 10 minutes,11.6,1,8,final
2025-10-24,pranarom,all,comment soigner une infection urinaire en 10 minutes,9.7,0,10,final
2025-10-25,pranarom,all,comment soigner une infection urinaire en 10 minutes,4.1,0,10,final
2025-10-26,pranarom,all,comment soigner une infection urinaire en 10 minutes,3.1,0,14,final
2025-10-27,pranarom,all,comment soigner une infection urinaire en 10 minutes,3,0,16,final
2025-10-28,pranarom,all,comment soigner une infection urinaire en 10 minutes,7.5,0,11,final
2025-10-29,pranarom,all,comment soigner une infection urinaire en 10 minutes,3.2,0,10,final
2025-10-30,pranarom,all,comment soigner une infection urinaire en 10 minutes,2.3,0,7,final
2025-10-31,pranarom,all,comment soigner une infection urinaire en 10 minutes,3.6,0,14,final
2025-11-01,pranarom,all,comment soigner une infection urinaire en 10 minutes,17.6,1,12,final
2025-11-02,pranarom,all,comment soigner une infection urinaire en 10 minutes,4.9,0,11,final
2025-11-03,pranarom,all,comment soigner une infection urinaire en 10 minutes,2.2,0,4,final
2025-11-04,pranarom,all,comment soigner une infection urinaire en 10 minutes,3.4,0,7,final
2025-11-05,pranarom,all,comment soigner une infection urinaire en 10 minutes,6.4,0,5,final
2025-11-06,pranarom,all,comment soigner une infection urinaire en 10 minutes,2.2,0,5,final
2025-11-07,pranarom,all,comment soigner une infection urinaire en 10 minutes,2.6,1,9,final
2025-11-08,pranarom,all,comment soigner une infection urinaire en 10 minutes,9.2,0,10,final
2025-11-09,pranarom,all,comment soigner une infection urinaire en 10 minutes,2.7,0,20,final
2025-11-10,pranarom,all,comment soigner une infection urinaire en 10 minutes,4.9,0,19,final
2025-11-11,pranarom,all,comment soigner une infection urinaire en 10 minutes,4.7,2,24,final
2025-11-12,pranarom,all,comment soigner une infection urinaire en 10 minutes,8.4,0,16,final
2025-11-13,pranarom,all,comment soigner une infection urinaire en 10 minutes,7.5,0,12,final
2025-11-14,pranarom,all,comment soigner une infection urinaire en 10 minutes,2.4,1,17,final
2025-11-15,pranarom,all,comment soigner une infection urinaire en 10 minutes,2.1,5,78,final
2025-11-16,pranarom,all,comment soigner une infection urinaire en 10 minutes,2.6,3,120,final
2025-11-17,pranarom,all,comment soigner une infection urinaire en 10 minutes,3.1,1,73,final
2025-11-18,pranarom,all,comment soigner une infection urinaire en 10 minutes,2.1,6,88,final
2025-11-19,pranarom,all,comment soigner une infection urinaire en 10 minutes,3.0,3,85,final
2025-11-20,pranarom,all,comment soigner une infection urinaire en 10 minutes,3.4,3,105,final
2025-11-21,pranarom,all,comment soigner une infection urinaire en 10 minutes,2.9,1,85,final
2025-11-22,pranarom,all,comment soigner une infection urinaire en 10 minutes,3.3,2,90,final
2025-11-23,pranarom,all,comment soigner une infection urinaire en 10 minutes,2.7,1,94,final
2025-11-24,pranarom,all,comment soigner une infection urinaire en 10 minutes,2.7,2,92,final
2025-11-25,pranarom,all,comment soigner une infection urinaire en 10 minutes,3.0,3,103,final
2025-11-26,pranarom,all,comment soigner une infection urinaire en 10 minutes,2.1,0,73,final
2025-11-27,pranarom,all,comment soigner une infection urinaire en 10 minutes,3.4,1,89,final
2025-11-28,pranarom,all,comment soigner une infection urinaire en 10 minutes,2.2,1,74,final
2025-11-29,pranarom,all,comment soigner une infection urinaire en 10 minutes,4.1,3,79,final
2025-11-30,pranarom,all,comment soigner une infection urinaire en 10 minutes,4.9,0,67,final
2025-12-01,pranarom,all,comment soigner une infection urinaire en 10 minutes,3.9,2,78,final
2025-12-02,pranarom,all,comment soigner une infection urinaire en 10 minutes,4.9,1,80,final
2025-12-03,pranarom,all,comment soigner une infection urinaire en 10 minutes,2.2,4,95,final
2025-12-04,pranarom,all,comment soigner une infection urinaire en 10 minutes,2.8,3,81,final
2025-12-05,pranarom,all,comment soigner une infection urinaire en 10 minutes,3.5,1,77,final
2025-12-06,pranarom,all,comment soigner une infection urinaire en 10 minutes,2.6,3,103,final
2025-12-07,pranarom,all,comment soigner une infection urinaire en 10 minutes,3.3,2,96,final
2025-12-08,pranarom,all,comment soigner une infection urinaire en 10 minutes,3.0,1,102,final
2025-12-09,pranarom,all,comment soigner une infection urinaire en 10 minutes,4.9,1,54,final
2025-12-10,pranarom,all,comment soigner une infection urinaire en 10 minutes,7.2,1,18,final
2025-12-11,pranarom,all,comment soigner une infection urinaire en 10 minutes,9.4,0,14,final
2025-12-12,pranarom,all,comment soigner une infection urinaire en 10 minutes,8.2,0,13,final
2025-12-13,pranarom,all,comment soigner une infection urinaire en 10 minutes,9.7,0,23,final
2025-12-14,pranarom,all,comment soigner une infection urinaire en 10 minutes,3.0,0,69,final
2025-12-15,pranarom,all,comment soigner une infection urinaire en 10 minutes,3.5,5,109,final
2025-12-16,pranarom,all,comment soigner une infection urinaire en 10 minutes,4.1,2,95,final
2025-12-17,pranarom,all,comment soigner une infection urinaire en 10 minutes,2.9,2,75,final
2025-12-18,pranarom,all,comment soigner une infection urinaire en 10 minutes,4.9,0,32,final
2025-12-19,pranarom,all,comment soigner une infection urinaire en 10 minutes,11.7,0,14,final
2025-12-20,pranarom,all,comment soigner une infection urinaire en 10 minutes,8.8,0,20,final
2025-12-21,pranarom,all,comment soigner une infection urinaire en 10 minutes,2.1,2,57,final
2025-12-22,pranarom,all,comment soigner une infection urinaire en 10 minutes,2.8,2,68,final
2025-12-23,pranarom,all,comment soigner une infection urinaire en 10 minutes,2.2,1,80,final
2025-12-24,pranarom,all,comment soigner une infection urinaire en 10 minutes,3.2,0,35,final
2025-12-25,pranarom,all,comment soigner une infection urinaire en 10 minutes,2.3,1,60,final
2025-12-26,pranarom,all,comment soigner une infection urinaire en 10 minutes,3.5,3,82,final
2025-12-27,pranarom,all,comment soigner une infection urinaire en 10 minutes,3.6,2,79,final
2025-12-28,pranarom,all,comment soigner une infection urinaire en 10 minutes,2.8,4,93,final
2025-12-29,pranarom,all,comment soigner une infection urinaire en 10 minutes,2.0,1,85,final
2025-12-30,pranarom,all,comment soigner une infection urinaire en 10 minutes,2.7,3,88,final
2025-12-31,pranarom,all,comment soigner une infection urinaire en 10 minutes,3.1,0,64,final
2026-01-01,pranarom,all,comment soigner une infection urinaire en 10 minutes,3.3,4,87,final
2026-01-02,pranarom,all,comment soigner une infection urinaire en 10 minutes,2.7,4,81,final
2026-01-03,pranarom,all,comment soigner une infection urinaire en 10 minutes,3.2,2,103,final
2026-01-04,pranarom,all,comment soigner une infection urinaire en 10 minutes,3.2,2,100,final
2026-01-05,pranarom,all,comment soigner une infection urinaire en 10 minutes,2.2,0,53,final
2026-01-06,pranarom,all,comment soigner une infection urinaire en 10 minutes,2.1,0,13,final
2026-01-07,pranarom,all,comment soigner une infection urinaire en 10 minutes,4.3,0,21,final
2026-01-08,pranarom,all,comment soigner une infection urinaire en 10 minutes,5.6,0,16,final
2026-01-09,pranarom,all,comment soigner une infection urinaire en 10 minutes,5.9,0,41,final
2026-01-10,pranarom,all,comment soigner une infection urinaire en 10 minutes,4.7,0,45,final
2026-01-11,pranarom,all,comment soigner une infection urinaire en 10 minutes,3.6,0,58,final
2026-01-12,pranarom,all,comment soigner une infection urinaire en 10 minutes,3.5,1,61,final
2026-01-13,pranarom,all,comment soigner une infection urinaire en 10 minutes,3.3,0,32,final
2026-01-14,pranarom,all,comment soigner une infection urinaire en 10 minutes,1.9,0,20,final
2026-01-15,pranarom,all,comment soigner une infection urinaire en 10 minutes,1.6,0,20,final
2026-01-16,pranarom,all,comment soigner une infection urinaire en 10 minutes,2.9,0,27,final
2026-01-17,pranarom,all,comment soigner une infection urinaire en 10 minutes,5.6,0,28,final
2026-01-18,pranarom,all,comment soigner une infection urinaire en 10 minutes,1.9,1,30,final
2026-01-19,pranarom,all,comment soigner une infection urinaire en 10 minutes,2.3,3,78,final
2026-01-20,pranarom,all,comment soigner une infection urinaire en 10 minutes,2.3,1,60,final
2026-01-21,pranarom,all,comment soigner une infection urinaire en 10 minutes,1.9,0,59,final
2026-01-22,pranarom,all,comment soigner une infection urinaire en 10 minutes,4.9,0,37,final
2026-01-23,pranarom,all,comment soigner une infection urinaire en 10 minutes,2.7,0,35,final
2026-01-24,pranarom,all,comment soigner une infection urinaire en 10 minutes,2.2,0,45,final
2026-01-25,pranarom,all,comment soigner une infection urinaire en 10 minutes,1.6,1,41,final
2026-01-26,pranarom,all,comment soigner une infection urinaire en 10 minutes,2.5,0,33,final
2026-01-27,pranarom,all,comment soigner une infection urinaire en 10 minutes,8.1,2,49,final
2026-01-28,pranarom,all,comment soigner une infection urinaire en 10 minutes,2.5,0,31,final
2026-01-29,pranarom,all,comment soigner une infection urinaire en 10 minutes,4.7,1,29,final
2026-01-30,pranarom,all,comment soigner une infection urinaire en 10 minutes,1.5,0,31,final
2026-01-31,pranarom,all,comment soigner une infection urinaire en 10 minutes,8.7,0,27,final
2026-02-01,pranarom,all,comment soigner une infection urinaire en 10 minutes,4.5,2,45,final
2026-02-02,pranarom,all,comment soigner une infection urinaire en 10 minutes,7.3,0,30,final
2026-02-03,pranarom,all,comment soigner une infection urinaire en 10 minutes,1.9,1,19,final
2026-02-04,pranarom,all,comment soigner une infection urinaire en 10 minutes,2.0,1,28,final
2026-02-05,pranarom,all,comment soigner une infection urinaire en 10 minutes,9.9,0,17,final
2026-02-06,pranarom,all,comment soigner une infection urinaire en 10 minutes,5,0,15,final
2026-02-07,pranarom,all,comment soigner une infection urinaire en 10 minutes,14.1,0,14,final
2026-02-08,pranarom,all,comment soigner une infection urinaire en 10 minutes,8.9,0,18,final
2026-02-09,pranarom,all,comment soigner une infection urinaire en 10 minutes,5.1,0,15,final
2026-02-10,pranarom,all,comment soigner une infection urinaire en 10 minutes,3.8,0,13,final
2026-02-11,pranarom,all,comment soigner une infection urinaire en 10 minutes,2.4,1,39,final
2026-02-12,pranarom,all,comment soigner une infection urinaire en 10 minutes,7.1,0,22,final
2026-02-13,pranarom,all,comment soigner une infection urinaire en 10 minutes,7.4,0,17,final
2026-02-14,pranarom,all,comment soigner une infection urinaire en 10 minutes,3.0,0,28,final
2026-02-15,pranarom,all,comment soigner une infection urinaire en 10 minutes,6.9,0,42,final
2026-02-16,pranarom,all,comment soigner une infection urinaire en 10 minutes,10.1,0,69,final
2026-02-17,pranarom,all,comment soigner une infection urinaire en 10 minutes,6.9,0,27,final
2026-02-18,pranarom,all,comment soigner une infection urinaire en 10 minutes,8.0,0,86,final
2026-02-19,pranarom,all,comment soigner une infection urinaire en 10 minutes,7.2,2,84,final
2026-02-20,pranarom,all,comment soigner une infection urinaire en 10 minutes,8.2,0,52,final
2026-02-21,pranarom,all,comment soigner une infection urinaire en 10 minutes,7.4,1,34,final
2026-02-22,pranarom,all,comment soigner une infection urinaire en 10 minutes,5.2,1,81,final
2026-02-23,pranarom,all,comment soigner une infection urinaire en 10 minutes,2.5,4,46,final
2026-02-24,pranarom,all,comment soigner une infection urinaire en 10 minutes,4.6,2,47,final
2026-02-25,pranarom,all,comment soigner une infection urinaire en 10 minutes,7.0,2,41,final
2026-02-26,pranarom,all,comment soigner une infection urinaire en 10 minutes,6.5,0,30,final
2026-02-27,pranarom,all,comment soigner une infection urinaire en 10 minutes,7.8,0,80,final
2026-02-28,pranarom,all,comment soigner une infection urinaire en 10 minutes,6.2,0,31,final
2026-03-01,pranarom,all,comment soigner une infection urinaire en 10 minutes,3.0,2,34,final
2026-03-02,pranarom,all,comment soigner une infection urinaire en 10 minutes,4.6,0,31,final
2026-03-03,pranarom,all,comment soigner une infection urinaire en 10 minutes,3.8,0,35,final
2026-03-04,pranarom,all,comment soigner une infection urinaire en 10 minutes,4.6,1,29,final
2026-03-05,pranarom,all,comment soigner une infection urinaire en 10 minutes,1.3,0,18,final
2026-03-06,pranarom,all,comment soigner une infection urinaire en 10 minutes,1.6,0,29,final
2026-03-07,pranarom,all,comment soigner une infection urinaire en 10 minutes,8.4,0,25,final
2026-03-08,pranarom,all,comment soigner une infection urinaire en 10 minutes,2.9,0,21,final
2026-03-09,pranarom,all,comment soigner une infection urinaire en 10 minutes,3.2,1,47,final
2026-03-10,pranarom,all,comment soigner une infection urinaire en 10 minutes,6.2,0,17,final
2026-03-11,pranarom,all,comment soigner une infection urinaire en 10 minutes,6.1,1,17,final
2026-03-12,pranarom,all,comment soigner une infection urinaire en 10 minutes,1.3,0,12,final
2026-03-13,pranarom,all,comment soigner une infection urinaire en 10 minutes,9.0,0,67,final
2026-03-14,pranarom,all,comment soigner une infection urinaire en 10 minutes,5.4,1,13,final
2026-03-15,pranarom,all,comment soigner une infection urinaire en 10 minutes,2.7,0,13,final
2026-03-16,pranarom,all,comment soigner une infection urinaire en 10 minutes,1.5,1,17,final
2026-03-17,pranarom,all,comment soigner une infection urinaire en 10 minutes,2.6,0,13,final
2026-03-18,pranarom,all,comment soigner une infection urinaire en 10 minutes,6.2,0,5,final
2026-03-19,pranarom,all,comment soigner une infection urinaire en 10 minutes,3.9,0,16,final
2026-03-20,pranarom,all,comment soigner une infection urinaire en 10 minutes,5.7,0,15,final
2026-03-21,pranarom,all,comment soigner une infection urinaire en 10 minutes,5.0,2,29,final
2026-03-22,pranarom,all,comment soigner une infection urinaire en 10 minutes,2.0,0,23,final
2026-03-23,pranarom,all,comment soigner une infection urinaire en 10 minutes,3.4,1,31,final
2026-03-24,pranarom,all,comment soigner une infection urinaire en 10 minutes,1.7,0,36,final
2026-03-25,pranarom,all,comment soigner une infection urinaire en 10 minutes,2.3,0,45,final
2026-03-26,pranarom,all,comment soigner une infection urinaire en 10 minutes,2.8,0,52,final
2026-03-27,pranarom,all,comment soigner une infection urinaire en 10 minutes,2.2,0,48,final
2026-03-28,pranarom,all,comment soigner une infection urinaire en 10 minutes,2.6,0,28,final
2026-03-29,pranarom,all,comment soigner une infection urinaire en 10 minutes,2.9,0,25,final
2026-03-30,pranarom,all,comment soigner une infection urinaire en 10 minutes,2.9,0,30,final
2026-03-31,pranarom,all,comment soigner une infection urinaire en 10 minutes,2.2,0,24,final
2026-04-01,pranarom,all,comment soigner une infection urinaire en 10 minutes,2.7,0,29,final
2026-04-02,pranarom,all,comment soigner une infection urinaire en 10 minutes,2.8,1,30,final
2026-04-03,pranarom,all,comment soigner une infection urinaire en 10 minutes,2.6,0,34,final
2026-04-04,pranarom,all,comment soigner une infection urinaire en 10 minutes,2.5,1,29,final
2026-04-05,pranarom,all,comment soigner une infection urinaire en 10 minutes,2.6,0,29,final
2026-04-06,pranarom,all,comment soigner une infection urinaire en 10 minutes,2.8,0,16,final
2026-04-07,pranarom,all,comment soigner une infection urinaire en 10 minutes,2.6,0,22,final
2026-04-08,pranarom,all,comment soigner une infection urinaire en 10 minutes,3,1,20,final
2026-04-09,pranarom,all,comment soigner une infection urinaire en 10 minutes,3.8,1,19,final
2026-04-10,pranarom,all,comment soigner une infection urinaire en 10 minutes,2.8,0,33,final
2026-04-11,pranarom,all,comment soigner une infection urinaire en 10 minutes,4.5,0,24,final
2026-04-12,pranarom,all,comment soigner une infection urinaire en 10 minutes,4.7,0,19,final
2026-04-13,pranarom,all,comment soigner une infection urinaire en 10 minutes,2.2,1,12,final
2026-04-14,pranarom,all,comment soigner une infection urinaire en 10 minutes,4.1,2,18,final
2026-04-15,pranarom,all,comment soigner une infection urinaire en 10 minutes,2.7,0,17,final
2026-04-16,pranarom,all,comment soigner une infection urinaire en 10 minutes,3.6,0,16,final
2026-04-17,pranarom,all,comment soigner une infection urinaire en 10 minutes,2.3,0,11,final
2026-04-18,pranarom,all,comment soigner une infection urinaire en 10 minutes,8.6,0,7,final
2026-04-19,pranarom,all,comment soigner une infection urinaire en 10 minutes,2.7,0,12,final
2026-04-20,pranarom,all,comment soigner une infection urinaire en 10 minutes,4.8,0,26,final
2026-04-21,pranarom,all,comment soigner une infection urinaire en 10 minutes,4.5,0,6,final
2026-04-22,pranarom,all,comment soigner une infection urinaire en 10 minutes,4.3,0,9,final
2026-04-23,pranarom,all,comment soigner une infection urinaire en 10 minutes,4.3,2,27,final
2026-04-24,pranarom,all,comment soigner une infection urinaire en 10 minutes,3.9,0,21,final
2026-04-25,pranarom,all,comment soigner une infection urinaire en 10 minutes,3.7,0,30,final
2026-04-26,pranarom,all,comment soigner une infection urinaire en 10 minutes,2.8,1,57,final
2026-04-27,pranarom,all,comment soigner une infection urinaire en 10 minutes,3.1,0,12,final
2026-04-28,pranarom,all,comment soigner une infection urinaire en 10 minutes,8.6,0,15,final
2026-04-29,pranarom,all,comment soigner une infection urinaire en 10 minutes,3.9,0,16,final
2026-04-30,pranarom,all,comment soigner une infection urinaire en 10 minutes,3.8,0,11,final
2026-05-01,pranarom,all,comment soigner une infection urinaire en 10 minutes,4.1,1,20,final
2026-05-02,pranarom,all,comment soigner une infection urinaire en 10 minutes,5.2,0,22,final
2026-05-03,pranarom,all,comment soigner une infection urinaire en 10 minutes,4.2,1,25,final
2026-05-04,pranarom,all,comment soigner une infection urinaire en 10 minutes,3.4,1,23,final
2026-05-05,pranarom,all,comment soigner une infection urinaire en 10 minutes,4.7,0,23,final
2026-05-06,pranarom,all,comment soigner une infection urinaire en 10 minutes,2.6,1,19,final
2026-05-07,pranarom,all,comment soigner une infection urinaire en 10 minutes,3.6,1,10,final
2026-05-08,pranarom,all,comment soigner une infection urinaire en 10 minutes,5.2,2,26,final
2026-05-09,pranarom,all,comment soigner une infection urinaire en 10 minutes,4.3,0,15,final
2026-05-10,pranarom,all,comment soigner une infection urinaire en 10 minutes,2.4,1,27,final
2026-05-11,pranarom,all,comment soigner une infection urinaire en 10 minutes,2.7,0,21,final
2026-05-12,pranarom,all,comment soigner une infection urinaire en 10 minutes,6.3,0,29,final
2026-05-13,pranarom,all,comment soigner une infection urinaire en 10 minutes,3.8,0,26,final
2026-05-14,pranarom,all,comment soigner une infection urinaire en 10 minutes,2,0,32,final
2026-05-15,pranarom,all,comment soigner une infection urinaire en 10 minutes,6.3,0,40,final
2026-05-16,pranarom,all,comment soigner une infection urinaire en 10 minutes,7.1,3,40,final
2026-05-17,pranarom,all,comment soigner une infection urinaire en 10 minutes,2.8,0,25,final
2026-05-18,pranarom,all,comment soigner une infection urinaire en 10 minutes,4.8,0,21,final
2026-05-20,pranarom,all,comment soigner une infection urinaire en 10 minutes,4.4,0,5,final
2026-05-21,pranarom,all,comment soigner une infection urinaire en 10 minutes,6.1,0,7,final
2026-05-22,pranarom,all,comment soigner une infection urinaire en 10 minutes,12.6,0,5,final
2026-05-23,pranarom,all,comment soigner une infection urinaire en 10 minutes,10.3,0,7,final
2026-05-24,pranarom,all,comment soigner une infection urinaire en 10 minutes,7.8,0,4,final
2026-05-26,pranarom,all,comment soigner une infection urinaire en 10 minutes,10.8,0,10,final
2026-05-27,pranarom,all,comment soigner une infection urinaire en 10 minutes,9.5,0,13,final
2026-05-28,pranarom,all,comment soigner une infection urinaire en 10 minutes,7.2,0,50,final
2026-05-29,pranarom,all,comment soigner une infection urinaire en 10 minutes,6.4,0,165,final
2026-05-30,pranarom,all,comment soigner une infection urinaire en 10 minutes,6.5,1,168,final
2026-05-31,pranarom,all,comment soigner une infection urinaire en 10 minutes,6.3,1,170,final
2026-06-01,pranarom,all,comment soigner une infection urinaire en 10 minutes,6.0,1,175,final
2026-06-02,pranarom,all,comment soigner une infection urinaire en 10 minutes,6.6,3,166,final
2026-06-03,pranarom,all,comment soigner une infection urinaire en 10 minutes,7.6,1,185,final
2026-06-04,pranarom,all,comment soigner une infection urinaire en 10 minutes,7.9,2,148,final
2026-06-05,pranarom,all,comment soigner une infection urinaire en 10 minutes,6.3,2,136,final
2026-06-06,pranarom,all,comment soigner une infection urinaire en 10 minutes,6.6,0,149,final
2026-06-07,pranarom,all,comment soigner une infection urinaire en 10 minutes,6.4,0,141,final
2026-06-08,pranarom,all,comment soigner une infection urinaire en 10 minutes,6.2,0,161,final
2026-06-09,pranarom,all,comment soigner une infection urinaire en 10 minutes,6.9,0,178,final
2026-06-10,pranarom,all,comment soigner une infection urinaire en 10 minutes,6.6,1,154,final
2026-06-11,pranarom,all,comment soigner une infection urinaire en 10 minutes,6.5,0,180,final
2026-06-12,pranarom,all,comment soigner une infection urinaire en 10 minutes,4.7,3,162,final
2026-06-13,pranarom,all,comment soigner une infection urinaire en 10 minutes,5.1,1,174,final
2026-06-14,pranarom,all,comment soigner une infection urinaire en 10 minutes,5.1,4,207,final
2026-06-15,pranarom,all,comment soigner une infection urinaire en 10 minutes,5.1,3,194,final
2026-06-16,pranarom,all,comment soigner une infection urinaire en 10 minutes,5.9,2,209,final
2026-06-17,pranarom,all,comment soigner une infection urinaire en 10 minutes,6.1,1,225,final
2026-06-18,pranarom,all,comment soigner une infection urinaire en 10 minutes,5.0,2,199,final
2026-06-19,pranarom,all,comment soigner une infection urinaire en 10 minutes,4.2,0,156,final
2026-06-20,pranarom,all,comment soigner une infection urinaire en 10 minutes,5.3,1,170,final
2026-06-21,pranarom,all,comment soigner une infection urinaire en 10 minutes,4.7,2,171,final
2026-06-22,pranarom,all,comment soigner une infection urinaire en 10 minutes,4.4,1,150,final
2026-06-23,pranarom,all,comment soigner une infection urinaire en 10 minutes,4.5,1,150,final
2026-06-24,pranarom,all,comment soigner une infection urinaire en 10 minutes,4.5,2,138,final
2026-06-25,pranarom,all,comment soigner une infection urinaire en 10 minutes,3.7,4,144,final
2026-06-26,pranarom,all,comment soigner une infection urinaire en 10 minutes,3.4,2,166,final
2026-06-27,pranarom,all,comment soigner une infection urinaire en 10 minutes,2.9,3,194,final
2026-06-28,pranarom,all,comment soigner une infection urinaire en 10 minutes,1.9,11,218,final
2026-06-29,pranarom,all,comment soigner une infection urinaire en 10 minutes,3.3,2,190,final
2026-06-30,pranarom,all,comment soigner une infection urinaire en 10 minutes,4.6,1,182,final
2026-07-01,pranarom,all,comment soigner une infection urinaire en 10 minutes,4.5,0,207,final
2026-07-02,pranarom,all,comment soigner une infection urinaire en 10 minutes,4.5,3,188,final
2026-07-03,pranarom,all,comment soigner une infection urinaire en 10 minutes,4.5,2,158,final
2026-07-04,pranarom,all,comment soigner une infection urinaire en 10 minutes,4.8,0,182,final
2026-07-05,pranarom,all,comment soigner une infection urinaire en 10 minutes,4.4,2,220,final
2026-07-06,pranarom,all,comment soigner une infection urinaire en 10 minutes,4.6,2,216,final
2026-07-07,pranarom,all,comment soigner une infection urinaire en 10 minutes,4.7,1,203,final
2026-07-08,pranarom,all,comment soigner une infection urinaire en 10 minutes,4.7,2,174,final
2026-07-09,pranarom,all,comment soigner une infection urinaire en 10 minutes,4.7,3,168,final
2026-07-10,pranarom,all,comment soigner une infection urinaire en 10 minutes,4.2,3,197,final
2026-07-11,pranarom,all,comment soigner une infection urinaire en 10 minutes,4.6,2,199,final
2026-07-12,pranarom,all,comment soigner une infection urinaire en 10 minutes,5.0,0,196,final
2026-07-13,pranarom,all,comment soigner une infection urinaire en 10 minutes,4.2,3,236,final
2026-07-14,pranarom,all,comment soigner une infection urinaire en 10 minutes,4.4,2,225,final
2026-07-15,pranarom,all,comment soigner une infection urinaire en 10 minutes,4.6,3,216,final
2026-07-16,pranarom,all,comment soigner une infection urinaire en 10 minutes,5.1,3,214,final
2026-07-17,pranarom,all,comment soigner une infection urinaire en 10 minutes,4.9,1,213,final
2026-07-18,pranarom,all,comment soigner une infection urinaire en 10 minutes,5.0,1,190,final
2026-07-19,pranarom,all,comment soigner une infection urinaire en 10 minutes,4.5,7,210,final
2026-07-20,pranarom,all,comment soigner une infection urinaire en 10 minutes,4.6,1,210,final
2026-07-21,pranarom,all,comment soigner une infection urinaire en 10 minutes,4.6,3,185,final
2026-07-22,pranarom,all,comment soigner une infection urinaire en 10 minutes,5.0,3,237,final
2026-07-23,pranarom,all,comment soigner une infection urinaire en 10 minutes,4.8,0,240,final
2026-07-24,pranarom,all,comment soigner une infection urinaire en 10 minutes,4.8,1,214,final
2026-07-25,pranarom,all,comment soigner une infection urinaire en 10 minutes,4.9,0,219,final
2026-07-26,pranarom,all,comment soigner une infection urinaire en 10 minutes,4.6,2,223,final
2026-07-27,pranarom,all,comment soigner une infection urinaire en 10 minutes,4.9,0,241,final
2026-07-28,pranarom,all,comment soigner une infection urinaire en 10 minutes,4.7,3,243,final
2026-07-29,pranarom,all,comment soigner une infection urinaire en 10 minutes,4.6,3,228,final
2026-07-30,pranarom,all,comment soigner une infection urinaire en 10 minutes,4.7,3,227,final
2026-07-31,pranarom,all,comment soigner une infection urinaire en 10 minutes,4.9,3,219,final
2026-08-01,pranarom,all,comment soigner une infection urinaire en 10 minutes,5.4,4,258,final
2026-08-02,pranarom,all,comment soigner une infection urinaire en 10 minutes,5.6,1,261,final
2026-08-03,pranarom,all,comment soigner une infection urinaire en 10 minutes,4.9,3,261,final
2026-08-04,pranarom,all,comment soigner une infection urinaire en 10 minutes,6.1,5,275,final
2026-08-05,pranarom,all,comment soigner une infection urinaire en 10 minutes,5.3,1,268,final
2026-08-06,pranarom,all,comment soigner une infection urinaire en 10 minutes,4.7,4,208,final
2026-08-07,pranarom,all,comment soigner une infection urinaire en 10 minutes,3.6,6,205,final
2026-08-08,pranarom,all,comment soigner une infection urinaire en 10 minutes,4.8,1,218,final
2026-08-09,pranarom,all,comment soigner une infection urinaire en 10 minutes,4.6,3,226,final
2026-08-10,pranarom,all,comment soigner une infection urinaire en 10 minutes,4.3,5,236,final
2026-08-11,pranarom,all,comment soigner une infection urinaire en 10 minutes,4.3,4,231,final
2026-08-12,pranarom,all,comment soigner une infection urinaire en 10 minutes,4.5,4,248,final
2026-08-13,pranarom,all,comment soigner une infection urinaire en 10 minutes,4.8,4,250,final
2026-08-14,pranarom,all,comment soigner une infection urinaire en 10 minutes,4.8,3,199,final
2026-08-15,pranarom,all,comment soigner une infection urinaire en 10 minutes,5.0,1,228,final
2026-08-16,pranarom,all,comment soigner une infection urinaire en 10 minutes,4.6,6,237,final
2026-08-17,pranarom,all,comment soigner une infection urinaire en 10 minutes,4.9,5,206,final
2026-08-18,pranarom,all,comment soigner une infection urinaire en 10 minutes,4.9,4,257,final
2026-08-19,pranarom,all,comment soigner une infection urinaire en 10 minutes,2.9,11,204,final
2026-08-20,pranarom,all,comment soigner une infection urinaire en 10 minutes,2.9,13,233,final
2026-08-21,pranarom,all,comment soigner une infection urinaire en 10 minutes,4.1,3,230,final
2026-08-22,pranarom,all,comment soigner une infection urinaire en 10 minutes,4.1,5,189,final
2026-08-23,pranarom,all,comment soigner une infection urinaire en 10 minutes,3.3,6,229,final
2026-08-24,pranarom,all,comment soigner une infection urinaire en 10 minutes,3.1,5,191,final
2026-08-25,pranarom,all,comment soigner une infection urinaire en 10 minutes,4.0,4,207,final
2026-08-26,pranarom,all,comment soigner une infection urinaire en 10 minutes,3.5,2,172,final
2026-08-27,pranarom,all,comment soigner une infection urinaire en 10 minutes,3.4,2,186,final
2026-08-28,pranarom,all,comment soigner une infection urinaire en 10 minutes,3.6,3,165,final
2026-08-29,pranarom,all,comment soigner une infection urinaire en 10 minutes,3.8,2,204,final
2026-08-30,pranarom,all,comment soigner une infection urinaire en 10 minutes,2.6,7,181,final
2026-08-31,pranarom,all,comment soigner une infection urinaire en 10 minutes,3.5,4,199,final
2026-09-01,pranarom,all,comment soigner une infection urinaire en 10 minutes,2.8,4,170,final
2026-09-02,pranarom,all,comment soigner une infection urinaire en 10 minutes,3.3,4,182,final
2026-09-03,pranarom,all,comment soigner une infection urinaire en 10 minutes,4.1,1,202,final
2026-09-04,pranarom,all,comment soigner une infection urinaire en 10 minutes,3.3,3,179,final
2026-09-05,pranarom,all,comment soigner une infection urinaire en 10 minutes,3.8,3,199,final
2026-09-06,pranarom,all,comment soigner une infection urinaire en 10 minutes,3.9,4,199,final
2026-09-07,pranarom,all,comment soigner une infection urinaire en 10 minutes,2.8,3,183,final
2026-09-08,pranarom,all,comment soigner une infection urinaire en 10 minutes,4.1,1,179,final
2026-09-09,pranarom,all,comment soigner une infection urinaire en 10 minutes,3.9,2,170,final
2026-09-10,pranarom,all,comment soigner une infection urinaire en 10 minutes,3.5,5,194,final
2026-09-11,pranarom,all,comment soigner une infection urinaire en 10 minutes,2.8,7,186,final
2026-09-12,pranarom,all,comment soigner une infection urinaire en 10 minutes,4.4,4,186,final
2026-09-13,pranarom,all,comment soigner une infection urinaire en 10 minutes,4.0,3,194,final
2026-09-14,pranarom,all,comment soigner une infection urinaire en 10 minutes,3.5,4,181,final
2026-09-15,pranarom,all,comment soigner une infection urinaire en 10 minutes,3.0,8,196,final
2026-09-16,pranarom,all,comment soigner une infection urinaire en 10 minutes,2.9,5,169,final
2026-09-17,pranarom,all,comment soigner une infection urinaire en 10 minutes,3.1,4,194,final
2026-09-18,pranarom,all,comment soigner une infection urinaire en 10 minutes,4.5,2,168,final
2026-09-19,pranarom,all,comment soigner une infection urinaire en 10 minutes,5.2,1,153,final
2026-09-20,pranarom,all,comment soigner une infection urinaire en 10 minutes,3.6,6,182,final
2026-09-21,pranarom,all,comment soigner une infection urinaire en 10 minutes,4.7,4,203,final
2026-09-22,pranarom,all,comment soigner une infection urinaire en 10 minutes,4.7,4,197,final
2026-09-23,pranarom,all,comment soigner une infection urinaire en 10 minutes,4.8,4,213,final
2026-09-24,pranarom,all,comment soigner une infection urinaire en 10 minutes,3.3,4,155,final
2026-09-25,pranarom,all,comment soigner une infection urinaire en 10 minutes,3.5,4,144,final
2026-09-26,pranarom,all,comment soigner une infection urinaire en 10 minutes,3.9,9,196,final
2026-09-27,pranarom,all,comment soigner une infection urinaire en 10 minutes,3.4,6,206,final
2026-09-28,pranarom,all,comment soigner une infection urinaire en 10 minutes,4.2,3,206,final
2026-09-29,pranarom,all,comment soigner une infection urinaire en 10 minutes,4.1,4,205,final
2026-09-30,pranarom,all,comment soigner une infection urinaire en 10 minutes,4.1,4,158,final
2026-10-01,pranarom,all,comment soigner une infection urinaire en 10 minutes,3.2,9,179,fresh
2026-10-02,pranarom,all,comment soigner une infection urinaire en 10 minutes,3.8,2,154,fresh
2025-06-10,pranarom,all,copaiba huile essentielle,1,1,5,final
2025-06-12,pranarom,all,copaiba huile essentielle,2.5,0,4,final
2025-06-13,pranarom,all,copaiba huile essentielle,1.5,1,4,final
2025-06-14,pranarom,all,copaiba huile essentielle,2,1,6,final
2025-06-15,pranarom,all,copaiba huile essentielle,1.2,1,4,final
2025-06-16,pranarom,all,copaiba huile essentielle,2,1,4,final
2025-06-17,pranarom,all,copaiba huile essentielle,1.3,0,17,final
2025-06-18,pranarom,all,copaiba huile essentielle,2.8,0,6,final
2025-06-19,pranarom,all,copaiba huile essentielle,1.2,0,8,final
2025-06-20,pranarom,all,copaiba huile essentielle,1,1,8,final
2025-06-21,pranarom,all,copaiba huile essentielle,1.6,0,7,final
2025-06-22,pranarom,all,copaiba huile essentielle,1.3,3,9,final
2025-06-23,pranarom,all,copaiba huile essentielle,2.3,1,6,final
2025-06-24,pranarom,all,copaiba huile essentielle,1.6,1,9,final
2025-06-25,pranarom,all,copaiba huile essentielle,1,2,12,final
2025-06-26,pranarom,all,copaiba huile essentielle,1.4,2,9,final
2025-06-27,pranarom,all,copaiba huile essentielle,2,0,9,final
2025-06-28,pranarom,all,copaiba huile essentielle,1,2,3,final
2025-06-29,pranarom,all,copaiba huile essentielle,2,1,6,final
2025-06-30,pranarom,all,copaiba huile essentielle,2.5,1,4,final
2025-07-01,pranarom,all,copaiba huile essentielle,1,2,4,final
2025-07-02,pranarom,all,copaiba huile essentielle,1.7,2,10,final
2025-07-03,pranarom,all,copaiba huile essentielle,1.4,0,10,final
2025-07-04,pranarom,all,copaiba huile essentielle,1.6,2,8,final
2025-07-05,pranarom,all,copaiba huile essentielle,1,2,5,final
2025-07-06,pranarom,all,copaiba huile essentielle,1,0,3,final
2025-07-07,pranarom,all,copaiba huile essentielle,1.5,3,15,final
2025-07-08,pranarom,all,copaiba huile essentielle,1.4,4,13,final
2025-07-09,pranarom,all,copaiba huile essentielle,1.4,7,17,final
2025-07-10,pranarom,all,copaiba huile essentielle,1.3,2,7,final
2025-07-11,pranarom,all,copaiba huile essentielle,1,1,6,final
2025-07-12,pranarom,all,copaiba huile essentielle,1,3,14,final
2025-07-13,pranarom,all,copaiba huile essentielle,2.8,2,4,final
2025-07-14,pranarom,all,copaiba huile essentielle,1,2,12,final
2025-07-15,pranarom,all,copaiba huile essentielle,1.3,0,12,final
2025-07-16,pranarom,all,copaiba huile essentielle,1.2,1,8,final
2025-07-17,pranarom,all,copaiba huile essentielle,1,1,8,final
2025-07-18,pranarom,all,copaiba huile essentielle,2,1,4,final
2025-07-19,pranarom,all,copaiba huile essentielle,1,1,3,final
2025-07-20,pranarom,all,copaiba huile essentielle,1,2,9,final
2025-07-21,pranarom,all,copaiba huile essentielle,1.3,0,6,final
2025-07-22,pranarom,all,copaiba huile essentielle,1.4,2,5,final
2025-07-23,pranarom,all,copaiba huile essentielle,1.5,5,15,final
2025-07-24,pranarom,all,copaiba huile essentielle,1.4,2,7,final
2025-07-25,pranarom,all,copaiba huile essentielle,1.4,6,22,final
2025-07-26,pranarom,all,copaiba huile essentielle,1.2,38,126,final
2025-07-27,pranarom,all,copaiba huile essentielle,1.2,28,110,final
2025-07-28,pranarom,all,copaiba huile essentielle,1.1,21,86,final
2025-07-29,pranarom,all,copaiba huile essentielle,1.1,27,71,final
2025-07-30,pranarom,all,copaiba huile essentielle,1.1,23,62,final
2025-07-31,pranarom,all,copaiba huile essentielle,1.0,23,88,final
2025-08-01,pranarom,all,copaiba huile essentielle,1.1,15,65,final
2025-08-02,pranarom,all,copaiba huile essentielle,1.1,17,55,final
2025-08-03,pranarom,all,copaiba huile essentielle,1.0,10,31,final
2025-08-04,pranarom,all,copaiba huile essentielle,1.1,9,37,final
2025-08-05,pranarom,all,copaiba huile essentielle,1.2,7,23,final
2025-08-06,pranarom,all,copaiba huile essentielle,1,2,11,final
2025-08-07,pranarom,all,copaiba huile essentielle,1.5,2,13,final
2025-08-08,pranarom,all,copaiba huile essentielle,1.2,3,17,final
2025-08-09,pranarom,all,copaiba huile essentielle,1.8,1,4,final
2025-08-10,pranarom,all,copaiba huile essentielle,1.1,4,17,final
2025-08-11,pranarom,all,copaiba huile essentielle,1.2,7,26,final
2025-08-12,pranarom,all,copaiba huile essentielle,1.1,8,23,final
2025-08-13,pranarom,all,copaiba huile essentielle,1.2,4,11,final
2025-08-14,pranarom,all,copaiba huile essentielle,1.2,2,10,final
2025-08-15,pranarom,all,copaiba huile essentielle,1.2,3,12,final
2025-08-16,pranarom,all,copaiba huile essentielle,2.4,7,13,final
2025-08-17,pranarom,all,copaiba huile essentielle,1,0,7,final
2025-08-18,pranarom,all,copaiba huile essentielle,1,1,6,final
2025-08-19,pranarom,all,copaiba huile essentielle,1.2,3,12,final
2025-08-20,pranarom,all,copaiba huile essentielle,1.3,3,15,final
2025-08-21,pranarom,all,copaiba huile essentielle,1.1,2,8,final
2025-08-22,pranarom,all,copaiba huile essentielle,2.8,0,4,final
2025-08-23,pranarom,all,copaiba huile essentielle,1.8,0,8,final
2025-08-24,pranarom,all,copaiba huile essentielle,1,2,7,final
2025-08-25,pranarom,all,copaiba huile essentielle,1.3,3,7,final
2025-08-26,pranarom,all,copaiba huile essentielle,1.8,1,10,final
2025-08-27,pranarom,all,copaiba huile essentielle,1.3,2,10,final
2025-08-28,pranarom,all,copaiba huile essentielle,1.3,1,7,final
2025-08-29,pranarom,all,copaiba huile essentielle,1.8,4,9,final
2025-08-30,pranarom,all,copaiba huile essentielle,1.1,2,9,final
2025-08-31,pranarom,all,copaiba huile essentielle,1,1,8,final
2025-09-01,pranarom,all,copaiba huile essentielle,1,2,5,final
2025-09-02,pranarom,all,copaiba huile essentielle,1,4,7,final
2025-09-03,pranarom,all,copaiba huile essentielle,1,2,6,final
2025-09-05,pranarom,all,copaiba huile essentielle,1,3,6,final
2025-09-06,pranarom,all,copaiba huile essentielle,1,2,6,final
2025-09-07,pranarom,all,copaiba huile essentielle,1,4,10,final
2025-09-08,pranarom,all,copaiba huile essentielle,1,1,3,final
2025-09-09,pranarom,all,copaiba huile essentielle,1,2,5,final
2025-09-10,pranarom,all,copaiba huile essentielle,1,3,7,final
2025-09-11,pranarom,all,copaiba huile essentielle,1.7,2,10,final
2025-09-12,pranarom,all,copaiba huile essentielle,1,2,6,final
2025-09-13,pranarom,all,copaiba huile essentielle,1.1,1,11,final
2025-09-14,pranarom,all,copaiba huile essentielle,1.6,2,5,final
2025-09-15,pranarom,all,copaiba huile essentielle,1.1,2,7,final
2025-09-16,pranarom,all,copaiba huile essentielle,1.4,2,11,final
2025-09-17,pranarom,all,copaiba huile essentielle,1.4,0,9,final
2025-09-18,pranarom,all,copaiba huile essentielle,1.2,1,12,final
2025-09-19,pranarom,all,copaiba huile essentielle,1.4,2,5,final
2025-09-20,pranarom,all,copaiba huile essentielle,1.6,0,7,final
2025-09-21,pranarom,all,copaiba huile essentielle,1,1,4,final
2025-09-22,pranarom,all,copaiba huile essentielle,1.7,1,10,final
2025-09-23,pranarom,all,copaiba huile essentielle,2,0,6,final
2025-09-24,pranarom,all,copaiba huile essentielle,1.2,2,8,final
2025-09-25,pranarom,all,copaiba huile essentielle,1.1,2,9,final
2025-09-26,pranarom,all,copaiba huile essentielle,2.7,2,10,final
2025-09-27,pranarom,all,copaiba huile essentielle,1,0,3,final
2025-09-28,pranarom,all,copaiba huile essentielle,1,3,4,final
2025-09-29,pranarom,all,copaiba huile essentielle,1,2,9,final
2025-09-30,pranarom,all,copaiba huile essentielle,1.2,5,14,final
2025-10-01,pranarom,all,copaiba huile essentielle,1.4,4,10,final
2025-10-02,pranarom,all,copaiba huile essentielle,1.2,2,8,final
2025-10-03,pranarom,all,copaiba huile essentielle,1.8,1,6,final
2025-10-04,pranarom,all,copaiba huile essentielle,2.0,30,102,final
2025-10-05,pranarom,all,copaiba huile essentielle,1.1,32,93,final
2025-10-06,pranarom,all,copaiba huile essentielle,1.2,20,50,final
2025-10-07,pranarom,all,copaiba huile essentielle,1.1,7,33,final
2025-10-08,pranarom,all,copaiba huile essentielle,1.8,4,13,final
2025-10-09,pranarom,all,copaiba huile essentielle,1.2,7,17,final
2025-10-10,pranarom,all,copaiba huile essentielle,1.5,2,10,final
2025-10-11,pranarom,all,copaiba huile essentielle,1.1,4,20,final
2025-10-12,pranarom,all,copaiba huile essentielle,1.8,0,4,final
2025-10-13,pranarom,all,copaiba huile essentielle,1,1,7,final
2025-10-14,pranarom,all,copaiba huile essentielle,1.8,2,10,final
2025-10-15,pranarom,all,copaiba huile essentielle,2.3,2,9,final
2025-10-16,pranarom,all,copaiba huile essentielle,1,3,7,final
2025-10-17,pranarom,all,copaiba huile essentielle,3,1,3,final
2025-10-18,pranarom,all,copaiba huile essentielle,1,3,7,final
2025-10-19,pranarom,all,copaiba huile essentielle,1,0,5,final
2025-10-20,pranarom,all,copaiba huile essentielle,1.1,4,9,final
2025-10-21,pranarom,all,copaiba huile essentielle,1,3,12,final
2025-10-22,pranarom,all,copaiba huile essentielle,1.4,4,8,final
2025-10-23,pranarom,all,copaiba huile essentielle,7.4,3,11,final
2025-10-24,pranarom,all,copaiba huile essentielle,1,3,8,final
2025-10-25,pranarom,all,copaiba huile essentielle,1.2,7,16,final
2025-10-26,pranarom,all,copaiba huile essentielle,1.2,4,11,final
2025-10-27,pranarom,all,copaiba huile essentielle,2.7,1,7,final
2025-10-28,pranarom,all,copaiba huile essentielle,1.5,1,8,final
2025-10-29,pranarom,all,copaiba huile essentielle,1,4,11,final
2025-10-30,pranarom,all,copaiba huile essentielle,2,1,7,final
2025-10-31,pranarom,all,copaiba huile essentielle,1.6,6,18,final
2025-11-01,pranarom,all,copaiba huile essentielle,1,0,4,final
2025-11-02,pranarom,all,copaiba huile essentielle,1.2,4,12,final
2025-11-03,pranarom,all,copaiba huile essentielle,1.3,4,14,final
2025-11-05,pranarom,all,copaiba huile essentielle,1.1,1,8,final
2025-11-06,pranarom,all,copaiba huile essentielle,2.3,1,7,final
2025-11-07,pranarom,all,copaiba huile essentielle,1.4,2,7,final
2025-11-08,pranarom,all,copaiba huile essentielle,1.6,0,5,final
2025-11-09,pranarom,all,copaiba huile essentielle,1.2,4,12,final
2025-11-10,pranarom,all,copaiba huile essentielle,1,4,12,final
2025-11-11,pranarom,all,copaiba huile essentielle,1,0,6,final
2025-11-12,pranarom,all,copaiba huile essentielle,1,1,10,final
2025-11-13,pranarom,all,copaiba huile essentielle,1.8,3,12,final
2025-11-14,pranarom,all,copaiba huile essentielle,1.4,2,7,final
2025-11-15,pranarom,all,copaiba huile essentielle,1.2,3,12,final
2025-11-16,pranarom,all,copaiba huile essentielle,1.5,1,12,final
2025-11-17,pranarom,all,copaiba huile essentielle,1.3,5,15,final
2025-11-18,pranarom,all,copaiba huile essentielle,1.6,2,11,final
2025-11-19,pranarom,all,copaiba huile essentielle,2.4,2,8,final
2025-11-20,pranarom,all,copaiba huile essentielle,1,0,10,final
2025-11-21,pranarom,all,copaiba huile essentielle,1,1,4,final
2025-11-22,pranarom,all,copaiba huile essentielle,1.7,3,6,final
2025-11-23,pranarom,all,copaiba huile essentielle,1,1,13,final
2025-11-24,pranarom,all,copaiba huile essentielle,1,2,4,final
2025-11-25,pranarom,all,copaiba huile essentielle,1.4,11,32,final
2025-11-26,pranarom,all,copaiba huile essentielle,1.1,30,115,final
2025-11-27,pranarom,all,copaiba huile essentielle,1.4,12,57,final
2025-11-28,pranarom,all,copaiba huile essentielle,1.4,8,30,final
2025-11-29,pranarom,all,copaiba huile essentielle,1.3,11,29,final
2025-11-30,pranarom,all,copaiba huile essentielle,1.1,5,26,final
2025-12-01,pranarom,all,copaiba huile essentielle,1.4,7,25,final
2025-12-02,pranarom,all,copaiba huile essentielle,1.2,1,18,final
2025-12-03,pranarom,all,copaiba huile essentielle,1.4,6,25,final
2025-12-04,pranarom,all,copaiba huile essentielle,1.3,4,15,final
2025-12-05,pranarom,all,copaiba huile essentielle,1.3,4,18,final
2025-12-06,pranarom,all,copaiba huile essentielle,1.4,8,43,final
2025-12-07,pranarom,all,copaiba huile essentielle,1.6,17,69,final
2025-12-08,pranarom,all,copaiba huile essentielle,1.4,1,23,final
2025-12-09,pranarom,all,copaiba huile essentielle,1.4,4,20,final
2025-12-10,pranarom,all,copaiba huile essentielle,1.2,8,29,final
2025-12-11,pranarom,all,copaiba huile essentielle,1.2,6,22,final
2025-12-12,pranarom,all,copaiba huile essentielle,1.1,4,15,final
2025-12-13,pranarom,all,copaiba huile essentielle,1.4,5,16,final
2025-12-14,pranarom,all,copaiba huile essentielle,1.2,9,37,final
2025-12-15,pranarom,all,copaiba huile essentielle,1.3,10,42,final
2025-12-16,pranarom,all,copaiba huile essentielle,1.2,9,34,final
2025-12-17,pranarom,all,copaiba huile essentielle,1.3,3,17,final
2025-12-18,pranarom,all,copaiba huile essentielle,1,9,19,final
2025-12-19,pranarom,all,copaiba huile essentielle,2.2,3,18,final
2025-12-20,pranarom,all,copaiba huile essentielle,1.2,10,26,final
2025-12-21,pranarom,all,copaiba huile essentielle,1.1,13,26,final
2025-12-22,pranarom,all,copaiba huile essentielle,1.5,2,15,final
2025-12-23,pranarom,all,copaiba huile essentielle,2,1,9,final
2025-12-24,pranarom,all,copaiba huile essentielle,2,2,7,final
2025-12-25,pranarom,all,copaiba huile essentielle,1.3,2,6,final
2025-12-26,pranarom,all,copaiba huile essentielle,2.9,2,10,final
2025-12-27,pranarom,all,copaiba huile essentielle,1.4,2,13,final
2025-12-28,pranarom,all,copaiba huile essentielle,1.1,9,30,final
2025-12-29,pranarom,all,copaiba huile essentielle,1.3,2,12,final
2025-12-30,pranarom,all,copaiba huile essentielle,1.5,3,13,final
2025-12-31,pranarom,all,copaiba huile essentielle,1.7,3,9,final
2026-01-01,pranarom,all,copaiba huile essentielle,1.4,3,5,final
2026-01-02,pranarom,all,copaiba huile essentielle,1.2,8,17,final
2026-01-03,pranarom,all,copaiba huile essentielle,1.6,5,19,final
2026-01-04,pranarom,all,copaiba huile essentielle,1,1,2,final
2026-01-05,pranarom,all,copaiba huile essentielle,1.6,4,12,final
2026-01-06,pranarom,all,copaiba huile essentielle,2.5,1,4,final
2026-01-07,pranarom,all,copaiba huile essentielle,3.2,3,8,final
2026-01-08,pranarom,all,copaiba huile essentielle,1.6,2,16,final
2026-01-09,pranarom,all,copaiba huile essentielle,1.1,4,14,final
2026-01-10,pranarom,all,copaiba huile essentielle,1.4,4,10,final
2026-01-11,pranarom,all,copaiba huile essentielle,1.8,1,4,final
2026-01-12,pranarom,all,copaiba huile essentielle,2,0,4,final
2026-01-13,pranarom,all,copaiba huile essentielle,1.4,3,10,final
2026-01-14,pranarom,all,copaiba huile essentielle,2.1,3,14,final
2026-01-15,pranarom,all,copaiba huile essentielle,1.2,0,11,final
2026-01-16,pranarom,all,copaiba huile essentielle,1.5,4,11,final
2026-01-17,pranarom,all,copaiba huile essentielle,4.5,6,18,final
2026-01-18,pranarom,all,copaiba huile essentielle,1.2,6,12,final
2026-01-19,pranarom,all,copaiba huile essentielle,1.3,6,16,final
2026-01-20,pranarom,all,copaiba huile essentielle,1.5,5,15,final
2026-01-21,pranarom,all,copaiba huile essentielle,1.5,5,13,final
2026-01-22,pranarom,all,copaiba huile essentielle,1.2,2,14,final
2026-01-23,pranarom,all,copaiba huile essentielle,1.3,4,18,final
2026-01-24,pranarom,all,copaiba huile essentielle,1,4,18,final
2026-01-25,pranarom,all,copaiba huile essentielle,1.2,2,6,final
2026-01-26,pranarom,all,copaiba huile essentielle,1.9,3,10,final
2026-01-27,pranarom,all,copaiba huile essentielle,4.6,4,18,final
2026-01-28,pranarom,all,copaiba huile essentielle,1.8,5,16,final
2026-01-29,pranarom,all,copaiba huile essentielle,1.5,1,11,final
2026-01-30,pranarom,all,copaiba huile essentielle,6.1,3,12,final
2026-01-31,pranarom,all,copaiba huile essentielle,1.2,5,15,final
2026-02-01,pranarom,all,copaiba huile essentielle,1.2,6,22,final
2026-02-02,pranarom,all,copaiba huile essentielle,1,3,16,final
2026-02-03,pranarom,all,copaiba huile essentielle,1.3,6,21,final
2026-02-04,pranarom,all,copaiba huile essentielle,1,6,11,final
2026-02-05,pranarom,all,copaiba huile essentielle,1.1,6,20,final
2026-02-06,pranarom,all,copaiba huile essentielle,1.3,9,32,final
2026-02-07,pranarom,all,copaiba huile essentielle,1.4,13,31,final
2026-02-08,pranarom,all,copaiba huile essentielle,1.0,5,24,final
2026-02-09,pranarom,all,copaiba huile essentielle,1.1,9,26,final
2026-02-10,pranarom,all,copaiba huile essentielle,1.4,3,20,final
2026-02-11,pranarom,all,copaiba huile essentielle,1.2,7,19,final
2026-02-12,pranarom,all,copaiba huile essentielle,1.4,4,16,final
2026-02-13,pranarom,all,copaiba huile essentielle,1.1,4,14,final
2026-02-14,pranarom,all,copaiba huile essentielle,1.2,1,9,final
2026-02-15,pranarom,all,copaiba huile essentielle,1.6,2,7,final
2026-02-16,pranarom,all,copaiba huile essentielle,1.7,2,9,final
2026-02-17,pranarom,all,copaiba huile essentielle,1.5,4,13,final
2026-02-18,pranarom,all,copaiba huile essentielle,1.2,4,12,final
2026-02-19,pranarom,all,copaiba huile essentielle,1.3,3,15,final
2026-02-20,pranarom,all,copaiba huile essentielle,1.2,1,17,final
2026-02-21,pranarom,all,copaiba huile essentielle,2.3,1,15,final
2026-02-22,pranarom,all,copaiba huile essentielle,1.1,4,16,final
2026-02-23,pranarom,all,copaiba huile essentielle,1.3,2,18,final
2026-02-24,pranarom,all,copaiba huile essentielle,1.2,9,24,final
2026-02-25,pranarom,all,copaiba huile essentielle,1,4,14,final
2026-02-26,pranarom,all,copaiba huile essentielle,1,2,9,final
2026-02-27,pranarom,all,copaiba huile essentielle,2.4,1,9,final
2026-02-28,pranarom,all,copaiba huile essentielle,1.4,6,15,final
2026-03-01,pranarom,all,copaiba huile essentielle,1,4,18,final
2026-03-02,pranarom,all,copaiba huile essentielle,2.7,3,21,final
2026-03-03,pranarom,all,copaiba huile essentielle,2.8,1,13,final
2026-03-04,pranarom,all,copaiba huile essentielle,2.3,4,16,final
2026-03-05,pranarom,all,copaiba huile essentielle,1.5,3,16,final
2026-03-06,pranarom,all,copaiba huile essentielle,2.3,3,19,final
2026-03-07,pranarom,all,copaiba huile essentielle,2.3,2,20,final
2026-03-08,pranarom,all,copaiba huile essentielle,1,7,14,final
2026-03-09,pranarom,all,copaiba huile essentielle,3.8,2,11,final
2026-03-10,pranarom,all,copaiba huile essentielle,2.2,1,16,final
2026-03-11,pranarom,all,copaiba huile essentielle,2.6,3,13,final
2026-03-12,pranarom,all,copaiba huile essentielle,1.7,2,10,final
2026-03-13,pranarom,all,copaiba huile essentielle,1.3,3,11,final
2026-03-14,pranarom,all,copaiba huile essentielle,2.4,1,16,final
2026-03-15,pranarom,all,copaiba huile essentielle,1.4,4,17,final
2026-03-16,pranarom,all,copaiba huile essentielle,1.9,0,8,final
2026-03-17,pranarom,all,copaiba huile essentielle,2.1,1,13,final
2026-03-18,pranarom,all,copaiba huile essentielle,1.1,6,16,final
2026-03-19,pranarom,all,copaiba huile essentielle,1.6,0,14,final
2026-03-20,pranarom,all,copaiba huile essentielle,1.4,2,15,final
2026-03-21,pranarom,all,copaiba huile essentielle,3.1,2,14,final
2026-03-22,pranarom,all,copaiba huile essentielle,1.1,5,17,final
2026-03-23,pranarom,all,copaiba huile essentielle,1.2,1,6,final
2026-03-24,pranarom,all,copaiba huile essentielle,1.6,1,9,final
2026-03-25,pranarom,all,copaiba huile essentielle,1.7,3,13,final
2026-03-26,pranarom,all,copaiba huile essentielle,1,4,17,final
2026-03-27,pranarom,all,copaiba huile essentielle,1.0,5,35,final
2026-03-28,pranarom,all,copaiba huile essentielle,1.2,17,96,final
2026-03-29,pranarom,all,copaiba huile essentielle,1.0,11,71,final
2026-03-30,pranarom,all,copaiba huile essentielle,1.2,15,73,final
2026-03-31,pranarom,all,copaiba huile essentielle,1.1,6,32,final
2026-04-01,pranarom,all,copaiba huile essentielle,1.7,4,26,final
2026-04-02,pranarom,all,copaiba huile essentielle,2.0,3,22,final
2026-04-03,pranarom,all,copaiba huile essentielle,1.1,5,25,final
2026-04-04,pranarom,all,copaiba huile essentielle,1.1,3,16,final
2026-04-05,pranarom,all,copaiba huile essentielle,1.6,5,24,final
2026-04-06,pranarom,all,copaiba huile essentielle,1.2,12,49,final
2026-04-07,pranarom,all,copaiba huile essentielle,1.5,5,30,final
2026-04-08,pranarom,all,copaiba huile essentielle,1.1,7,45,final
2026-04-09,pranarom,all,copaiba huile essentielle,1.3,8,38,final
2026-04-10,pranarom,all,copaiba huile essentielle,1.4,9,40,final
2026-04-11,pranarom,all,copaiba huile essentielle,1.2,6,29,final
2026-04-12,pranarom,all,copaiba huile essentielle,1.2,2,24,final
2026-04-13,pranarom,all,copaiba huile essentielle,1.2,9,27,final
2026-04-14,pranarom,all,copaiba huile essentielle,1.5,3,22,final
2026-04-15,pranarom,all,copaiba huile essentielle,1,2,24,final
2026-04-16,pranarom,all,copaiba huile essentielle,5.9,3,21,final
2026-04-17,pranarom,all,copaiba huile essentielle,1.7,6,24,final
2026-04-18,pranarom,all,copaiba huile essentielle,1.8,2,18,final
2026-04-19,pranarom,all,copaiba huile essentielle,1.5,7,19,final
2026-04-20,pranarom,all,copaiba huile essentielle,1.5,2,15,final
2026-04-21,pranarom,all,copaiba huile essentielle,1.9,4,25,final
2026-04-22,pranarom,all,copaiba huile essentielle,1,6,17,final
2026-04-23,pranarom,all,copaiba huile essentielle,1.8,0,12,final
2026-04-24,pranarom,all,copaiba huile essentielle,1.3,2,11,final
2026-04-25,pranarom,all,copaiba huile essentielle,1.4,4,12,final
2026-04-26,pranarom,all,copaiba huile essentielle,2,2,8,final
2026-04-27,pranarom,all,copaiba huile essentielle,1,3,8,final
2026-04-28,pranarom,all,copaiba huile essentielle,1.4,5,12,final
2026-04-29,pranarom,all,copaiba huile essentielle,2.4,3,10,final
2026-04-30,pranarom,all,copaiba huile essentielle,1.9,2,10,final
2026-05-01,pranarom,all,copaiba huile essentielle,1.5,7,11,final
2026-05-02,pranarom,all,copaiba huile essentielle,1,5,19,final
2026-05-03,pranarom,all,copaiba huile essentielle,1,0,6,final
2026-05-04,pranarom,all,copaiba huile essentielle,1.8,3,14,final
2026-05-05,pranarom,all,copaiba huile essentielle,1,1,11,final
2026-05-06,pranarom,all,copaiba huile essentielle,1.4,4,9,final
2026-05-07,pranarom,all,copaiba huile essentielle,2.3,3,10,final
2026-05-08,pranarom,all,copaiba huile essentielle,2.5,1,6,final
2026-05-09,pranarom,all,copaiba huile essentielle,1.5,1,2,final
2026-05-10,pranarom,all,copaiba huile essentielle,1.6,2,7,final
2026-05-11,pranarom,all,copaiba huile essentielle,5.9,1,16,final
2026-05-12,pranarom,all,copaiba huile essentielle,1.8,0,5,final
2026-05-13,pranarom,all,copaiba huile essentielle,10.3,3,9,final
2026-05-14,pranarom,all,copaiba huile essentielle,1.9,11,35,final
2026-05-15,pranarom,all,copaiba huile essentielle,2.1,4,26,final
2026-05-16,pranarom,all,copaiba huile essentielle,1.6,9,38,final
2026-05-17,pranarom,all,copaiba huile essentielle,2.0,9,40,final
2026-05-18,pranarom,all,copaiba huile essentielle,1.5,1,18,final
2026-05-19,pranarom,all,copaiba huile essentielle,1.5,4,13,final
2026-05-20,pranarom,all,copaiba huile essentielle,1.1,6,14,final
2026-05-21,pranarom,all,copaiba huile essentielle,1.5,5,32,final
2026-05-22,pranarom,all,copaiba huile essentielle,1.3,3,19,final
2026-05-23,pranarom,all,copaiba huile essentielle,2.8,3,10,final
2026-05-24,pranarom,all,copaiba huile essentielle,1.4,5,12,final
2026-05-25,pranarom,all,copaiba huile essentielle,1,2,5,final
2026-05-26,pranarom,all,copaiba huile essentielle,1,2,9,final
2026-05-27,pranarom,all,copaiba huile essentielle,4.3,8,27,final
2026-05-28,pranarom,all,copaiba huile essentielle,1.2,4,18,final
2026-05-29,pranarom,all,copaiba huile essentielle,1.3,4,17,final
2026-05-30,pranarom,all,copaiba huile essentielle,1.3,4,15,final
2026-05-31,pranarom,all,copaiba huile essentielle,1.7,4,19,final
2026-06-01,pranarom,all,copaiba huile essentielle,2.1,4,20,final
2026-06-02,pranarom,all,copaiba huile essentielle,1,3,9,final
2026-06-03,pranarom,all,copaiba huile essentielle,2.1,2,8,final
2026-06-04,pranarom,all,copaiba huile essentielle,1.3,2,13,final
2026-06-05,pranarom,all,copaiba huile essentielle,1.2,2,4,final
2026-06-06,pranarom,all,copaiba huile essentielle,1.8,4,13,final
2026-06-07,pranarom,all,copaiba huile essentielle,1.3,0,7,final
2026-06-08,pranarom,all,copaiba huile essentielle,1.2,2,16,final
2026-06-09,pranarom,all,copaiba huile essentielle,1.6,2,13,final
2026-06-10,pranarom,all,copaiba huile essentielle,1.7,6,15,final
2026-06-11,pranarom,all,copaiba huile essentielle,1.6,2,10,final
2026-06-12,pranarom,all,copaiba huile essentielle,1.9,2,14,final
2026-06-13,pranarom,all,copaiba huile essentielle,1.5,0,4,final
2026-06-14,pranarom,all,copaiba huile essentielle,2.5,2,8,final
2026-06-15,pranarom,all,copaiba huile essentielle,1.4,2,12,final
2026-06-16,pranarom,all,copaiba huile essentielle,1.6,2,9,final
2026-06-17,pranarom,all,copaiba huile essentielle,1.6,4,20,final
2026-06-18,pranarom,all,copaiba huile essentielle,2.2,2,10,final
2026-06-19,pranarom,all,copaiba huile essentielle,1.9,5,25,final
2026-06-20,pranarom,all,copaiba huile essentielle,1.6,5,25,final
2026-06-21,pranarom,all,copaiba huile essentielle,2,7,35,final
2026-06-22,pranarom,all,copaiba huile essentielle,1.9,3,21,final
2026-06-23,pranarom,all,copaiba huile essentielle,1,6,12,final
2026-06-24,pranarom,all,copaiba huile essentielle,1.7,5,18,final
2026-06-25,pranarom,all,copaiba huile essentielle,1.2,3,16,final
2026-06-26,pranarom,all,copaiba huile essentielle,1,1,8,final
2026-06-27,pranarom,all,copaiba huile essentielle,1,3,8,final
2026-06-28,pranarom,all,copaiba huile essentielle,2.2,0,12,final
2026-06-29,pranarom,all,copaiba huile essentielle,1.1,1,12,final
2026-06-30,pranarom,all,copaiba huile essentielle,2.1,0,7,final
2026-07-01,pranarom,all,copaiba huile essentielle,1,0,5,final
2026-07-02,pranarom,all,copaiba huile essentielle,1.4,0,9,final
2026-07-03,pranarom,all,copaiba huile essentielle,1.1,1,9,final
2026-07-04,pranarom,all,copaiba huile essentielle,2,0,6,final
2026-07-05,pranarom,all,copaiba huile essentielle,1.2,1,10,final
2026-07-06,pranarom,all,copaiba huile essentielle,1.2,2,10,final
2026-07-07,pranarom,all,copaiba huile essentielle,1.2,1,9,final
2026-07-08,pranarom,all,copaiba huile essentielle,2.3,1,11,final
2026-07-09,pranarom,all,copaiba huile essentielle,2,0,6,final
2026-07-10,pranarom,all,copaiba huile essentielle,1.5,0,6,final
2026-07-11,pranarom,all,copaiba huile essentielle,1.8,4,20,final
2026-07-12,pranarom,all,copaiba huile essentielle,1.5,10,39,final
2026-07-13,pranarom,all,copaiba huile essentielle,1.3,2,14,final
2026-07-14,pranarom,all,copaiba huile essentielle,1,2,8,final
2026-07-15,pranarom,all,copaiba huile essentielle,1.9,1,10,final
2026-07-16,pranarom,all,copaiba huile essentielle,1.6,3,16,final
2026-07-17,pranarom,all,copaiba huile essentielle,1.4,2,18,final
2026-07-18,pranarom,all,copaiba huile essentielle,1.7,8,27,final
2026-07-19,pranarom,all,copaiba huile essentielle,1.6,2,13,final
2026-07-20,pranarom,all,copaiba huile essentielle,1.3,4,23,final
2026-07-21,pranarom,all,copaiba huile essentielle,1,8,28,final
2026-07-22,pranarom,all,copaiba huile essentielle,3.1,4,26,final
2026-07-23,pranarom,all,copaiba huile essentielle,1.4,2,16,final
2026-07-24,pranarom,all,copaiba huile essentielle,1.5,3,14,final
2026-07-25,pranarom,all,copaiba huile essentielle,2,3,12,final
2026-07-26,pranarom,all,copaiba huile essentielle,1,2,9,final
2026-07-27,pranarom,all,copaiba huile essentielle,1.8,2,12,final
2026-07-28,pranarom,all,copaiba huile essentielle,1.2,1,16,final
2026-07-29,pranarom,all,copaiba huile essentielle,1.3,1,18,final
2026-07-30,pranarom,all,copaiba huile essentielle,1.4,3,19,final
2026-07-31,pranarom,all,copaiba huile essentielle,1.5,6,20,final
2026-08-01,pranarom,all,copaiba huile essentielle,1.4,2,14,final
2026-08-02,pranarom,all,copaiba huile essentielle,2.2,1,12,final
2026-08-03,pranarom,all,copaiba huile essentielle,1.6,4,10,final
2026-08-04,pranarom,all,copaiba huile essentielle,1.4,4,19,final
2026-08-05,pranarom,all,copaiba huile essentielle,1.5,1,15,final
2026-08-06,pranarom,all,copaiba huile essentielle,2.6,1,8,final
2026-08-07,pranarom,all,copaiba huile essentielle,2.6,1,11,final
2026-08-08,pranarom,all,copaiba huile essentielle,1.7,3,23,final
2026-08-09,pranarom,all,copaiba huile essentielle,1.4,1,8,final
2026-08-10,pranarom,all,copaiba huile essentielle,1.8,0,13,final
2026-08-11,pranarom,all,copaiba huile essentielle,5.4,2,19,final
2026-08-12,pranarom,all,copaiba huile essentielle,2.3,5,14,final
2026-08-13,pranarom,all,copaiba huile essentielle,2.1,3,22,final
2026-08-14,pranarom,all,copaiba huile essentielle,1.1,2,14,final
2026-08-15,pranarom,all,copaiba huile essentielle,2,2,16,final
2026-08-16,pranarom,all,copaiba huile essentielle,2,3,16,final
2026-08-17,pranarom,all,copaiba huile essentielle,1.9,0,9,final
2026-08-18,pranarom,all,copaiba huile essentielle,3.2,2,18,final
2026-08-19,pranarom,all,copaiba huile essentielle,5.6,2,16,final
2026-08-20,pranarom,all,copaiba huile essentielle,2.5,3,20,final
2026-08-21,pranarom,all,copaiba huile essentielle,1.8,2,15,final
2026-08-22,pranarom,all,copaiba huile essentielle,1.4,1,14,final
2026-08-23,pranarom,all,copaiba huile essentielle,1.3,2,13,final
2026-08-24,pranarom,all,copaiba huile essentielle,1.1,2,13,final
2026-08-25,pranarom,all,copaiba huile essentielle,2.1,3,20,final
2026-08-26,pranarom,all,copaiba huile essentielle,2.3,2,15,final
2026-08-27,pranarom,all,copaiba huile essentielle,2.4,3,11,final
2026-08-28,pranarom,all,copaiba huile essentielle,2,3,26,final
2026-08-29,pranarom,all,copaiba huile essentielle,1.9,2,16,final
2026-08-30,pranarom,all,copaiba huile essentielle,1.4,3,12,final
2026-08-31,pranarom,all,copaiba huile essentielle,1.4,1,15,final
2026-09-01,pranarom,all,copaiba huile essentielle,1.2,1,11,final
2026-09-02,pranarom,all,copaiba huile essentielle,3.2,1,20,final
2026-09-03,pranarom,all,copaiba huile essentielle,2.1,4,16,final
2026-09-04,pranarom,all,copaiba huile essentielle,4.3,0,22,final
2026-09-05,pranarom,all,copaiba huile essentielle,3.2,2,9,final
2026-09-06,pranarom,all,copaiba huile essentielle,1.6,2,9,final
2026-09-07,pranarom,all,copaiba huile essentielle,2,3,12,final
2026-09-08,pranarom,all,copaiba huile essentielle,2.4,4,13,final
2026-09-09,pranarom,all,copaiba huile essentielle,2,4,19,final
2026-09-10,pranarom,all,copaiba huile essentielle,1.5,2,12,final
2026-09-11,pranarom,all,copaiba huile essentielle,2.7,5,19,final
2026-09-12,pranarom,all,copaiba huile essentielle,1.1,7,19,final
2026-09-13,pranarom,all,copaiba huile essentielle,2.5,5,12,final
2026-09-14,pranarom,all,copaiba huile essentielle,1.8,0,13,final
2026-09-15,pranarom,all,copaiba huile essentielle,1.1,2,20,final
2026-09-16,pranarom,all,copaiba huile essentielle,2.7,2,15,final
2026-09-17,pranarom,all,copaiba huile essentielle,1.9,0,10,final
2026-09-18,pranarom,all,copaiba huile essentielle,2.2,1,12,final
2026-09-19,pranarom,all,copaiba huile essentielle,1.4,1,13,final
2026-09-20,pranarom,all,copaiba huile essentielle,1.5,2,15,final
2026-09-21,pranarom,all,copaiba huile essentielle,1.1,3,10,final
2026-09-22,pranarom,all,copaiba huile essentielle,1.2,0,12,final
2026-09-23,pranarom,all,copaiba huile essentielle,1.4,2,10,final
2026-09-24,pranarom,all,copaiba huile essentielle,1.3,4,17,final
2026-09-25,pranarom,all,copaiba huile essentielle,2.1,2,9,final
2026-09-26,pranarom,all,copaiba huile essentielle,1.1,0,14,final
2026-09-27,pranarom,all,copaiba huile essentielle,2,1,10,final
2026-09-28,pranarom,all,copaiba huile essentielle,1.8,1,6,final
2026-09-29,pranarom,all,copaiba huile essentielle,5.2,1,13,final
2026-09-30,pranarom,all,copaiba huile essentielle,1.2,4,11,final
2026-10-01,pranarom,all,copaiba huile essentielle,12.8,0,4,fresh
2026-10-02,pranarom,all,copaiba huile essentielle,1.7,1,10,fresh
2025-06-10,pranarom,all,huile coco poux,1.4,4,12,final
2025-06-11,pranarom,all,huile coco poux,1.7,1,16,final
2025-06-12,pranarom,all,huile coco poux,1.4,1,7,final
2025-06-13,pranarom,all,huile coco poux,1.5,1,10,final
2025-06-14,pranarom,all,huile coco poux,1.5,2,13,final
2025-06-15,pranarom,all,huile coco poux,1.6,5,16,final
2025-06-16,pranarom,all,huile coco poux,1.5,2,15,final
2025-06-17,pranarom,all,huile coco poux,1.1,4,8,final
2025-06-18,pranarom,all,huile coco poux,1.4,1,9,final
2025-06-19,pranarom,all,huile coco poux,1,3,11,final
2025-06-20,pranarom,all,huile coco poux,1.3,1,6,final
2025-06-21,pranarom,all,huile coco poux,1,0,5,final
2025-06-22,pranarom,all,huile coco poux,1.2,4,17,final
2025-06-23,pranarom,all,huile coco poux,1.6,1,16,final
2025-06-24,pranarom,all,huile coco poux,1.4,2,14,final
2025-06-25,pranarom,all,huile coco poux,1,3,10,final
2025-06-26,pranarom,all,huile coco poux,1.5,3,11,final
2025-06-27,pranarom,all,huile coco poux,1.4,6,16,final
2025-06-28,pranarom,all,huile coco poux,1.2,3,13,final
2025-06-29,pranarom,all,huile coco poux,1.3,5,21,final
2025-06-30,pranarom,all,huile coco poux,1.4,1,7,final
2025-07-01,pranarom,all,huile coco poux,1.4,3,7,final
2025-07-02,pranarom,all,huile coco poux,1.1,4,14,final
2025-07-03,pranarom,all,huile coco poux,1.5,2,8,final
2025-07-04,pranarom,all,huile coco poux,1,0,5,final
2025-07-05,pranarom,all,huile coco poux,1.7,2,9,final
2025-07-06,pranarom,all,huile coco poux,1.3,3,13,final
2025-07-07,pranarom,all,huile coco poux,1.2,4,13,final
2025-07-08,pranarom,all,huile coco poux,1.5,2,13,final
2025-07-09,pranarom,all,huile coco poux,1.6,4,12,final
2025-07-10,pranarom,all,huile coco poux,1.2,3,12,final
2025-07-11,pranarom,all,huile coco poux,1.8,4,12,final
2025-07-12,pranarom,all,huile coco poux,1.9,1,9,final
2025-07-13,pranarom,all,huile coco poux,1.4,6,20,final
2025-07-14,pranarom,all,huile coco poux,1.5,1,13,final
2025-07-15,pranarom,all,huile coco poux,1.2,4,12,final
2025-07-16,pranarom,all,huile coco poux,1.3,5,17,final
2025-07-17,pranarom,all,huile coco poux,1.4,8,18,final
2025-07-18,pranarom,all,huile coco poux,1.5,1,13,final
2025-07-19,pranarom,all,huile coco poux,2,2,12,final
2025-07-20,pranarom,all,huile coco poux,1.4,5,28,final
2025-07-21,pranarom,all,huile coco poux,1.3,6,19,final
2025-07-22,pranarom,all,huile coco poux,1.4,3,14,final
2025-07-23,pranarom,all,huile coco poux,1.5,5,20,final
2025-07-24,pranarom,all,huile coco poux,1.3,4,16,final
2025-07-25,pranarom,all,huile coco poux,1.3,5,23,final
2025-07-26,pranarom,all,huile coco poux,1.4,4,14,final
2025-07-27,pranarom,all,huile coco poux,1.7,1,22,final
2025-07-28,pranarom,all,huile coco poux,1.2,7,19,final
2025-07-29,pranarom,all,huile coco poux,1.2,3,17,final
2025-07-30,pranarom,all,huile coco poux,1.3,3,21,final
2025-07-31,pranarom,all,huile coco poux,1.1,4,18,final
2025-08-01,pranarom,all,huile coco poux,1,4,17,final
2025-08-02,pranarom,all,huile coco poux,1.3,10,19,final
2025-08-03,pranarom,all,huile coco poux,1.2,7,13,final
2025-08-04,pranarom,all,huile coco poux,1.1,7,24,final
2025-08-05,pranarom,all,huile coco poux,1.2,7,21,final
2025-08-06,pranarom,all,huile coco poux,1.1,8,16,final
2025-08-07,pranarom,all,huile coco poux,1.2,3,20,final
2025-08-08,pranarom,all,huile coco poux,1.2,5,17,final
2025-08-09,pranarom,all,huile coco poux,1.2,3,10,final
2025-08-10,pranarom,all,huile coco poux,1.1,1,14,final
2025-08-11,pranarom,all,huile coco poux,1.1,5,16,final
2025-08-12,pranarom,all,huile coco poux,1.5,2,16,final
2025-08-13,pranarom,all,huile coco poux,1.2,3,29,final
2025-08-14,pranarom,all,huile coco poux,1.1,4,19,final
2025-08-15,pranarom,all,huile coco poux,1.2,3,12,final
2025-08-16,pranarom,all,huile coco poux,1.2,2,16,final
2025-08-17,pranarom,all,huile coco poux,1.0,8,21,final
2025-08-18,pranarom,all,huile coco poux,1,1,14,final
2025-08-19,pranarom,all,huile coco poux,1.5,2,13,final
2025-08-20,pranarom,all,huile coco poux,1.2,1,16,final
2025-08-21,pranarom,all,huile coco poux,1.1,6,17,final
2025-08-22,pranarom,all,huile coco poux,1.1,6,17,final
2025-08-23,pranarom,all,huile coco poux,1.2,0,13,final
2025-08-24,pranarom,all,huile coco poux,1.1,4,20,final
2025-08-25,pranarom,all,huile coco poux,1,8,16,final
2025-08-26,pranarom,all,huile coco poux,1.5,3,11,final
2025-08-27,pranarom,all,huile coco poux,1,8,17,final
2025-08-28,pranarom,all,huile coco poux,1.2,3,18,final
2025-08-29,pranarom,all,huile coco poux,1.2,7,22,final
2025-08-30,pranarom,all,huile coco poux,1.2,7,30,final
2025-08-31,pranarom,all,huile coco poux,1.1,2,18,final
2025-09-01,pranarom,all,huile coco poux,1.3,5,14,final
2025-09-02,pranarom,all,huile coco poux,1.3,5,21,final
2025-09-03,pranarom,all,huile coco poux,1.4,12,27,final
2025-09-04,pranarom,all,huile coco poux,1.2,7,16,final
2025-09-05,pranarom,all,huile coco poux,1.3,5,20,final
2025-09-06,pranarom,all,huile coco poux,1.1,4,24,final
2025-09-07,pranarom,all,huile coco poux,1,3,18,final
2025-09-08,pranarom,all,huile coco poux,1.1,4,17,final
2025-09-09,pranarom,all,huile coco poux,1.1,3,14,final
2025-09-10,pranarom,all,huile coco poux,1.2,0,11,final
2025-09-11,pranarom,all,huile coco poux,1.4,7,21,final
2025-09-12,pranarom,all,huile coco poux,1,3,16,final
2025-09-13,pranarom,all,huile coco poux,1,7,14,final
2025-09-14,pranarom,all,huile coco poux,1,6,24,final
2025-09-15,pranarom,all,huile coco poux,1.7,0,6,final
2025-09-16,pranarom,all,huile coco poux,1,1,5,final
2025-09-17,pranarom,all,huile coco poux,1.3,3,21,final
2025-09-18,pranarom,all,huile coco poux,1.4,5,15,final
2025-09-19,pranarom,all,huile coco poux,1,2,15,final
2025-09-20,pranarom,all,huile coco poux,1.1,6,22,final
2025-09-21,pranarom,all,huile coco poux,1.2,7,25,final
2025-09-22,pranarom,all,huile coco poux,1.3,3,20,final
2025-09-23,pranarom,all,huile coco poux,1.2,6,13,final
2025-09-24,pranarom,all,huile coco poux,1.2,2,11,final
2025-09-25,pranarom,all,huile coco poux,1,1,9,final
2025-09-26,pranarom,all,huile coco poux,1.1,3,11,final
2025-09-27,pranarom,all,huile coco poux,1.2,7,19,final
2025-09-28,pranarom,all,huile coco poux,1,7,25,final
2025-09-29,pranarom,all,huile coco poux,1,5,18,final
2025-09-30,pranarom,all,huile coco poux,1,7,16,final
2025-10-01,pranarom,all,huile coco poux,1,3,12,final
2025-10-02,pranarom,all,huile coco poux,1.6,3,10,final
2025-10-03,pranarom,all,huile coco poux,1,4,15,final
2025-10-04,pranarom,all,huile coco poux,1.1,7,17,final
2025-10-05,pranarom,all,huile coco poux,1,1,6,final
2025-10-06,pranarom,all,huile coco poux,1.1,4,15,final
2025-10-07,pranarom,all,huile coco poux,1.1,2,8,final
2025-10-08,pranarom,all,huile coco poux,1,4,15,final
2025-10-09,pranarom,all,huile coco poux,1.1,7,17,final
2025-10-10,pranarom,all,huile coco poux,1.2,0,19,final
2025-10-11,pranarom,all,huile coco poux,1.1,5,15,final
2025-10-12,pranarom,all,huile coco poux,1.1,7,22,final
2025-10-13,pranarom,all,huile coco poux,1.1,5,16,final
2025-10-14,pranarom,all,huile coco poux,1.1,5,12,final
2025-10-15,pranarom,all,huile coco poux,1.4,1,17,final
2025-10-16,pranarom,all,huile coco poux,1,8,14,final
2025-10-17,pranarom,all,huile coco poux,1,3,8,final
2025-10-18,pranarom,all,huile coco poux,1.1,3,16,final
2025-10-19,pranarom,all,huile coco poux,1.3,6,12,final
2025-10-20,pranarom,all,huile coco poux,1,4,9,final
2025-10-21,pranarom,all,huile coco poux,1,3,20,final
2025-10-22,pranarom,all,huile coco poux,1.4,3,14,final
2025-10-23,pranarom,all,huile coco poux,1,6,17,final
2025-10-24,pranarom,all,huile coco poux,1,5,12,final
2025-10-25,pranarom,all,huile coco poux,1,4,19,final
2025-10-26,pranarom,all,huile coco poux,1,5,15,final
2025-10-27,pranarom,all,huile coco poux,1,5,21,final
2025-10-28,pranarom,all,huile coco poux,1.2,6,13,final
2025-10-29,pranarom,all,huile coco poux,1,4,10,final
2025-10-30,pranarom,all,huile coco poux,1,5,16,final
2025-10-31,pranarom,all,huile coco poux,1,3,12,final
2025-11-01,pranarom,all,huile coco poux,1,3,15,final
2025-11-02,pranarom,all,huile coco poux,1.1,10,30,final
2025-11-03,pranarom,all,huile coco poux,1,1,10,final
2025-11-04,pranarom,all,huile coco poux,1,3,15,final
2025-11-05,pranarom,all,huile coco poux,1.2,2,10,final
2025-11-06,pranarom,all,huile coco poux,1.2,0,8,final
2025-11-07,pranarom,all,huile coco poux,1.1,1,15,final
2025-11-08,pranarom,all,huile coco poux,1,1,11,final
2025-11-09,pranarom,all,huile coco poux,1.1,8,21,final
2025-11-10,pranarom,all,huile coco poux,1.0,5,24,final
2025-11-11,pranarom,all,huile coco poux,1.2,3,18,final
2025-11-12,pranarom,all,huile coco poux,1.3,3,17,final
2025-11-13,pranarom,all,huile coco poux,1.1,1,7,final
2025-11-14,pranarom,all,huile coco poux,1.4,2,10,final
2025-11-15,pranarom,all,huile coco poux,1.1,3,14,final
2025-11-16,pranarom,all,huile coco poux,1.1,6,19,final
2025-11-17,pranarom,all,huile coco poux,1.2,1,12,final
2025-11-18,pranarom,all,huile coco poux,1.2,1,13,final
2025-11-19,pranarom,all,huile coco poux,1.2,4,10,final
2025-11-20,pranarom,all,huile coco poux,1.6,0,5,final
2025-11-21,pranarom,all,huile coco poux,1.1,1,8,final
2025-11-22,pranarom,all,huile coco poux,1.1,6,10,final
2025-11-23,pranarom,all,huile coco poux,1.1,6,11,final
2025-11-24,pranarom,all,huile coco poux,1.2,3,11,final
2025-11-25,pranarom,all,huile coco poux,1.2,3,6,final
2025-11-26,pranarom,all,huile coco poux,1.1,3,15,final
2025-11-27,pranarom,all,huile coco poux,1.3,2,12,final
2025-11-28,pranarom,all,huile coco poux,1,2,9,final
2025-11-29,pranarom,all,huile coco poux,1,6,16,final
2025-11-30,pranarom,all,huile coco poux,1,5,13,final
2025-12-01,pranarom,all,huile coco poux,1.1,0,9,final
2025-12-02,pranarom,all,huile coco poux,1,2,8,final
2025-12-03,pranarom,all,huile coco poux,1.1,2,10,final
2025-12-04,pranarom,all,huile coco poux,1.1,2,8,final
2025-12-05,pranarom,all,huile coco poux,1.2,3,6,final
2025-12-06,pranarom,all,huile coco poux,1.1,5,14,final
2025-12-07,pranarom,all,huile coco poux,1.4,8,17,final
2025-12-08,pranarom,all,huile coco poux,1.2,4,12,final
2025-12-09,pranarom,all,huile coco poux,1.2,1,12,final
2025-12-10,pranarom,all,huile coco poux,1.1,3,13,final
2025-12-11,pranarom,all,huile coco poux,1,3,9,final
2025-12-12,pranarom,all,huile coco poux,1.1,3,8,final
2025-12-13,pranarom,all,huile coco poux,1.2,5,16,final
2025-12-14,pranarom,all,huile coco poux,1.2,1,15,final
2025-12-15,pranarom,all,huile coco poux,1.1,2,7,final
2025-12-16,pranarom,all,huile coco poux,1.1,4,11,final
2025-12-17,pranarom,all,huile coco poux,1.2,2,6,final
2025-12-18,pranarom,all,huile coco poux,1.1,1,7,final
2025-12-19,pranarom,all,huile coco poux,1.2,1,11,final
2025-12-20,pranarom,all,huile coco poux,1.2,6,15,final
2025-12-21,pranarom,all,huile coco poux,1.2,5,16,final
2025-12-22,pranarom,all,huile coco poux,1.1,5,12,final
2025-12-23,pranarom,all,huile coco poux,1.2,0,9,final
2025-12-24,pranarom,all,huile coco poux,1.2,1,4,final
2025-12-25,pranarom,all,huile coco poux,1.1,3,10,final
2025-12-26,pranarom,all,huile coco poux,1.4,3,12,final
2025-12-27,pranarom,all,huile coco poux,1.2,2,17,final
2025-12-28,pranarom,all,huile coco poux,1.3,6,15,final
2025-12-29,pranarom,all,huile coco poux,1.1,1,12,final
2025-12-30,pranarom,all,huile coco poux,1,3,15,final
2025-12-31,pranarom,all,huile coco poux,1,2,9,final
2026-01-01,pranarom,all,huile coco poux,1.1,2,10,final
2026-01-02,pranarom,all,huile coco poux,1,4,9,final
2026-01-03,pranarom,all,huile coco poux,1.3,6,15,final
2026-01-04,pranarom,all,huile coco poux,1.2,4,13,final
2026-01-05,pranarom,all,huile coco poux,1.2,2,8,final
2026-01-06,pranarom,all,huile coco poux,1.1,3,9,final
2026-01-07,pranarom,all,huile coco poux,1.2,0,4,final
2026-01-08,pranarom,all,huile coco poux,1.5,3,10,final
2026-01-09,pranarom,all,huile coco poux,1.2,3,13,final
2026-01-10,pranarom,all,huile coco poux,1.1,4,10,final
2026-01-11,pranarom,all,huile coco poux,1.2,3,17,final
2026-01-12,pranarom,all,huile coco poux,1.1,1,15,final
2026-01-13,pranarom,all,huile coco poux,1,0,6,final
2026-01-14,pranarom,all,huile coco poux,1.1,5,16,final
2026-01-15,pranarom,all,huile coco poux,1,0,9,final
2026-01-16,pranarom,all,huile coco poux,1.1,2,10,final
2026-01-17,pranarom,all,huile coco poux,1.1,4,14,final
2026-01-18,pranarom,all,huile coco poux,1.2,4,12,final
2026-01-19,pranarom,all,huile coco poux,2,2,16,final
2026-01-20,pranarom,all,huile coco poux,1.1,1,10,final
2026-01-21,pranarom,all,huile coco poux,1,5,12,final
2026-01-22,pranarom,all,huile coco poux,1,1,9,final
2026-01-23,pranarom,all,huile coco poux,1,4,8,final
2026-01-24,pranarom,all,huile coco poux,1,3,12,final
2026-01-25,pranarom,all,huile coco poux,1,1,11,final
2026-01-26,pranarom,all,huile coco poux,1,3,9,final
2026-01-27,pranarom,all,huile coco poux,1,3,17,final
2026-01-28,pranarom,all,huile coco poux,1.2,3,13,final
2026-01-29,pranarom,all,huile coco poux,1,2,5,final
2026-01-30,pranarom,all,huile coco poux,1,4,11,final
2026-01-31,pranarom,all,huile coco poux,1,3,11,final
2026-02-01,pranarom,all,huile coco poux,1,5,17,final
2026-02-02,pranarom,all,huile coco poux,1.5,1,11,final
2026-02-03,pranarom,all,huile coco poux,1.3,1,7,final
2026-02-04,pranarom,all,huile coco poux,1.1,6,17,final
2026-02-05,pranarom,all,huile coco poux,1.2,3,14,final
2026-02-06,pranarom,all,huile coco poux,1,1,7,final
2026-02-07,pranarom,all,huile coco poux,1.1,4,14,final
2026-02-08,pranarom,all,huile coco poux,1,6,10,final
2026-02-09,pranarom,all,huile coco poux,1,2,6,final
2026-02-10,pranarom,all,huile coco poux,1.3,3,7,final
2026-02-11,pranarom,all,huile coco poux,1,2,4,final
2026-02-12,pranarom,all,huile coco poux,1.8,2,5,final
2026-02-13,pranarom,all,huile coco poux,1,5,15,final
2026-02-14,pranarom,all,huile coco poux,2.7,3,15,final
2026-02-15,pranarom,all,huile coco poux,1.8,5,11,final
2026-02-16,pranarom,all,huile coco poux,2.3,1,13,final
2026-02-17,pranarom,all,huile coco poux,1.8,2,15,final
2026-02-18,pranarom,all,huile coco poux,1.8,1,8,final
2026-02-19,pranarom,all,huile coco poux,1.7,4,14,final
2026-02-20,pranarom,all,huile coco poux,1.2,0,9,final
2026-02-21,pranarom,all,huile coco poux,1.8,1,13,final
2026-02-22,pranarom,all,huile coco poux,2,4,11,final
2026-02-23,pranarom,all,huile coco poux,1.1,5,16,final
2026-02-24,pranarom,all,huile coco poux,3.3,1,10,final
2026-02-25,pranarom,all,huile coco poux,1,2,9,final
2026-02-26,pranarom,all,huile coco poux,3,3,11,final
2026-02-27,pranarom,all,huile coco poux,1,7,11,final
2026-02-28,pranarom,all,huile coco poux,1,2,8,final
2026-03-01,pranarom,all,huile coco poux,1,6,17,final
2026-03-02,pranarom,all,huile coco poux,2.6,2,8,final
2026-03-03,pranarom,all,huile coco poux,2.2,0,5,final
2026-03-04,pranarom,all,huile coco poux,1.5,1,4,final
2026-03-05,pranarom,all,huile coco poux,1,0,5,final
2026-03-06,pranarom,all,huile coco poux,1,3,5,final
2026-03-07,pranarom,all,huile coco poux,1,4,12,final
2026-03-08,pranarom,all,huile coco poux,1.8,6,14,final
2026-03-09,pranarom,all,huile coco poux,1,2,9,final
2026-03-10,pranarom,all,huile coco poux,1,2,9,final
2026-03-11,pranarom,all,huile coco poux,1.3,0,7,final
2026-03-12,pranarom,all,huile coco poux,1,3,5,final
2026-03-13,pranarom,all,huile coco poux,3,0,8,final
2026-03-14,pranarom,all,huile coco poux,1.7,1,11,final
2026-03-15,pranarom,all,huile coco poux,1,2,8,final
2026-03-16,pranarom,all,huile coco poux,1,2,10,final
2026-03-17,pranarom,all,huile coco poux,1,2,12,final
2026-03-18,pranarom,all,huile coco poux,1.2,1,8,final
2026-03-19,pranarom,all,huile coco poux,1,2,6,final
2026-03-20,pranarom,all,huile coco poux,1,2,8,final
2026-03-21,pranarom,all,huile coco poux,1,5,15,final
2026-03-22,pranarom,all,huile coco poux,1,7,12,final
2026-03-23,pranarom,all,huile coco poux,1,2,9,final
2026-03-24,pranarom,all,huile coco poux,1,5,11,final
2026-03-25,pranarom,all,huile coco poux,1,3,10,final
2026-03-26,pranarom,all,huile coco poux,1,2,9,final
2026-03-27,pranarom,all,huile coco poux,1,4,9,final
2026-03-28,pranarom,all,huile coco poux,1,5,13,final
2026-03-29,pranarom,all,huile coco poux,1.1,7,22,final
2026-03-30,pranarom,all,huile coco poux,1,3,8,final
2026-03-31,pranarom,all,huile coco poux,1.3,2,6,final
2026-04-01,pranarom,all,huile coco poux,1,4,12,final
2026-04-02,pranarom,all,huile coco poux,1,1,6,final
2026-04-03,pranarom,all,huile coco poux,1,1,6,final
2026-04-04,pranarom,all,huile coco poux,1,6,13,final
2026-04-05,pranarom,all,huile coco poux,1,1,5,final
2026-04-06,pranarom,all,huile coco poux,1,3,15,final
2026-04-07,pranarom,all,huile coco poux,1,1,5,final
2026-04-08,pranarom,all,huile coco poux,1,4,8,final
2026-04-09,pranarom,all,huile coco poux,1,7,13,final
2026-04-10,pranarom,all,huile coco poux,1,1,5,final
2026-04-11,pranarom,all,huile coco poux,1,3,8,final
2026-04-12,pranarom,all,huile coco poux,1,1,8,final
2026-04-13,pranarom,all,huile coco poux,1.2,4,10,final
2026-04-14,pranarom,all,huile coco poux,1,5,15,final
2026-04-15,pranarom,all,huile coco poux,1,2,4,final
2026-04-16,pranarom,all,huile coco poux,1,0,8,final
2026-04-17,pranarom,all,huile coco poux,1,5,10,final
2026-04-18,pranarom,all,huile coco poux,1,3,8,final
2026-04-19,pranarom,all,huile coco poux,1,4,10,final
2026-04-20,pranarom,all,huile coco poux,1,3,10,final
2026-04-21,pranarom,all,huile coco poux,1,3,12,final
2026-04-22,pranarom,all,huile coco poux,1,2,8,final
2026-04-23,pranarom,all,huile coco poux,1,1,2,final
2026-04-24,pranarom,all,huile coco poux,1,2,10,final
2026-04-25,pranarom,all,huile coco poux,1,3,6,final
2026-04-26,pranarom,all,huile coco poux,1,5,8,final
2026-04-27,pranarom,all,huile coco poux,1,3,15,final
2026-04-28,pranarom,all,huile coco poux,1,3,7,final
2026-04-29,pranarom,all,huile coco poux,1,3,8,final
2026-04-30,pranarom,all,huile coco poux,1.2,1,8,final
2026-05-01,pranarom,all,huile coco poux,1.1,5,14,final
2026-05-02,pranarom,all,huile coco poux,1.2,4,12,final
2026-05-03,pranarom,all,huile coco poux,1,3,14,final
2026-05-04,pranarom,all,huile coco poux,1.1,2,14,final
2026-05-05,pranarom,all,huile coco poux,1,2,6,final
2026-05-06,pranarom,all,huile coco poux,1.1,5,11,final
2026-05-07,pranarom,all,huile coco poux,1.3,1,7,final
2026-05-08,pranarom,all,huile coco poux,1.3,1,9,final
2026-05-09,pranarom,all,huile coco poux,1,2,9,final
2026-05-10,pranarom,all,huile coco poux,1.4,2,16,final
2026-05-11,pranarom,all,huile coco poux,1,4,12,final
2026-05-12,pranarom,all,huile coco poux,1.1,3,9,final
2026-05-13,pranarom,all,huile coco poux,1.2,1,6,final
2026-05-14,pranarom,all,huile coco poux,1.1,0,7,final
2026-05-15,pranarom,all,huile coco poux,1.3,1,7,final
2026-05-16,pranarom,all,huile coco poux,1,3,14,final
2026-05-17,pranarom,all,huile coco poux,1,5,7,final
2026-05-18,pranarom,all,huile coco poux,1.2,1,6,final
2026-05-19,pranarom,all,huile coco poux,1,4,9,final
2026-05-20,pranarom,all,huile coco poux,1.2,5,8,final
2026-05-21,pranarom,all,huile coco poux,1,0,4,final
2026-05-22,pranarom,all,huile coco poux,1.4,3,8,final
2026-05-23,pranarom,all,huile coco poux,1,1,14,final
2026-05-24,pranarom,all,huile coco poux,1,3,11,final
2026-05-25,pranarom,all,huile coco poux,1,2,6,final
2026-05-26,pranarom,all,huile coco poux,1.2,2,4,final
2026-05-27,pranarom,all,huile coco poux,1.2,0,5,final
2026-05-28,pranarom,all,huile coco poux,1,3,8,final
2026-05-29,pranarom,all,huile coco poux,1,2,3,final
2026-05-30,pranarom,all,huile coco poux,1.1,3,9,final
2026-05-31,pranarom,all,huile coco poux,1,3,8,final
2026-06-01,pranarom,all,huile coco poux,1.3,2,11,final
2026-06-02,pranarom,all,huile coco poux,1.1,2,7,final
2026-06-03,pranarom,all,huile coco poux,1,4,7,final
2026-06-04,pranarom,all,huile coco poux,1,3,6,final
2026-06-05,pranarom,all,huile coco poux,1,2,8,final
2026-06-06,pranarom,all,huile coco poux,1.2,1,6,final
2026-06-07,pranarom,all,huile coco poux,1,2,11,final
2026-06-08,pranarom,all,huile coco poux,1,3,8,final
2026-06-09,pranarom,all,huile coco poux,1,0,9,final
2026-06-10,pranarom,all,huile coco poux,1,2,9,final
2026-06-11,pranarom,all,huile coco poux,1,2,5,final
2026-06-12,pranarom,all,huile coco poux,1,0,4,final
2026-06-13,pranarom,all,huile coco poux,1,1,2,final
2026-06-14,pranarom,all,huile coco poux,1,1,10,final
2026-06-15,pranarom,all,huile coco poux,1,0,6,final
2026-06-16,pranarom,all,huile coco poux,1,1,8,final
2026-06-17,pranarom,all,huile coco poux,1.3,2,7,final
2026-06-18,pranarom,all,huile coco poux,1,1,8,final
2026-06-19,pranarom,all,huile coco poux,1.5,1,6,final
2026-06-20,pranarom,all,huile coco poux,1,4,9,final
2026-06-21,pranarom,all,huile coco poux,1,3,12,final
2026-06-22,pranarom,all,huile coco poux,1,0,3,final
2026-06-23,pranarom,all,huile coco poux,1,3,10,final
2026-06-24,pranarom,all,huile coco poux,1,2,4,final
2026-06-25,pranarom,all,huile coco poux,1,1,6,final
2026-06-26,pranarom,all,huile coco poux,1.6,0,5,final
2026-06-27,pranarom,all,huile coco poux,1,2,4,final
2026-06-28,pranarom,all,huile coco poux,1,6,12,final
2026-06-29,pranarom,all,huile coco poux,1,5,10,final
2026-06-30,pranarom,all,huile coco poux,2,2,6,final
2026-07-01,pranarom,all,huile coco poux,1,2,9,final
2026-07-02,pranarom,all,huile coco poux,1,3,6,final
2026-07-03,pranarom,all,huile coco poux,1.1,2,9,final
2026-07-04,pranarom,all,huile coco poux,1,1,13,final
2026-07-05,pranarom,all,huile coco poux,1,2,11,final
2026-07-06,pranarom,all,huile coco poux,1,1,5,final
2026-07-07,pranarom,all,huile coco poux,1,4,11,final
2026-07-08,pranarom,all,huile coco poux,1.1,6,14,final
2026-07-09,pranarom,all,huile coco poux,1.1,2,10,final
2026-07-10,pranarom,all,huile coco poux,1,0,6,final
2026-07-11,pranarom,all,huile coco poux,1,3,9,final
2026-07-12,pranarom,all,huile coco poux,1,2,8,final
2026-07-13,pranarom,all,huile coco poux,1,5,12,final
2026-07-14,pranarom,all,huile coco poux,1.1,3,12,final
2026-07-15,pranarom,all,huile coco poux,1.1,2,13,final
2026-07-16,pranarom,all,huile coco poux,1,4,9,final
2026-07-17,pranarom,all,huile coco poux,1,0,6,final
2026-07-18,pranarom,all,huile coco poux,1.1,2,7,final
2026-07-19,pranarom,all,huile coco poux,1,2,15,final
2026-07-20,pranarom,all,huile coco poux,1,2,9,final
2026-07-21,pranarom,all,huile coco poux,1.1,3,10,final
2026-07-22,pranarom,all,huile coco poux,1.1,3,18,final
2026-07-23,pranarom,all,huile coco poux,1.1,7,14,final
2026-07-24,pranarom,all,huile coco poux,1,1,6,final
2026-07-25,pranarom,all,huile coco poux,1,5,10,final
2026-07-26,pranarom,all,huile coco poux,1,6,14,final
2026-07-27,pranarom,all,huile coco poux,1.1,6,13,final
2026-07-28,pranarom,all,huile coco poux,1.1,1,11,final
2026-07-29,pranarom,all,huile coco poux,1.1,2,9,final
2026-07-30,pranarom,all,huile coco poux,1,7,20,final
2026-07-31,pranarom,all,huile coco poux,1,4,11,final
2026-08-01,pranarom,all,huile coco poux,6,3,13,final
2026-08-02,pranarom,all,huile coco poux,1.1,5,10,final
2026-08-03,pranarom,all,huile coco poux,1.1,2,10,final
2026-08-04,pranarom,all,huile coco poux,1.2,1,8,final
2026-08-05,pranarom,all,huile coco poux,1,2,8,final
2026-08-06,pranarom,all,huile coco poux,1,3,9,final
2026-08-07,pranarom,all,huile coco poux,1.1,4,14,final
2026-08-08,pranarom,all,huile coco poux,1.2,2,8,final
2026-08-09,pranarom,all,huile coco poux,1,1,9,final
2026-08-10,pranarom,all,huile coco poux,1,6,14,final
2026-08-11,pranarom,all,huile coco poux,1,1,6,final
2026-08-12,pranarom,all,huile coco poux,1,3,7,final
2026-08-13,pranarom,all,huile coco poux,1,2,7,final
2026-08-14,pranarom,all,huile coco poux,1.2,2,11,final
2026-08-15,pranarom,all,huile coco poux,8.2,2,9,final
2026-08-16,pranarom,all,huile coco poux,1.1,4,13,final
2026-08-17,pranarom,all,huile coco poux,1,7,14,final
2026-08-18,pranarom,all,huile coco poux,1.2,3,15,final
2026-08-19,pranarom,all,huile coco poux,1.1,5,12,final
2026-08-20,pranarom,all,huile coco poux,1,2,11,final
2026-08-21,pranarom,all,huile coco poux,1.2,4,13,final
2026-08-22,pranarom,all,huile coco poux,1.1,4,10,final
2026-08-23,pranarom,all,huile coco poux,1,4,13,final
2026-08-24,pranarom,all,huile coco poux,1.1,1,11,final
2026-08-25,pranarom,all,huile coco poux,1,1,11,final
2026-08-26,pranarom,all,huile coco poux,1.1,4,15,final
2026-08-27,pranarom,all,huile coco poux,1,2,15,final
2026-08-28,pranarom,all,huile coco poux,1.1,4,15,final
2026-08-29,pranarom,all,huile coco poux,1,0,16,final
2026-08-30,pranarom,all,huile coco poux,1,2,16,final
2026-08-31,pranarom,all,huile coco poux,1,2,9,final
2026-09-01,pranarom,all,huile coco poux,1.1,1,8,final
2026-09-02,pranarom,all,huile coco poux,1,3,9,final
2026-09-03,pranarom,all,huile coco poux,1.3,0,11,final
2026-09-04,pranarom,all,huile coco poux,6.2,4,13,final
2026-09-05,pranarom,all,huile coco poux,1.2,2,12,final
2026-09-06,pranarom,all,huile coco poux,1,3,11,final
2026-09-07,pranarom,all,huile coco poux,1.1,4,15,final
2026-09-08,pranarom,all,huile coco poux,1,1,5,final
2026-09-09,pranarom,all,huile coco poux,1.1,2,12,final
2026-09-10,pranarom,all,huile coco poux,1,4,9,final
2026-09-11,pranarom,all,huile coco poux,1.1,2,11,final
2026-09-12,pranarom,all,huile coco poux,6.7,3,12,final
2026-09-13,pranarom,all,huile coco poux,1,2,12,final
2026-09-14,pranarom,all,huile coco poux,1,5,13,final
2026-09-15,pranarom,all,huile coco poux,1.1,2,18,final
2026-09-16,pranarom,all,huile coco poux,1,2,13,final
2026-09-17,pranarom,all,huile coco poux,1.2,2,11,final
2026-09-18,pranarom,all,huile coco poux,1,1,3,final
2026-09-19,pranarom,all,huile coco poux,1,1,11,final
2026-09-20,pranarom,all,huile coco poux,1,1,10,final
2026-09-21,pranarom,all,huile coco poux,1,1,8,final
2026-09-22,pranarom,all,huile coco poux,1,3,11,final
2026-09-23,pranarom,all,huile coco poux,1.1,4,11,final
2026-09-24,pranarom,all,huile coco poux,1.1,1,11,final
2026-09-25,pranarom,all,huile coco poux,1.1,1,11,final
2026-09-26,pranarom,all,huile coco poux,8.5,1,10,final
2026-09-27,pranarom,all,huile coco poux,1.1,1,11,final
2026-09-28,pranarom,all,huile coco poux,1,2,9,final
2026-09-29,pranarom,all,huile coco poux,1.3,3,16,final
2026-09-30,pranarom,all,huile coco poux,1.2,2,13,final
2026-10-01,pranarom,all,huile coco poux,1,2,9,fresh
2026-10-02,pranarom,all,huile coco poux,1,1,9,fresh
2025-06-10,pranarom,all,huile de coco poux,2.2,4,44,final
2025-06-11,pranarom,all,huile de coco poux,1.4,16,56,final
2025-06-12,pranarom,all,huile de coco poux,1.5,13,38,final
2025-06-13,pranarom,all,huile de coco poux,1.6,12,43,final
2025-06-14,pranarom,all,huile de coco poux,1.5,11,47,final
2025-06-15,pranarom,all,huile de coco poux,1.4,14,64,final
2025-06-16,pranarom,all,huile de coco poux,1.5,13,43,final
2025-06-17,pranarom,all,huile de coco poux,1.5,9,56,final
2025-06-18,pranarom,all,huile de coco poux,1.4,16,66,final
2025-06-19,pranarom,all,huile de coco poux,1.3,9,44,final
2025-06-20,pranarom,all,huile de coco poux,1.1,17,55,final
2025-06-21,pranarom,all,huile de coco poux,1.4,11,44,final
2025-06-22,pranarom,all,huile de coco poux,1.3,15,55,final
2025-06-23,pranarom,all,huile de coco poux,1.3,20,71,final
2025-06-24,pranarom,all,huile de coco poux,1.5,8,40,final
2025-06-25,pranarom,all,huile de coco poux,1.5,6,48,final
2025-06-26,pranarom,all,huile de coco poux,1.8,8,41,final
2025-06-27,pranarom,all,huile de coco poux,1.6,6,31,final
2025-06-28,pranarom,all,huile de coco poux,1.4,11,52,final
2025-06-29,pranarom,all,huile de coco poux,1.5,13,50,final
2025-06-30,pranarom,all,huile de coco poux,1.6,7,40,final
2025-07-01,pranarom,all,huile de coco poux,1.6,16,52,final
2025-07-02,pranarom,all,huile de coco poux,1.5,13,55,final
2025-07-03,pranarom,all,huile de coco poux,1.7,11,39,final
2025-07-04,pranarom,all,huile de coco poux,1.5,13,51,final
2025-07-05,pranarom,all,huile de coco poux,1.4,19,54,final
2025-07-06,pranarom,all,huile de coco poux,1.3,18,78,final
2025-07-07,pranarom,all,huile de coco poux,1.3,18,71,final
2025-07-08,pranarom,all,huile de coco poux,1.4,11,56,final
2025-07-09,pranarom,all,huile de coco poux,1.4,9,65,final
2025-07-10,pranarom,all,huile de coco poux,1.2,20,66,final
2025-07-11,pranarom,all,huile de coco poux,1.5,15,69,final
2025-07-12,pranarom,all,huile de coco poux,1.5,14,66,final
2025-07-13,pranarom,all,huile de coco poux,1.5,19,64,final
2025-07-14,pranarom,all,huile de coco poux,1.3,20,83,final
2025-07-15,pranarom,all,huile de coco poux,1.4,20,84,final
2025-07-16,pranarom,all,huile de coco poux,1.4,18,72,final
2025-07-17,pranarom,all,huile de coco poux,1.3,22,78,final
2025-07-18,pranarom,all,huile de coco poux,1.3,16,66,final
2025-07-19,pranarom,all,huile de coco poux,1.2,16,75,final
2025-07-20,pranarom,all,huile de coco poux,1.5,17,105,final
2025-07-21,pranarom,all,huile de coco poux,1.3,19,80,final
2025-07-22,pranarom,all,huile de coco poux,1.3,24,83,final
2025-07-23,pranarom,all,huile de coco poux,1.2,24,104,final
2025-07-24,pranarom,all,huile de coco poux,1.2,22,68,final
2025-07-25,pranarom,all,huile de coco poux,1.3,25,89,final
2025-07-26,pranarom,all,huile de coco poux,1.2,9,59,final
2025-07-27,pranarom,all,huile de coco poux,1.3,22,88,final
2025-07-28,pranarom,all,huile de coco poux,1.3,23,95,final
2025-07-29,pranarom,all,huile de coco poux,1.3,27,102,final
2025-07-30,pranarom,all,huile de coco poux,1.4,21,88,final
2025-07-31,pranarom,all,huile de coco poux,1.3,14,69,final
2025-08-01,pranarom,all,huile de coco poux,1.5,22,84,final
2025-08-02,pranarom,all,huile de coco poux,1.1,16,73,final
2025-08-03,pranarom,all,huile de coco poux,1.3,33,106,final
2025-08-04,pranarom,all,huile de coco poux,1.3,19,80,final
2025-08-05,pranarom,all,huile de coco poux,1.3,24,90,final
2025-08-06,pranarom,all,huile de coco poux,1.1,27,88,final
2025-08-07,pranarom,all,huile de coco poux,1.3,20,74,final
2025-08-08,pranarom,all,huile de coco poux,1.4,8,54,final
2025-08-09,pranarom,all,huile de coco poux,1.2,10,59,final
2025-08-10,pranarom,all,huile de coco poux,1.3,23,75,final
2025-08-11,pranarom,all,huile de coco poux,1.3,20,71,final
2025-08-12,pranarom,all,huile de coco poux,1.4,13,60,final
2025-08-13,pranarom,all,huile de coco poux,1.2,26,67,final
2025-08-14,pranarom,all,huile de coco poux,1.1,21,65,final
2025-08-15,pranarom,all,huile de coco poux,1.3,13,46,final
2025-08-16,pranarom,all,huile de coco poux,1.2,12,67,final
2025-08-17,pranarom,all,huile de coco poux,1.3,12,65,final
2025-08-18,pranarom,all,huile de coco poux,1.1,25,77,final
2025-08-19,pranarom,all,huile de coco poux,1.2,19,72,final
2025-08-20,pranarom,all,huile de coco poux,1.2,20,76,final
2025-08-21,pranarom,all,huile de coco poux,1.3,12,63,final
2025-08-22,pranarom,all,huile de coco poux,1.4,19,78,final
2025-08-23,pranarom,all,huile de coco poux,1.3,21,82,final
2025-08-24,pranarom,all,huile de coco poux,1.2,22,97,final
2025-08-25,pranarom,all,huile de coco poux,1.2,14,77,final
2025-08-26,pranarom,all,huile de coco poux,1.3,22,81,final
2025-08-27,pranarom,all,huile de coco poux,1.4,21,77,final
2025-08-28,pranarom,all,huile de coco poux,1.2,27,97,final
2025-08-29,pranarom,all,huile de coco poux,1.2,25,91,final
2025-08-30,pranarom,all,huile de coco poux,1.2,26,100,final
2025-08-31,pranarom,all,huile de coco poux,1.2,39,119,final
2025-09-01,pranarom,all,huile de coco poux,1.3,23,79,final
2025-09-02,pranarom,all,huile de coco poux,1.4,16,107,final
2025-09-03,pranarom,all,huile de coco poux,1.5,12,115,final
2025-09-04,pranarom,all,huile de coco poux,1.6,13,71,final
2025-09-05,pranarom,all,huile de coco poux,1.7,13,83,final
2025-09-06,pranarom,all,huile de coco poux,1.5,19,91,final
2025-09-07,pranarom,all,huile de coco poux,1.6,12,94,final
2025-09-08,pranarom,all,huile de coco poux,1.8,17,94,final
2025-09-09,pranarom,all,huile de coco poux,1.3,12,72,final
2025-09-10,pranarom,all,huile de coco poux,1.7,8,76,final
2025-09-11,pranarom,all,huile de coco poux,1.8,9,58,final
2025-09-12,pranarom,all,huile de coco poux,1.4,10,53,final
2025-09-13,pranarom,all,huile de coco poux,1.3,16,81,final
2025-09-14,pranarom,all,huile de coco poux,1.3,22,113,final
2025-09-15,pranarom,all,huile de coco poux,1.2,25,94,final
2025-09-16,pranarom,all,huile de coco poux,1.2,20,79,final
2025-09-17,pranarom,all,huile de coco poux,1.6,10,78,final
2025-09-18,pranarom,all,huile de coco poux,1.5,9,71,final
2025-09-19,pranarom,all,huile de coco poux,1.5,13,68,final
2025-09-20,pranarom,all,huile de coco poux,1.5,13,63,final
2025-09-21,pranarom,all,huile de coco poux,1.6,17,92,final
2025-09-22,pranarom,all,huile de coco poux,1.7,6,59,final
2025-09-23,pranarom,all,huile de coco poux,1.6,9,59,final
2025-09-24,pranarom,all,huile de coco poux,1.4,12,69,final
2025-09-25,pranarom,all,huile de coco poux,1.8,8,53,final
2025-09-26,pranarom,all,huile de coco poux,1.6,8,76,final
2025-09-27,pranarom,all,huile de coco poux,1.5,11,69,final
2025-09-28,pranarom,all,huile de coco poux,1.6,10,112,final
2025-09-29,pranarom,all,huile de coco poux,1.6,9,65,final
2025-09-30,pranarom,all,huile de coco poux,1.6,6,76,final
2025-10-01,pranarom,all,huile de coco poux,1.3,14,78,final
2025-10-02,pranarom,all,huile de coco poux,1.2,12,57,final
2025-10-03,pranarom,all,huile de coco poux,1.3,8,51,final
2025-10-04,pranarom,all,huile de coco poux,1.5,11,81,final
2025-10-05,pranarom,all,huile de coco poux,1.3,9,76,final
2025-10-06,pranarom,all,huile de coco poux,1.4,10,52,final
2025-10-07,pranarom,all,huile de coco poux,1.3,7,47,final
2025-10-08,pranarom,all,huile de coco poux,1.5,14,71,final
2025-10-09,pranarom,all,huile de coco poux,1.3,11,64,final
2025-10-10,pranarom,all,huile de coco poux,1.6,8,47,final
2025-10-11,pranarom,all,huile de coco poux,1.3,19,80,final
2025-10-12,pranarom,all,huile de coco poux,1.6,18,85,final
2025-10-13,pranarom,all,huile de coco poux,1.6,15,81,final
2025-10-14,pranarom,all,huile de coco poux,1.6,15,74,final
2025-10-15,pranarom,all,huile de coco poux,1.8,9,59,final
2025-10-16,pranarom,all,huile de coco poux,1.5,8,60,final
2025-10-17,pranarom,all,huile de coco poux,1.5,9,52,final
2025-10-18,pranarom,all,huile de coco poux,1.6,17,64,final
2025-10-19,pranarom,all,huile de coco poux,1.5,17,78,final
2025-10-20,pranarom,all,huile de coco poux,1.6,15,73,final
2025-10-21,pranarom,all,huile de coco poux,1.7,12,78,final
2025-10-22,pranarom,all,huile de coco poux,1.5,13,66,final
2025-10-23,pranarom,all,huile de coco poux,1.5,13,57,final
2025-10-24,pranarom,all,huile de coco poux,1.5,8,50,final
2025-10-25,pranarom,all,huile de coco poux,1.9,9,55,final
2025-10-26,pranarom,all,huile de coco poux,1.6,16,83,final
2025-10-27,pranarom,all,huile de coco poux,1.8,9,53,final
2025-10-28,pranarom,all,huile de coco poux,1.5,5,59,final
2025-10-29,pranarom,all,huile de coco poux,1.5,11,63,final
2025-10-30,pranarom,all,huile de coco poux,1.6,14,64,final
2025-10-31,pranarom,all,huile de coco poux,1.7,6,55,final
2025-11-01,pranarom,all,huile de coco poux,1.9,9,46,final
2025-11-02,pranarom,all,huile de coco poux,1.7,14,86,final
2025-11-03,pranarom,all,huile de coco poux,1.6,13,49,final
2025-11-04,pranarom,all,huile de coco poux,1.5,9,56,final
2025-11-05,pranarom,all,huile de coco poux,1.4,12,73,final
2025-11-06,pranarom,all,huile de coco poux,1.6,9,40,final
2025-11-07,pranarom,all,huile de coco poux,1.4,9,50,final
2025-11-08,pranarom,all,huile de coco poux,1.3,16,79,final
2025-11-09,pranarom,all,huile de coco poux,1.4,13,72,final
2025-11-10,pranarom,all,huile de coco poux,2.7,16,350,final
2025-11-11,pranarom,all,huile de coco poux,1.1,18,65,final
2025-11-12,pranarom,all,huile de coco poux,1.3,11,63,final
2025-11-13,pranarom,all,huile de coco poux,1.3,7,50,final
2025-11-14,pranarom,all,huile de coco poux,1.3,13,59,final
2025-11-15,pranarom,all,huile de coco poux,1.2,10,54,final
2025-11-16,pranarom,all,huile de coco poux,1.7,25,101,final
2025-11-17,pranarom,all,huile de coco poux,1.3,14,49,final
2025-11-18,pranarom,all,huile de coco poux,1.5,10,48,final
2025-11-19,pranarom,all,huile de coco poux,1.4,13,42,final
2025-11-20,pranarom,all,huile de coco poux,1.3,3,38,final
2025-11-21,pranarom,all,huile de coco poux,1.4,3,47,final
2025-11-22,pranarom,all,huile de coco poux,1.5,5,55,final
2025-11-23,pranarom,all,huile de coco poux,1.6,9,60,final
2025-11-24,pranarom,all,huile de coco poux,1.5,4,62,final
2025-11-25,pranarom,all,huile de coco poux,1.6,5,63,final
2025-11-26,pranarom,all,huile de coco poux,1.5,10,63,final
2025-11-27,pranarom,all,huile de coco poux,1.9,10,44,final
2025-11-28,pranarom,all,huile de coco poux,1.9,6,41,final
2025-11-29,pranarom,all,huile de coco poux,1.7,6,67,final
2025-11-30,pranarom,all,huile de coco poux,1.8,9,45,final
2025-12-01,pranarom,all,huile de coco poux,1.6,3,57,final
2025-12-02,pranarom,all,huile de coco poux,1.7,3,53,final
2025-12-03,pranarom,all,huile de coco poux,1.9,7,54,final
2025-12-04,pranarom,all,huile de coco poux,1.4,8,46,final
2025-12-05,pranarom,all,huile de coco poux,1.6,4,43,final
2025-12-06,pranarom,all,huile de coco poux,1.4,13,49,final
2025-12-07,pranarom,all,huile de coco poux,1.5,16,79,final
2025-12-08,pranarom,all,huile de coco poux,1.5,6,57,final
2025-12-09,pranarom,all,huile de coco poux,1.4,6,58,final
2025-12-10,pranarom,all,huile de coco poux,1.4,11,53,final
2025-12-11,pranarom,all,huile de coco poux,1.4,6,57,final
2025-12-12,pranarom,all,huile de coco poux,1.4,7,69,final
2025-12-13,pranarom,all,huile de coco poux,1.9,12,60,final
2025-12-14,pranarom,all,huile de coco poux,1.5,10,62,final
2025-12-15,pranarom,all,huile de coco poux,1.8,5,48,final
2025-12-16,pranarom,all,huile de coco poux,2.0,2,43,final
2025-12-17,pranarom,all,huile de coco poux,1.8,9,50,final
2025-12-18,pranarom,all,huile de coco poux,1.7,5,30,final
2025-12-19,pranarom,all,huile de coco poux,1.6,8,33,final
2025-12-20,pranarom,all,huile de coco poux,1.4,10,63,final
2025-12-21,pranarom,all,huile de coco poux,1.8,7,48,final
2025-12-22,pranarom,all,huile de coco poux,2.0,9,45,final
2025-12-23,pranarom,all,huile de coco poux,1.9,3,51,final
2025-12-24,pranarom,all,huile de coco poux,2.1,3,31,final
2025-12-25,pranarom,all,huile de coco poux,2.1,1,38,final
2025-12-26,pranarom,all,huile de coco poux,2.1,5,45,final
2025-12-27,pranarom,all,huile de coco poux,1.9,10,58,final
2025-12-28,pranarom,all,huile de coco poux,2.0,16,80,final
2025-12-29,pranarom,all,huile de coco poux,2.0,16,81,final
2025-12-30,pranarom,all,huile de coco poux,1.1,16,51,final
2025-12-31,pranarom,all,huile de coco poux,1.3,10,29,final
2026-01-01,pranarom,all,huile de coco poux,1.4,8,35,final
2026-01-02,pranarom,all,huile de coco poux,1.7,10,58,final
2026-01-03,pranarom,all,huile de coco poux,1.6,10,57,final
2026-01-04,pranarom,all,huile de coco poux,1.7,8,68,final
2026-01-05,pranarom,all,huile de coco poux,2.0,5,46,final
2026-01-06,pranarom,all,huile de coco poux,2.1,2,33,final
2026-01-07,pranarom,all,huile de coco poux,2,7,50,final
2026-01-08,pranarom,all,huile de coco poux,2,7,52,final
2026-01-09,pranarom,all,huile de coco poux,2,3,37,final
2026-01-10,pranarom,all,huile de coco poux,2.1,8,62,final
2026-01-11,pranarom,all,huile de coco poux,1.9,11,58,final
2026-01-12,pranarom,all,huile de coco poux,1.9,10,60,final
2026-01-13,pranarom,all,huile de coco poux,1.9,8,54,final
2026-01-14,pranarom,all,huile de coco poux,1.9,10,63,final
2026-01-15,pranarom,all,huile de coco poux,2,1,47,final
2026-01-16,pranarom,all,huile de coco poux,2.0,6,61,final
2026-01-17,pranarom,all,huile de coco poux,2.0,2,57,final
2026-01-18,pranarom,all,huile de coco poux,1.9,5,76,final
2026-01-19,pranarom,all,huile de coco poux,1.9,5,59,final
2026-01-20,pranarom,all,huile de coco poux,1.5,8,49,final
2026-01-21,pranarom,all,huile de coco poux,1.6,9,57,final
2026-01-22,pranarom,all,huile de coco poux,1.8,3,37,final
2026-01-23,pranarom,all,huile de coco poux,1.6,9,45,final
2026-01-24,pranarom,all,huile de coco poux,1.7,2,44,final
2026-01-25,pranarom,all,huile de coco poux,1.5,13,73,final
2026-01-26,pranarom,all,huile de coco poux,1.6,8,53,final
2026-01-27,pranarom,all,huile de coco poux,1.7,5,43,final
2026-01-28,pranarom,all,huile de coco poux,1.7,5,46,final
2026-01-29,pranarom,all,huile de coco poux,1.6,4,45,final
2026-01-30,pranarom,all,huile de coco poux,1.6,1,30,final
2026-01-31,pranarom,all,huile de coco poux,1.6,6,51,final
2026-02-01,pranarom,all,huile de coco poux,1.6,7,68,final
2026-02-02,pranarom,all,huile de coco poux,1.5,4,50,final
2026-02-03,pranarom,all,huile de coco poux,1.6,2,47,final
2026-02-04,pranarom,all,huile de coco poux,1.4,4,49,final
2026-02-05,pranarom,all,huile de coco poux,1.5,7,51,final
2026-02-06,pranarom,all,huile de coco poux,1.5,3,39,final
2026-02-07,pranarom,all,huile de coco poux,1.4,7,52,final
2026-02-08,pranarom,all,huile de coco poux,1.4,11,78,final
2026-02-09,pranarom,all,huile de coco poux,1.5,5,60,final
2026-02-10,pranarom,all,huile de coco poux,1.5,5,41,final
2026-02-11,pranarom,all,huile de coco poux,2,10,49,final
2026-02-12,pranarom,all,huile de coco poux,1.7,9,54,final
2026-02-13,pranarom,all,huile de coco poux,1.8,10,65,final
2026-02-14,pranarom,all,huile de coco poux,3.9,3,41,final
2026-02-15,pranarom,all,huile de coco poux,2.7,8,67,final
2026-02-16,pranarom,all,huile de coco poux,2.2,7,53,final
2026-02-17,pranarom,all,huile de coco poux,2.4,7,54,final
2026-02-18,pranarom,all,huile de coco poux,1.8,19,73,final
2026-02-19,pranarom,all,huile de coco poux,3.1,7,50,final
2026-02-20,pranarom,all,huile de coco poux,2.5,3,48,final
2026-02-21,pranarom,all,huile de coco poux,2.1,18,74,final
2026-02-22,pranarom,all,huile de coco poux,3.3,7,68,final
2026-02-23,pranarom,all,huile de coco poux,1.3,14,60,final
2026-02-24,pranarom,all,huile de coco poux,3.2,3,58,final
2026-02-25,pranarom,all,huile de coco poux,1.9,7,59,final
2026-02-26,pranarom,all,huile de coco poux,1.6,4,59,final
2026-02-27,pranarom,all,huile de coco poux,2.2,7,64,final
2026-02-28,pranarom,all,huile de coco poux,2.0,6,58,final
2026-03-01,pranarom,all,huile de coco poux,3.3,5,72,final
2026-03-02,pranarom,all,huile de coco poux,2.6,2,47,final
2026-03-03,pranarom,all,huile de coco poux,2.9,2,49,final
2026-03-04,pranarom,all,huile de coco poux,2.3,10,57,final
2026-03-05,pranarom,all,huile de coco poux,1.9,6,39,final
2026-03-06,pranarom,all,huile de coco poux,1.9,6,46,final
2026-03-07,pranarom,all,huile de coco poux,1.7,7,46,final
2026-03-08,pranarom,all,huile de coco poux,2.0,11,67,final
2026-03-09,pranarom,all,huile de coco poux,1.7,6,38,final
2026-03-10,pranarom,all,huile de coco poux,1.4,7,54,final
2026-03-11,pranarom,all,huile de coco poux,2.0,4,41,final
2026-03-12,pranarom,all,huile de coco poux,2.1,5,37,final
2026-03-13,pranarom,all,huile de coco poux,3.3,1,52,final
2026-03-14,pranarom,all,huile de coco poux,2.2,13,60,final
2026-03-15,pranarom,all,huile de coco poux,2.1,7,41,final
2026-03-16,pranarom,all,huile de coco poux,1.9,8,59,final
2026-03-17,pranarom,all,huile de coco poux,1.9,9,69,final
2026-03-18,pranarom,all,huile de coco poux,1.7,10,64,final
2026-03-19,pranarom,all,huile de coco poux,1.7,3,43,final
2026-03-20,pranarom,all,huile de coco poux,2.1,11,48,final
2026-03-21,pranarom,all,huile de coco poux,1.8,7,60,final
2026-03-22,pranarom,all,huile de coco poux,1.7,8,65,final
2026-03-23,pranarom,all,huile de coco poux,1.7,5,57,final
2026-03-24,pranarom,all,huile de coco poux,1.8,7,49,final
2026-03-25,pranarom,all,huile de coco poux,1.6,14,54,final
2026-03-26,pranarom,all,huile de coco poux,1.3,8,42,final
2026-03-27,pranarom,all,huile de coco poux,1.5,7,44,final
2026-03-28,pranarom,all,huile de coco poux,1.1,10,31,final
2026-03-29,pranarom,all,huile de coco poux,1.4,14,61,final
2026-03-30,pranarom,all,huile de coco poux,1.3,9,41,final
2026-03-31,pranarom,all,huile de coco poux,1.2,14,58,final
2026-04-01,pranarom,all,huile de coco poux,1.0,12,49,final
2026-04-02,pranarom,all,huile de coco poux,1.2,7,33,final
2026-04-03,pranarom,all,huile de coco poux,1.1,7,35,final
2026-04-04,pranarom,all,huile de coco poux,1.1,8,50,final
2026-04-05,pranarom,all,huile de coco poux,1.2,11,37,final
2026-04-06,pranarom,all,huile de coco poux,1.0,12,57,final
2026-04-07,pranarom,all,huile de coco poux,1.0,12,55,final
2026-04-08,pranarom,all,huile de coco poux,1.1,7,34,final
2026-04-09,pranarom,all,huile de coco poux,1,7,33,final
2026-04-10,pranarom,all,huile de coco poux,1.0,8,34,final
2026-04-11,pranarom,all,huile de coco poux,1.0,13,61,final
2026-04-12,pranarom,all,huile de coco poux,1.2,12,58,final
2026-04-13,pranarom,all,huile de coco poux,1.3,13,43,final
2026-04-14,pranarom,all,huile de coco poux,1.3,9,44,final
2026-04-15,pranarom,all,huile de coco poux,1.1,12,52,final
2026-04-16,pranarom,all,huile de coco poux,1.1,15,43,final
2026-04-17,pranarom,all,huile de coco poux,1,14,43,final
2026-04-18,pranarom,all,huile de coco poux,1.1,10,50,final
2026-04-19,pranarom,all,huile de coco poux,1.0,18,64,final
2026-04-20,pranarom,all,huile de coco poux,1,10,35,final
2026-04-21,pranarom,all,huile de coco poux,1.1,9,42,final
2026-04-22,pranarom,all,huile de coco poux,1.1,4,46,final
2026-04-23,pranarom,all,huile de coco poux,1.0,12,38,final
2026-04-24,pranarom,all,huile de coco poux,1,14,54,final
2026-04-25,pranarom,all,huile de coco poux,1.1,18,53,final
2026-04-26,pranarom,all,huile de coco poux,1,20,52,final
2026-04-27,pranarom,all,huile de coco poux,1.0,10,50,final
2026-04-28,pranarom,all,huile de coco poux,1.1,17,47,final
2026-04-29,pranarom,all,huile de coco poux,1.1,17,59,final
2026-04-30,pranarom,all,huile de coco poux,1.1,10,38,final
2026-05-01,pranarom,all,huile de coco poux,1.1,15,50,final
2026-05-02,pranarom,all,huile de coco poux,1.2,15,50,final
2026-05-03,pranarom,all,huile de coco poux,1.3,14,51,final
2026-05-04,pranarom,all,huile de coco poux,1.2,12,51,final
2026-05-05,pranarom,all,huile de coco poux,1.4,5,34,final
2026-05-06,pranarom,all,huile de coco poux,1.4,15,51,final
2026-05-07,pranarom,all,huile de coco poux,1.3,6,40,final
2026-05-08,pranarom,all,huile de coco poux,1.3,9,51,final
2026-05-09,pranarom,all,huile de coco poux,1.1,12,42,final
2026-05-10,pranarom,all,huile de coco poux,1.4,18,57,final
2026-05-11,pranarom,all,huile de coco poux,1.5,10,37,final
2026-05-12,pranarom,all,huile de coco poux,1.2,13,44,final
2026-05-13,pranarom,all,huile de coco poux,1.3,11,48,final
2026-05-14,pranarom,all,huile de coco poux,1.2,13,37,final
2026-05-15,pranarom,all,huile de coco poux,1.4,12,50,final
2026-05-16,pranarom,all,huile de coco poux,1.4,7,25,final
2026-05-17,pranarom,all,huile de coco poux,1.4,8,45,final
2026-05-18,pranarom,all,huile de coco poux,1.7,11,39,final
2026-05-19,pranarom,all,huile de coco poux,1.6,14,54,final
2026-05-20,pranarom,all,huile de coco poux,1.2,8,35,final
2026-05-21,pranarom,all,huile de coco poux,1.2,10,26,final
2026-05-22,pranarom,all,huile de coco poux,1.4,7,27,final
2026-05-23,pranarom,all,huile de coco poux,1.1,10,41,final
2026-05-24,pranarom,all,huile de coco poux,1.3,4,37,final
2026-05-25,pranarom,all,huile de coco poux,1.2,10,45,final
2026-05-26,pranarom,all,huile de coco poux,1.2,7,41,final
2026-05-27,pranarom,all,huile de coco poux,1.2,5,35,final
2026-05-28,pranarom,all,huile de coco poux,1.1,5,35,final
2026-05-29,pranarom,all,huile de coco poux,1.2,5,26,final
2026-05-30,pranarom,all,huile de coco poux,1.2,7,25,final
2026-05-31,pranarom,all,huile de coco poux,1.4,11,43,final
2026-06-01,pranarom,all,huile de coco poux,1.3,4,40,final
2026-06-02,pranarom,all,huile de coco poux,1.2,7,43,final
2026-06-03,pranarom,all,huile de coco poux,1.1,15,56,final
2026-06-04,pranarom,all,huile de coco poux,1.1,10,46,final
2026-06-05,pranarom,all,huile de coco poux,1.1,15,49,final
2026-06-06,pranarom,all,huile de coco poux,1.2,11,50,final
2026-06-07,pranarom,all,huile de coco poux,1.3,9,58,final
2026-06-08,pranarom,all,huile de coco poux,1.2,13,49,final
2026-06-09,pranarom,all,huile de coco poux,1.1,13,45,final
2026-06-10,pranarom,all,huile de coco poux,1.1,15,53,final
2026-06-11,pranarom,all,huile de coco poux,1.1,11,36,final
2026-06-12,pranarom,all,huile de coco poux,1.2,7,33,final
2026-06-13,pranarom,all,huile de coco poux,1,13,36,final
2026-06-14,pranarom,all,huile de coco poux,1.2,11,33,final
2026-06-15,pranarom,all,huile de coco poux,1.1,13,48,final
2026-06-16,pranarom,all,huile de coco poux,1.1,10,41,final
2026-06-17,pranarom,all,huile de coco poux,1.1,9,37,final
2026-06-18,pranarom,all,huile de coco poux,1.1,6,29,final
2026-06-19,pranarom,all,huile de coco poux,1.1,5,29,final
2026-06-20,pranarom,all,huile de coco poux,1.0,9,26,final
2026-06-21,pranarom,all,huile de coco poux,1.2,8,43,final
2026-06-22,pranarom,all,huile de coco poux,1.1,4,23,final
2026-06-23,pranarom,all,huile de coco poux,1.1,8,30,final
2026-06-24,pranarom,all,huile de coco poux,1.1,11,49,final
2026-06-25,pranarom,all,huile de coco poux,1.2,4,30,final
2026-06-26,pranarom,all,huile de coco poux,1.3,7,34,final
2026-06-27,pranarom,all,huile de coco poux,1.1,6,33,final
2026-06-28,pranarom,all,huile de coco poux,1.2,16,60,final
2026-06-29,pranarom,all,huile de coco poux,1.4,8,44,final
2026-06-30,pranarom,all,huile de coco poux,1.1,8,28,final
2026-07-01,pranarom,all,huile de coco poux,1.1,10,46,final
2026-07-02,pranarom,all,huile de coco poux,1.1,7,33,final
2026-07-03,pranarom,all,huile de coco poux,1.2,8,46,final
2026-07-04,pranarom,all,huile de coco poux,1.2,7,36,final
2026-07-05,pranarom,all,huile de coco poux,1.0,9,48,final
2026-07-06,pranarom,all,huile de coco poux,1.0,13,53,final
2026-07-07,pranarom,all,huile de coco poux,1,12,42,final
2026-07-08,pranarom,all,huile de coco poux,1.0,11,53,final
2026-07-09,pranarom,all,huile de coco poux,1.0,16,66,final
2026-07-10,pranarom,all,huile de coco poux,1.1,5,37,final
2026-07-11,pranarom,all,huile de coco poux,1,15,41,final
2026-07-12,pranarom,all,huile de coco poux,1.1,16,54,final
2026-07-13,pranarom,all,huile de coco poux,1,10,44,final
2026-07-14,pranarom,all,huile de coco poux,1.1,13,45,final
2026-07-15,pranarom,all,huile de coco poux,1.1,22,69,final
2026-07-16,pranarom,all,huile de coco poux,1.0,13,41,final
2026-07-17,pranarom,all,huile de coco poux,1.1,19,56,final
2026-07-18,pranarom,all,huile de coco poux,1.0,13,38,final
2026-07-19,pranarom,all,huile de coco poux,1.0,21,77,final
2026-07-20,pranarom,all,huile de coco poux,1.0,16,59,final
2026-07-21,pranarom,all,huile de coco poux,1.0,13,46,final
2026-07-22,pranarom,all,huile de coco poux,1.0,13,52,final
2026-07-23,pranarom,all,huile de coco poux,1.0,11,47,final
2026-07-24,pranarom,all,huile de coco poux,1.0,18,54,final
2026-07-25,pranarom,all,huile de coco poux,1,19,49,final
2026-07-26,pranarom,all,huile de coco poux,1.1,15,65,final
2026-07-27,pranarom,all,huile de coco poux,1.0,10,49,final
2026-07-28,pranarom,all,huile de coco poux,1,20,60,final
2026-07-29,pranarom,all,huile de coco poux,1.0,11,50,final
2026-07-30,pranarom,all,huile de coco poux,1.1,15,46,final
2026-07-31,pranarom,all,huile de coco poux,1.0,9,41,final
2026-08-01,pranarom,all,huile de coco poux,1.1,11,44,final
2026-08-02,pranarom,all,huile de coco poux,1.1,17,70,final
2026-08-03,pranarom,all,huile de coco poux,1.1,13,52,final
2026-08-04,pranarom,all,huile de coco poux,1.0,23,61,final
2026-08-05,pranarom,all,huile de coco poux,1.0,10,61,final
2026-08-06,pranarom,all,huile de coco poux,1.2,13,51,final
2026-08-07,pranarom,all,huile de coco poux,1.1,16,55,final
2026-08-08,pranarom,all,huile de coco poux,1.1,15,54,final
2026-08-09,pranarom,all,huile de coco poux,1.1,13,66,final
2026-08-10,pranarom,all,huile de coco poux,1.2,8,63,final
2026-08-11,pranarom,all,huile de coco poux,1.1,11,46,final
2026-08-12,pranarom,all,huile de coco poux,1.0,9,48,final
2026-08-13,pranarom,all,huile de coco poux,1.0,10,42,final
2026-08-14,pranarom,all,huile de coco poux,1.0,12,61,final
2026-08-15,pranarom,all,huile de coco poux,1.1,15,54,final
2026-08-16,pranarom,all,huile de coco poux,1.1,8,59,final
2026-08-17,pranarom,all,huile de coco poux,1.1,26,73,final
2026-08-18,pranarom,all,huile de coco poux,1.1,9,52,final
2026-08-19,pranarom,all,huile de coco poux,1.1,11,61,final
2026-08-20,pranarom,all,huile de coco poux,1.1,9,55,final
2026-08-21,pranarom,all,huile de coco poux,1.4,2,42,final
2026-08-22,pranarom,all,huile de coco poux,1.5,6,65,final
2026-08-23,pranarom,all,huile de coco poux,1.6,8,80,final
2026-08-24,pranarom,all,huile de coco poux,1.5,12,73,final
2026-08-25,pranarom,all,huile de coco poux,1.3,10,63,final
2026-08-26,pranarom,all,huile de coco poux,1.5,6,102,final
2026-08-27,pranarom,all,huile de coco poux,1.6,11,67,final
2026-08-28,pranarom,all,huile de coco poux,1.6,6,65,final
2026-08-29,pranarom,all,huile de coco poux,1.6,10,70,final
2026-08-30,pranarom,all,huile de coco poux,1.6,11,111,final
2026-08-31,pranarom,all,huile de coco poux,1.6,10,70,final
2026-09-01,pranarom,all,huile de coco poux,1.5,7,65,final
2026-09-02,pranarom,all,huile de coco poux,1.5,5,59,final
2026-09-03,pranarom,all,huile de coco poux,1.1,12,45,final
2026-09-04,pranarom,all,huile de coco poux,1.1,9,53,final
2026-09-05,pranarom,all,huile de coco poux,1.1,12,63,final
2026-09-06,pranarom,all,huile de coco poux,1.1,17,69,final
2026-09-07,pranarom,all,huile de coco poux,1.1,9,53,final
2026-09-08,pranarom,all,huile de coco poux,1.1,7,40,final
2026-09-09,pranarom,all,huile de coco poux,1.0,12,45,final
2026-09-10,pranarom,all,huile de coco poux,1.0,7,35,final
2026-09-11,pranarom,all,huile de coco poux,1.1,9,46,final
2026-09-12,pranarom,all,huile de coco poux,1.0,4,44,final
2026-09-13,pranarom,all,huile de coco poux,1.2,20,94,final
2026-09-14,pranarom,all,huile de coco poux,1.1,12,56,final
2026-09-15,pranarom,all,huile de coco poux,1.0,15,69,final
2026-09-16,pranarom,all,huile de coco poux,1.2,12,63,final
2026-09-17,pranarom,all,huile de coco poux,1.1,9,45,final
2026-09-18,pranarom,all,huile de coco poux,1.1,8,54,final
2026-09-19,pranarom,all,huile de coco poux,1.2,10,53,final
2026-09-20,pranarom,all,huile de coco poux,1.1,15,99,final
2026-09-21,pranarom,all,huile de coco poux,1.0,12,64,final
2026-09-22,pranarom,all,huile de coco poux,1.1,14,62,final
2026-09-23,pranarom,all,huile de coco poux,1.1,15,56,final
2026-09-24,pranarom,all,huile de coco poux,1.0,15,47,final
2026-09-25,pranarom,all,huile de coco poux,1.0,17,58,final
2026-09-26,pranarom,all,huile de coco poux,1,14,54,final
2026-09-27,pranarom,all,huile de coco poux,1.0,11,80,final
2026-09-28,pranarom,all,huile de coco poux,1.0,9,52,final
2026-09-29,pranarom,all,huile de coco poux,1,7,59,final
2026-09-30,pranarom,all,huile de coco poux,1.1,11,68,final
2026-10-01,pranarom,all,huile de coco poux,1.0,11,48,fresh
2026-10-02,pranarom,all,huile de coco poux,1.1,8,46,fresh
2025-06-10,pranarom,all,huile de nigelle,13.4,6,506,final
2025-06-11,pranarom,all,huile de nigelle,13.7,4,461,final
2025-06-12,pranarom,all,huile de nigelle,27.3,1,65,final
2025-06-13,pranarom,all,huile de nigelle,22.4,3,88,final
2025-06-14,pranarom,all,huile de nigelle,30.9,1,77,final
2025-06-15,pranarom,all,huile de nigelle,22.9,1,76,final
2025-06-16,pranarom,all,huile de nigelle,20.2,0,92,final
2025-06-17,pranarom,all,huile de nigelle,19.1,1,82,final
2025-06-18,pranarom,all,huile de nigelle,7.9,16,291,final
2025-06-19,pranarom,all,huile de nigelle,9.3,2,195,final
2025-06-20,pranarom,all,huile de nigelle,21.1,1,105,final
2025-06-21,pranarom,all,huile de nigelle,20.3,0,99,final
2025-06-22,pranarom,all,huile de nigelle,14.5,3,96,final
2025-06-23,pranarom,all,huile de nigelle,19.3,1,85,final
2025-06-24,pranarom,all,huile de nigelle,22.6,2,62,final
2025-06-25,pranarom,all,huile de nigelle,20.8,3,64,final
2025-06-26,pranarom,all,huile de nigelle,13.4,2,143,final
2025-06-27,pranarom,all,huile de nigelle,23.6,1,80,final
2025-06-28,pranarom,all,huile de nigelle,20.0,0,120,final
2025-06-29,pranarom,all,huile de nigelle,18.0,3,95,final
2025-06-30,pranarom,all,huile de nigelle,20.2,1,85,final
2025-07-01,pranarom,all,huile de nigelle,23.2,1,108,final
2025-07-02,pranarom,all,huile de nigelle,18.8,0,124,final
2025-07-03,pranarom,all,huile de nigelle,19.1,3,115,final
2025-07-04,pranarom,all,huile de nigelle,19.2,1,110,final
2025-07-05,pranarom,all,huile de nigelle,17.6,1,130,final
2025-07-06,pranarom,all,huile de nigelle,20.4,3,85,final
2025-07-07,pranarom,all,huile de nigelle,19.0,0,91,final
2025-07-08,pranarom,all,huile de nigelle,20.3,1,90,final
2025-07-09,pranarom,all,huile de nigelle,12.4,2,183,final
2025-07-10,pranarom,all,huile de nigelle,10.3,3,230,final
2025-07-11,pranarom,all,huile de nigelle,10.3,6,194,final
2025-07-12,pranarom,all,huile de nigelle,18.7,1,118,final
2025-07-13,pranarom,all,huile de nigelle,15.7,0,113,final
2025-07-14,pranarom,all,huile de nigelle,12.3,3,143,final
2025-07-15,pranarom,all,huile de nigelle,16.7,6,136,final
2025-07-16,pranarom,all,huile de nigelle,16.8,0,130,final
2025-07-17,pranarom,all,huile de nigelle,16.5,4,118,final
2025-07-18,pranarom,all,huile de nigelle,14.0,1,113,final
2025-07-19,pranarom,all,huile de nigelle,12.4,3,250,final
2025-07-20,pranarom,all,huile de nigelle,14.2,0,153,final
2025-07-21,pranarom,all,huile de nigelle,16.2,2,218,final
2025-07-22,pranarom,all,huile de nigelle,12.0,4,228,final
2025-07-23,pranarom,all,huile de nigelle,12.1,1,254,final
2025-07-24,pranarom,all,huile de nigelle,13.2,3,256,final
2025-07-25,pranarom,all,huile de nigelle,11.7,5,202,final
2025-07-26,pranarom,all,huile de nigelle,13.4,1,188,final
2025-07-27,pranarom,all,huile de nigelle,12.7,2,197,final
2025-07-28,pranarom,all,huile de nigelle,12.7,1,237,final
2025-07-29,pranarom,all,huile de nigelle,12.5,2,465,final
2025-07-30,pranarom,all,huile de nigelle,13.1,2,435,final
2025-07-31,pranarom,all,huile de nigelle,12.4,2,225,final
2025-08-01,pranarom,all,huile de nigelle,11.5,2,359,final
2025-08-02,pranarom,all,huile de nigelle,11.3,3,395,final
2025-08-03,pranarom,all,huile de nigelle,11.6,3,334,final
2025-08-04,pranarom,all,huile de nigelle,6.3,6,289,final
2025-08-05,pranarom,all,huile de nigelle,12.0,2,172,final
2025-08-06,pranarom,all,huile de nigelle,12.2,3,221,final
2025-08-07,pranarom,all,huile de nigelle,10.3,2,246,final
2025-08-08,pranarom,all,huile de nigelle,10.8,5,172,final
2025-08-09,pranarom,all,huile de nigelle,11.3,1,209,final
2025-08-10,pranarom,all,huile de nigelle,11.4,3,250,final
2025-08-11,pranarom,all,huile de nigelle,10.9,2,313,final
2025-08-12,pranarom,all,huile de nigelle,10.5,0,364,final
2025-08-13,pranarom,all,huile de nigelle,10.4,0,235,final
2025-08-14,pranarom,all,huile de nigelle,10.6,4,298,final
2025-08-15,pranarom,all,huile de nigelle,11.1,7,1034,final
2025-08-16,pranarom,all,huile de nigelle,11.5,7,1476,final
2025-08-17,pranarom,all,huile de nigelle,11.3,2,899,final
2025-08-18,pranarom,all,huile de nigelle,11.4,6,880,final
2025-08-19,pranarom,all,huile de nigelle,11.0,8,1678,final
2025-08-20,pranarom,all,huile de nigelle,11.5,4,866,final
2025-08-21,pranarom,all,huile de nigelle,11.8,4,528,final
2025-08-22,pranarom,all,huile de nigelle,11.9,2,710,final
2025-08-23,pranarom,all,huile de nigelle,11.1,5,1328,final
2025-08-24,pranarom,all,huile de nigelle,11.0,11,1637,final
2025-08-25,pranarom,all,huile de nigelle,9.6,13,692,final
2025-08-26,pranarom,all,huile de nigelle,11.4,7,519,final
2025-08-27,pranarom,all,huile de nigelle,12.1,7,590,final
2025-08-28,pranarom,all,huile de nigelle,12.9,1,222,final
2025-08-29,pranarom,all,huile de nigelle,10.4,5,160,final
2025-08-30,pranarom,all,huile de nigelle,11.4,3,285,final
2025-08-31,pranarom,all,huile de nigelle,11.8,5,405,final
2025-09-01,pranarom,all,huile de nigelle,10.1,5,409,final
2025-09-02,pranarom,all,huile de nigelle,10.3,9,266,final
2025-09-03,pranarom,all,huile de nigelle,4.8,4,383,final
2025-09-04,pranarom,all,huile de nigelle,6.2,11,372,final
2025-09-05,pranarom,all,huile de nigelle,13.2,5,174,final
2025-09-06,pranarom,all,huile de nigelle,17.1,0,128,final
2025-09-07,pranarom,all,huile de nigelle,16.6,1,168,final
2025-09-08,pranarom,all,huile de nigelle,15.0,3,282,final
2025-09-09,pranarom,all,huile de nigelle,15.1,4,159,final
2025-09-10,pranarom,all,huile de nigelle,13.9,3,173,final
2025-09-11,pranarom,all,huile de nigelle,15.7,1,255,final
2025-09-12,pranarom,all,huile de nigelle,12.2,5,223,final
2025-09-13,pranarom,all,huile de nigelle,12.2,1,96,final
2025-09-14,pranarom,all,huile de nigelle,13.2,6,141,final
2025-09-15,pranarom,all,huile de nigelle,9.0,6,140,final
2025-09-16,pranarom,all,huile de nigelle,8.4,3,109,final
2025-09-17,pranarom,all,huile de nigelle,9.4,9,501,final
2025-09-18,pranarom,all,huile de nigelle,8.0,3,254,final
2025-09-19,pranarom,all,huile de nigelle,9.7,2,423,final
2025-09-20,pranarom,all,huile de nigelle,8.3,2,282,final
2025-09-21,pranarom,all,huile de nigelle,9.5,4,168,final
2025-09-22,pranarom,all,huile de nigelle,10.4,1,145,final
2025-09-23,pranarom,all,huile de nigelle,12.9,1,96,final
2025-09-24,pranarom,all,huile de nigelle,11.2,3,178,final
2025-09-25,pranarom,all,huile de nigelle,10.8,2,183,final
2025-09-26,pranarom,all,huile de nigelle,9.8,1,221,final
2025-09-27,pranarom,all,huile de nigelle,10.8,1,144,final
2025-09-28,pranarom,all,huile de nigelle,12.0,1,439,final
2025-09-29,pranarom,all,huile de nigelle,9.9,2,149,final
2025-09-30,pranarom,all,huile de nigelle,10.1,2,152,final
2025-10-01,pranarom,all,huile de nigelle,7.7,1,191,final
2025-10-02,pranarom,all,huile de nigelle,8.7,5,266,final
2025-10-03,pranarom,all,huile de nigelle,9.9,2,147,final
2025-10-04,pranarom,all,huile de nigelle,9.5,5,211,final
2025-10-05,pranarom,all,huile de nigelle,8.0,1,188,final
2025-10-06,pranarom,all,huile de nigelle,8.3,1,165,final
2025-10-07,pranarom,all,huile de nigelle,7.6,0,139,final
2025-10-08,pranarom,all,huile de nigelle,8.1,5,168,final
2025-10-09,pranarom,all,huile de nigelle,7.4,3,139,final
2025-10-10,pranarom,all,huile de nigelle,8.1,1,148,final
2025-10-11,pranarom,all,huile de nigelle,6.9,1,127,final
2025-10-12,pranarom,all,huile de nigelle,7.5,4,151,final
2025-10-13,pranarom,all,huile de nigelle,8.2,3,226,final
2025-10-14,pranarom,all,huile de nigelle,8.6,0,181,final
2025-10-15,pranarom,all,huile de nigelle,6.2,1,313,final
2025-10-16,pranarom,all,huile de nigelle,5.9,6,326,final
2025-10-17,pranarom,all,huile de nigelle,7.3,1,254,final
2025-10-18,pranarom,all,huile de nigelle,6.8,5,188,final
2025-10-19,pranarom,all,huile de nigelle,7.6,0,232,final
2025-10-20,pranarom,all,huile de nigelle,8.4,0,163,final
2025-10-21,pranarom,all,huile de nigelle,8.3,0,133,final
2025-10-22,pranarom,all,huile de nigelle,9.2,0,127,final
2025-10-23,pranarom,all,huile de nigelle,8.4,0,121,final
2025-10-24,pranarom,all,huile de nigelle,10.2,1,133,final
2025-10-25,pranarom,all,huile de nigelle,9.0,2,124,final
2025-10-26,pranarom,all,huile de nigelle,8.8,4,128,final
2025-10-27,pranarom,all,huile de nigelle,9.1,2,115,final
2025-10-28,pranarom,all,huile de nigelle,10.3,1,127,final
2025-10-29,pranarom,all,huile de nigelle,10.5,3,175,final
2025-10-30,pranarom,all,huile de nigelle,9.8,1,170,final
2025-10-31,pranarom,all,huile de nigelle,11.2,1,131,final
2025-11-01,pranarom,all,huile de nigelle,9.5,2,138,final
2025-11-02,pranarom,all,huile de nigelle,11.1,1,387,final
2025-11-03,pranarom,all,huile de nigelle,8.5,3,144,final
2025-11-04,pranarom,all,huile de nigelle,9.3,2,194,final
2025-11-05,pranarom,all,huile de nigelle,9.0,5,256,final
2025-11-06,pranarom,all,huile de nigelle,10.3,2,374,final
2025-11-07,pranarom,all,huile de nigelle,9.2,5,696,final
2025-11-08,pranarom,all,huile de nigelle,5.8,22,741,final
2025-11-09,pranarom,all,huile de nigelle,5.4,12,590,final
2025-11-10,pranarom,all,huile de nigelle,4.3,7,475,final
2025-11-11,pranarom,all,huile de nigelle,5.3,6,424,final
2025-11-12,pranarom,all,huile de nigelle,8.1,1,202,final
2025-11-13,pranarom,all,huile de nigelle,9.9,1,168,final
2025-11-14,pranarom,all,huile de nigelle,9.8,1,168,final
2025-11-15,pranarom,all,huile de nigelle,8.4,0,175,final
2025-11-16,pranarom,all,huile de nigelle,8.3,1,173,final
2025-11-17,pranarom,all,huile de nigelle,8.6,4,182,final
2025-11-18,pranarom,all,huile de nigelle,9.1,1,452,final
2025-11-19,pranarom,all,huile de nigelle,8.7,1,384,final
2025-11-20,pranarom,all,huile de nigelle,9.8,4,431,final
2025-11-21,pranarom,all,huile de nigelle,9.1,3,384,final
2025-11-22,pranarom,all,huile de nigelle,9.2,4,476,final
2025-11-23,pranarom,all,huile de nigelle,9.6,4,489,final
2025-11-24,pranarom,all,huile de nigelle,8.5,0,198,final
2025-11-25,pranarom,all,huile de nigelle,8.1,1,222,final
2025-11-26,pranarom,all,huile de nigelle,8.0,1,186,final
2025-11-27,pranarom,all,huile de nigelle,8.5,1,155,final
2025-11-28,pranarom,all,huile de nigelle,8.7,0,160,final
2025-11-29,pranarom,all,huile de nigelle,8.5,0,151,final
2025-11-30,pranarom,all,huile de nigelle,8.8,2,156,final
2025-12-01,pranarom,all,huile de nigelle,8.9,1,151,final
2025-12-02,pranarom,all,huile de nigelle,7.3,3,225,final
2025-12-03,pranarom,all,huile de nigelle,6.0,6,316,final
2025-12-04,pranarom,all,huile de nigelle,7.0,12,507,final
2025-12-05,pranarom,all,huile de nigelle,8.8,1,197,final
2025-12-06,pranarom,all,huile de nigelle,8.4,6,291,final
2025-12-07,pranarom,all,huile de nigelle,4.3,7,336,final
2025-12-08,pranarom,all,huile de nigelle,4.6,7,366,final
2025-12-09,pranarom,all,huile de nigelle,8.2,0,169,final
2025-12-10,pranarom,all,huile de nigelle,8.9,3,170,final
2025-12-11,pranarom,all,huile de nigelle,9.8,1,138,final
2025-12-12,pranarom,all,huile de nigelle,9.2,2,211,final
2025-12-13,pranarom,all,huile de nigelle,12.1,1,230,final
2025-12-14,pranarom,all,huile de nigelle,10.6,3,162,final
2025-12-15,pranarom,all,huile de nigelle,9.9,1,202,final
2025-12-16,pranarom,all,huile de nigelle,9.6,2,165,final
2025-12-17,pranarom,all,huile de nigelle,9.3,3,158,final
2025-12-18,pranarom,all,huile de nigelle,10.4,0,175,final
2025-12-19,pranarom,all,huile de nigelle,8.1,0,166,final
2025-12-20,pranarom,all,huile de nigelle,12.2,2,187,final
2025-12-21,pranarom,all,huile de nigelle,8.6,1,165,final
2025-12-22,pranarom,all,huile de nigelle,8.5,2,113,final
2025-12-23,pranarom,all,huile de nigelle,9.8,3,127,final
2025-12-24,pranarom,all,huile de nigelle,12.4,0,124,final
2025-12-25,pranarom,all,huile de nigelle,10.6,0,141,final
2025-12-26,pranarom,all,huile de nigelle,12.6,0,126,final
2025-12-27,pranarom,all,huile de nigelle,12.7,3,176,final
2025-12-28,pranarom,all,huile de nigelle,8.5,4,185,final
2025-12-29,pranarom,all,huile de nigelle,8.6,1,222,final
2025-12-30,pranarom,all,huile de nigelle,7.1,1,166,final
2025-12-31,pranarom,all,huile de nigelle,14.4,0,108,final
2026-01-01,pranarom,all,huile de nigelle,9.2,4,218,final
2026-01-02,pranarom,all,huile de nigelle,4.8,7,473,final
2026-01-03,pranarom,all,huile de nigelle,6.8,2,318,final
2026-01-04,pranarom,all,huile de nigelle,5.7,4,356,final
2026-01-05,pranarom,all,huile de nigelle,6.4,7,254,final
2026-01-06,pranarom,all,huile de nigelle,5.3,11,345,final
2026-01-07,pranarom,all,huile de nigelle,8.2,2,182,final
2026-01-08,pranarom,all,huile de nigelle,9.9,5,270,final
2026-01-09,pranarom,all,huile de nigelle,5.2,10,760,final
2026-01-10,pranarom,all,huile de nigelle,5.7,11,445,final
2026-01-11,pranarom,all,huile de nigelle,5.2,13,364,final
2026-01-12,pranarom,all,huile de nigelle,5.6,4,356,final
2026-01-13,pranarom,all,huile de nigelle,5.3,5,300,final
2026-01-14,pranarom,all,huile de nigelle,6.9,7,310,final
2026-01-15,pranarom,all,huile de nigelle,6.3,8,290,final
2026-01-16,pranarom,all,huile de nigelle,7.2,7,306,final
2026-01-17,pranarom,all,huile de nigelle,15.8,1,197,final
2026-01-18,pranarom,all,huile de nigelle,9.0,0,180,final
2026-01-19,pranarom,all,huile de nigelle,10.0,1,132,final
2026-01-20,pranarom,all,huile de nigelle,9.7,1,85,final
2026-01-21,pranarom,all,huile de nigelle,13.2,0,114,final
2026-01-22,pranarom,all,huile de nigelle,13.6,1,86,final
2026-01-23,pranarom,all,huile de nigelle,17.6,1,178,final
2026-01-24,pranarom,all,huile de nigelle,25.5,1,163,final
2026-01-25,pranarom,all,huile de nigelle,12.4,0,111,final
2026-01-26,pranarom,all,huile de nigelle,17.4,3,99,final
2026-01-27,pranarom,all,huile de nigelle,8.9,1,123,final
2026-01-28,pranarom,all,huile de nigelle,13.2,1,127,final
2026-01-29,pranarom,all,huile de nigelle,21.3,5,104,final
2026-01-30,pranarom,all,huile de nigelle,16,1,100,final
2026-01-31,pranarom,all,huile de nigelle,20.6,1,163,final
2026-02-01,pranarom,all,huile de nigelle,9.4,4,160,final
2026-02-02,pranarom,all,huile de nigelle,14.1,3,184,final
2026-02-03,pranarom,all,huile de nigelle,12.1,0,156,final
2026-02-04,pranarom,all,huile de nigelle,11.5,2,202,final
2026-02-05,pranarom,all,huile de nigelle,8.7,4,261,final
2026-02-06,pranarom,all,huile de nigelle,7.0,4,255,final
2026-02-07,pranarom,all,huile de nigelle,12.7,3,199,final
2026-02-08,pranarom,all,huile de nigelle,7.5,3,144,final
2026-02-09,pranarom,all,huile de nigelle,13.7,1,120,final
2026-02-10,pranarom,all,huile de nigelle,6.2,6,246,final
2026-02-11,pranarom,all,huile de nigelle,8.6,5,186,final
2026-02-12,pranarom,all,huile de nigelle,10.2,1,154,final
2026-02-13,pranarom,all,huile de nigelle,12.4,0,158,final
2026-02-14,pranarom,all,huile de nigelle,8.7,4,355,final
2026-02-15,pranarom,all,huile de nigelle,6.0,3,270,final
2026-02-16,pranarom,all,huile de nigelle,7.7,1,317,final
2026-02-17,pranarom,all,huile de nigelle,6.2,8,406,final
2026-02-18,pranarom,all,huile de nigelle,8.3,2,263,final
2026-02-19,pranarom,all,huile de nigelle,9.1,5,354,final
2026-02-20,pranarom,all,huile de nigelle,12.8,0,142,final
2026-02-21,pranarom,all,huile de nigelle,10.1,0,117,final
2026-02-22,pranarom,all,huile de nigelle,9.0,2,102,final
2026-02-23,pranarom,all,huile de nigelle,10.0,1,137,final
2026-02-24,pranarom,all,huile de nigelle,9.8,1,244,final
2026-02-25,pranarom,all,huile de nigelle,7.2,1,137,final
2026-02-26,pranarom,all,huile de nigelle,9.5,0,361,final
2026-02-27,pranarom,all,huile de nigelle,9.2,6,723,final
2026-02-28,pranarom,all,huile de nigelle,9.2,3,513,final
2026-03-01,pranarom,all,huile de nigelle,10.5,1,463,final
2026-03-02,pranarom,all,huile de nigelle,9.8,5,520,final
2026-03-03,pranarom,all,huile de nigelle,8.9,12,738,final
2026-03-04,pranarom,all,huile de nigelle,8.5,4,769,final
2026-03-05,pranarom,all,huile de nigelle,10.3,3,576,final
2026-03-06,pranarom,all,huile de nigelle,10.5,4,586,final
2026-03-07,pranarom,all,huile de nigelle,9.3,3,658,final
2026-03-08,pranarom,all,huile de nigelle,9.1,11,625,final
2026-03-09,pranarom,all,huile de nigelle,8.1,11,931,final
2026-03-10,pranarom,all,huile de nigelle,8.8,7,766,final
2026-03-11,pranarom,all,huile de nigelle,9.6,8,880,final
2026-03-12,pranarom,all,huile de nigelle,10.1,6,636,final
2026-03-13,pranarom,all,huile de nigelle,9.8,3,391,final
2026-03-14,pranarom,all,huile de nigelle,9.2,14,811,final
2026-03-15,pranarom,all,huile de nigelle,7.3,8,419,final
2026-03-16,pranarom,all,huile de nigelle,8.2,3,320,final
2026-03-17,pranarom,all,huile de nigelle,8.1,8,607,final
2026-03-18,pranarom,all,huile de nigelle,10.4,2,631,final
2026-03-19,pranarom,all,huile de nigelle,10.8,7,767,final
2026-03-20,pranarom,all,huile de nigelle,10.3,3,553,final
2026-03-21,pranarom,all,huile de nigelle,10.5,3,635,final
2026-03-22,pranarom,all,huile de nigelle,10.0,11,1168,final
2026-03-23,pranarom,all,huile de nigelle,10.0,10,1103,final
2026-03-24,pranarom,all,huile de nigelle,10.6,10,885,final
2026-03-25,pranarom,all,huile de nigelle,9.2,19,987,final
2026-03-26,pranarom,all,huile de nigelle,8.7,10,851,final
2026-03-27,pranarom,all,huile de nigelle,9.0,9,770,final
2026-03-28,pranarom,all,huile de nigelle,9.9,6,453,final
2026-03-29,pranarom,all,huile de nigelle,9.8,7,459,final
2026-03-30,pranarom,all,huile de nigelle,9.3,9,702,final
2026-03-31,pranarom,all,huile de nigelle,9.6,9,792,final
2026-04-01,pranarom,all,huile de nigelle,8.5,13,748,final
2026-04-02,pranarom,all,huile de nigelle,8.1,9,783,final
2026-04-03,pranarom,all,huile de nigelle,8.1,12,678,final
2026-04-04,pranarom,all,huile de nigelle,9.1,4,633,final
2026-04-05,pranarom,all,huile de nigelle,8.4,7,711,final
2026-04-06,pranarom,all,huile de nigelle,7.8,6,464,final
2026-04-07,pranarom,all,huile de nigelle,8.2,7,719,final
2026-04-08,pranarom,all,huile de nigelle,6.9,28,1054,final
2026-04-09,pranarom,all,huile de nigelle,6.7,13,995,final
2026-04-10,pranarom,all,huile de nigelle,5.8,25,938,final
2026-04-11,pranarom,all,huile de nigelle,7.9,3,396,final
2026-04-12,pranarom,all,huile de nigelle,10.3,3,331,final
2026-04-13,pranarom,all,huile de nigelle,5.0,17,1496,final
2026-04-14,pranarom,all,huile de nigelle,4.3,18,1413,final
2026-04-15,pranarom,all,huile de nigelle,8.1,5,412,final
2026-04-16,pranarom,all,huile de nigelle,8.9,4,235,final
2026-04-17,pranarom,all,huile de nigelle,5.4,5,298,final
2026-04-18,pranarom,all,huile de nigelle,5.1,4,447,final
2026-04-19,pranarom,all,huile de nigelle,11.3,1,336,final
2026-04-20,pranarom,all,huile de nigelle,12.2,2,398,final
2026-04-21,pranarom,all,huile de nigelle,12.1,3,152,final
2026-04-22,pranarom,all,huile de nigelle,7.5,3,278,final
2026-04-23,pranarom,all,huile de nigelle,5.4,6,275,final
2026-04-24,pranarom,all,huile de nigelle,12.4,1,88,final
2026-04-25,pranarom,all,huile de nigelle,11.7,0,84,final
2026-04-26,pranarom,all,huile de nigelle,11.9,1,132,final
2026-04-27,pranarom,all,huile de nigelle,7.8,3,145,final
2026-04-28,pranarom,all,huile de nigelle,10.9,3,121,final
2026-04-29,pranarom,all,huile de nigelle,9.8,0,112,final
2026-04-30,pranarom,all,huile de nigelle,11.8,2,140,final
2026-05-01,pranarom,all,huile de nigelle,10.8,0,207,final
2026-05-02,pranarom,all,huile de nigelle,10.7,1,146,final
2026-05-03,pranarom,all,huile de nigelle,9.9,0,168,final
2026-05-04,pranarom,all,huile de nigelle,10.1,1,156,final
2026-05-05,pranarom,all,huile de nigelle,9.7,0,111,final
2026-05-06,pranarom,all,huile de nigelle,12.1,4,115,final
2026-05-07,pranarom,all,huile de nigelle,10.4,2,128,final
2026-05-08,pranarom,all,huile de nigelle,5.6,5,200,final
2026-05-09,pranarom,all,huile de nigelle,4.9,8,350,final
2026-05-10,pranarom,all,huile de nigelle,4.8,7,321,final
2026-05-11,pranarom,all,huile de nigelle,5.2,6,356,final
2026-05-12,pranarom,all,huile de nigelle,19.4,3,192,final
2026-05-13,pranarom,all,huile de nigelle,22.1,1,160,final
2026-05-14,pranarom,all,huile de nigelle,12.4,3,120,final
2026-05-15,pranarom,all,huile de nigelle,8.1,4,174,final
2026-05-16,pranarom,all,huile de nigelle,5.5,7,433,final
2026-05-17,pranarom,all,huile de nigelle,3.9,13,582,final
2026-05-18,pranarom,all,huile de nigelle,4.0,10,404,final
2026-05-19,pranarom,all,huile de nigelle,11.8,1,127,final
2026-05-20,pranarom,all,huile de nigelle,13.3,2,152,final
2026-05-21,pranarom,all,huile de nigelle,16.0,1,107,final
2026-05-22,pranarom,all,huile de nigelle,14.1,1,84,final
2026-05-23,pranarom,all,huile de nigelle,14.1,1,78,final
2026-05-24,pranarom,all,huile de nigelle,16.0,0,72,final
2026-05-25,pranarom,all,huile de nigelle,15.0,2,56,final
2026-05-26,pranarom,all,huile de nigelle,19.7,1,80,final
2026-05-27,pranarom,all,huile de nigelle,14.0,1,61,final
2026-05-28,pranarom,all,huile de nigelle,13.7,2,93,final
2026-05-29,pranarom,all,huile de nigelle,13.8,0,127,final
2026-05-30,pranarom,all,huile de nigelle,13.0,2,104,final
2026-05-31,pranarom,all,huile de nigelle,13.7,1,91,final
2026-06-01,pranarom,all,huile de nigelle,10.3,0,115,final
2026-06-02,pranarom,all,huile de nigelle,12.5,3,113,final
2026-06-03,pranarom,all,huile de nigelle,12.3,3,187,final
2026-06-04,pranarom,all,huile de nigelle,12.5,3,701,final
2026-06-05,pranarom,all,huile de nigelle,14.1,2,94,final
2026-06-06,pranarom,all,huile de nigelle,13.0,1,97,final
2026-06-07,pranarom,all,huile de nigelle,13.5,0,91,final
2026-06-08,pranarom,all,huile de nigelle,12.8,2,90,final
2026-06-09,pranarom,all,huile de nigelle,13.5,0,451,final
2026-06-10,pranarom,all,huile de nigelle,13.5,2,640,final
2026-06-11,pranarom,all,huile de nigelle,12.7,1,456,final
2026-06-12,pranarom,all,huile de nigelle,13.7,0,75,final
2026-06-13,pranarom,all,huile de nigelle,14.3,0,87,final
2026-06-14,pranarom,all,huile de nigelle,11.3,0,63,final
2026-06-15,pranarom,all,huile de nigelle,15.5,1,74,final
2026-06-16,pranarom,all,huile de nigelle,19.5,0,81,final
2026-06-17,pranarom,all,huile de nigelle,16.4,0,87,final
2026-06-18,pranarom,all,huile de nigelle,15.3,0,72,final
2026-06-19,pranarom,all,huile de nigelle,14.4,0,61,final
2026-06-20,pranarom,all,huile de nigelle,16.2,1,70,final
2026-06-21,pranarom,all,huile de nigelle,13.9,1,59,final
2026-06-22,pranarom,all,huile de nigelle,14.0,2,100,final
2026-06-23,pranarom,all,huile de nigelle,18.2,0,59,final
2026-06-24,pranarom,all,huile de nigelle,15.7,0,69,final
2026-06-25,pranarom,all,huile de nigelle,15.6,1,75,final
2026-06-26,pranarom,all,huile de nigelle,12.6,0,50,final
2026-06-27,pranarom,all,huile de nigelle,12.4,0,51,final
2026-06-28,pranarom,all,huile de nigelle,12.9,0,54,final
2026-06-29,pranarom,all,huile de nigelle,14.2,0,57,final
2026-06-30,pranarom,all,huile de nigelle,14.5,1,81,final
2026-07-01,pranarom,all,huile de nigelle,13.9,0,77,final
2026-07-02,pranarom,all,huile de nigelle,14.2,0,77,final
2026-07-03,pranarom,all,huile de nigelle,11.4,1,67,final
2026-07-04,pranarom,all,huile de nigelle,13.1,0,76,final
2026-07-05,pranarom,all,huile de nigelle,13.1,1,71,final
2026-07-06,pranarom,all,huile de nigelle,21.3,1,69,final
2026-07-07,pranarom,all,huile de nigelle,14.2,0,61,final
2026-07-08,pranarom,all,huile de nigelle,11.8,2,77,final
2026-07-09,pranarom,all,huile de nigelle,11.4,3,160,final
2026-07-10,pranarom,all,huile de nigelle,10.3,1,356,final
2026-07-11,pranarom,all,huile de nigelle,11.9,0,336,final
2026-07-12,pranarom,all,huile de nigelle,12.0,5,433,final
2026-07-13,pranarom,all,huile de nigelle,11.9,7,338,final
2026-07-14,pranarom,all,huile de nigelle,11.8,1,476,final
2026-07-15,pranarom,all,huile de nigelle,11.8,2,534,final
2026-07-16,pranarom,all,huile de nigelle,11.9,4,537,final
2026-07-17,pranarom,all,huile de nigelle,12.2,2,570,final
2026-07-18,pranarom,all,huile de nigelle,10.9,4,496,final
2026-07-19,pranarom,all,huile de nigelle,12.0,5,489,final
2026-07-20,pranarom,all,huile de nigelle,10.8,3,555,final
2026-07-21,pranarom,all,huile de nigelle,11.4,5,483,final
2026-07-22,pranarom,all,huile de nigelle,10.8,5,512,final
2026-07-23,pranarom,all,huile de nigelle,11.6,1,424,final
2026-07-24,pranarom,all,huile de nigelle,12.0,1,517,final
2026-07-25,pranarom,all,huile de nigelle,11.6,4,513,final
2026-07-26,pranarom,all,huile de nigelle,11.8,4,443,final
2026-07-27,pranarom,all,huile de nigelle,11.6,3,537,final
2026-07-28,pranarom,all,huile de nigelle,10.5,4,663,final
2026-07-29,pranarom,all,huile de nigelle,10.7,5,576,final
2026-07-30,pranarom,all,huile de nigelle,9.4,2,556,final
2026-07-31,pranarom,all,huile de nigelle,8.7,4,388,final
2026-08-01,pranarom,all,huile de nigelle,10.0,1,376,final
2026-08-02,pranarom,all,huile de nigelle,11.1,1,590,final
2026-08-03,pranarom,all,huile de nigelle,11.7,1,705,final
2026-08-04,pranarom,all,huile de nigelle,11.6,1,499,final
2026-08-05,pranarom,all,huile de nigelle,11.1,3,451,final
2026-08-06,pranarom,all,huile de nigelle,11.2,11,1370,final
2026-08-07,pranarom,all,huile de nigelle,11.4,12,1568,final
2026-08-08,pranarom,all,huile de nigelle,10.6,8,1011,final
2026-08-09,pranarom,all,huile de nigelle,10.9,6,999,final
2026-08-10,pranarom,all,huile de nigelle,10.7,5,882,final
2026-08-11,pranarom,all,huile de nigelle,11.2,4,700,final
2026-08-12,pranarom,all,huile de nigelle,10.5,1,320,final
2026-08-13,pranarom,all,huile de nigelle,10.9,8,764,final
2026-08-14,pranarom,all,huile de nigelle,12.1,5,707,final
2026-08-15,pranarom,all,huile de nigelle,12.5,2,550,final
2026-08-16,pranarom,all,huile de nigelle,12.4,3,681,final
2026-08-17,pranarom,all,huile de nigelle,11.4,5,708,final
2026-08-18,pranarom,all,huile de nigelle,10.9,3,768,final
2026-08-19,pranarom,all,huile de nigelle,11.3,5,962,final
2026-08-20,pranarom,all,huile de nigelle,10.8,8,928,final
2026-08-21,pranarom,all,huile de nigelle,11.2,4,739,final
2026-08-22,pranarom,all,huile de nigelle,10.9,4,802,final
2026-08-23,pranarom,all,huile de nigelle,11.4,7,766,final
2026-08-24,pranarom,all,huile de nigelle,11.5,4,781,final
2026-08-25,pranarom,all,huile de nigelle,10.5,2,809,final
2026-08-26,pranarom,all,huile de nigelle,10.8,4,891,final
2026-08-27,pranarom,all,huile de nigelle,9.6,5,948,final
2026-08-28,pranarom,all,huile de nigelle,9.8,6,864,final
2026-08-29,pranarom,all,huile de nigelle,9.7,4,460,final
2026-08-30,pranarom,all,huile de nigelle,7.5,6,322,final
2026-08-31,pranarom,all,huile de nigelle,8.8,2,257,final
2026-09-01,pranarom,all,huile de nigelle,9.6,4,259,final
2026-09-02,pranarom,all,huile de nigelle,10.0,1,401,final
2026-09-03,pranarom,all,huile de nigelle,10.7,3,422,final
2026-09-04,pranarom,all,huile de nigelle,9.8,3,428,final
2026-09-05,pranarom,all,huile de nigelle,8.8,2,433,final
2026-09-06,pranarom,all,huile de nigelle,9.4,1,507,final
2026-09-07,pranarom,all,huile de nigelle,9.8,7,729,final
2026-09-08,pranarom,all,huile de nigelle,9.4,5,808,final
2026-09-09,pranarom,all,huile de nigelle,8.8,2,780,final
2026-09-10,pranarom,all,huile de nigelle,9.7,6,690,final
2026-09-11,pranarom,all,huile de nigelle,9.6,4,653,final
2026-09-12,pranarom,all,huile de nigelle,8.9,5,582,final
2026-09-13,pranarom,all,huile de nigelle,8.4,5,640,final
2026-09-14,pranarom,all,huile de nigelle,9.3,4,858,final
2026-09-15,pranarom,all,huile de nigelle,9.2,5,774,final
2026-09-16,pranarom,all,huile de nigelle,10.0,4,742,final
2026-09-17,pranarom,all,huile de nigelle,8.7,10,736,final
2026-09-18,pranarom,all,huile de nigelle,9.0,5,687,final
2026-09-19,pranarom,all,huile de nigelle,9.9,4,700,final
2026-09-20,pranarom,all,huile de nigelle,9.3,3,749,final
2026-09-21,pranarom,all,huile de nigelle,8.3,4,652,final
2026-09-22,pranarom,all,huile de nigelle,8.9,10,829,final
2026-09-23,pranarom,all,huile de nigelle,7.2,4,729,final
2026-09-24,pranarom,all,huile de nigelle,7.5,14,1074,final
2026-09-25,pranarom,all,huile de nigelle,6.5,10,915,final
2026-09-26,pranarom,all,huile de nigelle,8.3,1,529,final
2026-09-27,pranarom,all,huile de nigelle,5.9,6,456,final
2026-09-28,pranarom,all,huile de nigelle,5.9,7,400,final
2026-09-29,pranarom,all,huile de nigelle,6.9,2,434,final
2026-09-30,pranarom,all,huile de nigelle,8.6,2,526,final
2026-10-01,pranarom,all,huile de nigelle,7.4,5,464,fresh
2026-10-02,pranarom,all,huile de nigelle,7.8,0,308,fresh
2025-06-10,pranarom,all,huile de nigelle bienfait,3.5,3,94,final
2025-06-11,pranarom,all,huile de nigelle bienfait,3.3,2,97,final
2025-06-12,pranarom,all,huile de nigelle bienfait,4.8,1,87,final
2025-06-13,pranarom,all,huile de nigelle bienfait,4.9,6,94,final
2025-06-14,pranarom,all,huile de nigelle bienfait,4.8,2,89,final
2025-06-15,pranarom,all,huile de nigelle bienfait,4.7,3,100,final
2025-06-16,pranarom,all,huile de nigelle bienfait,5.0,4,100,final
2025-06-17,pranarom,all,huile de nigelle bienfait,4.8,3,124,final
2025-06-18,pranarom,all,huile de nigelle bienfait,4.7,6,95,final
2025-06-19,pranarom,all,huile de nigelle bienfait,4.5,5,95,final
2025-06-20,pranarom,all,huile de nigelle bienfait,4.8,3,60,final
2025-06-21,pranarom,all,huile de nigelle bienfait,5.0,3,81,final
2025-06-22,pranarom,all,huile de nigelle bienfait,4.3,4,61,final
2025-06-23,pranarom,all,huile de nigelle bienfait,4.0,4,79,final
2025-06-24,pranarom,all,huile de nigelle bienfait,4,9,80,final
2025-06-25,pranarom,all,huile de nigelle bienfait,4.0,5,71,final
2025-06-26,pranarom,all,huile de nigelle bienfait,3.6,1,88,final
2025-06-27,pranarom,all,huile de nigelle bienfait,4.3,2,84,final
2025-06-28,pranarom,all,huile de nigelle bienfait,4.9,1,67,final
2025-06-29,pranarom,all,huile de nigelle bienfait,5.3,2,67,final
2025-06-30,pranarom,all,huile de nigelle bienfait,5.1,1,68,final
2025-07-01,pranarom,all,huile de nigelle bienfait,5.5,1,61,final
2025-07-02,pranarom,all,huile de nigelle bienfait,4.5,4,72,final
2025-07-03,pranarom,all,huile de nigelle bienfait,3.7,1,37,final
2025-07-04,pranarom,all,huile de nigelle bienfait,4.5,2,58,final
2025-07-05,pranarom,all,huile de nigelle bienfait,3.9,2,71,final
2025-07-06,pranarom,all,huile de nigelle bienfait,3.5,4,70,final
2025-07-07,pranarom,all,huile de nigelle bienfait,4.5,2,75,final
2025-07-08,pranarom,all,huile de nigelle bienfait,4.1,6,77,final
2025-07-09,pranarom,all,huile de nigelle bienfait,5.1,4,74,final
2025-07-10,pranarom,all,huile de nigelle bienfait,5.5,1,59,final
2025-07-11,pranarom,all,huile de nigelle bienfait,5.3,0,58,final
2025-07-12,pranarom,all,huile de nigelle bienfait,5.0,1,71,final
2025-07-13,pranarom,all,huile de nigelle bienfait,5.0,2,73,final
2025-07-14,pranarom,all,huile de nigelle bienfait,4.8,1,72,final
2025-07-15,pranarom,all,huile de nigelle bienfait,4.7,4,76,final
2025-07-16,pranarom,all,huile de nigelle bienfait,5.3,5,62,final
2025-07-17,pranarom,all,huile de nigelle bienfait,4.3,6,82,final
2025-07-18,pranarom,all,huile de nigelle bienfait,4.4,1,65,final
2025-07-19,pranarom,all,huile de nigelle bienfait,4.5,1,83,final
2025-07-20,pranarom,all,huile de nigelle bienfait,4.5,1,74,final
2025-07-21,pranarom,all,huile de nigelle bienfait,4.6,3,76,final
2025-07-22,pranarom,all,huile de nigelle bienfait,4.4,0,63,final
2025-07-23,pranarom,all,huile de nigelle bienfait,4.5,0,64,final
2025-07-24,pranarom,all,huile de nigelle bienfait,4.3,3,74,final
2025-07-25,pranarom,all,huile de nigelle bienfait,4.4,2,76,final
2025-07-26,pranarom,all,huile de nigelle bienfait,4.2,2,87,final
2025-07-27,pranarom,all,huile de nigelle bienfait,3.9,4,77,final
2025-07-28,pranarom,all,huile de nigelle bienfait,4.4,3,87,final
2025-07-29,pranarom,all,huile de nigelle bienfait,4.2,2,87,final
2025-07-30,pranarom,all,huile de nigelle bienfait,4.6,3,82,final
2025-07-31,pranarom,all,huile de nigelle bienfait,4.4,4,84,final
2025-08-01,pranarom,all,huile de nigelle bienfait,4.6,2,79,final
2025-08-02,pranarom,all,huile de nigelle bienfait,4.3,7,84,final
2025-08-03,pranarom,all,huile de nigelle bienfait,4.3,1,75,final
2025-08-04,pranarom,all,huile de nigelle bienfait,4.5,1,73,final
2025-08-05,pranarom,all,huile de nigelle bienfait,4.4,9,104,final
2025-08-06,pranarom,all,huile de nigelle bienfait,4.5,1,63,final
2025-08-07,pranarom,all,huile de nigelle bienfait,4.3,2,79,final
2025-08-08,pranarom,all,huile de nigelle bienfait,4.4,2,72,final
2025-08-09,pranarom,all,huile de nigelle bienfait,4.3,4,68,final
2025-08-10,pranarom,all,huile de nigelle bienfait,4.9,3,81,final
2025-08-11,pranarom,all,huile de nigelle bienfait,4.7,4,78,final
2025-08-12,pranarom,all,huile de nigelle bienfait,3.9,3,80,final
2025-08-13,pranarom,all,huile de nigelle bienfait,3.5,5,84,final
2025-08-14,pranarom,all,huile de nigelle bienfait,3.6,3,85,final
2025-08-15,pranarom,all,huile de nigelle bienfait,3.8,1,137,final
2025-08-16,pranarom,all,huile de nigelle bienfait,3.4,5,120,final
2025-08-17,pranarom,all,huile de nigelle bienfait,3.5,10,88,final
2025-08-18,pranarom,all,huile de nigelle bienfait,3.7,3,107,final
2025-08-19,pranarom,all,huile de nigelle bienfait,3.6,7,166,final
2025-08-20,pranarom,all,huile de nigelle bienfait,3.9,2,100,final
2025-08-21,pranarom,all,huile de nigelle bienfait,3.6,5,74,final
2025-08-22,pranarom,all,huile de nigelle bienfait,3.7,6,86,final
2025-08-23,pranarom,all,huile de nigelle bienfait,3.6,7,141,final
2025-08-24,pranarom,all,huile de nigelle bienfait,3.7,11,222,final
2025-08-25,pranarom,all,huile de nigelle bienfait,4.1,13,195,final
2025-08-26,pranarom,all,huile de nigelle bienfait,4.0,11,172,final
2025-08-27,pranarom,all,huile de nigelle bienfait,3.9,6,163,final
2025-08-28,pranarom,all,huile de nigelle bienfait,4.3,6,153,final
2025-08-29,pranarom,all,huile de nigelle bienfait,4.0,6,103,final
2025-08-30,pranarom,all,huile de nigelle bienfait,4.1,9,179,final
2025-08-31,pranarom,all,huile de nigelle bienfait,4.3,8,148,final
2025-09-01,pranarom,all,huile de nigelle bienfait,4.5,3,107,final
2025-09-02,pranarom,all,huile de nigelle bienfait,4.5,8,115,final
2025-09-03,pranarom,all,huile de nigelle bienfait,4.1,4,93,final
2025-09-04,pranarom,all,huile de nigelle bienfait,4.0,3,88,final
2025-09-05,pranarom,all,huile de nigelle bienfait,3.3,7,80,final
2025-09-06,pranarom,all,huile de nigelle bienfait,3.2,9,106,final
2025-09-07,pranarom,all,huile de nigelle bienfait,3.2,13,117,final
2025-09-08,pranarom,all,huile de nigelle bienfait,3.1,10,127,final
2025-09-09,pranarom,all,huile de nigelle bienfait,3.1,7,111,final
2025-09-10,pranarom,all,huile de nigelle bienfait,2.8,15,144,final
2025-09-11,pranarom,all,huile de nigelle bienfait,3.0,4,108,final
2025-09-12,pranarom,all,huile de nigelle bienfait,3.2,5,90,final
2025-09-13,pranarom,all,huile de nigelle bienfait,3.0,5,107,final
2025-09-14,pranarom,all,huile de nigelle bienfait,2.9,9,102,final
2025-09-15,pranarom,all,huile de nigelle bienfait,3.0,6,112,final
2025-09-16,pranarom,all,huile de nigelle bienfait,3.2,8,84,final
2025-09-17,pranarom,all,huile de nigelle bienfait,3.5,6,121,final
2025-09-18,pranarom,all,huile de nigelle bienfait,3.8,8,96,final
2025-09-19,pranarom,all,huile de nigelle bienfait,3.8,2,74,final
2025-09-20,pranarom,all,huile de nigelle bienfait,3.6,10,98,final
2025-09-21,pranarom,all,huile de nigelle bienfait,4.0,4,128,final
2025-09-22,pranarom,all,huile de nigelle bienfait,3.7,3,91,final
2025-09-23,pranarom,all,huile de nigelle bienfait,3.7,3,75,final
2025-09-24,pranarom,all,huile de nigelle bienfait,3.8,5,123,final
2025-09-25,pranarom,all,huile de nigelle bienfait,3.7,4,99,final
2025-09-26,pranarom,all,huile de nigelle bienfait,4.1,7,146,final
2025-09-27,pranarom,all,huile de nigelle bienfait,3.4,9,88,final
2025-09-28,pranarom,all,huile de nigelle bienfait,3.4,3,96,final
2025-09-29,pranarom,all,huile de nigelle bienfait,3.4,15,109,final
2025-09-30,pranarom,all,huile de nigelle bienfait,3.7,4,134,final
2025-10-01,pranarom,all,huile de nigelle bienfait,3.6,5,169,final
2025-10-02,pranarom,all,huile de nigelle bienfait,3.7,9,155,final
2025-10-03,pranarom,all,huile de nigelle bienfait,2.9,19,145,final
2025-10-04,pranarom,all,huile de nigelle bienfait,2.1,21,147,final
2025-10-05,pranarom,all,huile de nigelle bienfait,1.9,21,132,final
2025-10-06,pranarom,all,huile de nigelle bienfait,2.5,7,102,final
2025-10-07,pranarom,all,huile de nigelle bienfait,2.8,19,131,final
2025-10-08,pranarom,all,huile de nigelle bienfait,1.8,19,123,final
2025-10-09,pranarom,all,huile de nigelle bienfait,2.0,17,120,final
2025-10-10,pranarom,all,huile de nigelle bienfait,2.1,14,96,final
2025-10-11,pranarom,all,huile de nigelle bienfait,1.8,14,84,final
2025-10-12,pranarom,all,huile de nigelle bienfait,1.8,15,109,final
2025-10-13,pranarom,all,huile de nigelle bienfait,1.8,16,125,final
2025-10-14,pranarom,all,huile de nigelle bienfait,2.2,10,82,final
2025-10-15,pranarom,all,huile de nigelle bienfait,3.2,17,315,final
2025-10-16,pranarom,all,huile de nigelle bienfait,3.3,18,241,final
2025-10-17,pranarom,all,huile de nigelle bienfait,3.2,15,180,final
2025-10-18,pranarom,all,huile de nigelle bienfait,3.9,4,185,final
2025-10-19,pranarom,all,huile de nigelle bienfait,3.7,8,176,final
2025-10-20,pranarom,all,huile de nigelle bienfait,3.5,14,135,final
2025-10-21,pranarom,all,huile de nigelle bienfait,2.8,15,119,final
2025-10-22,pranarom,all,huile de nigelle bienfait,2.0,24,110,final
2025-10-23,pranarom,all,huile de nigelle bienfait,2.3,12,78,final
2025-10-24,pranarom,all,huile de nigelle bienfait,2.4,16,102,final
2025-10-25,pranarom,all,huile de nigelle bienfait,2.3,21,114,final
2025-10-26,pranarom,all,huile de nigelle bienfait,1.6,21,139,final
2025-10-27,pranarom,all,huile de nigelle bienfait,1.8,17,117,final
2025-10-28,pranarom,all,huile de nigelle bienfait,3.0,4,119,final
2025-10-29,pranarom,all,huile de nigelle bienfait,3.6,3,108,final
2025-10-30,pranarom,all,huile de nigelle bienfait,3.1,7,111,final
2025-10-31,pranarom,all,huile de nigelle bienfait,2.2,12,86,final
2025-11-01,pranarom,all,huile de nigelle bienfait,2.1,10,104,final
2025-11-02,pranarom,all,huile de nigelle bienfait,1.9,18,126,final
2025-11-03,pranarom,all,huile de nigelle bienfait,2.1,19,106,final
2025-11-04,pranarom,all,huile de nigelle bienfait,1.9,23,120,final
2025-11-05,pranarom,all,huile de nigelle bienfait,1.6,19,126,final
2025-11-06,pranarom,all,huile de nigelle bienfait,2.0,15,142,final
2025-11-07,pranarom,all,huile de nigelle bienfait,2.4,7,115,final
2025-11-08,pranarom,all,huile de nigelle bienfait,2.4,9,141,final
2025-11-09,pranarom,all,huile de nigelle bienfait,2.8,10,103,final
2025-11-10,pranarom,all,huile de nigelle bienfait,3.0,6,107,final
2025-11-11,pranarom,all,huile de nigelle bienfait,3.0,11,118,final
2025-11-12,pranarom,all,huile de nigelle bienfait,3.3,6,119,final
2025-11-13,pranarom,all,huile de nigelle bienfait,2.9,6,95,final
2025-11-14,pranarom,all,huile de nigelle bienfait,2.8,13,113,final
2025-11-15,pranarom,all,huile de nigelle bienfait,2.9,9,101,final
2025-11-16,pranarom,all,huile de nigelle bienfait,3.2,2,88,final
2025-11-17,pranarom,all,huile de nigelle bienfait,3.0,14,89,final
2025-11-18,pranarom,all,huile de nigelle bienfait,3.1,4,107,final
2025-11-19,pranarom,all,huile de nigelle bienfait,3.3,0,67,final
2025-11-20,pranarom,all,huile de nigelle bienfait,3.1,5,89,final
2025-11-21,pranarom,all,huile de nigelle bienfait,3.3,2,82,final
2025-11-22,pranarom,all,huile de nigelle bienfait,3,4,96,final
2025-11-23,pranarom,all,huile de nigelle bienfait,3.2,9,88,final
2025-11-24,pranarom,all,huile de nigelle bienfait,3.4,3,84,final
2025-11-25,pranarom,all,huile de nigelle bienfait,3.5,8,92,final
2025-11-26,pranarom,all,huile de nigelle bienfait,3.5,5,77,final
2025-11-27,pranarom,all,huile de nigelle bienfait,3.0,8,85,final
2025-11-28,pranarom,all,huile de nigelle bienfait,2.9,8,77,final
2025-11-29,pranarom,all,huile de nigelle bienfait,3.3,5,77,final
2025-11-30,pranarom,all,huile de nigelle bienfait,2.9,6,109,final
2025-12-01,pranarom,all,huile de nigelle bienfait,2.9,4,75,final
2025-12-02,pranarom,all,huile de nigelle bienfait,3.2,3,86,final
2025-12-03,pranarom,all,huile de nigelle bienfait,3.6,3,95,final
2025-12-04,pranarom,all,huile de nigelle bienfait,3.2,5,98,final
2025-12-05,pranarom,all,huile de nigelle bienfait,3.1,4,88,final
2025-12-06,pranarom,all,huile de nigelle bienfait,3.0,5,89,final
2025-12-07,pranarom,all,huile de nigelle bienfait,2.8,3,89,final
2025-12-08,pranarom,all,huile de nigelle bienfait,3.1,5,69,final
2025-12-09,pranarom,all,huile de nigelle bienfait,3.5,4,71,final
2025-12-10,pranarom,all,huile de nigelle bienfait,2.8,10,87,final
2025-12-11,pranarom,all,huile de nigelle bienfait,1.7,5,96,final
2025-12-12,pranarom,all,huile de nigelle bienfait,2.0,1,78,final
2025-12-13,pranarom,all,huile de nigelle bienfait,1.7,6,93,final
2025-12-14,pranarom,all,huile de nigelle bienfait,1.8,7,87,final
2025-12-15,pranarom,all,huile de nigelle bienfait,1.8,0,82,final
2025-12-16,pranarom,all,huile de nigelle bienfait,1.9,1,104,final
2025-12-17,pranarom,all,huile de nigelle bienfait,1.7,9,102,final
2025-12-18,pranarom,all,huile de nigelle bienfait,1.9,4,91,final
2025-12-19,pranarom,all,huile de nigelle bienfait,1.9,3,94,final
2025-12-20,pranarom,all,huile de nigelle bienfait,1.3,4,77,final
2025-12-21,pranarom,all,huile de nigelle bienfait,1.7,4,81,final
2025-12-22,pranarom,all,huile de nigelle bienfait,2.1,7,79,final
2025-12-23,pranarom,all,huile de nigelle bienfait,2.1,6,82,final
2025-12-24,pranarom,all,huile de nigelle bienfait,2.0,4,67,final
2025-12-25,pranarom,all,huile de nigelle bienfait,1.9,8,63,final
2025-12-26,pranarom,all,huile de nigelle bienfait,1.9,9,70,final
2025-12-27,pranarom,all,huile de nigelle bienfait,3.0,10,101,final
2025-12-28,pranarom,all,huile de nigelle bienfait,1.8,11,97,final
2025-12-29,pranarom,all,huile de nigelle bienfait,2.1,11,92,final
2025-12-30,pranarom,all,huile de nigelle bienfait,1.8,13,100,final
2025-12-31,pranarom,all,huile de nigelle bienfait,1.5,8,83,final
2026-01-01,pranarom,all,huile de nigelle bienfait,2.1,21,162,final
2026-01-02,pranarom,all,huile de nigelle bienfait,1.8,22,189,final
2026-01-03,pranarom,all,huile de nigelle bienfait,1.9,20,150,final
2026-01-04,pranarom,all,huile de nigelle bienfait,1.6,14,122,final
2026-01-05,pranarom,all,huile de nigelle bienfait,3.1,14,115,final
2026-01-06,pranarom,all,huile de nigelle bienfait,1.7,19,117,final
2026-01-07,pranarom,all,huile de nigelle bienfait,3.8,1,81,final
2026-01-08,pranarom,all,huile de nigelle bienfait,4.7,4,98,final
2026-01-09,pranarom,all,huile de nigelle bienfait,3.9,7,155,final
2026-01-10,pranarom,all,huile de nigelle bienfait,4.5,2,83,final
2026-01-11,pranarom,all,huile de nigelle bienfait,4.3,2,91,final
2026-01-12,pranarom,all,huile de nigelle bienfait,3.9,4,102,final
2026-01-13,pranarom,all,huile de nigelle bienfait,4.9,3,92,final
2026-01-14,pranarom,all,huile de nigelle bienfait,3.8,5,72,final
2026-01-15,pranarom,all,huile de nigelle bienfait,3.3,5,82,final
2026-01-16,pranarom,all,huile de nigelle bienfait,3.7,3,79,final
2026-01-17,pranarom,all,huile de nigelle bienfait,3.2,7,105,final
2026-01-18,pranarom,all,huile de nigelle bienfait,3.7,4,75,final
2026-01-19,pranarom,all,huile de nigelle bienfait,2.8,5,72,final
2026-01-20,pranarom,all,huile de nigelle bienfait,2.8,10,78,final
2026-01-21,pranarom,all,huile de nigelle bienfait,2.6,4,82,final
2026-01-22,pranarom,all,huile de nigelle bienfait,3.5,3,70,final
2026-01-23,pranarom,all,huile de nigelle bienfait,2.5,14,99,final
2026-01-24,pranarom,all,huile de nigelle bienfait,2.7,8,89,final
2026-01-25,pranarom,all,huile de nigelle bienfait,2.2,12,104,final
2026-01-26,pranarom,all,huile de nigelle bienfait,2.4,13,83,final
2026-01-27,pranarom,all,huile de nigelle bienfait,3.2,7,71,final
2026-01-28,pranarom,all,huile de nigelle bienfait,3.1,5,81,final
2026-01-29,pranarom,all,huile de nigelle bienfait,3.2,6,83,final
2026-01-30,pranarom,all,huile de nigelle bienfait,3.4,7,86,final
2026-01-31,pranarom,all,huile de nigelle bienfait,2.8,7,95,final
2026-02-01,pranarom,all,huile de nigelle bienfait,3.1,6,103,final
2026-02-02,pranarom,all,huile de nigelle bienfait,4.5,8,94,final
2026-02-03,pranarom,all,huile de nigelle bienfait,2.6,5,86,final
2026-02-04,pranarom,all,huile de nigelle bienfait,3.1,8,88,final
2026-02-05,pranarom,all,huile de nigelle bienfait,2.7,4,113,final
2026-02-06,pranarom,all,huile de nigelle bienfait,3.5,16,139,final
2026-02-07,pranarom,all,huile de nigelle bienfait,2.6,10,98,final
2026-02-08,pranarom,all,huile de nigelle bienfait,2.6,12,93,final
2026-02-09,pranarom,all,huile de nigelle bienfait,2.7,10,118,final
2026-02-10,pranarom,all,huile de nigelle bienfait,2.4,12,110,final
2026-02-11,pranarom,all,huile de nigelle bienfait,2.5,4,105,final
2026-02-12,pranarom,all,huile de nigelle bienfait,2.9,10,87,final
2026-02-13,pranarom,all,huile de nigelle bienfait,2.8,4,79,final
2026-02-14,pranarom,all,huile de nigelle bienfait,7.2,3,79,final
2026-02-15,pranarom,all,huile de nigelle bienfait,2.9,13,90,final
2026-02-16,pranarom,all,huile de nigelle bienfait,2.8,7,81,final
2026-02-17,pranarom,all,huile de nigelle bienfait,3.6,6,75,final
2026-02-18,pranarom,all,huile de nigelle bienfait,5.0,2,75,final
2026-02-19,pranarom,all,huile de nigelle bienfait,3.0,9,83,final
2026-02-20,pranarom,all,huile de nigelle bienfait,3.3,8,93,final
2026-02-21,pranarom,all,huile de nigelle bienfait,3.4,8,90,final
2026-02-22,pranarom,all,huile de nigelle bienfait,2.7,19,88,final
2026-02-23,pranarom,all,huile de nigelle bienfait,4.2,5,98,final
2026-02-24,pranarom,all,huile de nigelle bienfait,6.1,4,97,final
2026-02-25,pranarom,all,huile de nigelle bienfait,2.7,15,105,final
2026-02-26,pranarom,all,huile de nigelle bienfait,3.1,8,111,final
2026-02-27,pranarom,all,huile de nigelle bienfait,3.0,15,92,final
2026-02-28,pranarom,all,huile de nigelle bienfait,4.2,7,74,final
2026-03-01,pranarom,all,huile de nigelle bienfait,6.7,5,94,final
2026-03-02,pranarom,all,huile de nigelle bienfait,3.4,4,74,final
2026-03-03,pranarom,all,huile de nigelle bienfait,4.6,2,100,final
2026-03-04,pranarom,all,huile de nigelle bienfait,4.7,13,114,final
2026-03-05,pranarom,all,huile de nigelle bienfait,4.2,10,103,final
2026-03-06,pranarom,all,huile de nigelle bienfait,1.7,18,96,final
2026-03-07,pranarom,all,huile de nigelle bienfait,1.9,20,97,final
2026-03-08,pranarom,all,huile de nigelle bienfait,5.1,7,99,final
2026-03-09,pranarom,all,huile de nigelle bienfait,4.7,12,96,final
2026-03-10,pranarom,all,huile de nigelle bienfait,4.3,10,89,final
2026-03-11,pranarom,all,huile de nigelle bienfait,6.8,2,86,final
2026-03-12,pranarom,all,huile de nigelle bienfait,4.4,5,84,final
2026-03-13,pranarom,all,huile de nigelle bienfait,6.3,5,75,final
2026-03-14,pranarom,all,huile de nigelle bienfait,3.1,19,97,final
2026-03-15,pranarom,all,huile de nigelle bienfait,2.7,13,81,final
2026-03-16,pranarom,all,huile de nigelle bienfait,5.3,2,80,final
2026-03-17,pranarom,all,huile de nigelle bienfait,2.2,14,79,final
2026-03-18,pranarom,all,huile de nigelle bienfait,2.6,8,83,final
2026-03-19,pranarom,all,huile de nigelle bienfait,2.6,7,72,final
2026-03-20,pranarom,all,huile de nigelle bienfait,2.9,8,89,final
2026-03-21,pranarom,all,huile de nigelle bienfait,2.6,13,92,final
2026-03-22,pranarom,all,huile de nigelle bienfait,3.0,18,130,final
2026-03-23,pranarom,all,huile de nigelle bienfait,2.7,13,82,final
2026-03-24,pranarom,all,huile de nigelle bienfait,3.5,8,76,final
2026-03-25,pranarom,all,huile de nigelle bienfait,2.3,11,77,final
2026-03-26,pranarom,all,huile de nigelle bienfait,2.9,9,100,final
2026-03-27,pranarom,all,huile de nigelle bienfait,2.8,13,76,final
2026-03-28,pranarom,all,huile de nigelle bienfait,2.7,11,93,final
2026-03-29,pranarom,all,huile de nigelle bienfait,3.5,8,65,final
2026-03-30,pranarom,all,huile de nigelle bienfait,3.2,5,65,final
2026-03-31,pranarom,all,huile de nigelle bienfait,2.6,13,104,final
2026-04-01,pranarom,all,huile de nigelle bienfait,2.7,9,78,final
2026-04-02,pranarom,all,huile de nigelle bienfait,3.3,12,77,final
2026-04-03,pranarom,all,huile de nigelle bienfait,2.8,14,66,final
2026-04-04,pranarom,all,huile de nigelle bienfait,2.7,11,91,final
2026-04-05,pranarom,all,huile de nigelle bienfait,2.3,15,107,final
2026-04-06,pranarom,all,huile de nigelle bienfait,3.1,9,71,final
2026-04-07,pranarom,all,huile de nigelle bienfait,2.4,13,98,final
2026-04-08,pranarom,all,huile de nigelle bienfait,2.8,8,92,final
2026-04-09,pranarom,all,huile de nigelle bienfait,2.7,12,86,final
2026-04-10,pranarom,all,huile de nigelle bienfait,2.8,10,90,final
2026-04-11,pranarom,all,huile de nigelle bienfait,2.4,5,98,final
2026-04-12,pranarom,all,huile de nigelle bienfait,2.7,9,89,final
2026-04-13,pranarom,all,huile de nigelle bienfait,2.6,17,243,final
2026-04-14,pranarom,all,huile de nigelle bienfait,2.5,21,224,final
2026-04-15,pranarom,all,huile de nigelle bienfait,2.7,15,114,final
2026-04-16,pranarom,all,huile de nigelle bienfait,2.8,8,108,final
2026-04-17,pranarom,all,huile de nigelle bienfait,2.9,6,76,final
2026-04-18,pranarom,all,huile de nigelle bienfait,2.9,7,110,final
2026-04-19,pranarom,all,huile de nigelle bienfait,2.8,6,124,final
2026-04-20,pranarom,all,huile de nigelle bienfait,2.7,5,86,final
2026-04-21,pranarom,all,huile de nigelle bienfait,3.0,5,105,final
2026-04-22,pranarom,all,huile de nigelle bienfait,2.9,11,99,final
2026-04-23,pranarom,all,huile de nigelle bienfait,3.4,1,88,final
2026-04-24,pranarom,all,huile de nigelle bienfait,3.6,4,98,final
2026-04-25,pranarom,all,huile de nigelle bienfait,3.5,2,95,final
2026-04-26,pranarom,all,huile de nigelle bienfait,2.8,6,96,final
2026-04-27,pranarom,all,huile de nigelle bienfait,2.6,7,105,final
2026-04-28,pranarom,all,huile de nigelle bienfait,2.9,5,71,final
2026-04-29,pranarom,all,huile de nigelle bienfait,3.3,8,94,final
2026-04-30,pranarom,all,huile de nigelle bienfait,2.8,9,109,final
2026-05-01,pranarom,all,huile de nigelle bienfait,2.6,3,106,final
2026-05-02,pranarom,all,huile de nigelle bienfait,2.9,6,98,final
2026-05-03,pranarom,all,huile de nigelle bienfait,3.6,6,108,final
2026-05-04,pranarom,all,huile de nigelle bienfait,2.9,6,100,final
2026-05-05,pranarom,all,huile de nigelle bienfait,3.3,10,110,final
2026-05-06,pranarom,all,huile de nigelle bienfait,2.8,6,93,final
2026-05-07,pranarom,all,huile de nigelle bienfait,2.9,11,112,final
2026-05-08,pranarom,all,huile de nigelle bienfait,4.1,7,93,final
2026-05-09,pranarom,all,huile de nigelle bienfait,2.8,4,90,final
2026-05-10,pranarom,all,huile de nigelle bienfait,2.7,6,95,final
2026-05-11,pranarom,all,huile de nigelle bienfait,3.2,5,114,final
2026-05-12,pranarom,all,huile de nigelle bienfait,2.5,4,119,final
2026-05-13,pranarom,all,huile de nigelle bienfait,2.5,10,105,final
2026-05-14,pranarom,all,huile de nigelle bienfait,2.6,8,125,final
2026-05-15,pranarom,all,huile de nigelle bienfait,2.7,14,193,final
2026-05-16,pranarom,all,huile de nigelle bienfait,3.0,8,153,final
2026-05-17,pranarom,all,huile de nigelle bienfait,2.5,4,140,final
2026-05-18,pranarom,all,huile de nigelle bienfait,2.6,2,82,final
2026-05-19,pranarom,all,huile de nigelle bienfait,2.5,9,76,final
2026-05-20,pranarom,all,huile de nigelle bienfait,3.1,3,79,final
2026-05-21,pranarom,all,huile de nigelle bienfait,3.1,2,81,final
2026-05-22,pranarom,all,huile de nigelle bienfait,3.3,8,80,final
2026-05-23,pranarom,all,huile de nigelle bienfait,3.3,5,64,final
2026-05-24,pranarom,all,huile de nigelle bienfait,3.6,5,85,final
2026-05-25,pranarom,all,huile de nigelle bienfait,3.5,1,61,final
2026-05-26,pranarom,all,huile de nigelle bienfait,3.5,8,86,final
2026-05-27,pranarom,all,huile de nigelle bienfait,3.3,5,78,final
2026-05-28,pranarom,all,huile de nigelle bienfait,2.9,3,82,final
2026-05-29,pranarom,all,huile de nigelle bienfait,3.3,1,60,final
2026-05-30,pranarom,all,huile de nigelle bienfait,2.9,5,77,final
2026-05-31,pranarom,all,huile de nigelle bienfait,2.9,9,73,final
2026-06-01,pranarom,all,huile de nigelle bienfait,3.0,4,93,final
2026-06-02,pranarom,all,huile de nigelle bienfait,3.1,4,119,final
2026-06-03,pranarom,all,huile de nigelle bienfait,2.7,9,105,final
2026-06-04,pranarom,all,huile de nigelle bienfait,2.8,6,91,final
2026-06-05,pranarom,all,huile de nigelle bienfait,3.3,5,99,final
2026-06-06,pranarom,all,huile de nigelle bienfait,2.7,3,95,final
2026-06-07,pranarom,all,huile de nigelle bienfait,2.8,12,117,final
2026-06-08,pranarom,all,huile de nigelle bienfait,2.9,10,82,final
2026-06-09,pranarom,all,huile de nigelle bienfait,3.6,6,99,final
2026-06-10,pranarom,all,huile de nigelle bienfait,2.9,2,93,final
2026-06-11,pranarom,all,huile de nigelle bienfait,2.9,6,90,final
2026-06-12,pranarom,all,huile de nigelle bienfait,4.1,5,89,final
2026-06-13,pranarom,all,huile de nigelle bienfait,3.0,5,87,final
2026-06-14,pranarom,all,huile de nigelle bienfait,2.9,4,103,final
2026-06-15,pranarom,all,huile de nigelle bienfait,2.8,3,94,final
2026-06-16,pranarom,all,huile de nigelle bienfait,3.0,5,105,final
2026-06-17,pranarom,all,huile de nigelle bienfait,2.9,5,70,final
2026-06-18,pranarom,all,huile de nigelle bienfait,3.1,2,94,final
2026-06-19,pranarom,all,huile de nigelle bienfait,4.2,4,68,final
2026-06-20,pranarom,all,huile de nigelle bienfait,3.3,1,64,final
2026-06-21,pranarom,all,huile de nigelle bienfait,3.4,2,65,final
2026-06-22,pranarom,all,huile de nigelle bienfait,3.0,5,77,final
2026-06-23,pranarom,all,huile de nigelle bienfait,4.3,4,65,final
2026-06-24,pranarom,all,huile de nigelle bienfait,3.9,4,86,final
2026-06-25,pranarom,all,huile de nigelle bienfait,2.8,5,75,final
2026-06-26,pranarom,all,huile de nigelle bienfait,3.0,0,63,final
2026-06-27,pranarom,all,huile de nigelle bienfait,2.9,9,75,final
2026-06-28,pranarom,all,huile de nigelle bienfait,2.7,8,56,final
2026-06-29,pranarom,all,huile de nigelle bienfait,2.9,3,71,final
2026-06-30,pranarom,all,huile de nigelle bienfait,4.0,2,58,final
2026-07-01,pranarom,all,huile de nigelle bienfait,3.0,2,73,final
2026-07-02,pranarom,all,huile de nigelle bienfait,2.8,3,69,final
2026-07-03,pranarom,all,huile de nigelle bienfait,3.2,3,63,final
2026-07-04,pranarom,all,huile de nigelle bienfait,2.8,4,75,final
2026-07-05,pranarom,all,huile de nigelle bienfait,3.1,4,70,final
2026-07-06,pranarom,all,huile de nigelle bienfait,2.8,2,81,final
2026-07-07,pranarom,all,huile de nigelle bienfait,3.1,4,65,final
2026-07-08,pranarom,all,huile de nigelle bienfait,3.2,1,50,final
2026-07-09,pranarom,all,huile de nigelle bienfait,2.8,2,66,final
2026-07-10,pranarom,all,huile de nigelle bienfait,3.4,3,63,final
2026-07-11,pranarom,all,huile de nigelle bienfait,2.7,5,78,final
2026-07-12,pranarom,all,huile de nigelle bienfait,2.7,4,91,final
2026-07-13,pranarom,all,huile de nigelle bienfait,4.4,2,69,final
2026-07-14,pranarom,all,huile de nigelle bienfait,2.9,4,52,final
2026-07-15,pranarom,all,huile de nigelle bienfait,3.0,3,50,final
2026-07-16,pranarom,all,huile de nigelle bienfait,4.7,4,42,final
2026-07-17,pranarom,all,huile de nigelle bienfait,3.2,1,38,final
2026-07-18,pranarom,all,huile de nigelle bienfait,3.1,4,60,final
2026-07-19,pranarom,all,huile de nigelle bienfait,3.8,2,67,final
2026-07-20,pranarom,all,huile de nigelle bienfait,3.3,1,54,final
2026-07-21,pranarom,all,huile de nigelle bienfait,3.4,4,60,final
2026-07-22,pranarom,all,huile de nigelle bienfait,3.1,1,49,final
2026-07-23,pranarom,all,huile de nigelle bienfait,2.8,3,55,final
2026-07-24,pranarom,all,huile de nigelle bienfait,3.7,1,60,final
2026-07-25,pranarom,all,huile de nigelle bienfait,4.0,5,71,final
2026-07-26,pranarom,all,huile de nigelle bienfait,3.0,3,68,final
2026-07-27,pranarom,all,huile de nigelle bienfait,3.3,3,96,final
2026-07-28,pranarom,all,huile de nigelle bienfait,3,3,68,final
2026-07-29,pranarom,all,huile de nigelle bienfait,3.0,1,60,final
2026-07-30,pranarom,all,huile de nigelle bienfait,3.1,4,63,final
2026-07-31,pranarom,all,huile de nigelle bienfait,3.0,2,70,final
2026-08-01,pranarom,all,huile de nigelle bienfait,3.0,2,50,final
2026-08-02,pranarom,all,huile de nigelle bienfait,3.0,4,79,final
2026-08-03,pranarom,all,huile de nigelle bienfait,3.0,4,87,final
2026-08-04,pranarom,all,huile de nigelle bienfait,3.0,4,72,final
2026-08-05,pranarom,all,huile de nigelle bienfait,2.8,4,70,final
2026-08-06,pranarom,all,huile de nigelle bienfait,2.7,2,111,final
2026-08-07,pranarom,all,huile de nigelle bienfait,3.6,5,125,final
2026-08-08,pranarom,all,huile de nigelle bienfait,2.9,3,114,final
2026-08-09,pranarom,all,huile de nigelle bienfait,2.9,1,98,final
2026-08-10,pranarom,all,huile de nigelle bienfait,2.8,1,99,final
2026-08-11,pranarom,all,huile de nigelle bienfait,2.9,3,101,final
2026-08-12,pranarom,all,huile de nigelle bienfait,2.8,3,84,final
2026-08-13,pranarom,all,huile de nigelle bienfait,2.9,2,56,final
2026-08-14,pranarom,all,huile de nigelle bienfait,4.3,1,62,final
2026-08-15,pranarom,all,huile de nigelle bienfait,2.8,5,67,final
2026-08-16,pranarom,all,huile de nigelle bienfait,4.3,3,60,final
2026-08-17,pranarom,all,huile de nigelle bienfait,2.9,5,62,final
2026-08-18,pranarom,all,huile de nigelle bienfait,2.7,2,53,final
2026-08-19,pranarom,all,huile de nigelle bienfait,2.7,3,88,final
2026-08-20,pranarom,all,huile de nigelle bienfait,2.7,2,89,final
2026-08-21,pranarom,all,huile de nigelle bienfait,2.8,5,66,final
2026-08-22,pranarom,all,huile de nigelle bienfait,2.7,2,49,final
2026-08-23,pranarom,all,huile de nigelle bienfait,2.7,7,74,final
2026-08-24,pranarom,all,huile de nigelle bienfait,2.8,3,57,final
2026-08-25,pranarom,all,huile de nigelle bienfait,2.7,6,65,final
2026-08-26,pranarom,all,huile de nigelle bienfait,2.7,6,84,final
2026-08-27,pranarom,all,huile de nigelle bienfait,5.8,5,68,final
2026-08-28,pranarom,all,huile de nigelle bienfait,2.8,6,73,final
2026-08-29,pranarom,all,huile de nigelle bienfait,2.8,2,78,final
2026-08-30,pranarom,all,huile de nigelle bienfait,2.8,1,79,final
2026-08-31,pranarom,all,huile de nigelle bienfait,3,3,63,final
2026-09-01,pranarom,all,huile de nigelle bienfait,2.8,3,65,final
2026-09-02,pranarom,all,huile de nigelle bienfait,3.0,4,60,final
2026-09-03,pranarom,all,huile de nigelle bienfait,2.8,0,49,final
2026-09-04,pranarom,all,huile de nigelle bienfait,2.5,1,38,final
2026-09-05,pranarom,all,huile de nigelle bienfait,3,1,33,final
2026-09-06,pranarom,all,huile de nigelle bienfait,2.9,4,45,final
2026-09-07,pranarom,all,huile de nigelle bienfait,3.1,4,39,final
2026-09-08,pranarom,all,huile de nigelle bienfait,3.2,1,39,final
2026-09-09,pranarom,all,huile de nigelle bienfait,2.7,1,40,final
2026-09-10,pranarom,all,huile de nigelle bienfait,4.7,1,44,final
2026-09-11,pranarom,all,huile de nigelle bienfait,2.8,2,47,final
2026-09-12,pranarom,all,huile de nigelle bienfait,2.9,2,54,final
2026-09-13,pranarom,all,huile de nigelle bienfait,3,4,52,final
2026-09-14,pranarom,all,huile de nigelle bienfait,3.0,1,52,final
2026-09-15,pranarom,all,huile de nigelle bienfait,3.0,2,42,final
2026-09-16,pranarom,all,huile de nigelle bienfait,2.8,1,46,final
2026-09-17,pranarom,all,huile de nigelle bienfait,5.8,0,32,final
2026-09-18,pranarom,all,huile de nigelle bienfait,2.9,1,38,final
2026-09-19,pranarom,all,huile de nigelle bienfait,3.0,1,35,final
2026-09-20,pranarom,all,huile de nigelle bienfait,2.9,1,42,final
2026-09-21,pranarom,all,huile de nigelle bienfait,3.1,2,56,final
2026-09-22,pranarom,all,huile de nigelle bienfait,3.2,3,93,final
2026-09-23,pranarom,all,huile de nigelle bienfait,3.1,5,95,final
2026-09-24,pranarom,all,huile de nigelle bienfait,5.3,7,101,final
2026-09-25,pranarom,all,huile de nigelle bienfait,2.9,2,93,final
2026-09-26,pranarom,all,huile de nigelle bienfait,3.6,2,76,final
2026-09-27,pranarom,all,huile de nigelle bienfait,2.9,5,123,final
2026-09-28,pranarom,all,huile de nigelle bienfait,2.7,1,69,final
2026-09-29,pranarom,all,huile de nigelle bienfait,2.9,4,98,final
2026-09-30,pranarom,all,huile de nigelle bienfait,2.9,4,102,final
2026-10-01,pranarom,all,huile de nigelle bienfait,4.6,4,70,fresh
2026-10-02,pranarom,all,huile de nigelle bienfait,2.9,0,77,fresh
2025-06-10,pranarom,all,huile de nigelle bienfaits,4.5,10,274,final
2025-06-11,pranarom,all,huile de nigelle bienfaits,3.9,16,293,final
2025-06-12,pranarom,all,huile de nigelle bienfaits,4.6,5,289,final
2025-06-13,pranarom,all,huile de nigelle bienfaits,4.6,7,249,final
2025-06-14,pranarom,all,huile de nigelle bienfaits,4.6,10,274,final
2025-06-15,pranarom,all,huile de nigelle bienfaits,4.1,15,304,final
2025-06-16,pranarom,all,huile de nigelle bienfaits,4.4,6,242,final
2025-06-17,pranarom,all,huile de nigelle bienfaits,4.6,12,260,final
2025-06-18,pranarom,all,huile de nigelle bienfaits,3.8,12,232,final
2025-06-19,pranarom,all,huile de nigelle bienfaits,3.5,11,218,final
2025-06-20,pranarom,all,huile de nigelle bienfaits,3.8,12,212,final
2025-06-21,pranarom,all,huile de nigelle bienfaits,4.0,11,217,final
2025-06-22,pranarom,all,huile de nigelle bienfaits,3.4,10,236,final
2025-06-23,pranarom,all,huile de nigelle bienfaits,3.4,8,226,final
2025-06-24,pranarom,all,huile de nigelle bienfaits,3.6,11,205,final
2025-06-25,pranarom,all,huile de nigelle bienfaits,3.5,11,216,final
2025-06-26,pranarom,all,huile de nigelle bienfaits,3.2,18,275,final
2025-06-27,pranarom,all,huile de nigelle bienfaits,5.0,7,219,final
2025-06-28,pranarom,all,huile de nigelle bienfaits,4.9,10,230,final
2025-06-29,pranarom,all,huile de nigelle bienfaits,4.8,6,213,final
2025-06-30,pranarom,all,huile de nigelle bienfaits,5.3,5,197,final
2025-07-01,pranarom,all,huile de nigelle bienfaits,5.6,7,187,final
2025-07-02,pranarom,all,huile de nigelle bienfaits,5.5,4,208,final
2025-07-03,pranarom,all,huile de nigelle bienfaits,5.2,6,184,final
2025-07-04,pranarom,all,huile de nigelle bienfaits,4.7,3,217,final
2025-07-05,pranarom,all,huile de nigelle bienfaits,4.5,10,218,final
2025-07-06,pranarom,all,huile de nigelle bienfaits,4.3,6,226,final
2025-07-07,pranarom,all,huile de nigelle bienfaits,4.3,11,255,final
2025-07-08,pranarom,all,huile de nigelle bienfaits,4.1,6,214,final
2025-07-09,pranarom,all,huile de nigelle bienfaits,3.9,9,206,final
2025-07-10,pranarom,all,huile de nigelle bienfaits,4.3,5,199,final
2025-07-11,pranarom,all,huile de nigelle bienfaits,4.1,8,198,final
2025-07-12,pranarom,all,huile de nigelle bienfaits,4.9,4,200,final
2025-07-13,pranarom,all,huile de nigelle bienfaits,5.1,4,214,final
2025-07-14,pranarom,all,huile de nigelle bienfaits,4.6,4,240,final
2025-07-15,pranarom,all,huile de nigelle bienfaits,4.8,4,240,final
2025-07-16,pranarom,all,huile de nigelle bienfaits,4.9,9,241,final
2025-07-17,pranarom,all,huile de nigelle bienfaits,5.0,5,208,final
2025-07-18,pranarom,all,huile de nigelle bienfaits,4.6,6,232,final
2025-07-19,pranarom,all,huile de nigelle bienfaits,4.3,13,232,final
2025-07-20,pranarom,all,huile de nigelle bienfaits,4.5,6,255,final
2025-07-21,pranarom,all,huile de nigelle bienfaits,4.9,4,207,final
2025-07-22,pranarom,all,huile de nigelle bienfaits,4.3,6,227,final
2025-07-23,pranarom,all,huile de nigelle bienfaits,4.0,4,218,final
2025-07-24,pranarom,all,huile de nigelle bienfaits,4.3,5,209,final
2025-07-25,pranarom,all,huile de nigelle bienfaits,4.4,6,250,final
2025-07-26,pranarom,all,huile de nigelle bienfaits,4.3,6,257,final
2025-07-27,pranarom,all,huile de nigelle bienfaits,4.1,13,275,final
2025-07-28,pranarom,all,huile de nigelle bienfaits,4.3,8,286,final
2025-07-29,pranarom,all,huile de nigelle bienfaits,4.2,12,259,final
2025-07-30,pranarom,all,huile de nigelle bienfaits,3.5,10,272,final
2025-07-31,pranarom,all,huile de nigelle bienfaits,2.7,14,238,final
2025-08-01,pranarom,all,huile de nigelle bienfaits,4.9,7,249,final
2025-08-02,pranarom,all,huile de nigelle bienfaits,4.3,9,266,final
2025-08-03,pranarom,all,huile de nigelle bienfaits,4.3,9,243,final
2025-08-04,pranarom,all,huile de nigelle bienfaits,4.4,6,270,final
2025-08-05,pranarom,all,huile de nigelle bienfaits,4.2,8,242,final
2025-08-06,pranarom,all,huile de nigelle bienfaits,4.2,6,257,final
2025-08-07,pranarom,all,huile de nigelle bienfaits,3.7,12,242,final
2025-08-08,pranarom,all,huile de nigelle bienfaits,3.2,10,245,final
2025-08-09,pranarom,all,huile de nigelle bienfaits,3.3,10,254,final
2025-08-10,pranarom,all,huile de nigelle bienfaits,3.2,14,279,final
2025-08-11,pranarom,all,huile de nigelle bienfaits,3.2,19,282,final
2025-08-12,pranarom,all,huile de nigelle bienfaits,2.8,26,331,final
2025-08-13,pranarom,all,huile de nigelle bienfaits,3.1,13,339,final
2025-08-14,pranarom,all,huile de nigelle bienfaits,2.8,15,288,final
2025-08-15,pranarom,all,huile de nigelle bienfaits,2.9,20,499,final
2025-08-16,pranarom,all,huile de nigelle bienfaits,3.3,29,446,final
2025-08-17,pranarom,all,huile de nigelle bienfaits,3.5,17,392,final
2025-08-18,pranarom,all,huile de nigelle bienfaits,3.5,9,332,final
2025-08-19,pranarom,all,huile de nigelle bienfaits,3.0,43,597,final
2025-08-20,pranarom,all,huile de nigelle bienfaits,3.2,14,364,final
2025-08-21,pranarom,all,huile de nigelle bienfaits,3.7,13,288,final
2025-08-22,pranarom,all,huile de nigelle bienfaits,3.9,12,340,final
2025-08-23,pranarom,all,huile de nigelle bienfaits,4.4,7,513,final
2025-08-24,pranarom,all,huile de nigelle bienfaits,4.5,19,781,final
2025-08-25,pranarom,all,huile de nigelle bienfaits,4.5,24,636,final
2025-08-26,pranarom,all,huile de nigelle bienfaits,3.8,29,542,final
2025-08-27,pranarom,all,huile de nigelle bienfaits,3.5,22,542,final
2025-08-28,pranarom,all,huile de nigelle bienfaits,3.7,22,480,final
2025-08-29,pranarom,all,huile de nigelle bienfaits,3.4,25,474,final
2025-08-30,pranarom,all,huile de nigelle bienfaits,3.5,26,499,final
2025-08-31,pranarom,all,huile de nigelle bienfaits,3.4,22,446,final
2025-09-01,pranarom,all,huile de nigelle bienfaits,3.5,23,380,final
2025-09-02,pranarom,all,huile de nigelle bienfaits,3.5,26,348,final
2025-09-03,pranarom,all,huile de nigelle bienfaits,3.1,15,331,final
2025-09-04,pranarom,all,huile de nigelle bienfaits,2.9,17,284,final
2025-09-05,pranarom,all,huile de nigelle bienfaits,2.8,24,315,final
2025-09-06,pranarom,all,huile de nigelle bienfaits,2.7,29,330,final
2025-09-07,pranarom,all,huile de nigelle bienfaits,2.8,37,364,final
2025-09-08,pranarom,all,huile de nigelle bienfaits,2.8,31,391,final
2025-09-09,pranarom,all,huile de nigelle bienfaits,2.9,34,407,final
2025-09-10,pranarom,all,huile de nigelle bienfaits,3.1,23,419,final
2025-09-11,pranarom,all,huile de nigelle bienfaits,3.5,15,360,final
2025-09-12,pranarom,all,huile de nigelle bienfaits,3.7,10,323,final
2025-09-13,pranarom,all,huile de nigelle bienfaits,3.8,21,293,final
2025-09-14,pranarom,all,huile de nigelle bienfaits,3.9,12,385,final
2025-09-15,pranarom,all,huile de nigelle bienfaits,3.7,20,321,final
2025-09-16,pranarom,all,huile de nigelle bienfaits,3.2,14,277,final
2025-09-17,pranarom,all,huile de nigelle bienfaits,3.2,18,395,final
2025-09-18,pranarom,all,huile de nigelle bienfaits,3.0,18,342,final
2025-09-19,pranarom,all,huile de nigelle bienfaits,3.0,22,309,final
2025-09-20,pranarom,all,huile de nigelle bienfaits,3.7,19,354,final
2025-09-21,pranarom,all,huile de nigelle bienfaits,3.4,16,324,final
2025-09-22,pranarom,all,huile de nigelle bienfaits,3.6,16,342,final
2025-09-23,pranarom,all,huile de nigelle bienfaits,3.5,14,281,final
2025-09-24,pranarom,all,huile de nigelle bienfaits,3.5,10,343,final
2025-09-25,pranarom,all,huile de nigelle bienfaits,3.4,11,315,final
2025-09-26,pranarom,all,huile de nigelle bienfaits,3.3,13,340,final
2025-09-27,pranarom,all,huile de nigelle bienfaits,3.0,26,294,final
2025-09-28,pranarom,all,huile de nigelle bienfaits,3.2,19,253,final
2025-09-29,pranarom,all,huile de nigelle bienfaits,3.4,14,314,final
2025-09-30,pranarom,all,huile de nigelle bienfaits,3.5,12,380,final
2025-10-01,pranarom,all,huile de nigelle bienfaits,3.6,19,536,final
2025-10-02,pranarom,all,huile de nigelle bienfaits,3.4,17,530,final
2025-10-03,pranarom,all,huile de nigelle bienfaits,3.3,30,464,final
2025-10-04,pranarom,all,huile de nigelle bienfaits,3.9,16,422,final
2025-10-05,pranarom,all,huile de nigelle bienfaits,3.9,8,334,final
2025-10-06,pranarom,all,huile de nigelle bienfaits,4.1,13,360,final
2025-10-07,pranarom,all,huile de nigelle bienfaits,4.1,10,335,final
2025-10-08,pranarom,all,huile de nigelle bienfaits,4.2,14,349,final
2025-10-09,pranarom,all,huile de nigelle bienfaits,4.1,13,316,final
2025-10-10,pranarom,all,huile de nigelle bienfaits,4.1,9,343,final
2025-10-11,pranarom,all,huile de nigelle bienfaits,4.1,9,302,final
2025-10-12,pranarom,all,huile de nigelle bienfaits,4.4,11,327,final
2025-10-13,pranarom,all,huile de nigelle bienfaits,4.0,17,331,final
2025-10-14,pranarom,all,huile de nigelle bienfaits,4.1,8,287,final
2025-10-15,pranarom,all,huile de nigelle bienfaits,3.3,38,834,final
2025-10-16,pranarom,all,huile de nigelle bienfaits,3.6,24,677,final
2025-10-17,pranarom,all,huile de nigelle bienfaits,4.3,19,544,final
2025-10-18,pranarom,all,huile de nigelle bienfaits,4.4,17,481,final
2025-10-19,pranarom,all,huile de nigelle bienfaits,4.4,13,471,final
2025-10-20,pranarom,all,huile de nigelle bienfaits,4.3,18,454,final
2025-10-21,pranarom,all,huile de nigelle bienfaits,3.9,11,389,final
2025-10-22,pranarom,all,huile de nigelle bienfaits,3.1,30,362,final
2025-10-23,pranarom,all,huile de nigelle bienfaits,2.6,15,286,final
2025-10-24,pranarom,all,huile de nigelle bienfaits,2.4,18,319,final
2025-10-25,pranarom,all,huile de nigelle bienfaits,2.5,19,367,final
2025-10-26,pranarom,all,huile de nigelle bienfaits,2.7,35,425,final
2025-10-27,pranarom,all,huile de nigelle bienfaits,2.8,29,374,final
2025-10-28,pranarom,all,huile de nigelle bienfaits,3.0,23,393,final
2025-10-29,pranarom,all,huile de nigelle bienfaits,3.6,16,406,final
2025-10-30,pranarom,all,huile de nigelle bienfaits,3.7,14,356,final
2025-10-31,pranarom,all,huile de nigelle bienfaits,3.6,11,305,final
2025-11-01,pranarom,all,huile de nigelle bienfaits,3.6,14,331,final
2025-11-02,pranarom,all,huile de nigelle bienfaits,3.6,10,369,final
2025-11-03,pranarom,all,huile de nigelle bienfaits,3.6,9,357,final
2025-11-04,pranarom,all,huile de nigelle bienfaits,3.7,11,368,final
2025-11-05,pranarom,all,huile de nigelle bienfaits,3.4,16,483,final
2025-11-06,pranarom,all,huile de nigelle bienfaits,3.4,17,433,final
2025-11-07,pranarom,all,huile de nigelle bienfaits,3.1,12,359,final
2025-11-08,pranarom,all,huile de nigelle bienfaits,2.9,21,396,final
2025-11-09,pranarom,all,huile de nigelle bienfaits,3.5,18,403,final
2025-11-10,pranarom,all,huile de nigelle bienfaits,3.5,9,429,final
2025-11-11,pranarom,all,huile de nigelle bienfaits,3.3,16,362,final
2025-11-12,pranarom,all,huile de nigelle bienfaits,3.2,14,355,final
2025-11-13,pranarom,all,huile de nigelle bienfaits,2.9,13,304,final
2025-11-14,pranarom,all,huile de nigelle bienfaits,3.3,14,303,final
2025-11-15,pranarom,all,huile de nigelle bienfaits,3.5,14,361,final
2025-11-16,pranarom,all,huile de nigelle bienfaits,3.4,17,342,final
2025-11-17,pranarom,all,huile de nigelle bienfaits,3.1,13,338,final
2025-11-18,pranarom,all,huile de nigelle bienfaits,2.3,17,340,final
2025-11-19,pranarom,all,huile de nigelle bienfaits,2.4,12,316,final
2025-11-20,pranarom,all,huile de nigelle bienfaits,2.3,13,306,final
2025-11-21,pranarom,all,huile de nigelle bienfaits,1.9,15,280,final
2025-11-22,pranarom,all,huile de nigelle bienfaits,1.7,12,362,final
2025-11-23,pranarom,all,huile de nigelle bienfaits,2.4,18,357,final
2025-11-24,pranarom,all,huile de nigelle bienfaits,2.3,14,270,final
2025-11-25,pranarom,all,huile de nigelle bienfaits,2.3,23,266,final
2025-11-26,pranarom,all,huile de nigelle bienfaits,2.5,6,289,final
2025-11-27,pranarom,all,huile de nigelle bienfaits,1.6,18,262,final
2025-11-28,pranarom,all,huile de nigelle bienfaits,1.4,17,293,final
2025-11-29,pranarom,all,huile de nigelle bienfaits,1.7,17,248,final
2025-11-30,pranarom,all,huile de nigelle bienfaits,1.6,8,299,final
2025-12-01,pranarom,all,huile de nigelle bienfaits,1.5,14,324,final
2025-12-02,pranarom,all,huile de nigelle bienfaits,2.2,3,240,final
2025-12-03,pranarom,all,huile de nigelle bienfaits,2.6,11,240,final
2025-12-04,pranarom,all,huile de nigelle bienfaits,2.9,20,344,final
2025-12-05,pranarom,all,huile de nigelle bienfaits,3.4,13,287,final
2025-12-06,pranarom,all,huile de nigelle bienfaits,3.2,7,237,final
2025-12-07,pranarom,all,huile de nigelle bienfaits,3.7,16,319,final
2025-12-08,pranarom,all,huile de nigelle bienfaits,3.1,17,295,final
2025-12-09,pranarom,all,huile de nigelle bienfaits,3.4,10,266,final
2025-12-10,pranarom,all,huile de nigelle bienfaits,2.5,15,271,final
2025-12-11,pranarom,all,huile de nigelle bienfaits,1.4,11,252,final
2025-12-12,pranarom,all,huile de nigelle bienfaits,1.8,10,251,final
2025-12-13,pranarom,all,huile de nigelle bienfaits,1.6,16,279,final
2025-12-14,pranarom,all,huile de nigelle bienfaits,1.9,10,286,final
2025-12-15,pranarom,all,huile de nigelle bienfaits,2.1,17,293,final
2025-12-16,pranarom,all,huile de nigelle bienfaits,1.3,14,329,final
2025-12-17,pranarom,all,huile de nigelle bienfaits,1.4,14,327,final
2025-12-18,pranarom,all,huile de nigelle bienfaits,1.3,23,308,final
2025-12-19,pranarom,all,huile de nigelle bienfaits,1.4,8,239,final
2025-12-20,pranarom,all,huile de nigelle bienfaits,1.8,16,312,final
2025-12-21,pranarom,all,huile de nigelle bienfaits,1.6,14,263,final
2025-12-22,pranarom,all,huile de nigelle bienfaits,1.8,15,275,final
2025-12-23,pranarom,all,huile de nigelle bienfaits,3.1,20,258,final
2025-12-24,pranarom,all,huile de nigelle bienfaits,3.1,10,193,final
2025-12-25,pranarom,all,huile de nigelle bienfaits,2.9,11,205,final
2025-12-26,pranarom,all,huile de nigelle bienfaits,2.9,21,268,final
2025-12-27,pranarom,all,huile de nigelle bienfaits,2.9,21,294,final
2025-12-28,pranarom,all,huile de nigelle bienfaits,3.3,19,285,final
2025-12-29,pranarom,all,huile de nigelle bienfaits,3.0,8,275,final
2025-12-30,pranarom,all,huile de nigelle bienfaits,3.0,22,269,final
2025-12-31,pranarom,all,huile de nigelle bienfaits,2.8,14,259,final
2026-01-01,pranarom,all,huile de nigelle bienfaits,2.9,30,426,final
2026-01-02,pranarom,all,huile de nigelle bienfaits,2.8,35,450,final
2026-01-03,pranarom,all,huile de nigelle bienfaits,2.6,36,439,final
2026-01-04,pranarom,all,huile de nigelle bienfaits,3.3,34,353,final
2026-01-05,pranarom,all,huile de nigelle bienfaits,2.4,33,327,final
2026-01-06,pranarom,all,huile de nigelle bienfaits,1.5,27,213,final
2026-01-07,pranarom,all,huile de nigelle bienfaits,2.8,28,298,final
2026-01-08,pranarom,all,huile de nigelle bienfaits,3.7,29,287,final
2026-01-09,pranarom,all,huile de nigelle bienfaits,3.0,25,549,final
2026-01-10,pranarom,all,huile de nigelle bienfaits,2.2,10,249,final
2026-01-11,pranarom,all,huile de nigelle bienfaits,2.1,27,340,final
2026-01-12,pranarom,all,huile de nigelle bienfaits,1.7,22,299,final
2026-01-13,pranarom,all,huile de nigelle bienfaits,1.4,17,270,final
2026-01-14,pranarom,all,huile de nigelle bienfaits,1.6,15,260,final
2026-01-15,pranarom,all,huile de nigelle bienfaits,1.2,11,243,final
2026-01-16,pranarom,all,huile de nigelle bienfaits,1.7,12,219,final
2026-01-17,pranarom,all,huile de nigelle bienfaits,1.6,20,268,final
2026-01-18,pranarom,all,huile de nigelle bienfaits,3.0,22,313,final
2026-01-19,pranarom,all,huile de nigelle bienfaits,2.5,23,250,final
2026-01-20,pranarom,all,huile de nigelle bienfaits,2.5,23,245,final
2026-01-21,pranarom,all,huile de nigelle bienfaits,3.1,13,236,final
2026-01-22,pranarom,all,huile de nigelle bienfaits,3.7,8,255,final
2026-01-23,pranarom,all,huile de nigelle bienfaits,2.6,11,233,final
2026-01-24,pranarom,all,huile de nigelle bienfaits,2.8,30,347,final
2026-01-25,pranarom,all,huile de nigelle bienfaits,2.3,28,362,final
2026-01-26,pranarom,all,huile de nigelle bienfaits,2.6,21,292,final
2026-01-27,pranarom,all,huile de nigelle bienfaits,2.6,12,285,final
2026-01-28,pranarom,all,huile de nigelle bienfaits,3.4,17,300,final
2026-01-29,pranarom,all,huile de nigelle bienfaits,3.0,17,305,final
2026-01-30,pranarom,all,huile de nigelle bienfaits,3.4,17,289,final
2026-01-31,pranarom,all,huile de nigelle bienfaits,2.9,23,321,final
2026-02-01,pranarom,all,huile de nigelle bienfaits,3.0,21,357,final
2026-02-02,pranarom,all,huile de nigelle bienfaits,3.7,19,278,final
2026-02-03,pranarom,all,huile de nigelle bienfaits,2.7,16,258,final
2026-02-04,pranarom,all,huile de nigelle bienfaits,2.8,22,300,final
2026-02-05,pranarom,all,huile de nigelle bienfaits,2.7,21,340,final
2026-02-06,pranarom,all,huile de nigelle bienfaits,2.7,20,388,final
2026-02-07,pranarom,all,huile de nigelle bienfaits,2.8,17,364,final
2026-02-08,pranarom,all,huile de nigelle bienfaits,2.8,10,332,final
2026-02-09,pranarom,all,huile de nigelle bienfaits,3.1,13,310,final
2026-02-10,pranarom,all,huile de nigelle bienfaits,2.6,9,333,final
2026-02-11,pranarom,all,huile de nigelle bienfaits,3.0,22,357,final
2026-02-12,pranarom,all,huile de nigelle bienfaits,2.6,20,319,final
2026-02-13,pranarom,all,huile de nigelle bienfaits,3.2,19,265,final
2026-02-14,pranarom,all,huile de nigelle bienfaits,4.6,10,317,final
2026-02-15,pranarom,all,huile de nigelle bienfaits,3.2,19,296,final
2026-02-16,pranarom,all,huile de nigelle bienfaits,3.2,24,283,final
2026-02-17,pranarom,all,huile de nigelle bienfaits,2.7,27,293,final
2026-02-18,pranarom,all,huile de nigelle bienfaits,4.8,7,286,final
2026-02-19,pranarom,all,huile de nigelle bienfaits,3.3,10,262,final
2026-02-20,pranarom,all,huile de nigelle bienfaits,3.0,12,266,final
2026-02-21,pranarom,all,huile de nigelle bienfaits,3.3,15,289,final
2026-02-22,pranarom,all,huile de nigelle bienfaits,3.8,21,328,final
2026-02-23,pranarom,all,huile de nigelle bienfaits,4.9,19,313,final
2026-02-24,pranarom,all,huile de nigelle bienfaits,5.4,11,288,final
2026-02-25,pranarom,all,huile de nigelle bienfaits,3.7,19,321,final
2026-02-26,pranarom,all,huile de nigelle bienfaits,2.8,18,277,final
2026-02-27,pranarom,all,huile de nigelle bienfaits,3.6,17,244,final
2026-02-28,pranarom,all,huile de nigelle bienfaits,4.9,16,273,final
2026-03-01,pranarom,all,huile de nigelle bienfaits,6.4,2,248,final
2026-03-02,pranarom,all,huile de nigelle bienfaits,2.7,12,274,final
2026-03-03,pranarom,all,huile de nigelle bienfaits,5.1,12,288,final
2026-03-04,pranarom,all,huile de nigelle bienfaits,3.4,21,268,final
2026-03-05,pranarom,all,huile de nigelle bienfaits,4.2,20,244,final
2026-03-06,pranarom,all,huile de nigelle bienfaits,2.5,25,279,final
2026-03-07,pranarom,all,huile de nigelle bienfaits,3.7,18,283,final
2026-03-08,pranarom,all,huile de nigelle bienfaits,5.1,11,264,final
2026-03-09,pranarom,all,huile de nigelle bienfaits,5.6,8,255,final
2026-03-10,pranarom,all,huile de nigelle bienfaits,4.8,15,278,final
2026-03-11,pranarom,all,huile de nigelle bienfaits,6.3,7,231,final
2026-03-12,pranarom,all,huile de nigelle bienfaits,5.1,11,239,final
2026-03-13,pranarom,all,huile de nigelle bienfaits,7.1,4,241,final
2026-03-14,pranarom,all,huile de nigelle bienfaits,3.6,14,279,final
2026-03-15,pranarom,all,huile de nigelle bienfaits,4.8,8,225,final
2026-03-16,pranarom,all,huile de nigelle bienfaits,6.4,3,238,final
2026-03-17,pranarom,all,huile de nigelle bienfaits,3.4,8,252,final
2026-03-18,pranarom,all,huile de nigelle bienfaits,3.8,14,230,final
2026-03-19,pranarom,all,huile de nigelle bienfaits,3.3,9,236,final
2026-03-20,pranarom,all,huile de nigelle bienfaits,3.5,16,271,final
2026-03-21,pranarom,all,huile de nigelle bienfaits,3.7,12,293,final
2026-03-22,pranarom,all,huile de nigelle bienfaits,3.6,21,355,final
2026-03-23,pranarom,all,huile de nigelle bienfaits,3.7,12,329,final
2026-03-24,pranarom,all,huile de nigelle bienfaits,3.5,16,297,final
2026-03-25,pranarom,all,huile de nigelle bienfaits,3.3,24,280,final
2026-03-26,pranarom,all,huile de nigelle bienfaits,3.0,22,274,final
2026-03-27,pranarom,all,huile de nigelle bienfaits,3.3,15,247,final
2026-03-28,pranarom,all,huile de nigelle bienfaits,3.8,29,304,final
2026-03-29,pranarom,all,huile de nigelle bienfaits,3.4,22,258,final
2026-03-30,pranarom,all,huile de nigelle bienfaits,2.9,22,267,final
2026-03-31,pranarom,all,huile de nigelle bienfaits,3.7,20,300,final
2026-04-01,pranarom,all,huile de nigelle bienfaits,4.4,19,308,final
2026-04-02,pranarom,all,huile de nigelle bienfaits,3.1,21,244,final
2026-04-03,pranarom,all,huile de nigelle bienfaits,3.6,17,246,final
2026-04-04,pranarom,all,huile de nigelle bienfaits,3.3,21,263,final
2026-04-05,pranarom,all,huile de nigelle bienfaits,3.0,26,337,final
2026-04-06,pranarom,all,huile de nigelle bienfaits,2.9,27,278,final
2026-04-07,pranarom,all,huile de nigelle bienfaits,3.5,14,294,final
2026-04-08,pranarom,all,huile de nigelle bienfaits,3.8,22,300,final
2026-04-09,pranarom,all,huile de nigelle bienfaits,3.5,15,266,final
2026-04-10,pranarom,all,huile de nigelle bienfaits,3.2,13,252,final
2026-04-11,pranarom,all,huile de nigelle bienfaits,2.8,23,251,final
2026-04-12,pranarom,all,huile de nigelle bienfaits,3.0,14,301,final
2026-04-13,pranarom,all,huile de nigelle bienfaits,3.4,33,611,final
2026-04-14,pranarom,all,huile de nigelle bienfaits,3.3,21,667,final
2026-04-15,pranarom,all,huile de nigelle bienfaits,3.2,18,382,final
2026-04-16,pranarom,all,huile de nigelle bienfaits,3.2,16,300,final
2026-04-17,pranarom,all,huile de nigelle bienfaits,3.2,8,284,final
2026-04-18,pranarom,all,huile de nigelle bienfaits,3.4,12,360,final
2026-04-19,pranarom,all,huile de nigelle bienfaits,3.0,12,414,final
2026-04-20,pranarom,all,huile de nigelle bienfaits,3.4,12,319,final
2026-04-21,pranarom,all,huile de nigelle bienfaits,3.4,12,328,final
2026-04-22,pranarom,all,huile de nigelle bienfaits,3.7,15,327,final
2026-04-23,pranarom,all,huile de nigelle bienfaits,3.1,22,317,final
2026-04-24,pranarom,all,huile de nigelle bienfaits,3.2,14,311,final
2026-04-25,pranarom,all,huile de nigelle bienfaits,3.3,21,348,final
2026-04-26,pranarom,all,huile de nigelle bienfaits,3.1,26,329,final
2026-04-27,pranarom,all,huile de nigelle bienfaits,3.4,19,320,final
2026-04-28,pranarom,all,huile de nigelle bienfaits,4.0,23,305,final
2026-04-29,pranarom,all,huile de nigelle bienfaits,3.8,20,347,final
2026-04-30,pranarom,all,huile de nigelle bienfaits,3.9,24,313,final
2026-05-01,pranarom,all,huile de nigelle bienfaits,2.9,20,348,final
2026-05-02,pranarom,all,huile de nigelle bienfaits,3.1,10,356,final
2026-05-03,pranarom,all,huile de nigelle bienfaits,2.8,25,378,final
2026-05-04,pranarom,all,huile de nigelle bienfaits,3.2,23,320,final
2026-05-05,pranarom,all,huile de nigelle bienfaits,3.8,17,326,final
2026-05-06,pranarom,all,huile de nigelle bienfaits,3.4,15,366,final
2026-05-07,pranarom,all,huile de nigelle bienfaits,2.8,20,278,final
2026-05-08,pranarom,all,huile de nigelle bienfaits,2.9,15,284,final
2026-05-09,pranarom,all,huile de nigelle bienfaits,3.7,19,298,final
2026-05-10,pranarom,all,huile de nigelle bienfaits,3.1,24,320,final
2026-05-11,pranarom,all,huile de nigelle bienfaits,2.7,23,295,final
2026-05-12,pranarom,all,huile de nigelle bienfaits,3.4,33,369,final
2026-05-13,pranarom,all,huile de nigelle bienfaits,3.6,29,367,final
2026-05-14,pranarom,all,huile de nigelle bienfaits,3.0,26,332,final
2026-05-15,pranarom,all,huile de nigelle bienfaits,2.6,39,487,final
2026-05-16,pranarom,all,huile de nigelle bienfaits,2.9,47,543,final
2026-05-17,pranarom,all,huile de nigelle bienfaits,2.5,29,393,final
2026-05-18,pranarom,all,huile de nigelle bienfaits,2.9,26,345,final
2026-05-19,pranarom,all,huile de nigelle bienfaits,3.2,18,299,final
2026-05-20,pranarom,all,huile de nigelle bienfaits,3.1,19,257,final
2026-05-21,pranarom,all,huile de nigelle bienfaits,2.9,23,232,final
2026-05-22,pranarom,all,huile de nigelle bienfaits,2.7,17,264,final
2026-05-23,pranarom,all,huile de nigelle bienfaits,2.8,16,282,final
2026-05-24,pranarom,all,huile de nigelle bienfaits,3.0,18,273,final
2026-05-25,pranarom,all,huile de nigelle bienfaits,3.0,16,278,final
2026-05-26,pranarom,all,huile de nigelle bienfaits,2.8,15,262,final
2026-05-27,pranarom,all,huile de nigelle bienfaits,3.7,16,235,final
2026-05-28,pranarom,all,huile de nigelle bienfaits,3.3,12,254,final
2026-05-29,pranarom,all,huile de nigelle bienfaits,3.4,13,245,final
2026-05-30,pranarom,all,huile de nigelle bienfaits,4.1,14,240,final
2026-05-31,pranarom,all,huile de nigelle bienfaits,2.9,18,241,final
2026-06-01,pranarom,all,huile de nigelle bienfaits,3.3,26,353,final
2026-06-02,pranarom,all,huile de nigelle bienfaits,3.1,16,382,final
2026-06-03,pranarom,all,huile de nigelle bienfaits,4.1,22,406,final
2026-06-04,pranarom,all,huile de nigelle bienfaits,2.8,21,294,final
2026-06-05,pranarom,all,huile de nigelle bienfaits,2.8,21,342,final
2026-06-06,pranarom,all,huile de nigelle bienfaits,3.1,16,329,final
2026-06-07,pranarom,all,huile de nigelle bienfaits,3.1,27,326,final
2026-06-08,pranarom,all,huile de nigelle bienfaits,2.8,16,331,final
2026-06-09,pranarom,all,huile de nigelle bienfaits,3.1,15,292,final
2026-06-10,pranarom,all,huile de nigelle bienfaits,4.0,22,336,final
2026-06-11,pranarom,all,huile de nigelle bienfaits,3.1,22,295,final
2026-06-12,pranarom,all,huile de nigelle bienfaits,2.9,12,212,final
2026-06-13,pranarom,all,huile de nigelle bienfaits,3.0,18,278,final
2026-06-14,pranarom,all,huile de nigelle bienfaits,2.8,16,254,final
2026-06-15,pranarom,all,huile de nigelle bienfaits,2.9,16,255,final
2026-06-16,pranarom,all,huile de nigelle bienfaits,2.8,21,284,final
2026-06-17,pranarom,all,huile de nigelle bienfaits,4.2,13,231,final
2026-06-18,pranarom,all,huile de nigelle bienfaits,3.2,19,243,final
2026-06-19,pranarom,all,huile de nigelle bienfaits,2.8,6,211,final
2026-06-20,pranarom,all,huile de nigelle bienfaits,3.0,13,214,final
2026-06-21,pranarom,all,huile de nigelle bienfaits,3,7,200,final
2026-06-22,pranarom,all,huile de nigelle bienfaits,3.0,20,252,final
2026-06-23,pranarom,all,huile de nigelle bienfaits,3.1,18,244,final
2026-06-24,pranarom,all,huile de nigelle bienfaits,4.5,17,234,final
2026-06-25,pranarom,all,huile de nigelle bienfaits,3.1,11,187,final
2026-06-26,pranarom,all,huile de nigelle bienfaits,3.2,15,188,final
2026-06-27,pranarom,all,huile de nigelle bienfaits,3.3,17,204,final
2026-06-28,pranarom,all,huile de nigelle bienfaits,3.1,13,198,final
2026-06-29,pranarom,all,huile de nigelle bienfaits,3.1,11,248,final
2026-06-30,pranarom,all,huile de nigelle bienfaits,3.0,11,219,final
2026-07-01,pranarom,all,huile de nigelle bienfaits,4.7,13,220,final
2026-07-02,pranarom,all,huile de nigelle bienfaits,3.0,8,208,final
2026-07-03,pranarom,all,huile de nigelle bienfaits,3.0,10,207,final
2026-07-04,pranarom,all,huile de nigelle bienfaits,2.9,6,188,final
2026-07-05,pranarom,all,huile de nigelle bienfaits,3.0,8,202,final
2026-07-06,pranarom,all,huile de nigelle bienfaits,3.1,11,203,final
2026-07-07,pranarom,all,huile de nigelle bienfaits,3.3,6,229,final
2026-07-08,pranarom,all,huile de nigelle bienfaits,5.4,10,245,final
2026-07-09,pranarom,all,huile de nigelle bienfaits,3.6,11,219,final
2026-07-10,pranarom,all,huile de nigelle bienfaits,3.3,11,213,final
2026-07-11,pranarom,all,huile de nigelle bienfaits,3.6,12,215,final
2026-07-12,pranarom,all,huile de nigelle bienfaits,3.0,10,273,final
2026-07-13,pranarom,all,huile de nigelle bienfaits,3.2,8,204,final
2026-07-14,pranarom,all,huile de nigelle bienfaits,3.3,13,245,final
2026-07-15,pranarom,all,huile de nigelle bienfaits,3.5,11,218,final
2026-07-16,pranarom,all,huile de nigelle bienfaits,3.3,10,202,final
2026-07-17,pranarom,all,huile de nigelle bienfaits,3.5,9,207,final
2026-07-18,pranarom,all,huile de nigelle bienfaits,3.3,6,233,final
2026-07-19,pranarom,all,huile de nigelle bienfaits,3.8,12,229,final
2026-07-20,pranarom,all,huile de nigelle bienfaits,2.8,19,246,final
2026-07-21,pranarom,all,huile de nigelle bienfaits,2.8,8,219,final
2026-07-22,pranarom,all,huile de nigelle bienfaits,4.3,11,269,final
2026-07-23,pranarom,all,huile de nigelle bienfaits,2.9,11,244,final
2026-07-24,pranarom,all,huile de nigelle bienfaits,2.8,6,238,final
2026-07-25,pranarom,all,huile de nigelle bienfaits,3.7,9,260,final
2026-07-26,pranarom,all,huile de nigelle bienfaits,2.7,15,260,final
2026-07-27,pranarom,all,huile de nigelle bienfaits,3.2,7,204,final
2026-07-28,pranarom,all,huile de nigelle bienfaits,2.6,11,213,final
2026-07-29,pranarom,all,huile de nigelle bienfaits,3.2,9,219,final
2026-07-30,pranarom,all,huile de nigelle bienfaits,2.8,9,212,final
2026-07-31,pranarom,all,huile de nigelle bienfaits,3.1,10,205,final
2026-08-01,pranarom,all,huile de nigelle bienfaits,3.9,10,224,final
2026-08-02,pranarom,all,huile de nigelle bienfaits,2.8,8,228,final
2026-08-03,pranarom,all,huile de nigelle bienfaits,2.6,15,259,final
2026-08-04,pranarom,all,huile de nigelle bienfaits,4.1,11,236,final
2026-08-05,pranarom,all,huile de nigelle bienfaits,4.6,13,257,final
2026-08-06,pranarom,all,huile de nigelle bienfaits,2.7,15,343,final
2026-08-07,pranarom,all,huile de nigelle bienfaits,3.5,14,415,final
2026-08-08,pranarom,all,huile de nigelle bienfaits,3.0,12,310,final
2026-08-09,pranarom,all,huile de nigelle bienfaits,2.7,8,305,final
2026-08-10,pranarom,all,huile de nigelle bienfaits,2.7,15,292,final
2026-08-11,pranarom,all,huile de nigelle bienfaits,3.0,10,309,final
2026-08-12,pranarom,all,huile de nigelle bienfaits,3.3,15,315,final
2026-08-13,pranarom,all,huile de nigelle bienfaits,2.9,15,292,final
2026-08-14,pranarom,all,huile de nigelle bienfaits,2.7,13,266,final
2026-08-15,pranarom,all,huile de nigelle bienfaits,3.0,10,242,final
2026-08-16,pranarom,all,huile de nigelle bienfaits,3.0,17,337,final
2026-08-17,pranarom,all,huile de nigelle bienfaits,2.9,13,243,final
2026-08-18,pranarom,all,huile de nigelle bienfaits,3.1,11,330,final
2026-08-19,pranarom,all,huile de nigelle bienfaits,3.4,20,371,final
2026-08-20,pranarom,all,huile de nigelle bienfaits,2.8,27,397,final
2026-08-21,pranarom,all,huile de nigelle bienfaits,3.0,15,320,final
2026-08-22,pranarom,all,huile de nigelle bienfaits,2.9,13,318,final
2026-08-23,pranarom,all,huile de nigelle bienfaits,2.7,17,328,final
2026-08-24,pranarom,all,huile de nigelle bienfaits,2.7,13,319,final
2026-08-25,pranarom,all,huile de nigelle bienfaits,2.8,14,342,final
2026-08-26,pranarom,all,huile de nigelle bienfaits,3.2,14,320,final
2026-08-27,pranarom,all,huile de nigelle bienfaits,3.4,15,353,final
2026-08-28,pranarom,all,huile de nigelle bienfaits,2.9,7,319,final
2026-08-29,pranarom,all,huile de nigelle bienfaits,3.2,18,332,final
2026-08-30,pranarom,all,huile de nigelle bienfaits,2.8,24,347,final
2026-08-31,pranarom,all,huile de nigelle bienfaits,3.1,18,299,final
2026-09-01,pranarom,all,huile de nigelle bienfaits,2.8,16,291,final
2026-09-02,pranarom,all,huile de nigelle bienfaits,3.4,12,324,final
2026-09-03,pranarom,all,huile de nigelle bienfaits,3.1,10,292,final
2026-09-04,pranarom,all,huile de nigelle bienfaits,2.7,12,282,final
2026-09-05,pranarom,all,huile de nigelle bienfaits,2.9,16,328,final
2026-09-06,pranarom,all,huile de nigelle bienfaits,2.6,25,400,final
2026-09-07,pranarom,all,huile de nigelle bienfaits,1.5,48,335,final
2026-09-08,pranarom,all,huile de nigelle bienfaits,1.8,53,355,final
2026-09-09,pranarom,all,huile de nigelle bienfaits,1.5,39,370,final
2026-09-10,pranarom,all,huile de nigelle bienfaits,1.5,48,355,final
2026-09-11,pranarom,all,huile de nigelle bienfaits,1.4,47,329,final
2026-09-12,pranarom,all,huile de nigelle bienfaits,1.5,45,367,final
2026-09-13,pranarom,all,huile de nigelle bienfaits,1.4,62,452,final
2026-09-14,pranarom,all,huile de nigelle bienfaits,1.4,44,422,final
2026-09-15,pranarom,all,huile de nigelle bienfaits,1.8,42,376,final
2026-09-16,pranarom,all,huile de nigelle bienfaits,2.2,25,346,final
2026-09-17,pranarom,all,huile de nigelle bienfaits,1.3,37,343,final
2026-09-18,pranarom,all,huile de nigelle bienfaits,1.5,18,330,final
2026-09-19,pranarom,all,huile de nigelle bienfaits,1.8,43,379,final
2026-09-20,pranarom,all,huile de nigelle bienfaits,1.7,48,385,final
2026-09-21,pranarom,all,huile de nigelle bienfaits,1.8,35,343,final
2026-09-22,pranarom,all,huile de nigelle bienfaits,1.5,26,369,final
2026-09-23,pranarom,all,huile de nigelle bienfaits,2.3,24,332,final
2026-09-24,pranarom,all,huile de nigelle bienfaits,1.7,41,439,final
2026-09-25,pranarom,all,huile de nigelle bienfaits,1.7,51,432,final
2026-09-26,pranarom,all,huile de nigelle bienfaits,2.7,40,364,final
2026-09-27,pranarom,all,huile de nigelle bienfaits,2.1,61,474,final
2026-09-28,pranarom,all,huile de nigelle bienfaits,1.6,56,418,final
2026-09-29,pranarom,all,huile de nigelle bienfaits,1.5,57,347,final
2026-09-30,pranarom,all,huile de nigelle bienfaits,2.3,51,355,final
2026-10-01,pranarom,all,huile de nigelle bienfaits,1.5,36,324,fresh
2026-10-02,pranarom,all,huile de nigelle bienfaits,1.4,41,269,fresh
2025-06-10,pranarom,all,huile essentielle infection urinaire,2.0,10,34,final
2025-06-11,pranarom,all,huile essentielle infection urinaire,1.8,9,32,final
2025-06-12,pranarom,all,huile essentielle infection urinaire,1.7,7,28,final
2025-06-13,pranarom,all,huile essentielle infection urinaire,1.7,9,35,final
2025-06-14,pranarom,all,huile essentielle infection urinaire,1.5,15,38,final
2025-06-15,pranarom,all,huile essentielle infection urinaire,1.4,15,39,final
2025-06-16,pranarom,all,huile essentielle infection urinaire,1.4,13,41,final
2025-06-17,pranarom,all,huile essentielle infection urinaire,1.2,21,41,final
2025-06-18,pranarom,all,huile essentielle infection urinaire,1.5,10,33,final
2025-06-19,pranarom,all,huile essentielle infection urinaire,1.6,10,23,final
2025-06-20,pranarom,all,huile essentielle infection urinaire,1,11,30,final
2025-06-21,pranarom,all,huile essentielle infection urinaire,1.1,7,28,final
2025-06-22,pranarom,all,huile essentielle infection urinaire,1.2,17,39,final
2025-06-23,pranarom,all,huile essentielle infection urinaire,1,10,38,final
2025-06-24,pranarom,all,huile essentielle infection urinaire,1,20,48,final
2025-06-25,pranarom,all,huile essentielle infection urinaire,1.1,14,42,final
2025-06-26,pranarom,all,huile essentielle infection urinaire,1.5,3,22,final
2025-06-27,pranarom,all,huile essentielle infection urinaire,1.2,10,32,final
2025-06-28,pranarom,all,huile essentielle infection urinaire,1.4,11,25,final
2025-06-29,pranarom,all,huile essentielle infection urinaire,1.2,10,33,final
2025-06-30,pranarom,all,huile essentielle infection urinaire,1.1,12,41,final
2025-07-01,pranarom,all,huile essentielle infection urinaire,1.2,10,44,final
2025-07-02,pranarom,all,huile essentielle infection urinaire,1,9,36,final
2025-07-03,pranarom,all,huile essentielle infection urinaire,1.1,9,33,final
2025-07-04,pranarom,all,huile essentielle infection urinaire,1,11,31,final
2025-07-05,pranarom,all,huile essentielle infection urinaire,1,8,40,final
2025-07-06,pranarom,all,huile essentielle infection urinaire,1.3,8,30,final
2025-07-07,pranarom,all,huile essentielle infection urinaire,1.0,25,65,final
2025-07-08,pranarom,all,huile essentielle infection urinaire,1.4,12,49,final
2025-07-09,pranarom,all,huile essentielle infection urinaire,1.4,10,40,final
2025-07-10,pranarom,all,huile essentielle infection urinaire,1.2,14,37,final
2025-07-11,pranarom,all,huile essentielle infection urinaire,1.3,7,36,final
2025-07-12,pranarom,all,huile essentielle infection urinaire,1.1,11,29,final
2025-07-13,pranarom,all,huile essentielle infection urinaire,1.1,13,40,final
2025-07-14,pranarom,all,huile essentielle infection urinaire,1.1,15,41,final
2025-07-15,pranarom,all,huile essentielle infection urinaire,1.1,6,25,final
2025-07-16,pranarom,all,huile essentielle infection urinaire,1.1,13,34,final
2025-07-17,pranarom,all,huile essentielle infection urinaire,1.1,5,23,final
2025-07-18,pranarom,all,huile essentielle infection urinaire,1.1,16,34,final
2025-07-19,pranarom,all,huile essentielle infection urinaire,1.0,12,38,final
2025-07-20,pranarom,all,huile essentielle infection urinaire,1.0,13,42,final
2025-07-21,pranarom,all,huile essentielle infection urinaire,1.1,18,50,final
2025-07-22,pranarom,all,huile essentielle infection urinaire,1.8,15,43,final
2025-07-23,pranarom,all,huile essentielle infection urinaire,1.1,15,42,final
2025-07-24,pranarom,all,huile essentielle infection urinaire,1.1,15,32,final
2025-07-25,pranarom,all,huile essentielle infection urinaire,1.4,10,37,final
2025-07-26,pranarom,all,huile essentielle infection urinaire,2.1,13,48,final
2025-07-27,pranarom,all,huile essentielle infection urinaire,1.1,14,47,final
2025-07-28,pranarom,all,huile essentielle infection urinaire,2.1,13,44,final
2025-07-29,pranarom,all,huile essentielle infection urinaire,1.2,16,46,final
2025-07-30,pranarom,all,huile essentielle infection urinaire,1,12,41,final
2025-07-31,pranarom,all,huile essentielle infection urinaire,1.1,12,44,final
2025-08-01,pranarom,all,huile essentielle infection urinaire,1.0,10,36,final
2025-08-02,pranarom,all,huile essentielle infection urinaire,1.1,15,44,final
2025-08-03,pranarom,all,huile essentielle infection urinaire,1.2,12,42,final
2025-08-04,pranarom,all,huile essentielle infection urinaire,1.1,18,46,final
2025-08-05,pranarom,all,huile essentielle infection urinaire,1.1,12,44,final
2025-08-06,pranarom,all,huile essentielle infection urinaire,1.3,13,41,final
2025-08-07,pranarom,all,huile essentielle infection urinaire,1.4,11,37,final
2025-08-08,pranarom,all,huile essentielle infection urinaire,1.1,14,37,final
2025-08-09,pranarom,all,huile essentielle infection urinaire,1.1,12,38,final
2025-08-10,pranarom,all,huile essentielle infection urinaire,1.2,20,41,final
2025-08-11,pranarom,all,huile essentielle infection urinaire,1,11,45,final
2025-08-12,pranarom,all,huile essentielle infection urinaire,1.1,11,28,final
2025-08-13,pranarom,all,huile essentielle infection urinaire,1.1,13,33,final
2025-08-14,pranarom,all,huile essentielle infection urinaire,1.1,10,41,final
2025-08-15,pranarom,all,huile essentielle infection urinaire,1.1,15,41,final
2025-08-16,pranarom,all,huile essentielle infection urinaire,1.0,11,30,final
2025-08-17,pranarom,all,huile essentielle infection urinaire,1.1,10,32,final
2025-08-18,pranarom,all,huile essentielle infection urinaire,1.1,17,42,final
2025-08-19,pranarom,all,huile essentielle infection urinaire,1.1,12,33,final
2025-08-20,pranarom,all,huile essentielle infection urinaire,1.1,14,37,final
2025-08-21,pranarom,all,huile essentielle infection urinaire,1.1,12,40,final
2025-08-22,pranarom,all,huile essentielle infection urinaire,1.0,8,35,final
2025-08-23,pranarom,all,huile essentielle infection urinaire,1.1,9,31,final
2025-08-24,pranarom,all,huile essentielle infection urinaire,1.1,9,29,final
2025-08-25,pranarom,all,huile essentielle infection urinaire,1.1,8,29,final
2025-08-26,pranarom,all,huile essentielle infection urinaire,1,8,31,final
2025-08-27,pranarom,all,huile essentielle infection urinaire,1.1,8,43,final
2025-08-28,pranarom,all,huile essentielle infection urinaire,1.1,17,45,final
2025-08-29,pranarom,all,huile essentielle infection urinaire,1.2,12,39,final
2025-08-30,pranarom,all,huile essentielle infection urinaire,1.1,15,40,final
2025-08-31,pranarom,all,huile essentielle infection urinaire,1,18,48,final
2025-09-01,pranarom,all,huile essentielle infection urinaire,1.7,13,44,final
2025-09-02,pranarom,all,huile essentielle infection urinaire,2.3,14,31,final
2025-09-03,pranarom,all,huile essentielle infection urinaire,2.7,8,24,final
2025-09-04,pranarom,all,huile essentielle infection urinaire,2,10,30,final
2025-09-05,pranarom,all,huile essentielle infection urinaire,1.0,15,42,final
2025-09-06,pranarom,all,huile essentielle infection urinaire,1.1,8,26,final
2025-09-07,pranarom,all,huile essentielle infection urinaire,1.0,18,43,final
2025-09-08,pranarom,all,huile essentielle infection urinaire,1.1,10,37,final
2025-09-09,pranarom,all,huile essentielle infection urinaire,1.1,13,52,final
2025-09-10,pranarom,all,huile essentielle infection urinaire,1,12,40,final
2025-09-11,pranarom,all,huile essentielle infection urinaire,1.1,11,37,final
2025-09-12,pranarom,all,huile essentielle infection urinaire,1,13,35,final
2025-09-13,pranarom,all,huile essentielle infection urinaire,1,12,33,final
2025-09-14,pranarom,all,huile essentielle infection urinaire,1,11,26,final
2025-09-15,pranarom,all,huile essentielle infection urinaire,1,14,45,final
2025-09-16,pranarom,all,huile essentielle infection urinaire,1.1,12,39,final
2025-09-17,pranarom,all,huile essentielle infection urinaire,1.0,6,31,final
2025-09-18,pranarom,all,huile essentielle infection urinaire,2.1,9,31,final
2025-09-19,pranarom,all,huile essentielle infection urinaire,1,11,40,final
2025-09-20,pranarom,all,huile essentielle infection urinaire,1.1,10,31,final
2025-09-21,pranarom,all,huile essentielle infection urinaire,1,13,33,final
2025-09-22,pranarom,all,huile essentielle infection urinaire,1,16,39,final
2025-09-23,pranarom,all,huile essentielle infection urinaire,3.6,12,39,final
2025-09-24,pranarom,all,huile essentielle infection urinaire,1.1,12,27,final
2025-09-25,pranarom,all,huile essentielle infection urinaire,1,8,20,final
2025-09-26,pranarom,all,huile essentielle infection urinaire,1,8,24,final
2025-09-27,pranarom,all,huile essentielle infection urinaire,6.5,11,32,final
2025-09-28,pranarom,all,huile essentielle infection urinaire,1.1,13,37,final
2025-09-29,pranarom,all,huile essentielle infection urinaire,1.0,13,38,final
2025-09-30,pranarom,all,huile essentielle infection urinaire,1,11,38,final
2025-10-01,pranarom,all,huile essentielle infection urinaire,2.2,16,38,final
2025-10-02,pranarom,all,huile essentielle infection urinaire,1,14,25,final
2025-10-03,pranarom,all,huile essentielle infection urinaire,1.5,15,43,final
2025-10-04,pranarom,all,huile essentielle infection urinaire,1.0,8,31,final
2025-10-05,pranarom,all,huile essentielle infection urinaire,1,11,31,final
2025-10-06,pranarom,all,huile essentielle infection urinaire,1.8,11,45,final
2025-10-07,pranarom,all,huile essentielle infection urinaire,1.7,8,39,final
2025-10-08,pranarom,all,huile essentielle infection urinaire,1.3,12,24,final
2025-10-09,pranarom,all,huile essentielle infection urinaire,1.1,9,38,final
2025-10-10,pranarom,all,huile essentielle infection urinaire,1,18,34,final
2025-10-11,pranarom,all,huile essentielle infection urinaire,1.1,8,32,final
2025-10-12,pranarom,all,huile essentielle infection urinaire,1,10,36,final
2025-10-13,pranarom,all,huile essentielle infection urinaire,1.0,6,30,final
2025-10-14,pranarom,all,huile essentielle infection urinaire,1.1,9,36,final
2025-10-15,pranarom,all,huile essentielle infection urinaire,1.2,12,37,final
2025-10-16,pranarom,all,huile essentielle infection urinaire,1.0,8,25,final
2025-10-17,pranarom,all,huile essentielle infection urinaire,1.0,10,29,final
2025-10-18,pranarom,all,huile essentielle infection urinaire,1.0,14,41,final
2025-10-19,pranarom,all,huile essentielle infection urinaire,1.1,10,37,final
2025-10-20,pranarom,all,huile essentielle infection urinaire,1.1,13,41,final
2025-10-21,pranarom,all,huile essentielle infection urinaire,2.1,14,35,final
2025-10-22,pranarom,all,huile essentielle infection urinaire,1,10,40,final
2025-10-23,pranarom,all,huile essentielle infection urinaire,1.7,8,27,final
2025-10-24,pranarom,all,huile essentielle infection urinaire,1.9,11,42,final
2025-10-25,pranarom,all,huile essentielle infection urinaire,1.5,15,35,final
2025-10-26,pranarom,all,huile essentielle infection urinaire,2.1,12,36,final
2025-10-27,pranarom,all,huile essentielle infection urinaire,2.3,20,48,final
2025-10-28,pranarom,all,huile essentielle infection urinaire,1.7,13,27,final
2025-10-29,pranarom,all,huile essentielle infection urinaire,2,16,39,final
2025-10-30,pranarom,all,huile essentielle infection urinaire,2.4,9,28,final
2025-10-31,pranarom,all,huile essentielle infection urinaire,4.1,4,35,final
2025-11-01,pranarom,all,huile essentielle infection urinaire,2.5,11,34,final
2025-11-02,pranarom,all,huile essentielle infection urinaire,1.7,14,39,final
2025-11-03,pranarom,all,huile essentielle infection urinaire,2.4,7,33,final
2025-11-04,pranarom,all,huile essentielle infection urinaire,2.5,9,32,final
2025-11-05,pranarom,all,huile essentielle infection urinaire,2.2,6,25,final
2025-11-06,pranarom,all,huile essentielle infection urinaire,1.7,15,41,final
2025-11-07,pranarom,all,huile essentielle infection urinaire,1.7,11,39,final
2025-11-08,pranarom,all,huile essentielle infection urinaire,1.7,6,42,final
2025-11-09,pranarom,all,huile essentielle infection urinaire,2.4,8,24,final
2025-11-10,pranarom,all,huile essentielle infection urinaire,2.0,11,33,final
2025-11-11,pranarom,all,huile essentielle infection urinaire,1.7,12,36,final
2025-11-12,pranarom,all,huile essentielle infection urinaire,1.7,8,36,final
2025-11-13,pranarom,all,huile essentielle infection urinaire,2.5,11,50,final
2025-11-14,pranarom,all,huile essentielle infection urinaire,2.6,6,32,final
2025-11-15,pranarom,all,huile essentielle infection urinaire,1.9,9,28,final
2025-11-16,pranarom,all,huile essentielle infection urinaire,3.2,10,34,final
2025-11-17,pranarom,all,huile essentielle infection urinaire,1.6,9,45,final
2025-11-18,pranarom,all,huile essentielle infection urinaire,1.6,8,38,final
2025-11-19,pranarom,all,huile essentielle infection urinaire,2.7,9,30,final
2025-11-20,pranarom,all,huile essentielle infection urinaire,1.8,10,31,final
2025-11-21,pranarom,all,huile essentielle infection urinaire,2.9,11,41,final
2025-11-22,pranarom,all,huile essentielle infection urinaire,7.4,4,36,final
2025-11-23,pranarom,all,huile essentielle infection urinaire,1.9,6,34,final
2025-11-24,pranarom,all,huile essentielle infection urinaire,1.1,3,28,final
2025-11-25,pranarom,all,huile essentielle infection urinaire,1.7,13,39,final
2025-11-26,pranarom,all,huile essentielle infection urinaire,2.1,8,29,final
2025-11-27,pranarom,all,huile essentielle infection urinaire,1.8,8,35,final
2025-11-28,pranarom,all,huile essentielle infection urinaire,5.9,7,29,final
2025-11-29,pranarom,all,huile essentielle infection urinaire,1.8,11,34,final
2025-11-30,pranarom,all,huile essentielle infection urinaire,1.7,13,40,final
2025-12-01,pranarom,all,huile essentielle infection urinaire,3.7,8,31,final
2025-12-02,pranarom,all,huile essentielle infection urinaire,2.1,9,32,final
2025-12-03,pranarom,all,huile essentielle infection urinaire,1.7,14,39,final
2025-12-04,pranarom,all,huile essentielle infection urinaire,1.7,9,41,final
2025-12-05,pranarom,all,huile essentielle infection urinaire,2.2,8,25,final
2025-12-06,pranarom,all,huile essentielle infection urinaire,2.4,8,37,final
2025-12-07,pranarom,all,huile essentielle infection urinaire,2.6,8,28,final
2025-12-08,pranarom,all,huile essentielle infection urinaire,2.3,10,34,final
2025-12-09,pranarom,all,huile essentielle infection urinaire,1.9,10,35,final
2025-12-10,pranarom,all,huile essentielle infection urinaire,1.8,7,32,final
2025-12-11,pranarom,all,huile essentielle infection urinaire,3.1,6,33,final
2025-12-12,pranarom,all,huile essentielle infection urinaire,2.2,8,30,final
2025-12-13,pranarom,all,huile essentielle infection urinaire,3.8,9,28,final
2025-12-14,pranarom,all,huile essentielle infection urinaire,2.5,8,33,final
2025-12-15,pranarom,all,huile essentielle infection urinaire,2.8,10,28,final
2025-12-16,pranarom,all,huile essentielle infection urinaire,2.6,9,28,final
2025-12-17,pranarom,all,huile essentielle infection urinaire,2.0,12,45,final
2025-12-18,pranarom,all,huile essentielle infection urinaire,7.3,12,36,final
2025-12-19,pranarom,all,huile essentielle infection urinaire,2.9,7,25,final
2025-12-20,pranarom,all,huile essentielle infection urinaire,2.4,7,35,final
2025-12-21,pranarom,all,huile essentielle infection urinaire,3.4,12,31,final
2025-12-22,pranarom,all,huile essentielle infection urinaire,2.8,11,41,final
2025-12-23,pranarom,all,huile essentielle infection urinaire,3.3,11,35,final
2025-12-24,pranarom,all,huile essentielle infection urinaire,4.8,10,40,final
2025-12-25,pranarom,all,huile essentielle infection urinaire,3.1,12,38,final
2025-12-26,pranarom,all,huile essentielle infection urinaire,3.6,11,38,final
2025-12-27,pranarom,all,huile essentielle infection urinaire,3.7,4,24,final
2025-12-28,pranarom,all,huile essentielle infection urinaire,2.0,10,45,final
2025-12-29,pranarom,all,huile essentielle infection urinaire,3.3,11,55,final
2025-12-30,pranarom,all,huile essentielle infection urinaire,2.3,11,49,final
2025-12-31,pranarom,all,huile essentielle infection urinaire,2.5,8,31,final
2026-01-01,pranarom,all,huile essentielle infection urinaire,3.2,9,35,final
2026-01-02,pranarom,all,huile essentielle infection urinaire,3.1,5,35,final
2026-01-03,pranarom,all,huile essentielle infection urinaire,1.8,9,43,final
2026-01-04,pranarom,all,huile essentielle infection urinaire,3.6,13,39,final
2026-01-05,pranarom,all,huile essentielle infection urinaire,1.7,12,41,final
2026-01-06,pranarom,all,huile essentielle infection urinaire,1.1,7,18,final
2026-01-07,pranarom,all,huile essentielle infection urinaire,4.5,8,35,final
2026-01-08,pranarom,all,huile essentielle infection urinaire,3.5,10,36,final
2026-01-09,pranarom,all,huile essentielle infection urinaire,3.2,3,21,final
2026-01-10,pranarom,all,huile essentielle infection urinaire,5.1,10,31,final
2026-01-11,pranarom,all,huile essentielle infection urinaire,11.4,9,44,final
2026-01-12,pranarom,all,huile essentielle infection urinaire,2.7,12,40,final
2026-01-13,pranarom,all,huile essentielle infection urinaire,3.7,10,52,final
2026-01-14,pranarom,all,huile essentielle infection urinaire,6.7,6,35,final
2026-01-15,pranarom,all,huile essentielle infection urinaire,5.7,4,28,final
2026-01-16,pranarom,all,huile essentielle infection urinaire,5.8,5,27,final
2026-01-17,pranarom,all,huile essentielle infection urinaire,4.9,6,38,final
2026-01-18,pranarom,all,huile essentielle infection urinaire,4.8,13,39,final
2026-01-19,pranarom,all,huile essentielle infection urinaire,4.4,18,60,final
2026-01-20,pranarom,all,huile essentielle infection urinaire,4.2,11,39,final
2026-01-21,pranarom,all,huile essentielle infection urinaire,5,7,29,final
2026-01-22,pranarom,all,huile essentielle infection urinaire,5.2,9,37,final
2026-01-23,pranarom,all,huile essentielle infection urinaire,3.8,5,35,final
2026-01-24,pranarom,all,huile essentielle infection urinaire,7.6,3,36,final
2026-01-25,pranarom,all,huile essentielle infection urinaire,9.8,5,38,final
2026-01-26,pranarom,all,huile essentielle infection urinaire,3.7,10,35,final
2026-01-27,pranarom,all,huile essentielle infection urinaire,3.4,7,25,final
2026-01-28,pranarom,all,huile essentielle infection urinaire,10.5,1,21,final
2026-01-29,pranarom,all,huile essentielle infection urinaire,2.8,5,27,final
2026-01-30,pranarom,all,huile essentielle infection urinaire,4.3,12,48,final
2026-01-31,pranarom,all,huile essentielle infection urinaire,7.6,7,33,final
2026-02-01,pranarom,all,huile essentielle infection urinaire,2.5,11,32,final
2026-02-02,pranarom,all,huile essentielle infection urinaire,2.0,11,34,final
2026-02-03,pranarom,all,huile essentielle infection urinaire,3.0,7,33,final
2026-02-04,pranarom,all,huile essentielle infection urinaire,2.8,6,26,final
2026-02-05,pranarom,all,huile essentielle infection urinaire,8.1,10,44,final
2026-02-06,pranarom,all,huile essentielle infection urinaire,1.0,7,23,final
2026-02-07,pranarom,all,huile essentielle infection urinaire,8.5,12,42,final
2026-02-08,pranarom,all,huile essentielle infection urinaire,2.7,8,35,final
2026-02-09,pranarom,all,huile essentielle infection urinaire,2.7,4,34,final
2026-02-10,pranarom,all,huile essentielle infection urinaire,2.7,5,37,final
2026-02-11,pranarom,all,huile essentielle infection urinaire,2.2,10,41,final
2026-02-12,pranarom,all,huile essentielle infection urinaire,2.4,6,36,final
2026-02-13,pranarom,all,huile essentielle infection urinaire,10.2,8,43,final
2026-02-14,pranarom,all,huile essentielle infection urinaire,5.6,7,22,final
2026-02-15,pranarom,all,huile essentielle infection urinaire,5.4,6,40,final
2026-02-16,pranarom,all,huile essentielle infection urinaire,3.5,6,45,final
2026-02-17,pranarom,all,huile essentielle infection urinaire,4,5,37,final
2026-02-18,pranarom,all,huile essentielle infection urinaire,4.5,6,48,final
2026-02-19,pranarom,all,huile essentielle infection urinaire,4.4,16,45,final
2026-02-20,pranarom,all,huile essentielle infection urinaire,6.1,15,35,final
2026-02-21,pranarom,all,huile essentielle infection urinaire,2.6,14,35,final
2026-02-22,pranarom,all,huile essentielle infection urinaire,5.2,8,37,final
2026-02-23,pranarom,all,huile essentielle infection urinaire,3.1,3,25,final
2026-02-24,pranarom,all,huile essentielle infection urinaire,3.7,8,33,final
2026-02-25,pranarom,all,huile essentielle infection urinaire,5.3,8,26,final
2026-02-26,pranarom,all,huile essentielle infection urinaire,4.2,5,32,final
2026-02-27,pranarom,all,huile essentielle infection urinaire,7.8,9,39,final
2026-02-28,pranarom,all,huile essentielle infection urinaire,10.3,2,39,final
2026-03-01,pranarom,all,huile essentielle infection urinaire,3,6,35,final
2026-03-02,pranarom,all,huile essentielle infection urinaire,7.8,0,32,final
2026-03-03,pranarom,all,huile essentielle infection urinaire,6.4,0,23,final
2026-03-04,pranarom,all,huile essentielle infection urinaire,6.2,2,30,final
2026-03-05,pranarom,all,huile essentielle infection urinaire,5.1,7,47,final
2026-03-06,pranarom,all,huile essentielle infection urinaire,5.1,0,31,final
2026-03-07,pranarom,all,huile essentielle infection urinaire,5.5,2,32,final
2026-03-08,pranarom,all,huile essentielle infection urinaire,3.1,5,33,final
2026-03-09,pranarom,all,huile essentielle infection urinaire,3.7,3,28,final
2026-03-10,pranarom,all,huile essentielle infection urinaire,4.7,0,35,final
2026-03-11,pranarom,all,huile essentielle infection urinaire,3.3,3,39,final
2026-03-12,pranarom,all,huile essentielle infection urinaire,1.8,5,26,final
2026-03-13,pranarom,all,huile essentielle infection urinaire,3.2,2,25,final
2026-03-14,pranarom,all,huile essentielle infection urinaire,1.2,8,26,final
2026-03-15,pranarom,all,huile essentielle infection urinaire,2.7,5,31,final
2026-03-16,pranarom,all,huile essentielle infection urinaire,3.2,4,27,final
2026-03-17,pranarom,all,huile essentielle infection urinaire,4.5,9,29,final
2026-03-18,pranarom,all,huile essentielle infection urinaire,5.2,10,39,final
2026-03-19,pranarom,all,huile essentielle infection urinaire,7.8,4,34,final
2026-03-20,pranarom,all,huile essentielle infection urinaire,7.4,4,30,final
2026-03-21,pranarom,all,huile essentielle infection urinaire,7.0,8,26,final
2026-03-22,pranarom,all,huile essentielle infection urinaire,3.8,12,41,final
2026-03-23,pranarom,all,huile essentielle infection urinaire,5.9,5,23,final
2026-03-24,pranarom,all,huile essentielle infection urinaire,4.3,8,33,final
2026-03-25,pranarom,all,huile essentielle infection urinaire,6.2,5,33,final
2026-03-26,pranarom,all,huile essentielle infection urinaire,4.9,8,30,final
2026-03-27,pranarom,all,huile essentielle infection urinaire,4.2,13,45,final
2026-03-28,pranarom,all,huile essentielle infection urinaire,7.0,8,37,final
2026-03-29,pranarom,all,huile essentielle infection urinaire,8.9,8,39,final
2026-03-30,pranarom,all,huile essentielle infection urinaire,4.3,11,35,final
2026-03-31,pranarom,all,huile essentielle infection urinaire,10,8,31,final
2026-04-01,pranarom,all,huile essentielle infection urinaire,13.8,7,65,final
2026-04-02,pranarom,all,huile essentielle infection urinaire,5.1,8,24,final
2026-04-03,pranarom,all,huile essentielle infection urinaire,4.7,4,27,final
2026-04-04,pranarom,all,huile essentielle infection urinaire,7.2,8,28,final
2026-04-05,pranarom,all,huile essentielle infection urinaire,4.0,11,34,final
2026-04-06,pranarom,all,huile essentielle infection urinaire,4.5,4,21,final
2026-04-07,pranarom,all,huile essentielle infection urinaire,2.3,3,18,final
2026-04-08,pranarom,all,huile essentielle infection urinaire,5.3,13,45,final
2026-04-09,pranarom,all,huile essentielle infection urinaire,4.6,5,25,final
2026-04-10,pranarom,all,huile essentielle infection urinaire,4.1,8,35,final
2026-04-11,pranarom,all,huile essentielle infection urinaire,4.6,6,27,final
2026-04-12,pranarom,all,huile essentielle infection urinaire,3.4,6,28,final
2026-04-13,pranarom,all,huile essentielle infection urinaire,3.4,9,31,final
2026-04-14,pranarom,all,huile essentielle infection urinaire,5.2,7,26,final
2026-04-15,pranarom,all,huile essentielle infection urinaire,3.6,5,35,final
2026-04-16,pranarom,all,huile essentielle infection urinaire,5.2,6,20,final
2026-04-17,pranarom,all,huile essentielle infection urinaire,9.5,6,33,final
2026-04-18,pranarom,all,huile essentielle infection urinaire,4.3,4,24,final
2026-04-19,pranarom,all,huile essentielle infection urinaire,4.4,8,30,final
2026-04-20,pranarom,all,huile essentielle infection urinaire,4.9,9,31,final
2026-04-21,pranarom,all,huile essentielle infection urinaire,3.8,7,29,final
2026-04-22,pranarom,all,huile essentielle infection urinaire,4.7,7,27,final
2026-04-23,pranarom,all,huile essentielle infection urinaire,5.7,4,24,final
2026-04-24,pranarom,all,huile essentielle infection urinaire,5.3,4,19,final
2026-04-25,pranarom,all,huile essentielle infection urinaire,7.1,9,39,final
2026-04-26,pranarom,all,huile essentielle infection urinaire,3.9,8,26,final
2026-04-27,pranarom,all,huile essentielle infection urinaire,4.3,9,29,final
2026-04-28,pranarom,all,huile essentielle infection urinaire,6,11,40,final
2026-04-29,pranarom,all,huile essentielle infection urinaire,5.8,7,34,final
2026-04-30,pranarom,all,huile essentielle infection urinaire,9.5,5,32,final
2026-05-01,pranarom,all,huile essentielle infection urinaire,4.6,11,28,final
2026-05-02,pranarom,all,huile essentielle infection urinaire,3.7,6,32,final
2026-05-03,pranarom,all,huile essentielle infection urinaire,4.0,8,34,final
2026-05-04,pranarom,all,huile essentielle infection urinaire,3.9,2,30,final
2026-05-05,pranarom,all,huile essentielle infection urinaire,5.3,8,35,final
2026-05-06,pranarom,all,huile essentielle infection urinaire,3.9,8,30,final
2026-05-07,pranarom,all,huile essentielle infection urinaire,5.6,4,33,final
2026-05-08,pranarom,all,huile essentielle infection urinaire,11.8,7,26,final
2026-05-09,pranarom,all,huile essentielle infection urinaire,6.2,5,38,final
2026-05-10,pranarom,all,huile essentielle infection urinaire,3.8,10,30,final
2026-05-11,pranarom,all,huile essentielle infection urinaire,11.9,4,30,final
2026-05-12,pranarom,all,huile essentielle infection urinaire,11.5,7,36,final
2026-05-13,pranarom,all,huile essentielle infection urinaire,5.7,4,21,final
2026-05-14,pranarom,all,huile essentielle infection urinaire,3.2,6,33,final
2026-05-15,pranarom,all,huile essentielle infection urinaire,1.1,7,18,final
2026-05-16,pranarom,all,huile essentielle infection urinaire,1,11,28,final
2026-05-17,pranarom,all,huile essentielle infection urinaire,1.0,9,33,final
2026-05-18,pranarom,all,huile essentielle infection urinaire,3.6,6,32,final
2026-05-19,pranarom,all,huile essentielle infection urinaire,4.4,4,35,final
2026-05-20,pranarom,all,huile essentielle infection urinaire,4.4,6,33,final
2026-05-21,pranarom,all,huile essentielle infection urinaire,1,9,20,final
2026-05-22,pranarom,all,huile essentielle infection urinaire,1.0,5,31,final
2026-05-23,pranarom,all,huile essentielle infection urinaire,6,5,30,final
2026-05-24,pranarom,all,huile essentielle infection urinaire,3.9,9,27,final
2026-05-25,pranarom,all,huile essentielle infection urinaire,2.0,5,31,final
2026-05-26,pranarom,all,huile essentielle infection urinaire,3.4,7,25,final
2026-05-27,pranarom,all,huile essentielle infection urinaire,17.0,2,26,final
2026-05-28,pranarom,all,huile essentielle infection urinaire,7.8,6,42,final
2026-05-29,pranarom,all,huile essentielle infection urinaire,6.3,2,18,final
2026-05-30,pranarom,all,huile essentielle infection urinaire,5.5,7,20,final
2026-05-31,pranarom,all,huile essentielle infection urinaire,5.2,2,29,final
2026-06-01,pranarom,all,huile essentielle infection urinaire,16.3,3,27,final
2026-06-02,pranarom,all,huile essentielle infection urinaire,7.2,7,44,final
2026-06-03,pranarom,all,huile essentielle infection urinaire,9.7,6,34,final
2026-06-04,pranarom,all,huile essentielle infection urinaire,8.6,5,34,final
2026-06-05,pranarom,all,huile essentielle infection urinaire,11.1,5,37,final
2026-06-06,pranarom,all,huile essentielle infection urinaire,12.6,2,33,final
2026-06-07,pranarom,all,huile essentielle infection urinaire,12.3,7,33,final
2026-06-08,pranarom,all,huile essentielle infection urinaire,8.3,6,33,final
2026-06-09,pranarom,all,huile essentielle infection urinaire,9.9,4,33,final
2026-06-10,pranarom,all,huile essentielle infection urinaire,6.4,10,44,final
2026-06-11,pranarom,all,huile essentielle infection urinaire,6.0,14,39,final
2026-06-12,pranarom,all,huile essentielle infection urinaire,17.0,2,29,final
2026-06-13,pranarom,all,huile essentielle infection urinaire,12.4,4,24,final
2026-06-14,pranarom,all,huile essentielle infection urinaire,9.7,1,26,final
2026-06-15,pranarom,all,huile essentielle infection urinaire,9.6,3,18,final
2026-06-16,pranarom,all,huile essentielle infection urinaire,11,4,38,final
2026-06-17,pranarom,all,huile essentielle infection urinaire,10.4,3,29,final
2026-06-18,pranarom,all,huile essentielle infection urinaire,8.4,6,36,final
2026-06-19,pranarom,all,huile essentielle infection urinaire,5.3,4,26,final
2026-06-20,pranarom,all,huile essentielle infection urinaire,5.8,5,30,final
2026-06-21,pranarom,all,huile essentielle infection urinaire,7.8,6,31,final
2026-06-22,pranarom,all,huile essentielle infection urinaire,11.2,6,34,final
2026-06-23,pranarom,all,huile essentielle infection urinaire,9.5,3,37,final
2026-06-24,pranarom,all,huile essentielle infection urinaire,6.2,6,31,final
2026-06-25,pranarom,all,huile essentielle infection urinaire,10.5,3,25,final
2026-06-26,pranarom,all,huile essentielle infection urinaire,7.6,3,29,final
2026-06-27,pranarom,all,huile essentielle infection urinaire,10.2,8,46,final
2026-06-28,pranarom,all,huile essentielle infection urinaire,7.4,9,47,final
2026-06-29,pranarom,all,huile essentielle infection urinaire,5.8,9,28,final
2026-06-30,pranarom,all,huile essentielle infection urinaire,7.6,8,39,final
2026-07-01,pranarom,all,huile essentielle infection urinaire,5.3,10,33,final
2026-07-02,pranarom,all,huile essentielle infection urinaire,9.5,9,48,final
2026-07-03,pranarom,all,huile essentielle infection urinaire,8.0,4,33,final
2026-07-04,pranarom,all,huile essentielle infection urinaire,9.3,3,23,final
2026-07-05,pranarom,all,huile essentielle infection urinaire,7.0,10,37,final
2026-07-06,pranarom,all,huile essentielle infection urinaire,7.9,7,38,final
2026-07-07,pranarom,all,huile essentielle infection urinaire,5.5,11,45,final
2026-07-08,pranarom,all,huile essentielle infection urinaire,5.1,7,29,final
2026-07-09,pranarom,all,huile essentielle infection urinaire,8.6,7,36,final
2026-07-10,pranarom,all,huile essentielle infection urinaire,6.9,7,31,final
2026-07-11,pranarom,all,huile essentielle infection urinaire,5.9,6,26,final
2026-07-12,pranarom,all,huile essentielle infection urinaire,5.2,10,48,final
2026-07-13,pranarom,all,huile essentielle infection urinaire,5.9,3,28,final
2026-07-14,pranarom,all,huile essentielle infection urinaire,5.5,9,33,final
2026-07-15,pranarom,all,huile essentielle infection urinaire,10.4,5,25,final
2026-07-16,pranarom,all,huile essentielle infection urinaire,4.7,4,31,final
2026-07-17,pranarom,all,huile essentielle infection urinaire,5.4,10,42,final
2026-07-18,pranarom,all,huile essentielle infection urinaire,6.5,8,42,final
2026-07-19,pranarom,all,huile essentielle infection urinaire,6.8,11,42,final
2026-07-20,pranarom,all,huile essentielle infection urinaire,5.3,3,23,final
2026-07-21,pranarom,all,huile essentielle infection urinaire,6.3,5,43,final
2026-07-22,pranarom,all,huile essentielle infection urinaire,6.6,7,34,final
2026-07-23,pranarom,all,huile essentielle infection urinaire,6.0,2,42,final
2026-07-24,pranarom,all,huile essentielle infection urinaire,5.5,3,34,final
2026-07-25,pranarom,all,huile essentielle infection urinaire,6.0,4,29,final
2026-07-26,pranarom,all,huile essentielle infection urinaire,6.6,8,35,final
2026-07-27,pranarom,all,huile essentielle infection urinaire,13.3,6,43,final
2026-07-28,pranarom,all,huile essentielle infection urinaire,11.8,2,37,final
2026-07-29,pranarom,all,huile essentielle infection urinaire,9.9,2,33,final
2026-07-30,pranarom,all,huile essentielle infection urinaire,7.8,3,36,final
2026-07-31,pranarom,all,huile essentielle infection urinaire,9.1,3,47,final
2026-08-01,pranarom,all,huile essentielle infection urinaire,9.1,4,47,final
2026-08-02,pranarom,all,huile essentielle infection urinaire,10.0,5,33,final
2026-08-03,pranarom,all,huile essentielle infection urinaire,7.1,2,21,final
2026-08-04,pranarom,all,huile essentielle infection urinaire,13.8,5,47,final
2026-08-05,pranarom,all,huile essentielle infection urinaire,12.3,1,40,final
2026-08-06,pranarom,all,huile essentielle infection urinaire,9.4,1,19,final
2026-08-07,pranarom,all,huile essentielle infection urinaire,6.3,4,29,final
2026-08-08,pranarom,all,huile essentielle infection urinaire,5.6,5,30,final
2026-08-09,pranarom,all,huile essentielle infection urinaire,5.5,8,41,final
2026-08-10,pranarom,all,huile essentielle infection urinaire,7.8,3,27,final
2026-08-11,pranarom,all,huile essentielle infection urinaire,6.3,1,24,final
2026-08-12,pranarom,all,huile essentielle infection urinaire,9.7,0,23,final
2026-08-13,pranarom,all,huile essentielle infection urinaire,6,1,31,final
2026-08-14,pranarom,all,huile essentielle infection urinaire,2.2,1,26,final
2026-08-15,pranarom,all,huile essentielle infection urinaire,9.9,1,33,final
2026-08-16,pranarom,all,huile essentielle infection urinaire,8.0,1,31,final
2026-08-17,pranarom,all,huile essentielle infection urinaire,6.9,0,32,final
2026-08-18,pranarom,all,huile essentielle infection urinaire,10.3,1,24,final
2026-08-19,pranarom,all,huile essentielle infection urinaire,7.3,1,25,final
2026-08-20,pranarom,all,huile essentielle infection urinaire,6.2,3,29,final
2026-08-21,pranarom,all,huile essentielle infection urinaire,7.9,4,28,final
2026-08-22,pranarom,all,huile essentielle infection urinaire,6.8,6,34,final
2026-08-23,pranarom,all,huile essentielle infection urinaire,7.6,2,34,final
2026-08-24,pranarom,all,huile essentielle infection urinaire,7.8,2,26,final
2026-08-25,pranarom,all,huile essentielle infection urinaire,5.5,6,33,final
2026-08-26,pranarom,all,huile essentielle infection urinaire,11.2,0,28,final
2026-08-27,pranarom,all,huile essentielle infection urinaire,7.4,2,30,final
2026-08-28,pranarom,all,huile essentielle infection urinaire,6,2,27,final
2026-08-29,pranarom,all,huile essentielle infection urinaire,10.8,1,26,final
2026-08-30,pranarom,all,huile essentielle infection urinaire,6.0,2,27,final
2026-08-31,pranarom,all,huile essentielle infection urinaire,9.7,5,29,final
2026-09-01,pranarom,all,huile essentielle infection urinaire,4.8,3,36,final
2026-09-02,pranarom,all,huile essentielle infection urinaire,8.1,1,22,final
2026-09-03,pranarom,all,huile essentielle infection urinaire,8.2,1,19,final
2026-09-04,pranarom,all,huile essentielle infection urinaire,14.1,0,27,final
2026-09-05,pranarom,all,huile essentielle infection urinaire,8.3,5,24,final
2026-09-06,pranarom,all,huile essentielle infection urinaire,6.5,6,38,final
2026-09-07,pranarom,all,huile essentielle infection urinaire,7.6,4,24,final
2026-09-08,pranarom,all,huile essentielle infection urinaire,8.1,2,36,final
2026-09-09,pranarom,all,huile essentielle infection urinaire,4.9,0,19,final
2026-09-10,pranarom,all,huile essentielle infection urinaire,9.1,5,25,final
2026-09-11,pranarom,all,huile essentielle infection urinaire,7.4,1,28,final
2026-09-12,pranarom,all,huile essentielle infection urinaire,14.7,2,23,final
2026-09-13,pranarom,all,huile essentielle infection urinaire,11.9,0,14,final
2026-09-14,pranarom,all,huile essentielle infection urinaire,5.6,1,29,final
2026-09-15,pranarom,all,huile essentielle infection urinaire,5.8,4,22,final
2026-09-16,pranarom,all,huile essentielle infection urinaire,9.4,2,40,final
2026-09-17,pranarom,all,huile essentielle infection urinaire,10.5,0,30,final
2026-09-18,pranarom,all,huile essentielle infection urinaire,7.0,3,29,final
2026-09-19,pranarom,all,huile essentielle infection urinaire,6.1,1,24,final
2026-09-20,pranarom,all,huile essentielle infection urinaire,6.1,2,24,final
2026-09-21,pranarom,all,huile essentielle infection urinaire,5.4,6,34,final
2026-09-22,pranarom,all,huile essentielle infection urinaire,7.0,2,23,final
2026-09-23,pranarom,all,huile essentielle infection urinaire,4.9,4,27,final
2026-09-24,pranarom,all,huile essentielle infection urinaire,8.5,0,25,final
2026-09-25,pranarom,all,huile essentielle infection urinaire,13.7,2,35,final
2026-09-26,pranarom,all,huile essentielle infection urinaire,9.3,2,25,final
2026-09-27,pranarom,all,huile essentielle infection urinaire,11.9,1,26,final
2026-09-28,pranarom,all,huile essentielle infection urinaire,4.7,4,30,final
2026-09-29,pranarom,all,huile essentielle infection urinaire,6.9,6,35,final
2026-09-30,pranarom,all,huile essentielle infection urinaire,15.7,3,31,final
2026-10-01,pranarom,all,huile essentielle infection urinaire,5.5,2,31,fresh
2026-10-02,pranarom,all,huile essentielle infection urinaire,5.2,2,33,fresh
2025-06-10,pranarom,all,huile nigelle bienfaits,2.7,1,14,final
2025-06-11,pranarom,all,huile nigelle bienfaits,4.1,2,15,final
2025-06-12,pranarom,all,huile nigelle bienfaits,5.3,1,13,final
2025-06-13,pranarom,all,huile nigelle bienfaits,4,1,5,final
2025-06-14,pranarom,all,huile nigelle bienfaits,4,2,19,final
2025-06-15,pranarom,all,huile nigelle bienfaits,4.5,0,20,final
2025-06-16,pranarom,all,huile nigelle bienfaits,5,0,11,final
2025-06-17,pranarom,all,huile nigelle bienfaits,5.0,0,22,final
2025-06-18,pranarom,all,huile nigelle bienfaits,4.6,0,16,final
2025-06-19,pranarom,all,huile nigelle bienfaits,3.1,1,10,final
2025-06-20,pranarom,all,huile nigelle bienfaits,4.4,0,7,final
2025-06-21,pranarom,all,huile nigelle bienfaits,4.1,0,13,final
2025-06-22,pranarom,all,huile nigelle bienfaits,4.5,0,11,final
2025-06-23,pranarom,all,huile nigelle bienfaits,3.5,1,16,final
2025-06-24,pranarom,all,huile nigelle bienfaits,4.3,0,19,final
2025-06-25,pranarom,all,huile nigelle bienfaits,4.3,0,18,final
2025-06-26,pranarom,all,huile nigelle bienfaits,5,1,20,final
2025-06-27,pranarom,all,huile nigelle bienfaits,5.1,0,16,final
2025-06-28,pranarom,all,huile nigelle bienfaits,3.5,0,15,final
2025-06-29,pranarom,all,huile nigelle bienfaits,4,0,9,final
2025-06-30,pranarom,all,huile nigelle bienfaits,4.2,0,11,final
2025-07-01,pranarom,all,huile nigelle bienfaits,4.3,1,17,final
2025-07-02,pranarom,all,huile nigelle bienfaits,4.8,0,15,final
2025-07-03,pranarom,all,huile nigelle bienfaits,2.2,1,13,final
2025-07-04,pranarom,all,huile nigelle bienfaits,2.5,0,12,final
2025-07-05,pranarom,all,huile nigelle bienfaits,2.1,1,15,final
2025-07-06,pranarom,all,huile nigelle bienfaits,4.1,0,19,final
2025-07-07,pranarom,all,huile nigelle bienfaits,3.2,1,12,final
2025-07-08,pranarom,all,huile nigelle bienfaits,4.8,1,16,final
2025-07-09,pranarom,all,huile nigelle bienfaits,3,1,13,final
2025-07-10,pranarom,all,huile nigelle bienfaits,3.9,0,14,final
2025-07-11,pranarom,all,huile nigelle bienfaits,4.4,0,21,final
2025-07-12,pranarom,all,huile nigelle bienfaits,3.8,1,17,final
2025-07-13,pranarom,all,huile nigelle bienfaits,3.5,0,13,final
2025-07-14,pranarom,all,huile nigelle bienfaits,3.1,0,16,final
2025-07-15,pranarom,all,huile nigelle bienfaits,3.3,0,13,final
2025-07-16,pranarom,all,huile nigelle bienfaits,2.8,0,13,final
2025-07-17,pranarom,all,huile nigelle bienfaits,4.3,0,19,final
2025-07-18,pranarom,all,huile nigelle bienfaits,4.2,1,17,final
2025-07-19,pranarom,all,huile nigelle bienfaits,3.0,4,24,final
2025-07-20,pranarom,all,huile nigelle bienfaits,3.1,1,10,final
2025-07-21,pranarom,all,huile nigelle bienfaits,3.4,2,14,final
2025-07-22,pranarom,all,huile nigelle bienfaits,5.4,0,13,final
2025-07-23,pranarom,all,huile nigelle bienfaits,5.4,2,17,final
2025-07-24,pranarom,all,huile nigelle bienfaits,5.2,2,14,final
2025-07-25,pranarom,all,huile nigelle bienfaits,3.4,0,15,final
2025-07-26,pranarom,all,huile nigelle bienfaits,4.5,0,22,final
2025-07-27,pranarom,all,huile nigelle bienfaits,4.7,0,17,final
2025-07-28,pranarom,all,huile nigelle bienfaits,3.7,0,24,final
2025-07-29,pranarom,all,huile nigelle bienfaits,3.3,2,23,final
2025-07-30,pranarom,all,huile nigelle bienfaits,3.6,2,20,final
2025-07-31,pranarom,all,huile nigelle bienfaits,3.9,4,23,final
2025-08-01,pranarom,all,huile nigelle bienfaits,4,1,24,final
2025-08-02,pranarom,all,huile nigelle bienfaits,3.9,2,29,final
2025-08-03,pranarom,all,huile nigelle bienfaits,3.4,3,28,final
2025-08-04,pranarom,all,huile nigelle bienfaits,3.4,1,30,final
2025-08-05,pranarom,all,huile nigelle bienfaits,3.2,1,19,final
2025-08-06,pranarom,all,huile nigelle bienfaits,3.2,0,26,final
2025-08-07,pranarom,all,huile nigelle bienfaits,4.3,0,12,final
2025-08-08,pranarom,all,huile nigelle bienfaits,2.5,0,20,final
2025-08-09,pranarom,all,huile nigelle bienfaits,3.5,0,24,final
2025-08-10,pranarom,all,huile nigelle bienfaits,5.2,1,30,final
2025-08-11,pranarom,all,huile nigelle bienfaits,4.9,1,14,final
2025-08-12,pranarom,all,huile nigelle bienfaits,4,1,14,final
2025-08-13,pranarom,all,huile nigelle bienfaits,4.7,1,13,final
2025-08-14,pranarom,all,huile nigelle bienfaits,5.2,0,28,final
2025-08-15,pranarom,all,huile nigelle bienfaits,4.9,1,40,final
2025-08-16,pranarom,all,huile nigelle bienfaits,4.6,0,19,final
2025-08-17,pranarom,all,huile nigelle bienfaits,4.7,1,19,final
2025-08-18,pranarom,all,huile nigelle bienfaits,5.2,2,29,final
2025-08-19,pranarom,all,huile nigelle bienfaits,4.1,0,15,final
2025-08-20,pranarom,all,huile nigelle bienfaits,5.1,0,24,final
2025-08-21,pranarom,all,huile nigelle bienfaits,4.9,3,15,final
2025-08-22,pranarom,all,huile nigelle bienfaits,4.9,0,16,final
2025-08-23,pranarom,all,huile nigelle bienfaits,3.8,0,28,final
2025-08-24,pranarom,all,huile nigelle bienfaits,4.8,0,22,final
2025-08-25,pranarom,all,huile nigelle bienfaits,5.0,1,23,final
2025-08-26,pranarom,all,huile nigelle bienfaits,3.9,0,34,final
2025-08-27,pranarom,all,huile nigelle bienfaits,4.2,1,45,final
2025-08-28,pranarom,all,huile nigelle bienfaits,4.6,0,28,final
2025-08-29,pranarom,all,huile nigelle bienfaits,3.6,3,36,final
2025-08-30,pranarom,all,huile nigelle bienfaits,4.4,4,28,final
2025-08-31,pranarom,all,huile nigelle bienfaits,3.9,5,38,final
2025-09-01,pranarom,all,huile nigelle bienfaits,4.0,1,36,final
2025-09-02,pranarom,all,huile nigelle bienfaits,4.1,1,30,final
2025-09-03,pranarom,all,huile nigelle bienfaits,3.5,1,33,final
2025-09-04,pranarom,all,huile nigelle bienfaits,3,0,35,final
2025-09-05,pranarom,all,huile nigelle bienfaits,2.7,4,34,final
2025-09-06,pranarom,all,huile nigelle bienfaits,2.1,5,36,final
2025-09-07,pranarom,all,huile nigelle bienfaits,2.5,4,30,final
2025-09-08,pranarom,all,huile nigelle bienfaits,2.8,10,37,final
2025-09-09,pranarom,all,huile nigelle bienfaits,3.3,0,41,final
2025-09-10,pranarom,all,huile nigelle bienfaits,3.1,4,29,final
2025-09-11,pranarom,all,huile nigelle bienfaits,3.3,1,27,final
2025-09-12,pranarom,all,huile nigelle bienfaits,3.2,3,23,final
2025-09-13,pranarom,all,huile nigelle bienfaits,3.6,0,30,final
2025-09-14,pranarom,all,huile nigelle bienfaits,3.2,3,36,final
2025-09-15,pranarom,all,huile nigelle bienfaits,3.8,1,28,final
2025-09-16,pranarom,all,huile nigelle bienfaits,3.3,3,30,final
2025-09-17,pranarom,all,huile nigelle bienfaits,3.7,1,38,final
2025-09-18,pranarom,all,huile nigelle bienfaits,3.9,2,32,final
2025-09-19,pranarom,all,huile nigelle bienfaits,3.2,3,28,final
2025-09-20,pranarom,all,huile nigelle bienfaits,3.2,1,30,final
2025-09-21,pranarom,all,huile nigelle bienfaits,3.2,2,30,final
2025-09-22,pranarom,all,huile nigelle bienfaits,3.0,1,26,final
2025-09-23,pranarom,all,huile nigelle bienfaits,3.0,0,22,final
2025-09-24,pranarom,all,huile nigelle bienfaits,3.1,5,27,final
2025-09-25,pranarom,all,huile nigelle bienfaits,3.0,4,42,final
2025-09-26,pranarom,all,huile nigelle bienfaits,2.9,6,36,final
2025-09-27,pranarom,all,huile nigelle bienfaits,2.5,5,44,final
2025-09-28,pranarom,all,huile nigelle bienfaits,2.7,4,26,final
2025-09-29,pranarom,all,huile nigelle bienfaits,2.9,3,24,final
2025-09-30,pranarom,all,huile nigelle bienfaits,2.4,13,41,final
2025-10-01,pranarom,all,huile nigelle bienfaits,1.9,7,36,final
2025-10-02,pranarom,all,huile nigelle bienfaits,2.1,6,36,final
2025-10-03,pranarom,all,huile nigelle bienfaits,2.5,6,40,final
2025-10-04,pranarom,all,huile nigelle bienfaits,2.7,4,37,final
2025-10-05,pranarom,all,huile nigelle bienfaits,2.8,3,47,final
2025-10-06,pranarom,all,huile nigelle bienfaits,2.6,3,39,final
2025-10-07,pranarom,all,huile nigelle bienfaits,2.9,8,36,final
2025-10-08,pranarom,all,huile nigelle bienfaits,3,2,38,final
2025-10-09,pranarom,all,huile nigelle bienfaits,3.1,0,42,final
2025-10-10,pranarom,all,huile nigelle bienfaits,2.7,6,41,final
2025-10-11,pranarom,all,huile nigelle bienfaits,2.8,6,48,final
2025-10-12,pranarom,all,huile nigelle bienfaits,2.8,6,56,final
2025-10-13,pranarom,all,huile nigelle bienfaits,2.6,0,35,final
2025-10-14,pranarom,all,huile nigelle bienfaits,2.9,5,33,final
2025-10-15,pranarom,all,huile nigelle bienfaits,1.5,11,60,final
2025-10-16,pranarom,all,huile nigelle bienfaits,2.3,8,56,final
2025-10-17,pranarom,all,huile nigelle bienfaits,3.6,5,50,final
2025-10-18,pranarom,all,huile nigelle bienfaits,3.6,4,52,final
2025-10-19,pranarom,all,huile nigelle bienfaits,3.5,4,50,final
2025-10-20,pranarom,all,huile nigelle bienfaits,4.0,3,44,final
2025-10-21,pranarom,all,huile nigelle bienfaits,3.4,6,48,final
2025-10-22,pranarom,all,huile nigelle bienfaits,2.1,7,39,final
2025-10-23,pranarom,all,huile nigelle bienfaits,2.1,1,33,final
2025-10-24,pranarom,all,huile nigelle bienfaits,2.0,6,36,final
2025-10-25,pranarom,all,huile nigelle bienfaits,2.2,12,47,final
2025-10-26,pranarom,all,huile nigelle bienfaits,2.0,5,44,final
2025-10-27,pranarom,all,huile nigelle bienfaits,2,9,41,final
2025-10-28,pranarom,all,huile nigelle bienfaits,3,1,37,final
2025-10-29,pranarom,all,huile nigelle bienfaits,2.3,5,38,final
2025-10-30,pranarom,all,huile nigelle bienfaits,2.2,10,33,final
2025-10-31,pranarom,all,huile nigelle bienfaits,2.3,5,35,final
2025-11-01,pranarom,all,huile nigelle bienfaits,2.0,6,43,final
2025-11-02,pranarom,all,huile nigelle bienfaits,1.7,9,48,final
2025-11-03,pranarom,all,huile nigelle bienfaits,1.8,1,28,final
2025-11-04,pranarom,all,huile nigelle bienfaits,1.6,11,38,final
2025-11-05,pranarom,all,huile nigelle bienfaits,1.6,9,42,final
2025-11-06,pranarom,all,huile nigelle bienfaits,1.4,8,36,final
2025-11-07,pranarom,all,huile nigelle bienfaits,1.5,7,36,final
2025-11-08,pranarom,all,huile nigelle bienfaits,1.1,10,45,final
2025-11-09,pranarom,all,huile nigelle bienfaits,1.4,7,46,final
2025-11-10,pranarom,all,huile nigelle bienfaits,2.2,5,39,final
2025-11-11,pranarom,all,huile nigelle bienfaits,2.8,1,47,final
2025-11-12,pranarom,all,huile nigelle bienfaits,3.5,1,21,final
2025-11-13,pranarom,all,huile nigelle bienfaits,2.8,5,48,final
2025-11-14,pranarom,all,huile nigelle bienfaits,3.9,4,27,final
2025-11-15,pranarom,all,huile nigelle bienfaits,3.9,2,30,final
2025-11-16,pranarom,all,huile nigelle bienfaits,3.5,4,50,final
2025-11-17,pranarom,all,huile nigelle bienfaits,3.1,4,35,final
2025-11-18,pranarom,all,huile nigelle bienfaits,3.6,2,24,final
2025-11-19,pranarom,all,huile nigelle bienfaits,4.0,3,43,final
2025-11-20,pranarom,all,huile nigelle bienfaits,3.5,4,31,final
2025-11-21,pranarom,all,huile nigelle bienfaits,3.9,1,34,final
2025-11-22,pranarom,all,huile nigelle bienfaits,3.6,3,32,final
2025-11-23,pranarom,all,huile nigelle bienfaits,3.7,2,32,final
2025-11-24,pranarom,all,huile nigelle bienfaits,3.4,3,29,final
2025-11-25,pranarom,all,huile nigelle bienfaits,3.6,5,39,final
2025-11-26,pranarom,all,huile nigelle bienfaits,3.6,3,38,final
2025-11-27,pranarom,all,huile nigelle bienfaits,2.8,3,29,final
2025-11-28,pranarom,all,huile nigelle bienfaits,3.5,6,40,final
2025-11-29,pranarom,all,huile nigelle bienfaits,3.3,4,39,final
2025-11-30,pranarom,all,huile nigelle bienfaits,3.5,4,37,final
2025-12-01,pranarom,all,huile nigelle bienfaits,3.5,2,27,final
2025-12-02,pranarom,all,huile nigelle bienfaits,3.5,3,38,final
2025-12-03,pranarom,all,huile nigelle bienfaits,3.2,4,40,final
2025-12-04,pranarom,all,huile nigelle bienfaits,2.9,7,48,final
2025-12-05,pranarom,all,huile nigelle bienfaits,2.4,4,33,final
2025-12-06,pranarom,all,huile nigelle bienfaits,2.8,3,24,final
2025-12-07,pranarom,all,huile nigelle bienfaits,2.9,3,43,final
2025-12-08,pranarom,all,huile nigelle bienfaits,2.4,2,43,final
2025-12-09,pranarom,all,huile nigelle bienfaits,2.6,5,27,final
2025-12-10,pranarom,all,huile nigelle bienfaits,2.2,6,41,final
2025-12-11,pranarom,all,huile nigelle bienfaits,1.4,4,35,final
2025-12-12,pranarom,all,huile nigelle bienfaits,2.0,3,42,final
2025-12-13,pranarom,all,huile nigelle bienfaits,2.2,2,43,final
2025-12-14,pranarom,all,huile nigelle bienfaits,1.1,2,34,final
2025-12-15,pranarom,all,huile nigelle bienfaits,1.1,3,30,final
2025-12-16,pranarom,all,huile nigelle bienfaits,1.1,6,43,final
2025-12-17,pranarom,all,huile nigelle bienfaits,2.3,3,22,final
2025-12-18,pranarom,all,huile nigelle bienfaits,2.8,2,35,final
2025-12-19,pranarom,all,huile nigelle bienfaits,2.6,6,40,final
2025-12-20,pranarom,all,huile nigelle bienfaits,3.5,1,33,final
2025-12-21,pranarom,all,huile nigelle bienfaits,2.1,2,38,final
2025-12-22,pranarom,all,huile nigelle bienfaits,2.7,1,26,final
2025-12-23,pranarom,all,huile nigelle bienfaits,2.6,6,22,final
2025-12-24,pranarom,all,huile nigelle bienfaits,2.8,1,24,final
2025-12-25,pranarom,all,huile nigelle bienfaits,2.8,2,25,final
2025-12-26,pranarom,all,huile nigelle bienfaits,2.4,5,27,final
2025-12-27,pranarom,all,huile nigelle bienfaits,2.4,2,21,final
2025-12-28,pranarom,all,huile nigelle bienfaits,3.0,7,49,final
2025-12-29,pranarom,all,huile nigelle bienfaits,2.4,8,40,final
2025-12-30,pranarom,all,huile nigelle bienfaits,1.7,9,32,final
2025-12-31,pranarom,all,huile nigelle bienfaits,1.3,4,31,final
2026-01-01,pranarom,all,huile nigelle bienfaits,1.4,5,40,final
2026-01-02,pranarom,all,huile nigelle bienfaits,1.9,9,48,final
2026-01-03,pranarom,all,huile nigelle bienfaits,1.8,8,43,final
2026-01-04,pranarom,all,huile nigelle bienfaits,1.4,11,44,final
2026-01-05,pranarom,all,huile nigelle bienfaits,1.6,9,36,final
2026-01-06,pranarom,all,huile nigelle bienfaits,1.3,7,38,final
2026-01-07,pranarom,all,huile nigelle bienfaits,2.3,5,42,final
2026-01-08,pranarom,all,huile nigelle bienfaits,2.3,5,34,final
2026-01-09,pranarom,all,huile nigelle bienfaits,2.6,4,46,final
2026-01-10,pranarom,all,huile nigelle bienfaits,3.8,4,43,final
2026-01-11,pranarom,all,huile nigelle bienfaits,3.3,1,43,final
2026-01-12,pranarom,all,huile nigelle bienfaits,2.6,6,42,final
2026-01-13,pranarom,all,huile nigelle bienfaits,3.3,3,37,final
2026-01-14,pranarom,all,huile nigelle bienfaits,4.8,4,35,final
2026-01-15,pranarom,all,huile nigelle bienfaits,2.9,5,25,final
2026-01-16,pranarom,all,huile nigelle bienfaits,3,1,32,final
2026-01-17,pranarom,all,huile nigelle bienfaits,3.0,5,50,final
2026-01-18,pranarom,all,huile nigelle bienfaits,2.8,8,59,final
2026-01-19,pranarom,all,huile nigelle bienfaits,2.7,1,29,final
2026-01-20,pranarom,all,huile nigelle bienfaits,5.2,2,34,final
2026-01-21,pranarom,all,huile nigelle bienfaits,3.7,2,33,final
2026-01-22,pranarom,all,huile nigelle bienfaits,3.3,1,26,final
2026-01-23,pranarom,all,huile nigelle bienfaits,3,1,27,final
2026-01-24,pranarom,all,huile nigelle bienfaits,2.7,5,38,final
2026-01-25,pranarom,all,huile nigelle bienfaits,2.6,4,31,final
2026-01-26,pranarom,all,huile nigelle bienfaits,2.9,3,23,final
2026-01-27,pranarom,all,huile nigelle bienfaits,5,1,26,final
2026-01-28,pranarom,all,huile nigelle bienfaits,3.5,2,32,final
2026-01-29,pranarom,all,huile nigelle bienfaits,2.9,2,36,final
2026-01-30,pranarom,all,huile nigelle bienfaits,2.8,2,33,final
2026-01-31,pranarom,all,huile nigelle bienfaits,2.8,6,27,final
2026-02-01,pranarom,all,huile nigelle bienfaits,2.6,3,45,final
2026-02-02,pranarom,all,huile nigelle bienfaits,2.6,5,29,final
2026-02-03,pranarom,all,huile nigelle bienfaits,2.5,2,50,final
2026-02-04,pranarom,all,huile nigelle bienfaits,2.3,6,43,final
2026-02-05,pranarom,all,huile nigelle bienfaits,2.6,9,45,final
2026-02-06,pranarom,all,huile nigelle bienfaits,2.8,3,33,final
2026-02-07,pranarom,all,huile nigelle bienfaits,2.3,2,36,final
2026-02-08,pranarom,all,huile nigelle bienfaits,2.2,3,30,final
2026-02-09,pranarom,all,huile nigelle bienfaits,2.5,4,41,final
2026-02-10,pranarom,all,huile nigelle bienfaits,2.5,1,40,final
2026-02-11,pranarom,all,huile nigelle bienfaits,2.5,1,39,final
2026-02-12,pranarom,all,huile nigelle bienfaits,2.0,7,37,final
2026-02-13,pranarom,all,huile nigelle bienfaits,2.4,5,38,final
2026-02-14,pranarom,all,huile nigelle bienfaits,3.4,4,26,final
2026-02-15,pranarom,all,huile nigelle bienfaits,2.0,7,48,final
2026-02-16,pranarom,all,huile nigelle bienfaits,2.9,6,39,final
2026-02-17,pranarom,all,huile nigelle bienfaits,2.2,5,46,final
2026-02-18,pranarom,all,huile nigelle bienfaits,4.6,1,28,final
2026-02-19,pranarom,all,huile nigelle bienfaits,2.8,4,39,final
2026-02-20,pranarom,all,huile nigelle bienfaits,1.9,5,40,final
2026-02-21,pranarom,all,huile nigelle bienfaits,2.8,7,52,final
2026-02-22,pranarom,all,huile nigelle bienfaits,2.8,1,42,final
2026-02-23,pranarom,all,huile nigelle bienfaits,3.5,5,26,final
2026-02-24,pranarom,all,huile nigelle bienfaits,4.5,4,34,final
2026-02-25,pranarom,all,huile nigelle bienfaits,2.3,1,33,final
2026-02-26,pranarom,all,huile nigelle bienfaits,2,10,46,final
2026-02-27,pranarom,all,huile nigelle bienfaits,2.3,4,37,final
2026-02-28,pranarom,all,huile nigelle bienfaits,3.7,6,55,final
2026-03-01,pranarom,all,huile nigelle bienfaits,5.6,3,39,final
2026-03-02,pranarom,all,huile nigelle bienfaits,1.6,9,38,final
2026-03-03,pranarom,all,huile nigelle bienfaits,3.2,1,36,final
2026-03-04,pranarom,all,huile nigelle bienfaits,2.5,8,40,final
2026-03-05,pranarom,all,huile nigelle bienfaits,3.2,2,26,final
2026-03-06,pranarom,all,huile nigelle bienfaits,1.4,5,37,final
2026-03-07,pranarom,all,huile nigelle bienfaits,2.3,6,45,final
2026-03-08,pranarom,all,huile nigelle bienfaits,5.6,3,33,final
2026-03-09,pranarom,all,huile nigelle bienfaits,4.7,4,33,final
2026-03-10,pranarom,all,huile nigelle bienfaits,4.6,7,42,final
2026-03-11,pranarom,all,huile nigelle bienfaits,5.1,2,37,final
2026-03-12,pranarom,all,huile nigelle bienfaits,4,7,36,final
2026-03-13,pranarom,all,huile nigelle bienfaits,6.5,1,23,final
2026-03-14,pranarom,all,huile nigelle bienfaits,3.1,0,23,final
2026-03-15,pranarom,all,huile nigelle bienfaits,4.7,1,33,final
2026-03-16,pranarom,all,huile nigelle bienfaits,6.6,1,29,final
2026-03-17,pranarom,all,huile nigelle bienfaits,2.2,5,41,final
2026-03-18,pranarom,all,huile nigelle bienfaits,2.6,2,31,final
2026-03-19,pranarom,all,huile nigelle bienfaits,2.9,5,28,final
2026-03-20,pranarom,all,huile nigelle bienfaits,2.9,4,31,final
2026-03-21,pranarom,all,huile nigelle bienfaits,2.7,4,34,final
2026-03-22,pranarom,all,huile nigelle bienfaits,5.1,4,38,final
2026-03-23,pranarom,all,huile nigelle bienfaits,2.9,4,38,final
2026-03-24,pranarom,all,huile nigelle bienfaits,2.7,2,31,final
2026-03-25,pranarom,all,huile nigelle bienfaits,2.2,9,44,final
2026-03-26,pranarom,all,huile nigelle bienfaits,2.1,3,37,final
2026-03-27,pranarom,all,huile nigelle bienfaits,1.8,6,32,final
2026-03-28,pranarom,all,huile nigelle bienfaits,1.3,8,35,final
2026-03-29,pranarom,all,huile nigelle bienfaits,1.2,11,32,final
2026-03-30,pranarom,all,huile nigelle bienfaits,1.5,6,27,final
2026-03-31,pranarom,all,huile nigelle bienfaits,1.7,5,36,final
2026-04-01,pranarom,all,huile nigelle bienfaits,2.2,4,43,final
2026-04-02,pranarom,all,huile nigelle bienfaits,2.4,6,28,final
2026-04-03,pranarom,all,huile nigelle bienfaits,2.2,2,30,final
2026-04-04,pranarom,all,huile nigelle bienfaits,2.5,5,34,final
2026-04-05,pranarom,all,huile nigelle bienfaits,2.1,4,39,final
2026-04-06,pranarom,all,huile nigelle bienfaits,2.4,4,33,final
2026-04-07,pranarom,all,huile nigelle bienfaits,2.3,4,35,final
2026-04-08,pranarom,all,huile nigelle bienfaits,2.1,4,31,final
2026-04-09,pranarom,all,huile nigelle bienfaits,2.0,7,35,final
2026-04-10,pranarom,all,huile nigelle bienfaits,2.2,5,30,final
2026-04-11,pranarom,all,huile nigelle bienfaits,2.0,4,40,final
2026-04-12,pranarom,all,huile nigelle bienfaits,2.1,3,34,final
2026-04-13,pranarom,all,huile nigelle bienfaits,2.3,3,38,final
2026-04-14,pranarom,all,huile nigelle bienfaits,2.2,6,58,final
2026-04-15,pranarom,all,huile nigelle bienfaits,2.7,2,39,final
2026-04-16,pranarom,all,huile nigelle bienfaits,2.8,0,43,final
2026-04-17,pranarom,all,huile nigelle bienfaits,3.3,0,43,final
2026-04-18,pranarom,all,huile nigelle bienfaits,3.3,1,42,final
2026-04-19,pranarom,all,huile nigelle bienfaits,2.9,2,34,final
2026-04-20,pranarom,all,huile nigelle bienfaits,2.9,3,36,final
2026-04-21,pranarom,all,huile nigelle bienfaits,3.0,2,35,final
2026-04-22,pranarom,all,huile nigelle bienfaits,2.8,1,35,final
2026-04-23,pranarom,all,huile nigelle bienfaits,3.1,1,40,final
2026-04-24,pranarom,all,huile nigelle bienfaits,3,2,32,final
2026-04-25,pranarom,all,huile nigelle bienfaits,2.7,3,24,final
2026-04-26,pranarom,all,huile nigelle bienfaits,2.5,4,37,final
2026-04-27,pranarom,all,huile nigelle bienfaits,4.1,2,37,final
2026-04-28,pranarom,all,huile nigelle bienfaits,2.6,2,33,final
2026-04-29,pranarom,all,huile nigelle bienfaits,3.4,3,24,final
2026-04-30,pranarom,all,huile nigelle bienfaits,2.7,0,27,final
2026-05-01,pranarom,all,huile nigelle bienfaits,2.9,1,28,final
2026-05-02,pranarom,all,huile nigelle bienfaits,2.6,0,33,final
2026-05-03,pranarom,all,huile nigelle bienfaits,2.8,3,33,final
2026-05-04,pranarom,all,huile nigelle bienfaits,2.7,3,24,final
2026-05-05,pranarom,all,huile nigelle bienfaits,4.2,0,40,final
2026-05-06,pranarom,all,huile nigelle bienfaits,2.6,0,28,final
2026-05-07,pranarom,all,huile nigelle bienfaits,2.6,2,47,final
2026-05-08,pranarom,all,huile nigelle bienfaits,2.6,1,30,final
2026-05-09,pranarom,all,huile nigelle bienfaits,2.7,0,29,final
2026-05-10,pranarom,all,huile nigelle bienfaits,3,5,45,final
2026-05-11,pranarom,all,huile nigelle bienfaits,5.1,2,38,final
2026-05-12,pranarom,all,huile nigelle bienfaits,2.9,2,38,final
2026-05-13,pranarom,all,huile nigelle bienfaits,3.5,2,32,final
2026-05-14,pranarom,all,huile nigelle bienfaits,3.3,0,31,final
2026-05-15,pranarom,all,huile nigelle bienfaits,3.3,3,50,final
2026-05-16,pranarom,all,huile nigelle bienfaits,3.2,3,39,final
2026-05-17,pranarom,all,huile nigelle bienfaits,3.6,4,43,final
2026-05-18,pranarom,all,huile nigelle bienfaits,2.6,3,39,final
2026-05-19,pranarom,all,huile nigelle bienfaits,3.4,1,38,final
2026-05-20,pranarom,all,huile nigelle bienfaits,3.1,3,47,final
2026-05-21,pranarom,all,huile nigelle bienfaits,3.6,4,22,final
2026-05-22,pranarom,all,huile nigelle bienfaits,3.3,0,27,final
2026-05-23,pranarom,all,huile nigelle bienfaits,3.8,2,33,final
2026-05-24,pranarom,all,huile nigelle bienfaits,3.4,1,33,final
2026-05-25,pranarom,all,huile nigelle bienfaits,3.6,1,28,final
2026-05-26,pranarom,all,huile nigelle bienfaits,3.1,1,37,final
2026-05-27,pranarom,all,huile nigelle bienfaits,3.8,3,32,final
2026-05-28,pranarom,all,huile nigelle bienfaits,3.2,0,30,final
2026-05-29,pranarom,all,huile nigelle bienfaits,2.9,8,31,final
2026-05-30,pranarom,all,huile nigelle bienfaits,3.0,4,26,final
2026-05-31,pranarom,all,huile nigelle bienfaits,3.1,4,38,final
2026-06-01,pranarom,all,huile nigelle bienfaits,2.8,3,40,final
2026-06-02,pranarom,all,huile nigelle bienfaits,2.5,3,45,final
2026-06-03,pranarom,all,huile nigelle bienfaits,2.8,1,31,final
2026-06-04,pranarom,all,huile nigelle bienfaits,2.8,2,24,final
2026-06-05,pranarom,all,huile nigelle bienfaits,2.8,3,45,final
2026-06-06,pranarom,all,huile nigelle bienfaits,2.7,2,41,final
2026-06-07,pranarom,all,huile nigelle bienfaits,2.8,2,44,final
2026-06-08,pranarom,all,huile nigelle bienfaits,2.8,4,30,final
2026-06-09,pranarom,all,huile nigelle bienfaits,2.7,4,30,final
2026-06-10,pranarom,all,huile nigelle bienfaits,2.7,2,29,final
2026-06-11,pranarom,all,huile nigelle bienfaits,3.0,2,35,final
2026-06-12,pranarom,all,huile nigelle bienfaits,2.1,2,22,final
2026-06-13,pranarom,all,huile nigelle bienfaits,2.7,2,35,final
2026-06-14,pranarom,all,huile nigelle bienfaits,3.2,1,26,final
2026-06-15,pranarom,all,huile nigelle bienfaits,2.7,2,25,final
2026-06-16,pranarom,all,huile nigelle bienfaits,2.5,4,32,final
2026-06-17,pranarom,all,huile nigelle bienfaits,2.7,4,31,final
2026-06-18,pranarom,all,huile nigelle bienfaits,2.8,2,22,final
2026-06-19,pranarom,all,huile nigelle bienfaits,2.6,3,29,final
2026-06-20,pranarom,all,huile nigelle bienfaits,2.8,3,35,final
2026-06-21,pranarom,all,huile nigelle bienfaits,2.8,2,25,final
2026-06-22,pranarom,all,huile nigelle bienfaits,2.7,2,21,final
2026-06-23,pranarom,all,huile nigelle bienfaits,2.7,5,30,final
2026-06-24,pranarom,all,huile nigelle bienfaits,2.2,0,17,final
2026-06-25,pranarom,all,huile nigelle bienfaits,2.5,2,24,final
2026-06-26,pranarom,all,huile nigelle bienfaits,2.9,1,16,final
2026-06-27,pranarom,all,huile nigelle bienfaits,2.2,2,28,final
2026-06-28,pranarom,all,huile nigelle bienfaits,2.9,2,35,final
2026-06-29,pranarom,all,huile nigelle bienfaits,3.9,4,25,final
2026-06-30,pranarom,all,huile nigelle bienfaits,2.8,1,36,final
2026-07-01,pranarom,all,huile nigelle bienfaits,2.8,3,39,final
2026-07-02,pranarom,all,huile nigelle bienfaits,3.2,2,22,final
2026-07-03,pranarom,all,huile nigelle bienfaits,2.7,0,25,final
2026-07-04,pranarom,all,huile nigelle bienfaits,2.7,1,28,final
2026-07-05,pranarom,all,huile nigelle bienfaits,2.7,1,34,final
2026-07-06,pranarom,all,huile nigelle bienfaits,2.7,0,29,final
2026-07-07,pranarom,all,huile nigelle bienfaits,2.2,3,30,final
2026-07-08,pranarom,all,huile nigelle bienfaits,2.3,3,21,final
2026-07-09,pranarom,all,huile nigelle bienfaits,2.2,3,28,final
2026-07-10,pranarom,all,huile nigelle bienfaits,4.3,2,38,final
2026-07-11,pranarom,all,huile nigelle bienfaits,2.9,1,41,final
2026-07-12,pranarom,all,huile nigelle bienfaits,3.0,2,29,final
2026-07-13,pranarom,all,huile nigelle bienfaits,2.9,3,40,final
2026-07-14,pranarom,all,huile nigelle bienfaits,2.9,1,18,final
2026-07-15,pranarom,all,huile nigelle bienfaits,2.5,2,40,final
2026-07-16,pranarom,all,huile nigelle bienfaits,1.8,5,22,final
2026-07-17,pranarom,all,huile nigelle bienfaits,1.7,1,25,final
2026-07-18,pranarom,all,huile nigelle bienfaits,1.1,3,24,final
2026-07-19,pranarom,all,huile nigelle bienfaits,1.3,10,35,final
2026-07-20,pranarom,all,huile nigelle bienfaits,1.1,7,32,final
2026-07-21,pranarom,all,huile nigelle bienfaits,1.1,8,39,final
2026-07-22,pranarom,all,huile nigelle bienfaits,1.3,5,23,final
2026-07-23,pranarom,all,huile nigelle bienfaits,1.3,4,33,final
2026-07-24,pranarom,all,huile nigelle bienfaits,1.5,3,31,final
2026-07-25,pranarom,all,huile nigelle bienfaits,1.5,3,31,final
2026-07-26,pranarom,all,huile nigelle bienfaits,1.5,3,23,final
2026-07-27,pranarom,all,huile nigelle bienfaits,1.7,2,16,final
2026-07-28,pranarom,all,huile nigelle bienfaits,1.6,2,35,final
2026-07-29,pranarom,all,huile nigelle bienfaits,1.6,2,27,final
2026-07-30,pranarom,all,huile nigelle bienfaits,2.7,0,21,final
2026-07-31,pranarom,all,huile nigelle bienfaits,2.9,1,17,final
2026-08-01,pranarom,all,huile nigelle bienfaits,2.8,1,36,final
2026-08-02,pranarom,all,huile nigelle bienfaits,2.9,1,14,final
2026-08-03,pranarom,all,huile nigelle bienfaits,2.4,0,31,final
2026-08-04,pranarom,all,huile nigelle bienfaits,2.8,3,38,final
2026-08-05,pranarom,all,huile nigelle bienfaits,2.7,3,32,final
2026-08-06,pranarom,all,huile nigelle bienfaits,2.8,1,42,final
2026-08-07,pranarom,all,huile nigelle bienfaits,5.0,3,37,final
2026-08-08,pranarom,all,huile nigelle bienfaits,1.3,1,39,final
2026-08-09,pranarom,all,huile nigelle bienfaits,1.5,4,28,final
2026-08-10,pranarom,all,huile nigelle bienfaits,1.4,9,31,final
2026-08-11,pranarom,all,huile nigelle bienfaits,2.7,0,23,final
2026-08-12,pranarom,all,huile nigelle bienfaits,3.0,2,26,final
2026-08-13,pranarom,all,huile nigelle bienfaits,1.4,3,13,final
2026-08-14,pranarom,all,huile nigelle bienfaits,2.2,1,25,final
2026-08-15,pranarom,all,huile nigelle bienfaits,2.7,2,31,final
2026-08-16,pranarom,all,huile nigelle bienfaits,2.6,2,34,final
2026-08-17,pranarom,all,huile nigelle bienfaits,2.6,4,40,final
2026-08-18,pranarom,all,huile nigelle bienfaits,3.1,1,32,final
2026-08-19,pranarom,all,huile nigelle bienfaits,3,1,30,final
2026-08-20,pranarom,all,huile nigelle bienfaits,2.6,1,31,final
2026-08-21,pranarom,all,huile nigelle bienfaits,2.8,1,32,final
2026-08-22,pranarom,all,huile nigelle bienfaits,2.5,2,22,final
2026-08-23,pranarom,all,huile nigelle bienfaits,2.7,4,35,final
2026-08-24,pranarom,all,huile nigelle bienfaits,2.5,0,28,final
2026-08-25,pranarom,all,huile nigelle bienfaits,2.7,2,40,final
2026-08-26,pranarom,all,huile nigelle bienfaits,2.7,1,40,final
2026-08-27,pranarom,all,huile nigelle bienfaits,2.8,1,36,final
2026-08-28,pranarom,all,huile nigelle bienfaits,2.7,3,33,final
2026-08-29,pranarom,all,huile nigelle bienfaits,2.8,1,30,final
2026-08-30,pranarom,all,huile nigelle bienfaits,2.9,2,34,final
2026-08-31,pranarom,all,huile nigelle bienfaits,2.5,2,23,final
2026-09-01,pranarom,all,huile nigelle bienfaits,2.8,3,40,final
2026-09-02,pranarom,all,huile nigelle bienfaits,2.5,2,21,final
2026-09-03,pranarom,all,huile nigelle bienfaits,3.0,0,21,final
2026-09-04,pranarom,all,huile nigelle bienfaits,2.5,3,28,final
2026-09-05,pranarom,all,huile nigelle bienfaits,3.0,0,38,final
2026-09-06,pranarom,all,huile nigelle bienfaits,2.8,4,56,final
2026-09-07,pranarom,all,huile nigelle bienfaits,2.4,3,34,final
2026-09-08,pranarom,all,huile nigelle bienfaits,2,5,30,final
2026-09-09,pranarom,all,huile nigelle bienfaits,1.4,3,25,final
2026-09-10,pranarom,all,huile nigelle bienfaits,2.7,3,35,final
2026-09-11,pranarom,all,huile nigelle bienfaits,2.7,3,33,final
2026-09-12,pranarom,all,huile nigelle bienfaits,1.7,5,27,final
2026-09-13,pranarom,all,huile nigelle bienfaits,1.3,8,40,final
2026-09-14,pranarom,all,huile nigelle bienfaits,1.5,3,33,final
2026-09-15,pranarom,all,huile nigelle bienfaits,1.5,2,20,final
2026-09-16,pranarom,all,huile nigelle bienfaits,2.0,3,42,final
2026-09-17,pranarom,all,huile nigelle bienfaits,2.1,3,31,final
2026-09-18,pranarom,all,huile nigelle bienfaits,2.6,3,40,final
2026-09-19,pranarom,all,huile nigelle bienfaits,1.5,6,32,final
2026-09-20,pranarom,all,huile nigelle bienfaits,1.6,4,39,final
2026-09-21,pranarom,all,huile nigelle bienfaits,1.5,0,25,final
2026-09-22,pranarom,all,huile nigelle bienfaits,1.5,2,22,final
2026-09-23,pranarom,all,huile nigelle bienfaits,2.2,1,31,final
2026-09-24,pranarom,all,huile nigelle bienfaits,2.1,1,38,final
2026-09-25,pranarom,all,huile nigelle bienfaits,2.2,0,37,final
2026-09-26,pranarom,all,huile nigelle bienfaits,2.0,2,41,final
2026-09-27,pranarom,all,huile nigelle bienfaits,2.7,1,30,final
2026-09-28,pranarom,all,huile nigelle bienfaits,1.9,2,48,final
2026-09-29,pranarom,all,huile nigelle bienfaits,2.4,2,40,final
2026-09-30,pranarom,all,huile nigelle bienfaits,2.3,3,30,final
2026-10-01,pranarom,all,huile nigelle bienfaits,2.1,1,28,fresh
2026-10-02,pranarom,all,huile nigelle bienfaits,2.5,3,24,fresh
2025-06-13,pranarom,all,infection urinaire remède rapide,18.4,0,8,final
2025-06-14,pranarom,all,infection urinaire remède rapide,12.2,0,8,final
2025-06-15,pranarom,all,infection urinaire remède rapide,20.4,0,14,final
2025-06-16,pranarom,all,infection urinaire remède rapide,14.1,0,16,final
2025-06-17,pranarom,all,infection urinaire remède rapide,13.1,0,15,final
2025-06-18,pranarom,all,infection urinaire remède rapide,12.2,0,30,final
2025-06-19,pranarom,all,infection urinaire remède rapide,11.7,0,14,final
2025-06-20,pranarom,all,infection urinaire remède rapide,11.4,0,19,final
2025-06-21,pranarom,all,infection urinaire remède rapide,10.9,0,27,final
2025-06-22,pranarom,all,infection urinaire remède rapide,10.7,0,26,final
2025-06-23,pranarom,all,infection urinaire remède rapide,11.4,0,24,final
2025-06-24,pranarom,all,infection urinaire remède rapide,9.6,0,21,final
2025-06-25,pranarom,all,infection urinaire remède rapide,11.4,0,23,final
2025-06-26,pranarom,all,infection urinaire remède rapide,11.6,0,19,final
2025-06-27,pranarom,all,infection urinaire remède rapide,9.4,0,49,final
2025-06-28,pranarom,all,infection urinaire remède rapide,10.1,0,56,final
2025-06-29,pranarom,all,infection urinaire remède rapide,19.4,0,20,final
2025-06-30,pranarom,all,infection urinaire remède rapide,13,0,14,final
2025-07-01,pranarom,all,infection urinaire remède rapide,10.8,0,16,final
2025-07-02,pranarom,all,infection urinaire remède rapide,7.9,1,76,final
2025-07-03,pranarom,all,infection urinaire remède rapide,10.1,0,36,final
2025-07-04,pranarom,all,infection urinaire remède rapide,7.5,2,82,final
2025-07-05,pranarom,all,infection urinaire remède rapide,5.3,0,69,final
2025-07-06,pranarom,all,infection urinaire remède rapide,4.6,1,102,final
2025-07-07,pranarom,all,infection urinaire remède rapide,5.3,3,113,final
2025-07-08,pranarom,all,infection urinaire remède rapide,5.4,1,96,final
2025-07-09,pranarom,all,infection urinaire remède rapide,6.7,1,47,final
2025-07-10,pranarom,all,infection urinaire remède rapide,8.3,0,83,final
2025-07-11,pranarom,all,infection urinaire remède rapide,8.6,1,75,final
2025-07-12,pranarom,all,infection urinaire remède rapide,7.8,1,82,final
2025-07-13,pranarom,all,infection urinaire remède rapide,7.9,1,95,final
2025-07-14,pranarom,all,infection urinaire remède rapide,7.9,1,105,final
2025-07-15,pranarom,all,infection urinaire remède rapide,8.1,0,88,final
2025-07-16,pranarom,all,infection urinaire remède rapide,8.5,0,76,final
2025-07-17,pranarom,all,infection urinaire remède rapide,7.4,0,88,final
2025-07-18,pranarom,all,infection urinaire remède rapide,6.2,0,83,final
2025-07-19,pranarom,all,infection urinaire remède rapide,6.3,0,104,final
2025-07-20,pranarom,all,infection urinaire remède rapide,6.3,0,123,final
2025-07-21,pranarom,all,infection urinaire remède rapide,6.5,1,127,final
2025-07-22,pranarom,all,infection urinaire remède rapide,6.5,0,85,final
2025-07-23,pranarom,all,infection urinaire remède rapide,7.0,4,106,final
2025-07-24,pranarom,all,infection urinaire remède rapide,6.4,2,94,final
2025-07-25,pranarom,all,infection urinaire remède rapide,3.8,2,83,final
2025-07-26,pranarom,all,infection urinaire remède rapide,4.0,3,85,final
2025-07-27,pranarom,all,infection urinaire remède rapide,4.2,3,107,final
2025-07-28,pranarom,all,infection urinaire remède rapide,4.5,2,94,final
2025-07-29,pranarom,all,infection urinaire remède rapide,4.5,2,91,final
2025-07-30,pranarom,all,infection urinaire remède rapide,4.1,4,85,final
2025-07-31,pranarom,all,infection urinaire remède rapide,4.0,4,92,final
2025-08-01,pranarom,all,infection urinaire remède rapide,3.6,1,68,final
2025-08-02,pranarom,all,infection urinaire remède rapide,3.6,0,83,final
2025-08-03,pranarom,all,infection urinaire remède rapide,4.4,1,111,final
2025-08-04,pranarom,all,infection urinaire remède rapide,4.2,3,84,final
2025-08-05,pranarom,all,infection urinaire remède rapide,3.6,6,96,final
2025-08-06,pranarom,all,infection urinaire remède rapide,4.1,3,84,final
2025-08-07,pranarom,all,infection urinaire remède rapide,4.4,0,80,final
2025-08-08,pranarom,all,infection urinaire remède rapide,4.6,3,91,final
2025-08-09,pranarom,all,infection urinaire remède rapide,4.3,3,99,final
2025-08-10,pranarom,all,infection urinaire remède rapide,3.9,1,109,final
2025-08-11,pranarom,all,infection urinaire remède rapide,4.0,1,103,final
2025-08-12,pranarom,all,infection urinaire remède rapide,4.0,2,77,final
2025-08-13,pranarom,all,infection urinaire remède rapide,3.9,3,87,final
2025-08-14,pranarom,all,infection urinaire remède rapide,4.1,1,96,final
2025-08-15,pranarom,all,infection urinaire remède rapide,3.8,3,109,final
2025-08-16,pranarom,all,infection urinaire remède rapide,3.4,3,116,final
2025-08-17,pranarom,all,infection urinaire remède rapide,3.8,2,120,final
2025-08-18,pranarom,all,infection urinaire remède rapide,4.6,3,114,final
2025-08-19,pranarom,all,infection urinaire remède rapide,4.1,3,104,final
2025-08-20,pranarom,all,infection urinaire remède rapide,4.1,1,96,final
2025-08-21,pranarom,all,infection urinaire remède rapide,4.3,3,93,final
2025-08-22,pranarom,all,infection urinaire remède rapide,4.6,2,82,final
2025-08-23,pranarom,all,infection urinaire remède rapide,3.8,1,74,final
2025-08-24,pranarom,all,infection urinaire remède rapide,3.9,2,75,final
2025-08-25,pranarom,all,infection urinaire remède rapide,4.8,3,107,final
2025-08-26,pranarom,all,infection urinaire remède rapide,3.9,3,96,final
2025-08-27,pranarom,all,infection urinaire remède rapide,3.9,3,97,final
2025-08-28,pranarom,all,infection urinaire remède rapide,3.7,2,78,final
2025-08-29,pranarom,all,infection urinaire remède rapide,3.8,6,78,final
2025-08-30,pranarom,all,infection urinaire remède rapide,3.7,2,91,final
2025-08-31,pranarom,all,infection urinaire remède rapide,3.9,2,94,final
2025-09-01,pranarom,all,infection urinaire remède rapide,3.7,2,89,final
2025-09-02,pranarom,all,infection urinaire remède rapide,3.8,1,73,final
2025-09-03,pranarom,all,infection urinaire remède rapide,4.0,4,95,final
2025-09-04,pranarom,all,infection urinaire remède rapide,3.4,0,75,final
2025-09-05,pranarom,all,infection urinaire remède rapide,4.5,0,90,final
2025-09-06,pranarom,all,infection urinaire remède rapide,3.9,4,85,final
2025-09-07,pranarom,all,infection urinaire remède rapide,3.9,0,66,final
2025-09-08,pranarom,all,infection urinaire remède rapide,4.1,0,85,final
2025-09-09,pranarom,all,infection urinaire remède rapide,4.1,1,63,final
2025-09-10,pranarom,all,infection urinaire remède rapide,4.0,4,110,final
2025-09-11,pranarom,all,infection urinaire remède rapide,3.7,3,86,final
2025-09-12,pranarom,all,infection urinaire remède rapide,3.6,0,79,final
2025-09-13,pranarom,all,infection urinaire remède rapide,3.3,1,82,final
2025-09-14,pranarom,all,infection urinaire remède rapide,3.7,4,88,final
2025-09-15,pranarom,all,infection urinaire remède rapide,3.5,3,93,final
2025-09-16,pranarom,all,infection urinaire remède rapide,3.7,3,84,final
2025-09-17,pranarom,all,infection urinaire remède rapide,3.1,4,95,final
2025-09-18,pranarom,all,infection urinaire remède rapide,4.3,2,75,final
2025-09-19,pranarom,all,infection urinaire remède rapide,3.5,4,72,final
2025-09-20,pranarom,all,infection urinaire remède rapide,3.6,3,80,final
2025-09-21,pranarom,all,infection urinaire remède rapide,3.1,1,57,final
2025-09-22,pranarom,all,infection urinaire remède rapide,4.9,2,86,final
2025-09-23,pranarom,all,infection urinaire remède rapide,3.3,1,86,final
2025-09-24,pranarom,all,infection urinaire remède rapide,3,4,61,final
2025-09-25,pranarom,all,infection urinaire remède rapide,3.9,1,66,final
2025-09-26,pranarom,all,infection urinaire remède rapide,4.3,3,74,final
2025-09-27,pranarom,all,infection urinaire remède rapide,3.5,2,57,final
2025-09-28,pranarom,all,infection urinaire remède rapide,4.1,1,95,final
2025-09-29,pranarom,all,infection urinaire remède rapide,3.8,2,74,final
2025-09-30,pranarom,all,infection urinaire remède rapide,3.3,4,84,final
2025-10-01,pranarom,all,infection urinaire remède rapide,3.3,3,88,final
2025-10-02,pranarom,all,infection urinaire remède rapide,3.1,1,72,final
2025-10-03,pranarom,all,infection urinaire remède rapide,3.5,1,71,final
2025-10-04,pranarom,all,infection urinaire remède rapide,3.8,1,74,final
2025-10-05,pranarom,all,infection urinaire remède rapide,4.0,4,79,final
2025-10-06,pranarom,all,infection urinaire remède rapide,3.8,1,87,final
2025-10-07,pranarom,all,infection urinaire remède rapide,3.6,3,62,final
2025-10-08,pranarom,all,infection urinaire remède rapide,3.3,3,74,final
2025-10-09,pranarom,all,infection urinaire remède rapide,3.1,2,305,final
2025-10-10,pranarom,all,infection urinaire remède rapide,4.1,3,90,final
2025-10-11,pranarom,all,infection urinaire remède rapide,3.2,2,75,final
2025-10-12,pranarom,all,infection urinaire remède rapide,3.0,2,85,final
2025-10-13,pranarom,all,infection urinaire remède rapide,3.0,3,97,final
2025-10-14,pranarom,all,infection urinaire remède rapide,3.6,1,77,final
2025-10-15,pranarom,all,infection urinaire remède rapide,4.3,3,90,final
2025-10-16,pranarom,all,infection urinaire remède rapide,4.7,2,77,final
2025-10-17,pranarom,all,infection urinaire remède rapide,3.8,1,79,final
2025-10-18,pranarom,all,infection urinaire remède rapide,4.0,1,85,final
2025-10-19,pranarom,all,infection urinaire remède rapide,3.5,2,82,final
2025-10-20,pranarom,all,infection urinaire remède rapide,3.7,1,99,final
2025-10-21,pranarom,all,infection urinaire remède rapide,3.7,1,75,final
2025-10-22,pranarom,all,infection urinaire remède rapide,4.9,3,76,final
2025-10-23,pranarom,all,infection urinaire remède rapide,4.9,1,88,final
2025-10-24,pranarom,all,infection urinaire remède rapide,4.8,1,84,final
2025-10-25,pranarom,all,infection urinaire remède rapide,4.4,0,83,final
2025-10-26,pranarom,all,infection urinaire remède rapide,4.8,2,78,final
2025-10-27,pranarom,all,infection urinaire remède rapide,4.6,2,78,final
2025-10-28,pranarom,all,infection urinaire remède rapide,4.4,1,71,final
2025-10-29,pranarom,all,infection urinaire remède rapide,4.7,4,75,final
2025-10-30,pranarom,all,infection urinaire remède rapide,3.9,7,86,final
2025-10-31,pranarom,all,infection urinaire remède rapide,4.2,2,64,final
2025-11-01,pranarom,all,infection urinaire remède rapide,5.5,1,94,final
2025-11-02,pranarom,all,infection urinaire remède rapide,4.4,2,113,final
2025-11-03,pranarom,all,infection urinaire remède rapide,4.3,3,85,final
2025-11-04,pranarom,all,infection urinaire remède rapide,4.3,0,85,final
2025-11-05,pranarom,all,infection urinaire remède rapide,4.4,3,86,final
2025-11-06,pranarom,all,infection urinaire remède rapide,4.4,3,89,final
2025-11-07,pranarom,all,infection urinaire remède rapide,5.8,3,103,final
2025-11-08,pranarom,all,infection urinaire remède rapide,4.3,1,85,final
2025-11-09,pranarom,all,infection urinaire remède rapide,4.3,0,97,final
2025-11-10,pranarom,all,infection urinaire remède rapide,4.2,0,108,final
2025-11-11,pranarom,all,infection urinaire remède rapide,4.8,1,109,final
2025-11-12,pranarom,all,infection urinaire remède rapide,4.5,2,80,final
2025-11-13,pranarom,all,infection urinaire remède rapide,5.0,0,93,final
2025-11-14,pranarom,all,infection urinaire remède rapide,4.7,0,59,final
2025-11-15,pranarom,all,infection urinaire remède rapide,4.1,0,93,final
2025-11-16,pranarom,all,infection urinaire remède rapide,4.5,5,101,final
2025-11-17,pranarom,all,infection urinaire remède rapide,4.0,0,91,final
2025-11-18,pranarom,all,infection urinaire remède rapide,4.3,2,76,final
2025-11-19,pranarom,all,infection urinaire remède rapide,3.6,1,73,final
2025-11-20,pranarom,all,infection urinaire remède rapide,3.8,1,70,final
2025-11-21,pranarom,all,infection urinaire remède rapide,4.0,5,61,final
2025-11-22,pranarom,all,infection urinaire remède rapide,4.1,3,74,final
2025-11-23,pranarom,all,infection urinaire remède rapide,3.5,4,71,final
2025-11-24,pranarom,all,infection urinaire remède rapide,3.9,4,71,final
2025-11-25,pranarom,all,infection urinaire remède rapide,4.1,4,80,final
2025-11-26,pranarom,all,infection urinaire remède rapide,4.0,1,91,final
2025-11-27,pranarom,all,infection urinaire remède rapide,4.5,2,75,final
2025-11-28,pranarom,all,infection urinaire remède rapide,5.7,4,71,final
2025-11-29,pranarom,all,infection urinaire remède rapide,4.9,0,64,final
2025-11-30,pranarom,all,infection urinaire remède rapide,4.8,2,100,final
2025-12-01,pranarom,all,infection urinaire remède rapide,4.0,0,60,final
2025-12-02,pranarom,all,infection urinaire remède rapide,5.5,2,98,final
2025-12-03,pranarom,all,infection urinaire remède rapide,4.9,3,86,final
2025-12-04,pranarom,all,infection urinaire remède rapide,3.9,3,86,final
2025-12-05,pranarom,all,infection urinaire remède rapide,4.0,4,90,final
2025-12-06,pranarom,all,infection urinaire remède rapide,4.2,2,85,final
2025-12-07,pranarom,all,infection urinaire remède rapide,4.8,3,83,final
2025-12-08,pranarom,all,infection urinaire remède rapide,3.1,1,63,final
2025-12-09,pranarom,all,infection urinaire remède rapide,3.2,0,66,final
2025-12-10,pranarom,all,infection urinaire remède rapide,3.3,4,78,final
2025-12-11,pranarom,all,infection urinaire remède rapide,3.4,0,67,final
2025-12-12,pranarom,all,infection urinaire remède rapide,3.9,0,80,final
2025-12-13,pranarom,all,infection urinaire remède rapide,4.1,1,65,final
2025-12-14,pranarom,all,infection urinaire remède rapide,4.3,2,90,final
2025-12-15,pranarom,all,infection urinaire remède rapide,3.4,6,98,final
2025-12-16,pranarom,all,infection urinaire remède rapide,3.7,2,58,final
2025-12-17,pranarom,all,infection urinaire remède rapide,5.2,2,76,final
2025-12-18,pranarom,all,infection urinaire remède rapide,4.8,2,73,final
2025-12-19,pranarom,all,infection urinaire remède rapide,3.2,1,64,final
2025-12-20,pranarom,all,infection urinaire remède rapide,3.9,0,72,final
2025-12-21,pranarom,all,infection urinaire remède rapide,3.5,1,70,final
2025-12-22,pranarom,all,infection urinaire remède rapide,4.4,2,79,final
2025-12-23,pranarom,all,infection urinaire remède rapide,3.6,2,76,final
2025-12-24,pranarom,all,infection urinaire remède rapide,4.6,2,55,final
2025-12-25,pranarom,all,infection urinaire remède rapide,5.2,1,65,final
2025-12-26,pranarom,all,infection urinaire remède rapide,3.4,3,107,final
2025-12-27,pranarom,all,infection urinaire remède rapide,4.4,5,77,final
2025-12-28,pranarom,all,infection urinaire remède rapide,3.1,2,95,final
2025-12-29,pranarom,all,infection urinaire remède rapide,4.3,3,86,final
2025-12-30,pranarom,all,infection urinaire remède rapide,3.8,1,91,final
2025-12-31,pranarom,all,infection urinaire remède rapide,5.9,4,63,final
2026-01-01,pranarom,all,infection urinaire remède rapide,4.7,3,76,final
2026-01-02,pranarom,all,infection urinaire remède rapide,3.2,1,105,final
2026-01-03,pranarom,all,infection urinaire remède rapide,3.4,1,92,final
2026-01-04,pranarom,all,infection urinaire remède rapide,4.3,3,93,final
2026-01-05,pranarom,all,infection urinaire remède rapide,4.2,4,83,final
2026-01-06,pranarom,all,infection urinaire remède rapide,3.5,4,77,final
2026-01-07,pranarom,all,infection urinaire remède rapide,3.2,2,69,final
2026-01-08,pranarom,all,infection urinaire remède rapide,3.1,2,79,final
2026-01-09,pranarom,all,infection urinaire remède rapide,3.6,4,64,final
2026-01-10,pranarom,all,infection urinaire remède rapide,3.4,4,88,final
2026-01-11,pranarom,all,infection urinaire remède rapide,4.4,4,80,final
2026-01-12,pranarom,all,infection urinaire remède rapide,3.5,1,67,final
2026-01-13,pranarom,all,infection urinaire remède rapide,4.1,1,85,final
2026-01-14,pranarom,all,infection urinaire remède rapide,3.9,1,68,final
2026-01-15,pranarom,all,infection urinaire remède rapide,3.8,0,74,final
2026-01-16,pranarom,all,infection urinaire remède rapide,3.6,0,81,final
2026-01-17,pranarom,all,infection urinaire remède rapide,3.4,2,79,final
2026-01-18,pranarom,all,infection urinaire remède rapide,3.3,1,93,final
2026-01-19,pranarom,all,infection urinaire remède rapide,3.3,1,96,final
2026-01-20,pranarom,all,infection urinaire remède rapide,3.4,1,83,final
2026-01-21,pranarom,all,infection urinaire remède rapide,3.6,2,81,final
2026-01-22,pranarom,all,infection urinaire remède rapide,4.9,0,67,final
2026-01-23,pranarom,all,infection urinaire remède rapide,5.0,0,59,final
2026-01-24,pranarom,all,infection urinaire remède rapide,4.3,1,70,final
2026-01-25,pranarom,all,infection urinaire remède rapide,5.9,1,56,final
2026-01-26,pranarom,all,infection urinaire remède rapide,3.4,2,89,final
2026-01-27,pranarom,all,infection urinaire remède rapide,4.1,5,84,final
2026-01-28,pranarom,all,infection urinaire remède rapide,3.6,2,82,final
2026-01-29,pranarom,all,infection urinaire remède rapide,4.2,1,95,final
2026-01-30,pranarom,all,infection urinaire remède rapide,4.1,1,78,final
2026-01-31,pranarom,all,infection urinaire remède rapide,5.2,0,77,final
2026-02-01,pranarom,all,infection urinaire remède rapide,5.6,1,88,final
2026-02-02,pranarom,all,infection urinaire remède rapide,4.5,0,88,final
2026-02-03,pranarom,all,infection urinaire remède rapide,5.5,2,66,final
2026-02-04,pranarom,all,infection urinaire remède rapide,6,0,75,final
2026-02-05,pranarom,all,infection urinaire remède rapide,6.5,1,68,final
2026-02-06,pranarom,all,infection urinaire remède rapide,7.1,2,77,final
2026-02-07,pranarom,all,infection urinaire remède rapide,4.9,1,91,final
2026-02-08,pranarom,all,infection urinaire remède rapide,5.5,0,84,final
2026-02-09,pranarom,all,infection urinaire remède rapide,5.1,0,76,final
2026-02-10,pranarom,all,infection urinaire remède rapide,5.9,0,86,final
2026-02-11,pranarom,all,infection urinaire remède rapide,7.2,0,66,final
2026-02-12,pranarom,all,infection urinaire remède rapide,4.7,0,75,final
2026-02-13,pranarom,all,infection urinaire remède rapide,4.6,1,80,final
2026-02-14,pranarom,all,infection urinaire remède rapide,4.2,2,71,final
2026-02-15,pranarom,all,infection urinaire remède rapide,4.4,0,71,final
2026-02-16,pranarom,all,infection urinaire remède rapide,4.0,4,91,final
2026-02-17,pranarom,all,infection urinaire remède rapide,4.5,1,61,final
2026-02-18,pranarom,all,infection urinaire remède rapide,4.1,3,82,final
2026-02-19,pranarom,all,infection urinaire remède rapide,4.5,3,72,final
2026-02-20,pranarom,all,infection urinaire remède rapide,3.7,2,76,final
2026-02-21,pranarom,all,infection urinaire remède rapide,5.4,1,76,final
2026-02-22,pranarom,all,infection urinaire remède rapide,6.1,0,82,final
2026-02-23,pranarom,all,infection urinaire remède rapide,5.6,0,85,final
2026-02-24,pranarom,all,infection urinaire remède rapide,5.8,1,77,final
2026-02-25,pranarom,all,infection urinaire remède rapide,4.4,3,67,final
2026-02-26,pranarom,all,infection urinaire remède rapide,4.6,2,82,final
2026-02-27,pranarom,all,infection urinaire remède rapide,3.5,3,61,final
2026-02-28,pranarom,all,infection urinaire remède rapide,4.0,2,80,final
2026-03-01,pranarom,all,infection urinaire remède rapide,4.7,1,72,final
2026-03-02,pranarom,all,infection urinaire remède rapide,4.0,2,72,final
2026-03-03,pranarom,all,infection urinaire remède rapide,3.5,1,78,final
2026-03-04,pranarom,all,infection urinaire remède rapide,3.8,2,79,final
2026-03-05,pranarom,all,infection urinaire remède rapide,3.5,6,84,final
2026-03-06,pranarom,all,infection urinaire remède rapide,3.3,0,84,final
2026-03-07,pranarom,all,infection urinaire remède rapide,2.4,2,78,final
2026-03-08,pranarom,all,infection urinaire remède rapide,3.2,1,65,final
2026-03-09,pranarom,all,infection urinaire remède rapide,2.9,3,81,final
2026-03-10,pranarom,all,infection urinaire remède rapide,3.0,0,95,final
2026-03-11,pranarom,all,infection urinaire remède rapide,2.6,4,83,final
2026-03-12,pranarom,all,infection urinaire remède rapide,3.3,3,93,final
2026-03-13,pranarom,all,infection urinaire remède rapide,2.6,2,78,final
2026-03-14,pranarom,all,infection urinaire remède rapide,3.6,2,93,final
2026-03-15,pranarom,all,infection urinaire remède rapide,3.1,2,76,final
2026-03-16,pranarom,all,infection urinaire remède rapide,3.7,2,111,final
2026-03-17,pranarom,all,infection urinaire remède rapide,3.8,0,78,final
2026-03-18,pranarom,all,infection urinaire remède rapide,3.8,1,98,final
2026-03-19,pranarom,all,infection urinaire remède rapide,4.5,2,73,final
2026-03-20,pranarom,all,infection urinaire remède rapide,4.7,3,70,final
2026-03-21,pranarom,all,infection urinaire remède rapide,4.6,2,68,final
2026-03-22,pranarom,all,infection urinaire remède rapide,4.4,1,74,final
2026-03-23,pranarom,all,infection urinaire remède rapide,4.4,2,76,final
2026-03-24,pranarom,all,infection urinaire remède rapide,4.3,1,61,final
2026-03-25,pranarom,all,infection urinaire remède rapide,3.5,2,88,final
2026-03-26,pranarom,all,infection urinaire remède rapide,3.3,4,74,final
2026-03-27,pranarom,all,infection urinaire remède rapide,3.6,2,77,final
2026-03-28,pranarom,all,infection urinaire remède rapide,3.5,2,87,final
2026-03-29,pranarom,all,infection urinaire remède rapide,3.7,2,62,final
2026-03-30,pranarom,all,infection urinaire remède rapide,3.6,2,78,final
2026-03-31,pranarom,all,infection urinaire remède rapide,3.5,2,91,final
2026-04-01,pranarom,all,infection urinaire remède rapide,3.3,4,90,final
2026-04-02,pranarom,all,infection urinaire remède rapide,3.0,1,100,final
2026-04-03,pranarom,all,infection urinaire remède rapide,3.0,1,96,final
2026-04-04,pranarom,all,infection urinaire remède rapide,3.5,0,84,final
2026-04-05,pranarom,all,infection urinaire remède rapide,3.1,2,86,final
2026-04-06,pranarom,all,infection urinaire remède rapide,3.0,0,102,final
2026-04-07,pranarom,all,infection urinaire remède rapide,3.3,5,75,final
2026-04-08,pranarom,all,infection urinaire remède rapide,3.2,0,76,final
2026-04-09,pranarom,all,infection urinaire remède rapide,2.9,3,72,final
2026-04-10,pranarom,all,infection urinaire remède rapide,3.1,5,97,final
2026-04-11,pranarom,all,infection urinaire remède rapide,4.0,2,88,final
2026-04-12,pranarom,all,infection urinaire remède rapide,4.4,2,96,final
2026-04-13,pranarom,all,infection urinaire remède rapide,4.6,0,74,final
2026-04-14,pranarom,all,infection urinaire remède rapide,3.8,3,77,final
2026-04-15,pranarom,all,infection urinaire remède rapide,3.7,0,79,final
2026-04-16,pranarom,all,infection urinaire remède rapide,3.1,3,81,final
2026-04-17,pranarom,all,infection urinaire remède rapide,3.1,0,72,final
2026-04-18,pranarom,all,infection urinaire remède rapide,3.6,3,81,final
2026-04-19,pranarom,all,infection urinaire remède rapide,3.8,2,72,final
2026-04-20,pranarom,all,infection urinaire remède rapide,3.4,3,72,final
2026-04-21,pranarom,all,infection urinaire remède rapide,3.1,3,76,final
2026-04-22,pranarom,all,infection urinaire remède rapide,3.7,3,73,final
2026-04-23,pranarom,all,infection urinaire remède rapide,4.5,1,65,final
2026-04-24,pranarom,all,infection urinaire remède rapide,5.0,2,74,final
2026-04-25,pranarom,all,infection urinaire remède rapide,5.0,2,70,final
2026-04-26,pranarom,all,infection urinaire remède rapide,5.0,0,63,final
2026-04-27,pranarom,all,infection urinaire remède rapide,7.3,1,87,final
2026-04-28,pranarom,all,infection urinaire remède rapide,5.8,1,73,final
2026-04-29,pranarom,all,infection urinaire remède rapide,4.8,2,61,final
2026-04-30,pranarom,all,infection urinaire remède rapide,4.5,0,73,final
2026-05-01,pranarom,all,infection urinaire remède rapide,4.3,0,100,final
2026-05-02,pranarom,all,infection urinaire remède rapide,4.7,1,75,final
2026-05-03,pranarom,all,infection urinaire remède rapide,5.0,0,100,final
2026-05-04,pranarom,all,infection urinaire remède rapide,5.1,2,86,final
2026-05-05,pranarom,all,infection urinaire remède rapide,6.2,2,88,final
2026-05-06,pranarom,all,infection urinaire remède rapide,4.1,1,78,final
2026-05-07,pranarom,all,infection urinaire remède rapide,4.7,0,74,final
2026-05-08,pranarom,all,infection urinaire remède rapide,5.8,1,64,final
2026-05-09,pranarom,all,infection urinaire remède rapide,5.1,3,76,final
2026-05-10,pranarom,all,infection urinaire remède rapide,5.2,0,86,final
2026-05-11,pranarom,all,infection urinaire remède rapide,6.3,1,88,final
2026-05-12,pranarom,all,infection urinaire remède rapide,5.7,3,66,final
2026-05-13,pranarom,all,infection urinaire remède rapide,5.4,0,72,final
2026-05-14,pranarom,all,infection urinaire remède rapide,7.7,1,80,final
2026-05-15,pranarom,all,infection urinaire remède rapide,6.5,1,73,final
2026-05-16,pranarom,all,infection urinaire remède rapide,6.1,0,68,final
2026-05-17,pranarom,all,infection urinaire remède rapide,5.4,1,67,final
2026-05-18,pranarom,all,infection urinaire remède rapide,4.8,2,84,final
2026-05-19,pranarom,all,infection urinaire remède rapide,5.3,0,56,final
2026-05-20,pranarom,all,infection urinaire remède rapide,5.4,1,83,final
2026-05-21,pranarom,all,infection urinaire remède rapide,6.0,1,87,final
2026-05-22,pranarom,all,infection urinaire remède rapide,5.7,0,69,final
2026-05-23,pranarom,all,infection urinaire remède rapide,5.8,0,53,final
2026-05-24,pranarom,all,infection urinaire remède rapide,5.4,2,82,final
2026-05-25,pranarom,all,infection urinaire remède rapide,5.4,0,69,final
2026-05-26,pranarom,all,infection urinaire remède rapide,6.4,1,75,final
2026-05-27,pranarom,all,infection urinaire remède rapide,5.6,0,66,final
2026-05-28,pranarom,all,infection urinaire remède rapide,6.0,1,65,final
2026-05-29,pranarom,all,infection urinaire remède rapide,5.4,0,65,final
2026-05-30,pranarom,all,infection urinaire remède rapide,5.0,1,75,final
2026-05-31,pranarom,all,infection urinaire remède rapide,6.4,2,56,final
2026-06-01,pranarom,all,infection urinaire remède rapide,6.5,3,74,final
2026-06-02,pranarom,all,infection urinaire remède rapide,4.8,1,75,final
2026-06-03,pranarom,all,infection urinaire remède rapide,4.9,1,97,final
2026-06-04,pranarom,all,infection urinaire remède rapide,4.2,1,63,final
2026-06-05,pranarom,all,infection urinaire remède rapide,4.5,2,59,final
2026-06-06,pranarom,all,infection urinaire remède rapide,5.3,1,65,final
2026-06-07,pranarom,all,infection urinaire remède rapide,4.5,1,70,final
2026-06-08,pranarom,all,infection urinaire remède rapide,4.7,2,91,final
2026-06-09,pranarom,all,infection urinaire remède rapide,4.9,3,87,final
2026-06-10,pranarom,all,infection urinaire remède rapide,4.4,1,74,final
2026-06-11,pranarom,all,infection urinaire remède rapide,4.9,1,25,final
2026-06-12,pranarom,all,infection urinaire remède rapide,5.7,0,77,final
2026-06-13,pranarom,all,infection urinaire remède rapide,5.0,1,74,final
2026-06-14,pranarom,all,infection urinaire remède rapide,5.3,2,107,final
2026-06-15,pranarom,all,infection urinaire remède rapide,5.3,2,102,final
2026-06-16,pranarom,all,infection urinaire remède rapide,4.9,3,79,final
2026-06-17,pranarom,all,infection urinaire remède rapide,3.5,3,79,final
2026-06-18,pranarom,all,infection urinaire remède rapide,5.1,0,90,final
2026-06-19,pranarom,all,infection urinaire remède rapide,5.3,1,82,final
2026-06-20,pranarom,all,infection urinaire remède rapide,5.5,0,66,final
2026-06-21,pranarom,all,infection urinaire remède rapide,6.1,1,115,final
2026-06-22,pranarom,all,infection urinaire remède rapide,5.4,2,84,final
2026-06-23,pranarom,all,infection urinaire remède rapide,5.0,4,70,final
2026-06-24,pranarom,all,infection urinaire remède rapide,5.0,1,90,final
2026-06-25,pranarom,all,infection urinaire remède rapide,5.7,1,61,final
2026-06-26,pranarom,all,infection urinaire remède rapide,5.2,3,75,final
2026-06-27,pranarom,all,infection urinaire remède rapide,5.3,1,101,final
2026-06-28,pranarom,all,infection urinaire remède rapide,4.9,3,90,final
2026-06-29,pranarom,all,infection urinaire remède rapide,4.9,1,97,final
2026-06-30,pranarom,all,infection urinaire remède rapide,4.9,1,89,final
2026-07-01,pranarom,all,infection urinaire remède rapide,4.6,2,114,final
2026-07-02,pranarom,all,infection urinaire remède rapide,4.6,2,90,final
2026-07-03,pranarom,all,infection urinaire remède rapide,5.0,1,82,final
2026-07-04,pranarom,all,infection urinaire remède rapide,4.8,0,105,final
2026-07-05,pranarom,all,infection urinaire remède rapide,5.0,2,85,final
2026-07-06,pranarom,all,infection urinaire remède rapide,4.9,2,120,final
2026-07-07,pranarom,all,infection urinaire remède rapide,4.9,0,90,final
2026-07-08,pranarom,all,infection urinaire remède rapide,5.4,1,98,final
2026-07-09,pranarom,all,infection urinaire remède rapide,5.5,1,93,final
2026-07-10,pranarom,all,infection urinaire remède rapide,4.5,0,97,final
2026-07-11,pranarom,all,infection urinaire remède rapide,5.1,1,98,final
2026-07-12,pranarom,all,infection urinaire remède rapide,5.2,4,121,final
2026-07-13,pranarom,all,infection urinaire remède rapide,5.2,1,106,final
2026-07-14,pranarom,all,infection urinaire remède rapide,4.7,3,114,final
2026-07-15,pranarom,all,infection urinaire remède rapide,4.6,2,90,final
2026-07-16,pranarom,all,infection urinaire remède rapide,3.8,6,142,final
2026-07-17,pranarom,all,infection urinaire remède rapide,3.6,6,108,final
2026-07-18,pranarom,all,infection urinaire remède rapide,4.3,1,127,final
2026-07-19,pranarom,all,infection urinaire remède rapide,4.2,2,112,final
2026-07-20,pranarom,all,infection urinaire remède rapide,4.0,3,123,final
2026-07-21,pranarom,all,infection urinaire remède rapide,4.3,2,98,final
2026-07-22,pranarom,all,infection urinaire remède rapide,4.2,1,90,final
2026-07-23,pranarom,all,infection urinaire remède rapide,4.7,2,93,final
2026-07-24,pranarom,all,infection urinaire remède rapide,4.4,3,107,final
2026-07-25,pranarom,all,infection urinaire remède rapide,4.9,1,101,final
2026-07-26,pranarom,all,infection urinaire remède rapide,4.7,2,132,final
2026-07-27,pranarom,all,infection urinaire remède rapide,4.7,2,113,final
2026-07-28,pranarom,all,infection urinaire remède rapide,4.6,3,111,final
2026-07-29,pranarom,all,infection urinaire remède rapide,4.8,2,122,final
2026-07-30,pranarom,all,infection urinaire remède rapide,5.0,1,115,final
2026-07-31,pranarom,all,infection urinaire remède rapide,5.0,1,102,final
2026-08-01,pranarom,all,infection urinaire remède rapide,4.9,1,121,final
2026-08-02,pranarom,all,infection urinaire remède rapide,5.1,0,91,final
2026-08-03,pranarom,all,infection urinaire remède rapide,4.7,2,94,final
2026-08-04,pranarom,all,infection urinaire remède rapide,4.6,0,121,final
2026-08-05,pranarom,all,infection urinaire remède rapide,5.0,0,93,final
2026-08-06,pranarom,all,infection urinaire remède rapide,5.0,0,89,final
2026-08-07,pranarom,all,infection urinaire remède rapide,4.9,1,108,final
2026-08-08,pranarom,all,infection urinaire remède rapide,5.4,0,118,final
2026-08-09,pranarom,all,infection urinaire remède rapide,4.9,3,94,final
2026-08-10,pranarom,all,infection urinaire remède rapide,4.5,1,91,final
2026-08-11,pranarom,all,infection urinaire remède rapide,4.8,0,111,final
2026-08-12,pranarom,all,infection urinaire remède rapide,4.4,2,110,final
2026-08-13,pranarom,all,infection urinaire remède rapide,5.0,1,85,final
2026-08-14,pranarom,all,infection urinaire remède rapide,4.5,1,108,final
2026-08-15,pranarom,all,infection urinaire remède rapide,4.2,1,104,final
2026-08-16,pranarom,all,infection urinaire remède rapide,4.1,1,90,final
2026-08-17,pranarom,all,infection urinaire remède rapide,4.1,6,130,final
2026-08-18,pranarom,all,infection urinaire remède rapide,4.2,2,131,final
2026-08-19,pranarom,all,infection urinaire remède rapide,4.5,4,112,final
2026-08-20,pranarom,all,infection urinaire remède rapide,4.3,1,106,final
2026-08-21,pranarom,all,infection urinaire remède rapide,4.2,1,104,final
2026-08-22,pranarom,all,infection urinaire remède rapide,4.3,1,123,final
2026-08-23,pranarom,all,infection urinaire remède rapide,4.4,2,103,final
2026-08-24,pranarom,all,infection urinaire remède rapide,4.2,2,128,final
2026-08-25,pranarom,all,infection urinaire remède rapide,4.6,3,105,final
2026-08-26,pranarom,all,infection urinaire remède rapide,4.6,2,119,final
2026-08-27,pranarom,all,infection urinaire remède rapide,4.5,1,121,final
2026-08-28,pranarom,all,infection urinaire remède rapide,4.4,0,139,final
2026-08-29,pranarom,all,infection urinaire remède rapide,4.0,1,102,final
2026-08-30,pranarom,all,infection urinaire remède rapide,4.1,2,122,final
2026-08-31,pranarom,all,infection urinaire remède rapide,4.0,2,103,final
2026-09-01,pranarom,all,infection urinaire remède rapide,4.5,0,121,final
2026-09-02,pranarom,all,infection urinaire remède rapide,4.2,1,135,final
2026-09-03,pranarom,all,infection urinaire remède rapide,3.7,6,144,final
2026-09-04,pranarom,all,infection urinaire remède rapide,4.1,2,112,final
2026-09-05,pranarom,all,infection urinaire remède rapide,3.7,2,93,final
2026-09-06,pranarom,all,infection urinaire remède rapide,3.7,5,108,final
2026-09-07,pranarom,all,infection urinaire remède rapide,3.7,6,105,final
2026-09-08,pranarom,all,infection urinaire remède rapide,4.1,2,91,final
2026-09-09,pranarom,all,infection urinaire remède rapide,3.7,1,89,final
2026-09-10,pranarom,all,infection urinaire remède rapide,4.0,0,93,final
2026-09-11,pranarom,all,infection urinaire remède rapide,3.9,5,96,final
2026-09-12,pranarom,all,infection urinaire remède rapide,3.6,2,96,final
2026-09-13,pranarom,all,infection urinaire remède rapide,3.7,2,98,final
2026-09-14,pranarom,all,infection urinaire remède rapide,3.5,2,97,final
2026-09-15,pranarom,all,infection urinaire remède rapide,3.6,1,69,final
2026-09-16,pranarom,all,infection urinaire remède rapide,3.8,6,107,final
2026-09-17,pranarom,all,infection urinaire remède rapide,3.6,1,86,final
2026-09-18,pranarom,all,infection urinaire remède rapide,3.8,4,113,final
2026-09-19,pranarom,all,infection urinaire remède rapide,3.9,4,111,final
2026-09-20,pranarom,all,infection urinaire remède rapide,3.9,3,99,final
2026-09-21,pranarom,all,infection urinaire remède rapide,4.0,4,86,final
2026-09-22,pranarom,all,infection urinaire remède rapide,3.5,2,84,final
2026-09-23,pranarom,all,infection urinaire remède rapide,4.0,2,89,final
2026-09-24,pranarom,all,infection urinaire remède rapide,3.7,4,95,final
2026-09-25,pranarom,all,infection urinaire remède rapide,3.4,5,107,final
2026-09-26,pranarom,all,infection urinaire remède rapide,3.0,2,103,final
2026-09-27,pranarom,all,infection urinaire remède rapide,3.7,4,91,final
2026-09-28,pranarom,all,infection urinaire remède rapide,3.2,5,109,final
2026-09-29,pranarom,all,infection urinaire remède rapide,3.3,6,102,final
2026-09-30,pranarom,all,infection urinaire remède rapide,3.3,4,113,final
2026-10-01,pranarom,all,infection urinaire remède rapide,3.1,0,88,fresh
2026-10-02,pranarom,all,infection urinaire remède rapide,3.4,5,97,fresh
2025-06-15,pranarom,all,infection urinaire traitement,1,0,9,final
2025-06-20,pranarom,all,infection urinaire traitement,1,0,3,final
2025-06-21,pranarom,all,infection urinaire traitement,1.1,0,13,final
2025-06-22,pranarom,all,infection urinaire traitement,1,0,5,final
2025-06-23,pranarom,all,infection urinaire traitement,1.1,0,12,final
2025-06-24,pranarom,all,infection urinaire traitement,1,0,5,final
2025-06-25,pranarom,all,infection urinaire traitement,1,0,9,final
2025-06-28,pranarom,all,infection urinaire traitement,1,0,6,final
2025-06-30,pranarom,all,infection urinaire traitement,8,0,6,final
2025-07-07,pranarom,all,infection urinaire traitement,2,1,2,final
2025-07-08,pranarom,all,infection urinaire traitement,2,0,3,final
2025-07-13,pranarom,all,infection urinaire traitement,2,0,3,final
2025-07-14,pranarom,all,infection urinaire traitement,2,0,3,final
2025-07-15,pranarom,all,infection urinaire traitement,2,0,6,final
2025-07-17,pranarom,all,infection urinaire traitement,2.2,0,4,final
2025-07-19,pranarom,all,infection urinaire traitement,3.1,0,8,final
2025-07-20,pranarom,all,infection urinaire traitement,2.2,0,10,final
2025-07-21,pranarom,all,infection urinaire traitement,15,0,7,final
2025-07-22,pranarom,all,infection urinaire traitement,7.9,0,15,final
2025-07-23,pranarom,all,infection urinaire traitement,1.3,0,14,final
2025-07-25,pranarom,all,infection urinaire traitement,1.9,0,8,final
2025-07-27,pranarom,all,infection urinaire traitement,2.2,1,6,final
2025-07-28,pranarom,all,infection urinaire traitement,2,0,8,final
2025-07-29,pranarom,all,infection urinaire traitement,3.5,0,6,final
2025-07-30,pranarom,all,infection urinaire traitement,3,0,7,final
2025-07-31,pranarom,all,infection urinaire traitement,6.2,0,5,final
2025-08-01,pranarom,all,infection urinaire traitement,4.8,0,4,final
2025-08-02,pranarom,all,infection urinaire traitement,2.5,0,11,final
2025-08-03,pranarom,all,infection urinaire traitement,4.1,0,7,final
2025-08-04,pranarom,all,infection urinaire traitement,3.8,0,10,final
2025-08-05,pranarom,all,infection urinaire traitement,9.8,0,13,final
2025-08-06,pranarom,all,infection urinaire traitement,19.8,0,12,final
2025-08-07,pranarom,all,infection urinaire traitement,10.5,1,101,final
2025-08-08,pranarom,all,infection urinaire traitement,10.5,2,266,final
2025-08-09,pranarom,all,infection urinaire traitement,9.8,1,306,final
2025-08-10,pranarom,all,infection urinaire traitement,10.0,0,314,final
2025-08-11,pranarom,all,infection urinaire traitement,10.0,0,293,final
2025-08-12,pranarom,all,infection urinaire traitement,10.3,1,287,final
2025-08-13,pranarom,all,infection urinaire traitement,8.4,1,332,final
2025-08-14,pranarom,all,infection urinaire traitement,9.0,2,356,final
2025-08-15,pranarom,all,infection urinaire traitement,8.9,4,342,final
2025-08-16,pranarom,all,infection urinaire traitement,8.8,7,328,final
2025-08-17,pranarom,all,infection urinaire traitement,8.9,3,321,final
2025-08-18,pranarom,all,infection urinaire traitement,8.2,0,408,final
2025-08-19,pranarom,all,infection urinaire traitement,8.0,6,352,final
2025-08-20,pranarom,all,infection urinaire traitement,8.1,3,306,final
2025-08-21,pranarom,all,infection urinaire traitement,7.8,4,354,final
2025-08-22,pranarom,all,infection urinaire traitement,7.3,6,366,final
2025-08-23,pranarom,all,infection urinaire traitement,8.8,2,311,final
2025-08-24,pranarom,all,infection urinaire traitement,9.0,1,265,final
2025-08-25,pranarom,all,infection urinaire traitement,4.7,0,22,final
2025-08-26,pranarom,all,infection urinaire traitement,8.9,3,413,final
2025-08-27,pranarom,all,infection urinaire traitement,7.1,1,480,final
2025-08-28,pranarom,all,infection urinaire traitement,7.7,5,424,final
2025-08-29,pranarom,all,infection urinaire traitement,7.6,4,425,final
2025-08-30,pranarom,all,infection urinaire traitement,7.6,4,341,final
2025-08-31,pranarom,all,infection urinaire traitement,8.2,2,421,final
2025-09-01,pranarom,all,infection urinaire traitement,7.6,3,330,final
2025-09-02,pranarom,all,infection urinaire traitement,7.2,6,350,final
2025-09-03,pranarom,all,infection urinaire traitement,8.5,3,248,final
2025-09-04,pranarom,all,infection urinaire traitement,6.1,12,376,final
2025-09-05,pranarom,all,infection urinaire traitement,8.0,3,326,final
2025-09-06,pranarom,all,infection urinaire traitement,9.0,3,340,final
2025-09-07,pranarom,all,infection urinaire traitement,8.3,5,362,final
2025-09-08,pranarom,all,infection urinaire traitement,8.8,3,457,final
2025-09-09,pranarom,all,infection urinaire traitement,9.5,3,340,final
2025-09-10,pranarom,all,infection urinaire traitement,10.0,1,317,final
2025-09-11,pranarom,all,infection urinaire traitement,7.4,1,437,final
2025-09-12,pranarom,all,infection urinaire traitement,6.6,4,390,final
2025-09-13,pranarom,all,infection urinaire traitement,6.6,5,354,final
2025-09-14,pranarom,all,infection urinaire traitement,7.0,6,422,final
2025-09-15,pranarom,all,infection urinaire traitement,6.7,3,463,final
2025-09-16,pranarom,all,infection urinaire traitement,6.8,6,415,final
2025-09-17,pranarom,all,infection urinaire traitement,6.7,6,425,final
2025-09-18,pranarom,all,infection urinaire traitement,7.1,4,401,final
2025-09-19,pranarom,all,infection urinaire traitement,7.3,3,424,final
2025-09-20,pranarom,all,infection urinaire traitement,7.7,2,392,final
2025-09-21,pranarom,all,infection urinaire traitement,7.4,2,310,final
2025-09-22,pranarom,all,infection urinaire traitement,7.3,8,440,final
2025-09-23,pranarom,all,infection urinaire traitement,7.2,8,431,final
2025-09-24,pranarom,all,infection urinaire traitement,7.1,7,416,final
2025-09-25,pranarom,all,infection urinaire traitement,7.4,6,396,final
2025-09-26,pranarom,all,infection urinaire traitement,7.8,6,368,final
2025-09-27,pranarom,all,infection urinaire traitement,8.0,3,305,final
2025-09-28,pranarom,all,infection urinaire traitement,7.8,2,315,final
2025-09-29,pranarom,all,infection urinaire traitement,8.3,4,379,final
2025-09-30,pranarom,all,infection urinaire traitement,9.6,1,375,final
2025-10-01,pranarom,all,infection urinaire traitement,7.1,1,322,final
2025-10-02,pranarom,all,infection urinaire traitement,8.0,1,386,final
2025-10-03,pranarom,all,infection urinaire traitement,8.4,0,354,final
2025-10-04,pranarom,all,infection urinaire traitement,8.8,5,291,final
2025-10-05,pranarom,all,infection urinaire traitement,9.2,2,267,final
2025-10-06,pranarom,all,infection urinaire traitement,9.2,5,381,final
2025-10-07,pranarom,all,infection urinaire traitement,8.7,4,330,final
2025-10-08,pranarom,all,infection urinaire traitement,8.4,2,345,final
2025-10-09,pranarom,all,infection urinaire traitement,8.4,3,581,final
2025-10-10,pranarom,all,infection urinaire traitement,8.0,1,344,final
2025-10-11,pranarom,all,infection urinaire traitement,8.5,2,287,final
2025-10-12,pranarom,all,infection urinaire traitement,8.2,4,346,final
2025-10-13,pranarom,all,infection urinaire traitement,8.3,6,345,final
2025-10-14,pranarom,all,infection urinaire traitement,8.0,7,342,final
2025-10-15,pranarom,all,infection urinaire traitement,8.1,2,382,final
2025-10-16,pranarom,all,infection urinaire traitement,7.9,3,335,final
2025-10-17,pranarom,all,infection urinaire traitement,7.9,3,344,final
2025-10-18,pranarom,all,infection urinaire traitement,8.1,2,296,final
2025-10-19,pranarom,all,infection urinaire traitement,8.0,4,328,final
2025-10-20,pranarom,all,infection urinaire traitement,8.4,2,373,final
2025-10-21,pranarom,all,infection urinaire traitement,8.7,5,377,final
2025-10-22,pranarom,all,infection urinaire traitement,7.8,13,426,final
2025-10-23,pranarom,all,infection urinaire traitement,8.6,2,361,final
2025-10-24,pranarom,all,infection urinaire traitement,9.1,4,379,final
2025-10-25,pranarom,all,infection urinaire traitement,8.9,3,353,final
2025-10-26,pranarom,all,infection urinaire traitement,9.0,3,333,final
2025-10-27,pranarom,all,infection urinaire traitement,9.5,2,369,final
2025-10-28,pranarom,all,infection urinaire traitement,9.3,3,394,final
2025-10-29,pranarom,all,infection urinaire traitement,8.9,3,354,final
2025-10-30,pranarom,all,infection urinaire traitement,8.5,4,359,final
2025-10-31,pranarom,all,infection urinaire traitement,7.6,1,316,final
2025-11-01,pranarom,all,infection urinaire traitement,7.6,7,358,final
2025-11-02,pranarom,all,infection urinaire traitement,7.6,5,413,final
2025-11-03,pranarom,all,infection urinaire traitement,7.3,7,459,final
2025-11-04,pranarom,all,infection urinaire traitement,7.5,3,385,final
2025-11-05,pranarom,all,infection urinaire traitement,6.8,5,353,final
2025-11-06,pranarom,all,infection urinaire traitement,8.1,5,391,final
2025-11-07,pranarom,all,infection urinaire traitement,8.0,3,337,final
2025-11-08,pranarom,all,infection urinaire traitement,8.2,3,343,final
2025-11-09,pranarom,all,infection urinaire traitement,8.3,3,399,final
2025-11-10,pranarom,all,infection urinaire traitement,8.6,2,384,final
2025-11-11,pranarom,all,infection urinaire traitement,7.8,5,371,final
2025-11-12,pranarom,all,infection urinaire traitement,8.3,4,434,final
2025-11-13,pranarom,all,infection urinaire traitement,7.7,3,414,final
2025-11-14,pranarom,all,infection urinaire traitement,7.8,5,417,final
2025-11-15,pranarom,all,infection urinaire traitement,7.2,8,368,final
2025-11-16,pranarom,all,infection urinaire traitement,7.7,2,311,final
2025-11-17,pranarom,all,infection urinaire traitement,7.9,9,399,final
2025-11-18,pranarom,all,infection urinaire traitement,7.9,6,377,final
2025-11-19,pranarom,all,infection urinaire traitement,8.6,2,405,final
2025-11-20,pranarom,all,infection urinaire traitement,9.4,2,369,final
2025-11-21,pranarom,all,infection urinaire traitement,8.8,2,315,final
2025-11-22,pranarom,all,infection urinaire traitement,8.6,1,320,final
2025-11-23,pranarom,all,infection urinaire traitement,8.3,5,336,final
2025-11-24,pranarom,all,infection urinaire traitement,8.9,1,422,final
2025-11-25,pranarom,all,infection urinaire traitement,8.9,9,367,final
2025-11-26,pranarom,all,infection urinaire traitement,8.7,4,363,final
2025-11-27,pranarom,all,infection urinaire traitement,8.5,3,371,final
2025-11-28,pranarom,all,infection urinaire traitement,8.4,2,380,final
2025-11-29,pranarom,all,infection urinaire traitement,9.0,2,351,final
2025-11-30,pranarom,all,infection urinaire traitement,8.6,6,352,final
2025-12-01,pranarom,all,infection urinaire traitement,8.6,3,468,final
2025-12-02,pranarom,all,infection urinaire traitement,9.5,1,379,final
2025-12-03,pranarom,all,infection urinaire traitement,8.7,8,437,final
2025-12-04,pranarom,all,infection urinaire traitement,9.3,1,291,final
2025-12-05,pranarom,all,infection urinaire traitement,9.4,4,356,final
2025-12-06,pranarom,all,infection urinaire traitement,9.1,5,316,final
2025-12-07,pranarom,all,infection urinaire traitement,8.4,6,313,final
2025-12-08,pranarom,all,infection urinaire traitement,9.0,8,425,final
2025-12-09,pranarom,all,infection urinaire traitement,9.7,4,441,final
2025-12-10,pranarom,all,infection urinaire traitement,8.8,4,437,final
2025-12-11,pranarom,all,infection urinaire traitement,9.1,9,467,final
2025-12-12,pranarom,all,infection urinaire traitement,7.6,5,405,final
2025-12-13,pranarom,all,infection urinaire traitement,8.9,5,392,final
2025-12-14,pranarom,all,infection urinaire traitement,7.9,5,423,final
2025-12-15,pranarom,all,infection urinaire traitement,7.7,8,432,final
2025-12-16,pranarom,all,infection urinaire traitement,8.7,3,502,final
2025-12-17,pranarom,all,infection urinaire traitement,8.2,5,422,final
2025-12-18,pranarom,all,infection urinaire traitement,7.7,8,447,final
2025-12-19,pranarom,all,infection urinaire traitement,8.0,5,423,final
2025-12-20,pranarom,all,infection urinaire traitement,7.5,6,420,final
2025-12-21,pranarom,all,infection urinaire traitement,7.8,5,449,final
2025-12-22,pranarom,all,infection urinaire traitement,7.8,7,506,final
2025-12-23,pranarom,all,infection urinaire traitement,8.4,5,458,final
2025-12-24,pranarom,all,infection urinaire traitement,8.6,1,373,final
2025-12-25,pranarom,all,infection urinaire traitement,7.7,3,322,final
2025-12-26,pranarom,all,infection urinaire traitement,7.8,1,415,final
2025-12-27,pranarom,all,infection urinaire traitement,7.7,4,447,final
2025-12-28,pranarom,all,infection urinaire traitement,7.6,7,412,final
2025-12-29,pranarom,all,infection urinaire traitement,8.1,6,459,final
2025-12-30,pranarom,all,infection urinaire traitement,7.5,8,466,final
2025-12-31,pranarom,all,infection urinaire traitement,6.5,7,332,final
2026-01-01,pranarom,all,infection urinaire traitement,6.4,8,384,final
2026-01-02,pranarom,all,infection urinaire traitement,6.2,9,483,final
2026-01-03,pranarom,all,infection urinaire traitement,8.2,9,489,final
2026-01-04,pranarom,all,infection urinaire traitement,8.3,8,534,final
2026-01-05,pranarom,all,infection urinaire traitement,8.6,2,481,final
2026-01-06,pranarom,all,infection urinaire traitement,8.4,3,447,final
2026-01-07,pranarom,all,infection urinaire traitement,6.5,9,460,final
2026-01-08,pranarom,all,infection urinaire traitement,5.9,7,483,final
2026-01-09,pranarom,all,infection urinaire traitement,6.3,4,444,final
2026-01-10,pranarom,all,infection urinaire traitement,6.8,11,407,final
2026-01-11,pranarom,all,infection urinaire traitement,5.9,3,345,final
2026-01-12,pranarom,all,infection urinaire traitement,5.8,9,496,final
2026-01-13,pranarom,all,infection urinaire traitement,6.7,4,428,final
2026-01-14,pranarom,all,infection urinaire traitement,7.5,2,471,final
2026-01-15,pranarom,all,infection urinaire traitement,5.6,3,438,final
2026-01-16,pranarom,all,infection urinaire traitement,5.4,8,477,final
2026-01-17,pranarom,all,infection urinaire traitement,5.1,5,413,final
2026-01-18,pranarom,all,infection urinaire traitement,5.0,7,441,final
2026-01-19,pranarom,all,infection urinaire traitement,4.8,11,525,final
2026-01-20,pranarom,all,infection urinaire traitement,4.7,12,470,final
2026-01-21,pranarom,all,infection urinaire traitement,4.6,12,491,final
2026-01-22,pranarom,all,infection urinaire traitement,4.8,9,445,final
2026-01-23,pranarom,all,infection urinaire traitement,5.0,3,421,final
2026-01-24,pranarom,all,infection urinaire traitement,5.0,12,418,final
2026-01-25,pranarom,all,infection urinaire traitement,5.0,10,422,final
2026-01-26,pranarom,all,infection urinaire traitement,5.3,12,497,final
2026-01-27,pranarom,all,infection urinaire traitement,5.2,8,469,final
2026-01-28,pranarom,all,infection urinaire traitement,5.3,13,444,final
2026-01-29,pranarom,all,infection urinaire traitement,5.6,9,423,final
2026-01-30,pranarom,all,infection urinaire traitement,5.8,6,392,final
2026-01-31,pranarom,all,infection urinaire traitement,6.4,6,373,final
2026-02-01,pranarom,all,infection urinaire traitement,6.0,5,427,final
2026-02-02,pranarom,all,infection urinaire traitement,5.9,6,468,final
2026-02-03,pranarom,all,infection urinaire traitement,5.8,4,381,final
2026-02-04,pranarom,all,infection urinaire traitement,5.6,8,383,final
2026-02-05,pranarom,all,infection urinaire traitement,6.1,5,447,final
2026-02-06,pranarom,all,infection urinaire traitement,5.8,5,397,final
2026-02-07,pranarom,all,infection urinaire traitement,5.0,10,441,final
2026-02-08,pranarom,all,infection urinaire traitement,5.8,14,404,final
2026-02-09,pranarom,all,infection urinaire traitement,5.1,13,468,final
2026-02-10,pranarom,all,infection urinaire traitement,5.4,8,443,final
2026-02-11,pranarom,all,infection urinaire traitement,5.9,10,436,final
2026-02-12,pranarom,all,infection urinaire traitement,5.4,4,435,final
2026-02-13,pranarom,all,infection urinaire traitement,5.5,7,415,final
2026-02-14,pranarom,all,infection urinaire traitement,5.2,7,375,final
2026-02-15,pranarom,all,infection urinaire traitement,5.0,8,312,final
2026-02-16,pranarom,all,infection urinaire traitement,4.7,10,337,final
2026-02-17,pranarom,all,infection urinaire traitement,5.1,8,486,final
2026-02-18,pranarom,all,infection urinaire traitement,5.0,10,474,final
2026-02-19,pranarom,all,infection urinaire traitement,5.1,8,402,final
2026-02-20,pranarom,all,infection urinaire traitement,5.4,10,306,final
2026-02-21,pranarom,all,infection urinaire traitement,4.8,9,365,final
2026-02-22,pranarom,all,infection urinaire traitement,9.8,1,132,final
2026-02-23,pranarom,all,infection urinaire traitement,5.3,6,493,final
2026-02-24,pranarom,all,infection urinaire traitement,5.6,11,432,final
2026-02-25,pranarom,all,infection urinaire traitement,4.9,8,319,final
2026-02-26,pranarom,all,infection urinaire traitement,8.6,0,65,final
2026-02-27,pranarom,all,infection urinaire traitement,5.2,11,327,final
2026-02-28,pranarom,all,infection urinaire traitement,5.6,2,174,final
2026-03-01,pranarom,all,infection urinaire traitement,5.2,13,359,final
2026-03-02,pranarom,all,infection urinaire traitement,5.0,13,391,final
2026-03-03,pranarom,all,infection urinaire traitement,5.9,3,128,final
2026-03-04,pranarom,all,infection urinaire traitement,10.4,1,67,final
2026-03-05,pranarom,all,infection urinaire traitement,7.6,2,230,final
2026-03-06,pranarom,all,infection urinaire traitement,7.0,5,190,final
2026-03-07,pranarom,all,infection urinaire traitement,7.1,3,188,final
2026-03-08,pranarom,all,infection urinaire traitement,7.2,6,175,final
2026-03-09,pranarom,all,infection urinaire traitement,6.2,2,261,final
2026-03-10,pranarom,all,infection urinaire traitement,10.5,1,40,final
2026-03-11,pranarom,all,infection urinaire traitement,6.4,1,263,final
2026-03-12,pranarom,all,infection urinaire traitement,7.1,2,316,final
2026-03-13,pranarom,all,infection urinaire traitement,9.2,2,146,final
2026-03-14,pranarom,all,infection urinaire traitement,25.9,0,31,final
2026-03-15,pranarom,all,infection urinaire traitement,8.5,1,105,final
2026-03-16,pranarom,all,infection urinaire traitement,18.7,0,19,final
2026-03-17,pranarom,all,infection urinaire traitement,4.1,0,43,final
2026-03-18,pranarom,all,infection urinaire traitement,8.3,4,349,final
2026-03-19,pranarom,all,infection urinaire traitement,8.5,6,335,final
2026-03-20,pranarom,all,infection urinaire traitement,8.5,2,293,final
2026-03-21,pranarom,all,infection urinaire traitement,8.8,1,349,final
2026-03-22,pranarom,all,infection urinaire traitement,8.6,3,309,final
2026-03-23,pranarom,all,infection urinaire traitement,7.8,2,358,final
2026-03-24,pranarom,all,infection urinaire traitement,8.0,1,375,final
2026-03-25,pranarom,all,infection urinaire traitement,7.6,2,364,final
2026-03-26,pranarom,all,infection urinaire traitement,8.2,2,366,final
2026-03-27,pranarom,all,infection urinaire traitement,8.7,2,394,final
2026-03-28,pranarom,all,infection urinaire traitement,8.2,1,293,final
2026-03-29,pranarom,all,infection urinaire traitement,8.2,3,309,final
2026-03-30,pranarom,all,infection urinaire traitement,7.2,7,392,final
2026-03-31,pranarom,all,infection urinaire traitement,7.5,6,406,final
2026-04-01,pranarom,all,infection urinaire traitement,7.5,3,372,final
2026-04-02,pranarom,all,infection urinaire traitement,8.1,2,364,final
2026-04-03,pranarom,all,infection urinaire traitement,7.8,3,352,final
2026-04-04,pranarom,all,infection urinaire traitement,8.2,0,281,final
2026-04-05,pranarom,all,infection urinaire traitement,7.3,0,298,final
2026-04-06,pranarom,all,infection urinaire traitement,7.8,2,398,final
2026-04-07,pranarom,all,infection urinaire traitement,7.5,3,424,final
2026-04-08,pranarom,all,infection urinaire traitement,8.0,6,370,final
2026-04-09,pranarom,all,infection urinaire traitement,7.5,2,349,final
2026-04-10,pranarom,all,infection urinaire traitement,7.5,5,377,final
2026-04-11,pranarom,all,infection urinaire traitement,7.7,6,301,final
2026-04-12,pranarom,all,infection urinaire traitement,7.9,4,301,final
2026-04-13,pranarom,all,infection urinaire traitement,7.1,8,431,final
2026-04-14,pranarom,all,infection urinaire traitement,7.9,4,331,final
2026-04-15,pranarom,all,infection urinaire traitement,10.1,4,368,final
2026-04-16,pranarom,all,infection urinaire traitement,8.7,2,381,final
2026-04-17,pranarom,all,infection urinaire traitement,10.1,5,370,final
2026-04-18,pranarom,all,infection urinaire traitement,10.6,1,286,final
2026-04-19,pranarom,all,infection urinaire traitement,11.0,1,212,final
2026-04-20,pranarom,all,infection urinaire traitement,9.9,3,395,final
2026-04-21,pranarom,all,infection urinaire traitement,10.6,1,311,final
2026-04-22,pranarom,all,infection urinaire traitement,9.9,3,336,final
2026-04-23,pranarom,all,infection urinaire traitement,10.7,2,204,final
2026-04-24,pranarom,all,infection urinaire traitement,10.5,3,219,final
2026-04-25,pranarom,all,infection urinaire traitement,10.6,5,229,final
2026-04-26,pranarom,all,infection urinaire traitement,11.2,3,221,final
2026-04-27,pranarom,all,infection urinaire traitement,10.8,1,225,final
2026-04-28,pranarom,all,infection urinaire traitement,10.0,3,183,final
2026-04-29,pranarom,all,infection urinaire traitement,10.1,4,198,final
2026-04-30,pranarom,all,infection urinaire traitement,10.2,0,325,final
2026-05-01,pranarom,all,infection urinaire traitement,10.1,2,289,final
2026-05-02,pranarom,all,infection urinaire traitement,10.7,1,302,final
2026-05-03,pranarom,all,infection urinaire traitement,11.1,3,341,final
2026-05-04,pranarom,all,infection urinaire traitement,10.6,3,385,final
2026-05-05,pranarom,all,infection urinaire traitement,10.6,0,374,final
2026-05-06,pranarom,all,infection urinaire traitement,10.7,1,309,final
2026-05-07,pranarom,all,infection urinaire traitement,10.8,0,353,final
2026-05-08,pranarom,all,infection urinaire traitement,10.1,2,268,final
2026-05-09,pranarom,all,infection urinaire traitement,9.7,3,297,final
2026-05-10,pranarom,all,infection urinaire traitement,10.7,1,202,final
2026-05-11,pranarom,all,infection urinaire traitement,10.6,5,390,final
2026-05-12,pranarom,all,infection urinaire traitement,10.5,2,389,final
2026-05-13,pranarom,all,infection urinaire traitement,10.9,0,374,final
2026-05-14,pranarom,all,infection urinaire traitement,10.8,1,322,final
2026-05-15,pranarom,all,infection urinaire traitement,9.8,3,280,final
2026-05-16,pranarom,all,infection urinaire traitement,8.8,4,265,final
2026-05-17,pranarom,all,infection urinaire traitement,9.0,2,342,final
2026-05-18,pranarom,all,infection urinaire traitement,9.3,6,414,final
2026-05-19,pranarom,all,infection urinaire traitement,8.8,4,407,final
2026-05-20,pranarom,all,infection urinaire traitement,9.1,5,334,final
2026-05-21,pranarom,all,infection urinaire traitement,9.4,5,296,final
2026-05-22,pranarom,all,infection urinaire traitement,11.5,0,81,final
2026-05-23,pranarom,all,infection urinaire traitement,10.7,2,64,final
2026-05-24,pranarom,all,infection urinaire traitement,11.1,2,82,final
2026-05-25,pranarom,all,infection urinaire traitement,11.7,0,42,final
2026-05-26,pranarom,all,infection urinaire traitement,12.3,0,49,final
2026-05-27,pranarom,all,infection urinaire traitement,11.2,0,60,final
2026-05-28,pranarom,all,infection urinaire traitement,12.1,1,40,final
2026-05-29,pranarom,all,infection urinaire traitement,11.0,1,211,final
2026-05-30,pranarom,all,infection urinaire traitement,11.1,3,184,final
2026-05-31,pranarom,all,infection urinaire traitement,11.0,1,256,final
2026-06-01,pranarom,all,infection urinaire traitement,10.3,1,336,final
2026-06-02,pranarom,all,infection urinaire traitement,9.2,2,291,final
2026-06-03,pranarom,all,infection urinaire traitement,8.8,3,357,final
2026-06-04,pranarom,all,infection urinaire traitement,9.0,4,369,final
2026-06-05,pranarom,all,infection urinaire traitement,9.2,3,319,final
2026-06-06,pranarom,all,infection urinaire traitement,9.5,0,246,final
2026-06-07,pranarom,all,infection urinaire traitement,9.1,0,271,final
2026-06-08,pranarom,all,infection urinaire traitement,9.2,1,322,final
2026-06-09,pranarom,all,infection urinaire traitement,10.8,2,105,final
2026-06-10,pranarom,all,infection urinaire traitement,10.3,5,256,final
2026-06-11,pranarom,all,infection urinaire traitement,9.4,0,97,final
2026-06-12,pranarom,all,infection urinaire traitement,9.8,1,301,final
2026-06-13,pranarom,all,infection urinaire traitement,8.8,3,280,final
2026-06-14,pranarom,all,infection urinaire traitement,8.7,5,275,final
2026-06-15,pranarom,all,infection urinaire traitement,8.6,1,349,final
2026-06-16,pranarom,all,infection urinaire traitement,10.4,2,168,final
2026-06-17,pranarom,all,infection urinaire traitement,9.9,1,279,final
2026-06-18,pranarom,all,infection urinaire traitement,9.5,0,302,final
2026-06-19,pranarom,all,infection urinaire traitement,9.6,1,305,final
2026-06-20,pranarom,all,infection urinaire traitement,9.5,1,269,final
2026-06-21,pranarom,all,infection urinaire traitement,9.5,1,279,final
2026-06-22,pranarom,all,infection urinaire traitement,9.8,2,344,final
2026-06-23,pranarom,all,infection urinaire traitement,9.3,0,338,final
2026-06-24,pranarom,all,infection urinaire traitement,9.0,1,268,final
2026-06-25,pranarom,all,infection urinaire traitement,9.2,3,212,final
2026-06-26,pranarom,all,infection urinaire traitement,8.0,1,263,final
2026-06-27,pranarom,all,infection urinaire traitement,7.9,1,295,final
2026-06-28,pranarom,all,infection urinaire traitement,7.9,4,290,final
2026-06-29,pranarom,all,infection urinaire traitement,7.7,4,340,final
2026-06-30,pranarom,all,infection urinaire traitement,7.9,3,320,final
2026-07-01,pranarom,all,infection urinaire traitement,8.1,1,334,final
2026-07-02,pranarom,all,infection urinaire traitement,8.4,1,307,final
2026-07-03,pranarom,all,infection urinaire traitement,8.5,0,317,final
2026-07-04,pranarom,all,infection urinaire traitement,9.0,0,295,final
2026-07-05,pranarom,all,infection urinaire traitement,8.9,4,289,final
2026-07-06,pranarom,all,infection urinaire traitement,8.9,0,326,final
2026-07-07,pranarom,all,infection urinaire traitement,8.9,1,337,final
2026-07-08,pranarom,all,infection urinaire traitement,7.9,4,314,final
2026-07-09,pranarom,all,infection urinaire traitement,6.8,3,303,final
2026-07-10,pranarom,all,infection urinaire traitement,7.5,1,309,final
2026-07-11,pranarom,all,infection urinaire traitement,7.4,1,291,final
2026-07-12,pranarom,all,infection urinaire traitement,7.1,2,340,final
2026-07-13,pranarom,all,infection urinaire traitement,7.6,4,380,final
2026-07-14,pranarom,all,infection urinaire traitement,7.5,2,384,final
2026-07-15,pranarom,all,infection urinaire traitement,7.2,2,393,final
2026-07-16,pranarom,all,infection urinaire traitement,7.4,1,354,final
2026-07-17,pranarom,all,infection urinaire traitement,7.2,3,374,final
2026-07-18,pranarom,all,infection urinaire traitement,7.2,4,379,final
2026-07-19,pranarom,all,infection urinaire traitement,7.2,7,335,final
2026-07-20,pranarom,all,infection urinaire traitement,7.3,1,378,final
2026-07-21,pranarom,all,infection urinaire traitement,7.7,5,358,final
2026-07-22,pranarom,all,infection urinaire traitement,7.8,4,385,final
2026-07-23,pranarom,all,infection urinaire traitement,8.2,0,364,final
2026-07-24,pranarom,all,infection urinaire traitement,8.0,3,417,final
2026-07-25,pranarom,all,infection urinaire traitement,8.3,2,315,final
2026-07-26,pranarom,all,infection urinaire traitement,8.2,2,313,final
2026-07-27,pranarom,all,infection urinaire traitement,8.6,5,388,final
2026-07-28,pranarom,all,infection urinaire traitement,8.0,3,426,final
2026-07-29,pranarom,all,infection urinaire traitement,7.8,0,442,final
2026-07-30,pranarom,all,infection urinaire traitement,8.6,1,388,final
2026-07-31,pranarom,all,infection urinaire traitement,8.3,2,393,final
2026-08-01,pranarom,all,infection urinaire traitement,8.6,1,366,final
2026-08-02,pranarom,all,infection urinaire traitement,8.5,3,397,final
2026-08-03,pranarom,all,infection urinaire traitement,8.4,4,410,final
2026-08-04,pranarom,all,infection urinaire traitement,8.0,1,424,final
2026-08-05,pranarom,all,infection urinaire traitement,8.1,5,374,final
2026-08-06,pranarom,all,infection urinaire traitement,8.1,2,406,final
2026-08-07,pranarom,all,infection urinaire traitement,7.9,0,410,final
2026-08-08,pranarom,all,infection urinaire traitement,7.8,1,333,final
2026-08-09,pranarom,all,infection urinaire traitement,7.9,4,360,final
2026-08-10,pranarom,all,infection urinaire traitement,8.2,3,444,final
2026-08-11,pranarom,all,infection urinaire traitement,7.9,0,403,final
2026-08-12,pranarom,all,infection urinaire traitement,7.8,1,372,final
2026-08-13,pranarom,all,infection urinaire traitement,7.4,3,368,final
2026-08-14,pranarom,all,infection urinaire traitement,7.9,1,280,final
2026-08-15,pranarom,all,infection urinaire traitement,7.8,2,336,final
2026-08-16,pranarom,all,infection urinaire traitement,7.6,0,359,final
2026-08-17,pranarom,all,infection urinaire traitement,7.5,3,387,final
2026-08-18,pranarom,all,infection urinaire traitement,8.0,2,392,final
2026-08-19,pranarom,all,infection urinaire traitement,7.3,7,354,final
2026-08-20,pranarom,all,infection urinaire traitement,7.8,4,361,final
2026-08-21,pranarom,all,infection urinaire traitement,7.3,3,347,final
2026-08-22,pranarom,all,infection urinaire traitement,7.1,3,375,final
2026-08-23,pranarom,all,infection urinaire traitement,8.1,1,341,final
2026-08-24,pranarom,all,infection urinaire traitement,6.8,3,410,final
2026-08-25,pranarom,all,infection urinaire traitement,6.9,1,399,final
2026-08-26,pranarom,all,infection urinaire traitement,7.3,1,340,final
2026-08-27,pranarom,all,infection urinaire traitement,6.5,4,369,final
2026-08-28,pranarom,all,infection urinaire traitement,5.6,4,361,final
2026-08-29,pranarom,all,infection urinaire traitement,7.7,3,349,final
2026-08-30,pranarom,all,infection urinaire traitement,7.7,1,340,final
2026-08-31,pranarom,all,infection urinaire traitement,7.9,2,336,final
2026-09-01,pranarom,all,infection urinaire traitement,6.9,2,359,final
2026-09-02,pranarom,all,infection urinaire traitement,8.0,1,370,final
2026-09-03,pranarom,all,infection urinaire traitement,7.0,4,346,final
2026-09-04,pranarom,all,infection urinaire traitement,6.8,3,355,final
2026-09-05,pranarom,all,infection urinaire traitement,6.5,4,300,final
2026-09-06,pranarom,all,infection urinaire traitement,5.9,1,276,final
2026-09-07,pranarom,all,infection urinaire traitement,5.2,3,357,final
2026-09-08,pranarom,all,infection urinaire traitement,5.4,6,399,final
2026-09-09,pranarom,all,infection urinaire traitement,6.3,3,377,final
2026-09-10,pranarom,all,infection urinaire traitement,5.2,3,335,final
2026-09-11,pranarom,all,infection urinaire traitement,5.5,5,367,final
2026-09-12,pranarom,all,infection urinaire traitement,5.2,3,284,final
2026-09-13,pranarom,all,infection urinaire traitement,6.1,4,317,final
2026-09-14,pranarom,all,infection urinaire traitement,4.6,7,331,final
2026-09-15,pranarom,all,infection urinaire traitement,7.4,2,142,final
2026-09-16,pranarom,all,infection urinaire traitement,5.8,4,258,final
2026-09-17,pranarom,all,infection urinaire traitement,7.4,1,250,final
2026-09-18,pranarom,all,infection urinaire traitement,5.0,0,110,final
2026-09-19,pranarom,all,infection urinaire traitement,9.9,1,84,final
2026-09-20,pranarom,all,infection urinaire traitement,6.7,3,281,final
2026-09-21,pranarom,all,infection urinaire traitement,4.9,5,238,final
2026-09-22,pranarom,all,infection urinaire traitement,7.6,3,302,final
2026-09-23,pranarom,all,infection urinaire traitement,7.3,0,116,final
2026-09-24,pranarom,all,infection urinaire traitement,6.1,3,90,final
2026-09-25,pranarom,all,infection urinaire traitement,3.6,2,166,final
2026-09-26,pranarom,all,infection urinaire traitement,8.0,0,115,final
2026-09-27,pranarom,all,infection urinaire traitement,5.6,0,130,final
2026-09-28,pranarom,all,infection urinaire traitement,5.4,4,130,final
2026-09-29,pranarom,all,infection urinaire traitement,5.5,3,135,final
2026-09-30,pranarom,all,infection urinaire traitement,9.9,1,131,final
2026-10-01,pranarom,all,infection urinaire traitement,9.8,3,289,fresh
2026-10-02,pranarom,all,infection urinaire traitement,8.2,0,192,fresh
2025-06-10,pranarom,all,oleobiotic,2.5,4,44,final
2025-06-11,pranarom,all,oleobiotic,2.0,4,26,final
2025-06-12,pranarom,all,oleobiotic,1.0,6,34,final
2025-06-13,pranarom,all,oleobiotic,2.0,3,30,final
2025-06-14,pranarom,all,oleobiotic,3.0,1,25,final
2025-06-15,pranarom,all,oleobiotic,1.7,0,26,final
2025-06-16,pranarom,all,oleobiotic,2.2,7,44,final
2025-06-17,pranarom,all,oleobiotic,2.0,3,31,final
2025-06-18,pranarom,all,oleobiotic,1.4,0,24,final
2025-06-19,pranarom,all,oleobiotic,1.2,6,33,final
2025-06-20,pranarom,all,oleobiotic,4.9,6,37,final
2025-06-21,pranarom,all,oleobiotic,1.9,5,29,final
2025-06-22,pranarom,all,oleobiotic,1.7,6,20,final
2025-06-23,pranarom,all,oleobiotic,1.6,5,33,final
2025-06-24,pranarom,all,oleobiotic,1.4,7,36,final
2025-06-25,pranarom,all,oleobiotic,1.2,11,53,final
2025-06-26,pranarom,all,oleobiotic,1.2,7,31,final
2025-06-27,pranarom,all,oleobiotic,1.5,5,25,final
2025-06-28,pranarom,all,oleobiotic,3.3,0,24,final
2025-06-29,pranarom,all,oleobiotic,1.2,4,18,final
2025-06-30,pranarom,all,oleobiotic,1.3,1,28,final
2025-07-01,pranarom,all,oleobiotic,1.5,2,33,final
2025-07-02,pranarom,all,oleobiotic,1.0,3,25,final
2025-07-03,pranarom,all,oleobiotic,1.2,3,23,final
2025-07-04,pranarom,all,oleobiotic,1.6,2,17,final
2025-07-05,pranarom,all,oleobiotic,1.2,5,24,final
2025-07-06,pranarom,all,oleobiotic,1.2,2,26,final
2025-07-07,pranarom,all,oleobiotic,1.8,4,35,final
2025-07-08,pranarom,all,oleobiotic,3.2,5,42,final
2025-07-09,pranarom,all,oleobiotic,1.2,6,25,final
2025-07-10,pranarom,all,oleobiotic,1.3,3,25,final
2025-07-11,pranarom,all,oleobiotic,1.2,6,36,final
2025-07-12,pranarom,all,oleobiotic,3.2,4,29,final
2025-07-13,pranarom,all,oleobiotic,1.6,4,19,final
2025-07-14,pranarom,all,oleobiotic,4,4,29,final
2025-07-15,pranarom,all,oleobiotic,3.1,3,35,final
2025-07-16,pranarom,all,oleobiotic,1.8,3,23,final
2025-07-17,pranarom,all,oleobiotic,1.2,4,36,final
2025-07-18,pranarom,all,oleobiotic,1.5,1,28,final
2025-07-19,pranarom,all,oleobiotic,1.9,3,28,final
2025-07-20,pranarom,all,oleobiotic,1.7,2,17,final
2025-07-21,pranarom,all,oleobiotic,1.4,5,42,final
2025-07-22,pranarom,all,oleobiotic,1.5,4,40,final
2025-07-23,pranarom,all,oleobiotic,1.1,4,40,final
2025-07-24,pranarom,all,oleobiotic,1.3,8,52,final
2025-07-25,pranarom,all,oleobiotic,1.4,4,38,final
2025-07-26,pranarom,all,oleobiotic,1.1,1,20,final
2025-07-27,pranarom,all,oleobiotic,1.1,6,34,final
2025-07-28,pranarom,all,oleobiotic,1.3,7,35,final
2025-07-29,pranarom,all,oleobiotic,1.6,6,31,final
2025-07-30,pranarom,all,oleobiotic,1.2,5,36,final
2025-07-31,pranarom,all,oleobiotic,1.2,3,30,final
2025-08-01,pranarom,all,oleobiotic,1.1,6,47,final
2025-08-02,pranarom,all,oleobiotic,1.2,2,24,final
2025-08-03,pranarom,all,oleobiotic,1.5,2,18,final
2025-08-04,pranarom,all,oleobiotic,1.0,5,45,final
2025-08-05,pranarom,all,oleobiotic,2.6,6,34,final
2025-08-06,pranarom,all,oleobiotic,1.3,5,32,final
2025-08-07,pranarom,all,oleobiotic,1,2,32,final
2025-08-08,pranarom,all,oleobiotic,1.5,5,37,final
2025-08-09,pranarom,all,oleobiotic,1.2,6,28,final
2025-08-10,pranarom,all,oleobiotic,1,5,24,final
2025-08-11,pranarom,all,oleobiotic,1.5,3,30,final
2025-08-12,pranarom,all,oleobiotic,1.2,6,28,final
2025-08-13,pranarom,all,oleobiotic,1.6,1,22,final
2025-08-14,pranarom,all,oleobiotic,3.4,9,38,final
2025-08-15,pranarom,all,oleobiotic,1.3,2,18,final
2025-08-16,pranarom,all,oleobiotic,1.2,7,33,final
2025-08-17,pranarom,all,oleobiotic,1.2,1,22,final
2025-08-18,pranarom,all,oleobiotic,1,0,27,final
2025-08-19,pranarom,all,oleobiotic,1.3,5,33,final
2025-08-20,pranarom,all,oleobiotic,1.1,4,35,final
2025-08-21,pranarom,all,oleobiotic,1.7,2,29,final
2025-08-22,pranarom,all,oleobiotic,1.6,3,31,final
2025-08-23,pranarom,all,oleobiotic,1.4,4,24,final
2025-08-24,pranarom,all,oleobiotic,1,2,15,final
2025-08-25,pranarom,all,oleobiotic,1.2,2,29,final
2025-08-26,pranarom,all,oleobiotic,1.1,3,39,final
2025-08-27,pranarom,all,oleobiotic,1.4,6,53,final
2025-08-28,pranarom,all,oleobiotic,1.5,6,33,final
2025-08-29,pranarom,all,oleobiotic,1.2,5,32,final
2025-08-30,pranarom,all,oleobiotic,1.1,2,30,final
2025-08-31,pranarom,all,oleobiotic,1.1,6,35,final
2025-09-01,pranarom,all,oleobiotic,1.9,7,34,final
2025-09-02,pranarom,all,oleobiotic,1.4,7,43,final
2025-09-03,pranarom,all,oleobiotic,1.1,2,39,final
2025-09-04,pranarom,all,oleobiotic,2.5,9,32,final
2025-09-05,pranarom,all,oleobiotic,1.3,3,28,final
2025-09-06,pranarom,all,oleobiotic,1.0,4,36,final
2025-09-07,pranarom,all,oleobiotic,1.6,3,24,final
2025-09-08,pranarom,all,oleobiotic,1.3,7,44,final
2025-09-09,pranarom,all,oleobiotic,1,3,36,final
2025-09-10,pranarom,all,oleobiotic,1.8,4,39,final
2025-09-11,pranarom,all,oleobiotic,1.5,8,59,final
2025-09-12,pranarom,all,oleobiotic,1.3,4,41,final
2025-09-13,pranarom,all,oleobiotic,1.5,5,53,final
2025-09-14,pranarom,all,oleobiotic,1.6,7,55,final
2025-09-15,pranarom,all,oleobiotic,2.0,9,51,final
2025-09-16,pranarom,all,oleobiotic,1.4,7,62,final
2025-09-17,pranarom,all,oleobiotic,1.3,5,43,final
2025-09-18,pranarom,all,oleobiotic,2.1,5,55,final
2025-09-19,pranarom,all,oleobiotic,1.5,6,43,final
2025-09-20,pranarom,all,oleobiotic,1.2,3,56,final
2025-09-21,pranarom,all,oleobiotic,1.3,7,37,final
2025-09-22,pranarom,all,oleobiotic,1.3,10,59,final
2025-09-23,pranarom,all,oleobiotic,1.6,7,55,final
2025-09-24,pranarom,all,oleobiotic,1.1,13,67,final
2025-09-25,pranarom,all,oleobiotic,1.2,9,56,final
2025-09-26,pranarom,all,oleobiotic,1.2,7,56,final
2025-09-27,pranarom,all,oleobiotic,1.5,8,55,final
2025-09-28,pranarom,all,oleobiotic,1.6,6,43,final
2025-09-29,pranarom,all,oleobiotic,1.8,13,76,final
2025-09-30,pranarom,all,oleobiotic,1.8,10,61,final
2025-10-01,pranarom,all,oleobiotic,1.2,18,70,final
2025-10-02,pranarom,all,oleobiotic,1.4,8,58,final
2025-10-03,pranarom,all,oleobiotic,1.8,3,56,final
2025-10-04,pranarom,all,oleobiotic,1.1,13,52,final
2025-10-05,pranarom,all,oleobiotic,2.2,6,41,final
2025-10-06,pranarom,all,oleobiotic,1.4,11,59,final
2025-10-07,pranarom,all,oleobiotic,1.3,17,62,final
2025-10-08,pranarom,all,oleobiotic,1.5,9,56,final
2025-10-09,pranarom,all,oleobiotic,1.4,16,70,final
2025-10-10,pranarom,all,oleobiotic,1,9,61,final
2025-10-11,pranarom,all,oleobiotic,1.6,10,54,final
2025-10-12,pranarom,all,oleobiotic,1.1,7,41,final
2025-10-13,pranarom,all,oleobiotic,1.2,9,52,final
2025-10-14,pranarom,all,oleobiotic,1.5,9,67,final
2025-10-15,pranarom,all,oleobiotic,1.4,6,45,final
2025-10-16,pranarom,all,oleobiotic,1.5,7,51,final
2025-10-17,pranarom,all,oleobiotic,1.1,8,56,final
2025-10-18,pranarom,all,oleobiotic,1.5,6,58,final
2025-10-19,pranarom,all,oleobiotic,1.5,8,43,final
2025-10-20,pranarom,all,oleobiotic,1.5,10,56,final
2025-10-21,pranarom,all,oleobiotic,1.1,4,66,final
2025-10-22,pranarom,all,oleobiotic,1.2,15,65,final
2025-10-23,pranarom,all,oleobiotic,1.2,13,53,final
2025-10-24,pranarom,all,oleobiotic,1.3,9,47,final
2025-10-25,pranarom,all,oleobiotic,1.3,9,59,final
2025-10-26,pranarom,all,oleobiotic,1.4,7,34,final
2025-10-27,pranarom,all,oleobiotic,1.4,8,48,final
2025-10-28,pranarom,all,oleobiotic,1.2,8,53,final
2025-10-29,pranarom,all,oleobiotic,1.2,15,56,final
2025-10-30,pranarom,all,oleobiotic,1.2,7,46,final
2025-10-31,pranarom,all,oleobiotic,1.1,8,48,final
2025-11-01,pranarom,all,oleobiotic,1.2,8,32,final
2025-11-02,pranarom,all,oleobiotic,1.3,3,32,final
2025-11-03,pranarom,all,oleobiotic,1.5,8,42,final
2025-11-04,pranarom,all,oleobiotic,1,12,56,final
2025-11-05,pranarom,all,oleobiotic,1.2,6,40,final
2025-11-06,pranarom,all,oleobiotic,1.1,4,54,final
2025-11-07,pranarom,all,oleobiotic,1,5,36,final
2025-11-08,pranarom,all,oleobiotic,1.0,5,50,final
2025-11-09,pranarom,all,oleobiotic,1.2,9,42,final
2025-11-10,pranarom,all,oleobiotic,1.1,7,62,final
2025-11-11,pranarom,all,oleobiotic,1.2,5,50,final
2025-11-12,pranarom,all,oleobiotic,1.1,9,56,final
2025-11-13,pranarom,all,oleobiotic,1,12,51,final
2025-11-14,pranarom,all,oleobiotic,1.2,8,37,final
2025-11-15,pranarom,all,oleobiotic,1.0,6,43,final
2025-11-16,pranarom,all,oleobiotic,1.0,4,24,final
2025-11-17,pranarom,all,oleobiotic,1.4,6,38,final
2025-11-18,pranarom,all,oleobiotic,1.0,11,54,final
2025-11-19,pranarom,all,oleobiotic,1.5,14,52,final
2025-11-20,pranarom,all,oleobiotic,1.0,6,36,final
2025-11-21,pranarom,all,oleobiotic,1.1,7,50,final
2025-11-22,pranarom,all,oleobiotic,1,5,21,final
2025-11-23,pranarom,all,oleobiotic,1.1,6,29,final
2025-11-24,pranarom,all,oleobiotic,1.1,10,52,final
2025-11-25,pranarom,all,oleobiotic,1.1,6,54,final
2025-11-26,pranarom,all,oleobiotic,1.0,8,65,final
2025-11-27,pranarom,all,oleobiotic,1.5,9,53,final
2025-11-28,pranarom,all,oleobiotic,1.1,6,48,final
2025-11-29,pranarom,all,oleobiotic,1.1,5,42,final
2025-11-30,pranarom,all,oleobiotic,1.3,6,41,final
2025-12-01,pranarom,all,oleobiotic,1.1,14,53,final
2025-12-02,pranarom,all,oleobiotic,1.1,12,58,final
2025-12-03,pranarom,all,oleobiotic,1.3,9,63,final
2025-12-04,pranarom,all,oleobiotic,1.2,11,54,final
2025-12-05,pranarom,all,oleobiotic,1.1,15,59,final
2025-12-06,pranarom,all,oleobiotic,1.1,15,61,final
2025-12-07,pranarom,all,oleobiotic,1.0,10,28,final
2025-12-08,pranarom,all,oleobiotic,2.6,4,58,final
2025-12-09,pranarom,all,oleobiotic,1.1,18,60,final
2025-12-10,pranarom,all,oleobiotic,1.1,14,63,final
2025-12-11,pranarom,all,oleobiotic,1.0,7,47,final
2025-12-12,pranarom,all,oleobiotic,1.1,14,59,final
2025-12-13,pranarom,all,oleobiotic,1.1,10,51,final
2025-12-14,pranarom,all,oleobiotic,1.1,9,43,final
2025-12-15,pranarom,all,oleobiotic,1,26,71,final
2025-12-16,pranarom,all,oleobiotic,1.0,18,64,final
2025-12-17,pranarom,all,oleobiotic,1,14,62,final
2025-12-18,pranarom,all,oleobiotic,1.1,11,60,final
2025-12-19,pranarom,all,oleobiotic,1.1,14,77,final
2025-12-20,pranarom,all,oleobiotic,1.2,16,69,final
2025-12-21,pranarom,all,oleobiotic,1,10,47,final
2025-12-22,pranarom,all,oleobiotic,1.1,18,84,final
2025-12-23,pranarom,all,oleobiotic,1.0,17,66,final
2025-12-24,pranarom,all,oleobiotic,1,17,58,final
2025-12-25,pranarom,all,oleobiotic,7.1,7,47,final
2025-12-26,pranarom,all,oleobiotic,1.1,16,77,final
2025-12-27,pranarom,all,oleobiotic,1,15,80,final
2025-12-28,pranarom,all,oleobiotic,1.0,20,72,final
2025-12-29,pranarom,all,oleobiotic,1,15,89,final
2025-12-30,pranarom,all,oleobiotic,1.0,20,97,final
2025-12-31,pranarom,all,oleobiotic,1.1,12,52,final
2026-01-01,pranarom,all,oleobiotic,1.0,14,71,final
2026-01-02,pranarom,all,oleobiotic,1,21,93,final
2026-01-03,pranarom,all,oleobiotic,1.1,23,74,final
2026-01-04,pranarom,all,oleobiotic,4.3,13,68,final
2026-01-05,pranarom,all,oleobiotic,1,10,73,final
2026-01-06,pranarom,all,oleobiotic,1.1,22,75,final
2026-01-07,pranarom,all,oleobiotic,1.0,20,81,final
2026-01-08,pranarom,all,oleobiotic,1.1,13,93,final
2026-01-09,pranarom,all,oleobiotic,3.6,15,81,final
2026-01-10,pranarom,all,oleobiotic,4.0,18,84,final
2026-01-11,pranarom,all,oleobiotic,1,12,39,final
2026-01-12,pranarom,all,oleobiotic,1.2,6,49,final
2026-01-13,pranarom,all,oleobiotic,4.4,12,63,final
2026-01-14,pranarom,all,oleobiotic,2.2,14,62,final
2026-01-15,pranarom,all,oleobiotic,1.1,8,59,final
2026-01-16,pranarom,all,oleobiotic,1,17,56,final
2026-01-17,pranarom,all,oleobiotic,1.2,16,53,final
2026-01-18,pranarom,all,oleobiotic,1.5,4,36,final
2026-01-19,pranarom,all,oleobiotic,1.1,8,43,final
2026-01-20,pranarom,all,oleobiotic,1.1,9,38,final
2026-01-21,pranarom,all,oleobiotic,1.0,12,67,final
2026-01-22,pranarom,all,oleobiotic,1.0,13,59,final
2026-01-23,pranarom,all,oleobiotic,1.4,13,49,final
2026-01-24,pranarom,all,oleobiotic,2.1,5,45,final
2026-01-25,pranarom,all,oleobiotic,1.4,9,48,final
2026-01-26,pranarom,all,oleobiotic,1.4,13,62,final
2026-01-27,pranarom,all,oleobiotic,1.1,5,48,final
2026-01-28,pranarom,all,oleobiotic,1.0,12,59,final
2026-01-29,pranarom,all,oleobiotic,1.3,9,50,final
2026-01-30,pranarom,all,oleobiotic,1.5,5,50,final
2026-01-31,pranarom,all,oleobiotic,1.1,11,37,final
2026-02-01,pranarom,all,oleobiotic,1.3,13,53,final
2026-02-02,pranarom,all,oleobiotic,1.1,10,61,final
2026-02-03,pranarom,all,oleobiotic,1.1,15,71,final
2026-02-04,pranarom,all,oleobiotic,1.2,9,45,final
2026-02-05,pranarom,all,oleobiotic,1.4,6,54,final
2026-02-06,pranarom,all,oleobiotic,1.4,6,39,final
2026-02-07,pranarom,all,oleobiotic,1.3,8,49,final
2026-02-08,pranarom,all,oleobiotic,1.4,4,37,final
2026-02-09,pranarom,all,oleobiotic,1.0,9,55,final
2026-02-10,pranarom,all,oleobiotic,2.0,2,56,final
2026-02-11,pranarom,all,oleobiotic,1.0,8,45,final
2026-02-12,pranarom,all,oleobiotic,1.3,12,57,final
2026-02-13,pranarom,all,oleobiotic,1.4,10,42,final
2026-02-14,pranarom,all,oleobiotic,1.5,9,44,final
2026-02-15,pranarom,all,oleobiotic,1.6,4,25,final
2026-02-16,pranarom,all,oleobiotic,2.5,9,63,final
2026-02-17,pranarom,all,oleobiotic,1,11,52,final
2026-02-18,pranarom,all,oleobiotic,1.3,8,54,final
2026-02-19,pranarom,all,oleobiotic,1,11,54,final
2026-02-20,pranarom,all,oleobiotic,1.7,4,45,final
2026-02-21,pranarom,all,oleobiotic,1.0,8,42,final
2026-02-22,pranarom,all,oleobiotic,1,5,26,final
2026-02-23,pranarom,all,oleobiotic,1.3,7,46,final
2026-02-24,pranarom,all,oleobiotic,1.6,12,47,final
2026-02-25,pranarom,all,oleobiotic,1.4,7,40,final
2026-02-26,pranarom,all,oleobiotic,1.6,5,53,final
2026-02-27,pranarom,all,oleobiotic,1.9,1,35,final
2026-02-28,pranarom,all,oleobiotic,1.5,10,51,final
2026-03-01,pranarom,all,oleobiotic,1.7,1,23,final
2026-03-02,pranarom,all,oleobiotic,1,8,41,final
2026-03-03,pranarom,all,oleobiotic,1.4,3,47,final
2026-03-04,pranarom,all,oleobiotic,1.4,7,47,final
2026-03-05,pranarom,all,oleobiotic,1.1,7,40,final
2026-03-06,pranarom,all,oleobiotic,1.3,8,43,final
2026-03-07,pranarom,all,oleobiotic,1.6,7,36,final
2026-03-08,pranarom,all,oleobiotic,1.2,8,26,final
2026-03-09,pranarom,all,oleobiotic,1.6,7,37,final
2026-03-10,pranarom,all,oleobiotic,1.4,5,41,final
2026-03-11,pranarom,all,oleobiotic,7.2,5,48,final
2026-03-12,pranarom,all,oleobiotic,1.2,8,38,final
2026-03-13,pranarom,all,oleobiotic,1.7,4,36,final
2026-03-14,pranarom,all,oleobiotic,2.5,5,38,final
2026-03-15,pranarom,all,oleobiotic,1.8,3,24,final
2026-03-16,pranarom,all,oleobiotic,1,8,42,final
2026-03-17,pranarom,all,oleobiotic,1.1,6,34,final
2026-03-18,pranarom,all,oleobiotic,1.1,3,37,final
2026-03-19,pranarom,all,oleobiotic,1.5,8,31,final
2026-03-20,pranarom,all,oleobiotic,1.2,8,38,final
2026-03-21,pranarom,all,oleobiotic,1.8,8,36,final
2026-03-22,pranarom,all,oleobiotic,1.2,3,19,final
2026-03-23,pranarom,all,oleobiotic,1.2,4,24,final
2026-03-24,pranarom,all,oleobiotic,1.2,4,38,final
2026-03-25,pranarom,all,oleobiotic,1,9,38,final
2026-03-26,pranarom,all,oleobiotic,1.0,1,42,final
2026-03-27,pranarom,all,oleobiotic,1.1,5,45,final
2026-03-28,pranarom,all,oleobiotic,1.1,3,34,final
2026-03-29,pranarom,all,oleobiotic,1.0,4,28,final
2026-03-30,pranarom,all,oleobiotic,1.1,6,41,final
2026-03-31,pranarom,all,oleobiotic,1.0,9,43,final
2026-04-01,pranarom,all,oleobiotic,1.2,8,40,final
2026-04-02,pranarom,all,oleobiotic,1.1,4,35,final
2026-04-03,pranarom,all,oleobiotic,1.0,8,37,final
2026-04-04,pranarom,all,oleobiotic,1.6,10,38,final
2026-04-05,pranarom,all,oleobiotic,1,6,21,final
2026-04-06,pranarom,all,oleobiotic,1.2,4,32,final
2026-04-07,pranarom,all,oleobiotic,1.0,3,33,final
2026-04-08,pranarom,all,oleobiotic,1.2,9,37,final
2026-04-09,pranarom,all,oleobiotic,1.1,2,26,final
2026-04-10,pranarom,all,oleobiotic,1.1,9,43,final
2026-04-11,pranarom,all,oleobiotic,1.4,5,36,final
2026-04-12,pranarom,all,oleobiotic,1.1,4,25,final
2026-04-13,pranarom,all,oleobiotic,1.1,5,45,final
2026-04-14,pranarom,all,oleobiotic,1.1,4,40,final
2026-04-15,pranarom,all,oleobiotic,1.0,5,26,final
2026-04-16,pranarom,all,oleobiotic,1.0,7,29,final
2026-04-17,pranarom,all,oleobiotic,1.6,7,46,final
2026-04-18,pranarom,all,oleobiotic,1.3,6,39,final
2026-04-19,pranarom,all,oleobiotic,1.1,4,24,final
2026-04-20,pranarom,all,oleobiotic,1.3,4,41,final
2026-04-21,pranarom,all,oleobiotic,2.1,4,41,final
2026-04-22,pranarom,all,oleobiotic,1.1,8,31,final
2026-04-23,pranarom,all,oleobiotic,1.4,4,35,final
2026-04-24,pranarom,all,oleobiotic,1.5,1,32,final
2026-04-25,pranarom,all,oleobiotic,1.1,2,39,final
2026-04-26,pranarom,all,oleobiotic,1.1,2,15,final
2026-04-27,pranarom,all,oleobiotic,1.7,2,37,final
2026-04-28,pranarom,all,oleobiotic,1.1,3,33,final
2026-04-29,pranarom,all,oleobiotic,1.5,4,31,final
2026-04-30,pranarom,all,oleobiotic,1.6,2,20,final
2026-05-01,pranarom,all,oleobiotic,1,3,19,final
2026-05-02,pranarom,all,oleobiotic,1.2,2,24,final
2026-05-03,pranarom,all,oleobiotic,1.2,2,25,final
2026-05-04,pranarom,all,oleobiotic,1.2,5,38,final
2026-05-05,pranarom,all,oleobiotic,1.1,4,26,final
2026-05-06,pranarom,all,oleobiotic,3.9,3,21,final
2026-05-07,pranarom,all,oleobiotic,1,3,13,final
2026-05-08,pranarom,all,oleobiotic,1.4,1,20,final
2026-05-09,pranarom,all,oleobiotic,2.4,1,31,final
2026-05-10,pranarom,all,oleobiotic,1.5,3,15,final
2026-05-11,pranarom,all,oleobiotic,2.3,5,33,final
2026-05-12,pranarom,all,oleobiotic,1,4,25,final
2026-05-13,pranarom,all,oleobiotic,1.7,7,46,final
2026-05-14,pranarom,all,oleobiotic,2.2,2,21,final
2026-05-15,pranarom,all,oleobiotic,1.5,4,28,final
2026-05-16,pranarom,all,oleobiotic,1.4,1,31,final
2026-05-17,pranarom,all,oleobiotic,3.4,4,30,final
2026-05-18,pranarom,all,oleobiotic,1.2,5,22,final
2026-05-19,pranarom,all,oleobiotic,1.0,4,23,final
2026-05-20,pranarom,all,oleobiotic,1.3,2,25,final
2026-05-21,pranarom,all,oleobiotic,1.2,6,30,final
2026-05-22,pranarom,all,oleobiotic,2.3,1,19,final
2026-05-23,pranarom,all,oleobiotic,1,2,19,final
2026-05-24,pranarom,all,oleobiotic,5.4,3,19,final
2026-05-25,pranarom,all,oleobiotic,2.3,1,22,final
2026-05-26,pranarom,all,oleobiotic,1.9,1,20,final
2026-05-27,pranarom,all,oleobiotic,1.8,2,24,final
2026-05-28,pranarom,all,oleobiotic,1.2,5,27,final
2026-05-29,pranarom,all,oleobiotic,1.9,3,27,final
2026-05-30,pranarom,all,oleobiotic,1,1,17,final
2026-05-31,pranarom,all,oleobiotic,2.3,1,12,final
2026-06-01,pranarom,all,oleobiotic,1.5,3,24,final
2026-06-02,pranarom,all,oleobiotic,2.2,1,24,final
2026-06-03,pranarom,all,oleobiotic,1.0,4,27,final
2026-06-04,pranarom,all,oleobiotic,1.5,4,39,final
2026-06-05,pranarom,all,oleobiotic,2.1,2,24,final
2026-06-06,pranarom,all,oleobiotic,1,1,14,final
2026-06-07,pranarom,all,oleobiotic,1.1,2,32,final
2026-06-08,pranarom,all,oleobiotic,1.9,7,40,final
2026-06-09,pranarom,all,oleobiotic,1.2,5,28,final
2026-06-10,pranarom,all,oleobiotic,1.5,1,41,final
2026-06-11,pranarom,all,oleobiotic,1.2,10,39,final
2026-06-12,pranarom,all,oleobiotic,2.8,3,26,final
2026-06-13,pranarom,all,oleobiotic,1.5,6,37,final
2026-06-14,pranarom,all,oleobiotic,4.6,1,39,final
2026-06-15,pranarom,all,oleobiotic,1.8,4,25,final
2026-06-16,pranarom,all,oleobiotic,2,3,26,final
2026-06-17,pranarom,all,oleobiotic,2.1,2,19,final
2026-06-18,pranarom,all,oleobiotic,2.6,5,27,final
2026-06-19,pranarom,all,oleobiotic,1.8,8,32,final
2026-06-20,pranarom,all,oleobiotic,1.3,7,25,final
2026-06-21,pranarom,all,oleobiotic,2.6,0,9,final
2026-06-22,pranarom,all,oleobiotic,1.8,2,21,final
2026-06-23,pranarom,all,oleobiotic,1,3,28,final
2026-06-24,pranarom,all,oleobiotic,1.1,2,18,final
2026-06-25,pranarom,all,oleobiotic,1,5,22,final
2026-06-26,pranarom,all,oleobiotic,1,0,15,final
2026-06-27,pranarom,all,oleobiotic,1,1,12,final
2026-06-28,pranarom,all,oleobiotic,5.1,0,12,final
2026-06-29,pranarom,all,oleobiotic,3,1,24,final
2026-06-30,pranarom,all,oleobiotic,1.1,3,31,final
2026-07-01,pranarom,all,oleobiotic,1.1,4,23,final
2026-07-02,pranarom,all,oleobiotic,1.4,4,35,final
2026-07-03,pranarom,all,oleobiotic,2.1,7,34,final
2026-07-04,pranarom,all,oleobiotic,1.1,0,20,final
2026-07-05,pranarom,all,oleobiotic,1.9,4,33,final
2026-07-06,pranarom,all,oleobiotic,2.8,6,32,final
2026-07-07,pranarom,all,oleobiotic,1.7,1,27,final
2026-07-08,pranarom,all,oleobiotic,1.3,6,30,final
2026-07-09,pranarom,all,oleobiotic,1.0,4,28,final
2026-07-10,pranarom,all,oleobiotic,1.1,1,22,final
2026-07-11,pranarom,all,oleobiotic,1.6,3,25,final
2026-07-12,pranarom,all,oleobiotic,1,1,11,final
2026-07-13,pranarom,all,oleobiotic,1.5,1,26,final
2026-07-14,pranarom,all,oleobiotic,3.1,1,18,final
2026-07-15,pranarom,all,oleobiotic,1.0,1,25,final
2026-07-16,pranarom,all,oleobiotic,1.7,4,32,final
2026-07-17,pranarom,all,oleobiotic,1.1,4,25,final
2026-07-18,pranarom,all,oleobiotic,1.6,2,21,final
2026-07-19,pranarom,all,oleobiotic,3.4,1,17,final
2026-07-20,pranarom,all,oleobiotic,1.6,3,27,final
2026-07-21,pranarom,all,oleobiotic,1.2,3,22,final
2026-07-22,pranarom,all,oleobiotic,1.9,1,32,final
2026-07-23,pranarom,all,oleobiotic,1.3,2,30,final
2026-07-24,pranarom,all,oleobiotic,2.1,2,26,final
2026-07-25,pranarom,all,oleobiotic,1.1,4,36,final
2026-07-26,pranarom,all,oleobiotic,1.9,1,24,final
2026-07-27,pranarom,all,oleobiotic,1.7,0,32,final
2026-07-28,pranarom,all,oleobiotic,1.2,2,34,final
2026-07-29,pranarom,all,oleobiotic,4.5,0,20,final
2026-07-30,pranarom,all,oleobiotic,1.8,4,29,final
2026-07-31,pranarom,all,oleobiotic,2.8,1,41,final
2026-08-01,pranarom,all,oleobiotic,1.0,0,22,final
2026-08-02,pranarom,all,oleobiotic,1.0,0,26,final
2026-08-03,pranarom,all,oleobiotic,1.3,3,36,final
2026-08-04,pranarom,all,oleobiotic,1.3,1,38,final
2026-08-05,pranarom,all,oleobiotic,1.9,1,35,final
2026-08-06,pranarom,all,oleobiotic,1.3,1,20,final
2026-08-07,pranarom,all,oleobiotic,3.2,2,32,final
2026-08-08,pranarom,all,oleobiotic,1,1,18,final
2026-08-09,pranarom,all,oleobiotic,1,1,18,final
2026-08-10,pranarom,all,oleobiotic,1.9,1,21,final
2026-08-11,pranarom,all,oleobiotic,1.6,0,27,final
2026-08-12,pranarom,all,oleobiotic,1.6,0,21,final
2026-08-13,pranarom,all,oleobiotic,1.1,1,18,final
2026-08-14,pranarom,all,oleobiotic,1.1,2,23,final
2026-08-15,pranarom,all,oleobiotic,1.2,2,13,final
2026-08-16,pranarom,all,oleobiotic,2.6,1,14,final
2026-08-17,pranarom,all,oleobiotic,1.5,3,35,final
2026-08-18,pranarom,all,oleobiotic,1.6,0,25,final
2026-08-19,pranarom,all,oleobiotic,2.1,0,28,final
2026-08-20,pranarom,all,oleobiotic,2.0,5,37,final
2026-08-21,pranarom,all,oleobiotic,12.8,1,17,final
2026-08-22,pranarom,all,oleobiotic,1.0,2,28,final
2026-08-23,pranarom,all,oleobiotic,1.2,1,24,final
2026-08-24,pranarom,all,oleobiotic,1,1,26,final
2026-08-25,pranarom,all,oleobiotic,1.6,3,35,final
2026-08-26,pranarom,all,oleobiotic,1.7,2,35,final
2026-08-27,pranarom,all,oleobiotic,1.1,2,25,final
2026-08-28,pranarom,all,oleobiotic,15.7,0,26,final
2026-08-29,pranarom,all,oleobiotic,5.6,5,30,final
2026-08-30,pranarom,all,oleobiotic,2.1,1,22,final
2026-08-31,pranarom,all,oleobiotic,1.5,1,31,final
2026-09-01,pranarom,all,oleobiotic,1.1,0,35,final
2026-09-02,pranarom,all,oleobiotic,1.2,1,35,final
2026-09-03,pranarom,all,oleobiotic,1.5,3,32,final
2026-09-04,pranarom,all,oleobiotic,5.8,3,20,final
2026-09-05,pranarom,all,oleobiotic,1.7,2,20,final
2026-09-06,pranarom,all,oleobiotic,2.1,2,21,final
2026-09-07,pranarom,all,oleobiotic,1.1,5,37,final
2026-09-08,pranarom,all,oleobiotic,1.8,2,37,final
2026-09-09,pranarom,all,oleobiotic,1.8,1,21,final
2026-09-10,pranarom,all,oleobiotic,1.0,4,22,final
2026-09-11,pranarom,all,oleobiotic,1.1,3,27,final
2026-09-12,pranarom,all,oleobiotic,1.0,4,36,final
2026-09-13,pranarom,all,oleobiotic,1.1,1,23,final
2026-09-14,pranarom,all,oleobiotic,1.1,2,26,final
2026-09-15,pranarom,all,oleobiotic,1.1,5,32,final
2026-09-16,pranarom,all,oleobiotic,1.3,3,42,final
2026-09-17,pranarom,all,oleobiotic,2.4,1,31,final
2026-09-18,pranarom,all,oleobiotic,5.3,2,26,final
2026-09-19,pranarom,all,oleobiotic,1.2,5,37,final
2026-09-20,pranarom,all,oleobiotic,1.7,1,30,final
2026-09-21,pranarom,all,oleobiotic,1,2,40,final
2026-09-22,pranarom,all,oleobiotic,2.2,3,42,final
2026-09-23,pranarom,all,oleobiotic,1.4,4,35,final
2026-09-24,pranarom,all,oleobiotic,1.4,2,40,final
2026-09-25,pranarom,all,oleobiotic,1.1,2,18,final
2026-09-26,pranarom,all,oleobiotic,1.0,2,26,final
2026-09-27,pranarom,all,oleobiotic,1.6,1,31,final
2026-09-28,pranarom,all,oleobiotic,1.3,1,38,final
2026-09-29,pranarom,all,oleobiotic,1.4,8,36,final
2026-09-30,pranarom,all,oleobiotic,3,0,27,final
2026-10-01,pranarom,all,oleobiotic,1.2,4,27,fresh
2026-10-02,pranarom,all,oleobiotic,1.3,3,39,fresh
2026-07-23,pranarom,all,piqure moustique tigre,3,0,3,final
2026-07-27,pranarom,all,piqure moustique tigre,3.4,0,7,final
2026-07-28,pranarom,all,piqure moustique tigre,3,0,11,final
2026-07-29,pranarom,all,piqure moustique tigre,3.6,0,237,final
2026-07-30,pranarom,all,piqure moustique tigre,3.7,0,82,final
2026-07-31,pranarom,all,piqure moustique tigre,3.8,0,24,final
2026-08-01,pranarom,all,piqure moustique tigre,8.6,0,10,final
2026-08-02,pranarom,all,piqure moustique tigre,4.1,0,27,final
2026-08-03,pranarom,all,piqure moustique tigre,4.5,0,26,final
2026-08-04,pranarom,all,piqure moustique tigre,2.9,0,16,final
2026-08-05,pranarom,all,piqure moustique tigre,2.7,0,10,final
2026-08-06,pranarom,all,piqure moustique tigre,3.2,0,24,final
2026-08-07,pranarom,all,piqure moustique tigre,2.8,0,6,final
2026-08-08,pranarom,all,piqure moustique tigre,3,0,13,final
2026-08-09,pranarom,all,piqure moustique tigre,2.9,0,27,final
2026-08-10,pranarom,all,piqure moustique tigre,2.8,0,10,final
2026-08-11,pranarom,all,piqure moustique tigre,3.4,0,26,final
2026-08-12,pranarom,all,piqure moustique tigre,7.2,0,20,final
2026-08-13,pranarom,all,piqure moustique tigre,3.9,0,325,final
2026-08-14,pranarom,all,piqure moustique tigre,3.9,0,758,final
2026-08-15,pranarom,all,piqure moustique tigre,4.0,1,876,final
2026-08-16,pranarom,all,piqure moustique tigre,3.9,0,1060,final
2026-08-17,pranarom,all,piqure moustique tigre,3.9,0,1023,final
2026-08-18,pranarom,all,piqure moustique tigre,3.9,1,873,final
2026-08-19,pranarom,all,piqure moustique tigre,3.3,0,859,final
2026-08-20,pranarom,all,piqure moustique tigre,3.0,1,694,final
2026-08-21,pranarom,all,piqure moustique tigre,3.4,1,563,final
2026-08-22,pranarom,all,piqure moustique tigre,3.3,2,586,final
2026-08-23,pranarom,all,piqure moustique tigre,2.9,1,644,final
2026-08-24,pranarom,all,piqure moustique tigre,2.8,1,604,final
2026-08-25,pranarom,all,piqure moustique tigre,2.6,0,603,final
2026-08-26,pranarom,all,piqure moustique tigre,3.7,3,165,final
2026-08-27,pranarom,all,piqure moustique tigre,3.4,1,104,final
2026-08-28,pranarom,all,piqure moustique tigre,9.2,1,77,final
2026-08-29,pranarom,all,piqure moustique tigre,2.5,2,473,final
2026-08-30,pranarom,all,piqure moustique tigre,2.3,0,559,final
2026-08-31,pranarom,all,piqure moustique tigre,2.4,0,564,final
2026-09-01,pranarom,all,piqure moustique tigre,2.7,6,554,final
2026-09-02,pranarom,all,piqure moustique tigre,4.4,3,651,final
2026-09-03,pranarom,all,piqure moustique tigre,7.4,0,565,final
2026-09-04,pranarom,all,piqure moustique tigre,2.6,1,680,final
2026-09-05,pranarom,all,piqure moustique tigre,2.6,3,682,final
2026-09-06,pranarom,all,piqure moustique tigre,2.7,3,860,final
2026-09-07,pranarom,all,piqure moustique tigre,2.9,4,883,final
2026-09-08,pranarom,all,piqure moustique tigre,2.8,2,850,final
2026-09-09,pranarom,all,piqure moustique tigre,3.1,3,610,final
2026-09-10,pranarom,all,piqure moustique tigre,2.8,2,428,final
2026-09-11,pranarom,all,piqure moustique tigre,3.2,3,483,final
2026-09-12,pranarom,all,piqure moustique tigre,2.8,2,610,final
2026-09-13,pranarom,all,piqure moustique tigre,2.9,3,851,final
2026-09-14,pranarom,all,piqure moustique tigre,3.3,6,1049,final
2026-09-15,pranarom,all,piqure moustique tigre,2.6,3,896,final
2026-09-16,pranarom,all,piqure moustique tigre,3.2,3,742,final
2026-09-17,pranarom,all,piqure moustique tigre,3.0,1,494,final
2026-09-18,pranarom,all,piqure moustique tigre,2.8,2,401,final
2026-09-19,pranarom,all,piqure moustique tigre,2.4,5,474,final
2026-09-20,pranarom,all,piqure moustique tigre,3.6,2,645,final
2026-09-21,pranarom,all,piqure moustique tigre,2.8,5,615,final
2026-09-22,pranarom,all,piqure moustique tigre,2.5,2,491,final
2026-09-23,pranarom,all,piqure moustique tigre,2.6,3,542,final
2026-09-24,pranarom,all,piqure moustique tigre,2.4,2,462,final
2026-09-25,pranarom,all,piqure moustique tigre,2.6,1,446,final
2026-09-26,pranarom,all,piqure moustique tigre,2.8,1,473,final
2026-09-27,pranarom,all,piqure moustique tigre,2.8,4,518,final
2026-09-28,pranarom,all,piqure moustique tigre,3.1,1,559,final
2026-09-29,pranarom,all,piqure moustique tigre,3.1,0,565,final
2026-09-30,pranarom,all,piqure moustique tigre,2.7,2,495,final
2026-10-01,pranarom,all,piqure moustique tigre,3.4,0,386,fresh
2026-10-02,pranarom,all,piqure moustique tigre,3.0,3,341,fresh
2026-06-14,pranarom,all,piqûre moustique qui gonfle et durcit et chauffe,11,1,4,final
2026-06-24,pranarom,all,piqûre moustique qui gonfle et durcit et chauffe,9.7,2,37,final
2026-06-25,pranarom,all,piqûre moustique qui gonfle et durcit et chauffe,9.7,0,46,final
2026-06-26,pranarom,all,piqûre moustique qui gonfle et durcit et chauffe,9.4,2,33,final
2026-06-27,pranarom,all,piqûre moustique qui gonfle et durcit et chauffe,9.6,0,42,final
2026-06-28,pranarom,all,piqûre moustique qui gonfle et durcit et chauffe,9.6,1,42,final
2026-06-29,pranarom,all,piqûre moustique qui gonfle et durcit et chauffe,9.1,0,50,final
2026-06-30,pranarom,all,piqûre moustique qui gonfle et durcit et chauffe,8.2,0,33,final
2026-07-01,pranarom,all,piqûre moustique qui gonfle et durcit et chauffe,3.1,2,32,final
2026-07-02,pranarom,all,piqûre moustique qui gonfle et durcit et chauffe,2.8,3,30,final
2026-07-03,pranarom,all,piqûre moustique qui gonfle et durcit et chauffe,2.9,1,27,final
2026-07-04,pranarom,all,piqûre moustique qui gonfle et durcit et chauffe,5.9,1,30,final
2026-07-05,pranarom,all,piqûre moustique qui gonfle et durcit et chauffe,4.6,5,50,final
2026-07-06,pranarom,all,piqûre moustique qui gonfle et durcit et chauffe,4.5,5,36,final
2026-07-07,pranarom,all,piqûre moustique qui gonfle et durcit et chauffe,7.5,1,33,final
2026-07-08,pranarom,all,piqûre moustique qui gonfle et durcit et chauffe,7.2,2,33,final
2026-07-09,pranarom,all,piqûre moustique qui gonfle et durcit et chauffe,5.9,1,19,final
2026-07-10,pranarom,all,piqûre moustique qui gonfle et durcit et chauffe,1.3,4,29,final
2026-07-11,pranarom,all,piqûre moustique qui gonfle et durcit et chauffe,1.1,9,43,final
2026-07-12,pranarom,all,piqûre moustique qui gonfle et durcit et chauffe,1.6,7,46,final
2026-07-13,pranarom,all,piqûre moustique qui gonfle et durcit et chauffe,1.8,6,53,final
2026-07-14,pranarom,all,piqûre moustique qui gonfle et durcit et chauffe,1.6,6,50,final
2026-07-15,pranarom,all,piqûre moustique qui gonfle et durcit et chauffe,1.8,3,35,final
2026-07-16,pranarom,all,piqûre moustique qui gonfle et durcit et chauffe,1.4,3,23,final
2026-07-17,pranarom,all,piqûre moustique qui gonfle et durcit et chauffe,1.4,5,39,final
2026-07-18,pranarom,all,piqûre moustique qui gonfle et durcit et chauffe,1.4,6,27,final
2026-07-19,pranarom,all,piqûre moustique qui gonfle et durcit et chauffe,1.2,5,43,final
2026-07-20,pranarom,all,piqûre moustique qui gonfle et durcit et chauffe,1.2,4,35,final
2026-07-21,pranarom,all,piqûre moustique qui gonfle et durcit et chauffe,1.2,7,50,final
2026-07-22,pranarom,all,piqûre moustique qui gonfle et durcit et chauffe,1.3,4,32,final
2026-07-23,pranarom,all,piqûre moustique qui gonfle et durcit et chauffe,1.5,3,26,final
2026-07-24,pranarom,all,piqûre moustique qui gonfle et durcit et chauffe,1.7,6,28,final
2026-07-25,pranarom,all,piqûre moustique qui gonfle et durcit et chauffe,1.8,4,26,final
2026-07-26,pranarom,all,piqûre moustique qui gonfle et durcit et chauffe,1.9,2,46,final
2026-07-27,pranarom,all,piqûre moustique qui gonfle et durcit et chauffe,1.8,4,39,final
2026-07-28,pranarom,all,piqûre moustique qui gonfle et durcit et chauffe,2.0,7,44,final
2026-07-29,pranarom,all,piqûre moustique qui gonfle et durcit et chauffe,1.8,4,45,final
2026-07-30,pranarom,all,piqûre moustique qui gonfle et durcit et chauffe,2.1,4,40,final
2026-07-31,pranarom,all,piqûre moustique qui gonfle et durcit et chauffe,1.9,2,45,final
2026-08-01,pranarom,all,piqûre moustique qui gonfle et durcit et chauffe,1.8,3,38,final
2026-08-02,pranarom,all,piqûre moustique qui gonfle et durcit et chauffe,1.8,2,46,final
2026-08-03,pranarom,all,piqûre moustique qui gonfle et durcit et chauffe,1.6,8,34,final
2026-08-04,pranarom,all,piqûre moustique qui gonfle et durcit et chauffe,1.7,3,45,final
2026-08-05,pranarom,all,piqûre moustique qui gonfle et durcit et chauffe,2.0,2,30,final
2026-08-06,pranarom,all,piqûre moustique qui gonfle et durcit et chauffe,2.1,4,32,final
2026-08-07,pranarom,all,piqûre moustique qui gonfle et durcit et chauffe,2.0,1,29,final
2026-08-08,pranarom,all,piqûre moustique qui gonfle et durcit et chauffe,2.2,2,32,final
2026-08-09,pranarom,all,piqûre moustique qui gonfle et durcit et chauffe,2.8,0,32,final
2026-08-10,pranarom,all,piqûre moustique qui gonfle et durcit et chauffe,3.5,1,36,final
2026-08-11,pranarom,all,piqûre moustique qui gonfle et durcit et chauffe,3.2,0,36,final
2026-08-12,pranarom,all,piqûre moustique qui gonfle et durcit et chauffe,3.5,2,31,final
2026-08-13,pranarom,all,piqûre moustique qui gonfle et durcit et chauffe,3.0,1,38,final
2026-08-14,pranarom,all,piqûre moustique qui gonfle et durcit et chauffe,3.3,1,31,final
2026-08-15,pranarom,all,piqûre moustique qui gonfle et durcit et chauffe,3.4,0,37,final
2026-08-16,pranarom,all,piqûre moustique qui gonfle et durcit et chauffe,2.2,2,36,final
2026-08-17,pranarom,all,piqûre moustique qui gonfle et durcit et chauffe,3.1,1,52,final
2026-08-18,pranarom,all,piqûre moustique qui gonfle et durcit et chauffe,3.2,0,38,final
2026-08-19,pranarom,all,piqûre moustique qui gonfle et durcit et chauffe,2.8,1,34,final
2026-08-20,pranarom,all,piqûre moustique qui gonfle et durcit et chauffe,1.9,5,49,final
2026-08-21,pranarom,all,piqûre moustique qui gonfle et durcit et chauffe,1.8,2,28,final
2026-08-22,pranarom,all,piqûre moustique qui gonfle et durcit et chauffe,2.0,2,32,final
2026-08-23,pranarom,all,piqûre moustique qui gonfle et durcit et chauffe,1.9,3,27,final
2026-08-24,pranarom,all,piqûre moustique qui gonfle et durcit et chauffe,1.9,4,32,final
2026-08-25,pranarom,all,piqûre moustique qui gonfle et durcit et chauffe,2.0,4,37,final
2026-08-26,pranarom,all,piqûre moustique qui gonfle et durcit et chauffe,2.1,5,35,final
2026-08-27,pranarom,all,piqûre moustique qui gonfle et durcit et chauffe,2.0,4,41,final
2026-08-28,pranarom,all,piqûre moustique qui gonfle et durcit et chauffe,1.5,2,24,final
2026-08-29,pranarom,all,piqûre moustique qui gonfle et durcit et chauffe,1.4,2,28,final
2026-08-30,pranarom,all,piqûre moustique qui gonfle et durcit et chauffe,1.7,3,22,final
2026-08-31,pranarom,all,piqûre moustique qui gonfle et durcit et chauffe,1.8,4,28,final
2026-09-01,pranarom,all,piqûre moustique qui gonfle et durcit et chauffe,2.1,1,18,final
2026-09-02,pranarom,all,piqûre moustique qui gonfle et durcit et chauffe,1.6,3,31,final
2026-09-03,pranarom,all,piqûre moustique qui gonfle et durcit et chauffe,1.6,1,20,final
2026-09-04,pranarom,all,piqûre moustique qui gonfle et durcit et chauffe,2,4,27,final
2026-09-05,pranarom,all,piqûre moustique qui gonfle et durcit et chauffe,2.1,4,36,final
2026-09-06,pranarom,all,piqûre moustique qui gonfle et durcit et chauffe,2.1,6,35,final
2026-09-07,pranarom,all,piqûre moustique qui gonfle et durcit et chauffe,1.8,6,49,final
2026-09-08,pranarom,all,piqûre moustique qui gonfle et durcit et chauffe,2,2,46,final
2026-09-09,pranarom,all,piqûre moustique qui gonfle et durcit et chauffe,2.9,3,26,final
2026-09-10,pranarom,all,piqûre moustique qui gonfle et durcit et chauffe,2.9,1,16,final
2026-09-11,pranarom,all,piqûre moustique qui gonfle et durcit et chauffe,2.0,2,24,final
2026-09-12,pranarom,all,piqûre moustique qui gonfle et durcit et chauffe,2.2,3,31,final
2026-09-13,pranarom,all,piqûre moustique qui gonfle et durcit et chauffe,2.7,4,43,final
2026-09-14,pranarom,all,piqûre moustique qui gonfle et durcit et chauffe,2.9,1,35,final
2026-09-15,pranarom,all,piqûre moustique qui gonfle et durcit et chauffe,1.6,5,24,final
2026-09-16,pranarom,all,piqûre moustique qui gonfle et durcit et chauffe,2.3,1,22,final
2026-09-17,pranarom,all,piqûre moustique qui gonfle et durcit et chauffe,1.9,5,16,final
2026-09-18,pranarom,all,piqûre moustique qui gonfle et durcit et chauffe,1,1,4,final
2026-09-19,pranarom,all,piqûre moustique qui gonfle et durcit et chauffe,2.9,0,19,final
2026-09-20,pranarom,all,piqûre moustique qui gonfle et durcit et chauffe,1.8,1,19,final
2026-09-21,pranarom,all,piqûre moustique qui gonfle et durcit et chauffe,1.2,1,13,final
2026-09-22,pranarom,all,piqûre moustique qui gonfle et durcit et chauffe,2.1,0,19,final
2026-09-23,pranarom,all,piqûre moustique qui gonfle et durcit et chauffe,1.7,0,14,final
2026-09-24,pranarom,all,piqûre moustique qui gonfle et durcit et chauffe,1.8,4,17,final
2026-09-25,pranarom,all,piqûre moustique qui gonfle et durcit et chauffe,1.4,2,12,final
2026-09-26,pranarom,all,piqûre moustique qui gonfle et durcit et chauffe,1.0,4,27,final
2026-09-27,pranarom,all,piqûre moustique qui gonfle et durcit et chauffe,2.0,0,25,final
2026-09-28,pranarom,all,piqûre moustique qui gonfle et durcit et chauffe,2.4,2,20,final
2026-09-29,pranarom,all,piqûre moustique qui gonfle et durcit et chauffe,1.9,5,18,final
2026-09-30,pranarom,all,piqûre moustique qui gonfle et durcit et chauffe,1.4,4,27,final
2026-10-01,pranarom,all,piqûre moustique qui gonfle et durcit et chauffe,2.1,0,13,fresh
2026-10-02,pranarom,all,piqûre moustique qui gonfle et durcit et chauffe,1.4,1,14,fresh
2025-06-10,pranarom,all,poux huile de coco,1.1,3,9,final
2025-06-11,pranarom,all,poux huile de coco,1,3,7,final
2025-06-12,pranarom,all,poux huile de coco,1.2,5,13,final
2025-06-13,pranarom,all,poux huile de coco,1,5,13,final
2025-06-14,pranarom,all,poux huile de coco,1,3,9,final
2025-06-15,pranarom,all,poux huile de coco,1,6,15,final
2025-06-16,pranarom,all,poux huile de coco,1.2,2,12,final
2025-06-17,pranarom,all,poux huile de coco,1,4,8,final
2025-06-18,pranarom,all,poux huile de coco,1.2,2,10,final
2025-06-19,pranarom,all,poux huile de coco,1.2,6,13,final
2025-06-20,pranarom,all,poux huile de coco,1.5,1,8,final
2025-06-21,pranarom,all,poux huile de coco,1,1,5,final
2025-06-22,pranarom,all,poux huile de coco,1.2,3,17,final
2025-06-23,pranarom,all,poux huile de coco,1.3,4,17,final
2025-06-24,pranarom,all,poux huile de coco,1.3,4,11,final
2025-06-25,pranarom,all,poux huile de coco,1,3,10,final
2025-06-26,pranarom,all,poux huile de coco,1.2,2,10,final
2025-06-27,pranarom,all,poux huile de coco,1,7,10,final
2025-06-28,pranarom,all,poux huile de coco,1.1,3,9,final
2025-06-29,pranarom,all,poux huile de coco,1.1,5,19,final
2025-06-30,pranarom,all,poux huile de coco,1.3,2,9,final
2025-07-01,pranarom,all,poux huile de coco,1.1,5,16,final
2025-07-02,pranarom,all,poux huile de coco,1.2,5,19,final
2025-07-03,pranarom,all,poux huile de coco,1,3,13,final
2025-07-04,pranarom,all,poux huile de coco,1.4,2,10,final
2025-07-05,pranarom,all,poux huile de coco,1,6,11,final
2025-07-06,pranarom,all,poux huile de coco,1,8,17,final
2025-07-07,pranarom,all,poux huile de coco,1.4,4,12,final
2025-07-08,pranarom,all,poux huile de coco,1,5,17,final
2025-07-09,pranarom,all,poux huile de coco,1,8,18,final
2025-07-10,pranarom,all,poux huile de coco,1,4,10,final
2025-07-11,pranarom,all,poux huile de coco,1.1,4,19,final
2025-07-12,pranarom,all,poux huile de coco,1.1,5,17,final
2025-07-13,pranarom,all,poux huile de coco,1.1,4,16,final
2025-07-14,pranarom,all,poux huile de coco,1.1,18,27,final
2025-07-15,pranarom,all,poux huile de coco,1.2,11,24,final
2025-07-16,pranarom,all,poux huile de coco,1.2,5,16,final
2025-07-17,pranarom,all,poux huile de coco,1,7,12,final
2025-07-18,pranarom,all,poux huile de coco,1.4,3,14,final
2025-07-19,pranarom,all,poux huile de coco,1.4,5,21,final
2025-07-20,pranarom,all,poux huile de coco,1.3,6,13,final
2025-07-21,pranarom,all,poux huile de coco,1.2,7,22,final
2025-07-22,pranarom,all,poux huile de coco,1.2,14,25,final
2025-07-23,pranarom,all,poux huile de coco,1,6,14,final
2025-07-24,pranarom,all,poux huile de coco,1.3,5,15,final
2025-07-25,pranarom,all,poux huile de coco,1,9,28,final
2025-07-26,pranarom,all,poux huile de coco,1.3,7,19,final
2025-07-27,pranarom,all,poux huile de coco,1,13,26,final
2025-07-28,pranarom,all,poux huile de coco,1.1,12,27,final
2025-07-29,pranarom,all,poux huile de coco,1.2,7,18,final
2025-07-30,pranarom,all,poux huile de coco,1,7,14,final
2025-07-31,pranarom,all,poux huile de coco,1.1,5,16,final
2025-08-01,pranarom,all,poux huile de coco,1.3,2,15,final
2025-08-02,pranarom,all,poux huile de coco,1.1,4,22,final
2025-08-03,pranarom,all,poux huile de coco,1.2,7,20,final
2025-08-04,pranarom,all,poux huile de coco,1.1,4,16,final
2025-08-05,pranarom,all,poux huile de coco,1.1,6,20,final
2025-08-06,pranarom,all,poux huile de coco,1.4,9,15,final
2025-08-07,pranarom,all,poux huile de coco,1.2,2,8,final
2025-08-08,pranarom,all,poux huile de coco,1.3,11,19,final
2025-08-09,pranarom,all,poux huile de coco,1.3,9,19,final
2025-08-10,pranarom,all,poux huile de coco,1.3,10,23,final
2025-08-11,pranarom,all,poux huile de coco,1,4,14,final
2025-08-12,pranarom,all,poux huile de coco,1.5,4,15,final
2025-08-13,pranarom,all,poux huile de coco,1.3,3,12,final
2025-08-14,pranarom,all,poux huile de coco,1.2,5,19,final
2025-08-15,pranarom,all,poux huile de coco,1.2,1,10,final
2025-08-16,pranarom,all,poux huile de coco,1.6,2,14,final
2025-08-17,pranarom,all,poux huile de coco,1.2,5,24,final
2025-08-18,pranarom,all,poux huile de coco,1.1,11,18,final
2025-08-19,pranarom,all,poux huile de coco,1.4,5,18,final
2025-08-20,pranarom,all,poux huile de coco,1,3,8,final
2025-08-21,pranarom,all,poux huile de coco,1,3,14,final
2025-08-22,pranarom,all,poux huile de coco,1.2,2,15,final
2025-08-23,pranarom,all,poux huile de coco,1,9,14,final
2025-08-24,pranarom,all,poux huile de coco,1.4,8,22,final
2025-08-25,pranarom,all,poux huile de coco,1,4,11,final
2025-08-26,pranarom,all,poux huile de coco,1.1,8,16,final
2025-08-27,pranarom,all,poux huile de coco,1.7,7,17,final
2025-08-28,pranarom,all,poux huile de coco,1.1,10,20,final
2025-08-29,pranarom,all,poux huile de coco,1.5,3,10,final
2025-08-30,pranarom,all,poux huile de coco,1.2,6,18,final
2025-08-31,pranarom,all,poux huile de coco,1.1,8,24,final
2025-09-01,pranarom,all,poux huile de coco,1.1,4,16,final
2025-09-02,pranarom,all,poux huile de coco,1.3,2,13,final
2025-09-03,pranarom,all,poux huile de coco,1.5,8,16,final
2025-09-04,pranarom,all,poux huile de coco,1.5,3,11,final
2025-09-05,pranarom,all,poux huile de coco,1,3,8,final
2025-09-06,pranarom,all,poux huile de coco,1,12,20,final
2025-09-07,pranarom,all,poux huile de coco,1.2,7,16,final
2025-09-08,pranarom,all,poux huile de coco,1,6,20,final
2025-09-09,pranarom,all,poux huile de coco,1,5,21,final
2025-09-10,pranarom,all,poux huile de coco,1.1,5,20,final
2025-09-11,pranarom,all,poux huile de coco,1,4,13,final
2025-09-12,pranarom,all,poux huile de coco,1,4,17,final
2025-09-13,pranarom,all,poux huile de coco,1,8,15,final
2025-09-14,pranarom,all,poux huile de coco,1.1,9,15,final
2025-09-15,pranarom,all,poux huile de coco,1,3,9,final
2025-09-16,pranarom,all,poux huile de coco,1.5,6,16,final
2025-09-17,pranarom,all,poux huile de coco,1.3,1,11,final
2025-09-18,pranarom,all,poux huile de coco,1.3,4,12,final
2025-09-19,pranarom,all,poux huile de coco,1.1,4,17,final
2025-09-20,pranarom,all,poux huile de coco,1.1,6,15,final
2025-09-21,pranarom,all,poux huile de coco,1.1,7,20,final
2025-09-22,pranarom,all,poux huile de coco,1,4,14,final
2025-09-23,pranarom,all,poux huile de coco,1.3,2,12,final
2025-09-24,pranarom,all,poux huile de coco,1.2,4,17,final
2025-09-25,pranarom,all,poux huile de coco,1,4,15,final
2025-09-26,pranarom,all,poux huile de coco,1.2,1,8,final
2025-09-27,pranarom,all,poux huile de coco,1,4,10,final
2025-09-28,pranarom,all,poux huile de coco,1.0,14,34,final
2025-09-29,pranarom,all,poux huile de coco,1,6,17,final
2025-09-30,pranarom,all,poux huile de coco,1,4,11,final
2025-10-01,pranarom,all,poux huile de coco,1.3,4,14,final
2025-10-02,pranarom,all,poux huile de coco,1.1,6,23,final
2025-10-03,pranarom,all,poux huile de coco,1,7,10,final
2025-10-04,pranarom,all,poux huile de coco,1,4,11,final
2025-10-05,pranarom,all,poux huile de coco,1,11,23,final
2025-10-06,pranarom,all,poux huile de coco,1,4,8,final
2025-10-07,pranarom,all,poux huile de coco,1,6,16,final
2025-10-08,pranarom,all,poux huile de coco,1.2,5,12,final
2025-10-09,pranarom,all,poux huile de coco,1,6,14,final
2025-10-10,pranarom,all,poux huile de coco,1.5,6,15,final
2025-10-11,pranarom,all,poux huile de coco,1,9,13,final
2025-10-12,pranarom,all,poux huile de coco,1.1,8,21,final
2025-10-13,pranarom,all,poux huile de coco,1.3,5,10,final
2025-10-14,pranarom,all,poux huile de coco,1,2,9,final
2025-10-15,pranarom,all,poux huile de coco,1,6,14,final
2025-10-16,pranarom,all,poux huile de coco,1.1,7,14,final
2025-10-17,pranarom,all,poux huile de coco,1,5,9,final
2025-10-18,pranarom,all,poux huile de coco,1,5,12,final
2025-10-19,pranarom,all,poux huile de coco,1,4,19,final
2025-10-20,pranarom,all,poux huile de coco,1,3,10,final
2025-10-21,pranarom,all,poux huile de coco,1,3,10,final
2025-10-22,pranarom,all,poux huile de coco,1,4,13,final
2025-10-23,pranarom,all,poux huile de coco,1,4,12,final
2025-10-24,pranarom,all,poux huile de coco,1,5,13,final
2025-10-25,pranarom,all,poux huile de coco,1,3,11,final
2025-10-26,pranarom,all,poux huile de coco,1.1,7,19,final
2025-10-27,pranarom,all,poux huile de coco,1.1,9,16,final
2025-10-28,pranarom,all,poux huile de coco,1,4,12,final
2025-10-29,pranarom,all,poux huile de coco,1,8,15,final
2025-10-30,pranarom,all,poux huile de coco,1.3,3,13,final
2025-10-31,pranarom,all,poux huile de coco,1.3,1,6,final
2025-11-01,pranarom,all,poux huile de coco,1,11,19,final
2025-11-02,pranarom,all,poux huile de coco,1,8,24,final
2025-11-03,pranarom,all,poux huile de coco,1,9,22,final
2025-11-04,pranarom,all,poux huile de coco,1.2,5,11,final
2025-11-05,pranarom,all,poux huile de coco,1,5,12,final
2025-11-06,pranarom,all,poux huile de coco,1.1,4,13,final
2025-11-07,pranarom,all,poux huile de coco,1.2,1,8,final
2025-11-08,pranarom,all,poux huile de coco,1.2,10,20,final
2025-11-09,pranarom,all,poux huile de coco,1,10,18,final
2025-11-10,pranarom,all,poux huile de coco,1,5,19,final
2025-11-11,pranarom,all,poux huile de coco,1.1,8,20,final
2025-11-12,pranarom,all,poux huile de coco,1,4,10,final
2025-11-13,pranarom,all,poux huile de coco,1,5,19,final
2025-11-14,pranarom,all,poux huile de coco,1,3,13,final
2025-11-15,pranarom,all,poux huile de coco,1.1,4,20,final
2025-11-16,pranarom,all,poux huile de coco,1.1,5,16,final
2025-11-17,pranarom,all,poux huile de coco,1.1,3,10,final
2025-11-18,pranarom,all,poux huile de coco,1.1,2,7,final
2025-11-19,pranarom,all,poux huile de coco,1,5,13,final
2025-11-20,pranarom,all,poux huile de coco,1,3,5,final
2025-11-21,pranarom,all,poux huile de coco,1.1,4,12,final
2025-11-22,pranarom,all,poux huile de coco,1,5,11,final
2025-11-23,pranarom,all,poux huile de coco,1.2,5,16,final
2025-11-24,pranarom,all,poux huile de coco,1,1,3,final
2025-11-25,pranarom,all,poux huile de coco,1.1,5,14,final
2025-11-26,pranarom,all,poux huile de coco,1.2,4,8,final
2025-11-27,pranarom,all,poux huile de coco,1,1,6,final
2025-11-28,pranarom,all,poux huile de coco,1,4,13,final
2025-11-29,pranarom,all,poux huile de coco,1.2,4,12,final
2025-11-30,pranarom,all,poux huile de coco,1,10,16,final
2025-12-01,pranarom,all,poux huile de coco,1,3,12,final
2025-12-02,pranarom,all,poux huile de coco,1,2,7,final
2025-12-03,pranarom,all,poux huile de coco,1.5,5,19,final
2025-12-04,pranarom,all,poux huile de coco,1.3,2,6,final
2025-12-05,pranarom,all,poux huile de coco,1.2,2,5,final
2025-12-06,pranarom,all,poux huile de coco,1,2,6,final
2025-12-07,pranarom,all,poux huile de coco,1,3,10,final
2025-12-08,pranarom,all,poux huile de coco,1.2,6,12,final
2025-12-09,pranarom,all,poux huile de coco,1,3,10,final
2025-12-10,pranarom,all,poux huile de coco,1,7,14,final
2025-12-11,pranarom,all,poux huile de coco,1,6,12,final
2025-12-12,pranarom,all,poux huile de coco,1.2,3,10,final
2025-12-13,pranarom,all,poux huile de coco,1.5,4,15,final
2025-12-14,pranarom,all,poux huile de coco,1,8,14,final
2025-12-15,pranarom,all,poux huile de coco,1,4,12,final
2025-12-16,pranarom,all,poux huile de coco,1.4,7,12,final
2025-12-17,pranarom,all,poux huile de coco,1,3,9,final
2025-12-19,pranarom,all,poux huile de coco,1,3,9,final
2025-12-20,pranarom,all,poux huile de coco,1.2,4,9,final
2025-12-21,pranarom,all,poux huile de coco,1.1,8,21,final
2025-12-22,pranarom,all,poux huile de coco,1,5,14,final
2025-12-23,pranarom,all,poux huile de coco,1,3,7,final
2025-12-24,pranarom,all,poux huile de coco,1,3,5,final
2025-12-25,pranarom,all,poux huile de coco,1,3,10,final
2025-12-26,pranarom,all,poux huile de coco,1,3,10,final
2025-12-27,pranarom,all,poux huile de coco,1.2,5,11,final
2025-12-28,pranarom,all,poux huile de coco,1,1,7,final
2025-12-29,pranarom,all,poux huile de coco,1,8,18,final
2025-12-30,pranarom,all,poux huile de coco,1,3,13,final
2025-12-31,pranarom,all,poux huile de coco,1,2,12,final
2026-01-01,pranarom,all,poux huile de coco,1.1,6,14,final
2026-01-02,pranarom,all,poux huile de coco,1.3,1,11,final
2026-01-03,pranarom,all,poux huile de coco,1,7,16,final
2026-01-04,pranarom,all,poux huile de coco,1,8,12,final
2026-01-05,pranarom,all,poux huile de coco,1.2,3,12,final
2026-01-06,pranarom,all,poux huile de coco,1,2,7,final
2026-01-07,pranarom,all,poux huile de coco,1.2,4,11,final
2026-01-08,pranarom,all,poux huile de coco,1,1,7,final
2026-01-09,pranarom,all,poux huile de coco,1.1,0,11,final
2026-01-10,pranarom,all,poux huile de coco,1,7,12,final
2026-01-11,pranarom,all,poux huile de coco,1,8,14,final
2026-01-12,pranarom,all,poux huile de coco,1,5,13,final
2026-01-13,pranarom,all,poux huile de coco,1,0,7,final
2026-01-14,pranarom,all,poux huile de coco,1,3,9,final
2026-01-15,pranarom,all,poux huile de coco,1,2,6,final
2026-01-16,pranarom,all,poux huile de coco,1,2,8,final
2026-01-17,pranarom,all,poux huile de coco,1,4,10,final
2026-01-18,pranarom,all,poux huile de coco,1.1,3,14,final
2026-01-19,pranarom,all,poux huile de coco,1.1,5,10,final
2026-01-20,pranarom,all,poux huile de coco,1,10,17,final
2026-01-21,pranarom,all,poux huile de coco,1,2,9,final
2026-01-22,pranarom,all,poux huile de coco,1.5,2,11,final
2026-01-23,pranarom,all,poux huile de coco,1.2,2,11,final
2026-01-24,pranarom,all,poux huile de coco,1.1,8,16,final
2026-01-25,pranarom,all,poux huile de coco,1.3,3,15,final
2026-01-26,pranarom,all,poux huile de coco,1,2,3,final
2026-01-27,pranarom,all,poux huile de coco,1,3,15,final
2026-01-28,pranarom,all,poux huile de coco,1,5,15,final
2026-01-29,pranarom,all,poux huile de coco,1,2,7,final
2026-01-30,pranarom,all,poux huile de coco,1.5,5,11,final
2026-01-31,pranarom,all,poux huile de coco,1,9,15,final
2026-02-01,pranarom,all,poux huile de coco,1.1,6,17,final
2026-02-02,pranarom,all,poux huile de coco,1,3,12,final
2026-02-03,pranarom,all,poux huile de coco,1,3,6,final
2026-02-04,pranarom,all,poux huile de coco,1,3,7,final
2026-02-05,pranarom,all,poux huile de coco,1.4,1,7,final
2026-02-06,pranarom,all,poux huile de coco,1,5,12,final
2026-02-07,pranarom,all,poux huile de coco,1.2,6,9,final
2026-02-08,pranarom,all,poux huile de coco,1,4,12,final
2026-02-09,pranarom,all,poux huile de coco,1,3,15,final
2026-02-10,pranarom,all,poux huile de coco,1,6,10,final
2026-02-11,pranarom,all,poux huile de coco,1,3,9,final
2026-02-12,pranarom,all,poux huile de coco,1,2,12,final
2026-02-13,pranarom,all,poux huile de coco,1,2,9,final
2026-02-14,pranarom,all,poux huile de coco,1,1,6,final
2026-02-15,pranarom,all,poux huile de coco,2,2,8,final
2026-02-16,pranarom,all,poux huile de coco,2.5,1,4,final
2026-02-17,pranarom,all,poux huile de coco,2.5,1,11,final
2026-02-18,pranarom,all,poux huile de coco,3.3,2,12,final
2026-02-19,pranarom,all,poux huile de coco,2.4,4,11,final
2026-02-20,pranarom,all,poux huile de coco,1.5,1,8,final
2026-02-21,pranarom,all,poux huile de coco,1,2,6,final
2026-02-22,pranarom,all,poux huile de coco,3.3,2,11,final
2026-02-23,pranarom,all,poux huile de coco,1.5,6,12,final
2026-02-24,pranarom,all,poux huile de coco,2.8,2,13,final
2026-02-25,pranarom,all,poux huile de coco,1,6,14,final
2026-02-26,pranarom,all,poux huile de coco,3.6,2,13,final
2026-02-27,pranarom,all,poux huile de coco,1,5,7,final
2026-02-28,pranarom,all,poux huile de coco,1.1,5,15,final
2026-03-01,pranarom,all,poux huile de coco,1.8,2,9,final
2026-03-02,pranarom,all,poux huile de coco,1.8,2,8,final
2026-03-03,pranarom,all,poux huile de coco,2,4,9,final
2026-03-04,pranarom,all,poux huile de coco,2.1,5,10,final
2026-03-05,pranarom,all,poux huile de coco,1,2,4,final
2026-03-06,pranarom,all,poux huile de coco,1.5,4,11,final
2026-03-07,pranarom,all,poux huile de coco,1,8,16,final
2026-03-08,pranarom,all,poux huile de coco,1,3,17,final
2026-03-09,pranarom,all,poux huile de coco,1,3,10,final
2026-03-10,pranarom,all,poux huile de coco,1.6,2,9,final
2026-03-11,pranarom,all,poux huile de coco,8.1,3,14,final
2026-03-12,pranarom,all,poux huile de coco,1,3,5,final
2026-03-13,pranarom,all,poux huile de coco,3.1,2,11,final
2026-03-14,pranarom,all,poux huile de coco,1.2,1,10,final
2026-03-15,pranarom,all,poux huile de coco,1.4,4,20,final
2026-03-16,pranarom,all,poux huile de coco,1,3,13,final
2026-03-17,pranarom,all,poux huile de coco,1,1,10,final
2026-03-18,pranarom,all,poux huile de coco,1,5,11,final
2026-03-19,pranarom,all,poux huile de coco,1,4,12,final
2026-03-20,pranarom,all,poux huile de coco,1,2,7,final
2026-03-21,pranarom,all,poux huile de coco,1,4,8,final
2026-03-22,pranarom,all,poux huile de coco,1,9,19,final
2026-03-23,pranarom,all,poux huile de coco,1,5,9,final
2026-03-24,pranarom,all,poux huile de coco,1,4,13,final
2026-03-25,pranarom,all,poux huile de coco,1.1,3,8,final
2026-03-26,pranarom,all,poux huile de coco,1,1,5,final
2026-03-27,pranarom,all,poux huile de coco,1,2,10,final
2026-03-28,pranarom,all,poux huile de coco,1.1,6,12,final
2026-03-29,pranarom,all,poux huile de coco,1,4,16,final
2026-03-30,pranarom,all,poux huile de coco,1,3,8,final
2026-03-31,pranarom,all,poux huile de coco,1,2,12,final
2026-04-01,pranarom,all,poux huile de coco,1,3,6,final
2026-04-02,pranarom,all,poux huile de coco,1,4,8,final
2026-04-03,pranarom,all,poux huile de coco,1,3,8,final
2026-04-04,pranarom,all,poux huile de coco,1,5,10,final
2026-04-05,pranarom,all,poux huile de coco,1,6,11,final
2026-04-06,pranarom,all,poux huile de coco,1,5,7,final
2026-04-07,pranarom,all,poux huile de coco,1,4,9,final
2026-04-08,pranarom,all,poux huile de coco,1,2,4,final
2026-04-09,pranarom,all,poux huile de coco,1,4,9,final
2026-04-10,pranarom,all,poux huile de coco,1,4,7,final
2026-04-11,pranarom,all,poux huile de coco,1,8,15,final
2026-04-12,pranarom,all,poux huile de coco,1,3,6,final
2026-04-13,pranarom,all,poux huile de coco,1,3,11,final
2026-04-14,pranarom,all,poux huile de coco,1,4,6,final
2026-04-15,pranarom,all,poux huile de coco,1,1,7,final
2026-04-16,pranarom,all,poux huile de coco,1,3,9,final
2026-04-17,pranarom,all,poux huile de coco,1,2,5,final
2026-04-18,pranarom,all,poux huile de coco,1,1,8,final
2026-04-19,pranarom,all,poux huile de coco,1,3,10,final
2026-04-20,pranarom,all,poux huile de coco,1.2,1,5,final
2026-04-21,pranarom,all,poux huile de coco,1,3,10,final
2026-04-22,pranarom,all,poux huile de coco,1,5,7,final
2026-04-23,pranarom,all,poux huile de coco,1,1,9,final
2026-04-24,pranarom,all,poux huile de coco,1,1,4,final
2026-04-25,pranarom,all,poux huile de coco,1.1,7,15,final
2026-04-26,pranarom,all,poux huile de coco,1,2,7,final
2026-04-27,pranarom,all,poux huile de coco,1,7,12,final
2026-04-28,pranarom,all,poux huile de coco,1,6,8,final
2026-04-29,pranarom,all,poux huile de coco,1,4,9,final
2026-04-30,pranarom,all,poux huile de coco,1,1,2,final
2026-05-01,pranarom,all,poux huile de coco,1,2,7,final
2026-05-02,pranarom,all,poux huile de coco,1,4,9,final
2026-05-03,pranarom,all,poux huile de coco,1,8,17,final
2026-05-04,pranarom,all,poux huile de coco,1,4,12,final
2026-05-05,pranarom,all,poux huile de coco,1.1,6,10,final
2026-05-06,pranarom,all,poux huile de coco,1,2,5,final
2026-05-07,pranarom,all,poux huile de coco,1,2,6,final
2026-05-08,pranarom,all,poux huile de coco,1,5,12,final
2026-05-09,pranarom,all,poux huile de coco,1,3,5,final
2026-05-10,pranarom,all,poux huile de coco,1,1,6,final
2026-05-11,pranarom,all,poux huile de coco,1,1,9,final
2026-05-12,pranarom,all,poux huile de coco,1.1,2,8,final
2026-05-13,pranarom,all,poux huile de coco,1,3,11,final
2026-05-14,pranarom,all,poux huile de coco,1.1,6,14,final
2026-05-15,pranarom,all,poux huile de coco,1.2,3,12,final
2026-05-16,pranarom,all,poux huile de coco,1,5,8,final
2026-05-17,pranarom,all,poux huile de coco,1.4,3,7,final
2026-05-18,pranarom,all,poux huile de coco,1,2,5,final
2026-05-19,pranarom,all,poux huile de coco,1,1,7,final
2026-05-20,pranarom,all,poux huile de coco,1.2,2,13,final
2026-05-21,pranarom,all,poux huile de coco,1,1,7,final
2026-05-22,pranarom,all,poux huile de coco,1,3,6,final
2026-05-23,pranarom,all,poux huile de coco,1,1,3,final
2026-05-24,pranarom,all,poux huile de coco,1.3,5,10,final
2026-05-25,pranarom,all,poux huile de coco,1,2,12,final
2026-05-26,pranarom,all,poux huile de coco,1.2,5,10,final
2026-05-27,pranarom,all,poux huile de coco,1,1,3,final
2026-05-28,pranarom,all,poux huile de coco,1,1,3,final
2026-05-29,pranarom,all,poux huile de coco,1,4,6,final
2026-05-30,pranarom,all,poux huile de coco,1,4,9,final
2026-05-31,pranarom,all,poux huile de coco,1.1,4,10,final
2026-06-01,pranarom,all,poux huile de coco,1.1,4,8,final
2026-06-02,pranarom,all,poux huile de coco,1,1,3,final
2026-06-03,pranarom,all,poux huile de coco,1,5,10,final
2026-06-04,pranarom,all,poux huile de coco,1,1,5,final
2026-06-05,pranarom,all,poux huile de coco,1,3,8,final
2026-06-06,pranarom,all,poux huile de coco,1.2,2,8,final
2026-06-07,pranarom,all,poux huile de coco,1,8,14,final
2026-06-08,pranarom,all,poux huile de coco,1,3,9,final
2026-06-09,pranarom,all,poux huile de coco,1,2,6,final
2026-06-10,pranarom,all,poux huile de coco,1,4,10,final
2026-06-11,pranarom,all,poux huile de coco,1,5,12,final
2026-06-12,pranarom,all,poux huile de coco,1,2,5,final
2026-06-13,pranarom,all,poux huile de coco,1,1,8,final
2026-06-14,pranarom,all,poux huile de coco,1,7,14,final
2026-06-15,pranarom,all,poux huile de coco,1,5,10,final
2026-06-16,pranarom,all,poux huile de coco,1,0,4,final
2026-06-17,pranarom,all,poux huile de coco,1,3,7,final
2026-06-18,pranarom,all,poux huile de coco,1,1,9,final
2026-06-19,pranarom,all,poux huile de coco,1,1,4,final
2026-06-20,pranarom,all,poux huile de coco,1,1,4,final
2026-06-21,pranarom,all,poux huile de coco,1,8,14,final
2026-06-22,pranarom,all,poux huile de coco,1,3,6,final
2026-06-23,pranarom,all,poux huile de coco,1,4,9,final
2026-06-24,pranarom,all,poux huile de coco,3.8,1,4,final
2026-06-25,pranarom,all,poux huile de coco,1,0,7,final
2026-06-26,pranarom,all,poux huile de coco,1,3,7,final
2026-06-27,pranarom,all,poux huile de coco,1,2,5,final
2026-06-28,pranarom,all,poux huile de coco,1.4,3,14,final
2026-06-29,pranarom,all,poux huile de coco,1,2,6,final
2026-06-30,pranarom,all,poux huile de coco,1,1,3,final
2026-07-01,pranarom,all,poux huile de coco,1.2,6,13,final
2026-07-02,pranarom,all,poux huile de coco,1,4,10,final
2026-07-03,pranarom,all,poux huile de coco,1,0,4,final
2026-07-04,pranarom,all,poux huile de coco,1,1,8,final
2026-07-05,pranarom,all,poux huile de coco,1,5,9,final
2026-07-06,pranarom,all,poux huile de coco,1,2,8,final
2026-07-07,pranarom,all,poux huile de coco,1,1,8,final
2026-07-08,pranarom,all,poux huile de coco,1,4,6,final
2026-07-09,pranarom,all,poux huile de coco,1,4,8,final
2026-07-10,pranarom,all,poux huile de coco,1,2,5,final
2026-07-11,pranarom,all,poux huile de coco,1,2,7,final
2026-07-12,pranarom,all,poux huile de coco,1,0,11,final
2026-07-13,pranarom,all,poux huile de coco,1,4,10,final
2026-07-14,pranarom,all,poux huile de coco,1,2,7,final
2026-07-15,pranarom,all,poux huile de coco,1,3,5,final
2026-07-16,pranarom,all,poux huile de coco,1,2,3,final
2026-07-17,pranarom,all,poux huile de coco,1,7,15,final
2026-07-18,pranarom,all,poux huile de coco,1,8,15,final
2026-07-19,pranarom,all,poux huile de coco,1,7,13,final
2026-07-20,pranarom,all,poux huile de coco,1,3,12,final
2026-07-21,pranarom,all,poux huile de coco,1,4,11,final
2026-07-22,pranarom,all,poux huile de coco,1,3,13,final
2026-07-23,pranarom,all,poux huile de coco,1,6,8,final
2026-07-24,pranarom,all,poux huile de coco,1,6,10,final
2026-07-25,pranarom,all,poux huile de coco,1,6,10,final
2026-07-26,pranarom,all,poux huile de coco,1.1,3,20,final
2026-07-27,pranarom,all,poux huile de coco,1,7,9,final
2026-07-28,pranarom,all,poux huile de coco,1,1,10,final
2026-07-29,pranarom,all,poux huile de coco,1,9,16,final
2026-07-30,pranarom,all,poux huile de coco,1,1,6,final
2026-07-31,pranarom,all,poux huile de coco,1,4,8,final
2026-08-01,pranarom,all,poux huile de coco,1,6,16,final
2026-08-02,pranarom,all,poux huile de coco,1,6,10,final
2026-08-03,pranarom,all,poux huile de coco,1,4,10,final
2026-08-04,pranarom,all,poux huile de coco,1,1,7,final
2026-08-05,pranarom,all,poux huile de coco,1,4,10,final
2026-08-06,pranarom,all,poux huile de coco,1.1,3,11,final
2026-08-07,pranarom,all,poux huile de coco,1,2,9,final
2026-08-08,pranarom,all,poux huile de coco,1,5,6,final
2026-08-09,pranarom,all,poux huile de coco,1,8,20,final
2026-08-10,pranarom,all,poux huile de coco,1,5,13,final
2026-08-11,pranarom,all,poux huile de coco,1,4,10,final
2026-08-12,pranarom,all,poux huile de coco,1.3,1,3,final
2026-08-13,pranarom,all,poux huile de coco,1,2,4,final
2026-08-14,pranarom,all,poux huile de coco,1,0,13,final
2026-08-15,pranarom,all,poux huile de coco,1.1,5,14,final
2026-08-16,pranarom,all,poux huile de coco,1,7,13,final
2026-08-17,pranarom,all,poux huile de coco,1,5,14,final
2026-08-18,pranarom,all,poux huile de coco,1.2,0,9,final
2026-08-19,pranarom,all,poux huile de coco,1.2,2,16,final
2026-08-20,pranarom,all,poux huile de coco,1.1,6,17,final
2026-08-21,pranarom,all,poux huile de coco,1.2,0,6,final
2026-08-22,pranarom,all,poux huile de coco,1,1,6,final
2026-08-23,pranarom,all,poux huile de coco,1,8,19,final
2026-08-24,pranarom,all,poux huile de coco,1,3,13,final
2026-08-25,pranarom,all,poux huile de coco,1.2,9,18,final
2026-08-26,pranarom,all,poux huile de coco,1,3,15,final
2026-08-27,pranarom,all,poux huile de coco,1.1,6,18,final
2026-08-28,pranarom,all,poux huile de coco,1.1,5,17,final
2026-08-29,pranarom,all,poux huile de coco,1.1,6,18,final
2026-08-30,pranarom,all,poux huile de coco,1.1,9,25,final
2026-08-31,pranarom,all,poux huile de coco,1.1,5,15,final
2026-09-01,pranarom,all,poux huile de coco,1.3,2,12,final
2026-09-02,pranarom,all,poux huile de coco,1.4,3,9,final
2026-09-03,pranarom,all,poux huile de coco,1.1,2,7,final
2026-09-04,pranarom,all,poux huile de coco,1.4,1,8,final
2026-09-05,pranarom,all,poux huile de coco,1.2,3,15,final
2026-09-06,pranarom,all,poux huile de coco,1.3,6,15,final
2026-09-07,pranarom,all,poux huile de coco,1,3,8,final
2026-09-08,pranarom,all,poux huile de coco,1.1,1,8,final
2026-09-09,pranarom,all,poux huile de coco,1,1,10,final
2026-09-10,pranarom,all,poux huile de coco,1,1,4,final
2026-09-11,pranarom,all,poux huile de coco,1,7,13,final
2026-09-12,pranarom,all,poux huile de coco,1,3,13,final
2026-09-13,pranarom,all,poux huile de coco,1,1,11,final
2026-09-14,pranarom,all,poux huile de coco,1,2,13,final
2026-09-15,pranarom,all,poux huile de coco,1,0,11,final
2026-09-16,pranarom,all,poux huile de coco,1.3,2,10,final
2026-09-17,pranarom,all,poux huile de coco,1,2,6,final
2026-09-18,pranarom,all,poux huile de coco,1.1,6,12,final
2026-09-19,pranarom,all,poux huile de coco,1,3,7,final
2026-09-20,pranarom,all,poux huile de coco,1.1,3,14,final
2026-09-21,pranarom,all,poux huile de coco,1.1,4,10,final
2026-09-22,pranarom,all,poux huile de coco,1,4,20,final
2026-09-23,pranarom,all,poux huile de coco,1.1,2,9,final
2026-09-24,pranarom,all,poux huile de coco,1.2,0,6,final
2026-09-25,pranarom,all,poux huile de coco,1,1,5,final
2026-09-26,pranarom,all,poux huile de coco,1,2,11,final
2026-09-27,pranarom,all,poux huile de coco,1,1,10,final
2026-09-28,pranarom,all,poux huile de coco,1,2,4,final
2026-09-29,pranarom,all,poux huile de coco,1,2,9,final
2026-09-30,pranarom,all,poux huile de coco,1,0,7,final
2026-10-01,pranarom,all,poux huile de coco,1,3,11,fresh
2026-10-02,pranarom,all,poux huile de coco,1,1,8,fresh
2026-05-29,pranarom,all,reaction piqure moustique,10.7,0,7,final
2026-05-30,pranarom,all,reaction piqure moustique,11,0,11,final
2026-05-31,pranarom,all,reaction piqure moustique,11,0,29,final
2026-06-01,pranarom,all,reaction piqure moustique,11.2,0,5,final
2026-06-02,pranarom,all,reaction piqure moustique,13.2,0,5,final
2026-06-04,pranarom,all,reaction piqure moustique,10.8,0,5,final
2026-06-05,pranarom,all,reaction piqure moustique,11,0,3,final
2026-06-06,pranarom,all,reaction piqure moustique,11,0,6,final
2026-06-07,pranarom,all,reaction piqure moustique,11.2,0,6,final
2026-06-08,pranarom,all,reaction piqure moustique,11,0,4,final
2026-06-09,pranarom,all,reaction piqure moustique,11,0,4,final
2026-06-11,pranarom,all,reaction piqure moustique,10.6,0,5,final
2026-06-12,pranarom,all,reaction piqure moustique,10.8,0,6,final
2026-06-13,pranarom,all,reaction piqure moustique,9.4,0,14,final
2026-06-14,pranarom,all,reaction piqure moustique,7.7,0,29,final
2026-06-15,pranarom,all,reaction piqure moustique,6.7,1,27,final
2026-06-16,pranarom,all,reaction piqure moustique,2.2,3,18,final
2026-06-17,pranarom,all,reaction piqure moustique,2.2,4,29,final
2026-06-18,pranarom,all,reaction piqure moustique,2.5,6,30,final
2026-06-19,pranarom,all,reaction piqure moustique,1.7,5,31,final
2026-06-20,pranarom,all,reaction piqure moustique,1.4,5,40,final
2026-06-21,pranarom,all,reaction piqure moustique,1.3,3,32,final
2026-06-22,pranarom,all,reaction piqure moustique,1.2,6,33,final
2026-06-23,pranarom,all,reaction piqure moustique,2.3,5,32,final
2026-06-24,pranarom,all,reaction piqure moustique,1.0,8,44,final
2026-06-25,pranarom,all,reaction piqure moustique,2.0,3,29,final
2026-06-26,pranarom,all,reaction piqure moustique,3.8,3,36,final
2026-06-27,pranarom,all,reaction piqure moustique,3.6,2,40,final
2026-06-28,pranarom,all,reaction piqure moustique,2.2,1,47,final
2026-06-29,pranarom,all,reaction piqure moustique,2.9,3,29,final
2026-06-30,pranarom,all,reaction piqure moustique,3.9,0,35,final
2026-07-01,pranarom,all,reaction piqure moustique,3.9,0,16,final
2026-07-02,pranarom,all,reaction piqure moustique,3.4,0,17,final
2026-07-03,pranarom,all,reaction piqure moustique,3.4,1,25,final
2026-07-04,pranarom,all,reaction piqure moustique,3.0,1,22,final
2026-07-05,pranarom,all,reaction piqure moustique,2.9,5,53,final
2026-07-06,pranarom,all,reaction piqure moustique,2.9,1,35,final
2026-07-07,pranarom,all,reaction piqure moustique,3.5,4,38,final
2026-07-08,pranarom,all,reaction piqure moustique,3.8,2,37,final
2026-07-09,pranarom,all,reaction piqure moustique,3.1,2,41,final
2026-07-10,pranarom,all,reaction piqure moustique,2.0,3,50,final
2026-07-11,pranarom,all,reaction piqure moustique,1.4,7,38,final
2026-07-12,pranarom,all,reaction piqure moustique,1.6,7,46,final
2026-07-13,pranarom,all,reaction piqure moustique,1.2,5,44,final
2026-07-14,pranarom,all,reaction piqure moustique,1.9,4,43,final
2026-07-15,pranarom,all,reaction piqure moustique,1.2,3,54,final
2026-07-16,pranarom,all,reaction piqure moustique,1.1,4,38,final
2026-07-17,pranarom,all,reaction piqure moustique,2.1,3,47,final
2026-07-18,pranarom,all,reaction piqure moustique,2.5,6,41,final
2026-07-19,pranarom,all,reaction piqure moustique,2.2,6,59,final
2026-07-20,pranarom,all,reaction piqure moustique,2.1,3,45,final
2026-07-21,pranarom,all,reaction piqure moustique,1.2,3,25,final
2026-07-22,pranarom,all,reaction piqure moustique,1.1,10,44,final
2026-07-23,pranarom,all,reaction piqure moustique,1.8,4,29,final
2026-07-24,pranarom,all,reaction piqure moustique,1.7,4,36,final
2026-07-25,pranarom,all,reaction piqure moustique,1.8,6,36,final
2026-07-26,pranarom,all,reaction piqure moustique,1.8,11,41,final
2026-07-27,pranarom,all,reaction piqure moustique,2.1,5,61,final
2026-07-28,pranarom,all,reaction piqure moustique,2.1,9,62,final
2026-07-29,pranarom,all,reaction piqure moustique,2.1,14,74,final
2026-07-30,pranarom,all,reaction piqure moustique,1.7,6,71,final
2026-07-31,pranarom,all,reaction piqure moustique,2.3,3,56,final
2026-08-01,pranarom,all,reaction piqure moustique,2.3,6,56,final
2026-08-02,pranarom,all,reaction piqure moustique,2.0,5,81,final
2026-08-03,pranarom,all,reaction piqure moustique,2.0,9,82,final
2026-08-04,pranarom,all,reaction piqure moustique,2.0,10,65,final
2026-08-05,pranarom,all,reaction piqure moustique,1.9,6,57,final
2026-08-06,pranarom,all,reaction piqure moustique,2.3,3,86,final
2026-08-07,pranarom,all,reaction piqure moustique,2.5,7,78,final
2026-08-08,pranarom,all,reaction piqure moustique,2.5,2,73,final
2026-08-09,pranarom,all,reaction piqure moustique,2.6,7,71,final
2026-08-10,pranarom,all,reaction piqure moustique,2.1,5,71,final
2026-08-11,pranarom,all,reaction piqure moustique,2.3,8,87,final
2026-08-12,pranarom,all,reaction piqure moustique,2.3,3,69,final
2026-08-13,pranarom,all,reaction piqure moustique,2.1,7,87,final
2026-08-14,pranarom,all,reaction piqure moustique,2.3,5,92,final
2026-08-15,pranarom,all,reaction piqure moustique,2.2,4,84,final
2026-08-16,pranarom,all,reaction piqure moustique,2.3,6,107,final
2026-08-17,pranarom,all,reaction piqure moustique,2.1,8,82,final
2026-08-18,pranarom,all,reaction piqure moustique,2.4,3,61,final
2026-08-19,pranarom,all,reaction piqure moustique,2.3,7,73,final
2026-08-20,pranarom,all,reaction piqure moustique,2.4,6,55,final
2026-08-21,pranarom,all,reaction piqure moustique,2.6,2,35,final
2026-08-22,pranarom,all,reaction piqure moustique,2.5,4,49,final
2026-08-23,pranarom,all,reaction piqure moustique,2.3,2,54,final
2026-08-24,pranarom,all,reaction piqure moustique,2.3,3,56,final
2026-08-25,pranarom,all,reaction piqure moustique,2.2,4,55,final
2026-08-26,pranarom,all,reaction piqure moustique,2.1,5,63,final
2026-08-27,pranarom,all,reaction piqure moustique,2.4,0,70,final
2026-08-28,pranarom,all,reaction piqure moustique,2.1,1,44,final
2026-08-29,pranarom,all,reaction piqure moustique,2.3,4,39,final
2026-08-30,pranarom,all,reaction piqure moustique,2.4,4,53,final
2026-08-31,pranarom,all,reaction piqure moustique,1.8,0,37,final
2026-09-01,pranarom,all,reaction piqure moustique,2.0,3,55,final
2026-09-02,pranarom,all,reaction piqure moustique,2.3,2,42,final
2026-09-03,pranarom,all,reaction piqure moustique,2.5,1,26,final
2026-09-04,pranarom,all,reaction piqure moustique,2.4,2,41,final
2026-09-05,pranarom,all,reaction piqure moustique,2.2,3,36,final
2026-09-06,pranarom,all,reaction piqure moustique,2.6,4,58,final
2026-09-07,pranarom,all,reaction piqure moustique,2.2,4,64,final
2026-09-08,pranarom,all,reaction piqure moustique,2.8,3,47,final
2026-09-09,pranarom,all,reaction piqure moustique,2.8,1,35,final
2026-09-10,pranarom,all,reaction piqure moustique,2.5,1,31,final
2026-09-11,pranarom,all,reaction piqure moustique,2.4,1,27,final
2026-09-12,pranarom,all,reaction piqure moustique,2.6,3,34,final
2026-09-13,pranarom,all,reaction piqure moustique,2.8,3,64,final
2026-09-14,pranarom,all,reaction piqure moustique,2.4,4,38,final
2026-09-15,pranarom,all,reaction piqure moustique,2.5,2,44,final
2026-09-16,pranarom,all,reaction piqure moustique,2.4,1,36,final
2026-09-17,pranarom,all,reaction piqure moustique,2.3,0,33,final
2026-09-18,pranarom,all,reaction piqure moustique,2.9,3,30,final
2026-09-19,pranarom,all,reaction piqure moustique,2.9,1,33,final
2026-09-20,pranarom,all,reaction piqure moustique,2.7,3,39,final
2026-09-21,pranarom,all,reaction piqure moustique,2.7,2,36,final
2026-09-22,pranarom,all,reaction piqure moustique,2.9,2,33,final
2026-09-23,pranarom,all,reaction piqure moustique,1.6,0,28,final
2026-09-24,pranarom,all,reaction piqure moustique,2.4,2,19,final
2026-09-25,pranarom,all,reaction piqure moustique,2.2,5,37,final
2026-09-26,pranarom,all,reaction piqure moustique,2.3,2,28,final
2026-09-27,pranarom,all,reaction piqure moustique,1.9,4,33,final
2026-09-28,pranarom,all,reaction piqure moustique,2.3,2,50,final
2026-09-29,pranarom,all,reaction piqure moustique,2,6,29,final
2026-09-30,pranarom,all,reaction piqure moustique,1.7,4,21,final
2026-10-01,pranarom,all,reaction piqure moustique,1.5,3,26,fresh
2026-10-02,pranarom,all,reaction piqure moustique,1.5,2,17,fresh
2026-04-06,pranarom,fra,allergie moustique,81,0,1,final
2026-04-07,pranarom,fra,allergie moustique,89,0,1,final
2026-05-28,pranarom,fra,allergie moustique,8.9,2,76,final
2026-05-29,pranarom,fra,allergie moustique,7.9,2,106,final
2026-05-30,pranarom,fra,allergie moustique,9.3,1,86,final
2026-05-31,pranarom,fra,allergie moustique,9.8,2,60,final
2026-06-01,pranarom,fra,allergie moustique,8.5,1,84,final
2026-06-02,pranarom,fra,allergie moustique,8.0,0,56,final
2026-06-03,pranarom,fra,allergie moustique,8.8,0,32,final
2026-06-04,pranarom,fra,allergie moustique,9.2,0,21,final
2026-06-05,pranarom,fra,allergie moustique,8.5,0,30,final
2026-06-06,pranarom,fra,allergie moustique,9,0,13,final
2026-06-07,pranarom,fra,allergie moustique,8.8,0,32,final
2026-06-08,pranarom,fra,allergie moustique,8.5,0,37,final
2026-06-09,pranarom,fra,allergie moustique,9.5,0,40,final
2026-06-10,pranarom,fra,allergie moustique,9.6,0,29,final
2026-06-11,pranarom,fra,allergie moustique,8.7,0,23,final
2026-06-12,pranarom,fra,allergie moustique,8.0,0,32,final
2026-06-13,pranarom,fra,allergie moustique,4.4,2,47,final
2026-06-14,pranarom,fra,allergie moustique,1,6,72,final
2026-06-15,pranarom,fra,allergie moustique,1.2,4,75,final
2026-06-16,pranarom,fra,allergie moustique,1.2,11,78,final
2026-06-17,pranarom,fra,allergie moustique,1.1,11,72,final
2026-06-18,pranarom,fra,allergie moustique,1.1,8,71,final
2026-06-19,pranarom,fra,allergie moustique,1.2,8,94,final
2026-06-20,pranarom,fra,allergie moustique,1.3,8,81,final
2026-06-21,pranarom,fra,allergie moustique,4.5,2,115,final
2026-06-22,pranarom,fra,allergie moustique,5.7,2,111,final
2026-06-23,pranarom,fra,allergie moustique,5.2,3,97,final
2026-06-24,pranarom,fra,allergie moustique,1.1,6,102,final
2026-06-25,pranarom,fra,allergie moustique,1,2,81,final
2026-06-26,pranarom,fra,allergie moustique,2.1,6,105,final
2026-06-27,pranarom,fra,allergie moustique,1.9,8,109,final
2026-06-28,pranarom,fra,allergie moustique,2.5,4,103,final
2026-06-29,pranarom,fra,allergie moustique,1.4,7,94,final
2026-06-30,pranarom,fra,allergie moustique,4.0,1,93,final
2026-07-01,pranarom,fra,allergie moustique,4.1,0,60,final
2026-07-02,pranarom,fra,allergie moustique,4.1,2,66,final
2026-07-03,pranarom,fra,allergie moustique,4.1,0,50,final
2026-07-04,pranarom,fra,allergie moustique,3.8,2,67,final
2026-07-05,pranarom,fra,allergie moustique,3.7,1,79,final
2026-07-06,pranarom,fra,allergie moustique,3.9,1,81,final
2026-07-07,pranarom,fra,allergie moustique,3.9,1,74,final
2026-07-08,pranarom,fra,allergie moustique,4.0,0,95,final
2026-07-09,pranarom,fra,allergie moustique,3.7,4,90,final
2026-07-10,pranarom,fra,allergie moustique,4.0,3,90,final
2026-07-11,pranarom,fra,allergie moustique,4.5,1,98,final
2026-07-12,pranarom,fra,allergie moustique,4.5,3,118,final
2026-07-13,pranarom,fra,allergie moustique,4.4,2,108,final
2026-07-14,pranarom,fra,allergie moustique,3.4,2,99,final
2026-07-15,pranarom,fra,allergie moustique,3.5,4,126,final
2026-07-16,pranarom,fra,allergie moustique,3.5,8,101,final
2026-07-17,pranarom,fra,allergie moustique,3.1,1,103,final
2026-07-18,pranarom,fra,allergie moustique,3.3,3,99,final
2026-07-19,pranarom,fra,allergie moustique,3.2,7,77,final
2026-07-20,pranarom,fra,allergie moustique,3.1,3,72,final
2026-07-21,pranarom,fra,allergie moustique,3.0,4,70,final
2026-07-22,pranarom,fra,allergie moustique,3.2,1,68,final
2026-07-23,pranarom,fra,allergie moustique,2.4,4,64,final
2026-07-24,pranarom,fra,allergie moustique,2.7,3,73,final
2026-07-25,pranarom,fra,allergie moustique,2.7,2,75,final
2026-07-26,pranarom,fra,allergie moustique,2.7,8,80,final
2026-07-27,pranarom,fra,allergie moustique,2.5,5,97,final
2026-07-28,pranarom,fra,allergie moustique,2.4,7,82,final
2026-07-29,pranarom,fra,allergie moustique,2.1,4,85,final
2026-07-30,pranarom,fra,allergie moustique,2.3,6,100,final
2026-07-31,pranarom,fra,allergie moustique,2.3,0,90,final
2026-08-01,pranarom,fra,allergie moustique,2.8,4,98,final
2026-08-02,pranarom,fra,allergie moustique,2.2,4,131,final
2026-08-03,pranarom,fra,allergie moustique,2.4,4,106,final
2026-08-04,pranarom,fra,allergie moustique,2.3,8,125,final
2026-08-05,pranarom,fra,allergie moustique,2.2,6,108,final
2026-08-06,pranarom,fra,allergie moustique,2.1,4,89,final
2026-08-07,pranarom,fra,allergie moustique,2.4,4,67,final
2026-08-08,pranarom,fra,allergie moustique,2.3,2,86,final
2026-08-09,pranarom,fra,allergie moustique,2.4,7,94,final
2026-08-10,pranarom,fra,allergie moustique,2.4,6,136,final
2026-08-11,pranarom,fra,allergie moustique,2.2,9,120,final
2026-08-12,pranarom,fra,allergie moustique,2.3,6,112,final
2026-08-13,pranarom,fra,allergie moustique,2.0,6,110,final
2026-08-14,pranarom,fra,allergie moustique,2.1,7,89,final
2026-08-15,pranarom,fra,allergie moustique,2.0,6,106,final
2026-08-16,pranarom,fra,allergie moustique,2.0,13,126,final
2026-08-17,pranarom,fra,allergie moustique,1.9,11,115,final
2026-08-18,pranarom,fra,allergie moustique,2.0,4,79,final
2026-08-19,pranarom,fra,allergie moustique,2.3,5,90,final
2026-08-20,pranarom,fra,allergie moustique,2.0,3,90,final
2026-08-21,pranarom,fra,allergie moustique,1.9,2,50,final
2026-08-22,pranarom,fra,allergie moustique,1.9,4,50,final
2026-08-23,pranarom,fra,allergie moustique,2.6,3,61,final
2026-08-24,pranarom,fra,allergie moustique,1.8,5,71,final
2026-08-25,pranarom,fra,allergie moustique,1.9,11,81,final
2026-08-26,pranarom,fra,allergie moustique,1.7,3,78,final
2026-08-27,pranarom,fra,allergie moustique,2.0,5,71,final
2026-08-28,pranarom,fra,allergie moustique,2.1,7,62,final
2026-08-29,pranarom,fra,allergie moustique,2.0,6,58,final
2026-08-30,pranarom,fra,allergie moustique,2.2,2,66,final
2026-08-31,pranarom,fra,allergie moustique,2.0,3,61,final
2026-09-01,pranarom,fra,allergie moustique,1.8,2,52,final
2026-09-02,pranarom,fra,allergie moustique,1.7,6,60,final
2026-09-03,pranarom,fra,allergie moustique,1.9,6,74,final
2026-09-04,pranarom,fra,allergie moustique,2.0,5,53,final
2026-09-05,pranarom,fra,allergie moustique,1.8,2,66,final
2026-09-06,pranarom,fra,allergie moustique,1.9,6,76,final
2026-09-07,pranarom,fra,allergie moustique,1.7,6,85,final
2026-09-08,pranarom,fra,allergie moustique,1.7,2,66,final
2026-09-09,pranarom,fra,allergie moustique,2.0,3,41,final
2026-09-10,pranarom,fra,allergie moustique,2,0,17,final
2026-09-11,pranarom,fra,allergie moustique,1.2,1,35,final
2026-09-12,pranarom,fra,allergie moustique,1.4,4,40,final
2026-09-13,pranarom,fra,allergie moustique,2.2,4,69,final
2026-09-14,pranarom,fra,allergie moustique,1.5,4,55,final
2026-09-15,pranarom,fra,allergie moustique,1.3,11,62,final
2026-09-16,pranarom,fra,allergie moustique,1.9,2,43,final
2026-09-17,pranarom,fra,allergie moustique,1.6,0,28,final
2026-09-18,pranarom,fra,allergie moustique,1.7,0,24,final
2026-09-19,pranarom,fra,allergie moustique,1.8,1,33,final
2026-09-20,pranarom,fra,allergie moustique,1.8,5,40,final
2026-09-21,pranarom,fra,allergie moustique,1.4,1,43,final
2026-09-22,pranarom,fra,allergie moustique,1.6,1,43,final
2026-09-23,pranarom,fra,allergie moustique,2.3,2,46,final
2026-09-24,pranarom,fra,allergie moustique,1.6,3,36,final
2026-09-25,pranarom,fra,allergie moustique,1.6,3,29,final
2026-09-26,pranarom,fra,allergie moustique,2.1,2,32,final
2026-09-27,pranarom,fra,allergie moustique,1.4,3,49,final
2026-09-28,pranarom,fra,allergie moustique,2.1,2,34,final
2026-09-29,pranarom,fra,allergie moustique,1.7,2,44,final
2026-09-30,pranarom,fra,allergie moustique,3.2,2,35,final
2026-10-01,pranarom,fra,allergie moustique,1.1,4,21,fresh
2026-10-02,pranarom,fra,allergie moustique,1.5,3,24,fresh
2025-06-20,pranarom,fra,allergie piqure moustique,2,0,1,final
2025-07-14,pranarom,fra,allergie piqure moustique,2,0,1,final
2025-08-01,pranarom,fra,allergie piqure moustique,2,0,1,final
2025-08-09,pranarom,fra,allergie piqure moustique,2,0,1,final
2025-09-20,pranarom,fra,allergie piqure moustique,2,0,1,final
2025-09-21,pranarom,fra,allergie piqure moustique,2,0,1,final
2025-09-22,pranarom,fra,allergie piqure moustique,2,0,1,final
2026-05-28,pranarom,fra,allergie piqure moustique,9.9,0,53,final
2026-05-29,pranarom,fra,allergie piqure moustique,9.4,1,114,final
2026-05-30,pranarom,fra,allergie piqure moustique,10.2,0,184,final
2026-05-31,pranarom,fra,allergie piqure moustique,10.5,0,237,final
2026-06-01,pranarom,fra,allergie piqure moustique,10.6,0,172,final
2026-06-02,pranarom,fra,allergie piqure moustique,10.5,1,108,final
2026-06-03,pranarom,fra,allergie piqure moustique,10.6,0,42,final
2026-06-04,pranarom,fra,allergie piqure moustique,10,0,28,final
2026-06-05,pranarom,fra,allergie piqure moustique,10.5,0,27,final
2026-06-06,pranarom,fra,allergie piqure moustique,10.2,0,23,final
2026-06-07,pranarom,fra,allergie piqure moustique,10.1,0,39,final
2026-06-08,pranarom,fra,allergie piqure moustique,10.0,2,66,final
2026-06-09,pranarom,fra,allergie piqure moustique,9.9,0,77,final
2026-06-10,pranarom,fra,allergie piqure moustique,10.0,0,49,final
2026-06-11,pranarom,fra,allergie piqure moustique,10.1,0,63,final
2026-06-12,pranarom,fra,allergie piqure moustique,8.1,0,67,final
2026-06-13,pranarom,fra,allergie piqure moustique,7.5,1,90,final
2026-06-14,pranarom,fra,allergie piqure moustique,6.9,0,131,final
2026-06-15,pranarom,fra,allergie piqure moustique,7.0,1,155,final
2026-06-16,pranarom,fra,allergie piqure moustique,6.9,0,127,final
2026-06-17,pranarom,fra,allergie piqure moustique,6.1,0,168,final
2026-06-18,pranarom,fra,allergie piqure moustique,6.9,0,152,final
2026-06-19,pranarom,fra,allergie piqure moustique,7.2,1,116,final
2026-06-20,pranarom,fra,allergie piqure moustique,7.3,3,151,final
2026-06-21,pranarom,fra,allergie piqure moustique,6.7,2,225,final
2026-06-22,pranarom,fra,allergie piqure moustique,5.9,2,217,final
2026-06-23,pranarom,fra,allergie piqure moustique,6.0,5,171,final
2026-06-24,pranarom,fra,allergie piqure moustique,1.9,13,182,final
2026-06-25,pranarom,fra,allergie piqure moustique,3.0,8,199,final
2026-06-26,pranarom,fra,allergie piqure moustique,3.3,9,178,final
2026-06-27,pranarom,fra,allergie piqure moustique,3.0,5,191,final
2026-06-28,pranarom,fra,allergie piqure moustique,3.1,13,230,final
2026-06-29,pranarom,fra,allergie piqure moustique,2.6,20,194,final
2026-06-30,pranarom,fra,allergie piqure moustique,1.2,14,136,final
2026-07-01,pranarom,fra,allergie piqure moustique,1.3,10,157,final
2026-07-02,pranarom,fra,allergie piqure moustique,1,12,137,final
2026-07-03,pranarom,fra,allergie piqure moustique,1,4,91,final
2026-07-04,pranarom,fra,allergie piqure moustique,1,11,128,final
2026-07-05,pranarom,fra,allergie piqure moustique,1.0,28,180,final
2026-07-06,pranarom,fra,allergie piqure moustique,1.1,18,165,final
2026-07-07,pranarom,fra,allergie piqure moustique,1,13,119,final
2026-07-08,pranarom,fra,allergie piqure moustique,1.0,18,186,final
2026-07-09,pranarom,fra,allergie piqure moustique,1,15,186,final
2026-07-10,pranarom,fra,allergie piqure moustique,2.4,13,176,final
2026-07-11,pranarom,fra,allergie piqure moustique,2.9,12,215,final
2026-07-12,pranarom,fra,allergie piqure moustique,3.3,8,264,final
2026-07-13,pranarom,fra,allergie piqure moustique,3.1,10,240,final
2026-07-14,pranarom,fra,allergie piqure moustique,3.1,18,236,final
2026-07-15,pranarom,fra,allergie piqure moustique,3.0,17,233,final
2026-07-16,pranarom,fra,allergie piqure moustique,3.0,12,219,final
2026-07-17,pranarom,fra,allergie piqure moustique,3.0,11,147,final
2026-07-18,pranarom,fra,allergie piqure moustique,3.0,8,148,final
2026-07-19,pranarom,fra,allergie piqure moustique,3,11,200,final
2026-07-20,pranarom,fra,allergie piqure moustique,3.0,15,178,final
2026-07-21,pranarom,fra,allergie piqure moustique,2.9,4,130,final
2026-07-22,pranarom,fra,allergie piqure moustique,2.9,5,145,final
2026-07-23,pranarom,fra,allergie piqure moustique,1.9,15,140,final
2026-07-24,pranarom,fra,allergie piqure moustique,1.9,4,114,final
2026-07-25,pranarom,fra,allergie piqure moustique,1.8,15,159,final
2026-07-26,pranarom,fra,allergie piqure moustique,1.8,13,116,final
2026-07-27,pranarom,fra,allergie piqure moustique,2.3,9,117,final
2026-07-28,pranarom,fra,allergie piqure moustique,1.9,20,217,final
2026-07-29,pranarom,fra,allergie piqure moustique,1.7,32,201,final
2026-07-30,pranarom,fra,allergie piqure moustique,2.1,21,225,final
2026-07-31,pranarom,fra,allergie piqure moustique,2.4,6,209,final
2026-08-01,pranarom,fra,allergie piqure moustique,3.1,6,177,final
2026-08-02,pranarom,fra,allergie piqure moustique,2.4,13,193,final
2026-08-03,pranarom,fra,allergie piqure moustique,2.2,15,268,final
2026-08-04,pranarom,fra,allergie piqure moustique,2.0,17,198,final
2026-08-05,pranarom,fra,allergie piqure moustique,2.0,17,243,final
2026-08-06,pranarom,fra,allergie piqure moustique,2.2,11,178,final
2026-08-07,pranarom,fra,allergie piqure moustique,2.3,8,177,final
2026-08-08,pranarom,fra,allergie piqure moustique,2.2,6,139,final
2026-08-09,pranarom,fra,allergie piqure moustique,2.2,15,259,final
2026-08-10,pranarom,fra,allergie piqure moustique,2.3,18,293,final
2026-08-11,pranarom,fra,allergie piqure moustique,2.4,13,214,final
2026-08-12,pranarom,fra,allergie piqure moustique,2.4,6,224,final
2026-08-13,pranarom,fra,allergie piqure moustique,2.5,9,185,final
2026-08-14,pranarom,fra,allergie piqure moustique,1.9,14,249,final
2026-08-15,pranarom,fra,allergie piqure moustique,2.0,14,215,final
2026-08-16,pranarom,fra,allergie piqure moustique,2.0,25,297,final
2026-08-17,pranarom,fra,allergie piqure moustique,2.0,4,191,final
2026-08-18,pranarom,fra,allergie piqure moustique,2.0,14,246,final
2026-08-19,pranarom,fra,allergie piqure moustique,2.2,13,206,final
2026-08-20,pranarom,fra,allergie piqure moustique,2.3,10,119,final
2026-08-21,pranarom,fra,allergie piqure moustique,2.4,18,149,final
2026-08-22,pranarom,fra,allergie piqure moustique,2.0,11,155,final
2026-08-23,pranarom,fra,allergie piqure moustique,2.3,23,196,final
2026-08-24,pranarom,fra,allergie piqure moustique,2.2,8,116,final
2026-08-25,pranarom,fra,allergie piqure moustique,2.2,12,182,final
2026-08-26,pranarom,fra,allergie piqure moustique,2.2,20,142,final
2026-08-27,pranarom,fra,allergie piqure moustique,2.2,14,211,final
2026-08-28,pranarom,fra,allergie piqure moustique,1.9,12,145,final
2026-08-29,pranarom,fra,allergie piqure moustique,1.9,13,123,final
2026-08-30,pranarom,fra,allergie piqure moustique,1.9,11,144,final
2026-08-31,pranarom,fra,allergie piqure moustique,2.1,14,156,final
2026-09-01,pranarom,fra,allergie piqure moustique,1.7,9,112,final
2026-09-02,pranarom,fra,allergie piqure moustique,1.5,12,142,final
2026-09-03,pranarom,fra,allergie piqure moustique,1.6,14,149,final
2026-09-04,pranarom,fra,allergie piqure moustique,1.6,23,196,final
2026-09-05,pranarom,fra,allergie piqure moustique,1.6,12,167,final
2026-09-06,pranarom,fra,allergie piqure moustique,1.6,19,190,final
2026-09-07,pranarom,fra,allergie piqure moustique,1.5,11,174,final
2026-09-08,pranarom,fra,allergie piqure moustique,1.9,8,90,final
2026-09-09,pranarom,fra,allergie piqure moustique,1.5,6,129,final
2026-09-10,pranarom,fra,allergie piqure moustique,1.5,10,90,final
2026-09-11,pranarom,fra,allergie piqure moustique,1.5,6,104,final
2026-09-12,pranarom,fra,allergie piqure moustique,1.3,19,129,final
2026-09-13,pranarom,fra,allergie piqure moustique,1.6,13,181,final
2026-09-14,pranarom,fra,allergie piqure moustique,1.5,21,207,final
2026-09-15,pranarom,fra,allergie piqure moustique,1.2,24,163,final
2026-09-16,pranarom,fra,allergie piqure moustique,1.8,13,149,final
2026-09-17,pranarom,fra,allergie piqure moustique,2.1,4,78,final
2026-09-18,pranarom,fra,allergie piqure moustique,2.1,5,70,final
2026-09-19,pranarom,fra,allergie piqure moustique,1.6,6,96,final
2026-09-20,pranarom,fra,allergie piqure moustique,1.6,16,145,final
2026-09-21,pranarom,fra,allergie piqure moustique,1.6,15,116,final
2026-09-22,pranarom,fra,allergie piqure moustique,1.4,11,114,final
2026-09-23,pranarom,fra,allergie piqure moustique,1.5,8,101,final
2026-09-24,pranarom,fra,allergie piqure moustique,2.0,9,131,final
2026-09-25,pranarom,fra,allergie piqure moustique,2.4,12,131,final
2026-09-26,pranarom,fra,allergie piqure moustique,1.6,12,138,final
2026-09-27,pranarom,fra,allergie piqure moustique,1.8,10,148,final
2026-09-28,pranarom,fra,allergie piqure moustique,1.5,10,107,final
2026-09-29,pranarom,fra,allergie piqure moustique,1.8,17,137,final
2026-09-30,pranarom,fra,allergie piqure moustique,1.8,8,126,final
2026-10-01,pranarom,fra,allergie piqure moustique,1.5,8,86,fresh
2026-10-02,pranarom,fra,allergie piqure moustique,1.3,6,60,fresh
2025-06-10,pranarom,fra,aromaforce,1,1,13,final
2025-06-11,pranarom,fra,aromaforce,1,1,14,final
2025-06-12,pranarom,fra,aromaforce,1,3,14,final
2025-06-13,pranarom,fra,aromaforce,1,0,5,final
2025-06-14,pranarom,fra,aromaforce,1,0,5,final
2025-06-15,pranarom,fra,aromaforce,1,1,6,final
2025-06-16,pranarom,fra,aromaforce,1,0,10,final
2025-06-17,pranarom,fra,aromaforce,1.2,0,9,final
2025-06-18,pranarom,fra,aromaforce,1,1,9,final
2025-06-19,pranarom,fra,aromaforce,1,0,13,final
2025-06-20,pranarom,fra,aromaforce,1,5,14,final
2025-06-21,pranarom,fra,aromaforce,1,0,4,final
2025-06-22,pranarom,fra,aromaforce,1,0,6,final
2025-06-23,pranarom,fra,aromaforce,1.2,1,11,final
2025-06-24,pranarom,fra,aromaforce,1,0,4,final
2025-06-25,pranarom,fra,aromaforce,1.1,1,15,final
2025-06-26,pranarom,fra,aromaforce,1,1,9,final
2025-06-27,pranarom,fra,aromaforce,1,2,13,final
2025-06-28,pranarom,fra,aromaforce,1,1,7,final
2025-06-29,pranarom,fra,aromaforce,1,2,8,final
2025-06-30,pranarom,fra,aromaforce,1,2,10,final
2025-07-01,pranarom,fra,aromaforce,1,2,12,final
2025-07-02,pranarom,fra,aromaforce,1,0,9,final
2025-07-03,pranarom,fra,aromaforce,1,1,9,final
2025-07-04,pranarom,fra,aromaforce,1,0,10,final
2025-07-05,pranarom,fra,aromaforce,1,0,7,final
2025-07-06,pranarom,fra,aromaforce,1,0,8,final
2025-07-07,pranarom,fra,aromaforce,1,0,13,final
2025-07-08,pranarom,fra,aromaforce,1,0,6,final
2025-07-09,pranarom,fra,aromaforce,1,0,19,final
2025-07-10,pranarom,fra,aromaforce,1,0,11,final
2025-07-11,pranarom,fra,aromaforce,1,0,13,final
2025-07-12,pranarom,fra,aromaforce,1,0,6,final
2025-07-13,pranarom,fra,aromaforce,1,1,8,final
2025-07-14,pranarom,fra,aromaforce,1,0,8,final
2025-07-15,pranarom,fra,aromaforce,1,1,12,final
2025-07-16,pranarom,fra,aromaforce,1,0,7,final
2025-07-17,pranarom,fra,aromaforce,1,1,14,final
2025-07-18,pranarom,fra,aromaforce,1,0,7,final
2025-07-19,pranarom,fra,aromaforce,1,0,6,final
2025-07-20,pranarom,fra,aromaforce,1,1,7,final
2025-07-21,pranarom,fra,aromaforce,1,1,21,final
2025-07-22,pranarom,fra,aromaforce,1,1,19,final
2025-07-23,pranarom,fra,aromaforce,1.1,3,20,final
2025-07-24,pranarom,fra,aromaforce,1,0,9,final
2025-07-25,pranarom,fra,aromaforce,1,0,12,final
2025-07-26,pranarom,fra,aromaforce,1,0,14,final
2025-07-27,pranarom,fra,aromaforce,1.2,1,11,final
2025-07-28,pranarom,fra,aromaforce,1,1,11,final
2025-07-29,pranarom,fra,aromaforce,1,1,15,final
2025-07-30,pranarom,fra,aromaforce,1,2,13,final
2025-07-31,pranarom,fra,aromaforce,1,1,15,final
2025-08-01,pranarom,fra,aromaforce,1,2,19,final
2025-08-02,pranarom,fra,aromaforce,1,1,15,final
2025-08-03,pranarom,fra,aromaforce,1,0,4,final
2025-08-04,pranarom,fra,aromaforce,1,4,16,final
2025-08-05,pranarom,fra,aromaforce,1,4,12,final
2025-08-06,pranarom,fra,aromaforce,1,0,14,final
2025-08-07,pranarom,fra,aromaforce,1,0,21,final
2025-08-08,pranarom,fra,aromaforce,1,0,11,final
2025-08-09,pranarom,fra,aromaforce,1.1,0,16,final
2025-08-10,pranarom,fra,aromaforce,1,0,4,final
2025-08-11,pranarom,fra,aromaforce,1,2,16,final
2025-08-12,pranarom,fra,aromaforce,1,2,9,final
2025-08-13,pranarom,fra,aromaforce,1,1,15,final
2025-08-14,pranarom,fra,aromaforce,1,0,14,final
2025-08-15,pranarom,fra,aromaforce,1,1,9,final
2025-08-16,pranarom,fra,aromaforce,1,0,12,final
2025-08-17,pranarom,fra,aromaforce,1,1,5,final
2025-08-18,pranarom,fra,aromaforce,1,1,13,final
2025-08-19,pranarom,fra,aromaforce,1,0,11,final
2025-08-20,pranarom,fra,aromaforce,1,1,15,final
2025-08-21,pranarom,fra,aromaforce,1,0,15,final
2025-08-22,pranarom,fra,aromaforce,1,1,10,final
2025-08-23,pranarom,fra,aromaforce,1,0,11,final
2025-08-24,pranarom,fra,aromaforce,1,2,11,final
2025-08-25,pranarom,fra,aromaforce,1,1,15,final
2025-08-26,pranarom,fra,aromaforce,1,7,40,final
2025-08-27,pranarom,fra,aromaforce,1,1,17,final
2025-08-28,pranarom,fra,aromaforce,1,5,17,final
2025-08-29,pranarom,fra,aromaforce,1,0,11,final
2025-08-30,pranarom,fra,aromaforce,1,2,13,final
2025-08-31,pranarom,fra,aromaforce,1,0,8,final
2025-09-01,pranarom,fra,aromaforce,1,3,15,final
2025-09-02,pranarom,fra,aromaforce,1,0,12,final
2025-09-03,pranarom,fra,aromaforce,1,1,14,final
2025-09-04,pranarom,fra,aromaforce,1,0,10,final
2025-09-05,pranarom,fra,aromaforce,1,2,11,final
2025-09-06,pranarom,fra,aromaforce,1,2,14,final
2025-09-07,pranarom,fra,aromaforce,1,2,14,final
2025-09-08,pranarom,fra,aromaforce,1,2,26,final
2025-09-09,pranarom,fra,aromaforce,1,0,17,final
2025-09-10,pranarom,fra,aromaforce,1,7,27,final
2025-09-11,pranarom,fra,aromaforce,1,1,15,final
2025-09-12,pranarom,fra,aromaforce,1,0,13,final
2025-09-13,pranarom,fra,aromaforce,1,1,20,final
2025-09-14,pranarom,fra,aromaforce,1,1,12,final
2025-09-15,pranarom,fra,aromaforce,1,5,24,final
2025-09-16,pranarom,fra,aromaforce,1,7,25,final
2025-09-17,pranarom,fra,aromaforce,1,4,25,final
2025-09-18,pranarom,fra,aromaforce,1,5,28,final
2025-09-19,pranarom,fra,aromaforce,1,1,22,final
2025-09-20,pranarom,fra,aromaforce,1,4,22,final
2025-09-21,pranarom,fra,aromaforce,2.9,3,26,final
2025-09-22,pranarom,fra,aromaforce,1,0,25,final
2025-09-23,pranarom,fra,aromaforce,1,2,25,final
2025-09-24,pranarom,fra,aromaforce,1,4,33,final
2025-09-25,pranarom,fra,aromaforce,1,5,38,final
2025-09-26,pranarom,fra,aromaforce,1,2,40,final
2025-09-27,pranarom,fra,aromaforce,1,1,31,final
2025-09-28,pranarom,fra,aromaforce,2.1,4,27,final
2025-09-29,pranarom,fra,aromaforce,1.0,9,36,final
2025-09-30,pranarom,fra,aromaforce,1,5,35,final
2025-10-01,pranarom,fra,aromaforce,1,7,37,final
2025-10-02,pranarom,fra,aromaforce,1,2,30,final
2025-10-03,pranarom,fra,aromaforce,1,5,38,final
2025-10-04,pranarom,fra,aromaforce,1,5,25,final
2025-10-05,pranarom,fra,aromaforce,2.5,3,20,final
2025-10-06,pranarom,fra,aromaforce,1,5,31,final
2025-10-07,pranarom,fra,aromaforce,1,7,41,final
2025-10-08,pranarom,fra,aromaforce,4.3,4,38,final
2025-10-09,pranarom,fra,aromaforce,1,5,36,final
2025-10-10,pranarom,fra,aromaforce,1,4,32,final
2025-10-11,pranarom,fra,aromaforce,1,3,30,final
2025-10-12,pranarom,fra,aromaforce,3.0,3,20,final
2025-10-13,pranarom,fra,aromaforce,1,5,33,final
2025-10-14,pranarom,fra,aromaforce,1,3,34,final
2025-10-15,pranarom,fra,aromaforce,1,4,26,final
2025-10-16,pranarom,fra,aromaforce,1,6,34,final
2025-10-17,pranarom,fra,aromaforce,1,8,27,final
2025-10-18,pranarom,fra,aromaforce,1,4,26,final
2025-10-19,pranarom,fra,aromaforce,1,2,27,final
2025-10-20,pranarom,fra,aromaforce,1,3,23,final
2025-10-21,pranarom,fra,aromaforce,1,5,33,final
2025-10-22,pranarom,fra,aromaforce,1,6,30,final
2025-10-23,pranarom,fra,aromaforce,1,4,29,final
2025-10-24,pranarom,fra,aromaforce,1,1,29,final
2025-10-25,pranarom,fra,aromaforce,1,4,25,final
2025-10-26,pranarom,fra,aromaforce,8.2,3,22,final
2025-10-27,pranarom,fra,aromaforce,1.0,5,27,final
2025-10-28,pranarom,fra,aromaforce,1,4,29,final
2025-10-29,pranarom,fra,aromaforce,1,4,30,final
2025-10-30,pranarom,fra,aromaforce,3.1,2,26,final
2025-10-31,pranarom,fra,aromaforce,1,1,32,final
2025-11-01,pranarom,fra,aromaforce,1,2,17,final
2025-11-02,pranarom,fra,aromaforce,1,1,16,final
2025-11-03,pranarom,fra,aromaforce,1,2,31,final
2025-11-04,pranarom,fra,aromaforce,1.0,3,28,final
2025-11-05,pranarom,fra,aromaforce,1,4,31,final
2025-11-06,pranarom,fra,aromaforce,1,6,27,final
2025-11-07,pranarom,fra,aromaforce,1,4,21,final
2025-11-08,pranarom,fra,aromaforce,1,2,28,final
2025-11-09,pranarom,fra,aromaforce,3.7,2,21,final
2025-11-10,pranarom,fra,aromaforce,1,4,20,final
2025-11-11,pranarom,fra,aromaforce,1.1,1,16,final
2025-11-12,pranarom,fra,aromaforce,1,2,23,final
2025-11-13,pranarom,fra,aromaforce,1,2,25,final
2025-11-14,pranarom,fra,aromaforce,1,1,27,final
2025-11-15,pranarom,fra,aromaforce,1,1,15,final
2025-11-16,pranarom,fra,aromaforce,1,4,18,final
2025-11-17,pranarom,fra,aromaforce,1,3,23,final
2025-11-18,pranarom,fra,aromaforce,1,3,32,final
2025-11-19,pranarom,fra,aromaforce,1,3,33,final
2025-11-20,pranarom,fra,aromaforce,1,6,28,final
2025-11-21,pranarom,fra,aromaforce,1,7,29,final
2025-11-22,pranarom,fra,aromaforce,1,2,20,final
2025-11-23,pranarom,fra,aromaforce,1,3,14,final
2025-11-24,pranarom,fra,aromaforce,1,5,35,final
2025-11-25,pranarom,fra,aromaforce,1,3,33,final
2025-11-26,pranarom,fra,aromaforce,1,3,23,final
2025-11-27,pranarom,fra,aromaforce,1,4,33,final
2025-11-28,pranarom,fra,aromaforce,1,3,33,final
2025-11-29,pranarom,fra,aromaforce,1,4,27,final
2025-11-30,pranarom,fra,aromaforce,1,5,21,final
2025-12-01,pranarom,fra,aromaforce,1,2,21,final
2025-12-02,pranarom,fra,aromaforce,1,4,31,final
2025-12-03,pranarom,fra,aromaforce,1.0,4,34,final
2025-12-04,pranarom,fra,aromaforce,1,3,44,final
2025-12-05,pranarom,fra,aromaforce,1,2,33,final
2025-12-06,pranarom,fra,aromaforce,1,1,26,final
2025-12-07,pranarom,fra,aromaforce,1,5,30,final
2025-12-08,pranarom,fra,aromaforce,1,1,31,final
2025-12-09,pranarom,fra,aromaforce,1,5,45,final
2025-12-10,pranarom,fra,aromaforce,1,6,35,final
2025-12-11,pranarom,fra,aromaforce,1,4,35,final
2025-12-12,pranarom,fra,aromaforce,1,5,34,final
2025-12-13,pranarom,fra,aromaforce,1,6,32,final
2025-12-14,pranarom,fra,aromaforce,1,4,27,final
2025-12-15,pranarom,fra,aromaforce,1,8,47,final
2025-12-16,pranarom,fra,aromaforce,1,3,39,final
2025-12-17,pranarom,fra,aromaforce,1,3,29,final
2025-12-18,pranarom,fra,aromaforce,1,2,37,final
2025-12-19,pranarom,fra,aromaforce,1.1,3,32,final
2025-12-20,pranarom,fra,aromaforce,1,5,33,final
2025-12-21,pranarom,fra,aromaforce,1,3,29,final
2025-12-22,pranarom,fra,aromaforce,1,5,40,final
2025-12-23,pranarom,fra,aromaforce,1,3,30,final
2025-12-24,pranarom,fra,aromaforce,1,2,28,final
2025-12-25,pranarom,fra,aromaforce,1,1,22,final
2025-12-26,pranarom,fra,aromaforce,1,4,36,final
2025-12-27,pranarom,fra,aromaforce,1,4,36,final
2025-12-28,pranarom,fra,aromaforce,1,4,27,final
2025-12-29,pranarom,fra,aromaforce,1,4,41,final
2025-12-30,pranarom,fra,aromaforce,1,5,40,final
2025-12-31,pranarom,fra,aromaforce,1.7,4,29,final
2026-01-01,pranarom,fra,aromaforce,1,2,22,final
2026-01-02,pranarom,fra,aromaforce,1.6,7,47,final
2026-01-03,pranarom,fra,aromaforce,1,3,26,final
2026-01-04,pranarom,fra,aromaforce,1,3,29,final
2026-01-05,pranarom,fra,aromaforce,1,7,40,final
2026-01-06,pranarom,fra,aromaforce,1,1,36,final
2026-01-07,pranarom,fra,aromaforce,1,2,23,final
2026-01-08,pranarom,fra,aromaforce,1,7,35,final
2026-01-09,pranarom,fra,aromaforce,1,0,25,final
2026-01-10,pranarom,fra,aromaforce,1,6,29,final
2026-01-11,pranarom,fra,aromaforce,1,2,17,final
2026-01-12,pranarom,fra,aromaforce,2,5,39,final
2026-01-13,pranarom,fra,aromaforce,1,7,35,final
2026-01-14,pranarom,fra,aromaforce,1,1,35,final
2026-01-15,pranarom,fra,aromaforce,1.5,7,30,final
2026-01-16,pranarom,fra,aromaforce,1,0,19,final
2026-01-17,pranarom,fra,aromaforce,1.8,3,23,final
2026-01-18,pranarom,fra,aromaforce,4.3,0,15,final
2026-01-19,pranarom,fra,aromaforce,1,5,30,final
2026-01-20,pranarom,fra,aromaforce,1,3,19,final
2026-01-21,pranarom,fra,aromaforce,1,2,20,final
2026-01-22,pranarom,fra,aromaforce,1,5,24,final
2026-01-23,pranarom,fra,aromaforce,7.5,1,20,final
2026-01-24,pranarom,fra,aromaforce,1,1,14,final
2026-01-25,pranarom,fra,aromaforce,2,2,18,final
2026-01-26,pranarom,fra,aromaforce,1.1,3,20,final
2026-01-27,pranarom,fra,aromaforce,1.8,3,24,final
2026-01-28,pranarom,fra,aromaforce,1,8,31,final
2026-01-29,pranarom,fra,aromaforce,4.2,5,18,final
2026-01-30,pranarom,fra,aromaforce,1.1,5,27,final
2026-01-31,pranarom,fra,aromaforce,6.9,2,36,final
2026-02-01,pranarom,fra,aromaforce,1.1,3,17,final
2026-02-02,pranarom,fra,aromaforce,1.9,2,18,final
2026-02-03,pranarom,fra,aromaforce,1,1,25,final
2026-02-04,pranarom,fra,aromaforce,1,3,25,final
2026-02-05,pranarom,fra,aromaforce,1,2,18,final
2026-02-06,pranarom,fra,aromaforce,8.2,6,29,final
2026-02-07,pranarom,fra,aromaforce,2.7,2,11,final
2026-02-08,pranarom,fra,aromaforce,1,4,9,final
2026-02-09,pranarom,fra,aromaforce,1,7,28,final
2026-02-10,pranarom,fra,aromaforce,1.8,3,19,final
2026-02-11,pranarom,fra,aromaforce,1,1,19,final
2026-02-12,pranarom,fra,aromaforce,1.1,2,17,final
2026-02-13,pranarom,fra,aromaforce,12.9,1,23,final
2026-02-14,pranarom,fra,aromaforce,2.3,3,12,final
2026-02-15,pranarom,fra,aromaforce,1,1,15,final
2026-02-16,pranarom,fra,aromaforce,1,0,20,final
2026-02-17,pranarom,fra,aromaforce,1.1,3,15,final
2026-02-18,pranarom,fra,aromaforce,2.8,3,24,final
2026-02-19,pranarom,fra,aromaforce,1,2,24,final
2026-02-20,pranarom,fra,aromaforce,16.9,3,20,final
2026-02-21,pranarom,fra,aromaforce,1,1,13,final
2026-02-22,pranarom,fra,aromaforce,1,1,6,final
2026-02-23,pranarom,fra,aromaforce,1,2,12,final
2026-02-24,pranarom,fra,aromaforce,1,5,18,final
2026-02-25,pranarom,fra,aromaforce,1,5,17,final
2026-02-26,pranarom,fra,aromaforce,1,3,20,final
2026-02-27,pranarom,fra,aromaforce,1.1,1,17,final
2026-02-28,pranarom,fra,aromaforce,15.8,1,28,final
2026-03-01,pranarom,fra,aromaforce,1,1,7,final
2026-03-02,pranarom,fra,aromaforce,1.9,3,17,final
2026-03-03,pranarom,fra,aromaforce,1,4,11,final
2026-03-04,pranarom,fra,aromaforce,1,1,22,final
2026-03-05,pranarom,fra,aromaforce,1,3,18,final
2026-03-06,pranarom,fra,aromaforce,1,4,14,final
2026-03-07,pranarom,fra,aromaforce,19.6,0,20,final
2026-03-08,pranarom,fra,aromaforce,4.2,1,6,final
2026-03-09,pranarom,fra,aromaforce,1,1,14,final
2026-03-10,pranarom,fra,aromaforce,1,4,14,final
2026-03-11,pranarom,fra,aromaforce,1,1,11,final
2026-03-12,pranarom,fra,aromaforce,1.2,3,19,final
2026-03-13,pranarom,fra,aromaforce,1,0,6,final
2026-03-14,pranarom,fra,aromaforce,6.7,2,26,final
2026-03-15,pranarom,fra,aromaforce,8.6,2,14,final
2026-03-16,pranarom,fra,aromaforce,1,3,15,final
2026-03-17,pranarom,fra,aromaforce,4.9,1,15,final
2026-03-18,pranarom,fra,aromaforce,1,1,10,final
2026-03-19,pranarom,fra,aromaforce,1.1,2,13,final
2026-03-20,pranarom,fra,aromaforce,2.9,1,10,final
2026-03-21,pranarom,fra,aromaforce,15.4,4,15,final
2026-03-22,pranarom,fra,aromaforce,2.2,3,12,final
2026-03-23,pranarom,fra,aromaforce,1,3,15,final
2026-03-24,pranarom,fra,aromaforce,6.4,1,18,final
2026-03-25,pranarom,fra,aromaforce,1,3,14,final
2026-03-26,pranarom,fra,aromaforce,2,0,15,final
2026-03-27,pranarom,fra,aromaforce,1.9,1,15,final
2026-03-28,pranarom,fra,aromaforce,5.2,1,10,final
2026-03-29,pranarom,fra,aromaforce,17.5,1,6,final
2026-03-30,pranarom,fra,aromaforce,2,2,19,final
2026-03-31,pranarom,fra,aromaforce,3.7,3,18,final
2026-04-01,pranarom,fra,aromaforce,1.3,2,15,final
2026-04-02,pranarom,fra,aromaforce,2.9,1,10,final
2026-04-03,pranarom,fra,aromaforce,1.1,3,15,final
2026-04-04,pranarom,fra,aromaforce,1.1,0,11,final
2026-04-05,pranarom,fra,aromaforce,5.6,2,14,final
2026-04-06,pranarom,fra,aromaforce,3.1,2,9,final
2026-04-07,pranarom,fra,aromaforce,6.3,1,15,final
2026-04-08,pranarom,fra,aromaforce,1,2,8,final
2026-04-09,pranarom,fra,aromaforce,2.3,4,17,final
2026-04-10,pranarom,fra,aromaforce,1.1,2,8,final
2026-04-11,pranarom,fra,aromaforce,5.8,3,19,final
2026-04-12,pranarom,fra,aromaforce,7.3,1,6,final
2026-04-13,pranarom,fra,aromaforce,9.2,2,21,final
2026-04-14,pranarom,fra,aromaforce,5.6,2,16,final
2026-04-15,pranarom,fra,aromaforce,2.2,1,14,final
2026-04-16,pranarom,fra,aromaforce,1,3,12,final
2026-04-17,pranarom,fra,aromaforce,5.5,2,13,final
2026-04-18,pranarom,fra,aromaforce,1,2,5,final
2026-04-19,pranarom,fra,aromaforce,5.4,0,9,final
2026-04-20,pranarom,fra,aromaforce,1,1,9,final
2026-04-21,pranarom,fra,aromaforce,2.9,1,14,final
2026-04-22,pranarom,fra,aromaforce,1.2,2,9,final
2026-04-23,pranarom,fra,aromaforce,1,1,17,final
2026-04-24,pranarom,fra,aromaforce,1,0,8,final
2026-04-25,pranarom,fra,aromaforce,3.1,1,10,final
2026-04-26,pranarom,fra,aromaforce,16.3,0,6,final
2026-04-27,pranarom,fra,aromaforce,3.3,2,22,final
2026-04-28,pranarom,fra,aromaforce,3,1,13,final
2026-04-29,pranarom,fra,aromaforce,1,1,17,final
2026-04-30,pranarom,fra,aromaforce,1,3,11,final
2026-05-01,pranarom,fra,aromaforce,5.2,0,5,final
2026-05-02,pranarom,fra,aromaforce,8.4,3,17,final
2026-05-03,pranarom,fra,aromaforce,3.1,0,8,final
2026-05-04,pranarom,fra,aromaforce,1,0,7,final
2026-05-05,pranarom,fra,aromaforce,11.6,0,18,final
2026-05-06,pranarom,fra,aromaforce,1,1,9,final
2026-05-07,pranarom,fra,aromaforce,2.2,0,14,final
2026-05-08,pranarom,fra,aromaforce,1,0,3,final
2026-05-09,pranarom,fra,aromaforce,11.2,1,14,final
2026-05-10,pranarom,fra,aromaforce,12,0,12,final
2026-05-11,pranarom,fra,aromaforce,1,3,18,final
2026-05-12,pranarom,fra,aromaforce,8.8,2,13,final
2026-05-13,pranarom,fra,aromaforce,2.5,1,11,final
2026-05-14,pranarom,fra,aromaforce,1,2,7,final
2026-05-15,pranarom,fra,aromaforce,3.7,1,17,final
2026-05-16,pranarom,fra,aromaforce,3.1,1,18,final
2026-05-17,pranarom,fra,aromaforce,3.9,0,10,final
2026-05-18,pranarom,fra,aromaforce,1,0,31,final
2026-05-19,pranarom,fra,aromaforce,5.9,0,18,final
2026-05-20,pranarom,fra,aromaforce,1,0,10,final
2026-05-21,pranarom,fra,aromaforce,6.7,0,13,final
2026-05-22,pranarom,fra,aromaforce,1,1,14,final
2026-05-23,pranarom,fra,aromaforce,4.2,2,12,final
2026-05-24,pranarom,fra,aromaforce,4,4,13,final
2026-05-25,pranarom,fra,aromaforce,1,0,6,final
2026-05-26,pranarom,fra,aromaforce,2.5,2,14,final
2026-05-27,pranarom,fra,aromaforce,1.9,0,18,final
2026-05-28,pranarom,fra,aromaforce,1,0,13,final
2026-05-29,pranarom,fra,aromaforce,3,0,9,final
2026-05-30,pranarom,fra,aromaforce,1,0,6,final
2026-05-31,pranarom,fra,aromaforce,2.3,1,27,final
2026-06-01,pranarom,fra,aromaforce,1,1,9,final
2026-06-02,pranarom,fra,aromaforce,6.4,1,14,final
2026-06-03,pranarom,fra,aromaforce,1,0,9,final
2026-06-04,pranarom,fra,aromaforce,1.5,0,30,final
2026-06-05,pranarom,fra,aromaforce,1,3,11,final
2026-06-06,pranarom,fra,aromaforce,6.8,0,17,final
2026-06-07,pranarom,fra,aromaforce,5.8,1,8,final
2026-06-08,pranarom,fra,aromaforce,1.9,0,20,final
2026-06-09,pranarom,fra,aromaforce,3.1,1,10,final
2026-06-10,pranarom,fra,aromaforce,2.3,1,15,final
2026-06-11,pranarom,fra,aromaforce,1,1,13,final
2026-06-12,pranarom,fra,aromaforce,4.2,2,12,final
2026-06-13,pranarom,fra,aromaforce,1,0,10,final
2026-06-14,pranarom,fra,aromaforce,3.4,0,8,final
2026-06-15,pranarom,fra,aromaforce,1,1,6,final
2026-06-16,pranarom,fra,aromaforce,6.1,3,22,final
2026-06-17,pranarom,fra,aromaforce,1,0,9,final
2026-06-18,pranarom,fra,aromaforce,1,2,16,final
2026-06-19,pranarom,fra,aromaforce,1,0,2,final
2026-06-20,pranarom,fra,aromaforce,18.4,1,16,final
2026-06-21,pranarom,fra,aromaforce,1,2,4,final
2026-06-22,pranarom,fra,aromaforce,2.4,1,12,final
2026-06-23,pranarom,fra,aromaforce,9.5,0,18,final
2026-06-24,pranarom,fra,aromaforce,3.3,0,7,final
2026-06-25,pranarom,fra,aromaforce,1,0,6,final
2026-06-26,pranarom,fra,aromaforce,2.8,1,10,final
2026-06-27,pranarom,fra,aromaforce,1,0,2,final
2026-06-28,pranarom,fra,aromaforce,1.7,0,25,final
2026-06-29,pranarom,fra,aromaforce,1,0,5,final
2026-06-30,pranarom,fra,aromaforce,3.9,0,12,final
2026-07-01,pranarom,fra,aromaforce,1,0,19,final
2026-07-02,pranarom,fra,aromaforce,2.9,1,10,final
2026-07-03,pranarom,fra,aromaforce,1.9,2,17,final
2026-07-04,pranarom,fra,aromaforce,8.8,1,25,final
2026-07-05,pranarom,fra,aromaforce,1,1,3,final
2026-07-06,pranarom,fra,aromaforce,2.8,1,9,final
2026-07-07,pranarom,fra,aromaforce,5.1,0,9,final
2026-07-08,pranarom,fra,aromaforce,2.8,0,9,final
2026-07-09,pranarom,fra,aromaforce,1,1,9,final
2026-07-10,pranarom,fra,aromaforce,5.1,0,8,final
2026-07-11,pranarom,fra,aromaforce,1,0,4,final
2026-07-12,pranarom,fra,aromaforce,6.5,0,6,final
2026-07-13,pranarom,fra,aromaforce,6.3,0,10,final
2026-07-14,pranarom,fra,aromaforce,16.5,1,31,final
2026-07-15,pranarom,fra,aromaforce,1,1,8,final
2026-07-16,pranarom,fra,aromaforce,4.9,0,8,final
2026-07-17,pranarom,fra,aromaforce,1,1,11,final
2026-07-18,pranarom,fra,aromaforce,8.9,0,16,final
2026-07-19,pranarom,fra,aromaforce,1,0,2,final
2026-07-20,pranarom,fra,aromaforce,8.7,2,18,final
2026-07-21,pranarom,fra,aromaforce,11.4,0,11,final
2026-07-22,pranarom,fra,aromaforce,2.5,0,12,final
2026-07-23,pranarom,fra,aromaforce,1,0,7,final
2026-07-24,pranarom,fra,aromaforce,2.5,0,10,final
2026-07-25,pranarom,fra,aromaforce,1,0,4,final
2026-07-26,pranarom,fra,aromaforce,2.5,1,10,final
2026-07-27,pranarom,fra,aromaforce,1,1,5,final
2026-07-28,pranarom,fra,aromaforce,10.9,0,13,final
2026-07-29,pranarom,fra,aromaforce,1,0,3,final
2026-07-30,pranarom,fra,aromaforce,3,0,8,final
2026-07-31,pranarom,fra,aromaforce,1,2,8,final
2026-08-01,pranarom,fra,aromaforce,23.9,1,14,final
2026-08-02,pranarom,fra,aromaforce,3.7,0,7,final
2026-08-03,pranarom,fra,aromaforce,6.6,0,16,final
2026-08-04,pranarom,fra,aromaforce,5.4,1,18,final
2026-08-05,pranarom,fra,aromaforce,4,1,7,final
2026-08-06,pranarom,fra,aromaforce,1,0,5,final
2026-08-07,pranarom,fra,aromaforce,2.8,1,9,final
2026-08-08,pranarom,fra,aromaforce,1,0,5,final
2026-08-09,pranarom,fra,aromaforce,4.8,0,5,final
2026-08-10,pranarom,fra,aromaforce,1,1,4,final
2026-08-11,pranarom,fra,aromaforce,13.6,0,8,final
2026-08-12,pranarom,fra,aromaforce,1,0,4,final
2026-08-13,pranarom,fra,aromaforce,2.5,5,14,final
2026-08-14,pranarom,fra,aromaforce,1,0,8,final
2026-08-15,pranarom,fra,aromaforce,5.5,2,17,final
2026-08-16,pranarom,fra,aromaforce,1,0,9,final
2026-08-17,pranarom,fra,aromaforce,2.2,2,16,final
2026-08-18,pranarom,fra,aromaforce,15,2,9,final
2026-08-19,pranarom,fra,aromaforce,1,2,11,final
2026-08-20,pranarom,fra,aromaforce,1,2,5,final
2026-08-21,pranarom,fra,aromaforce,4.5,0,13,final
2026-08-22,pranarom,fra,aromaforce,1,0,3,final
2026-08-23,pranarom,fra,aromaforce,1,1,7,final
2026-08-24,pranarom,fra,aromaforce,1,1,7,final
2026-08-25,pranarom,fra,aromaforce,4.6,6,23,final
2026-08-26,pranarom,fra,aromaforce,1,1,9,final
2026-08-27,pranarom,fra,aromaforce,3.2,0,9,final
2026-08-28,pranarom,fra,aromaforce,1,0,15,final
2026-08-29,pranarom,fra,aromaforce,4.3,0,14,final
2026-08-30,pranarom,fra,aromaforce,1,1,7,final
2026-08-31,pranarom,fra,aromaforce,3.4,2,15,final
2026-09-01,pranarom,fra,aromaforce,14.8,2,10,final
2026-09-02,pranarom,fra,aromaforce,1,0,5,final
2026-09-03,pranarom,fra,aromaforce,1,2,16,final
2026-09-04,pranarom,fra,aromaforce,1.3,0,9,final
2026-09-05,pranarom,fra,aromaforce,1,0,4,final
2026-09-06,pranarom,fra,aromaforce,1.9,2,14,final
2026-09-07,pranarom,fra,aromaforce,1,1,7,final
2026-09-08,pranarom,fra,aromaforce,5.9,1,22,final
2026-09-09,pranarom,fra,aromaforce,1,1,6,final
2026-09-10,pranarom,fra,aromaforce,2.2,2,18,final
2026-09-11,pranarom,fra,aromaforce,1,2,15,final
2026-09-12,pranarom,fra,aromaforce,9.9,4,17,final
2026-09-13,pranarom,fra,aromaforce,1,0,3,final
2026-09-14,pranarom,fra,aromaforce,2.1,2,14,final
2026-09-15,pranarom,fra,aromaforce,19.3,2,20,final
2026-09-16,pranarom,fra,aromaforce,1,3,19,final
2026-09-17,pranarom,fra,aromaforce,1,3,21,final
2026-09-18,pranarom,fra,aromaforce,1,2,21,final
2026-09-19,pranarom,fra,aromaforce,1,0,10,final
2026-09-20,pranarom,fra,aromaforce,1,1,12,final
2026-09-21,pranarom,fra,aromaforce,1,2,16,final
2026-09-22,pranarom,fra,aromaforce,4.9,6,42,final
2026-09-23,pranarom,fra,aromaforce,1,1,11,final
2026-09-24,pranarom,fra,aromaforce,3.6,2,19,final
2026-09-25,pranarom,fra,aromaforce,2.9,3,18,final
2026-09-26,pranarom,fra,aromaforce,16.4,2,29,final
2026-09-27,pranarom,fra,aromaforce,1,2,12,final
2026-09-28,pranarom,fra,aromaforce,1.8,7,23,final
2026-09-29,pranarom,fra,aromaforce,10.9,4,35,final
2026-09-30,pranarom,fra,aromaforce,1.7,1,18,final
2026-10-01,pranarom,fra,aromaforce,1,4,16,fresh
2026-10-02,pranarom,fra,aromaforce,2,0,17,fresh
2025-06-10,pranarom,fra,baume pectoral bébé,1,0,7,final
2025-06-11,pranarom,fra,baume pectoral bébé,1,2,5,final
2025-06-12,pranarom,fra,baume pectoral bébé,1,1,5,final
2025-06-13,pranarom,fra,baume pectoral bébé,1,2,5,final
2025-06-14,pranarom,fra,baume pectoral bébé,1,3,14,final
2025-06-15,pranarom,fra,baume pectoral bébé,1,1,6,final
2025-06-16,pranarom,fra,baume pectoral bébé,1,0,10,final
2025-06-17,pranarom,fra,baume pectoral bébé,1,0,6,final
2025-06-18,pranarom,fra,baume pectoral bébé,1,0,4,final
2025-06-19,pranarom,fra,baume pectoral bébé,1,2,7,final
2025-06-20,pranarom,fra,baume pectoral bébé,1,0,4,final
2025-06-21,pranarom,fra,baume pectoral bébé,1,0,5,final
2025-06-22,pranarom,fra,baume pectoral bébé,1,0,8,final
2025-06-23,pranarom,fra,baume pectoral bébé,1,0,6,final
2025-06-24,pranarom,fra,baume pectoral bébé,1,1,5,final
2025-06-25,pranarom,fra,baume pectoral bébé,1,3,8,final
2025-06-26,pranarom,fra,baume pectoral bébé,1,4,12,final
2025-06-27,pranarom,fra,baume pectoral bébé,1,0,10,final
2025-06-28,pranarom,fra,baume pectoral bébé,1,2,7,final
2025-06-29,pranarom,fra,baume pectoral bébé,1,2,2,final
2025-06-30,pranarom,fra,baume pectoral bébé,1,0,5,final
2025-07-01,pranarom,fra,baume pectoral bébé,1,0,2,final
2025-07-02,pranarom,fra,baume pectoral bébé,1,0,11,final
2025-07-03,pranarom,fra,baume pectoral bébé,1,2,9,final
2025-07-04,pranarom,fra,baume pectoral bébé,1,0,7,final
2025-07-05,pranarom,fra,baume pectoral bébé,1,1,8,final
2025-07-06,pranarom,fra,baume pectoral bébé,1,2,11,final
2025-07-07,pranarom,fra,baume pectoral bébé,1,1,6,final
2025-07-08,pranarom,fra,baume pectoral bébé,1,0,4,final
2025-07-09,pranarom,fra,baume pectoral bébé,1,1,8,final
2025-07-10,pranarom,fra,baume pectoral bébé,1.2,2,12,final
2025-07-11,pranarom,fra,baume pectoral bébé,1.3,0,7,final
2025-07-12,pranarom,fra,baume pectoral bébé,1.1,3,14,final
2025-07-13,pranarom,fra,baume pectoral bébé,1.3,1,6,final
2025-07-14,pranarom,fra,baume pectoral bébé,1.5,0,12,final
2025-07-15,pranarom,fra,baume pectoral bébé,1.3,4,18,final
2025-07-16,pranarom,fra,baume pectoral bébé,1.1,1,10,final
2025-07-17,pranarom,fra,baume pectoral bébé,1,0,8,final
2025-07-18,pranarom,fra,baume pectoral bébé,1,0,9,final
2025-07-19,pranarom,fra,baume pectoral bébé,1,0,9,final
2025-07-20,pranarom,fra,baume pectoral bébé,1.2,1,5,final
2025-07-21,pranarom,fra,baume pectoral bébé,1,2,17,final
2025-07-22,pranarom,fra,baume pectoral bébé,1,0,8,final
2025-07-23,pranarom,fra,baume pectoral bébé,1,2,8,final
2025-07-24,pranarom,fra,baume pectoral bébé,1,2,9,final
2025-07-25,pranarom,fra,baume pectoral bébé,1,0,14,final
2025-07-26,pranarom,fra,baume pectoral bébé,1,0,6,final
2025-07-27,pranarom,fra,baume pectoral bébé,1,2,10,final
2025-07-28,pranarom,fra,baume pectoral bébé,1,0,8,final
2025-07-29,pranarom,fra,baume pectoral bébé,1,2,7,final
2025-07-30,pranarom,fra,baume pectoral bébé,1,0,7,final
2025-07-31,pranarom,fra,baume pectoral bébé,1,0,7,final
2025-08-01,pranarom,fra,baume pectoral bébé,1,0,7,final
2025-08-02,pranarom,fra,baume pectoral bébé,1,0,8,final
2025-08-03,pranarom,fra,baume pectoral bébé,1,0,6,final
2025-08-04,pranarom,fra,baume pectoral bébé,1,0,5,final
2025-08-05,pranarom,fra,baume pectoral bébé,1,0,6,final
2025-08-06,pranarom,fra,baume pectoral bébé,1,3,10,final
2025-08-07,pranarom,fra,baume pectoral bébé,1.3,1,9,final
2025-08-08,pranarom,fra,baume pectoral bébé,1,1,10,final
2025-08-09,pranarom,fra,baume pectoral bébé,1,0,3,final
2025-08-10,pranarom,fra,baume pectoral bébé,1,2,4,final
2025-08-11,pranarom,fra,baume pectoral bébé,1,1,11,final
2025-08-12,pranarom,fra,baume pectoral bébé,1,1,4,final
2025-08-13,pranarom,fra,baume pectoral bébé,1,0,6,final
2025-08-14,pranarom,fra,baume pectoral bébé,1,1,7,final
2025-08-15,pranarom,fra,baume pectoral bébé,1,1,7,final
2025-08-16,pranarom,fra,baume pectoral bébé,1,0,4,final
2025-08-17,pranarom,fra,baume pectoral bébé,1,2,7,final
2025-08-18,pranarom,fra,baume pectoral bébé,1,1,6,final
2025-08-19,pranarom,fra,baume pectoral bébé,1,0,4,final
2025-08-20,pranarom,fra,baume pectoral bébé,1,0,7,final
2025-08-21,pranarom,fra,baume pectoral bébé,1,2,9,final
2025-08-22,pranarom,fra,baume pectoral bébé,1,0,7,final
2025-08-23,pranarom,fra,baume pectoral bébé,1,0,7,final
2025-08-24,pranarom,fra,baume pectoral bébé,1,0,9,final
2025-08-25,pranarom,fra,baume pectoral bébé,1,0,9,final
2025-08-26,pranarom,fra,baume pectoral bébé,1,0,11,final
2025-08-27,pranarom,fra,baume pectoral bébé,1,1,5,final
2025-08-28,pranarom,fra,baume pectoral bébé,1,2,10,final
2025-08-29,pranarom,fra,baume pectoral bébé,1,0,7,final
2025-08-30,pranarom,fra,baume pectoral bébé,1,0,16,final
2025-08-31,pranarom,fra,baume pectoral bébé,1,2,10,final
2025-09-01,pranarom,fra,baume pectoral bébé,1,0,11,final
2025-09-02,pranarom,fra,baume pectoral bébé,1,3,8,final
2025-09-03,pranarom,fra,baume pectoral bébé,1,0,9,final
2025-09-04,pranarom,fra,baume pectoral bébé,1,4,17,final
2025-09-05,pranarom,fra,baume pectoral bébé,1,3,21,final
2025-09-06,pranarom,fra,baume pectoral bébé,1,1,18,final
2025-09-07,pranarom,fra,baume pectoral bébé,1,3,22,final
2025-09-08,pranarom,fra,baume pectoral bébé,1.0,4,31,final
2025-09-09,pranarom,fra,baume pectoral bébé,1,3,27,final
2025-09-10,pranarom,fra,baume pectoral bébé,1.1,4,25,final
2025-09-11,pranarom,fra,baume pectoral bébé,1.1,2,32,final
2025-09-12,pranarom,fra,baume pectoral bébé,1.2,3,38,final
2025-09-13,pranarom,fra,baume pectoral bébé,1,2,41,final
2025-09-14,pranarom,fra,baume pectoral bébé,1,1,34,final
2025-09-15,pranarom,fra,baume pectoral bébé,1.0,6,44,final
2025-09-16,pranarom,fra,baume pectoral bébé,1.1,4,40,final
2025-09-17,pranarom,fra,baume pectoral bébé,1,5,30,final
2025-09-18,pranarom,fra,baume pectoral bébé,1,8,56,final
2025-09-19,pranarom,fra,baume pectoral bébé,1.0,9,68,final
2025-09-20,pranarom,fra,baume pectoral bébé,1,3,55,final
2025-09-21,pranarom,fra,baume pectoral bébé,1.1,7,46,final
2025-09-22,pranarom,fra,baume pectoral bébé,1.0,10,69,final
2025-09-23,pranarom,fra,baume pectoral bébé,1.1,8,45,final
2025-09-24,pranarom,fra,baume pectoral bébé,1.1,9,55,final
2025-09-25,pranarom,fra,baume pectoral bébé,1,6,55,final
2025-09-26,pranarom,fra,baume pectoral bébé,1,5,58,final
2025-09-27,pranarom,fra,baume pectoral bébé,1,5,53,final
2025-09-28,pranarom,fra,baume pectoral bébé,1,9,61,final
2025-09-29,pranarom,fra,baume pectoral bébé,1,3,53,final
2025-09-30,pranarom,fra,baume pectoral bébé,1.1,3,51,final
2025-10-01,pranarom,fra,baume pectoral bébé,1.1,8,56,final
2025-10-02,pranarom,fra,baume pectoral bébé,1.2,3,46,final
2025-10-03,pranarom,fra,baume pectoral bébé,1.1,6,59,final
2025-10-04,pranarom,fra,baume pectoral bébé,1.1,4,47,final
2025-10-05,pranarom,fra,baume pectoral bébé,1.2,3,40,final
2025-10-06,pranarom,fra,baume pectoral bébé,1.2,5,47,final
2025-10-07,pranarom,fra,baume pectoral bébé,1.1,3,55,final
2025-10-08,pranarom,fra,baume pectoral bébé,1,2,58,final
2025-10-09,pranarom,fra,baume pectoral bébé,1.1,7,35,final
2025-10-10,pranarom,fra,baume pectoral bébé,1.1,1,37,final
2025-10-11,pranarom,fra,baume pectoral bébé,1,5,39,final
2025-10-12,pranarom,fra,baume pectoral bébé,1,9,45,final
2025-10-13,pranarom,fra,baume pectoral bébé,1.0,4,56,final
2025-10-14,pranarom,fra,baume pectoral bébé,1,8,52,final
2025-10-15,pranarom,fra,baume pectoral bébé,1,6,34,final
2025-10-16,pranarom,fra,baume pectoral bébé,1,3,30,final
2025-10-17,pranarom,fra,baume pectoral bébé,1,7,49,final
2025-10-18,pranarom,fra,baume pectoral bébé,1.1,3,34,final
2025-10-19,pranarom,fra,baume pectoral bébé,1.2,2,26,final
2025-10-20,pranarom,fra,baume pectoral bébé,1.0,3,46,final
2025-10-21,pranarom,fra,baume pectoral bébé,1,1,53,final
2025-10-22,pranarom,fra,baume pectoral bébé,1,7,50,final
2025-10-23,pranarom,fra,baume pectoral bébé,1,7,41,final
2025-10-24,pranarom,fra,baume pectoral bébé,1.2,7,41,final
2025-10-25,pranarom,fra,baume pectoral bébé,1.2,5,34,final
2025-10-26,pranarom,fra,baume pectoral bébé,1,1,30,final
2025-10-27,pranarom,fra,baume pectoral bébé,1.1,10,56,final
2025-10-28,pranarom,fra,baume pectoral bébé,1.0,5,44,final
2025-10-29,pranarom,fra,baume pectoral bébé,1.1,5,45,final
2025-10-30,pranarom,fra,baume pectoral bébé,1.2,9,45,final
2025-10-31,pranarom,fra,baume pectoral bébé,1,4,39,final
2025-11-01,pranarom,fra,baume pectoral bébé,1,1,31,final
2025-11-02,pranarom,fra,baume pectoral bébé,1,5,42,final
2025-11-03,pranarom,fra,baume pectoral bébé,1.1,2,39,final
2025-11-04,pranarom,fra,baume pectoral bébé,1,4,28,final
2025-11-05,pranarom,fra,baume pectoral bébé,1.2,3,31,final
2025-11-06,pranarom,fra,baume pectoral bébé,1.1,3,28,final
2025-11-07,pranarom,fra,baume pectoral bébé,1.1,10,46,final
2025-11-08,pranarom,fra,baume pectoral bébé,1.0,11,39,final
2025-11-09,pranarom,fra,baume pectoral bébé,1.1,1,30,final
2025-11-10,pranarom,fra,baume pectoral bébé,1.2,4,55,final
2025-11-11,pranarom,fra,baume pectoral bébé,1,4,37,final
2025-11-12,pranarom,fra,baume pectoral bébé,1.1,6,42,final
2025-11-13,pranarom,fra,baume pectoral bébé,1.1,7,50,final
2025-11-14,pranarom,fra,baume pectoral bébé,1,6,61,final
2025-11-15,pranarom,fra,baume pectoral bébé,1,3,37,final
2025-11-16,pranarom,fra,baume pectoral bébé,1,2,33,final
2025-11-17,pranarom,fra,baume pectoral bébé,1.1,8,64,final
2025-11-18,pranarom,fra,baume pectoral bébé,1,8,74,final
2025-11-19,pranarom,fra,baume pectoral bébé,1,6,53,final
2025-11-20,pranarom,fra,baume pectoral bébé,1.1,5,62,final
2025-11-21,pranarom,fra,baume pectoral bébé,1.1,5,61,final
2025-11-22,pranarom,fra,baume pectoral bébé,1,8,64,final
2025-11-23,pranarom,fra,baume pectoral bébé,1,6,43,final
2025-11-24,pranarom,fra,baume pectoral bébé,1.2,10,101,final
2025-11-25,pranarom,fra,baume pectoral bébé,1.2,8,85,final
2025-11-26,pranarom,fra,baume pectoral bébé,1.1,9,80,final
2025-11-27,pranarom,fra,baume pectoral bébé,1.2,10,97,final
2025-11-28,pranarom,fra,baume pectoral bébé,1.1,8,56,final
2025-11-29,pranarom,fra,baume pectoral bébé,1.2,3,68,final
2025-11-30,pranarom,fra,baume pectoral bébé,1,4,41,final
2025-12-01,pranarom,fra,baume pectoral bébé,1.1,7,79,final
2025-12-02,pranarom,fra,baume pectoral bébé,1.1,7,74,final
2025-12-03,pranarom,fra,baume pectoral bébé,1.3,9,86,final
2025-12-04,pranarom,fra,baume pectoral bébé,1.2,11,108,final
2025-12-05,pranarom,fra,baume pectoral bébé,1.1,12,64,final
2025-12-06,pranarom,fra,baume pectoral bébé,1.0,11,85,final
2025-12-07,pranarom,fra,baume pectoral bébé,1.4,11,79,final
2025-12-08,pranarom,fra,baume pectoral bébé,1.1,11,108,final
2025-12-09,pranarom,fra,baume pectoral bébé,1.2,6,68,final
2025-12-10,pranarom,fra,baume pectoral bébé,3.2,4,73,final
2025-12-11,pranarom,fra,baume pectoral bébé,1.1,11,87,final
2025-12-12,pranarom,fra,baume pectoral bébé,1.0,10,84,final
2025-12-13,pranarom,fra,baume pectoral bébé,1.2,12,87,final
2025-12-14,pranarom,fra,baume pectoral bébé,1.1,8,70,final
2025-12-15,pranarom,fra,baume pectoral bébé,5.5,7,76,final
2025-12-16,pranarom,fra,baume pectoral bébé,1.1,7,119,final
2025-12-17,pranarom,fra,baume pectoral bébé,1.1,5,51,final
2025-12-18,pranarom,fra,baume pectoral bébé,1.1,12,95,final
2025-12-19,pranarom,fra,baume pectoral bébé,1.2,12,80,final
2025-12-20,pranarom,fra,baume pectoral bébé,1.1,2,59,final
2025-12-21,pranarom,fra,baume pectoral bébé,1.1,10,68,final
2025-12-22,pranarom,fra,baume pectoral bébé,1.2,7,82,final
2025-12-23,pranarom,fra,baume pectoral bébé,1.1,10,93,final
2025-12-24,pranarom,fra,baume pectoral bébé,1.3,2,53,final
2025-12-25,pranarom,fra,baume pectoral bébé,1.1,6,54,final
2025-12-26,pranarom,fra,baume pectoral bébé,1.2,7,94,final
2025-12-27,pranarom,fra,baume pectoral bébé,1.2,5,73,final
2025-12-28,pranarom,fra,baume pectoral bébé,1.3,6,51,final
2025-12-29,pranarom,fra,baume pectoral bébé,1.2,12,104,final
2025-12-30,pranarom,fra,baume pectoral bébé,1.2,10,94,final
2025-12-31,pranarom,fra,baume pectoral bébé,1.2,3,56,final
2026-01-01,pranarom,fra,baume pectoral bébé,1.4,5,38,final
2026-01-02,pranarom,fra,baume pectoral bébé,1.1,6,54,final
2026-01-03,pranarom,fra,baume pectoral bébé,1.2,4,55,final
2026-01-04,pranarom,fra,baume pectoral bébé,1.3,2,42,final
2026-01-05,pranarom,fra,baume pectoral bébé,1.0,5,45,final
2026-01-06,pranarom,fra,baume pectoral bébé,1.0,2,45,final
2026-01-07,pranarom,fra,baume pectoral bébé,1.1,1,37,final
2026-01-08,pranarom,fra,baume pectoral bébé,1,3,46,final
2026-01-09,pranarom,fra,baume pectoral bébé,1.5,4,37,final
2026-01-10,pranarom,fra,baume pectoral bébé,1.2,2,33,final
2026-01-11,pranarom,fra,baume pectoral bébé,1.1,4,25,final
2026-01-12,pranarom,fra,baume pectoral bébé,1.1,2,44,final
2026-01-13,pranarom,fra,baume pectoral bébé,1.0,5,41,final
2026-01-14,pranarom,fra,baume pectoral bébé,1.1,6,39,final
2026-01-15,pranarom,fra,baume pectoral bébé,1.1,1,32,final
2026-01-16,pranarom,fra,baume pectoral bébé,1.1,0,43,final
2026-01-17,pranarom,fra,baume pectoral bébé,1,1,38,final
2026-01-18,pranarom,fra,baume pectoral bébé,1.2,1,32,final
2026-01-19,pranarom,fra,baume pectoral bébé,1.1,2,54,final
2026-01-20,pranarom,fra,baume pectoral bébé,1.4,5,50,final
2026-01-21,pranarom,fra,baume pectoral bébé,1.1,5,64,final
2026-01-22,pranarom,fra,baume pectoral bébé,1.2,5,74,final
2026-01-23,pranarom,fra,baume pectoral bébé,3.0,5,68,final
2026-01-24,pranarom,fra,baume pectoral bébé,1.5,1,57,final
2026-01-25,pranarom,fra,baume pectoral bébé,1.4,11,58,final
2026-01-26,pranarom,fra,baume pectoral bébé,1.6,6,80,final
2026-01-27,pranarom,fra,baume pectoral bébé,1.1,2,62,final
2026-01-28,pranarom,fra,baume pectoral bébé,1.4,4,53,final
2026-01-29,pranarom,fra,baume pectoral bébé,1.1,7,60,final
2026-01-30,pranarom,fra,baume pectoral bébé,1.5,4,45,final
2026-01-31,pranarom,fra,baume pectoral bébé,1.6,3,57,final
2026-02-01,pranarom,fra,baume pectoral bébé,1.7,3,48,final
2026-02-02,pranarom,fra,baume pectoral bébé,1.5,3,45,final
2026-02-03,pranarom,fra,baume pectoral bébé,1.0,10,61,final
2026-02-04,pranarom,fra,baume pectoral bébé,3.4,8,60,final
2026-02-05,pranarom,fra,baume pectoral bébé,1.1,2,49,final
2026-02-06,pranarom,fra,baume pectoral bébé,1.1,5,40,final
2026-02-07,pranarom,fra,baume pectoral bébé,2.1,2,49,final
2026-02-08,pranarom,fra,baume pectoral bébé,1.1,4,43,final
2026-02-09,pranarom,fra,baume pectoral bébé,1.3,6,75,final
2026-02-10,pranarom,fra,baume pectoral bébé,1.1,5,62,final
2026-02-11,pranarom,fra,baume pectoral bébé,1.0,5,51,final
2026-02-12,pranarom,fra,baume pectoral bébé,1.0,7,63,final
2026-02-13,pranarom,fra,baume pectoral bébé,1.1,4,61,final
2026-02-14,pranarom,fra,baume pectoral bébé,2.3,7,60,final
2026-02-15,pranarom,fra,baume pectoral bébé,1.8,3,30,final
2026-02-16,pranarom,fra,baume pectoral bébé,3.9,3,52,final
2026-02-17,pranarom,fra,baume pectoral bébé,2.4,3,51,final
2026-02-18,pranarom,fra,baume pectoral bébé,2.0,6,49,final
2026-02-19,pranarom,fra,baume pectoral bébé,2.0,5,53,final
2026-02-20,pranarom,fra,baume pectoral bébé,1.2,10,63,final
2026-02-21,pranarom,fra,baume pectoral bébé,1.0,3,49,final
2026-02-22,pranarom,fra,baume pectoral bébé,1.2,11,39,final
2026-02-23,pranarom,fra,baume pectoral bébé,1.4,4,49,final
2026-02-24,pranarom,fra,baume pectoral bébé,1,2,42,final
2026-02-25,pranarom,fra,baume pectoral bébé,1.2,3,34,final
2026-02-26,pranarom,fra,baume pectoral bébé,1.2,2,29,final
2026-02-27,pranarom,fra,baume pectoral bébé,3.2,3,42,final
2026-02-28,pranarom,fra,baume pectoral bébé,1,5,33,final
2026-03-01,pranarom,fra,baume pectoral bébé,1.7,2,31,final
2026-03-02,pranarom,fra,baume pectoral bébé,12.7,2,35,final
2026-03-03,pranarom,fra,baume pectoral bébé,1,2,37,final
2026-03-04,pranarom,fra,baume pectoral bébé,1,4,44,final
2026-03-05,pranarom,fra,baume pectoral bébé,1.6,4,36,final
2026-03-06,pranarom,fra,baume pectoral bébé,1.0,4,30,final
2026-03-07,pranarom,fra,baume pectoral bébé,1.9,3,31,final
2026-03-08,pranarom,fra,baume pectoral bébé,4.5,2,31,final
2026-03-09,pranarom,fra,baume pectoral bébé,2.5,3,30,final
2026-03-10,pranarom,fra,baume pectoral bébé,1.2,4,30,final
2026-03-11,pranarom,fra,baume pectoral bébé,1.5,10,38,final
2026-03-12,pranarom,fra,baume pectoral bébé,1.2,5,46,final
2026-03-13,pranarom,fra,baume pectoral bébé,1.7,4,49,final
2026-03-14,pranarom,fra,baume pectoral bébé,1.0,6,44,final
2026-03-15,pranarom,fra,baume pectoral bébé,1,3,34,final
2026-03-16,pranarom,fra,baume pectoral bébé,1.0,7,53,final
2026-03-17,pranarom,fra,baume pectoral bébé,1.4,5,40,final
2026-03-18,pranarom,fra,baume pectoral bébé,3.4,3,28,final
2026-03-19,pranarom,fra,baume pectoral bébé,1.2,1,38,final
2026-03-20,pranarom,fra,baume pectoral bébé,1.1,2,36,final
2026-03-21,pranarom,fra,baume pectoral bébé,1.7,1,31,final
2026-03-22,pranarom,fra,baume pectoral bébé,1.1,4,31,final
2026-03-23,pranarom,fra,baume pectoral bébé,1.1,3,39,final
2026-03-24,pranarom,fra,baume pectoral bébé,1.3,4,38,final
2026-03-25,pranarom,fra,baume pectoral bébé,1.2,6,38,final
2026-03-26,pranarom,fra,baume pectoral bébé,1.2,1,40,final
2026-03-27,pranarom,fra,baume pectoral bébé,1.5,4,43,final
2026-03-28,pranarom,fra,baume pectoral bébé,1.2,5,56,final
2026-03-29,pranarom,fra,baume pectoral bébé,1.7,1,27,final
2026-03-30,pranarom,fra,baume pectoral bébé,1.4,5,60,final
2026-03-31,pranarom,fra,baume pectoral bébé,1.0,3,45,final
2026-04-01,pranarom,fra,baume pectoral bébé,3.8,6,47,final
2026-04-02,pranarom,fra,baume pectoral bébé,4.0,3,49,final
2026-04-03,pranarom,fra,baume pectoral bébé,1,6,35,final
2026-04-04,pranarom,fra,baume pectoral bébé,1.1,6,42,final
2026-04-05,pranarom,fra,baume pectoral bébé,1.2,3,24,final
2026-04-06,pranarom,fra,baume pectoral bébé,1.1,1,39,final
2026-04-07,pranarom,fra,baume pectoral bébé,1.1,6,25,final
2026-04-08,pranarom,fra,baume pectoral bébé,8.4,2,30,final
2026-04-09,pranarom,fra,baume pectoral bébé,8.9,4,24,final
2026-04-10,pranarom,fra,baume pectoral bébé,1.2,1,28,final
2026-04-11,pranarom,fra,baume pectoral bébé,1.0,4,32,final
2026-04-12,pranarom,fra,baume pectoral bébé,1.3,4,26,final
2026-04-13,pranarom,fra,baume pectoral bébé,1.5,4,45,final
2026-04-14,pranarom,fra,baume pectoral bébé,1.2,2,33,final
2026-04-15,pranarom,fra,baume pectoral bébé,2.7,1,29,final
2026-04-16,pranarom,fra,baume pectoral bébé,1,4,29,final
2026-04-17,pranarom,fra,baume pectoral bébé,1.6,1,21,final
2026-04-18,pranarom,fra,baume pectoral bébé,1.3,3,26,final
2026-04-19,pranarom,fra,baume pectoral bébé,1.3,2,24,final
2026-04-20,pranarom,fra,baume pectoral bébé,1.1,2,36,final
2026-04-21,pranarom,fra,baume pectoral bébé,1.2,3,27,final
2026-04-22,pranarom,fra,baume pectoral bébé,1.4,5,33,final
2026-04-23,pranarom,fra,baume pectoral bébé,1.3,6,35,final
2026-04-24,pranarom,fra,baume pectoral bébé,1,2,17,final
2026-04-25,pranarom,fra,baume pectoral bébé,1.1,1,28,final
2026-04-26,pranarom,fra,baume pectoral bébé,1,4,18,final
2026-04-27,pranarom,fra,baume pectoral bébé,1.2,3,26,final
2026-04-28,pranarom,fra,baume pectoral bébé,5.4,3,27,final
2026-04-29,pranarom,fra,baume pectoral bébé,2.6,1,28,final
2026-04-30,pranarom,fra,baume pectoral bébé,1.1,3,21,final
2026-05-01,pranarom,fra,baume pectoral bébé,5.6,1,15,final
2026-05-02,pranarom,fra,baume pectoral bébé,2.8,2,26,final
2026-05-03,pranarom,fra,baume pectoral bébé,1,0,7,final
2026-05-04,pranarom,fra,baume pectoral bébé,1.1,0,27,final
2026-05-05,pranarom,fra,baume pectoral bébé,1,5,23,final
2026-05-06,pranarom,fra,baume pectoral bébé,1,1,21,final
2026-05-07,pranarom,fra,baume pectoral bébé,1.2,0,14,final
2026-05-08,pranarom,fra,baume pectoral bébé,1,2,20,final
2026-05-09,pranarom,fra,baume pectoral bébé,1,3,24,final
2026-05-10,pranarom,fra,baume pectoral bébé,1,0,19,final
2026-05-11,pranarom,fra,baume pectoral bébé,1.3,3,37,final
2026-05-12,pranarom,fra,baume pectoral bébé,1,5,25,final
2026-05-13,pranarom,fra,baume pectoral bébé,9.8,4,24,final
2026-05-14,pranarom,fra,baume pectoral bébé,1.1,2,30,final
2026-05-15,pranarom,fra,baume pectoral bébé,1.1,0,24,final
2026-05-16,pranarom,fra,baume pectoral bébé,1,1,28,final
2026-05-17,pranarom,fra,baume pectoral bébé,1,1,23,final
2026-05-18,pranarom,fra,baume pectoral bébé,1.9,5,34,final
2026-05-19,pranarom,fra,baume pectoral bébé,1,2,32,final
2026-05-20,pranarom,fra,baume pectoral bébé,1.1,1,31,final
2026-05-21,pranarom,fra,baume pectoral bébé,1.2,2,18,final
2026-05-22,pranarom,fra,baume pectoral bébé,1.2,1,19,final
2026-05-23,pranarom,fra,baume pectoral bébé,1,1,11,final
2026-05-24,pranarom,fra,baume pectoral bébé,1,3,12,final
2026-05-25,pranarom,fra,baume pectoral bébé,1.5,0,12,final
2026-05-26,pranarom,fra,baume pectoral bébé,1.5,4,22,final
2026-05-27,pranarom,fra,baume pectoral bébé,11,1,15,final
2026-05-28,pranarom,fra,baume pectoral bébé,1.4,0,10,final
2026-05-29,pranarom,fra,baume pectoral bébé,1.4,3,16,final
2026-05-30,pranarom,fra,baume pectoral bébé,1,1,14,final
2026-05-31,pranarom,fra,baume pectoral bébé,1,4,17,final
2026-06-01,pranarom,fra,baume pectoral bébé,3,2,9,final
2026-06-02,pranarom,fra,baume pectoral bébé,1.1,0,16,final
2026-06-03,pranarom,fra,baume pectoral bébé,1,1,23,final
2026-06-04,pranarom,fra,baume pectoral bébé,4,3,20,final
2026-06-05,pranarom,fra,baume pectoral bébé,1.8,4,23,final
2026-06-06,pranarom,fra,baume pectoral bébé,1.2,5,20,final
2026-06-07,pranarom,fra,baume pectoral bébé,4.1,1,9,final
2026-06-08,pranarom,fra,baume pectoral bébé,1.2,2,17,final
2026-06-09,pranarom,fra,baume pectoral bébé,1.5,2,28,final
2026-06-10,pranarom,fra,baume pectoral bébé,3.5,1,22,final
2026-06-11,pranarom,fra,baume pectoral bébé,1.3,1,22,final
2026-06-12,pranarom,fra,baume pectoral bébé,1.1,1,18,final
2026-06-13,pranarom,fra,baume pectoral bébé,1.4,2,14,final
2026-06-14,pranarom,fra,baume pectoral bébé,1,0,12,final
2026-06-15,pranarom,fra,baume pectoral bébé,1,2,22,final
2026-06-16,pranarom,fra,baume pectoral bébé,3.4,2,25,final
2026-06-17,pranarom,fra,baume pectoral bébé,4.1,0,9,final
2026-06-18,pranarom,fra,baume pectoral bébé,1,1,12,final
2026-06-19,pranarom,fra,baume pectoral bébé,1.1,1,15,final
2026-06-20,pranarom,fra,baume pectoral bébé,1.2,1,6,final
2026-06-21,pranarom,fra,baume pectoral bébé,1.1,0,8,final
2026-06-22,pranarom,fra,baume pectoral bébé,2.5,0,20,final
2026-06-23,pranarom,fra,baume pectoral bébé,2.3,3,14,final
2026-06-24,pranarom,fra,baume pectoral bébé,13.4,0,13,final
2026-06-25,pranarom,fra,baume pectoral bébé,3.1,1,7,final
2026-06-26,pranarom,fra,baume pectoral bébé,1,1,8,final
2026-06-27,pranarom,fra,baume pectoral bébé,2.6,1,10,final
2026-06-28,pranarom,fra,baume pectoral bébé,1,0,9,final
2026-06-29,pranarom,fra,baume pectoral bébé,1,1,9,final
2026-06-30,pranarom,fra,baume pectoral bébé,1,0,7,final
2026-07-01,pranarom,fra,baume pectoral bébé,1,1,12,final
2026-07-02,pranarom,fra,baume pectoral bébé,1,1,14,final
2026-07-03,pranarom,fra,baume pectoral bébé,1,0,16,final
2026-07-04,pranarom,fra,baume pectoral bébé,1,0,6,final
2026-07-05,pranarom,fra,baume pectoral bébé,1,1,7,final
2026-07-06,pranarom,fra,baume pectoral bébé,1,2,14,final
2026-07-07,pranarom,fra,baume pectoral bébé,2.1,2,13,final
2026-07-08,pranarom,fra,baume pectoral bébé,4.6,0,16,final
2026-07-09,pranarom,fra,baume pectoral bébé,2.5,0,12,final
2026-07-10,pranarom,fra,baume pectoral bébé,1,1,8,final
2026-07-11,pranarom,fra,baume pectoral bébé,3,1,14,final
2026-07-12,pranarom,fra,baume pectoral bébé,1,1,5,final
2026-07-13,pranarom,fra,baume pectoral bébé,1.2,1,12,final
2026-07-14,pranarom,fra,baume pectoral bébé,1,3,13,final
2026-07-15,pranarom,fra,baume pectoral bébé,1,0,12,final
2026-07-16,pranarom,fra,baume pectoral bébé,1,0,8,final
2026-07-17,pranarom,fra,baume pectoral bébé,1,3,20,final
2026-07-18,pranarom,fra,baume pectoral bébé,1,0,7,final
2026-07-19,pranarom,fra,baume pectoral bébé,1.8,1,9,final
2026-07-20,pranarom,fra,baume pectoral bébé,1,2,14,final
2026-07-21,pranarom,fra,baume pectoral bébé,2,1,15,final
2026-07-22,pranarom,fra,baume pectoral bébé,5.9,1,16,final
2026-07-23,pranarom,fra,baume pectoral bébé,2.1,3,14,final
2026-07-24,pranarom,fra,baume pectoral bébé,1.4,0,7,final
2026-07-25,pranarom,fra,baume pectoral bébé,1.2,0,12,final
2026-07-26,pranarom,fra,baume pectoral bébé,1,0,7,final
2026-07-27,pranarom,fra,baume pectoral bébé,2.2,1,12,final
2026-07-28,pranarom,fra,baume pectoral bébé,1,0,9,final
2026-07-29,pranarom,fra,baume pectoral bébé,2.3,1,12,final
2026-07-30,pranarom,fra,baume pectoral bébé,1,0,10,final
2026-07-31,pranarom,fra,baume pectoral bébé,1,1,7,final
2026-08-01,pranarom,fra,baume pectoral bébé,1,1,12,final
2026-08-02,pranarom,fra,baume pectoral bébé,2.9,1,8,final
2026-08-03,pranarom,fra,baume pectoral bébé,9.3,0,12,final
2026-08-04,pranarom,fra,baume pectoral bébé,2.9,0,9,final
2026-08-05,pranarom,fra,baume pectoral bébé,26.9,0,17,final
2026-08-06,pranarom,fra,baume pectoral bébé,2.1,0,15,final
2026-08-07,pranarom,fra,baume pectoral bébé,1,2,14,final
2026-08-08,pranarom,fra,baume pectoral bébé,3,1,8,final
2026-08-09,pranarom,fra,baume pectoral bébé,1,0,6,final
2026-08-10,pranarom,fra,baume pectoral bébé,1,0,14,final
2026-08-11,pranarom,fra,baume pectoral bébé,1,0,7,final
2026-08-12,pranarom,fra,baume pectoral bébé,3.5,0,6,final
2026-08-13,pranarom,fra,baume pectoral bébé,1.1,1,9,final
2026-08-14,pranarom,fra,baume pectoral bébé,1,0,16,final
2026-08-15,pranarom,fra,baume pectoral bébé,1,1,4,final
2026-08-16,pranarom,fra,baume pectoral bébé,1,2,9,final
2026-08-17,pranarom,fra,baume pectoral bébé,1,1,9,final
2026-08-18,pranarom,fra,baume pectoral bébé,3,0,8,final
2026-08-19,pranarom,fra,baume pectoral bébé,6.7,2,10,final
2026-08-20,pranarom,fra,baume pectoral bébé,1.6,1,5,final
2026-08-21,pranarom,fra,baume pectoral bébé,1.3,0,13,final
2026-08-22,pranarom,fra,baume pectoral bébé,1,1,13,final
2026-08-23,pranarom,fra,baume pectoral bébé,1,2,6,final
2026-08-24,pranarom,fra,baume pectoral bébé,2.2,1,12,final
2026-08-25,pranarom,fra,baume pectoral bébé,1,1,8,final
2026-08-26,pranarom,fra,baume pectoral bébé,2,0,14,final
2026-08-27,pranarom,fra,baume pectoral bébé,1,2,15,final
2026-08-28,pranarom,fra,baume pectoral bébé,1,1,8,final
2026-08-29,pranarom,fra,baume pectoral bébé,1,1,12,final
2026-08-30,pranarom,fra,baume pectoral bébé,1.7,3,20,final
2026-08-31,pranarom,fra,baume pectoral bébé,1,1,13,final
2026-09-01,pranarom,fra,baume pectoral bébé,3.3,0,27,final
2026-09-02,pranarom,fra,baume pectoral bébé,9.6,2,17,final
2026-09-03,pranarom,fra,baume pectoral bébé,1,2,24,final
2026-09-04,pranarom,fra,baume pectoral bébé,1,1,15,final
2026-09-05,pranarom,fra,baume pectoral bébé,1,1,16,final
2026-09-06,pranarom,fra,baume pectoral bébé,1.2,2,25,final
2026-09-07,pranarom,fra,baume pectoral bébé,1.1,4,34,final
2026-09-08,pranarom,fra,baume pectoral bébé,1,5,37,final
2026-09-09,pranarom,fra,baume pectoral bébé,1.1,5,44,final
2026-09-10,pranarom,fra,baume pectoral bébé,1,5,58,final
2026-09-11,pranarom,fra,baume pectoral bébé,1,5,49,final
2026-09-12,pranarom,fra,baume pectoral bébé,1,6,64,final
2026-09-13,pranarom,fra,baume pectoral bébé,1,7,59,final
2026-09-14,pranarom,fra,baume pectoral bébé,1,8,73,final
2026-09-15,pranarom,fra,baume pectoral bébé,1,10,61,final
2026-09-16,pranarom,fra,baume pectoral bébé,4.7,7,68,final
2026-09-17,pranarom,fra,baume pectoral bébé,1,6,69,final
2026-09-18,pranarom,fra,baume pectoral bébé,1.3,6,73,final
2026-09-19,pranarom,fra,baume pectoral bébé,1,9,68,final
2026-09-20,pranarom,fra,baume pectoral bébé,1,8,57,final
2026-09-21,pranarom,fra,baume pectoral bébé,1,9,82,final
2026-09-22,pranarom,fra,baume pectoral bébé,1,8,72,final
2026-09-23,pranarom,fra,baume pectoral bébé,1,11,85,final
2026-09-24,pranarom,fra,baume pectoral bébé,1,10,86,final
2026-09-25,pranarom,fra,baume pectoral bébé,1.1,10,69,final
2026-09-26,pranarom,fra,baume pectoral bébé,1,7,74,final
2026-09-27,pranarom,fra,baume pectoral bébé,1.5,11,93,final
2026-09-28,pranarom,fra,baume pectoral bébé,1,13,91,final
2026-09-29,pranarom,fra,baume pectoral bébé,1.0,6,102,final
2026-09-30,pranarom,fra,baume pectoral bébé,2.0,9,75,final
2026-10-01,pranarom,fra,baume pectoral bébé,1.0,7,77,fresh
2026-10-02,pranarom,fra,baume pectoral bébé,1,7,78,fresh
2025-06-17,pranarom,fra,comment soigner une infection urinaire en 10 minutes,2,0,1,final
2025-06-19,pranarom,fra,comment soigner une infection urinaire en 10 minutes,12,0,1,final
2025-06-28,pranarom,fra,comment soigner une infection urinaire en 10 minutes,2,0,1,final
2025-06-29,pranarom,fra,comment soigner une infection urinaire en 10 minutes,2,0,1,final
2025-07-05,pranarom,fra,comment soigner une infection urinaire en 10 minutes,30,0,1,final
2025-07-10,pranarom,fra,comment soigner une infection urinaire en 10 minutes,2,1,1,final
2025-07-13,pranarom,fra,comment soigner une infection urinaire en 10 minutes,2,0,1,final
2025-07-14,pranarom,fra,comment soigner une infection urinaire en 10 minutes,2,0,2,final
2025-07-15,pranarom,fra,comment soigner une infection urinaire en 10 minutes,2,0,1,final
2025-07-18,pranarom,fra,comment soigner une infection urinaire en 10 minutes,2,0,1,final
2025-07-19,pranarom,fra,comment soigner une infection urinaire en 10 minutes,2,0,3,final
2025-07-21,pranarom,fra,comment soigner une infection urinaire en 10 minutes,2,0,3,final
2025-07-22,pranarom,fra,comment soigner une infection urinaire en 10 minutes,2,0,2,final
2025-07-24,pranarom,fra,comment soigner une infection urinaire en 10 minutes,24,0,2,final
2025-07-25,pranarom,fra,comment soigner une infection urinaire en 10 minutes,24,0,3,final
2025-07-26,pranarom,fra,comment soigner une infection urinaire en 10 minutes,57.5,0,2,final
2025-07-27,pranarom,fra,comment soigner une infection urinaire en 10 minutes,55,0,1,final
2025-07-28,pranarom,fra,comment soigner une infection urinaire en 10 minutes,30,0,2,final
2025-07-29,pranarom,fra,comment soigner une infection urinaire en 10 minutes,2,0,1,final
2025-07-30,pranarom,fra,comment soigner une infection urinaire en 10 minutes,2,0,1,final
2025-07-31,pranarom,fra,comment soigner une infection urinaire en 10 minutes,60,0,1,final
2025-08-01,pranarom,fra,comment soigner une infection urinaire en 10 minutes,17,0,4,final
2025-08-02,pranarom,fra,comment soigner une infection urinaire en 10 minutes,5.7,1,3,final
2025-08-03,pranarom,fra,comment soigner une infection urinaire en 10 minutes,38.5,0,4,final
2025-08-04,pranarom,fra,comment soigner une infection urinaire en 10 minutes,13.5,0,2,final
2025-08-05,pranarom,fra,comment soigner une infection urinaire en 10 minutes,46.6,0,7,final
2025-08-06,pranarom,fra,comment soigner une infection urinaire en 10 minutes,29.7,0,7,final
2025-08-07,pranarom,fra,comment soigner une infection urinaire en 10 minutes,41,0,3,final
2025-08-08,pranarom,fra,comment soigner une infection urinaire en 10 minutes,91,0,1,final
2025-08-09,pranarom,fra,comment soigner une infection urinaire en 10 minutes,49.6,1,10,final
2025-08-10,pranarom,fra,comment soigner une infection urinaire en 10 minutes,5,1,5,final
2025-08-11,pranarom,fra,comment soigner une infection urinaire en 10 minutes,43.8,0,6,final
2025-08-12,pranarom,fra,comment soigner une infection urinaire en 10 minutes,34.8,0,5,final
2025-08-13,pranarom,fra,comment soigner une infection urinaire en 10 minutes,39.5,0,2,final
2025-08-14,pranarom,fra,comment soigner une infection urinaire en 10 minutes,57.5,0,4,final
2025-08-15,pranarom,fra,comment soigner une infection urinaire en 10 minutes,43.2,0,4,final
2025-08-16,pranarom,fra,comment soigner une infection urinaire en 10 minutes,17.7,0,15,final
2025-08-17,pranarom,fra,comment soigner une infection urinaire en 10 minutes,74,0,2,final
2025-08-18,pranarom,fra,comment soigner une infection urinaire en 10 minutes,37.9,0,8,final
2025-08-19,pranarom,fra,comment soigner une infection urinaire en 10 minutes,16.4,0,5,final
2025-08-20,pranarom,fra,comment soigner une infection urinaire en 10 minutes,75.2,0,4,final
2025-08-21,pranarom,fra,comment soigner une infection urinaire en 10 minutes,38.5,0,4,final
2025-08-22,pranarom,fra,comment soigner une infection urinaire en 10 minutes,35.6,0,7,final
2025-08-23,pranarom,fra,comment soigner une infection urinaire en 10 minutes,39.2,0,11,final
2025-08-24,pranarom,fra,comment soigner une infection urinaire en 10 minutes,28.3,0,6,final
2025-08-25,pranarom,fra,comment soigner une infection urinaire en 10 minutes,22,0,5,final
2025-08-26,pranarom,fra,comment soigner une infection urinaire en 10 minutes,15.6,0,7,final
2025-08-27,pranarom,fra,comment soigner une infection urinaire en 10 minutes,17.3,0,3,final
2025-08-28,pranarom,fra,comment soigner une infection urinaire en 10 minutes,22,0,5,final
2025-08-29,pranarom,fra,comment soigner une infection urinaire en 10 minutes,13.2,2,11,final
2025-08-30,pranarom,fra,comment soigner une infection urinaire en 10 minutes,18.2,2,14,final
2025-08-31,pranarom,fra,comment soigner une infection urinaire en 10 minutes,12.8,1,18,final
2025-09-01,pranarom,fra,comment soigner une infection urinaire en 10 minutes,17,0,19,final
2025-09-02,pranarom,fra,comment soigner une infection urinaire en 10 minutes,8.7,1,18,final
2025-09-03,pranarom,fra,comment soigner une infection urinaire en 10 minutes,8.7,0,14,final
2025-09-04,pranarom,fra,comment soigner une infection urinaire en 10 minutes,9.5,0,13,final
2025-09-05,pranarom,fra,comment soigner une infection urinaire en 10 minutes,21.2,1,5,final
2025-09-06,pranarom,fra,comment soigner une infection urinaire en 10 minutes,11.8,1,14,final
2025-09-07,pranarom,fra,comment soigner une infection urinaire en 10 minutes,30.6,0,5,final
2025-09-08,pranarom,fra,comment soigner une infection urinaire en 10 minutes,17.7,0,11,final
2025-09-09,pranarom,fra,comment soigner une infection urinaire en 10 minutes,11.6,0,18,final
2025-09-10,pranarom,fra,comment soigner une infection urinaire en 10 minutes,26.8,0,4,final
2025-09-11,pranarom,fra,comment soigner une infection urinaire en 10 minutes,22,0,4,final
2025-09-12,pranarom,fra,comment soigner une infection urinaire en 10 minutes,6.7,0,6,final
2025-09-13,pranarom,fra,comment soigner une infection urinaire en 10 minutes,9.7,0,3,final
2025-09-14,pranarom,fra,comment soigner une infection urinaire en 10 minutes,12.5,0,4,final
2025-09-15,pranarom,fra,comment soigner une infection urinaire en 10 minutes,16.7,0,3,final
2025-09-16,pranarom,fra,comment soigner une infection urinaire en 10 minutes,2,0,2,final
2025-09-17,pranarom,fra,comment soigner une infection urinaire en 10 minutes,29.8,0,4,final
2025-09-18,pranarom,fra,comment soigner une infection urinaire en 10 minutes,10.2,0,5,final
2025-09-19,pranarom,fra,comment soigner une infection urinaire en 10 minutes,2,0,7,final
2025-09-20,pranarom,fra,comment soigner une infection urinaire en 10 minutes,25,0,2,final
2025-09-21,pranarom,fra,comment soigner une infection urinaire en 10 minutes,4.9,0,10,final
2025-09-22,pranarom,fra,comment soigner une infection urinaire en 10 minutes,2,0,4,final
2025-09-23,pranarom,fra,comment soigner une infection urinaire en 10 minutes,9.7,0,7,final
2025-09-24,pranarom,fra,comment soigner une infection urinaire en 10 minutes,2,0,3,final
2025-09-25,pranarom,fra,comment soigner une infection urinaire en 10 minutes,11,0,5,final
2025-09-26,pranarom,fra,comment soigner une infection urinaire en 10 minutes,2,0,4,final
2025-09-27,pranarom,fra,comment soigner une infection urinaire en 10 minutes,10.6,0,5,final
2025-09-28,pranarom,fra,comment soigner une infection urinaire en 10 minutes,13.9,1,7,final
2025-09-29,pranarom,fra,comment soigner une infection urinaire en 10 minutes,3.3,0,9,final
2025-09-30,pranarom,fra,comment soigner une infection urinaire en 10 minutes,2,0,4,final
2025-10-01,pranarom,fra,comment soigner une infection urinaire en 10 minutes,4.8,0,4,final
2025-10-02,pranarom,fra,comment soigner une infection urinaire en 10 minutes,7.1,1,11,final
2025-10-03,pranarom,fra,comment soigner une infection urinaire en 10 minutes,11.9,0,7,final
2025-10-04,pranarom,fra,comment soigner une infection urinaire en 10 minutes,5.3,0,3,final
2025-10-05,pranarom,fra,comment soigner une infection urinaire en 10 minutes,9.4,0,7,final
2025-10-06,pranarom,fra,comment soigner une infection urinaire en 10 minutes,11,0,6,final
2025-10-07,pranarom,fra,comment soigner une infection urinaire en 10 minutes,5,0,4,final
2025-10-08,pranarom,fra,comment soigner une infection urinaire en 10 minutes,4.1,0,7,final
2025-10-09,pranarom,fra,comment soigner une infection urinaire en 10 minutes,8.6,0,5,final
2025-10-10,pranarom,fra,comment soigner une infection urinaire en 10 minutes,6.9,0,7,final
2025-10-11,pranarom,fra,comment soigner une infection urinaire en 10 minutes,4.2,0,5,final
2025-10-12,pranarom,fra,comment soigner une infection urinaire en 10 minutes,2,0,3,final
2025-10-13,pranarom,fra,comment soigner une infection urinaire en 10 minutes,2,0,3,final
2025-10-14,pranarom,fra,comment soigner une infection urinaire en 10 minutes,6.3,0,6,final
2025-10-15,pranarom,fra,comment soigner une infection urinaire en 10 minutes,2,0,10,final
2025-10-16,pranarom,fra,comment soigner une infection urinaire en 10 minutes,20.4,0,5,final
2025-10-17,pranarom,fra,comment soigner une infection urinaire en 10 minutes,3.6,0,7,final
2025-10-18,pranarom,fra,comment soigner une infection urinaire en 10 minutes,4.6,0,14,final
2025-10-19,pranarom,fra,comment soigner une infection urinaire en 10 minutes,14,1,6,final
2025-10-20,pranarom,fra,comment soigner une infection urinaire en 10 minutes,6,1,12,final
2025-10-21,pranarom,fra,comment soigner une infection urinaire en 10 minutes,3.2,0,9,final
2025-10-22,pranarom,fra,comment soigner une infection urinaire en 10 minutes,13.5,0,2,final
2025-10-23,pranarom,fra,comment soigner une infection urinaire en 10 minutes,26,1,3,final
2025-10-24,pranarom,fra,comment soigner une infection urinaire en 10 minutes,2,0,4,final
2025-10-25,pranarom,fra,comment soigner une infection urinaire en 10 minutes,9,0,2,final
2025-10-26,pranarom,fra,comment soigner une infection urinaire en 10 minutes,3.3,0,11,final
2025-10-27,pranarom,fra,comment soigner une infection urinaire en 10 minutes,3,0,10,final
2025-10-28,pranarom,fra,comment soigner une infection urinaire en 10 minutes,8.6,0,9,final
2025-10-29,pranarom,fra,comment soigner une infection urinaire en 10 minutes,4,0,5,final
2025-10-30,pranarom,fra,comment soigner une infection urinaire en 10 minutes,2,0,4,final
2025-10-31,pranarom,fra,comment soigner une infection urinaire en 10 minutes,4,0,10,final
2025-11-01,pranarom,fra,comment soigner une infection urinaire en 10 minutes,2,1,5,final
2025-11-02,pranarom,fra,comment soigner une infection urinaire en 10 minutes,5.9,0,8,final
2025-11-03,pranarom,fra,comment soigner une infection urinaire en 10 minutes,2,0,3,final
2025-11-04,pranarom,fra,comment soigner une infection urinaire en 10 minutes,3.4,0,7,final
2025-11-05,pranarom,fra,comment soigner une infection urinaire en 10 minutes,4.5,0,4,final
2025-11-06,pranarom,fra,comment soigner une infection urinaire en 10 minutes,2,0,1,final
2025-11-07,pranarom,fra,comment soigner une infection urinaire en 10 minutes,2,1,3,final
2025-11-08,pranarom,fra,comment soigner une infection urinaire en 10 minutes,2,0,6,final
2025-11-09,pranarom,fra,comment soigner une infection urinaire en 10 minutes,2,0,4,final
2025-11-10,pranarom,fra,comment soigner une infection urinaire en 10 minutes,10.6,0,5,final
2025-11-11,pranarom,fra,comment soigner une infection urinaire en 10 minutes,6.6,1,12,final
2025-11-12,pranarom,fra,comment soigner une infection urinaire en 10 minutes,17.7,0,6,final
2025-11-13,pranarom,fra,comment soigner une infection urinaire en 10 minutes,2,0,3,final
2025-11-14,pranarom,fra,comment soigner une infection urinaire en 10 minutes,2,1,6,final
2025-11-15,pranarom,fra,comment soigner une infection urinaire en 10 minutes,2,5,61,final
2025-11-16,pranarom,fra,comment soigner une infection urinaire en 10 minutes,2,2,86,final
2025-11-17,pranarom,fra,comment soigner une infection urinaire en 10 minutes,2,1,57,final
2025-11-18,pranarom,fra,comment soigner une infection urinaire en 10 minutes,2,5,71,final
2025-11-19,pranarom,fra,comment soigner une infection urinaire en 10 minutes,2,2,67,final
2025-11-20,pranarom,fra,comment soigner une infection urinaire en 10 minutes,2,2,79,final
2025-11-21,pranarom,fra,comment soigner une infection urinaire en 10 minutes,2,1,53,final
2025-11-22,pranarom,fra,comment soigner une infection urinaire en 10 minutes,2.8,1,65,final
2025-11-23,pranarom,fra,comment soigner une infection urinaire en 10 minutes,2,0,71,final
2025-11-24,pranarom,fra,comment soigner une infection urinaire en 10 minutes,2,2,72,final
2025-11-25,pranarom,fra,comment soigner une infection urinaire en 10 minutes,2.6,3,80,final
2025-11-26,pranarom,fra,comment soigner une infection urinaire en 10 minutes,2,0,61,final
2025-11-27,pranarom,fra,comment soigner une infection urinaire en 10 minutes,2,1,53,final
2025-11-28,pranarom,fra,comment soigner une infection urinaire en 10 minutes,2.0,1,60,final
2025-11-29,pranarom,fra,comment soigner une infection urinaire en 10 minutes,2,2,53,final
2025-11-30,pranarom,fra,comment soigner une infection urinaire en 10 minutes,2.8,0,53,final
2025-12-01,pranarom,fra,comment soigner une infection urinaire en 10 minutes,2.7,1,64,final
2025-12-02,pranarom,fra,comment soigner une infection urinaire en 10 minutes,2.8,1,58,final
2025-12-03,pranarom,fra,comment soigner une infection urinaire en 10 minutes,2,4,73,final
2025-12-04,pranarom,fra,comment soigner une infection urinaire en 10 minutes,2,3,59,final
2025-12-05,pranarom,fra,comment soigner une infection urinaire en 10 minutes,3.1,1,46,final
2025-12-06,pranarom,fra,comment soigner une infection urinaire en 10 minutes,2.6,2,79,final
2025-12-07,pranarom,fra,comment soigner une infection urinaire en 10 minutes,2.6,2,75,final
2025-12-08,pranarom,fra,comment soigner une infection urinaire en 10 minutes,3.0,1,82,final
2025-12-09,pranarom,fra,comment soigner une infection urinaire en 10 minutes,3.2,1,35,final
2025-12-10,pranarom,fra,comment soigner une infection urinaire en 10 minutes,7.2,0,8,final
2025-12-11,pranarom,fra,comment soigner une infection urinaire en 10 minutes,7.9,0,7,final
2025-12-12,pranarom,fra,comment soigner une infection urinaire en 10 minutes,6.2,0,4,final
2025-12-13,pranarom,fra,comment soigner une infection urinaire en 10 minutes,9.9,0,11,final
2025-12-14,pranarom,fra,comment soigner une infection urinaire en 10 minutes,2,0,46,final
2025-12-15,pranarom,fra,comment soigner une infection urinaire en 10 minutes,3.0,3,79,final
2025-12-16,pranarom,fra,comment soigner une infection urinaire en 10 minutes,3.2,2,71,final
2025-12-17,pranarom,fra,comment soigner une infection urinaire en 10 minutes,3.1,2,54,final
2025-12-18,pranarom,fra,comment soigner une infection urinaire en 10 minutes,4.1,0,21,final
2025-12-19,pranarom,fra,comment soigner une infection urinaire en 10 minutes,11.2,0,5,final
2025-12-20,pranarom,fra,comment soigner une infection urinaire en 10 minutes,16.7,0,6,final
2025-12-21,pranarom,fra,comment soigner une infection urinaire en 10 minutes,2,2,43,final
2025-12-22,pranarom,fra,comment soigner une infection urinaire en 10 minutes,2,2,52,final
2025-12-23,pranarom,fra,comment soigner une infection urinaire en 10 minutes,2,1,60,final
2025-12-24,pranarom,fra,comment soigner une infection urinaire en 10 minutes,3.4,0,28,final
2025-12-25,pranarom,fra,comment soigner une infection urinaire en 10 minutes,2,1,51,final
2025-12-26,pranarom,fra,comment soigner une infection urinaire en 10 minutes,3.6,2,76,final
2025-12-27,pranarom,fra,comment soigner une infection urinaire en 10 minutes,3.8,2,66,final
2025-12-28,pranarom,fra,comment soigner une infection urinaire en 10 minutes,2.4,4,81,final
2025-12-29,pranarom,fra,comment soigner une infection urinaire en 10 minutes,2,1,71,final
2025-12-30,pranarom,fra,comment soigner une infection urinaire en 10 minutes,2,3,72,final
2025-12-31,pranarom,fra,comment soigner une infection urinaire en 10 minutes,2,0,53,final
2026-01-01,pranarom,fra,comment soigner une infection urinaire en 10 minutes,2.7,4,69,final
2026-01-02,pranarom,fra,comment soigner une infection urinaire en 10 minutes,2,3,67,final
2026-01-03,pranarom,fra,comment soigner une infection urinaire en 10 minutes,3.4,2,84,final
2026-01-04,pranarom,fra,comment soigner une infection urinaire en 10 minutes,2.5,2,81,final
2026-01-05,pranarom,fra,comment soigner une infection urinaire en 10 minutes,2,0,43,final
2026-01-06,pranarom,fra,comment soigner une infection urinaire en 10 minutes,2,0,6,final
2026-01-07,pranarom,fra,comment soigner une infection urinaire en 10 minutes,6.4,0,9,final
2026-01-08,pranarom,fra,comment soigner une infection urinaire en 10 minutes,2,0,2,final
2026-01-09,pranarom,fra,comment soigner une infection urinaire en 10 minutes,6.4,0,19,final
2026-01-10,pranarom,fra,comment soigner une infection urinaire en 10 minutes,6.0,0,30,final
2026-01-11,pranarom,fra,comment soigner une infection urinaire en 10 minutes,3.0,0,42,final
2026-01-12,pranarom,fra,comment soigner une infection urinaire en 10 minutes,4.0,1,42,final
2026-01-13,pranarom,fra,comment soigner une infection urinaire en 10 minutes,2,0,16,final
2026-01-14,pranarom,fra,comment soigner une infection urinaire en 10 minutes,2,0,7,final
2026-01-15,pranarom,fra,comment soigner une infection urinaire en 10 minutes,2,0,5,final
2026-01-16,pranarom,fra,comment soigner une infection urinaire en 10 minutes,7.8,0,6,final
2026-01-17,pranarom,fra,comment soigner une infection urinaire en 10 minutes,11.5,0,12,final
2026-01-18,pranarom,fra,comment soigner une infection urinaire en 10 minutes,2,0,17,final
2026-01-19,pranarom,fra,comment soigner une infection urinaire en 10 minutes,2.8,2,43,final
2026-01-20,pranarom,fra,comment soigner une infection urinaire en 10 minutes,2,1,14,final
2026-01-21,pranarom,fra,comment soigner une infection urinaire en 10 minutes,3.4,0,18,final
2026-01-22,pranarom,fra,comment soigner une infection urinaire en 10 minutes,4.9,0,10,final
2026-01-23,pranarom,fra,comment soigner une infection urinaire en 10 minutes,4.3,0,16,final
2026-01-24,pranarom,fra,comment soigner une infection urinaire en 10 minutes,3.6,0,16,final
2026-01-25,pranarom,fra,comment soigner une infection urinaire en 10 minutes,2,1,11,final
2026-01-26,pranarom,fra,comment soigner une infection urinaire en 10 minutes,3.8,0,16,final
2026-01-27,pranarom,fra,comment soigner une infection urinaire en 10 minutes,11.1,2,19,final
2026-01-28,pranarom,fra,comment soigner une infection urinaire en 10 minutes,2,0,15,final
2026-01-29,pranarom,fra,comment soigner une infection urinaire en 10 minutes,4.5,0,14,final
2026-01-30,pranarom,fra,comment soigner une infection urinaire en 10 minutes,2,0,11,final
2026-01-31,pranarom,fra,comment soigner une infection urinaire en 10 minutes,10.4,0,22,final
2026-02-01,pranarom,fra,comment soigner une infection urinaire en 10 minutes,5.0,0,21,final
2026-02-02,pranarom,fra,comment soigner une infection urinaire en 10 minutes,2,0,22,final
2026-02-03,pranarom,fra,comment soigner une infection urinaire en 10 minutes,2,1,13,final
2026-02-04,pranarom,fra,comment soigner une infection urinaire en 10 minutes,2,1,19,final
2026-02-05,pranarom,fra,comment soigner une infection urinaire en 10 minutes,9.1,0,9,final
2026-02-06,pranarom,fra,comment soigner une infection urinaire en 10 minutes,5.5,0,13,final
2026-02-07,pranarom,fra,comment soigner une infection urinaire en 10 minutes,12.3,0,12,final
2026-02-08,pranarom,fra,comment soigner une infection urinaire en 10 minutes,13.4,0,11,final
2026-02-09,pranarom,fra,comment soigner une infection urinaire en 10 minutes,2,0,7,final
2026-02-10,pranarom,fra,comment soigner une infection urinaire en 10 minutes,5.6,0,7,final
2026-02-11,pranarom,fra,comment soigner une infection urinaire en 10 minutes,3.8,1,15,final
2026-02-12,pranarom,fra,comment soigner une infection urinaire en 10 minutes,4.6,0,10,final
2026-02-13,pranarom,fra,comment soigner une infection urinaire en 10 minutes,9.1,0,13,final
2026-02-14,pranarom,fra,comment soigner une infection urinaire en 10 minutes,3.3,0,23,final
2026-02-15,pranarom,fra,comment soigner une infection urinaire en 10 minutes,7.4,0,37,final
2026-02-16,pranarom,fra,comment soigner une infection urinaire en 10 minutes,10.7,0,52,final
2026-02-17,pranarom,fra,comment soigner une infection urinaire en 10 minutes,9.2,0,19,final
2026-02-18,pranarom,fra,comment soigner une infection urinaire en 10 minutes,8.6,0,74,final
2026-02-19,pranarom,fra,comment soigner une infection urinaire en 10 minutes,7.5,2,74,final
2026-02-20,pranarom,fra,comment soigner une infection urinaire en 10 minutes,9.1,0,37,final
2026-02-21,pranarom,fra,comment soigner une infection urinaire en 10 minutes,8.8,0,23,final
2026-02-22,pranarom,fra,comment soigner une infection urinaire en 10 minutes,3.9,1,60,final
2026-02-23,pranarom,fra,comment soigner une infection urinaire en 10 minutes,2.3,4,28,final
2026-02-24,pranarom,fra,comment soigner une infection urinaire en 10 minutes,4.9,1,29,final
2026-02-25,pranarom,fra,comment soigner une infection urinaire en 10 minutes,6.9,1,27,final
2026-02-26,pranarom,fra,comment soigner une infection urinaire en 10 minutes,3.4,0,16,final
2026-02-27,pranarom,fra,comment soigner une infection urinaire en 10 minutes,8.4,0,68,final
2026-02-28,pranarom,fra,comment soigner une infection urinaire en 10 minutes,7.4,0,20,final
2026-03-01,pranarom,fra,comment soigner une infection urinaire en 10 minutes,3.2,2,20,final
2026-03-02,pranarom,fra,comment soigner une infection urinaire en 10 minutes,4.2,0,22,final
2026-03-03,pranarom,fra,comment soigner une infection urinaire en 10 minutes,4.6,0,18,final
2026-03-04,pranarom,fra,comment soigner une infection urinaire en 10 minutes,5.1,1,17,final
2026-03-05,pranarom,fra,comment soigner une infection urinaire en 10 minutes,2,0,3,final
2026-03-06,pranarom,fra,comment soigner une infection urinaire en 10 minutes,2.7,0,7,final
2026-03-07,pranarom,fra,comment soigner une infection urinaire en 10 minutes,15.7,0,12,final
2026-03-08,pranarom,fra,comment soigner une infection urinaire en 10 minutes,2,0,13,final
2026-03-09,pranarom,fra,comment soigner une infection urinaire en 10 minutes,4.5,1,20,final
2026-03-10,pranarom,fra,comment soigner une infection urinaire en 10 minutes,23.7,0,3,final
2026-03-11,pranarom,fra,comment soigner une infection urinaire en 10 minutes,7.7,1,11,final
2026-03-12,pranarom,fra,comment soigner une infection urinaire en 10 minutes,2,0,2,final
2026-03-13,pranarom,fra,comment soigner une infection urinaire en 10 minutes,9.2,0,63,final
2026-03-14,pranarom,fra,comment soigner une infection urinaire en 10 minutes,6.5,1,4,final
2026-03-15,pranarom,fra,comment soigner une infection urinaire en 10 minutes,4.7,0,3,final
2026-03-16,pranarom,fra,comment soigner une infection urinaire en 10 minutes,2,1,3,final
2026-03-17,pranarom,fra,comment soigner une infection urinaire en 10 minutes,2,0,9,final
2026-03-18,pranarom,fra,comment soigner une infection urinaire en 10 minutes,9.7,0,3,final
2026-03-19,pranarom,fra,comment soigner une infection urinaire en 10 minutes,4.4,0,9,final
2026-03-20,pranarom,fra,comment soigner une infection urinaire en 10 minutes,4.1,0,8,final
2026-03-21,pranarom,fra,comment soigner une infection urinaire en 10 minutes,5.5,1,24,final
2026-03-22,pranarom,fra,comment soigner une infection urinaire en 10 minutes,2,0,14,final
2026-03-23,pranarom,fra,comment soigner une infection urinaire en 10 minutes,6,0,12,final
2026-03-24,pranarom,fra,comment soigner une infection urinaire en 10 minutes,2,0,15,final
2026-03-25,pranarom,fra,comment soigner une infection urinaire en 10 minutes,4.5,0,16,final
2026-03-26,pranarom,fra,comment soigner une infection urinaire en 10 minutes,3.8,0,20,final
2026-03-27,pranarom,fra,comment soigner une infection urinaire en 10 minutes,3.4,0,20,final
2026-03-28,pranarom,fra,comment soigner une infection urinaire en 10 minutes,1.9,0,20,final
2026-03-29,pranarom,fra,comment soigner une infection urinaire en 10 minutes,3.2,0,12,final
2026-03-30,pranarom,fra,comment soigner une infection urinaire en 10 minutes,3.0,0,24,final
2026-03-31,pranarom,fra,comment soigner une infection urinaire en 10 minutes,2,0,17,final
2026-04-01,pranarom,fra,comment soigner une infection urinaire en 10 minutes,3.2,0,18,final
2026-04-02,pranarom,fra,comment soigner une infection urinaire en 10 minutes,3.2,1,17,final
2026-04-03,pranarom,fra,comment soigner une infection urinaire en 10 minutes,3.2,0,12,final
2026-04-04,pranarom,fra,comment soigner une infection urinaire en 10 minutes,2.8,1,19,final
2026-04-05,pranarom,fra,comment soigner une infection urinaire en 10 minutes,2,0,13,final
2026-04-06,pranarom,fra,comment soigner une infection urinaire en 10 minutes,2.8,0,11,final
2026-04-07,pranarom,fra,comment soigner une infection urinaire en 10 minutes,2.7,0,13,final
2026-04-08,pranarom,fra,comment soigner une infection urinaire en 10 minutes,3.6,1,9,final
2026-04-09,pranarom,fra,comment soigner une infection urinaire en 10 minutes,3.6,1,12,final
2026-04-10,pranarom,fra,comment soigner une infection urinaire en 10 minutes,3.1,0,19,final
2026-04-11,pranarom,fra,comment soigner une infection urinaire en 10 minutes,4.3,0,15,final
2026-04-12,pranarom,fra,comment soigner une infection urinaire en 10 minutes,5.5,0,13,final
2026-04-13,pranarom,fra,comment soigner une infection urinaire en 10 minutes,2,1,7,final
2026-04-14,pranarom,fra,comment soigner une infection urinaire en 10 minutes,5.2,2,11,final
2026-04-15,pranarom,fra,comment soigner une infection urinaire en 10 minutes,3.6,0,9,final
2026-04-16,pranarom,fra,comment soigner une infection urinaire en 10 minutes,7.4,0,5,final
2026-04-17,pranarom,fra,comment soigner une infection urinaire en 10 minutes,2,0,6,final
2026-04-18,pranarom,fra,comment soigner une infection urinaire en 10 minutes,13.2,0,4,final
2026-04-19,pranarom,fra,comment soigner une infection urinaire en 10 minutes,2,0,2,final
2026-04-20,pranarom,fra,comment soigner une infection urinaire en 10 minutes,5.7,0,19,final
2026-04-21,pranarom,fra,comment soigner une infection urinaire en 10 minutes,13,0,1,final
2026-04-22,pranarom,fra,comment soigner une infection urinaire en 10 minutes,7,0,3,final
2026-04-23,pranarom,fra,comment soigner une infection urinaire en 10 minutes,3.3,2,21,final
2026-04-24,pranarom,fra,comment soigner une infection urinaire en 10 minutes,4.1,0,13,final
2026-04-25,pranarom,fra,comment soigner une infection urinaire en 10 minutes,4.3,0,19,final
2026-04-26,pranarom,fra,comment soigner une infection urinaire en 10 minutes,2.9,1,48,final
2026-04-27,pranarom,fra,comment soigner une infection urinaire en 10 minutes,3.1,0,9,final
2026-04-28,pranarom,fra,comment soigner une infection urinaire en 10 minutes,13,0,9,final
2026-04-29,pranarom,fra,comment soigner une infection urinaire en 10 minutes,4.2,0,14,final
2026-04-30,pranarom,fra,comment soigner une infection urinaire en 10 minutes,4.3,0,7,final
2026-05-01,pranarom,fra,comment soigner une infection urinaire en 10 minutes,3.9,1,14,final
2026-05-02,pranarom,fra,comment soigner une infection urinaire en 10 minutes,5.5,0,20,final
2026-05-03,pranarom,fra,comment soigner une infection urinaire en 10 minutes,4.2,1,24,final
2026-05-04,pranarom,fra,comment soigner une infection urinaire en 10 minutes,3.6,1,20,final
2026-05-05,pranarom,fra,comment soigner une infection urinaire en 10 minutes,4.8,0,22,final
2026-05-06,pranarom,fra,comment soigner une infection urinaire en 10 minutes,2.6,1,19,final
2026-05-07,pranarom,fra,comment soigner une infection urinaire en 10 minutes,3.9,0,7,final
2026-05-08,pranarom,fra,comment soigner une infection urinaire en 10 minutes,5.5,1,23,final
2026-05-09,pranarom,fra,comment soigner une infection urinaire en 10 minutes,4.3,0,15,final
2026-05-10,pranarom,fra,comment soigner une infection urinaire en 10 minutes,2.4,1,27,final
2026-05-11,pranarom,fra,comment soigner une infection urinaire en 10 minutes,2.8,0,18,final
2026-05-12,pranarom,fra,comment soigner une infection urinaire en 10 minutes,5.3,0,22,final
2026-05-13,pranarom,fra,comment soigner une infection urinaire en 10 minutes,3.7,0,19,final
2026-05-14,pranarom,fra,comment soigner une infection urinaire en 10 minutes,2,0,28,final
2026-05-15,pranarom,fra,comment soigner une infection urinaire en 10 minutes,6.5,0,38,final
2026-05-16,pranarom,fra,comment soigner une infection urinaire en 10 minutes,7.4,3,34,final
2026-05-17,pranarom,fra,comment soigner une infection urinaire en 10 minutes,2.7,0,21,final
2026-05-18,pranarom,fra,comment soigner une infection urinaire en 10 minutes,4.4,0,17,final
2026-05-20,pranarom,fra,comment soigner une infection urinaire en 10 minutes,5,0,4,final
2026-05-21,pranarom,fra,comment soigner une infection urinaire en 10 minutes,2,0,3,final
2026-05-22,pranarom,fra,comment soigner une infection urinaire en 10 minutes,15.5,0,4,final
2026-05-23,pranarom,fra,comment soigner une infection urinaire en 10 minutes,15,0,3,final
2026-05-24,pranarom,fra,comment soigner une infection urinaire en 10 minutes,7.7,0,3,final
2026-05-25,pranarom,fra,comment soigner une infection urinaire en 10 minutes,2,0,1,final
2026-05-26,pranarom,fra,comment soigner une infection urinaire en 10 minutes,14.4,0,5,final
2026-05-27,pranarom,fra,comment soigner une infection urinaire en 10 minutes,12.5,0,6,final
2026-05-28,pranarom,fra,comment soigner une infection urinaire en 10 minutes,7.2,0,45,final
2026-05-29,pranarom,fra,comment soigner une infection urinaire en 10 minutes,6.4,0,157,final
2026-05-30,pranarom,fra,comment soigner une infection urinaire en 10 minutes,6.4,1,153,final
2026-05-31,pranarom,fra,comment soigner une infection urinaire en 10 minutes,6.0,1,160,final
2026-06-01,pranarom,fra,comment soigner une infection urinaire en 10 minutes,6.0,1,162,final
2026-06-02,pranarom,fra,comment soigner une infection urinaire en 10 minutes,6.7,3,158,final
2026-06-03,pranarom,fra,comment soigner une infection urinaire en 10 minutes,7.7,1,176,final
2026-06-04,pranarom,fra,comment soigner une infection urinaire en 10 minutes,8.0,2,136,final
2026-06-05,pranarom,fra,comment soigner une infection urinaire en 10 minutes,6.3,1,132,final
2026-06-06,pranarom,fra,comment soigner une infection urinaire en 10 minutes,6.5,0,145,final
2026-06-07,pranarom,fra,comment soigner une infection urinaire en 10 minutes,6.4,0,128,final
2026-06-08,pranarom,fra,comment soigner une infection urinaire en 10 minutes,6.3,0,152,final
2026-06-09,pranarom,fra,comment soigner une infection urinaire en 10 minutes,6.6,0,166,final
2026-06-10,pranarom,fra,comment soigner une infection urinaire en 10 minutes,6.6,1,148,final
2026-06-11,pranarom,fra,comment soigner une infection urinaire en 10 minutes,6.1,0,164,final
2026-06-12,pranarom,fra,comment soigner une infection urinaire en 10 minutes,4.7,3,151,final
2026-06-13,pranarom,fra,comment soigner une infection urinaire en 10 minutes,4.9,1,158,final
2026-06-14,pranarom,fra,comment soigner une infection urinaire en 10 minutes,4.8,4,192,final
2026-06-15,pranarom,fra,comment soigner une infection urinaire en 10 minutes,4.9,3,182,final
2026-06-16,pranarom,fra,comment soigner une infection urinaire en 10 minutes,4.8,2,153,final
2026-06-17,pranarom,fra,comment soigner une infection urinaire en 10 minutes,5.1,1,162,final
2026-06-18,pranarom,fra,comment soigner une infection urinaire en 10 minutes,4.8,2,177,final
2026-06-19,pranarom,fra,comment soigner une infection urinaire en 10 minutes,4.1,0,141,final
2026-06-20,pranarom,fra,comment soigner une infection urinaire en 10 minutes,4.9,1,152,final
2026-06-21,pranarom,fra,comment soigner une infection urinaire en 10 minutes,4.4,2,150,final
2026-06-22,pranarom,fra,comment soigner une infection urinaire en 10 minutes,4.3,1,141,final
2026-06-23,pranarom,fra,comment soigner une infection urinaire en 10 minutes,4.4,1,140,final
2026-06-24,pranarom,fra,comment soigner une infection urinaire en 10 minutes,4.0,2,124,final
2026-06-25,pranarom,fra,comment soigner une infection urinaire en 10 minutes,3.2,4,128,final
2026-06-26,pranarom,fra,comment soigner une infection urinaire en 10 minutes,3.0,2,150,final
2026-06-27,pranarom,fra,comment soigner une infection urinaire en 10 minutes,2.5,3,180,final
2026-06-28,pranarom,fra,comment soigner une infection urinaire en 10 minutes,1.8,11,205,final
2026-06-29,pranarom,fra,comment soigner une infection urinaire en 10 minutes,3.2,2,184,final
2026-06-30,pranarom,fra,comment soigner une infection urinaire en 10 minutes,4.5,1,171,final
2026-07-01,pranarom,fra,comment soigner une infection urinaire en 10 minutes,4.4,0,195,final
2026-07-02,pranarom,fra,comment soigner une infection urinaire en 10 minutes,4.5,3,183,final
2026-07-03,pranarom,fra,comment soigner une infection urinaire en 10 minutes,4.4,2,149,final
2026-07-04,pranarom,fra,comment soigner une infection urinaire en 10 minutes,4.8,0,172,final
2026-07-05,pranarom,fra,comment soigner une infection urinaire en 10 minutes,4.3,2,210,final
2026-07-06,pranarom,fra,comment soigner une infection urinaire en 10 minutes,4.4,2,201,final
2026-07-07,pranarom,fra,comment soigner une infection urinaire en 10 minutes,4.3,1,190,final
2026-07-08,pranarom,fra,comment soigner une infection urinaire en 10 minutes,4.4,2,160,final
2026-07-09,pranarom,fra,comment soigner une infection urinaire en 10 minutes,4.5,3,155,final
2026-07-10,pranarom,fra,comment soigner une infection urinaire en 10 minutes,4.0,3,181,final
2026-07-11,pranarom,fra,comment soigner une infection urinaire en 10 minutes,4.6,2,185,final
2026-07-12,pranarom,fra,comment soigner une infection urinaire en 10 minutes,4.8,0,184,final
2026-07-13,pranarom,fra,comment soigner une infection urinaire en 10 minutes,4.1,3,225,final
2026-07-14,pranarom,fra,comment soigner une infection urinaire en 10 minutes,4.4,2,222,final
2026-07-15,pranarom,fra,comment soigner une infection urinaire en 10 minutes,4.3,3,203,final
2026-07-16,pranarom,fra,comment soigner une infection urinaire en 10 minutes,4.3,3,181,final
2026-07-17,pranarom,fra,comment soigner une infection urinaire en 10 minutes,4.4,0,192,final
2026-07-18,pranarom,fra,comment soigner une infection urinaire en 10 minutes,4.8,1,174,final
2026-07-19,pranarom,fra,comment soigner une infection urinaire en 10 minutes,4.4,6,192,final
2026-07-20,pranarom,fra,comment soigner une infection urinaire en 10 minutes,4.5,1,199,final
2026-07-21,pranarom,fra,comment soigner une infection urinaire en 10 minutes,4.6,3,170,final
2026-07-22,pranarom,fra,comment soigner une infection urinaire en 10 minutes,4.8,3,217,final
2026-07-23,pranarom,fra,comment soigner une infection urinaire en 10 minutes,4.6,0,215,final
2026-07-24,pranarom,fra,comment soigner une infection urinaire en 10 minutes,4.5,1,194,final
2026-07-25,pranarom,fra,comment soigner une infection urinaire en 10 minutes,4.4,0,195,final
2026-07-26,pranarom,fra,comment soigner une infection urinaire en 10 minutes,4.3,2,196,final
2026-07-27,pranarom,fra,comment soigner une infection urinaire en 10 minutes,4.3,0,210,final
2026-07-28,pranarom,fra,comment soigner une infection urinaire en 10 minutes,4.3,3,202,final
2026-07-29,pranarom,fra,comment soigner une infection urinaire en 10 minutes,4.3,3,197,final
2026-07-30,pranarom,fra,comment soigner une infection urinaire en 10 minutes,4.1,3,192,final
2026-07-31,pranarom,fra,comment soigner une infection urinaire en 10 minutes,4.4,2,182,final
2026-08-01,pranarom,fra,comment soigner une infection urinaire en 10 minutes,4.6,4,212,final
2026-08-02,pranarom,fra,comment soigner une infection urinaire en 10 minutes,4.2,1,203,final
2026-08-03,pranarom,fra,comment soigner une infection urinaire en 10 minutes,3.4,2,203,final
2026-08-04,pranarom,fra,comment soigner une infection urinaire en 10 minutes,4.7,5,202,final
2026-08-05,pranarom,fra,comment soigner une infection urinaire en 10 minutes,4.3,1,218,final
2026-08-06,pranarom,fra,comment soigner une infection urinaire en 10 minutes,4.0,4,181,final
2026-08-07,pranarom,fra,comment soigner une infection urinaire en 10 minutes,2.9,6,176,final
2026-08-08,pranarom,fra,comment soigner une infection urinaire en 10 minutes,4.5,1,196,final
2026-08-09,pranarom,fra,comment soigner une infection urinaire en 10 minutes,4.2,2,200,final
2026-08-10,pranarom,fra,comment soigner une infection urinaire en 10 minutes,3.9,5,204,final
2026-08-11,pranarom,fra,comment soigner une infection urinaire en 10 minutes,3.9,4,205,final
2026-08-12,pranarom,fra,comment soigner une infection urinaire en 10 minutes,3.9,2,212,final
2026-08-13,pranarom,fra,comment soigner une infection urinaire en 10 minutes,4.3,4,215,final
2026-08-14,pranarom,fra,comment soigner une infection urinaire en 10 minutes,4.6,3,185,final
2026-08-15,pranarom,fra,comment soigner une infection urinaire en 10 minutes,4.6,1,197,final
2026-08-16,pranarom,fra,comment soigner une infection urinaire en 10 minutes,4.4,5,205,final
2026-08-17,pranarom,fra,comment soigner une infection urinaire en 10 minutes,4.5,5,175,final
2026-08-18,pranarom,fra,comment soigner une infection urinaire en 10 minutes,4.1,3,208,final
2026-08-19,pranarom,fra,comment soigner une infection urinaire en 10 minutes,2.8,11,194,final
2026-08-20,pranarom,fra,comment soigner une infection urinaire en 10 minutes,2.8,13,220,final
2026-08-21,pranarom,fra,comment soigner une infection urinaire en 10 minutes,4.1,3,216,final
2026-08-22,pranarom,fra,comment soigner une infection urinaire en 10 minutes,4.0,5,182,final
2026-08-23,pranarom,fra,comment soigner une infection urinaire en 10 minutes,3.3,6,214,final
2026-08-24,pranarom,fra,comment soigner une infection urinaire en 10 minutes,3.1,5,182,final
2026-08-25,pranarom,fra,comment soigner une infection urinaire en 10 minutes,3.9,4,194,final
2026-08-26,pranarom,fra,comment soigner une infection urinaire en 10 minutes,3.4,2,158,final
2026-08-27,pranarom,fra,comment soigner une infection urinaire en 10 minutes,3.2,2,178,final
2026-08-28,pranarom,fra,comment soigner une infection urinaire en 10 minutes,3.5,3,160,final
2026-08-29,pranarom,fra,comment soigner une infection urinaire en 10 minutes,3.8,2,193,final
2026-08-30,pranarom,fra,comment soigner une infection urinaire en 10 minutes,2.6,7,178,final
2026-08-31,pranarom,fra,comment soigner une infection urinaire en 10 minutes,3.5,4,184,final
2026-09-01,pranarom,fra,comment soigner une infection urinaire en 10 minutes,2.8,3,161,final
2026-09-02,pranarom,fra,comment soigner une infection urinaire en 10 minutes,3.2,4,173,final
2026-09-03,pranarom,fra,comment soigner une infection urinaire en 10 minutes,4.0,1,195,final
2026-09-04,pranarom,fra,comment soigner une infection urinaire en 10 minutes,3.2,3,173,final
2026-09-05,pranarom,fra,comment soigner une infection urinaire en 10 minutes,3.7,3,192,final
2026-09-06,pranarom,fra,comment soigner une infection urinaire en 10 minutes,3.7,4,187,final
2026-09-07,pranarom,fra,comment soigner une infection urinaire en 10 minutes,2.7,3,174,final
2026-09-08,pranarom,fra,comment soigner une infection urinaire en 10 minutes,4.0,1,170,final
2026-09-09,pranarom,fra,comment soigner une infection urinaire en 10 minutes,3.8,2,163,final
2026-09-10,pranarom,fra,comment soigner une infection urinaire en 10 minutes,3.3,5,182,final
2026-09-11,pranarom,fra,comment soigner une infection urinaire en 10 minutes,2.7,7,175,final
2026-09-12,pranarom,fra,comment soigner une infection urinaire en 10 minutes,4.2,4,172,final
2026-09-13,pranarom,fra,comment soigner une infection urinaire en 10 minutes,4,3,188,final
2026-09-14,pranarom,fra,comment soigner une infection urinaire en 10 minutes,3.5,4,168,final
2026-09-15,pranarom,fra,comment soigner une infection urinaire en 10 minutes,2.8,7,181,final
2026-09-16,pranarom,fra,comment soigner une infection urinaire en 10 minutes,2.7,5,158,final
2026-09-17,pranarom,fra,comment soigner une infection urinaire en 10 minutes,3.0,4,184,final
2026-09-18,pranarom,fra,comment soigner une infection urinaire en 10 minutes,4.4,2,160,final
2026-09-19,pranarom,fra,comment soigner une infection urinaire en 10 minutes,5.0,1,147,final
2026-09-20,pranarom,fra,comment soigner une infection urinaire en 10 minutes,3.5,6,174,final
2026-09-21,pranarom,fra,comment soigner une infection urinaire en 10 minutes,4.6,4,197,final
2026-09-22,pranarom,fra,comment soigner une infection urinaire en 10 minutes,4.7,4,183,final
2026-09-23,pranarom,fra,comment soigner une infection urinaire en 10 minutes,4.6,4,198,final
2026-09-24,pranarom,fra,comment soigner une infection urinaire en 10 minutes,2.9,4,143,final
2026-09-25,pranarom,fra,comment soigner une infection urinaire en 10 minutes,3.4,4,138,final
2026-09-26,pranarom,fra,comment soigner une infection urinaire en 10 minutes,3.7,9,178,final
2026-09-27,pranarom,fra,comment soigner une infection urinaire en 10 minutes,3.4,5,195,final
2026-09-28,pranarom,fra,comment soigner une infection urinaire en 10 minutes,4.0,3,194,final
2026-09-29,pranarom,fra,comment soigner une infection urinaire en 10 minutes,4.0,4,186,final
2026-09-30,pranarom,fra,comment soigner une infection urinaire en 10 minutes,4.0,4,154,final
2026-10-01,pranarom,fra,comment soigner une infection urinaire en 10 minutes,3.1,8,162,fresh
2026-10-02,pranarom,fra,comment soigner une infection urinaire en 10 minutes,3.7,2,148,fresh
2025-06-10,pranarom,fra,copaiba huile essentielle,1,0,1,final
2025-06-12,pranarom,fra,copaiba huile essentielle,1,0,1,final
2025-06-13,pranarom,fra,copaiba huile essentielle,1.7,0,3,final
2025-06-14,pranarom,fra,copaiba huile essentielle,1,1,3,final
2025-06-15,pranarom,fra,copaiba huile essentielle,1,1,3,final
2025-06-16,pranarom,fra,copaiba huile essentielle,1,1,2,final
2025-06-17,pranarom,fra,copaiba huile essentielle,1.2,0,13,final
2025-06-18,pranarom,fra,copaiba huile essentielle,1,0,1,final
2025-06-19,pranarom,fra,copaiba huile essentielle,1,0,7,final
2025-06-20,pranarom,fra,copaiba huile essentielle,1,1,6,final
2025-06-21,pranarom,fra,copaiba huile essentielle,1.5,0,4,final
2025-06-22,pranarom,fra,copaiba huile essentielle,1,1,5,final
2025-06-23,pranarom,fra,copaiba huile essentielle,1,1,3,final
2025-06-24,pranarom,fra,copaiba huile essentielle,1.2,1,5,final
2025-06-25,pranarom,fra,copaiba huile essentielle,1,2,9,final
2025-06-26,pranarom,fra,copaiba huile essentielle,1,2,6,final
2025-06-27,pranarom,fra,copaiba huile essentielle,1.4,0,5,final
2025-06-28,pranarom,fra,copaiba huile essentielle,1,2,3,final
2025-06-29,pranarom,fra,copaiba huile essentielle,1,1,4,final
2025-06-30,pranarom,fra,copaiba huile essentielle,1,1,2,final
2025-07-01,pranarom,fra,copaiba huile essentielle,1,2,4,final
2025-07-02,pranarom,fra,copaiba huile essentielle,1.5,1,4,final
2025-07-03,pranarom,fra,copaiba huile essentielle,1,0,8,final
2025-07-04,pranarom,fra,copaiba huile essentielle,1,2,7,final
2025-07-05,pranarom,fra,copaiba huile essentielle,1,2,5,final
2025-07-06,pranarom,fra,copaiba huile essentielle,1,0,3,final
2025-07-07,pranarom,fra,copaiba huile essentielle,1.2,2,12,final
2025-07-08,pranarom,fra,copaiba huile essentielle,1.3,1,6,final
2025-07-09,pranarom,fra,copaiba huile essentielle,1.1,7,14,final
2025-07-10,pranarom,fra,copaiba huile essentielle,1,2,6,final
2025-07-11,pranarom,fra,copaiba huile essentielle,1,1,6,final
2025-07-12,pranarom,fra,copaiba huile essentielle,1,3,13,final
2025-07-13,pranarom,fra,copaiba huile essentielle,3,0,1,final
2025-07-14,pranarom,fra,copaiba huile essentielle,1,2,12,final
2025-07-15,pranarom,fra,copaiba huile essentielle,1,0,9,final
2025-07-16,pranarom,fra,copaiba huile essentielle,1,1,6,final
2025-07-17,pranarom,fra,copaiba huile essentielle,1,1,5,final
2025-07-18,pranarom,fra,copaiba huile essentielle,1,1,3,final
2025-07-19,pranarom,fra,copaiba huile essentielle,1,1,3,final
2025-07-20,pranarom,fra,copaiba huile essentielle,1,1,8,final
2025-07-21,pranarom,fra,copaiba huile essentielle,1,0,5,final
2025-07-22,pranarom,fra,copaiba huile essentielle,1,1,3,final
2025-07-23,pranarom,fra,copaiba huile essentielle,1,4,12,final
2025-07-24,pranarom,fra,copaiba huile essentielle,1.4,1,5,final
2025-07-25,pranarom,fra,copaiba huile essentielle,1.2,5,16,final
2025-07-26,pranarom,fra,copaiba huile essentielle,1.0,32,106,final
2025-07-27,pranarom,fra,copaiba huile essentielle,1.0,25,89,final
2025-07-28,pranarom,fra,copaiba huile essentielle,1.0,20,76,final
2025-07-29,pranarom,fra,copaiba huile essentielle,1.1,25,66,final
2025-07-30,pranarom,fra,copaiba huile essentielle,1.1,19,51,final
2025-07-31,pranarom,fra,copaiba huile essentielle,1.0,22,75,final
2025-08-01,pranarom,fra,copaiba huile essentielle,1.1,12,51,final
2025-08-02,pranarom,fra,copaiba huile essentielle,1.1,17,52,final
2025-08-03,pranarom,fra,copaiba huile essentielle,1,5,24,final
2025-08-04,pranarom,fra,copaiba huile essentielle,1.1,9,31,final
2025-08-05,pranarom,fra,copaiba huile essentielle,1,6,17,final
2025-08-06,pranarom,fra,copaiba huile essentielle,1,1,9,final
2025-08-07,pranarom,fra,copaiba huile essentielle,1.4,1,7,final
2025-08-08,pranarom,fra,copaiba huile essentielle,1.2,3,16,final
2025-08-09,pranarom,fra,copaiba huile essentielle,1,1,2,final
2025-08-10,pranarom,fra,copaiba huile essentielle,1.2,2,13,final
2025-08-11,pranarom,fra,copaiba huile essentielle,1,6,20,final
2025-08-12,pranarom,fra,copaiba huile essentielle,1.1,5,17,final
2025-08-13,pranarom,fra,copaiba huile essentielle,1.3,2,7,final
2025-08-14,pranarom,fra,copaiba huile essentielle,1.2,2,9,final
2025-08-15,pranarom,fra,copaiba huile essentielle,1.3,3,11,final
2025-08-16,pranarom,fra,copaiba huile essentielle,1.1,5,10,final
2025-08-17,pranarom,fra,copaiba huile essentielle,1,0,7,final
2025-08-18,pranarom,fra,copaiba huile essentielle,1,1,4,final
2025-08-19,pranarom,fra,copaiba huile essentielle,1.2,2,10,final
2025-08-20,pranarom,fra,copaiba huile essentielle,1,2,12,final
2025-08-21,pranarom,fra,copaiba huile essentielle,1,1,6,final
2025-08-22,pranarom,fra,copaiba huile essentielle,1,0,2,final
2025-08-23,pranarom,fra,copaiba huile essentielle,1.6,0,7,final
2025-08-24,pranarom,fra,copaiba huile essentielle,1,2,6,final
2025-08-25,pranarom,fra,copaiba huile essentielle,1,3,6,final
2025-08-26,pranarom,fra,copaiba huile essentielle,1.4,1,9,final
2025-08-27,pranarom,fra,copaiba huile essentielle,1.1,1,7,final
2025-08-28,pranarom,fra,copaiba huile essentielle,1,1,6,final
2025-08-29,pranarom,fra,copaiba huile essentielle,1,3,6,final
2025-08-30,pranarom,fra,copaiba huile essentielle,1.1,2,9,final
2025-08-31,pranarom,fra,copaiba huile essentielle,1,1,6,final
2025-09-01,pranarom,fra,copaiba huile essentielle,1,2,5,final
2025-09-02,pranarom,fra,copaiba huile essentielle,1,3,6,final
2025-09-03,pranarom,fra,copaiba huile essentielle,1,2,5,final
2025-09-04,pranarom,fra,copaiba huile essentielle,1,0,2,final
2025-09-05,pranarom,fra,copaiba huile essentielle,1,3,6,final
2025-09-06,pranarom,fra,copaiba huile essentielle,1,1,5,final
2025-09-07,pranarom,fra,copaiba huile essentielle,1,3,8,final
2025-09-08,pranarom,fra,copaiba huile essentielle,1,1,3,final
2025-09-09,pranarom,fra,copaiba huile essentielle,1,1,3,final
2025-09-10,pranarom,fra,copaiba huile essentielle,1,2,5,final
2025-09-11,pranarom,fra,copaiba huile essentielle,1,2,7,final
2025-09-12,pranarom,fra,copaiba huile essentielle,1,2,6,final
2025-09-13,pranarom,fra,copaiba huile essentielle,1.1,1,9,final
2025-09-14,pranarom,fra,copaiba huile essentielle,1,2,4,final
2025-09-15,pranarom,fra,copaiba huile essentielle,1.2,1,4,final
2025-09-16,pranarom,fra,copaiba huile essentielle,1,2,10,final
2025-09-17,pranarom,fra,copaiba huile essentielle,1,0,7,final
2025-09-18,pranarom,fra,copaiba huile essentielle,1.2,1,12,final
2025-09-19,pranarom,fra,copaiba huile essentielle,1,1,3,final
2025-09-20,pranarom,fra,copaiba huile essentielle,1,0,4,final
2025-09-21,pranarom,fra,copaiba huile essentielle,1,1,3,final
2025-09-22,pranarom,fra,copaiba huile essentielle,1.6,1,9,final
2025-09-23,pranarom,fra,copaiba huile essentielle,1.4,0,5,final
2025-09-24,pranarom,fra,copaiba huile essentielle,1,1,6,final
2025-09-25,pranarom,fra,copaiba huile essentielle,1,2,8,final
2025-09-26,pranarom,fra,copaiba huile essentielle,1.4,1,5,final
2025-09-27,pranarom,fra,copaiba huile essentielle,1,0,2,final
2025-09-28,pranarom,fra,copaiba huile essentielle,1,3,4,final
2025-09-29,pranarom,fra,copaiba huile essentielle,1,2,6,final
2025-09-30,pranarom,fra,copaiba huile essentielle,1.1,5,12,final
2025-10-01,pranarom,fra,copaiba huile essentielle,1.3,3,6,final
2025-10-02,pranarom,fra,copaiba huile essentielle,1.3,2,7,final
2025-10-03,pranarom,fra,copaiba huile essentielle,1,1,3,final
2025-10-04,pranarom,fra,copaiba huile essentielle,1.9,30,92,final
2025-10-05,pranarom,fra,copaiba huile essentielle,1.0,30,87,final
2025-10-06,pranarom,fra,copaiba huile essentielle,1.1,19,46,final
2025-10-07,pranarom,fra,copaiba huile essentielle,1,7,31,final
2025-10-08,pranarom,fra,copaiba huile essentielle,1,3,9,final
2025-10-09,pranarom,fra,copaiba huile essentielle,1.1,6,14,final
2025-10-10,pranarom,fra,copaiba huile essentielle,1.1,2,9,final
2025-10-11,pranarom,fra,copaiba huile essentielle,1.1,4,17,final
2025-10-12,pranarom,fra,copaiba huile essentielle,1,0,2,final
2025-10-13,pranarom,fra,copaiba huile essentielle,1,1,4,final
2025-10-14,pranarom,fra,copaiba huile essentielle,1.5,1,4,final
2025-10-15,pranarom,fra,copaiba huile essentielle,1.8,2,4,final
2025-10-16,pranarom,fra,copaiba huile essentielle,1,3,5,final
2025-10-17,pranarom,fra,copaiba huile essentielle,1,1,1,final
2025-10-18,pranarom,fra,copaiba huile essentielle,1,3,6,final
2025-10-19,pranarom,fra,copaiba huile essentielle,1,0,4,final
2025-10-20,pranarom,fra,copaiba huile essentielle,1.1,4,9,final
2025-10-21,pranarom,fra,copaiba huile essentielle,1,3,11,final
2025-10-22,pranarom,fra,copaiba huile essentielle,1.4,4,7,final
2025-10-23,pranarom,fra,copaiba huile essentielle,1,2,8,final
2025-10-24,pranarom,fra,copaiba huile essentielle,1,3,7,final
2025-10-25,pranarom,fra,copaiba huile essentielle,1.1,6,9,final
2025-10-26,pranarom,fra,copaiba huile essentielle,1.2,4,10,final
2025-10-27,pranarom,fra,copaiba huile essentielle,1,1,4,final
2025-10-28,pranarom,fra,copaiba huile essentielle,1,1,5,final
2025-10-29,pranarom,fra,copaiba huile essentielle,1,3,10,final
2025-10-30,pranarom,fra,copaiba huile essentielle,1.3,1,6,final
2025-10-31,pranarom,fra,copaiba huile essentielle,1.1,5,15,final
2025-11-01,pranarom,fra,copaiba huile essentielle,1,0,4,final
2025-11-02,pranarom,fra,copaiba huile essentielle,1.1,4,9,final
2025-11-03,pranarom,fra,copaiba huile essentielle,1,4,13,final
2025-11-04,pranarom,fra,copaiba huile essentielle,1,0,1,final
2025-11-05,pranarom,fra,copaiba huile essentielle,1,1,6,final
2025-11-06,pranarom,fra,copaiba huile essentielle,1,1,3,final
2025-11-07,pranarom,fra,copaiba huile essentielle,1,1,5,final
2025-11-08,pranarom,fra,copaiba huile essentielle,1,0,3,final
2025-11-09,pranarom,fra,copaiba huile essentielle,1.2,3,11,final
2025-11-10,pranarom,fra,copaiba huile essentielle,1,4,10,final
2025-11-11,pranarom,fra,copaiba huile essentielle,1,0,6,final
2025-11-12,pranarom,fra,copaiba huile essentielle,1,1,10,final
2025-11-13,pranarom,fra,copaiba huile essentielle,1,2,8,final
2025-11-14,pranarom,fra,copaiba huile essentielle,1.5,2,4,final
2025-11-15,pranarom,fra,copaiba huile essentielle,1.2,3,11,final
2025-11-16,pranarom,fra,copaiba huile essentielle,1,1,9,final
2025-11-17,pranarom,fra,copaiba huile essentielle,1,4,11,final
2025-11-18,pranarom,fra,copaiba huile essentielle,1.2,2,8,final
2025-11-19,pranarom,fra,copaiba huile essentielle,2.2,2,5,final
2025-11-20,pranarom,fra,copaiba huile essentielle,1,0,10,final
2025-11-21,pranarom,fra,copaiba huile essentielle,1,1,4,final
2025-11-22,pranarom,fra,copaiba huile essentielle,1,3,5,final
2025-11-23,pranarom,fra,copaiba huile essentielle,1,1,13,final
2025-11-24,pranarom,fra,copaiba huile essentielle,1,2,4,final
2025-11-25,pranarom,fra,copaiba huile essentielle,1.2,8,27,final
2025-11-26,pranarom,fra,copaiba huile essentielle,1.1,27,107,final
2025-11-27,pranarom,fra,copaiba huile essentielle,1.2,11,49,final
2025-11-28,pranarom,fra,copaiba huile essentielle,1.1,7,25,final
2025-11-29,pranarom,fra,copaiba huile essentielle,1.1,10,26,final
2025-11-30,pranarom,fra,copaiba huile essentielle,1.1,4,23,final
2025-12-01,pranarom,fra,copaiba huile essentielle,1.1,7,23,final
2025-12-02,pranarom,fra,copaiba huile essentielle,1.2,1,18,final
2025-12-03,pranarom,fra,copaiba huile essentielle,1,4,21,final
2025-12-04,pranarom,fra,copaiba huile essentielle,1.1,3,11,final
2025-12-05,pranarom,fra,copaiba huile essentielle,1.3,3,15,final
2025-12-06,pranarom,fra,copaiba huile essentielle,1.2,7,36,final
2025-12-07,pranarom,fra,copaiba huile essentielle,1.6,16,62,final
2025-12-08,pranarom,fra,copaiba huile essentielle,1.1,1,21,final
2025-12-09,pranarom,fra,copaiba huile essentielle,1.2,4,17,final
2025-12-10,pranarom,fra,copaiba huile essentielle,1.0,8,26,final
2025-12-11,pranarom,fra,copaiba huile essentielle,1.1,6,18,final
2025-12-12,pranarom,fra,copaiba huile essentielle,1.1,4,14,final
2025-12-13,pranarom,fra,copaiba huile essentielle,1.1,3,11,final
2025-12-14,pranarom,fra,copaiba huile essentielle,1.0,8,32,final
2025-12-15,pranarom,fra,copaiba huile essentielle,1.1,8,35,final
2025-12-16,pranarom,fra,copaiba huile essentielle,1.0,9,28,final
2025-12-17,pranarom,fra,copaiba huile essentielle,1.1,3,16,final
2025-12-18,pranarom,fra,copaiba huile essentielle,1,9,17,final
2025-12-19,pranarom,fra,copaiba huile essentielle,2.4,3,15,final
2025-12-20,pranarom,fra,copaiba huile essentielle,1.1,8,20,final
2025-12-21,pranarom,fra,copaiba huile essentielle,1,12,24,final
2025-12-22,pranarom,fra,copaiba huile essentielle,1,2,12,final
2025-12-23,pranarom,fra,copaiba huile essentielle,1.3,1,7,final
2025-12-24,pranarom,fra,copaiba huile essentielle,1,2,4,final
2025-12-25,pranarom,fra,copaiba huile essentielle,1.3,2,6,final
2025-12-26,pranarom,fra,copaiba huile essentielle,1,2,7,final
2025-12-27,pranarom,fra,copaiba huile essentielle,1.2,1,11,final
2025-12-28,pranarom,fra,copaiba huile essentielle,1,9,26,final
2025-12-29,pranarom,fra,copaiba huile essentielle,1.1,2,9,final
2025-12-30,pranarom,fra,copaiba huile essentielle,1.2,3,11,final
2025-12-31,pranarom,fra,copaiba huile essentielle,1,3,8,final
2026-01-01,pranarom,fra,copaiba huile essentielle,1.4,3,5,final
2026-01-02,pranarom,fra,copaiba huile essentielle,1,8,16,final
2026-01-03,pranarom,fra,copaiba huile essentielle,1,4,16,final
2026-01-04,pranarom,fra,copaiba huile essentielle,1,1,2,final
2026-01-05,pranarom,fra,copaiba huile essentielle,1,4,11,final
2026-01-06,pranarom,fra,copaiba huile essentielle,1,1,3,final
2026-01-07,pranarom,fra,copaiba huile essentielle,1.2,3,5,final
2026-01-08,pranarom,fra,copaiba huile essentielle,1.1,2,8,final
2026-01-09,pranarom,fra,copaiba huile essentielle,1.2,4,11,final
2026-01-10,pranarom,fra,copaiba huile essentielle,1.4,4,10,final
2026-01-11,pranarom,fra,copaiba huile essentielle,1.8,1,4,final
2026-01-12,pranarom,fra,copaiba huile essentielle,1.7,0,3,final
2026-01-13,pranarom,fra,copaiba huile essentielle,1.4,3,10,final
2026-01-14,pranarom,fra,copaiba huile essentielle,1.2,3,12,final
2026-01-15,pranarom,fra,copaiba huile essentielle,1.2,0,9,final
2026-01-16,pranarom,fra,copaiba huile essentielle,1.5,4,11,final
2026-01-17,pranarom,fra,copaiba huile essentielle,1.3,3,10,final
2026-01-18,pranarom,fra,copaiba huile essentielle,1.1,6,10,final
2026-01-19,pranarom,fra,copaiba huile essentielle,1,6,14,final
2026-01-20,pranarom,fra,copaiba huile essentielle,1.2,5,11,final
2026-01-21,pranarom,fra,copaiba huile essentielle,1.2,4,11,final
2026-01-22,pranarom,fra,copaiba huile essentielle,1.2,1,12,final
2026-01-23,pranarom,fra,copaiba huile essentielle,1.3,4,13,final
2026-01-24,pranarom,fra,copaiba huile essentielle,1,4,18,final
2026-01-25,pranarom,fra,copaiba huile essentielle,1.2,2,5,final
2026-01-26,pranarom,fra,copaiba huile essentielle,1.1,2,7,final
2026-01-27,pranarom,fra,copaiba huile essentielle,4.8,2,13,final
2026-01-28,pranarom,fra,copaiba huile essentielle,1.1,5,14,final
2026-01-29,pranarom,fra,copaiba huile essentielle,1,1,8,final
2026-01-30,pranarom,fra,copaiba huile essentielle,6.5,3,11,final
2026-01-31,pranarom,fra,copaiba huile essentielle,1,4,14,final
2026-02-01,pranarom,fra,copaiba huile essentielle,1.1,6,19,final
2026-02-02,pranarom,fra,copaiba huile essentielle,1,2,13,final
2026-02-03,pranarom,fra,copaiba huile essentielle,1.1,5,14,final
2026-02-04,pranarom,fra,copaiba huile essentielle,1,5,9,final
2026-02-05,pranarom,fra,copaiba huile essentielle,1.1,6,18,final
2026-02-06,pranarom,fra,copaiba huile essentielle,1.1,8,30,final
2026-02-07,pranarom,fra,copaiba huile essentielle,1.1,13,27,final
2026-02-08,pranarom,fra,copaiba huile essentielle,1,5,22,final
2026-02-09,pranarom,fra,copaiba huile essentielle,1.1,8,22,final
2026-02-10,pranarom,fra,copaiba huile essentielle,1,3,16,final
2026-02-11,pranarom,fra,copaiba huile essentielle,1,5,13,final
2026-02-12,pranarom,fra,copaiba huile essentielle,1,4,13,final
2026-02-13,pranarom,fra,copaiba huile essentielle,1.1,4,14,final
2026-02-14,pranarom,fra,copaiba huile essentielle,1,1,5,final
2026-02-15,pranarom,fra,copaiba huile essentielle,1,1,4,final
2026-02-16,pranarom,fra,copaiba huile essentielle,1.2,2,5,final
2026-02-17,pranarom,fra,copaiba huile essentielle,1.3,3,10,final
2026-02-18,pranarom,fra,copaiba huile essentielle,1.2,4,10,final
2026-02-19,pranarom,fra,copaiba huile essentielle,1,2,9,final
2026-02-20,pranarom,fra,copaiba huile essentielle,1.2,1,12,final
2026-02-21,pranarom,fra,copaiba huile essentielle,3.1,1,9,final
2026-02-22,pranarom,fra,copaiba huile essentielle,1,4,13,final
2026-02-23,pranarom,fra,copaiba huile essentielle,1.3,2,17,final
2026-02-24,pranarom,fra,copaiba huile essentielle,1.1,7,18,final
2026-02-25,pranarom,fra,copaiba huile essentielle,1,4,13,final
2026-02-26,pranarom,fra,copaiba huile essentielle,1,2,6,final
2026-02-27,pranarom,fra,copaiba huile essentielle,2.6,1,8,final
2026-02-28,pranarom,fra,copaiba huile essentielle,1,6,12,final
2026-03-01,pranarom,fra,copaiba huile essentielle,1,3,11,final
2026-03-02,pranarom,fra,copaiba huile essentielle,2.8,3,20,final
2026-03-03,pranarom,fra,copaiba huile essentielle,1.3,1,7,final
2026-03-04,pranarom,fra,copaiba huile essentielle,1.3,4,11,final
2026-03-05,pranarom,fra,copaiba huile essentielle,1.6,3,14,final
2026-03-06,pranarom,fra,copaiba huile essentielle,2.1,2,16,final
2026-03-07,pranarom,fra,copaiba huile essentielle,1.9,2,16,final
2026-03-08,pranarom,fra,copaiba huile essentielle,1,6,12,final
2026-03-09,pranarom,fra,copaiba huile essentielle,3.6,2,10,final
2026-03-10,pranarom,fra,copaiba huile essentielle,1.6,1,13,final
2026-03-11,pranarom,fra,copaiba huile essentielle,3.1,2,10,final
2026-03-12,pranarom,fra,copaiba huile essentielle,1.9,2,8,final
2026-03-13,pranarom,fra,copaiba huile essentielle,1.3,2,9,final
2026-03-14,pranarom,fra,copaiba huile essentielle,1.5,1,11,final
2026-03-15,pranarom,fra,copaiba huile essentielle,1.5,3,11,final
2026-03-16,pranarom,fra,copaiba huile essentielle,2.5,0,4,final
2026-03-17,pranarom,fra,copaiba huile essentielle,2.1,1,13,final
2026-03-18,pranarom,fra,copaiba huile essentielle,1.2,5,13,final
2026-03-19,pranarom,fra,copaiba huile essentielle,1.1,0,10,final
2026-03-20,pranarom,fra,copaiba huile essentielle,1.1,2,10,final
2026-03-21,pranarom,fra,copaiba huile essentielle,2.7,1,11,final
2026-03-22,pranarom,fra,copaiba huile essentielle,1,4,12,final
2026-03-23,pranarom,fra,copaiba huile essentielle,1.2,1,5,final
2026-03-24,pranarom,fra,copaiba huile essentielle,1.1,0,7,final
2026-03-25,pranarom,fra,copaiba huile essentielle,1,2,7,final
2026-03-26,pranarom,fra,copaiba huile essentielle,1,3,16,final
2026-03-27,pranarom,fra,copaiba huile essentielle,1.0,5,33,final
2026-03-28,pranarom,fra,copaiba huile essentielle,1.1,17,87,final
2026-03-29,pranarom,fra,copaiba huile essentielle,1.0,10,70,final
2026-03-30,pranarom,fra,copaiba huile essentielle,1.0,14,64,final
2026-03-31,pranarom,fra,copaiba huile essentielle,1.1,6,25,final
2026-04-01,pranarom,fra,copaiba huile essentielle,1.8,4,25,final
2026-04-02,pranarom,fra,copaiba huile essentielle,1,3,15,final
2026-04-03,pranarom,fra,copaiba huile essentielle,1.1,3,22,final
2026-04-04,pranarom,fra,copaiba huile essentielle,1,3,15,final
2026-04-05,pranarom,fra,copaiba huile essentielle,1.1,4,20,final
2026-04-06,pranarom,fra,copaiba huile essentielle,1.1,9,39,final
2026-04-07,pranarom,fra,copaiba huile essentielle,1.1,4,23,final
2026-04-08,pranarom,fra,copaiba huile essentielle,1.1,5,37,final
2026-04-09,pranarom,fra,copaiba huile essentielle,1,7,32,final
2026-04-10,pranarom,fra,copaiba huile essentielle,1.0,8,32,final
2026-04-11,pranarom,fra,copaiba huile essentielle,1,6,26,final
2026-04-12,pranarom,fra,copaiba huile essentielle,1.1,1,19,final
2026-04-13,pranarom,fra,copaiba huile essentielle,1.0,8,24,final
2026-04-14,pranarom,fra,copaiba huile essentielle,1.4,3,16,final
2026-04-15,pranarom,fra,copaiba huile essentielle,1,2,20,final
2026-04-16,pranarom,fra,copaiba huile essentielle,6.9,3,16,final
2026-04-17,pranarom,fra,copaiba huile essentielle,1,5,18,final
2026-04-18,pranarom,fra,copaiba huile essentielle,1,2,13,final
2026-04-19,pranarom,fra,copaiba huile essentielle,1,7,16,final
2026-04-20,pranarom,fra,copaiba huile essentielle,1,1,11,final
2026-04-21,pranarom,fra,copaiba huile essentielle,1,4,17,final
2026-04-22,pranarom,fra,copaiba huile essentielle,1,6,17,final
2026-04-23,pranarom,fra,copaiba huile essentielle,1.3,0,7,final
2026-04-24,pranarom,fra,copaiba huile essentielle,1,1,9,final
2026-04-25,pranarom,fra,copaiba huile essentielle,1,4,9,final
2026-04-26,pranarom,fra,copaiba huile essentielle,1,1,3,final
2026-04-27,pranarom,fra,copaiba huile essentielle,1,3,6,final
2026-04-28,pranarom,fra,copaiba huile essentielle,1.2,5,11,final
2026-04-29,pranarom,fra,copaiba huile essentielle,1,3,6,final
2026-04-30,pranarom,fra,copaiba huile essentielle,1,2,8,final
2026-05-01,pranarom,fra,copaiba huile essentielle,1,7,9,final
2026-05-02,pranarom,fra,copaiba huile essentielle,1,4,18,final
2026-05-03,pranarom,fra,copaiba huile essentielle,1,0,4,final
2026-05-04,pranarom,fra,copaiba huile essentielle,1.1,3,11,final
2026-05-05,pranarom,fra,copaiba huile essentielle,1,1,11,final
2026-05-06,pranarom,fra,copaiba huile essentielle,1,3,6,final
2026-05-07,pranarom,fra,copaiba huile essentielle,1,1,4,final
2026-05-08,pranarom,fra,copaiba huile essentielle,1,1,2,final
2026-05-09,pranarom,fra,copaiba huile essentielle,1,0,1,final
2026-05-10,pranarom,fra,copaiba huile essentielle,1,2,6,final
2026-05-11,pranarom,fra,copaiba huile essentielle,7.5,1,11,final
2026-05-12,pranarom,fra,copaiba huile essentielle,1,0,2,final
2026-05-13,pranarom,fra,copaiba huile essentielle,1,2,5,final
2026-05-14,pranarom,fra,copaiba huile essentielle,1.1,8,24,final
2026-05-15,pranarom,fra,copaiba huile essentielle,2,3,20,final
2026-05-16,pranarom,fra,copaiba huile essentielle,1,8,27,final
2026-05-17,pranarom,fra,copaiba huile essentielle,1.9,7,26,final
2026-05-18,pranarom,fra,copaiba huile essentielle,1,1,14,final
2026-05-19,pranarom,fra,copaiba huile essentielle,1.2,4,9,final
2026-05-20,pranarom,fra,copaiba huile essentielle,1.2,6,11,final
2026-05-21,pranarom,fra,copaiba huile essentielle,1,5,21,final
2026-05-22,pranarom,fra,copaiba huile essentielle,1.1,3,16,final
2026-05-23,pranarom,fra,copaiba huile essentielle,1,3,6,final
2026-05-24,pranarom,fra,copaiba huile essentielle,1,4,9,final
2026-05-25,pranarom,fra,copaiba huile essentielle,1,2,5,final
2026-05-26,pranarom,fra,copaiba huile essentielle,1,2,8,final
2026-05-27,pranarom,fra,copaiba huile essentielle,1.1,8,20,final
2026-05-28,pranarom,fra,copaiba huile essentielle,1.1,4,16,final
2026-05-29,pranarom,fra,copaiba huile essentielle,1,3,11,final
2026-05-30,pranarom,fra,copaiba huile essentielle,1,4,10,final
2026-05-31,pranarom,fra,copaiba huile essentielle,1,3,11,final
2026-06-01,pranarom,fra,copaiba huile essentielle,1.6,4,13,final
2026-06-02,pranarom,fra,copaiba huile essentielle,1,3,8,final
2026-06-03,pranarom,fra,copaiba huile essentielle,1,1,5,final
2026-06-04,pranarom,fra,copaiba huile essentielle,1,1,7,final
2026-06-05,pranarom,fra,copaiba huile essentielle,1,2,3,final
2026-06-06,pranarom,fra,copaiba huile essentielle,1,4,8,final
2026-06-07,pranarom,fra,copaiba huile essentielle,1.4,0,5,final
2026-06-08,pranarom,fra,copaiba huile essentielle,1,1,12,final
2026-06-09,pranarom,fra,copaiba huile essentielle,1,2,9,final
2026-06-10,pranarom,fra,copaiba huile essentielle,1,5,9,final
2026-06-11,pranarom,fra,copaiba huile essentielle,1.1,2,8,final
2026-06-12,pranarom,fra,copaiba huile essentielle,1.2,2,11,final
2026-06-13,pranarom,fra,copaiba huile essentielle,1,0,2,final
2026-06-14,pranarom,fra,copaiba huile essentielle,1.3,2,6,final
2026-06-15,pranarom,fra,copaiba huile essentielle,1.7,0,7,final
2026-06-16,pranarom,fra,copaiba huile essentielle,1.2,1,5,final
2026-06-17,pranarom,fra,copaiba huile essentielle,1.1,4,16,final
2026-06-18,pranarom,fra,copaiba huile essentielle,1,2,6,final
2026-06-19,pranarom,fra,copaiba huile essentielle,1,5,18,final
2026-06-20,pranarom,fra,copaiba huile essentielle,1.1,5,17,final
2026-06-21,pranarom,fra,copaiba huile essentielle,1.1,6,25,final
2026-06-22,pranarom,fra,copaiba huile essentielle,1,3,12,final
2026-06-23,pranarom,fra,copaiba huile essentielle,1,6,11,final
2026-06-24,pranarom,fra,copaiba huile essentielle,1,4,12,final
2026-06-25,pranarom,fra,copaiba huile essentielle,1.2,2,12,final
2026-06-26,pranarom,fra,copaiba huile essentielle,1,0,3,final
2026-06-27,pranarom,fra,copaiba huile essentielle,1,3,7,final
2026-06-28,pranarom,fra,copaiba huile essentielle,1,0,8,final
2026-06-29,pranarom,fra,copaiba huile essentielle,1,1,8,final
2026-06-30,pranarom,fra,copaiba huile essentielle,1,0,3,final
2026-07-01,pranarom,fra,copaiba huile essentielle,1,0,4,final
2026-07-02,pranarom,fra,copaiba huile essentielle,1,0,5,final
2026-07-03,pranarom,fra,copaiba huile essentielle,1,1,5,final
2026-07-04,pranarom,fra,copaiba huile essentielle,1.5,0,4,final
2026-07-05,pranarom,fra,copaiba huile essentielle,1.3,1,7,final
2026-07-06,pranarom,fra,copaiba huile essentielle,1.3,2,7,final
2026-07-07,pranarom,fra,copaiba huile essentielle,1.3,1,7,final
2026-07-08,pranarom,fra,copaiba huile essentielle,1.3,1,7,final
2026-07-09,pranarom,fra,copaiba huile essentielle,1,0,5,final
2026-07-10,pranarom,fra,copaiba huile essentielle,1,0,4,final
2026-07-11,pranarom,fra,copaiba huile essentielle,1,4,15,final
2026-07-12,pranarom,fra,copaiba huile essentielle,1.2,10,31,final
2026-07-13,pranarom,fra,copaiba huile essentielle,1,2,11,final
2026-07-14,pranarom,fra,copaiba huile essentielle,1,1,5,final
2026-07-15,pranarom,fra,copaiba huile essentielle,1,1,7,final
2026-07-16,pranarom,fra,copaiba huile essentielle,1,3,10,final
2026-07-17,pranarom,fra,copaiba huile essentielle,1,2,15,final
2026-07-18,pranarom,fra,copaiba huile essentielle,1.1,8,21,final
2026-07-19,pranarom,fra,copaiba huile essentielle,1,2,10,final
2026-07-20,pranarom,fra,copaiba huile essentielle,1,4,18,final
2026-07-21,pranarom,fra,copaiba huile essentielle,1,8,28,final
2026-07-22,pranarom,fra,copaiba huile essentielle,3.1,4,23,final
2026-07-23,pranarom,fra,copaiba huile essentielle,1.4,2,10,final
2026-07-24,pranarom,fra,copaiba huile essentielle,1,3,11,final
2026-07-25,pranarom,fra,copaiba huile essentielle,1,3,8,final
2026-07-26,pranarom,fra,copaiba huile essentielle,1,2,9,final
2026-07-27,pranarom,fra,copaiba huile essentielle,1,2,9,final
2026-07-28,pranarom,fra,copaiba huile essentielle,1.3,1,12,final
2026-07-29,pranarom,fra,copaiba huile essentielle,1,0,14,final
2026-07-30,pranarom,fra,copaiba huile essentielle,1,3,17,final
2026-07-31,pranarom,fra,copaiba huile essentielle,1.3,6,18,final
2026-08-01,pranarom,fra,copaiba huile essentielle,1.2,1,10,final
2026-08-02,pranarom,fra,copaiba huile essentielle,1.3,1,6,final
2026-08-03,pranarom,fra,copaiba huile essentielle,1,4,7,final
2026-08-04,pranarom,fra,copaiba huile essentielle,1,4,15,final
2026-08-05,pranarom,fra,copaiba huile essentielle,1.2,1,11,final
2026-08-06,pranarom,fra,copaiba huile essentielle,1,1,5,final
2026-08-07,pranarom,fra,copaiba huile essentielle,1.5,1,6,final
2026-08-08,pranarom,fra,copaiba huile essentielle,1.2,2,18,final
2026-08-09,pranarom,fra,copaiba huile essentielle,1,1,5,final
2026-08-10,pranarom,fra,copaiba huile essentielle,1,0,10,final
2026-08-11,pranarom,fra,copaiba huile essentielle,5.9,1,14,final
2026-08-12,pranarom,fra,copaiba huile essentielle,1.3,4,9,final
2026-08-13,pranarom,fra,copaiba huile essentielle,1.2,3,17,final
2026-08-14,pranarom,fra,copaiba huile essentielle,1.1,2,11,final
2026-08-15,pranarom,fra,copaiba huile essentielle,1.2,1,8,final
2026-08-16,pranarom,fra,copaiba huile essentielle,1.3,3,10,final
2026-08-17,pranarom,fra,copaiba huile essentielle,1.2,0,5,final
2026-08-18,pranarom,fra,copaiba huile essentielle,1,2,9,final
2026-08-19,pranarom,fra,copaiba huile essentielle,1,2,8,final
2026-08-20,pranarom,fra,copaiba huile essentielle,2.6,2,14,final
2026-08-21,pranarom,fra,copaiba huile essentielle,1,1,4,final
2026-08-22,pranarom,fra,copaiba huile essentielle,1.2,0,10,final
2026-08-23,pranarom,fra,copaiba huile essentielle,1,2,9,final
2026-08-24,pranarom,fra,copaiba huile essentielle,1.1,1,10,final
2026-08-25,pranarom,fra,copaiba huile essentielle,1.4,3,13,final
2026-08-26,pranarom,fra,copaiba huile essentielle,1,1,7,final
2026-08-27,pranarom,fra,copaiba huile essentielle,1.1,3,7,final
2026-08-28,pranarom,fra,copaiba huile essentielle,1.1,3,15,final
2026-08-29,pranarom,fra,copaiba huile essentielle,1,1,10,final
2026-08-30,pranarom,fra,copaiba huile essentielle,1.2,3,11,final
2026-08-31,pranarom,fra,copaiba huile essentielle,1.1,1,13,final
2026-09-01,pranarom,fra,copaiba huile essentielle,1.2,1,9,final
2026-09-02,pranarom,fra,copaiba huile essentielle,1,0,5,final
2026-09-03,pranarom,fra,copaiba huile essentielle,1.1,2,8,final
2026-09-04,pranarom,fra,copaiba huile essentielle,4.6,0,15,final
2026-09-05,pranarom,fra,copaiba huile essentielle,1,2,6,final
2026-09-06,pranarom,fra,copaiba huile essentielle,1,2,7,final
2026-09-07,pranarom,fra,copaiba huile essentielle,1,1,6,final
2026-09-08,pranarom,fra,copaiba huile essentielle,1.1,3,7,final
2026-09-09,pranarom,fra,copaiba huile essentielle,1.4,4,16,final
2026-09-10,pranarom,fra,copaiba huile essentielle,1.1,0,7,final
2026-09-11,pranarom,fra,copaiba huile essentielle,1.2,4,13,final
2026-09-12,pranarom,fra,copaiba huile essentielle,1,4,13,final
2026-09-13,pranarom,fra,copaiba huile essentielle,1.1,4,8,final
2026-09-14,pranarom,fra,copaiba huile essentielle,1,0,7,final
2026-09-15,pranarom,fra,copaiba huile essentielle,1,2,12,final
2026-09-16,pranarom,fra,copaiba huile essentielle,2.6,2,9,final
2026-09-17,pranarom,fra,copaiba huile essentielle,1,0,5,final
2026-09-18,pranarom,fra,copaiba huile essentielle,1,1,7,final
2026-09-19,pranarom,fra,copaiba huile essentielle,1,0,10,final
2026-09-20,pranarom,fra,copaiba huile essentielle,1,2,10,final
2026-09-21,pranarom,fra,copaiba huile essentielle,1,2,6,final
2026-09-22,pranarom,fra,copaiba huile essentielle,1,0,10,final
2026-09-23,pranarom,fra,copaiba huile essentielle,1.4,2,7,final
2026-09-24,pranarom,fra,copaiba huile essentielle,1,3,14,final
2026-09-25,pranarom,fra,copaiba huile essentielle,1.2,2,6,final
2026-09-26,pranarom,fra,copaiba huile essentielle,1.1,0,11,final
2026-09-27,pranarom,fra,copaiba huile essentielle,1,1,6,final
2026-09-28,pranarom,fra,copaiba huile essentielle,1,1,5,final
2026-09-29,pranarom,fra,copaiba huile essentielle,5,1,12,final
2026-09-30,pranarom,fra,copaiba huile essentielle,1.2,4,10,final
2026-10-01,pranarom,fra,copaiba huile essentielle,1,0,3,fresh
2026-10-02,pranarom,fra,copaiba huile essentielle,1.2,1,5,fresh
2025-06-10,pranarom,fra,huile coco poux,1.1,4,8,final
2025-06-11,pranarom,fra,huile coco poux,1.8,1,12,final
2025-06-12,pranarom,fra,huile coco poux,1.6,1,5,final
2025-06-13,pranarom,fra,huile coco poux,1.4,1,8,final
2025-06-14,pranarom,fra,huile coco poux,1.3,2,9,final
2025-06-15,pranarom,fra,huile coco poux,1.2,4,10,final
2025-06-16,pranarom,fra,huile coco poux,1.4,2,11,final
2025-06-17,pranarom,fra,huile coco poux,1,2,4,final
2025-06-18,pranarom,fra,huile coco poux,1.3,1,7,final
2025-06-19,pranarom,fra,huile coco poux,1,3,8,final
2025-06-20,pranarom,fra,huile coco poux,1.4,1,5,final
2025-06-21,pranarom,fra,huile coco poux,1,0,4,final
2025-06-22,pranarom,fra,huile coco poux,1.2,4,10,final
2025-06-23,pranarom,fra,huile coco poux,1.5,1,12,final
2025-06-24,pranarom,fra,huile coco poux,1.2,1,11,final
2025-06-25,pranarom,fra,huile coco poux,1,3,7,final
2025-06-26,pranarom,fra,huile coco poux,1.2,3,9,final
2025-06-27,pranarom,fra,huile coco poux,1.3,6,14,final
2025-06-28,pranarom,fra,huile coco poux,1,3,10,final
2025-06-29,pranarom,fra,huile coco poux,1.1,5,16,final
2025-06-30,pranarom,fra,huile coco poux,1.4,1,5,final
2025-07-01,pranarom,fra,huile coco poux,1.5,2,4,final
2025-07-02,pranarom,fra,huile coco poux,1.1,4,14,final
2025-07-03,pranarom,fra,huile coco poux,1.4,2,7,final
2025-07-04,pranarom,fra,huile coco poux,1,0,4,final
2025-07-05,pranarom,fra,huile coco poux,1.6,2,8,final
2025-07-06,pranarom,fra,huile coco poux,1.2,3,12,final
2025-07-07,pranarom,fra,huile coco poux,1.1,4,12,final
2025-07-08,pranarom,fra,huile coco poux,1,2,8,final
2025-07-09,pranarom,fra,huile coco poux,1.4,4,11,final
2025-07-10,pranarom,fra,huile coco poux,1.2,3,12,final
2025-07-11,pranarom,fra,huile coco poux,1.5,3,11,final
2025-07-12,pranarom,fra,huile coco poux,1,1,5,final
2025-07-13,pranarom,fra,huile coco poux,1.2,5,13,final
2025-07-14,pranarom,fra,huile coco poux,1.2,1,12,final
2025-07-15,pranarom,fra,huile coco poux,1,4,9,final
2025-07-16,pranarom,fra,huile coco poux,1,5,14,final
2025-07-17,pranarom,fra,huile coco poux,1,8,14,final
2025-07-18,pranarom,fra,huile coco poux,1.3,1,12,final
2025-07-19,pranarom,fra,huile coco poux,1.8,2,9,final
2025-07-20,pranarom,fra,huile coco poux,1.2,5,24,final
2025-07-21,pranarom,fra,huile coco poux,1.3,6,19,final
2025-07-22,pranarom,fra,huile coco poux,1,3,12,final
2025-07-23,pranarom,fra,huile coco poux,1.3,5,15,final
2025-07-24,pranarom,fra,huile coco poux,1.3,4,15,final
2025-07-25,pranarom,fra,huile coco poux,1.1,5,20,final
2025-07-26,pranarom,fra,huile coco poux,1,4,11,final
2025-07-27,pranarom,fra,huile coco poux,1.2,1,15,final
2025-07-28,pranarom,fra,huile coco poux,1,7,17,final
2025-07-29,pranarom,fra,huile coco poux,1,3,15,final
2025-07-30,pranarom,fra,huile coco poux,1,3,16,final
2025-07-31,pranarom,fra,huile coco poux,1,4,16,final
2025-08-01,pranarom,fra,huile coco poux,1,4,17,final
2025-08-02,pranarom,fra,huile coco poux,1.1,9,16,final
2025-08-03,pranarom,fra,huile coco poux,1.2,7,13,final
2025-08-04,pranarom,fra,huile coco poux,1,7,22,final
2025-08-05,pranarom,fra,huile coco poux,1,7,19,final
2025-08-06,pranarom,fra,huile coco poux,1,8,15,final
2025-08-07,pranarom,fra,huile coco poux,1,3,17,final
2025-08-08,pranarom,fra,huile coco poux,1,5,14,final
2025-08-09,pranarom,fra,huile coco poux,1.2,3,10,final
2025-08-10,pranarom,fra,huile coco poux,1.2,1,13,final
2025-08-11,pranarom,fra,huile coco poux,1,5,15,final
2025-08-12,pranarom,fra,huile coco poux,1,1,13,final
2025-08-13,pranarom,fra,huile coco poux,1,2,26,final
2025-08-14,pranarom,fra,huile coco poux,1,4,18,final
2025-08-15,pranarom,fra,huile coco poux,1,3,11,final
2025-08-16,pranarom,fra,huile coco poux,1.1,2,14,final
2025-08-17,pranarom,fra,huile coco poux,1.0,8,21,final
2025-08-18,pranarom,fra,huile coco poux,1,1,14,final
2025-08-19,pranarom,fra,huile coco poux,1,2,10,final
2025-08-20,pranarom,fra,huile coco poux,1,1,14,final
2025-08-21,pranarom,fra,huile coco poux,1,6,16,final
2025-08-22,pranarom,fra,huile coco poux,1,5,15,final
2025-08-23,pranarom,fra,huile coco poux,1.2,0,13,final
2025-08-24,pranarom,fra,huile coco poux,1,4,19,final
2025-08-25,pranarom,fra,huile coco poux,1,8,16,final
2025-08-26,pranarom,fra,huile coco poux,1,3,9,final
2025-08-27,pranarom,fra,huile coco poux,1,8,14,final
2025-08-28,pranarom,fra,huile coco poux,1,3,15,final
2025-08-29,pranarom,fra,huile coco poux,1,7,20,final
2025-08-30,pranarom,fra,huile coco poux,1,7,26,final
2025-08-31,pranarom,fra,huile coco poux,1,2,17,final
2025-09-01,pranarom,fra,huile coco poux,1,5,11,final
2025-09-02,pranarom,fra,huile coco poux,1,5,17,final
2025-09-03,pranarom,fra,huile coco poux,1,10,21,final
2025-09-04,pranarom,fra,huile coco poux,1,7,14,final
2025-09-05,pranarom,fra,huile coco poux,1.1,5,18,final
2025-09-06,pranarom,fra,huile coco poux,1,4,21,final
2025-09-07,pranarom,fra,huile coco poux,1,3,17,final
2025-09-08,pranarom,fra,huile coco poux,1.1,4,14,final
2025-09-09,pranarom,fra,huile coco poux,1,3,13,final
2025-09-10,pranarom,fra,huile coco poux,1,0,10,final
2025-09-11,pranarom,fra,huile coco poux,1.1,6,17,final
2025-09-12,pranarom,fra,huile coco poux,1,3,14,final
2025-09-13,pranarom,fra,huile coco poux,1,6,12,final
2025-09-14,pranarom,fra,huile coco poux,1,6,24,final
2025-09-15,pranarom,fra,huile coco poux,1,0,4,final
2025-09-16,pranarom,fra,huile coco poux,1,1,5,final
2025-09-17,pranarom,fra,huile coco poux,1.2,3,15,final
2025-09-18,pranarom,fra,huile coco poux,1,2,9,final
2025-09-19,pranarom,fra,huile coco poux,1,2,15,final
2025-09-20,pranarom,fra,huile coco poux,1,6,20,final
2025-09-21,pranarom,fra,huile coco poux,1,7,21,final
2025-09-22,pranarom,fra,huile coco poux,1,3,17,final
2025-09-23,pranarom,fra,huile coco poux,1.1,6,12,final
2025-09-24,pranarom,fra,huile coco poux,1.2,2,11,final
2025-09-25,pranarom,fra,huile coco poux,1,1,7,final
2025-09-26,pranarom,fra,huile coco poux,1.1,3,11,final
2025-09-27,pranarom,fra,huile coco poux,1,7,15,final
2025-09-28,pranarom,fra,huile coco poux,1,7,24,final
2025-09-29,pranarom,fra,huile coco poux,1,5,17,final
2025-09-30,pranarom,fra,huile coco poux,1,6,15,final
2025-10-01,pranarom,fra,huile coco poux,1,3,11,final
2025-10-02,pranarom,fra,huile coco poux,1.4,2,8,final
2025-10-03,pranarom,fra,huile coco poux,1,4,15,final
2025-10-04,pranarom,fra,huile coco poux,1,7,15,final
2025-10-05,pranarom,fra,huile coco poux,1,1,6,final
2025-10-06,pranarom,fra,huile coco poux,1.1,4,14,final
2025-10-07,pranarom,fra,huile coco poux,1,2,7,final
2025-10-08,pranarom,fra,huile coco poux,1,4,15,final
2025-10-09,pranarom,fra,huile coco poux,1.1,7,17,final
2025-10-10,pranarom,fra,huile coco poux,1,0,18,final
2025-10-11,pranarom,fra,huile coco poux,1,4,14,final
2025-10-12,pranarom,fra,huile coco poux,1.1,7,22,final
2025-10-13,pranarom,fra,huile coco poux,1,5,14,final
2025-10-14,pranarom,fra,huile coco poux,1.1,5,11,final
2025-10-15,pranarom,fra,huile coco poux,1.1,1,15,final
2025-10-16,pranarom,fra,huile coco poux,1,8,14,final
2025-10-17,pranarom,fra,huile coco poux,1,3,7,final
2025-10-18,pranarom,fra,huile coco poux,1,3,15,final
2025-10-19,pranarom,fra,huile coco poux,1,6,9,final
2025-10-20,pranarom,fra,huile coco poux,1,4,8,final
2025-10-21,pranarom,fra,huile coco poux,1,3,19,final
2025-10-22,pranarom,fra,huile coco poux,1.3,2,13,final
2025-10-23,pranarom,fra,huile coco poux,1,6,16,final
2025-10-24,pranarom,fra,huile coco poux,1,5,10,final
2025-10-25,pranarom,fra,huile coco poux,1,4,15,final
2025-10-26,pranarom,fra,huile coco poux,1,5,15,final
2025-10-27,pranarom,fra,huile coco poux,1,5,20,final
2025-10-28,pranarom,fra,huile coco poux,1,6,12,final
2025-10-29,pranarom,fra,huile coco poux,1,4,10,final
2025-10-30,pranarom,fra,huile coco poux,1,4,14,final
2025-10-31,pranarom,fra,huile coco poux,1,3,12,final
2025-11-01,pranarom,fra,huile coco poux,1,3,15,final
2025-11-02,pranarom,fra,huile coco poux,1,10,29,final
2025-11-03,pranarom,fra,huile coco poux,1,1,10,final
2025-11-04,pranarom,fra,huile coco poux,1,3,14,final
2025-11-05,pranarom,fra,huile coco poux,1,2,9,final
2025-11-06,pranarom,fra,huile coco poux,1,0,7,final
2025-11-07,pranarom,fra,huile coco poux,1,1,14,final
2025-11-08,pranarom,fra,huile coco poux,1,1,11,final
2025-11-09,pranarom,fra,huile coco poux,1,8,20,final
2025-11-10,pranarom,fra,huile coco poux,1.0,5,22,final
2025-11-11,pranarom,fra,huile coco poux,1.2,3,18,final
2025-11-12,pranarom,fra,huile coco poux,1.2,3,16,final
2025-11-13,pranarom,fra,huile coco poux,1.1,1,7,final
2025-11-14,pranarom,fra,huile coco poux,1.4,2,10,final
2025-11-15,pranarom,fra,huile coco poux,1.2,3,12,final
2025-11-16,pranarom,fra,huile coco poux,1.1,6,18,final
2025-11-17,pranarom,fra,huile coco poux,1.2,1,12,final
2025-11-18,pranarom,fra,huile coco poux,1.2,1,12,final
2025-11-19,pranarom,fra,huile coco poux,1.2,4,10,final
2025-11-20,pranarom,fra,huile coco poux,1.6,0,5,final
2025-11-21,pranarom,fra,huile coco poux,1.1,1,8,final
2025-11-22,pranarom,fra,huile coco poux,1.1,5,9,final
2025-11-23,pranarom,fra,huile coco poux,1.1,6,11,final
2025-11-24,pranarom,fra,huile coco poux,1.1,3,9,final
2025-11-25,pranarom,fra,huile coco poux,1,3,5,final
2025-11-26,pranarom,fra,huile coco poux,1.1,3,15,final
2025-11-27,pranarom,fra,huile coco poux,1,1,9,final
2025-11-28,pranarom,fra,huile coco poux,1,2,9,final
2025-11-29,pranarom,fra,huile coco poux,1,5,14,final
2025-11-30,pranarom,fra,huile coco poux,1,5,13,final
2025-12-01,pranarom,fra,huile coco poux,1.1,0,9,final
2025-12-02,pranarom,fra,huile coco poux,1,1,7,final
2025-12-03,pranarom,fra,huile coco poux,1.1,2,10,final
2025-12-04,pranarom,fra,huile coco poux,1.1,2,8,final
2025-12-05,pranarom,fra,huile coco poux,1.2,3,6,final
2025-12-06,pranarom,fra,huile coco poux,1.1,5,14,final
2025-12-07,pranarom,fra,huile coco poux,1.1,8,14,final
2025-12-08,pranarom,fra,huile coco poux,1.1,3,10,final
2025-12-09,pranarom,fra,huile coco poux,1.2,1,12,final
2025-12-10,pranarom,fra,huile coco poux,1,3,12,final
2025-12-11,pranarom,fra,huile coco poux,1,3,8,final
2025-12-12,pranarom,fra,huile coco poux,1.1,3,8,final
2025-12-13,pranarom,fra,huile coco poux,1.2,5,15,final
2025-12-14,pranarom,fra,huile coco poux,1.2,1,15,final
2025-12-15,pranarom,fra,huile coco poux,1.1,2,7,final
2025-12-16,pranarom,fra,huile coco poux,1.1,4,11,final
2025-12-17,pranarom,fra,huile coco poux,1.2,2,6,final
2025-12-18,pranarom,fra,huile coco poux,1.2,1,6,final
2025-12-19,pranarom,fra,huile coco poux,1.3,1,7,final
2025-12-20,pranarom,fra,huile coco poux,1.1,5,13,final
2025-12-21,pranarom,fra,huile coco poux,1.1,4,15,final
2025-12-22,pranarom,fra,huile coco poux,1.1,4,11,final
2025-12-23,pranarom,fra,huile coco poux,1.2,0,9,final
2025-12-24,pranarom,fra,huile coco poux,1.2,1,4,final
2025-12-25,pranarom,fra,huile coco poux,1.1,3,9,final
2025-12-26,pranarom,fra,huile coco poux,1.1,2,10,final
2025-12-27,pranarom,fra,huile coco poux,1.1,2,14,final
2025-12-28,pranarom,fra,huile coco poux,1.2,6,13,final
2025-12-29,pranarom,fra,huile coco poux,1.1,1,12,final
2025-12-30,pranarom,fra,huile coco poux,1,3,15,final
2025-12-31,pranarom,fra,huile coco poux,1,2,9,final
2026-01-01,pranarom,fra,huile coco poux,1.1,2,10,final
2026-01-02,pranarom,fra,huile coco poux,1,4,9,final
2026-01-03,pranarom,fra,huile coco poux,1.2,5,13,final
2026-01-04,pranarom,fra,huile coco poux,1.1,4,12,final
2026-01-05,pranarom,fra,huile coco poux,1.3,1,6,final
2026-01-06,pranarom,fra,huile coco poux,1.1,3,9,final
2026-01-07,pranarom,fra,huile coco poux,1.2,0,4,final
2026-01-08,pranarom,fra,huile coco poux,1.1,3,8,final
2026-01-09,pranarom,fra,huile coco poux,1.2,3,13,final
2026-01-10,pranarom,fra,huile coco poux,1.1,4,10,final
2026-01-11,pranarom,fra,huile coco poux,1.2,3,16,final
2026-01-12,pranarom,fra,huile coco poux,1.1,1,15,final
2026-01-13,pranarom,fra,huile coco poux,1,0,6,final
2026-01-14,pranarom,fra,huile coco poux,1.1,5,16,final
2026-01-15,pranarom,fra,huile coco poux,1,0,8,final
2026-01-16,pranarom,fra,huile coco poux,1.1,2,9,final
2026-01-17,pranarom,fra,huile coco poux,1.1,3,11,final
2026-01-18,pranarom,fra,huile coco poux,1.1,4,10,final
2026-01-19,pranarom,fra,huile coco poux,1,2,5,final
2026-01-20,pranarom,fra,huile coco poux,1.1,1,10,final
2026-01-21,pranarom,fra,huile coco poux,1,5,11,final
2026-01-22,pranarom,fra,huile coco poux,1,1,8,final
2026-01-23,pranarom,fra,huile coco poux,1,4,8,final
2026-01-24,pranarom,fra,huile coco poux,1,3,12,final
2026-01-25,pranarom,fra,huile coco poux,1,1,11,final
2026-01-26,pranarom,fra,huile coco poux,1,3,9,final
2026-01-27,pranarom,fra,huile coco poux,1,3,16,final
2026-01-28,pranarom,fra,huile coco poux,1,2,10,final
2026-01-29,pranarom,fra,huile coco poux,1,2,5,final
2026-01-30,pranarom,fra,huile coco poux,1,3,10,final
2026-01-31,pranarom,fra,huile coco poux,1,1,9,final
2026-02-01,pranarom,fra,huile coco poux,1,5,17,final
2026-02-02,pranarom,fra,huile coco poux,1,1,8,final
2026-02-03,pranarom,fra,huile coco poux,1,1,6,final
2026-02-04,pranarom,fra,huile coco poux,1,5,14,final
2026-02-05,pranarom,fra,huile coco poux,1,3,11,final
2026-02-06,pranarom,fra,huile coco poux,1,1,7,final
2026-02-07,pranarom,fra,huile coco poux,1,4,13,final
2026-02-08,pranarom,fra,huile coco poux,1,4,8,final
2026-02-09,pranarom,fra,huile coco poux,1,2,5,final
2026-02-10,pranarom,fra,huile coco poux,1,3,6,final
2026-02-11,pranarom,fra,huile coco poux,1,2,4,final
2026-02-12,pranarom,fra,huile coco poux,1,2,3,final
2026-02-13,pranarom,fra,huile coco poux,1,4,14,final
2026-02-14,pranarom,fra,huile coco poux,2.7,3,15,final
2026-02-15,pranarom,fra,huile coco poux,2,4,9,final
2026-02-16,pranarom,fra,huile coco poux,2,1,11,final
2026-02-17,pranarom,fra,huile coco poux,1.8,2,15,final
2026-02-18,pranarom,fra,huile coco poux,1.9,1,7,final
2026-02-19,pranarom,fra,huile coco poux,1.7,4,13,final
2026-02-20,pranarom,fra,huile coco poux,1.2,0,9,final
2026-02-21,pranarom,fra,huile coco poux,1.8,1,12,final
2026-02-22,pranarom,fra,huile coco poux,2,4,11,final
2026-02-23,pranarom,fra,huile coco poux,1.1,5,16,final
2026-02-24,pranarom,fra,huile coco poux,3.2,0,9,final
2026-02-25,pranarom,fra,huile coco poux,1,2,8,final
2026-02-26,pranarom,fra,huile coco poux,3,3,10,final
2026-02-27,pranarom,fra,huile coco poux,1,7,10,final
2026-02-28,pranarom,fra,huile coco poux,1,2,7,final
2026-03-01,pranarom,fra,huile coco poux,1,6,17,final
2026-03-02,pranarom,fra,huile coco poux,1.9,2,7,final
2026-03-03,pranarom,fra,huile coco poux,2.2,0,5,final
2026-03-04,pranarom,fra,huile coco poux,1.5,1,4,final
2026-03-05,pranarom,fra,huile coco poux,1,0,5,final
2026-03-06,pranarom,fra,huile coco poux,1,3,4,final
2026-03-07,pranarom,fra,huile coco poux,1,4,11,final
2026-03-08,pranarom,fra,huile coco poux,1,4,11,final
2026-03-09,pranarom,fra,huile coco poux,1,2,8,final
2026-03-10,pranarom,fra,huile coco poux,1,1,8,final
2026-03-11,pranarom,fra,huile coco poux,1,0,5,final
2026-03-12,pranarom,fra,huile coco poux,1,3,5,final
2026-03-13,pranarom,fra,huile coco poux,3,0,7,final
2026-03-14,pranarom,fra,huile coco poux,1.7,1,11,final
2026-03-15,pranarom,fra,huile coco poux,1,2,8,final
2026-03-16,pranarom,fra,huile coco poux,1,2,10,final
2026-03-17,pranarom,fra,huile coco poux,1,2,12,final
2026-03-18,pranarom,fra,huile coco poux,1.2,1,8,final
2026-03-19,pranarom,fra,huile coco poux,1,1,5,final
2026-03-20,pranarom,fra,huile coco poux,1,2,8,final
2026-03-21,pranarom,fra,huile coco poux,1,5,15,final
2026-03-22,pranarom,fra,huile coco poux,1,7,12,final
2026-03-23,pranarom,fra,huile coco poux,1,2,9,final
2026-03-24,pranarom,fra,huile coco poux,1,5,10,final
2026-03-25,pranarom,fra,huile coco poux,1,3,9,final
2026-03-26,pranarom,fra,huile coco poux,1,2,8,final
2026-03-27,pranarom,fra,huile coco poux,1,2,6,final
2026-03-28,pranarom,fra,huile coco poux,1,5,13,final
2026-03-29,pranarom,fra,huile coco poux,1,7,19,final
2026-03-30,pranarom,fra,huile coco poux,1,3,5,final
2026-03-31,pranarom,fra,huile coco poux,1,1,4,final
2026-04-01,pranarom,fra,huile coco poux,1,3,10,final
2026-04-02,pranarom,fra,huile coco poux,1,1,6,final
2026-04-03,pranarom,fra,huile coco poux,1,1,6,final
2026-04-04,pranarom,fra,huile coco poux,1,4,11,final
2026-04-05,pranarom,fra,huile coco poux,1,1,5,final
2026-04-06,pranarom,fra,huile coco poux,1,3,14,final
2026-04-07,pranarom,fra,huile coco poux,1,1,5,final
2026-04-08,pranarom,fra,huile coco poux,1,4,8,final
2026-04-09,pranarom,fra,huile coco poux,1,5,11,final
2026-04-10,pranarom,fra,huile coco poux,1,1,4,final
2026-04-11,pranarom,fra,huile coco poux,1,3,8,final
2026-04-12,pranarom,fra,huile coco poux,1,1,8,final
2026-04-13,pranarom,fra,huile coco poux,1,3,7,final
2026-04-14,pranarom,fra,huile coco poux,1,4,14,final
2026-04-15,pranarom,fra,huile coco poux,1,2,4,final
2026-04-16,pranarom,fra,huile coco poux,1,0,7,final
2026-04-17,pranarom,fra,huile coco poux,1,5,9,final
2026-04-18,pranarom,fra,huile coco poux,1,3,7,final
2026-04-19,pranarom,fra,huile coco poux,1,4,8,final
2026-04-20,pranarom,fra,huile coco poux,1,3,10,final
2026-04-21,pranarom,fra,huile coco poux,1,3,12,final
2026-04-22,pranarom,fra,huile coco poux,1,2,5,final
2026-04-23,pranarom,fra,huile coco poux,1,1,2,final
2026-04-24,pranarom,fra,huile coco poux,1,1,8,final
2026-04-25,pranarom,fra,huile coco poux,1,2,4,final
2026-04-26,pranarom,fra,huile coco poux,1,5,8,final
2026-04-27,pranarom,fra,huile coco poux,1,3,14,final
2026-04-28,pranarom,fra,huile coco poux,1,3,7,final
2026-04-29,pranarom,fra,huile coco poux,1,3,8,final
2026-04-30,pranarom,fra,huile coco poux,1.2,1,8,final
2026-05-01,pranarom,fra,huile coco poux,1.2,3,10,final
2026-05-02,pranarom,fra,huile coco poux,1,4,11,final
2026-05-03,pranarom,fra,huile coco poux,1,3,14,final
2026-05-04,pranarom,fra,huile coco poux,1.2,1,12,final
2026-05-05,pranarom,fra,huile coco poux,1,2,6,final
2026-05-06,pranarom,fra,huile coco poux,1.1,5,9,final
2026-05-07,pranarom,fra,huile coco poux,1.3,0,6,final
2026-05-08,pranarom,fra,huile coco poux,1.2,0,5,final
2026-05-09,pranarom,fra,huile coco poux,1,2,7,final
2026-05-10,pranarom,fra,huile coco poux,1.2,2,12,final
2026-05-11,pranarom,fra,huile coco poux,1,4,12,final
2026-05-12,pranarom,fra,huile coco poux,1.1,3,9,final
2026-05-13,pranarom,fra,huile coco poux,1.2,1,6,final
2026-05-14,pranarom,fra,huile coco poux,1.1,0,7,final
2026-05-15,pranarom,fra,huile coco poux,1.3,1,7,final
2026-05-16,pranarom,fra,huile coco poux,1,3,14,final
2026-05-17,pranarom,fra,huile coco poux,1,5,7,final
2026-05-18,pranarom,fra,huile coco poux,1.2,1,6,final
2026-05-19,pranarom,fra,huile coco poux,1,4,9,final
2026-05-20,pranarom,fra,huile coco poux,1.3,5,7,final
2026-05-21,pranarom,fra,huile coco poux,1,0,3,final
2026-05-22,pranarom,fra,huile coco poux,1.1,3,7,final
2026-05-23,pranarom,fra,huile coco poux,1,1,13,final
2026-05-24,pranarom,fra,huile coco poux,1,3,11,final
2026-05-25,pranarom,fra,huile coco poux,1,2,6,final
2026-05-26,pranarom,fra,huile coco poux,1.2,2,4,final
2026-05-27,pranarom,fra,huile coco poux,1.2,0,5,final
2026-05-28,pranarom,fra,huile coco poux,1,2,7,final
2026-05-29,pranarom,fra,huile coco poux,1,2,3,final
2026-05-30,pranarom,fra,huile coco poux,1,3,8,final
2026-05-31,pranarom,fra,huile coco poux,1,3,8,final
2026-06-01,pranarom,fra,huile coco poux,1.2,2,10,final
2026-06-02,pranarom,fra,huile coco poux,1.1,2,7,final
2026-06-03,pranarom,fra,huile coco poux,1,4,7,final
2026-06-04,pranarom,fra,huile coco poux,1,3,6,final
2026-06-05,pranarom,fra,huile coco poux,1,2,8,final
2026-06-06,pranarom,fra,huile coco poux,1.2,1,6,final
2026-06-07,pranarom,fra,huile coco poux,1,2,11,final
2026-06-08,pranarom,fra,huile coco poux,1,3,8,final
2026-06-09,pranarom,fra,huile coco poux,1,0,9,final
2026-06-10,pranarom,fra,huile coco poux,1,2,7,final
2026-06-11,pranarom,fra,huile coco poux,1,2,5,final
2026-06-12,pranarom,fra,huile coco poux,1,0,2,final
2026-06-13,pranarom,fra,huile coco poux,1,1,2,final
2026-06-14,pranarom,fra,huile coco poux,1,1,10,final
2026-06-15,pranarom,fra,huile coco poux,1,0,6,final
2026-06-16,pranarom,fra,huile coco poux,1,1,7,final
2026-06-17,pranarom,fra,huile coco poux,1.3,2,7,final
2026-06-18,pranarom,fra,huile coco poux,1,0,7,final
2026-06-19,pranarom,fra,huile coco poux,1.2,1,5,final
2026-06-20,pranarom,fra,huile coco poux,1,4,9,final
2026-06-21,pranarom,fra,huile coco poux,1,3,11,final
2026-06-22,pranarom,fra,huile coco poux,1,0,2,final
2026-06-23,pranarom,fra,huile coco poux,1,3,10,final
2026-06-24,pranarom,fra,huile coco poux,1,2,4,final
2026-06-25,pranarom,fra,huile coco poux,1,1,6,final
2026-06-26,pranarom,fra,huile coco poux,1,0,4,final
2026-06-27,pranarom,fra,huile coco poux,1,2,4,final
2026-06-28,pranarom,fra,huile coco poux,1,4,9,final
2026-06-29,pranarom,fra,huile coco poux,1,5,10,final
2026-06-30,pranarom,fra,huile coco poux,1,1,3,final
2026-07-01,pranarom,fra,huile coco poux,1,2,9,final
2026-07-02,pranarom,fra,huile coco poux,1,3,5,final
2026-07-03,pranarom,fra,huile coco poux,1.1,2,8,final
2026-07-04,pranarom,fra,huile coco poux,1,1,12,final
2026-07-05,pranarom,fra,huile coco poux,1,2,9,final
2026-07-06,pranarom,fra,huile coco poux,1,0,4,final
2026-07-07,pranarom,fra,huile coco poux,1,4,11,final
2026-07-08,pranarom,fra,huile coco poux,1.1,6,14,final
2026-07-09,pranarom,fra,huile coco poux,1.1,2,10,final
2026-07-10,pranarom,fra,huile coco poux,1,0,6,final
2026-07-11,pranarom,fra,huile coco poux,1,2,8,final
2026-07-12,pranarom,fra,huile coco poux,1,2,8,final
2026-07-13,pranarom,fra,huile coco poux,1,5,12,final
2026-07-14,pranarom,fra,huile coco poux,1,2,10,final
2026-07-15,pranarom,fra,huile coco poux,1.1,2,13,final
2026-07-16,pranarom,fra,huile coco poux,1,4,7,final
2026-07-17,pranarom,fra,huile coco poux,1,0,6,final
2026-07-18,pranarom,fra,huile coco poux,1.2,1,6,final
2026-07-19,pranarom,fra,huile coco poux,1,2,15,final
2026-07-20,pranarom,fra,huile coco poux,1,2,9,final
2026-07-21,pranarom,fra,huile coco poux,1.1,3,10,final
2026-07-22,pranarom,fra,huile coco poux,1.1,3,13,final
2026-07-23,pranarom,fra,huile coco poux,1.1,7,14,final
2026-07-24,pranarom,fra,huile coco poux,1,1,6,final
2026-07-25,pranarom,fra,huile coco poux,1,5,10,final
2026-07-26,pranarom,fra,huile coco poux,1,6,14,final
2026-07-27,pranarom,fra,huile coco poux,1.1,5,12,final
2026-07-28,pranarom,fra,huile coco poux,1.1,1,8,final
2026-07-29,pranarom,fra,huile coco poux,1.2,1,5,final
2026-07-30,pranarom,fra,huile coco poux,1,7,20,final
2026-07-31,pranarom,fra,huile coco poux,1,4,10,final
2026-08-01,pranarom,fra,huile coco poux,6,3,13,final
2026-08-02,pranarom,fra,huile coco poux,1.1,4,9,final
2026-08-03,pranarom,fra,huile coco poux,1.1,2,10,final
2026-08-04,pranarom,fra,huile coco poux,1.2,1,8,final
2026-08-05,pranarom,fra,huile coco poux,1,2,7,final
2026-08-06,pranarom,fra,huile coco poux,1,3,9,final
2026-08-07,pranarom,fra,huile coco poux,1.1,4,14,final
2026-08-08,pranarom,fra,huile coco poux,1.3,1,6,final
2026-08-09,pranarom,fra,huile coco poux,1,1,9,final
2026-08-10,pranarom,fra,huile coco poux,1,6,13,final
2026-08-11,pranarom,fra,huile coco poux,1,1,6,final
2026-08-12,pranarom,fra,huile coco poux,1,3,7,final
2026-08-13,pranarom,fra,huile coco poux,1,1,4,final
2026-08-14,pranarom,fra,huile coco poux,1.2,2,10,final
2026-08-15,pranarom,fra,huile coco poux,8.2,2,9,final
2026-08-16,pranarom,fra,huile coco poux,1.1,3,11,final
2026-08-17,pranarom,fra,huile coco poux,1,6,13,final
2026-08-18,pranarom,fra,huile coco poux,1.1,3,11,final
2026-08-19,pranarom,fra,huile coco poux,1.1,4,10,final
2026-08-20,pranarom,fra,huile coco poux,1,2,10,final
2026-08-21,pranarom,fra,huile coco poux,1.2,4,13,final
2026-08-22,pranarom,fra,huile coco poux,1.1,2,7,final
2026-08-23,pranarom,fra,huile coco poux,1,3,11,final
2026-08-24,pranarom,fra,huile coco poux,1.1,1,11,final
2026-08-25,pranarom,fra,huile coco poux,1,1,11,final
2026-08-26,pranarom,fra,huile coco poux,1.1,4,14,final
2026-08-27,pranarom,fra,huile coco poux,1,2,14,final
2026-08-28,pranarom,fra,huile coco poux,1.1,3,14,final
2026-08-29,pranarom,fra,huile coco poux,1,0,15,final
2026-08-30,pranarom,fra,huile coco poux,1,2,16,final
2026-08-31,pranarom,fra,huile coco poux,1,2,9,final
2026-09-01,pranarom,fra,huile coco poux,1.1,1,8,final
2026-09-02,pranarom,fra,huile coco poux,1,2,8,final
2026-09-03,pranarom,fra,huile coco poux,1.3,0,11,final
2026-09-04,pranarom,fra,huile coco poux,6.2,4,13,final
2026-09-05,pranarom,fra,huile coco poux,1,2,10,final
2026-09-06,pranarom,fra,huile coco poux,1,3,10,final
2026-09-07,pranarom,fra,huile coco poux,1.1,4,14,final
2026-09-08,pranarom,fra,huile coco poux,1,1,5,final
2026-09-09,pranarom,fra,huile coco poux,1.1,2,11,final
2026-09-10,pranarom,fra,huile coco poux,1,4,8,final
2026-09-11,pranarom,fra,huile coco poux,1.1,2,9,final
2026-09-12,pranarom,fra,huile coco poux,6.7,3,12,final
2026-09-13,pranarom,fra,huile coco poux,1,2,11,final
2026-09-14,pranarom,fra,huile coco poux,1,4,12,final
2026-09-15,pranarom,fra,huile coco poux,1.1,2,17,final
2026-09-16,pranarom,fra,huile coco poux,1,2,13,final
2026-09-17,pranarom,fra,huile coco poux,1.2,2,9,final
2026-09-18,pranarom,fra,huile coco poux,1,1,3,final
2026-09-19,pranarom,fra,huile coco poux,1,1,10,final
2026-09-20,pranarom,fra,huile coco poux,1,1,9,final
2026-09-21,pranarom,fra,huile coco poux,1,1,8,final
2026-09-22,pranarom,fra,huile coco poux,1,2,10,final
2026-09-23,pranarom,fra,huile coco poux,1.1,4,11,final
2026-09-24,pranarom,fra,huile coco poux,1,1,10,final
2026-09-25,pranarom,fra,huile coco poux,1.1,1,10,final
2026-09-26,pranarom,fra,huile coco poux,9.3,1,9,final
2026-09-27,pranarom,fra,huile coco poux,1.1,0,10,final
2026-09-28,pranarom,fra,huile coco poux,1,2,9,final
2026-09-29,pranarom,fra,huile coco poux,1.3,3,16,final
2026-09-30,pranarom,fra,huile coco poux,1.2,2,13,final
2026-10-01,pranarom,fra,huile coco poux,1,2,9,fresh
2026-10-02,pranarom,fra,huile coco poux,1,1,9,fresh
2025-06-10,pranarom,fra,huile de coco poux,2.2,4,37,final
2025-06-11,pranarom,fra,huile de coco poux,1.3,16,48,final
2025-06-12,pranarom,fra,huile de coco poux,1.4,12,27,final
2025-06-13,pranarom,fra,huile de coco poux,1.4,12,35,final
2025-06-14,pranarom,fra,huile de coco poux,1.4,11,37,final
2025-06-15,pranarom,fra,huile de coco poux,1.3,14,53,final
2025-06-16,pranarom,fra,huile de coco poux,1.3,12,34,final
2025-06-17,pranarom,fra,huile de coco poux,1.2,9,44,final
2025-06-18,pranarom,fra,huile de coco poux,1.3,15,55,final
2025-06-19,pranarom,fra,huile de coco poux,1.3,7,36,final
2025-06-20,pranarom,fra,huile de coco poux,1.1,17,50,final
2025-06-21,pranarom,fra,huile de coco poux,1.2,10,37,final
2025-06-22,pranarom,fra,huile de coco poux,1.1,15,44,final
2025-06-23,pranarom,fra,huile de coco poux,1.2,17,59,final
2025-06-24,pranarom,fra,huile de coco poux,1.4,8,36,final
2025-06-25,pranarom,fra,huile de coco poux,1.2,6,37,final
2025-06-26,pranarom,fra,huile de coco poux,1.5,8,26,final
2025-06-27,pranarom,fra,huile de coco poux,1.6,6,25,final
2025-06-28,pranarom,fra,huile de coco poux,1.3,11,43,final
2025-06-29,pranarom,fra,huile de coco poux,1.4,11,38,final
2025-06-30,pranarom,fra,huile de coco poux,1.4,7,31,final
2025-07-01,pranarom,fra,huile de coco poux,1.3,15,40,final
2025-07-02,pranarom,fra,huile de coco poux,1.4,13,52,final
2025-07-03,pranarom,fra,huile de coco poux,1.5,11,34,final
2025-07-04,pranarom,fra,huile de coco poux,1.3,12,46,final
2025-07-05,pranarom,fra,huile de coco poux,1.2,18,48,final
2025-07-06,pranarom,fra,huile de coco poux,1.2,18,70,final
2025-07-07,pranarom,fra,huile de coco poux,1.1,17,65,final
2025-07-08,pranarom,fra,huile de coco poux,1.2,10,46,final
2025-07-09,pranarom,fra,huile de coco poux,1.1,9,52,final
2025-07-10,pranarom,fra,huile de coco poux,1.0,20,61,final
2025-07-11,pranarom,fra,huile de coco poux,1.2,15,60,final
2025-07-12,pranarom,fra,huile de coco poux,1.4,14,58,final
2025-07-13,pranarom,fra,huile de coco poux,1.3,19,59,final
2025-07-14,pranarom,fra,huile de coco poux,1.1,20,73,final
2025-07-15,pranarom,fra,huile de coco poux,1.2,19,74,final
2025-07-16,pranarom,fra,huile de coco poux,1.2,18,65,final
2025-07-17,pranarom,fra,huile de coco poux,1.1,22,71,final
2025-07-18,pranarom,fra,huile de coco poux,1.1,16,60,final
2025-07-19,pranarom,fra,huile de coco poux,1.1,16,67,final
2025-07-20,pranarom,fra,huile de coco poux,1.3,16,93,final
2025-07-21,pranarom,fra,huile de coco poux,1.1,17,70,final
2025-07-22,pranarom,fra,huile de coco poux,1.1,24,76,final
2025-07-23,pranarom,fra,huile de coco poux,1.1,24,91,final
2025-07-24,pranarom,fra,huile de coco poux,1.1,18,61,final
2025-07-25,pranarom,fra,huile de coco poux,1.2,24,78,final
2025-07-26,pranarom,fra,huile de coco poux,1.1,9,53,final
2025-07-27,pranarom,fra,huile de coco poux,1.1,21,80,final
2025-07-28,pranarom,fra,huile de coco poux,1.2,23,88,final
2025-07-29,pranarom,fra,huile de coco poux,1.2,25,90,final
2025-07-30,pranarom,fra,huile de coco poux,1.1,20,78,final
2025-07-31,pranarom,fra,huile de coco poux,1.1,14,60,final
2025-08-01,pranarom,fra,huile de coco poux,1.2,21,70,final
2025-08-02,pranarom,fra,huile de coco poux,1.0,16,70,final
2025-08-03,pranarom,fra,huile de coco poux,1.0,33,86,final
2025-08-04,pranarom,fra,huile de coco poux,1.1,19,70,final
2025-08-05,pranarom,fra,huile de coco poux,1.1,22,73,final
2025-08-06,pranarom,fra,huile de coco poux,1.0,24,78,final
2025-08-07,pranarom,fra,huile de coco poux,1.2,19,64,final
2025-08-08,pranarom,fra,huile de coco poux,1.2,8,46,final
2025-08-09,pranarom,fra,huile de coco poux,1.0,10,51,final
2025-08-10,pranarom,fra,huile de coco poux,1.2,23,69,final
2025-08-11,pranarom,fra,huile de coco poux,1.1,19,62,final
2025-08-12,pranarom,fra,huile de coco poux,1.0,11,46,final
2025-08-13,pranarom,fra,huile de coco poux,1.0,26,60,final
2025-08-14,pranarom,fra,huile de coco poux,1,21,61,final
2025-08-15,pranarom,fra,huile de coco poux,1.1,13,41,final
2025-08-16,pranarom,fra,huile de coco poux,1.1,12,59,final
2025-08-17,pranarom,fra,huile de coco poux,1.1,12,58,final
2025-08-18,pranarom,fra,huile de coco poux,1.0,24,72,final
2025-08-19,pranarom,fra,huile de coco poux,1,18,61,final
2025-08-20,pranarom,fra,huile de coco poux,1.1,20,72,final
2025-08-21,pranarom,fra,huile de coco poux,1.1,12,54,final
2025-08-22,pranarom,fra,huile de coco poux,1.1,18,65,final
2025-08-23,pranarom,fra,huile de coco poux,1.1,21,72,final
2025-08-24,pranarom,fra,huile de coco poux,1.0,21,85,final
2025-08-25,pranarom,fra,huile de coco poux,1.0,13,70,final
2025-08-26,pranarom,fra,huile de coco poux,1.1,22,72,final
2025-08-27,pranarom,fra,huile de coco poux,1.0,21,64,final
2025-08-28,pranarom,fra,huile de coco poux,1.0,27,86,final
2025-08-29,pranarom,fra,huile de coco poux,1.1,24,80,final
2025-08-30,pranarom,fra,huile de coco poux,1.1,26,92,final
2025-08-31,pranarom,fra,huile de coco poux,1.0,39,107,final
2025-09-01,pranarom,fra,huile de coco poux,1.1,22,68,final
2025-09-02,pranarom,fra,huile de coco poux,1.3,15,95,final
2025-09-03,pranarom,fra,huile de coco poux,1.4,10,97,final
2025-09-04,pranarom,fra,huile de coco poux,1.4,10,56,final
2025-09-05,pranarom,fra,huile de coco poux,1.6,12,72,final
2025-09-06,pranarom,fra,huile de coco poux,1.4,19,84,final
2025-09-07,pranarom,fra,huile de coco poux,1.5,12,86,final
2025-09-08,pranarom,fra,huile de coco poux,1.6,17,83,final
2025-09-09,pranarom,fra,huile de coco poux,1.2,12,68,final
2025-09-10,pranarom,fra,huile de coco poux,1.6,8,68,final
2025-09-11,pranarom,fra,huile de coco poux,1.6,8,47,final
2025-09-12,pranarom,fra,huile de coco poux,1.3,10,50,final
2025-09-13,pranarom,fra,huile de coco poux,1.2,16,75,final
2025-09-14,pranarom,fra,huile de coco poux,1.1,22,97,final
2025-09-15,pranarom,fra,huile de coco poux,1.1,25,91,final
2025-09-16,pranarom,fra,huile de coco poux,1.2,20,71,final
2025-09-17,pranarom,fra,huile de coco poux,1.3,10,69,final
2025-09-18,pranarom,fra,huile de coco poux,1.3,9,63,final
2025-09-19,pranarom,fra,huile de coco poux,1.3,12,59,final
2025-09-20,pranarom,fra,huile de coco poux,1.3,9,53,final
2025-09-21,pranarom,fra,huile de coco poux,1.4,16,80,final
2025-09-22,pranarom,fra,huile de coco poux,1.6,6,52,final
2025-09-23,pranarom,fra,huile de coco poux,1.5,9,55,final
2025-09-24,pranarom,fra,huile de coco poux,1.3,9,62,final
2025-09-25,pranarom,fra,huile de coco poux,1.5,7,46,final
2025-09-26,pranarom,fra,huile de coco poux,1.5,7,66,final
2025-09-27,pranarom,fra,huile de coco poux,1.4,11,60,final
2025-09-28,pranarom,fra,huile de coco poux,1.4,10,100,final
2025-09-29,pranarom,fra,huile de coco poux,1.5,8,57,final
2025-09-30,pranarom,fra,huile de coco poux,1.5,4,68,final
2025-10-01,pranarom,fra,huile de coco poux,1.3,13,73,final
2025-10-02,pranarom,fra,huile de coco poux,1.2,12,55,final
2025-10-03,pranarom,fra,huile de coco poux,1.2,8,46,final
2025-10-04,pranarom,fra,huile de coco poux,1.4,11,75,final
2025-10-05,pranarom,fra,huile de coco poux,1.2,9,71,final
2025-10-06,pranarom,fra,huile de coco poux,1.3,10,46,final
2025-10-07,pranarom,fra,huile de coco poux,1.3,7,43,final
2025-10-08,pranarom,fra,huile de coco poux,1.3,13,59,final
2025-10-09,pranarom,fra,huile de coco poux,1.3,9,56,final
2025-10-10,pranarom,fra,huile de coco poux,1.3,7,40,final
2025-10-11,pranarom,fra,huile de coco poux,1.2,19,74,final
2025-10-12,pranarom,fra,huile de coco poux,1.2,18,69,final
2025-10-13,pranarom,fra,huile de coco poux,1.4,14,70,final
2025-10-14,pranarom,fra,huile de coco poux,1.5,14,67,final
2025-10-15,pranarom,fra,huile de coco poux,1.7,7,54,final
2025-10-16,pranarom,fra,huile de coco poux,1.4,8,56,final
2025-10-17,pranarom,fra,huile de coco poux,1.3,9,45,final
2025-10-18,pranarom,fra,huile de coco poux,1.4,16,58,final
2025-10-19,pranarom,fra,huile de coco poux,1.3,17,72,final
2025-10-20,pranarom,fra,huile de coco poux,1.5,13,64,final
2025-10-21,pranarom,fra,huile de coco poux,1.5,11,67,final
2025-10-22,pranarom,fra,huile de coco poux,1.3,13,60,final
2025-10-23,pranarom,fra,huile de coco poux,1.3,13,49,final
2025-10-24,pranarom,fra,huile de coco poux,1.4,7,43,final
2025-10-25,pranarom,fra,huile de coco poux,1.6,9,44,final
2025-10-26,pranarom,fra,huile de coco poux,1.5,15,68,final
2025-10-27,pranarom,fra,huile de coco poux,1.6,8,42,final
2025-10-28,pranarom,fra,huile de coco poux,1.4,5,51,final
2025-10-29,pranarom,fra,huile de coco poux,1.4,11,57,final
2025-10-30,pranarom,fra,huile de coco poux,1.5,14,59,final
2025-10-31,pranarom,fra,huile de coco poux,1.5,6,44,final
2025-11-01,pranarom,fra,huile de coco poux,1.6,8,37,final
2025-11-02,pranarom,fra,huile de coco poux,1.6,14,78,final
2025-11-03,pranarom,fra,huile de coco poux,1.5,13,44,final
2025-11-04,pranarom,fra,huile de coco poux,1.2,9,44,final
2025-11-05,pranarom,fra,huile de coco poux,1.2,11,63,final
2025-11-06,pranarom,fra,huile de coco poux,1.2,9,33,final
2025-11-07,pranarom,fra,huile de coco poux,1.2,9,44,final
2025-11-08,pranarom,fra,huile de coco poux,1.1,15,73,final
2025-11-09,pranarom,fra,huile de coco poux,1.1,13,61,final
2025-11-10,pranarom,fra,huile de coco poux,1.4,16,55,final
2025-11-11,pranarom,fra,huile de coco poux,1.0,18,63,final
2025-11-12,pranarom,fra,huile de coco poux,1.1,11,55,final
2025-11-13,pranarom,fra,huile de coco poux,1.1,7,45,final
2025-11-14,pranarom,fra,huile de coco poux,1.1,13,54,final
2025-11-15,pranarom,fra,huile de coco poux,1.1,9,50,final
2025-11-16,pranarom,fra,huile de coco poux,1.2,25,60,final
2025-11-17,pranarom,fra,huile de coco poux,1.1,12,43,final
2025-11-18,pranarom,fra,huile de coco poux,1.3,8,37,final
2025-11-19,pranarom,fra,huile de coco poux,1.2,12,38,final
2025-11-20,pranarom,fra,huile de coco poux,1.1,3,32,final
2025-11-21,pranarom,fra,huile de coco poux,1.2,3,39,final
2025-11-22,pranarom,fra,huile de coco poux,1.4,5,48,final
2025-11-23,pranarom,fra,huile de coco poux,1.3,9,47,final
2025-11-24,pranarom,fra,huile de coco poux,1.3,4,55,final
2025-11-25,pranarom,fra,huile de coco poux,1.4,5,56,final
2025-11-26,pranarom,fra,huile de coco poux,1.4,10,57,final
2025-11-27,pranarom,fra,huile de coco poux,1.9,10,41,final
2025-11-28,pranarom,fra,huile de coco poux,1.8,6,37,final
2025-11-29,pranarom,fra,huile de coco poux,1.6,6,64,final
2025-11-30,pranarom,fra,huile de coco poux,1.7,8,40,final
2025-12-01,pranarom,fra,huile de coco poux,1.6,3,52,final
2025-12-02,pranarom,fra,huile de coco poux,1.6,3,44,final
2025-12-03,pranarom,fra,huile de coco poux,1.7,7,45,final
2025-12-04,pranarom,fra,huile de coco poux,1.3,7,38,final
2025-12-05,pranarom,fra,huile de coco poux,1.5,3,35,final
2025-12-06,pranarom,fra,huile de coco poux,1.3,13,44,final
2025-12-07,pranarom,fra,huile de coco poux,1.4,15,74,final
2025-12-08,pranarom,fra,huile de coco poux,1.3,6,49,final
2025-12-09,pranarom,fra,huile de coco poux,1.4,3,48,final
2025-12-10,pranarom,fra,huile de coco poux,1.3,10,46,final
2025-12-11,pranarom,fra,huile de coco poux,1.3,5,49,final
2025-12-12,pranarom,fra,huile de coco poux,1.4,7,60,final
2025-12-13,pranarom,fra,huile de coco poux,1.7,11,50,final
2025-12-14,pranarom,fra,huile de coco poux,1.4,9,50,final
2025-12-15,pranarom,fra,huile de coco poux,1.7,4,41,final
2025-12-16,pranarom,fra,huile de coco poux,1.8,2,34,final
2025-12-17,pranarom,fra,huile de coco poux,1.7,7,45,final
2025-12-18,pranarom,fra,huile de coco poux,1.6,5,25,final
2025-12-19,pranarom,fra,huile de coco poux,1.4,8,28,final
2025-12-20,pranarom,fra,huile de coco poux,1.3,10,57,final
2025-12-21,pranarom,fra,huile de coco poux,1.6,7,42,final
2025-12-22,pranarom,fra,huile de coco poux,1.9,8,35,final
2025-12-23,pranarom,fra,huile de coco poux,1.9,3,48,final
2025-12-24,pranarom,fra,huile de coco poux,2,2,24,final
2025-12-25,pranarom,fra,huile de coco poux,1.9,1,34,final
2025-12-26,pranarom,fra,huile de coco poux,1.9,5,37,final
2025-12-27,pranarom,fra,huile de coco poux,1.9,9,54,final
2025-12-28,pranarom,fra,huile de coco poux,1.9,16,75,final
2025-12-29,pranarom,fra,huile de coco poux,1.9,15,73,final
2025-12-30,pranarom,fra,huile de coco poux,1,16,47,final
2025-12-31,pranarom,fra,huile de coco poux,1,9,22,final
2026-01-01,pranarom,fra,huile de coco poux,1.2,8,30,final
2026-01-02,pranarom,fra,huile de coco poux,1.6,9,49,final
2026-01-03,pranarom,fra,huile de coco poux,1.5,9,53,final
2026-01-04,pranarom,fra,huile de coco poux,1.6,7,56,final
2026-01-05,pranarom,fra,huile de coco poux,1.9,5,40,final
2026-01-06,pranarom,fra,huile de coco poux,2,2,30,final
2026-01-07,pranarom,fra,huile de coco poux,1.9,7,43,final
2026-01-08,pranarom,fra,huile de coco poux,1.9,7,47,final
2026-01-09,pranarom,fra,huile de coco poux,1.9,3,32,final
2026-01-10,pranarom,fra,huile de coco poux,1.9,8,51,final
2026-01-11,pranarom,fra,huile de coco poux,1.8,10,52,final
2026-01-12,pranarom,fra,huile de coco poux,1.9,10,51,final
2026-01-13,pranarom,fra,huile de coco poux,1.9,8,47,final
2026-01-14,pranarom,fra,huile de coco poux,1.9,10,58,final
2026-01-15,pranarom,fra,huile de coco poux,1.9,1,40,final
2026-01-16,pranarom,fra,huile de coco poux,1.9,6,53,final
2026-01-17,pranarom,fra,huile de coco poux,1.9,1,50,final
2026-01-18,pranarom,fra,huile de coco poux,1.8,5,65,final
2026-01-19,pranarom,fra,huile de coco poux,1.9,5,50,final
2026-01-20,pranarom,fra,huile de coco poux,1.5,7,44,final
2026-01-21,pranarom,fra,huile de coco poux,1.4,9,49,final
2026-01-22,pranarom,fra,huile de coco poux,1.4,2,29,final
2026-01-23,pranarom,fra,huile de coco poux,1.5,9,41,final
2026-01-24,pranarom,fra,huile de coco poux,1.5,2,39,final
2026-01-25,pranarom,fra,huile de coco poux,1.4,13,65,final
2026-01-26,pranarom,fra,huile de coco poux,1.5,8,51,final
2026-01-27,pranarom,fra,huile de coco poux,1.5,5,37,final
2026-01-28,pranarom,fra,huile de coco poux,1.4,5,39,final
2026-01-29,pranarom,fra,huile de coco poux,1.5,4,37,final
2026-01-30,pranarom,fra,huile de coco poux,1.5,1,27,final
2026-01-31,pranarom,fra,huile de coco poux,1.4,6,43,final
2026-02-01,pranarom,fra,huile de coco poux,1.4,6,61,final
2026-02-02,pranarom,fra,huile de coco poux,1.4,4,45,final
2026-02-03,pranarom,fra,huile de coco poux,1.4,1,38,final
2026-02-04,pranarom,fra,huile de coco poux,1.3,4,46,final
2026-02-05,pranarom,fra,huile de coco poux,1.4,6,45,final
2026-02-06,pranarom,fra,huile de coco poux,1.3,3,32,final
2026-02-07,pranarom,fra,huile de coco poux,1.3,7,48,final
2026-02-08,pranarom,fra,huile de coco poux,1.2,11,67,final
2026-02-09,pranarom,fra,huile de coco poux,1.3,5,45,final
2026-02-10,pranarom,fra,huile de coco poux,1.4,5,32,final
2026-02-11,pranarom,fra,huile de coco poux,1.9,9,43,final
2026-02-12,pranarom,fra,huile de coco poux,1.7,8,48,final
2026-02-13,pranarom,fra,huile de coco poux,1.7,8,58,final
2026-02-14,pranarom,fra,huile de coco poux,4,3,36,final
2026-02-15,pranarom,fra,huile de coco poux,2.4,8,61,final
2026-02-16,pranarom,fra,huile de coco poux,2.3,7,46,final
2026-02-17,pranarom,fra,huile de coco poux,2.3,7,43,final
2026-02-18,pranarom,fra,huile de coco poux,1.5,19,67,final
2026-02-19,pranarom,fra,huile de coco poux,2.2,7,44,final
2026-02-20,pranarom,fra,huile de coco poux,2.4,2,38,final
2026-02-21,pranarom,fra,huile de coco poux,2.0,18,66,final
2026-02-22,pranarom,fra,huile de coco poux,2.9,7,62,final
2026-02-23,pranarom,fra,huile de coco poux,1.2,14,56,final
2026-02-24,pranarom,fra,huile de coco poux,3,2,50,final
2026-02-25,pranarom,fra,huile de coco poux,2.0,6,54,final
2026-02-26,pranarom,fra,huile de coco poux,1.4,4,57,final
2026-02-27,pranarom,fra,huile de coco poux,1.8,7,59,final
2026-02-28,pranarom,fra,huile de coco poux,2.0,6,55,final
2026-03-01,pranarom,fra,huile de coco poux,2.5,5,63,final
2026-03-02,pranarom,fra,huile de coco poux,2.5,2,43,final
2026-03-03,pranarom,fra,huile de coco poux,2.8,1,44,final
2026-03-04,pranarom,fra,huile de coco poux,2.3,9,52,final
2026-03-05,pranarom,fra,huile de coco poux,1.9,5,35,final
2026-03-06,pranarom,fra,huile de coco poux,1.9,6,40,final
2026-03-07,pranarom,fra,huile de coco poux,1.8,6,41,final
2026-03-08,pranarom,fra,huile de coco poux,1.9,9,56,final
2026-03-09,pranarom,fra,huile de coco poux,1.8,5,33,final
2026-03-10,pranarom,fra,huile de coco poux,1.3,5,45,final
2026-03-11,pranarom,fra,huile de coco poux,1.9,3,34,final
2026-03-12,pranarom,fra,huile de coco poux,1.9,5,33,final
2026-03-13,pranarom,fra,huile de coco poux,2.9,1,45,final
2026-03-14,pranarom,fra,huile de coco poux,2.1,12,54,final
2026-03-15,pranarom,fra,huile de coco poux,2.0,6,35,final
2026-03-16,pranarom,fra,huile de coco poux,1.8,8,52,final
2026-03-17,pranarom,fra,huile de coco poux,1.9,8,66,final
2026-03-18,pranarom,fra,huile de coco poux,1.7,9,59,final
2026-03-19,pranarom,fra,huile de coco poux,1.8,3,38,final
2026-03-20,pranarom,fra,huile de coco poux,2.0,11,46,final
2026-03-21,pranarom,fra,huile de coco poux,1.8,7,49,final
2026-03-22,pranarom,fra,huile de coco poux,1.8,7,56,final
2026-03-23,pranarom,fra,huile de coco poux,1.8,5,51,final
2026-03-24,pranarom,fra,huile de coco poux,1.8,6,45,final
2026-03-25,pranarom,fra,huile de coco poux,1.7,12,47,final
2026-03-26,pranarom,fra,huile de coco poux,1.3,6,39,final
2026-03-27,pranarom,fra,huile de coco poux,1.4,7,36,final
2026-03-28,pranarom,fra,huile de coco poux,1.1,10,27,final
2026-03-29,pranarom,fra,huile de coco poux,1.3,14,52,final
2026-03-30,pranarom,fra,huile de coco poux,1.3,7,36,final
2026-03-31,pranarom,fra,huile de coco poux,1.2,14,45,final
2026-04-01,pranarom,fra,huile de coco poux,1.0,12,44,final
2026-04-02,pranarom,fra,huile de coco poux,1.0,7,30,final
2026-04-03,pranarom,fra,huile de coco poux,1.1,5,29,final
2026-04-04,pranarom,fra,huile de coco poux,1.1,7,46,final
2026-04-05,pranarom,fra,huile de coco poux,1.1,11,28,final
2026-04-06,pranarom,fra,huile de coco poux,1.0,12,54,final
2026-04-07,pranarom,fra,huile de coco poux,1.0,9,47,final
2026-04-08,pranarom,fra,huile de coco poux,1.1,7,29,final
2026-04-09,pranarom,fra,huile de coco poux,1,7,29,final
2026-04-10,pranarom,fra,huile de coco poux,1.0,7,30,final
2026-04-11,pranarom,fra,huile de coco poux,1,11,53,final
2026-04-12,pranarom,fra,huile de coco poux,1.0,12,54,final
2026-04-13,pranarom,fra,huile de coco poux,1.1,12,33,final
2026-04-14,pranarom,fra,huile de coco poux,1.1,9,40,final
2026-04-15,pranarom,fra,huile de coco poux,1.0,12,45,final
2026-04-16,pranarom,fra,huile de coco poux,1.1,13,36,final
2026-04-17,pranarom,fra,huile de coco poux,1,13,36,final
2026-04-18,pranarom,fra,huile de coco poux,1.1,10,42,final
2026-04-19,pranarom,fra,huile de coco poux,1,17,51,final
2026-04-20,pranarom,fra,huile de coco poux,1,9,27,final
2026-04-21,pranarom,fra,huile de coco poux,1,8,33,final
2026-04-22,pranarom,fra,huile de coco poux,1,4,42,final
2026-04-23,pranarom,fra,huile de coco poux,1,9,30,final
2026-04-24,pranarom,fra,huile de coco poux,1,13,48,final
2026-04-25,pranarom,fra,huile de coco poux,1.0,17,49,final
2026-04-26,pranarom,fra,huile de coco poux,1,19,47,final
2026-04-27,pranarom,fra,huile de coco poux,1,9,44,final
2026-04-28,pranarom,fra,huile de coco poux,1.0,17,45,final
2026-04-29,pranarom,fra,huile de coco poux,1.1,16,56,final
2026-04-30,pranarom,fra,huile de coco poux,1,9,32,final
2026-05-01,pranarom,fra,huile de coco poux,1.0,14,45,final
2026-05-02,pranarom,fra,huile de coco poux,1.0,15,44,final
2026-05-03,pranarom,fra,huile de coco poux,1.0,14,45,final
2026-05-04,pranarom,fra,huile de coco poux,1.0,11,44,final
2026-05-05,pranarom,fra,huile de coco poux,1.2,4,29,final
2026-05-06,pranarom,fra,huile de coco poux,1.1,14,42,final
2026-05-07,pranarom,fra,huile de coco poux,1.1,6,37,final
2026-05-08,pranarom,fra,huile de coco poux,1.1,9,47,final
2026-05-09,pranarom,fra,huile de coco poux,1.1,12,40,final
2026-05-10,pranarom,fra,huile de coco poux,1.0,16,46,final
2026-05-11,pranarom,fra,huile de coco poux,1.1,7,26,final
2026-05-12,pranarom,fra,huile de coco poux,1.1,13,38,final
2026-05-13,pranarom,fra,huile de coco poux,1.1,11,38,final
2026-05-14,pranarom,fra,huile de coco poux,1,13,34,final
2026-05-15,pranarom,fra,huile de coco poux,1.1,11,39,final
2026-05-16,pranarom,fra,huile de coco poux,1,7,21,final
2026-05-17,pranarom,fra,huile de coco poux,1.0,8,39,final
2026-05-18,pranarom,fra,huile de coco poux,1.0,11,35,final
2026-05-19,pranarom,fra,huile de coco poux,1.1,14,47,final
2026-05-20,pranarom,fra,huile de coco poux,1,8,32,final
2026-05-21,pranarom,fra,huile de coco poux,1.0,10,22,final
2026-05-22,pranarom,fra,huile de coco poux,1,7,22,final
2026-05-23,pranarom,fra,huile de coco poux,1.0,10,33,final
2026-05-24,pranarom,fra,huile de coco poux,1,4,27,final
2026-05-25,pranarom,fra,huile de coco poux,1.0,10,42,final
2026-05-26,pranarom,fra,huile de coco poux,1,5,35,final
2026-05-27,pranarom,fra,huile de coco poux,1,5,28,final
2026-05-28,pranarom,fra,huile de coco poux,1,4,30,final
2026-05-29,pranarom,fra,huile de coco poux,1,5,23,final
2026-05-30,pranarom,fra,huile de coco poux,1,7,20,final
2026-05-31,pranarom,fra,huile de coco poux,1.0,10,36,final
2026-06-01,pranarom,fra,huile de coco poux,1.0,4,35,final
2026-06-02,pranarom,fra,huile de coco poux,1,7,39,final
2026-06-03,pranarom,fra,huile de coco poux,1,13,49,final
2026-06-04,pranarom,fra,huile de coco poux,1,10,39,final
2026-06-05,pranarom,fra,huile de coco poux,1,13,38,final
2026-06-06,pranarom,fra,huile de coco poux,1,11,44,final
2026-06-07,pranarom,fra,huile de coco poux,1,8,47,final
2026-06-08,pranarom,fra,huile de coco poux,1,13,44,final
2026-06-09,pranarom,fra,huile de coco poux,1,12,38,final
2026-06-10,pranarom,fra,huile de coco poux,1,15,47,final
2026-06-11,pranarom,fra,huile de coco poux,1,8,31,final
2026-06-12,pranarom,fra,huile de coco poux,1.1,7,30,final
2026-06-13,pranarom,fra,huile de coco poux,1,12,30,final
2026-06-14,pranarom,fra,huile de coco poux,1.0,11,26,final
2026-06-15,pranarom,fra,huile de coco poux,1,13,43,final
2026-06-16,pranarom,fra,huile de coco poux,1.1,10,37,final
2026-06-17,pranarom,fra,huile de coco poux,1,9,31,final
2026-06-18,pranarom,fra,huile de coco poux,1.1,5,24,final
2026-06-19,pranarom,fra,huile de coco poux,1,4,25,final
2026-06-20,pranarom,fra,huile de coco poux,1.0,8,23,final
2026-06-21,pranarom,fra,huile de coco poux,1,6,31,final
2026-06-22,pranarom,fra,huile de coco poux,1,4,16,final
2026-06-23,pranarom,fra,huile de coco poux,1,8,26,final
2026-06-24,pranarom,fra,huile de coco poux,1,11,40,final
2026-06-25,pranarom,fra,huile de coco poux,1,4,25,final
2026-06-26,pranarom,fra,huile de coco poux,1,6,27,final
2026-06-27,pranarom,fra,huile de coco poux,1,5,29,final
2026-06-28,pranarom,fra,huile de coco poux,1,15,50,final
2026-06-29,pranarom,fra,huile de coco poux,1,8,38,final
2026-06-30,pranarom,fra,huile de coco poux,1,8,27,final
2026-07-01,pranarom,fra,huile de coco poux,1,9,39,final
2026-07-02,pranarom,fra,huile de coco poux,1,7,31,final
2026-07-03,pranarom,fra,huile de coco poux,1,8,39,final
2026-07-04,pranarom,fra,huile de coco poux,1,7,31,final
2026-07-05,pranarom,fra,huile de coco poux,1.0,9,43,final
2026-07-06,pranarom,fra,huile de coco poux,1,13,45,final
2026-07-07,pranarom,fra,huile de coco poux,1,12,37,final
2026-07-08,pranarom,fra,huile de coco poux,1.0,11,49,final
2026-07-09,pranarom,fra,huile de coco poux,1.0,15,56,final
2026-07-10,pranarom,fra,huile de coco poux,1.0,4,27,final
2026-07-11,pranarom,fra,huile de coco poux,1,15,37,final
2026-07-12,pranarom,fra,huile de coco poux,1,15,46,final
2026-07-13,pranarom,fra,huile de coco poux,1,7,36,final
2026-07-14,pranarom,fra,huile de coco poux,1.0,13,40,final
2026-07-15,pranarom,fra,huile de coco poux,1.0,21,61,final
2026-07-16,pranarom,fra,huile de coco poux,1.0,13,35,final
2026-07-17,pranarom,fra,huile de coco poux,1.0,17,49,final
2026-07-18,pranarom,fra,huile de coco poux,1.0,13,35,final
2026-07-19,pranarom,fra,huile de coco poux,1,20,63,final
2026-07-20,pranarom,fra,huile de coco poux,1.0,16,54,final
2026-07-21,pranarom,fra,huile de coco poux,1.0,12,41,final
2026-07-22,pranarom,fra,huile de coco poux,1.0,13,47,final
2026-07-23,pranarom,fra,huile de coco poux,1.1,10,40,final
2026-07-24,pranarom,fra,huile de coco poux,1.0,17,47,final
2026-07-25,pranarom,fra,huile de coco poux,1,17,43,final
2026-07-26,pranarom,fra,huile de coco poux,1.0,15,59,final
2026-07-27,pranarom,fra,huile de coco poux,1,9,38,final
2026-07-28,pranarom,fra,huile de coco poux,1,17,48,final
2026-07-29,pranarom,fra,huile de coco poux,1,11,43,final
2026-07-30,pranarom,fra,huile de coco poux,1.0,12,41,final
2026-07-31,pranarom,fra,huile de coco poux,1.0,9,37,final
2026-08-01,pranarom,fra,huile de coco poux,1.0,11,41,final
2026-08-02,pranarom,fra,huile de coco poux,1.0,16,63,final
2026-08-03,pranarom,fra,huile de coco poux,1.0,11,43,final
2026-08-04,pranarom,fra,huile de coco poux,1.0,22,54,final
2026-08-05,pranarom,fra,huile de coco poux,1.0,10,51,final
2026-08-06,pranarom,fra,huile de coco poux,1.1,12,39,final
2026-08-07,pranarom,fra,huile de coco poux,1.1,16,48,final
2026-08-08,pranarom,fra,huile de coco poux,1.1,14,52,final
2026-08-09,pranarom,fra,huile de coco poux,1.1,11,54,final
2026-08-10,pranarom,fra,huile de coco poux,1.2,8,58,final
2026-08-11,pranarom,fra,huile de coco poux,1.1,9,38,final
2026-08-12,pranarom,fra,huile de coco poux,1,8,43,final
2026-08-13,pranarom,fra,huile de coco poux,1.0,10,34,final
2026-08-14,pranarom,fra,huile de coco poux,1,12,54,final
2026-08-15,pranarom,fra,huile de coco poux,1.0,13,47,final
2026-08-16,pranarom,fra,huile de coco poux,1.0,7,48,final
2026-08-17,pranarom,fra,huile de coco poux,1.0,25,69,final
2026-08-18,pranarom,fra,huile de coco poux,1.0,8,47,final
2026-08-19,pranarom,fra,huile de coco poux,1.0,8,52,final
2026-08-20,pranarom,fra,huile de coco poux,1.2,7,46,final
2026-08-21,pranarom,fra,huile de coco poux,1.5,0,36,final
2026-08-22,pranarom,fra,huile de coco poux,1.6,5,54,final
2026-08-23,pranarom,fra,huile de coco poux,1.6,7,72,final
2026-08-24,pranarom,fra,huile de coco poux,1.6,11,63,final
2026-08-25,pranarom,fra,huile de coco poux,1.4,9,55,final
2026-08-26,pranarom,fra,huile de coco poux,1.6,5,95,final
2026-08-27,pranarom,fra,huile de coco poux,1.6,9,57,final
2026-08-28,pranarom,fra,huile de coco poux,1.5,6,59,final
2026-08-29,pranarom,fra,huile de coco poux,1.6,10,60,final
2026-08-30,pranarom,fra,huile de coco poux,1.6,11,97,final
2026-08-31,pranarom,fra,huile de coco poux,1.6,9,64,final
2026-09-01,pranarom,fra,huile de coco poux,1.5,6,59,final
2026-09-02,pranarom,fra,huile de coco poux,1.5,4,55,final
2026-09-03,pranarom,fra,huile de coco poux,1.0,12,42,final
2026-09-04,pranarom,fra,huile de coco poux,1.1,7,45,final
2026-09-05,pranarom,fra,huile de coco poux,1.1,12,53,final
2026-09-06,pranarom,fra,huile de coco poux,1.0,15,57,final
2026-09-07,pranarom,fra,huile de coco poux,1.0,9,46,final
2026-09-08,pranarom,fra,huile de coco poux,1.0,7,34,final
2026-09-09,pranarom,fra,huile de coco poux,1.0,11,41,final
2026-09-10,pranarom,fra,huile de coco poux,1,7,34,final
2026-09-11,pranarom,fra,huile de coco poux,1.0,9,41,final
2026-09-12,pranarom,fra,huile de coco poux,1.1,4,40,final
2026-09-13,pranarom,fra,huile de coco poux,1.1,20,75,final
2026-09-14,pranarom,fra,huile de coco poux,1.0,12,48,final
2026-09-15,pranarom,fra,huile de coco poux,1.0,15,61,final
2026-09-16,pranarom,fra,huile de coco poux,1.1,11,58,final
2026-09-17,pranarom,fra,huile de coco poux,1,9,38,final
2026-09-18,pranarom,fra,huile de coco poux,1,6,46,final
2026-09-19,pranarom,fra,huile de coco poux,1.1,9,41,final
2026-09-20,pranarom,fra,huile de coco poux,1.1,14,90,final
2026-09-21,pranarom,fra,huile de coco poux,1,12,61,final
2026-09-22,pranarom,fra,huile de coco poux,1.1,9,48,final
2026-09-23,pranarom,fra,huile de coco poux,1,14,49,final
2026-09-24,pranarom,fra,huile de coco poux,1.0,15,43,final
2026-09-25,pranarom,fra,huile de coco poux,1.0,16,56,final
2026-09-26,pranarom,fra,huile de coco poux,1,12,47,final
2026-09-27,pranarom,fra,huile de coco poux,1,11,76,final
2026-09-28,pranarom,fra,huile de coco poux,1.0,8,47,final
2026-09-29,pranarom,fra,huile de coco poux,1,7,52,final
2026-09-30,pranarom,fra,huile de coco poux,1.1,9,57,final
2026-10-01,pranarom,fra,huile de coco poux,1,6,40,fresh
2026-10-02,pranarom,fra,huile de coco poux,1.1,7,41,fresh
2025-06-10,pranarom,fra,huile de nigelle,11.4,4,432,final
2025-06-11,pranarom,fra,huile de nigelle,12.3,4,380,final
2025-06-12,pranarom,fra,huile de nigelle,6.7,1,18,final
2025-06-13,pranarom,fra,huile de nigelle,5.8,3,24,final
2025-06-14,pranarom,fra,huile de nigelle,9.0,1,22,final
2025-06-15,pranarom,fra,huile de nigelle,9.8,1,26,final
2025-06-16,pranarom,fra,huile de nigelle,6.0,0,27,final
2025-06-17,pranarom,fra,huile de nigelle,4.6,0,20,final
2025-06-18,pranarom,fra,huile de nigelle,2.7,13,189,final
2025-06-19,pranarom,fra,huile de nigelle,3.5,2,112,final
2025-06-20,pranarom,fra,huile de nigelle,10.2,1,56,final
2025-06-21,pranarom,fra,huile de nigelle,11.7,0,39,final
2025-06-22,pranarom,fra,huile de nigelle,6.3,2,43,final
2025-06-23,pranarom,fra,huile de nigelle,6.2,1,26,final
2025-06-24,pranarom,fra,huile de nigelle,11.6,1,23,final
2025-06-25,pranarom,fra,huile de nigelle,10.3,2,24,final
2025-06-26,pranarom,fra,huile de nigelle,9.4,1,41,final
2025-06-27,pranarom,fra,huile de nigelle,13.5,1,24,final
2025-06-28,pranarom,fra,huile de nigelle,9.6,0,30,final
2025-06-29,pranarom,fra,huile de nigelle,6,2,30,final
2025-06-30,pranarom,fra,huile de nigelle,9.0,1,30,final
2025-07-01,pranarom,fra,huile de nigelle,17.6,0,63,final
2025-07-02,pranarom,fra,huile de nigelle,17.9,0,94,final
2025-07-03,pranarom,fra,huile de nigelle,17.5,2,82,final
2025-07-04,pranarom,fra,huile de nigelle,19.3,1,81,final
2025-07-05,pranarom,fra,huile de nigelle,15.7,1,94,final
2025-07-06,pranarom,fra,huile de nigelle,18.8,2,66,final
2025-07-07,pranarom,fra,huile de nigelle,18.5,0,66,final
2025-07-08,pranarom,fra,huile de nigelle,20.2,0,65,final
2025-07-09,pranarom,fra,huile de nigelle,11.8,2,144,final
2025-07-10,pranarom,fra,huile de nigelle,10.6,2,182,final
2025-07-11,pranarom,fra,huile de nigelle,9.0,3,156,final
2025-07-12,pranarom,fra,huile de nigelle,17.5,0,82,final
2025-07-13,pranarom,fra,huile de nigelle,18.0,0,69,final
2025-07-14,pranarom,fra,huile de nigelle,12.6,1,103,final
2025-07-15,pranarom,fra,huile de nigelle,17.9,4,100,final
2025-07-16,pranarom,fra,huile de nigelle,17.4,0,96,final
2025-07-17,pranarom,fra,huile de nigelle,17.2,2,90,final
2025-07-18,pranarom,fra,huile de nigelle,14.3,0,90,final
2025-07-19,pranarom,fra,huile de nigelle,11.8,3,209,final
2025-07-20,pranarom,fra,huile de nigelle,13.8,0,128,final
2025-07-21,pranarom,fra,huile de nigelle,12.8,1,158,final
2025-07-22,pranarom,fra,huile de nigelle,11.9,3,179,final
2025-07-23,pranarom,fra,huile de nigelle,12.0,1,213,final
2025-07-24,pranarom,fra,huile de nigelle,12.9,2,220,final
2025-07-25,pranarom,fra,huile de nigelle,12.1,3,168,final
2025-07-26,pranarom,fra,huile de nigelle,12.5,1,149,final
2025-07-27,pranarom,fra,huile de nigelle,12.5,2,166,final
2025-07-28,pranarom,fra,huile de nigelle,13.1,1,198,final
2025-07-29,pranarom,fra,huile de nigelle,12.0,1,407,final
2025-07-30,pranarom,fra,huile de nigelle,13.0,1,388,final
2025-07-31,pranarom,fra,huile de nigelle,12.3,2,195,final
2025-08-01,pranarom,fra,huile de nigelle,11.5,2,316,final
2025-08-02,pranarom,fra,huile de nigelle,11.0,1,352,final
2025-08-03,pranarom,fra,huile de nigelle,11.5,2,282,final
2025-08-04,pranarom,fra,huile de nigelle,6.0,4,239,final
2025-08-05,pranarom,fra,huile de nigelle,12.0,1,118,final
2025-08-06,pranarom,fra,huile de nigelle,12.2,1,154,final
2025-08-07,pranarom,fra,huile de nigelle,11.0,0,142,final
2025-08-08,pranarom,fra,huile de nigelle,12.2,2,93,final
2025-08-09,pranarom,fra,huile de nigelle,12.8,1,100,final
2025-08-10,pranarom,fra,huile de nigelle,12.2,1,136,final
2025-08-11,pranarom,fra,huile de nigelle,11.8,2,175,final
2025-08-12,pranarom,fra,huile de nigelle,10.9,0,226,final
2025-08-13,pranarom,fra,huile de nigelle,10.8,0,154,final
2025-08-14,pranarom,fra,huile de nigelle,11.0,2,208,final
2025-08-15,pranarom,fra,huile de nigelle,11.4,7,867,final
2025-08-16,pranarom,fra,huile de nigelle,11.7,5,1302,final
2025-08-17,pranarom,fra,huile de nigelle,11.6,2,744,final
2025-08-18,pranarom,fra,huile de nigelle,11.6,6,746,final
2025-08-19,pranarom,fra,huile de nigelle,11.3,6,1455,final
2025-08-20,pranarom,fra,huile de nigelle,11.7,3,716,final
2025-08-21,pranarom,fra,huile de nigelle,12.1,4,432,final
2025-08-22,pranarom,fra,huile de nigelle,12.2,1,590,final
2025-08-23,pranarom,fra,huile de nigelle,11.6,4,1090,final
2025-08-24,pranarom,fra,huile de nigelle,11.4,6,1189,final
2025-08-25,pranarom,fra,huile de nigelle,9.6,9,345,final
2025-08-26,pranarom,fra,huile de nigelle,11.8,7,423,final
2025-08-27,pranarom,fra,huile de nigelle,12.2,7,507,final
2025-08-28,pranarom,fra,huile de nigelle,13.4,0,157,final
2025-08-29,pranarom,fra,huile de nigelle,11.2,3,94,final
2025-08-30,pranarom,fra,huile de nigelle,11.3,2,207,final
2025-08-31,pranarom,fra,huile de nigelle,11.9,4,332,final
2025-09-01,pranarom,fra,huile de nigelle,10.1,4,351,final
2025-09-02,pranarom,fra,huile de nigelle,11.9,7,181,final
2025-09-03,pranarom,fra,huile de nigelle,4.1,3,280,final
2025-09-04,pranarom,fra,huile de nigelle,5.8,9,272,final
2025-09-05,pranarom,fra,huile de nigelle,16.4,3,97,final
2025-09-06,pranarom,fra,huile de nigelle,18.2,0,76,final
2025-09-07,pranarom,fra,huile de nigelle,17.2,1,111,final
2025-09-08,pranarom,fra,huile de nigelle,15.0,2,205,final
2025-09-09,pranarom,fra,huile de nigelle,18.9,3,95,final
2025-09-10,pranarom,fra,huile de nigelle,16.7,2,77,final
2025-09-11,pranarom,fra,huile de nigelle,16.8,1,179,final
2025-09-12,pranarom,fra,huile de nigelle,13.2,2,171,final
2025-09-13,pranarom,fra,huile de nigelle,14.6,0,53,final
2025-09-14,pranarom,fra,huile de nigelle,15.9,5,93,final
2025-09-15,pranarom,fra,huile de nigelle,9.3,3,78,final
2025-09-16,pranarom,fra,huile de nigelle,9.2,2,69,final
2025-09-17,pranarom,fra,huile de nigelle,9.8,7,406,final
2025-09-18,pranarom,fra,huile de nigelle,8.3,1,211,final
2025-09-19,pranarom,fra,huile de nigelle,9.8,2,373,final
2025-09-20,pranarom,fra,huile de nigelle,8.0,2,251,final
2025-09-21,pranarom,fra,huile de nigelle,8.2,4,116,final
2025-09-22,pranarom,fra,huile de nigelle,9.6,0,96,final
2025-09-23,pranarom,fra,huile de nigelle,12.1,1,76,final
2025-09-24,pranarom,fra,huile de nigelle,10.7,1,153,final
2025-09-25,pranarom,fra,huile de nigelle,10.5,2,127,final
2025-09-26,pranarom,fra,huile de nigelle,9.2,1,193,final
2025-09-27,pranarom,fra,huile de nigelle,10.4,1,109,final
2025-09-28,pranarom,fra,huile de nigelle,11.8,1,376,final
2025-09-29,pranarom,fra,huile de nigelle,9.3,2,130,final
2025-09-30,pranarom,fra,huile de nigelle,10.3,2,117,final
2025-10-01,pranarom,fra,huile de nigelle,7.8,1,142,final
2025-10-02,pranarom,fra,huile de nigelle,8.6,5,181,final
2025-10-03,pranarom,fra,huile de nigelle,10.7,2,110,final
2025-10-04,pranarom,fra,huile de nigelle,10.0,4,126,final
2025-10-05,pranarom,fra,huile de nigelle,9.5,1,125,final
2025-10-06,pranarom,fra,huile de nigelle,10.8,1,93,final
2025-10-07,pranarom,fra,huile de nigelle,11.6,0,68,final
2025-10-08,pranarom,fra,huile de nigelle,10.1,4,110,final
2025-10-09,pranarom,fra,huile de nigelle,9.6,1,83,final
2025-10-10,pranarom,fra,huile de nigelle,9.5,1,85,final
2025-10-11,pranarom,fra,huile de nigelle,9.2,1,66,final
2025-10-12,pranarom,fra,huile de nigelle,9.9,3,88,final
2025-10-13,pranarom,fra,huile de nigelle,9.3,3,137,final
2025-10-14,pranarom,fra,huile de nigelle,10.5,0,105,final
2025-10-15,pranarom,fra,huile de nigelle,6.7,0,216,final
2025-10-16,pranarom,fra,huile de nigelle,6.3,5,208,final
2025-10-17,pranarom,fra,huile de nigelle,7.7,1,132,final
2025-10-18,pranarom,fra,huile de nigelle,8.0,3,100,final
2025-10-19,pranarom,fra,huile de nigelle,8.2,0,92,final
2025-10-20,pranarom,fra,huile de nigelle,12.2,0,86,final
2025-10-21,pranarom,fra,huile de nigelle,11.6,0,76,final
2025-10-22,pranarom,fra,huile de nigelle,13.2,0,57,final
2025-10-23,pranarom,fra,huile de nigelle,12.9,0,61,final
2025-10-24,pranarom,fra,huile de nigelle,15.1,1,73,final
2025-10-25,pranarom,fra,huile de nigelle,14.4,2,52,final
2025-10-26,pranarom,fra,huile de nigelle,14.7,1,53,final
2025-10-27,pranarom,fra,huile de nigelle,12.0,1,53,final
2025-10-28,pranarom,fra,huile de nigelle,14.1,1,62,final
2025-10-29,pranarom,fra,huile de nigelle,13.6,2,108,final
2025-10-30,pranarom,fra,huile de nigelle,12.7,1,98,final
2025-10-31,pranarom,fra,huile de nigelle,13.6,1,69,final
2025-11-01,pranarom,fra,huile de nigelle,11.8,2,80,final
2025-11-02,pranarom,fra,huile de nigelle,11.8,1,318,final
2025-11-03,pranarom,fra,huile de nigelle,9.5,2,75,final
2025-11-04,pranarom,fra,huile de nigelle,11.5,2,105,final
2025-11-05,pranarom,fra,huile de nigelle,10.9,3,121,final
2025-11-06,pranarom,fra,huile de nigelle,11.4,1,266,final
2025-11-07,pranarom,fra,huile de nigelle,9.8,5,584,final
2025-11-08,pranarom,fra,huile de nigelle,6.4,16,583,final
2025-11-09,pranarom,fra,huile de nigelle,5.8,12,472,final
2025-11-10,pranarom,fra,huile de nigelle,4.8,6,348,final
2025-11-11,pranarom,fra,huile de nigelle,5.6,6,318,final
2025-11-12,pranarom,fra,huile de nigelle,11.6,1,90,final
2025-11-13,pranarom,fra,huile de nigelle,13.2,1,100,final
2025-11-14,pranarom,fra,huile de nigelle,12.7,1,98,final
2025-11-15,pranarom,fra,huile de nigelle,12.0,0,86,final
2025-11-16,pranarom,fra,huile de nigelle,11.3,1,99,final
2025-11-17,pranarom,fra,huile de nigelle,11.5,1,99,final
2025-11-18,pranarom,fra,huile de nigelle,10.2,1,340,final
2025-11-19,pranarom,fra,huile de nigelle,9.2,1,305,final
2025-11-20,pranarom,fra,huile de nigelle,11.2,3,324,final
2025-11-21,pranarom,fra,huile de nigelle,10.6,2,298,final
2025-11-22,pranarom,fra,huile de nigelle,10.6,2,310,final
2025-11-23,pranarom,fra,huile de nigelle,11.5,0,305,final
2025-11-24,pranarom,fra,huile de nigelle,11.3,0,128,final
2025-11-25,pranarom,fra,huile de nigelle,10.2,1,141,final
2025-11-26,pranarom,fra,huile de nigelle,12.2,1,92,final
2025-11-27,pranarom,fra,huile de nigelle,11.9,0,88,final
2025-11-28,pranarom,fra,huile de nigelle,12.6,0,94,final
2025-11-29,pranarom,fra,huile de nigelle,11.8,0,83,final
2025-11-30,pranarom,fra,huile de nigelle,11.8,2,84,final
2025-12-01,pranarom,fra,huile de nigelle,11.1,1,94,final
2025-12-02,pranarom,fra,huile de nigelle,8.6,3,162,final
2025-12-03,pranarom,fra,huile de nigelle,7.8,6,196,final
2025-12-04,pranarom,fra,huile de nigelle,7.7,11,387,final
2025-12-05,pranarom,fra,huile de nigelle,11.4,0,98,final
2025-12-06,pranarom,fra,huile de nigelle,9.6,4,194,final
2025-12-07,pranarom,fra,huile de nigelle,4.7,5,244,final
2025-12-08,pranarom,fra,huile de nigelle,4.8,5,265,final
2025-12-09,pranarom,fra,huile de nigelle,14.0,0,57,final
2025-12-10,pranarom,fra,huile de nigelle,14.2,2,79,final
2025-12-11,pranarom,fra,huile de nigelle,17.1,0,59,final
2025-12-12,pranarom,fra,huile de nigelle,10.3,2,130,final
2025-12-13,pranarom,fra,huile de nigelle,14.9,0,157,final
2025-12-14,pranarom,fra,huile de nigelle,14.2,3,97,final
2025-12-15,pranarom,fra,huile de nigelle,12.8,0,136,final
2025-12-16,pranarom,fra,huile de nigelle,12.3,2,112,final
2025-12-17,pranarom,fra,huile de nigelle,13.5,1,92,final
2025-12-18,pranarom,fra,huile de nigelle,14.6,0,106,final
2025-12-19,pranarom,fra,huile de nigelle,12.3,0,84,final
2025-12-20,pranarom,fra,huile de nigelle,15.3,2,113,final
2025-12-21,pranarom,fra,huile de nigelle,11.0,0,107,final
2025-12-22,pranarom,fra,huile de nigelle,10.4,1,83,final
2025-12-23,pranarom,fra,huile de nigelle,11.7,1,80,final
2025-12-24,pranarom,fra,huile de nigelle,15.0,0,85,final
2025-12-25,pranarom,fra,huile de nigelle,12.6,0,106,final
2025-12-26,pranarom,fra,huile de nigelle,13.4,0,84,final
2025-12-27,pranarom,fra,huile de nigelle,15.4,1,118,final
2025-12-28,pranarom,fra,huile de nigelle,11.2,2,117,final
2025-12-29,pranarom,fra,huile de nigelle,10.7,1,149,final
2025-12-30,pranarom,fra,huile de nigelle,8.8,1,113,final
2025-12-31,pranarom,fra,huile de nigelle,20.7,0,68,final
2026-01-01,pranarom,fra,huile de nigelle,11.1,3,159,final
2026-01-02,pranarom,fra,huile de nigelle,4.8,6,407,final
2026-01-03,pranarom,fra,huile de nigelle,6.9,2,251,final
2026-01-04,pranarom,fra,huile de nigelle,6.2,4,298,final
2026-01-05,pranarom,fra,huile de nigelle,7.1,6,201,final
2026-01-06,pranarom,fra,huile de nigelle,5.2,10,267,final
2026-01-07,pranarom,fra,huile de nigelle,9.8,2,128,final
2026-01-08,pranarom,fra,huile de nigelle,11.3,4,217,final
2026-01-09,pranarom,fra,huile de nigelle,5.3,10,695,final
2026-01-10,pranarom,fra,huile de nigelle,5.0,10,389,final
2026-01-11,pranarom,fra,huile de nigelle,4.8,13,323,final
2026-01-12,pranarom,fra,huile de nigelle,5.9,4,285,final
2026-01-13,pranarom,fra,huile de nigelle,5.9,3,227,final
2026-01-14,pranarom,fra,huile de nigelle,7.3,5,259,final
2026-01-15,pranarom,fra,huile de nigelle,6.8,7,237,final
2026-01-16,pranarom,fra,huile de nigelle,7.6,6,245,final
2026-01-17,pranarom,fra,huile de nigelle,13.5,1,107,final
2026-01-18,pranarom,fra,huile de nigelle,10.7,0,116,final
2026-01-19,pranarom,fra,huile de nigelle,13.7,1,68,final
2026-01-20,pranarom,fra,huile de nigelle,20.0,1,34,final
2026-01-21,pranarom,fra,huile de nigelle,23.6,0,56,final
2026-01-22,pranarom,fra,huile de nigelle,24.4,0,37,final
2026-01-23,pranarom,fra,huile de nigelle,22.2,1,128,final
2026-01-24,pranarom,fra,huile de nigelle,23.6,1,81,final
2026-01-25,pranarom,fra,huile de nigelle,17.1,0,73,final
2026-01-26,pranarom,fra,huile de nigelle,22.6,2,59,final
2026-01-27,pranarom,fra,huile de nigelle,16.5,1,54,final
2026-01-28,pranarom,fra,huile de nigelle,18.0,1,77,final
2026-01-29,pranarom,fra,huile de nigelle,24.8,3,71,final
2026-01-30,pranarom,fra,huile de nigelle,20.7,1,70,final
2026-01-31,pranarom,fra,huile de nigelle,23.0,0,93,final
2026-02-01,pranarom,fra,huile de nigelle,12.6,2,92,final
2026-02-02,pranarom,fra,huile de nigelle,22.3,3,106,final
2026-02-03,pranarom,fra,huile de nigelle,16.8,0,77,final
2026-02-04,pranarom,fra,huile de nigelle,15.7,1,113,final
2026-02-05,pranarom,fra,huile de nigelle,12.8,4,146,final
2026-02-06,pranarom,fra,huile de nigelle,11.1,3,114,final
2026-02-07,pranarom,fra,huile de nigelle,14.6,1,104,final
2026-02-08,pranarom,fra,huile de nigelle,12.1,1,69,final
2026-02-09,pranarom,fra,huile de nigelle,18.6,0,73,final
2026-02-10,pranarom,fra,huile de nigelle,8.5,6,152,final
2026-02-11,pranarom,fra,huile de nigelle,12.4,2,105,final
2026-02-12,pranarom,fra,huile de nigelle,12.1,1,114,final
2026-02-13,pranarom,fra,huile de nigelle,14.2,0,120,final
2026-02-14,pranarom,fra,huile de nigelle,9.2,1,290,final
2026-02-15,pranarom,fra,huile de nigelle,6.6,1,187,final
2026-02-16,pranarom,fra,huile de nigelle,8.7,1,249,final
2026-02-17,pranarom,fra,huile de nigelle,6.7,8,306,final
2026-02-18,pranarom,fra,huile de nigelle,10.1,2,192,final
2026-02-19,pranarom,fra,huile de nigelle,10.8,3,262,final
2026-02-20,pranarom,fra,huile de nigelle,20.9,0,77,final
2026-02-21,pranarom,fra,huile de nigelle,14.3,0,54,final
2026-02-22,pranarom,fra,huile de nigelle,11.1,0,61,final
2026-02-23,pranarom,fra,huile de nigelle,14.0,1,69,final
2026-02-24,pranarom,fra,huile de nigelle,11.7,1,166,final
2026-02-25,pranarom,fra,huile de nigelle,14.2,0,51,final
2026-02-26,pranarom,fra,huile de nigelle,11.8,0,227,final
2026-02-27,pranarom,fra,huile de nigelle,10.4,5,542,final
2026-02-28,pranarom,fra,huile de nigelle,11.1,1,353,final
2026-03-01,pranarom,fra,huile de nigelle,10.9,1,377,final
2026-03-02,pranarom,fra,huile de nigelle,11.0,4,319,final
2026-03-03,pranarom,fra,huile de nigelle,9.4,11,597,final
2026-03-04,pranarom,fra,huile de nigelle,9.6,2,518,final
2026-03-05,pranarom,fra,huile de nigelle,11.0,3,391,final
2026-03-06,pranarom,fra,huile de nigelle,13.1,4,371,final
2026-03-07,pranarom,fra,huile de nigelle,10.6,3,413,final
2026-03-08,pranarom,fra,huile de nigelle,10.4,7,441,final
2026-03-09,pranarom,fra,huile de nigelle,8.7,9,727,final
2026-03-10,pranarom,fra,huile de nigelle,10.0,7,585,final
2026-03-11,pranarom,fra,huile de nigelle,10.2,5,708,final
2026-03-12,pranarom,fra,huile de nigelle,10.5,5,522,final
2026-03-13,pranarom,fra,huile de nigelle,10.0,3,293,final
2026-03-14,pranarom,fra,huile de nigelle,10.1,8,631,final
2026-03-15,pranarom,fra,huile de nigelle,8.9,4,284,final
2026-03-16,pranarom,fra,huile de nigelle,11.0,1,185,final
2026-03-17,pranarom,fra,huile de nigelle,9.3,5,422,final
2026-03-18,pranarom,fra,huile de nigelle,11.7,2,459,final
2026-03-19,pranarom,fra,huile de nigelle,12.5,4,573,final
2026-03-20,pranarom,fra,huile de nigelle,11.9,2,380,final
2026-03-21,pranarom,fra,huile de nigelle,12.2,3,427,final
2026-03-22,pranarom,fra,huile de nigelle,10.7,8,945,final
2026-03-23,pranarom,fra,huile de nigelle,11.4,7,825,final
2026-03-24,pranarom,fra,huile de nigelle,12.5,4,656,final
2026-03-25,pranarom,fra,huile de nigelle,10.1,14,783,final
2026-03-26,pranarom,fra,huile de nigelle,9.3,7,683,final
2026-03-27,pranarom,fra,huile de nigelle,9.7,6,584,final
2026-03-28,pranarom,fra,huile de nigelle,11.2,4,267,final
2026-03-29,pranarom,fra,huile de nigelle,11.1,5,308,final
2026-03-30,pranarom,fra,huile de nigelle,10.0,7,532,final
2026-03-31,pranarom,fra,huile de nigelle,10.5,7,605,final
2026-04-01,pranarom,fra,huile de nigelle,9.7,10,537,final
2026-04-02,pranarom,fra,huile de nigelle,9.5,8,575,final
2026-04-03,pranarom,fra,huile de nigelle,9.4,10,491,final
2026-04-04,pranarom,fra,huile de nigelle,10.7,2,449,final
2026-04-05,pranarom,fra,huile de nigelle,10.1,6,522,final
2026-04-06,pranarom,fra,huile de nigelle,10.9,3,280,final
2026-04-07,pranarom,fra,huile de nigelle,9.7,4,497,final
2026-04-08,pranarom,fra,huile de nigelle,7.7,19,821,final
2026-04-09,pranarom,fra,huile de nigelle,7.5,10,766,final
2026-04-10,pranarom,fra,huile de nigelle,6.2,19,722,final
2026-04-11,pranarom,fra,huile de nigelle,9.4,2,273,final
2026-04-12,pranarom,fra,huile de nigelle,12.3,3,224,final
2026-04-13,pranarom,fra,huile de nigelle,5.2,16,1285,final
2026-04-14,pranarom,fra,huile de nigelle,4.4,18,1134,final
2026-04-15,pranarom,fra,huile de nigelle,9.1,5,299,final
2026-04-16,pranarom,fra,huile de nigelle,8.3,3,112,final
2026-04-17,pranarom,fra,huile de nigelle,4.3,5,212,final
2026-04-18,pranarom,fra,huile de nigelle,3.7,4,311,final
2026-04-19,pranarom,fra,huile de nigelle,12.5,1,258,final
2026-04-20,pranarom,fra,huile de nigelle,12.9,2,304,final
2026-04-21,pranarom,fra,huile de nigelle,12.9,3,92,final
2026-04-22,pranarom,fra,huile de nigelle,7.5,3,222,final
2026-04-23,pranarom,fra,huile de nigelle,4.9,6,240,final
2026-04-24,pranarom,fra,huile de nigelle,14.0,1,53,final
2026-04-25,pranarom,fra,huile de nigelle,11.9,0,49,final
2026-04-26,pranarom,fra,huile de nigelle,13.7,0,66,final
2026-04-27,pranarom,fra,huile de nigelle,9.0,3,64,final
2026-04-28,pranarom,fra,huile de nigelle,14.8,2,62,final
2026-04-29,pranarom,fra,huile de nigelle,12.4,0,58,final
2026-04-30,pranarom,fra,huile de nigelle,18.9,1,60,final
2026-05-01,pranarom,fra,huile de nigelle,13.7,0,132,final
2026-05-02,pranarom,fra,huile de nigelle,13.9,1,83,final
2026-05-03,pranarom,fra,huile de nigelle,14,0,79,final
2026-05-04,pranarom,fra,huile de nigelle,15.3,0,79,final
2026-05-05,pranarom,fra,huile de nigelle,13.2,0,60,final
2026-05-06,pranarom,fra,huile de nigelle,18.6,1,62,final
2026-05-07,pranarom,fra,huile de nigelle,15.1,1,54,final
2026-05-08,pranarom,fra,huile de nigelle,5.8,4,126,final
2026-05-09,pranarom,fra,huile de nigelle,5.0,7,217,final
2026-05-10,pranarom,fra,huile de nigelle,5.7,5,209,final
2026-05-11,pranarom,fra,huile de nigelle,5.6,6,244,final
2026-05-12,pranarom,fra,huile de nigelle,26.9,3,118,final
2026-05-13,pranarom,fra,huile de nigelle,32.4,1,100,final
2026-05-14,pranarom,fra,huile de nigelle,14.5,0,65,final
2026-05-15,pranarom,fra,huile de nigelle,10.2,3,82,final
2026-05-16,pranarom,fra,huile de nigelle,5.6,7,317,final
2026-05-17,pranarom,fra,huile de nigelle,3.9,9,442,final
2026-05-18,pranarom,fra,huile de nigelle,3.9,8,298,final
2026-05-19,pranarom,fra,huile de nigelle,12.4,1,82,final
2026-05-20,pranarom,fra,huile de nigelle,16.6,1,105,final
2026-05-21,pranarom,fra,huile de nigelle,18.5,0,65,final
2026-05-22,pranarom,fra,huile de nigelle,13.4,0,49,final
2026-05-23,pranarom,fra,huile de nigelle,14,1,53,final
2026-05-24,pranarom,fra,huile de nigelle,16.2,0,52,final
2026-05-25,pranarom,fra,huile de nigelle,14.4,0,30,final
2026-05-26,pranarom,fra,huile de nigelle,14.9,1,50,final
2026-05-27,pranarom,fra,huile de nigelle,13.5,1,42,final
2026-05-28,pranarom,fra,huile de nigelle,13.2,1,64,final
2026-05-29,pranarom,fra,huile de nigelle,14.0,0,100,final
2026-05-30,pranarom,fra,huile de nigelle,11.2,1,59,final
2026-05-31,pranarom,fra,huile de nigelle,13.3,1,49,final
2026-06-01,pranarom,fra,huile de nigelle,12.1,0,74,final
2026-06-02,pranarom,fra,huile de nigelle,12.5,3,73,final
2026-06-03,pranarom,fra,huile de nigelle,13.6,0,137,final
2026-06-04,pranarom,fra,huile de nigelle,12.4,2,630,final
2026-06-05,pranarom,fra,huile de nigelle,14.3,0,51,final
2026-06-06,pranarom,fra,huile de nigelle,14.7,0,47,final
2026-06-07,pranarom,fra,huile de nigelle,15.3,0,57,final
2026-06-08,pranarom,fra,huile de nigelle,15.5,0,51,final
2026-06-09,pranarom,fra,huile de nigelle,13.5,0,359,final
2026-06-10,pranarom,fra,huile de nigelle,13.4,1,558,final
2026-06-11,pranarom,fra,huile de nigelle,13.0,0,398,final
2026-06-12,pranarom,fra,huile de nigelle,14.7,0,52,final
2026-06-13,pranarom,fra,huile de nigelle,14.0,0,52,final
2026-06-14,pranarom,fra,huile de nigelle,14.2,0,33,final
2026-06-15,pranarom,fra,huile de nigelle,13.3,0,46,final
2026-06-16,pranarom,fra,huile de nigelle,17.4,0,46,final
2026-06-17,pranarom,fra,huile de nigelle,19.0,0,63,final
2026-06-18,pranarom,fra,huile de nigelle,16.6,0,40,final
2026-06-19,pranarom,fra,huile de nigelle,15.4,0,41,final
2026-06-20,pranarom,fra,huile de nigelle,19.2,0,43,final
2026-06-21,pranarom,fra,huile de nigelle,13.8,0,42,final
2026-06-22,pranarom,fra,huile de nigelle,16.9,0,62,final
2026-06-23,pranarom,fra,huile de nigelle,17.9,0,37,final
2026-06-24,pranarom,fra,huile de nigelle,19.9,0,50,final
2026-06-25,pranarom,fra,huile de nigelle,18.1,1,51,final
2026-06-26,pranarom,fra,huile de nigelle,15.5,0,27,final
2026-06-27,pranarom,fra,huile de nigelle,14.3,0,30,final
2026-06-28,pranarom,fra,huile de nigelle,12.4,0,42,final
2026-06-29,pranarom,fra,huile de nigelle,16.7,0,32,final
2026-06-30,pranarom,fra,huile de nigelle,16.5,1,40,final
2026-07-01,pranarom,fra,huile de nigelle,15.6,0,45,final
2026-07-02,pranarom,fra,huile de nigelle,16.7,0,53,final
2026-07-03,pranarom,fra,huile de nigelle,13.0,0,41,final
2026-07-04,pranarom,fra,huile de nigelle,18.7,0,30,final
2026-07-05,pranarom,fra,huile de nigelle,15.8,1,36,final
2026-07-06,pranarom,fra,huile de nigelle,23.6,1,48,final
2026-07-07,pranarom,fra,huile de nigelle,18.8,0,37,final
2026-07-08,pranarom,fra,huile de nigelle,13.6,1,54,final
2026-07-09,pranarom,fra,huile de nigelle,11.9,2,91,final
2026-07-10,pranarom,fra,huile de nigelle,11.4,1,243,final
2026-07-11,pranarom,fra,huile de nigelle,12.7,0,246,final
2026-07-12,pranarom,fra,huile de nigelle,13.1,3,354,final
2026-07-13,pranarom,fra,huile de nigelle,11.8,7,235,final
2026-07-14,pranarom,fra,huile de nigelle,12.3,1,400,final
2026-07-15,pranarom,fra,huile de nigelle,12.1,2,457,final
2026-07-16,pranarom,fra,huile de nigelle,12.3,3,471,final
2026-07-17,pranarom,fra,huile de nigelle,12.5,2,487,final
2026-07-18,pranarom,fra,huile de nigelle,11.2,3,417,final
2026-07-19,pranarom,fra,huile de nigelle,12.7,5,429,final
2026-07-20,pranarom,fra,huile de nigelle,11.6,2,456,final
2026-07-21,pranarom,fra,huile de nigelle,11.5,4,415,final
2026-07-22,pranarom,fra,huile de nigelle,11.4,5,424,final
2026-07-23,pranarom,fra,huile de nigelle,11.9,1,370,final
2026-07-24,pranarom,fra,huile de nigelle,12.5,0,432,final
2026-07-25,pranarom,fra,huile de nigelle,12.2,3,426,final
2026-07-26,pranarom,fra,huile de nigelle,13.0,3,350,final
2026-07-27,pranarom,fra,huile de nigelle,12.2,2,424,final
2026-07-28,pranarom,fra,huile de nigelle,11.3,2,530,final
2026-07-29,pranarom,fra,huile de nigelle,11.4,5,481,final
2026-07-30,pranarom,fra,huile de nigelle,10.1,1,457,final
2026-07-31,pranarom,fra,huile de nigelle,9.0,2,278,final
2026-08-01,pranarom,fra,huile de nigelle,10.6,1,287,final
2026-08-02,pranarom,fra,huile de nigelle,11.7,1,487,final
2026-08-03,pranarom,fra,huile de nigelle,12.3,0,601,final
2026-08-04,pranarom,fra,huile de nigelle,12.0,1,400,final
2026-08-05,pranarom,fra,huile de nigelle,11.9,2,344,final
2026-08-06,pranarom,fra,huile de nigelle,11.9,6,1166,final
2026-08-07,pranarom,fra,huile de nigelle,11.8,7,1350,final
2026-08-08,pranarom,fra,huile de nigelle,11.0,6,838,final
2026-08-09,pranarom,fra,huile de nigelle,11.2,5,857,final
2026-08-10,pranarom,fra,huile de nigelle,11.2,2,756,final
2026-08-11,pranarom,fra,huile de nigelle,11.9,2,552,final
2026-08-12,pranarom,fra,huile de nigelle,11.2,0,263,final
2026-08-13,pranarom,fra,huile de nigelle,11.5,0,628,final
2026-08-14,pranarom,fra,huile de nigelle,12.9,3,565,final
2026-08-15,pranarom,fra,huile de nigelle,13.5,1,430,final
2026-08-16,pranarom,fra,huile de nigelle,13.2,2,559,final
2026-08-17,pranarom,fra,huile de nigelle,12.0,3,593,final
2026-08-18,pranarom,fra,huile de nigelle,11.5,2,611,final
2026-08-19,pranarom,fra,huile de nigelle,11.8,3,812,final
2026-08-20,pranarom,fra,huile de nigelle,11.5,7,765,final
2026-08-21,pranarom,fra,huile de nigelle,11.6,3,603,final
2026-08-22,pranarom,fra,huile de nigelle,11.7,1,652,final
2026-08-23,pranarom,fra,huile de nigelle,12.0,4,642,final
2026-08-24,pranarom,fra,huile de nigelle,12.1,1,636,final
2026-08-25,pranarom,fra,huile de nigelle,11.0,2,630,final
2026-08-26,pranarom,fra,huile de nigelle,11.5,2,689,final
2026-08-27,pranarom,fra,huile de nigelle,10.0,4,700,final
2026-08-28,pranarom,fra,huile de nigelle,10.4,3,639,final
2026-08-29,pranarom,fra,huile de nigelle,10.6,1,334,final
2026-08-30,pranarom,fra,huile de nigelle,7.9,1,223,final
2026-08-31,pranarom,fra,huile de nigelle,9.8,2,160,final
2026-09-01,pranarom,fra,huile de nigelle,10.2,1,158,final
2026-09-02,pranarom,fra,huile de nigelle,11.2,0,299,final
2026-09-03,pranarom,fra,huile de nigelle,10.9,2,349,final
2026-09-04,pranarom,fra,huile de nigelle,10.1,2,346,final
2026-09-05,pranarom,fra,huile de nigelle,9.4,0,333,final
2026-09-06,pranarom,fra,huile de nigelle,9.9,0,397,final
2026-09-07,pranarom,fra,huile de nigelle,10.1,7,604,final
2026-09-08,pranarom,fra,huile de nigelle,9.8,3,640,final
2026-09-09,pranarom,fra,huile de nigelle,8.9,2,656,final
2026-09-10,pranarom,fra,huile de nigelle,10.3,2,549,final
2026-09-11,pranarom,fra,huile de nigelle,10.3,3,518,final
2026-09-12,pranarom,fra,huile de nigelle,9.6,1,430,final
2026-09-13,pranarom,fra,huile de nigelle,9.1,3,457,final
2026-09-14,pranarom,fra,huile de nigelle,9.7,3,694,final
2026-09-15,pranarom,fra,huile de nigelle,9.4,5,667,final
2026-09-16,pranarom,fra,huile de nigelle,10.3,4,630,final
2026-09-17,pranarom,fra,huile de nigelle,9.5,5,568,final
2026-09-18,pranarom,fra,huile de nigelle,9.7,3,537,final
2026-09-19,pranarom,fra,huile de nigelle,10.3,2,572,final
2026-09-20,pranarom,fra,huile de nigelle,9.9,2,612,final
2026-09-21,pranarom,fra,huile de nigelle,8.7,4,512,final
2026-09-22,pranarom,fra,huile de nigelle,9.5,9,660,final
2026-09-23,pranarom,fra,huile de nigelle,7.3,2,601,final
2026-09-24,pranarom,fra,huile de nigelle,7.7,10,895,final
2026-09-25,pranarom,fra,huile de nigelle,6.5,9,820,final
2026-09-26,pranarom,fra,huile de nigelle,8.5,0,435,final
2026-09-27,pranarom,fra,huile de nigelle,5.6,5,333,final
2026-09-28,pranarom,fra,huile de nigelle,5.6,5,312,final
2026-09-29,pranarom,fra,huile de nigelle,6.7,0,295,final
2026-09-30,pranarom,fra,huile de nigelle,8.7,0,409,final
2026-10-01,pranarom,fra,huile de nigelle,7.6,3,373,fresh
2026-10-02,pranarom,fra,huile de nigelle,7.4,0,225,fresh
2025-06-10,pranarom,fra,huile de nigelle bienfait,3.6,3,79,final
2025-06-11,pranarom,fra,huile de nigelle bienfait,3.5,1,82,final
2025-06-12,pranarom,fra,huile de nigelle bienfait,4.8,1,74,final
2025-06-13,pranarom,fra,huile de nigelle bienfait,4.9,5,76,final
2025-06-14,pranarom,fra,huile de nigelle bienfait,4.7,2,65,final
2025-06-15,pranarom,fra,huile de nigelle bienfait,4.3,3,79,final
2025-06-16,pranarom,fra,huile de nigelle bienfait,5.1,3,70,final
2025-06-17,pranarom,fra,huile de nigelle bienfait,4.5,3,81,final
2025-06-18,pranarom,fra,huile de nigelle bienfait,4.1,5,68,final
2025-06-19,pranarom,fra,huile de nigelle bienfait,4.4,5,75,final
2025-06-20,pranarom,fra,huile de nigelle bienfait,3.9,3,39,final
2025-06-21,pranarom,fra,huile de nigelle bienfait,4.2,3,59,final
2025-06-22,pranarom,fra,huile de nigelle bienfait,3.7,2,46,final
2025-06-23,pranarom,fra,huile de nigelle bienfait,3.5,4,57,final
2025-06-24,pranarom,fra,huile de nigelle bienfait,3.6,7,61,final
2025-06-25,pranarom,fra,huile de nigelle bienfait,3.6,5,55,final
2025-06-26,pranarom,fra,huile de nigelle bienfait,3.4,1,65,final
2025-06-27,pranarom,fra,huile de nigelle bienfait,4.0,2,66,final
2025-06-28,pranarom,fra,huile de nigelle bienfait,4.8,1,54,final
2025-06-29,pranarom,fra,huile de nigelle bienfait,5.2,2,51,final
2025-06-30,pranarom,fra,huile de nigelle bienfait,4.8,0,50,final
2025-07-01,pranarom,fra,huile de nigelle bienfait,5.4,1,52,final
2025-07-02,pranarom,fra,huile de nigelle bienfait,4.3,4,56,final
2025-07-03,pranarom,fra,huile de nigelle bienfait,3.0,1,26,final
2025-07-04,pranarom,fra,huile de nigelle bienfait,3.9,2,45,final
2025-07-05,pranarom,fra,huile de nigelle bienfait,3.2,2,57,final
2025-07-06,pranarom,fra,huile de nigelle bienfait,3.3,4,55,final
2025-07-07,pranarom,fra,huile de nigelle bienfait,3.6,2,54,final
2025-07-08,pranarom,fra,huile de nigelle bienfait,3.3,6,61,final
2025-07-09,pranarom,fra,huile de nigelle bienfait,4.2,4,49,final
2025-07-10,pranarom,fra,huile de nigelle bienfait,5.1,0,49,final
2025-07-11,pranarom,fra,huile de nigelle bienfait,4.8,0,40,final
2025-07-12,pranarom,fra,huile de nigelle bienfait,4.6,1,59,final
2025-07-13,pranarom,fra,huile de nigelle bienfait,4.6,1,50,final
2025-07-14,pranarom,fra,huile de nigelle bienfait,4.7,1,57,final
2025-07-15,pranarom,fra,huile de nigelle bienfait,4.5,4,60,final
2025-07-16,pranarom,fra,huile de nigelle bienfait,5.0,4,46,final
2025-07-17,pranarom,fra,huile de nigelle bienfait,4.1,6,63,final
2025-07-18,pranarom,fra,huile de nigelle bienfait,4.0,1,52,final
2025-07-19,pranarom,fra,huile de nigelle bienfait,3.9,1,69,final
2025-07-20,pranarom,fra,huile de nigelle bienfait,4,1,55,final
2025-07-21,pranarom,fra,huile de nigelle bienfait,3.9,2,56,final
2025-07-22,pranarom,fra,huile de nigelle bienfait,3.9,0,50,final
2025-07-23,pranarom,fra,huile de nigelle bienfait,3.9,0,47,final
2025-07-24,pranarom,fra,huile de nigelle bienfait,4.0,3,59,final
2025-07-25,pranarom,fra,huile de nigelle bienfait,3.9,2,58,final
2025-07-26,pranarom,fra,huile de nigelle bienfait,3.5,2,66,final
2025-07-27,pranarom,fra,huile de nigelle bienfait,3.5,4,64,final
2025-07-28,pranarom,fra,huile de nigelle bienfait,3.7,3,69,final
2025-07-29,pranarom,fra,huile de nigelle bienfait,3.6,2,71,final
2025-07-30,pranarom,fra,huile de nigelle bienfait,4.0,3,66,final
2025-07-31,pranarom,fra,huile de nigelle bienfait,3.9,3,70,final
2025-08-01,pranarom,fra,huile de nigelle bienfait,4.2,1,65,final
2025-08-02,pranarom,fra,huile de nigelle bienfait,3.9,6,64,final
2025-08-03,pranarom,fra,huile de nigelle bienfait,3.9,1,63,final
2025-08-04,pranarom,fra,huile de nigelle bienfait,3.9,1,54,final
2025-08-05,pranarom,fra,huile de nigelle bienfait,4.0,9,81,final
2025-08-06,pranarom,fra,huile de nigelle bienfait,3.9,0,45,final
2025-08-07,pranarom,fra,huile de nigelle bienfait,4.0,2,64,final
2025-08-08,pranarom,fra,huile de nigelle bienfait,3.9,2,57,final
2025-08-09,pranarom,fra,huile de nigelle bienfait,4.1,4,57,final
2025-08-10,pranarom,fra,huile de nigelle bienfait,4,3,61,final
2025-08-11,pranarom,fra,huile de nigelle bienfait,3.9,4,60,final
2025-08-12,pranarom,fra,huile de nigelle bienfait,3.4,3,57,final
2025-08-13,pranarom,fra,huile de nigelle bienfait,3,4,55,final
2025-08-14,pranarom,fra,huile de nigelle bienfait,2.9,3,65,final
2025-08-15,pranarom,fra,huile de nigelle bienfait,3.3,1,93,final
2025-08-16,pranarom,fra,huile de nigelle bienfait,3.3,5,93,final
2025-08-17,pranarom,fra,huile de nigelle bienfait,3.2,9,69,final
2025-08-18,pranarom,fra,huile de nigelle bienfait,3.2,3,79,final
2025-08-19,pranarom,fra,huile de nigelle bienfait,3.2,7,122,final
2025-08-20,pranarom,fra,huile de nigelle bienfait,3.4,2,71,final
2025-08-21,pranarom,fra,huile de nigelle bienfait,3.2,5,57,final
2025-08-22,pranarom,fra,huile de nigelle bienfait,3.2,5,63,final
2025-08-23,pranarom,fra,huile de nigelle bienfait,3.2,7,109,final
2025-08-24,pranarom,fra,huile de nigelle bienfait,3.2,9,163,final
2025-08-25,pranarom,fra,huile de nigelle bienfait,3.2,11,142,final
2025-08-26,pranarom,fra,huile de nigelle bienfait,3.1,10,127,final
2025-08-27,pranarom,fra,huile de nigelle bienfait,3.2,5,131,final
2025-08-28,pranarom,fra,huile de nigelle bienfait,3.6,5,122,final
2025-08-29,pranarom,fra,huile de nigelle bienfait,3.8,4,83,final
2025-08-30,pranarom,fra,huile de nigelle bienfait,3.8,6,138,final
2025-08-31,pranarom,fra,huile de nigelle bienfait,3.6,8,116,final
2025-09-01,pranarom,fra,huile de nigelle bienfait,3.7,3,88,final
2025-09-02,pranarom,fra,huile de nigelle bienfait,3.8,7,89,final
2025-09-03,pranarom,fra,huile de nigelle bienfait,4.0,3,72,final
2025-09-04,pranarom,fra,huile de nigelle bienfait,4.1,3,71,final
2025-09-05,pranarom,fra,huile de nigelle bienfait,3.0,6,65,final
2025-09-06,pranarom,fra,huile de nigelle bienfait,2.9,7,82,final
2025-09-07,pranarom,fra,huile de nigelle bienfait,2.9,12,89,final
2025-09-08,pranarom,fra,huile de nigelle bienfait,3.0,10,107,final
2025-09-09,pranarom,fra,huile de nigelle bienfait,3.2,5,86,final
2025-09-10,pranarom,fra,huile de nigelle bienfait,3.0,9,110,final
2025-09-11,pranarom,fra,huile de nigelle bienfait,3.1,1,83,final
2025-09-12,pranarom,fra,huile de nigelle bienfait,3.3,4,75,final
2025-09-13,pranarom,fra,huile de nigelle bienfait,3.0,5,90,final
2025-09-14,pranarom,fra,huile de nigelle bienfait,2.9,9,84,final
2025-09-15,pranarom,fra,huile de nigelle bienfait,3.1,5,92,final
2025-09-16,pranarom,fra,huile de nigelle bienfait,3.1,8,68,final
2025-09-17,pranarom,fra,huile de nigelle bienfait,3.4,6,97,final
2025-09-18,pranarom,fra,huile de nigelle bienfait,3.9,6,79,final
2025-09-19,pranarom,fra,huile de nigelle bienfait,3.7,2,65,final
2025-09-20,pranarom,fra,huile de nigelle bienfait,3.5,10,82,final
2025-09-21,pranarom,fra,huile de nigelle bienfait,3.7,4,102,final
2025-09-22,pranarom,fra,huile de nigelle bienfait,3.8,3,76,final
2025-09-23,pranarom,fra,huile de nigelle bienfait,3.5,3,57,final
2025-09-24,pranarom,fra,huile de nigelle bienfait,3.8,5,97,final
2025-09-25,pranarom,fra,huile de nigelle bienfait,3.6,4,81,final
2025-09-26,pranarom,fra,huile de nigelle bienfait,3.4,6,83,final
2025-09-27,pranarom,fra,huile de nigelle bienfait,2.9,9,60,final
2025-09-28,pranarom,fra,huile de nigelle bienfait,3.2,2,70,final
2025-09-29,pranarom,fra,huile de nigelle bienfait,3.3,13,92,final
2025-09-30,pranarom,fra,huile de nigelle bienfait,3.8,3,104,final
2025-10-01,pranarom,fra,huile de nigelle bienfait,3.8,4,132,final
2025-10-02,pranarom,fra,huile de nigelle bienfait,3.8,7,125,final
2025-10-03,pranarom,fra,huile de nigelle bienfait,2.9,19,111,final
2025-10-04,pranarom,fra,huile de nigelle bienfait,1.8,19,117,final
2025-10-05,pranarom,fra,huile de nigelle bienfait,1.8,21,113,final
2025-10-06,pranarom,fra,huile de nigelle bienfait,2.4,7,86,final
2025-10-07,pranarom,fra,huile de nigelle bienfait,2.9,19,112,final
2025-10-08,pranarom,fra,huile de nigelle bienfait,1.6,17,105,final
2025-10-09,pranarom,fra,huile de nigelle bienfait,1.8,16,97,final
2025-10-10,pranarom,fra,huile de nigelle bienfait,1.8,14,84,final
2025-10-11,pranarom,fra,huile de nigelle bienfait,1.7,11,70,final
2025-10-12,pranarom,fra,huile de nigelle bienfait,1.6,15,92,final
2025-10-13,pranarom,fra,huile de nigelle bienfait,1.7,16,104,final
2025-10-14,pranarom,fra,huile de nigelle bienfait,2.0,10,66,final
2025-10-15,pranarom,fra,huile de nigelle bienfait,3.0,16,246,final
2025-10-16,pranarom,fra,huile de nigelle bienfait,3.2,14,196,final
2025-10-17,pranarom,fra,huile de nigelle bienfait,3.2,15,141,final
2025-10-18,pranarom,fra,huile de nigelle bienfait,3.9,4,157,final
2025-10-19,pranarom,fra,huile de nigelle bienfait,3.8,8,149,final
2025-10-20,pranarom,fra,huile de nigelle bienfait,3.7,12,98,final
2025-10-21,pranarom,fra,huile de nigelle bienfait,2.6,14,94,final
2025-10-22,pranarom,fra,huile de nigelle bienfait,1.4,24,89,final
2025-10-23,pranarom,fra,huile de nigelle bienfait,1.3,10,63,final
2025-10-24,pranarom,fra,huile de nigelle bienfait,1.2,16,79,final
2025-10-25,pranarom,fra,huile de nigelle bienfait,1.3,19,78,final
2025-10-26,pranarom,fra,huile de nigelle bienfait,1.3,20,110,final
2025-10-27,pranarom,fra,huile de nigelle bienfait,1.5,17,88,final
2025-10-28,pranarom,fra,huile de nigelle bienfait,3.1,2,84,final
2025-10-29,pranarom,fra,huile de nigelle bienfait,3.2,3,77,final
2025-10-30,pranarom,fra,huile de nigelle bienfait,2.4,6,79,final
2025-10-31,pranarom,fra,huile de nigelle bienfait,2.1,11,65,final
2025-11-01,pranarom,fra,huile de nigelle bienfait,1.7,9,72,final
2025-11-02,pranarom,fra,huile de nigelle bienfait,1.7,16,98,final
2025-11-03,pranarom,fra,huile de nigelle bienfait,1.9,16,81,final
2025-11-04,pranarom,fra,huile de nigelle bienfait,1.7,21,90,final
2025-11-05,pranarom,fra,huile de nigelle bienfait,1.4,17,99,final
2025-11-06,pranarom,fra,huile de nigelle bienfait,1.7,14,99,final
2025-11-07,pranarom,fra,huile de nigelle bienfait,2.3,6,98,final
2025-11-08,pranarom,fra,huile de nigelle bienfait,2.3,8,114,final
2025-11-09,pranarom,fra,huile de nigelle bienfait,2.7,8,80,final
2025-11-10,pranarom,fra,huile de nigelle bienfait,2.8,5,77,final
2025-11-11,pranarom,fra,huile de nigelle bienfait,2.9,10,87,final
2025-11-12,pranarom,fra,huile de nigelle bienfait,3.0,6,93,final
2025-11-13,pranarom,fra,huile de nigelle bienfait,3.0,5,70,final
2025-11-14,pranarom,fra,huile de nigelle bienfait,3.2,12,87,final
2025-11-15,pranarom,fra,huile de nigelle bienfait,3.3,7,79,final
2025-11-16,pranarom,fra,huile de nigelle bienfait,3.6,1,72,final
2025-11-17,pranarom,fra,huile de nigelle bienfait,3.1,13,68,final
2025-11-18,pranarom,fra,huile de nigelle bienfait,3.2,4,86,final
2025-11-19,pranarom,fra,huile de nigelle bienfait,3.4,0,53,final
2025-11-20,pranarom,fra,huile de nigelle bienfait,3.3,5,66,final
2025-11-21,pranarom,fra,huile de nigelle bienfait,3.2,2,61,final
2025-11-22,pranarom,fra,huile de nigelle bienfait,3.1,3,73,final
2025-11-23,pranarom,fra,huile de nigelle bienfait,3.1,8,69,final
2025-11-24,pranarom,fra,huile de nigelle bienfait,3.4,2,63,final
2025-11-25,pranarom,fra,huile de nigelle bienfait,3.6,8,69,final
2025-11-26,pranarom,fra,huile de nigelle bienfait,3.7,5,65,final
2025-11-27,pranarom,fra,huile de nigelle bienfait,3.0,8,71,final
2025-11-28,pranarom,fra,huile de nigelle bienfait,2.9,6,58,final
2025-11-29,pranarom,fra,huile de nigelle bienfait,3.3,5,62,final
2025-11-30,pranarom,fra,huile de nigelle bienfait,2.8,6,94,final
2025-12-01,pranarom,fra,huile de nigelle bienfait,2.8,4,63,final
2025-12-02,pranarom,fra,huile de nigelle bienfait,3.1,3,65,final
2025-12-03,pranarom,fra,huile de nigelle bienfait,3.8,3,77,final
2025-12-04,pranarom,fra,huile de nigelle bienfait,3.0,4,78,final
2025-12-05,pranarom,fra,huile de nigelle bienfait,3.1,3,60,final
2025-12-06,pranarom,fra,huile de nigelle bienfait,2.9,5,69,final
2025-12-07,pranarom,fra,huile de nigelle bienfait,2.8,2,70,final
2025-12-08,pranarom,fra,huile de nigelle bienfait,3.0,3,50,final
2025-12-09,pranarom,fra,huile de nigelle bienfait,3.7,4,55,final
2025-12-10,pranarom,fra,huile de nigelle bienfait,2.8,10,79,final
2025-12-11,pranarom,fra,huile de nigelle bienfait,1.1,4,72,final
2025-12-12,pranarom,fra,huile de nigelle bienfait,1.5,0,61,final
2025-12-13,pranarom,fra,huile de nigelle bienfait,1.1,6,75,final
2025-12-14,pranarom,fra,huile de nigelle bienfait,1.2,6,69,final
2025-12-15,pranarom,fra,huile de nigelle bienfait,1.2,0,62,final
2025-12-16,pranarom,fra,huile de nigelle bienfait,1.3,1,80,final
2025-12-17,pranarom,fra,huile de nigelle bienfait,1.3,8,84,final
2025-12-18,pranarom,fra,huile de nigelle bienfait,1.3,4,76,final
2025-12-19,pranarom,fra,huile de nigelle bienfait,1.1,3,74,final
2025-12-20,pranarom,fra,huile de nigelle bienfait,1,3,65,final
2025-12-21,pranarom,fra,huile de nigelle bienfait,1,4,62,final
2025-12-22,pranarom,fra,huile de nigelle bienfait,1.6,5,55,final
2025-12-23,pranarom,fra,huile de nigelle bienfait,1.4,5,57,final
2025-12-24,pranarom,fra,huile de nigelle bienfait,1.3,3,50,final
2025-12-25,pranarom,fra,huile de nigelle bienfait,1.4,8,49,final
2025-12-26,pranarom,fra,huile de nigelle bienfait,1.3,9,54,final
2025-12-27,pranarom,fra,huile de nigelle bienfait,2.6,9,74,final
2025-12-28,pranarom,fra,huile de nigelle bienfait,1.5,11,80,final
2025-12-29,pranarom,fra,huile de nigelle bienfait,1.8,11,72,final
2025-12-30,pranarom,fra,huile de nigelle bienfait,1.3,12,79,final
2025-12-31,pranarom,fra,huile de nigelle bienfait,1.4,7,72,final
2026-01-01,pranarom,fra,huile de nigelle bienfait,1.8,17,129,final
2026-01-02,pranarom,fra,huile de nigelle bienfait,1.4,20,151,final
2026-01-03,pranarom,fra,huile de nigelle bienfait,1.6,19,127,final
2026-01-04,pranarom,fra,huile de nigelle bienfait,1.1,12,97,final
2026-01-05,pranarom,fra,huile de nigelle bienfait,2.6,14,85,final
2026-01-06,pranarom,fra,huile de nigelle bienfait,1.3,17,87,final
2026-01-07,pranarom,fra,huile de nigelle bienfait,3.4,1,66,final
2026-01-08,pranarom,fra,huile de nigelle bienfait,4.7,4,75,final
2026-01-09,pranarom,fra,huile de nigelle bienfait,3.7,6,139,final
2026-01-10,pranarom,fra,huile de nigelle bienfait,3.4,2,66,final
2026-01-11,pranarom,fra,huile de nigelle bienfait,3.7,2,75,final
2026-01-12,pranarom,fra,huile de nigelle bienfait,3.6,4,83,final
2026-01-13,pranarom,fra,huile de nigelle bienfait,4.7,3,74,final
2026-01-14,pranarom,fra,huile de nigelle bienfait,3.6,3,55,final
2026-01-15,pranarom,fra,huile de nigelle bienfait,3.4,4,71,final
2026-01-16,pranarom,fra,huile de nigelle bienfait,3.9,3,65,final
2026-01-17,pranarom,fra,huile de nigelle bienfait,3.3,6,85,final
2026-01-18,pranarom,fra,huile de nigelle bienfait,4.0,3,52,final
2026-01-19,pranarom,fra,huile de nigelle bienfait,3.1,4,51,final
2026-01-20,pranarom,fra,huile de nigelle bienfait,3,6,57,final
2026-01-21,pranarom,fra,huile de nigelle bienfait,2.8,3,66,final
2026-01-22,pranarom,fra,huile de nigelle bienfait,3.7,1,59,final
2026-01-23,pranarom,fra,huile de nigelle bienfait,2.9,9,73,final
2026-01-24,pranarom,fra,huile de nigelle bienfait,2.9,6,64,final
2026-01-25,pranarom,fra,huile de nigelle bienfait,2.4,7,84,final
2026-01-26,pranarom,fra,huile de nigelle bienfait,2.8,9,62,final
2026-01-27,pranarom,fra,huile de nigelle bienfait,3.5,5,60,final
2026-01-28,pranarom,fra,huile de nigelle bienfait,3.4,3,59,final
2026-01-29,pranarom,fra,huile de nigelle bienfait,3.6,5,60,final
2026-01-30,pranarom,fra,huile de nigelle bienfait,3.5,4,70,final
2026-01-31,pranarom,fra,huile de nigelle bienfait,3.0,6,82,final
2026-02-01,pranarom,fra,huile de nigelle bienfait,3.1,6,90,final
2026-02-02,pranarom,fra,huile de nigelle bienfait,5,8,74,final
2026-02-03,pranarom,fra,huile de nigelle bienfait,2.7,5,64,final
2026-02-04,pranarom,fra,huile de nigelle bienfait,3.3,7,70,final
2026-02-05,pranarom,fra,huile de nigelle bienfait,2.8,2,93,final
2026-02-06,pranarom,fra,huile de nigelle bienfait,3.7,14,109,final
2026-02-07,pranarom,fra,huile de nigelle bienfait,2.8,4,82,final
2026-02-08,pranarom,fra,huile de nigelle bienfait,2.7,10,75,final
2026-02-09,pranarom,fra,huile de nigelle bienfait,3.0,6,89,final
2026-02-10,pranarom,fra,huile de nigelle bienfait,2.5,12,92,final
2026-02-11,pranarom,fra,huile de nigelle bienfait,2.5,4,84,final
2026-02-12,pranarom,fra,huile de nigelle bienfait,3.0,7,73,final
2026-02-13,pranarom,fra,huile de nigelle bienfait,3.0,3,67,final
2026-02-14,pranarom,fra,huile de nigelle bienfait,7.8,3,68,final
2026-02-15,pranarom,fra,huile de nigelle bienfait,3.1,9,76,final
2026-02-16,pranarom,fra,huile de nigelle bienfait,3.1,6,65,final
2026-02-17,pranarom,fra,huile de nigelle bienfait,3.9,4,65,final
2026-02-18,pranarom,fra,huile de nigelle bienfait,5.5,2,63,final
2026-02-19,pranarom,fra,huile de nigelle bienfait,3.1,7,72,final
2026-02-20,pranarom,fra,huile de nigelle bienfait,3.4,8,82,final
2026-02-21,pranarom,fra,huile de nigelle bienfait,3.7,5,73,final
2026-02-22,pranarom,fra,huile de nigelle bienfait,2.9,12,73,final
2026-02-23,pranarom,fra,huile de nigelle bienfait,4.4,4,83,final
2026-02-24,pranarom,fra,huile de nigelle bienfait,6.6,4,83,final
2026-02-25,pranarom,fra,huile de nigelle bienfait,3,9,85,final
2026-02-26,pranarom,fra,huile de nigelle bienfait,3.4,6,79,final
2026-02-27,pranarom,fra,huile de nigelle bienfait,3.1,13,75,final
2026-02-28,pranarom,fra,huile de nigelle bienfait,4.4,6,61,final
2026-03-01,pranarom,fra,huile de nigelle bienfait,6.7,5,76,final
2026-03-02,pranarom,fra,huile de nigelle bienfait,3.5,4,63,final
2026-03-03,pranarom,fra,huile de nigelle bienfait,4.7,2,81,final
2026-03-04,pranarom,fra,huile de nigelle bienfait,2.6,12,90,final
2026-03-05,pranarom,fra,huile de nigelle bienfait,4.0,7,77,final
2026-03-06,pranarom,fra,huile de nigelle bienfait,1.6,15,78,final
2026-03-07,pranarom,fra,huile de nigelle bienfait,2.1,16,76,final
2026-03-08,pranarom,fra,huile de nigelle bienfait,4.9,6,86,final
2026-03-09,pranarom,fra,huile de nigelle bienfait,4.9,9,77,final
2026-03-10,pranarom,fra,huile de nigelle bienfait,4.5,8,73,final
2026-03-11,pranarom,fra,huile de nigelle bienfait,7.4,1,62,final
2026-03-12,pranarom,fra,huile de nigelle bienfait,4.7,3,66,final
2026-03-13,pranarom,fra,huile de nigelle bienfait,6.1,5,63,final
2026-03-14,pranarom,fra,huile de nigelle bienfait,3.4,17,80,final
2026-03-15,pranarom,fra,huile de nigelle bienfait,2.9,9,69,final
2026-03-16,pranarom,fra,huile de nigelle bienfait,5.5,2,62,final
2026-03-17,pranarom,fra,huile de nigelle bienfait,2.3,11,61,final
2026-03-18,pranarom,fra,huile de nigelle bienfait,2.9,6,67,final
2026-03-19,pranarom,fra,huile de nigelle bienfait,2.8,5,58,final
2026-03-20,pranarom,fra,huile de nigelle bienfait,3.1,3,74,final
2026-03-21,pranarom,fra,huile de nigelle bienfait,2.9,8,72,final
2026-03-22,pranarom,fra,huile de nigelle bienfait,3.4,10,94,final
2026-03-23,pranarom,fra,huile de nigelle bienfait,3.1,7,62,final
2026-03-24,pranarom,fra,huile de nigelle bienfait,4.1,3,58,final
2026-03-25,pranarom,fra,huile de nigelle bienfait,2.1,7,64,final
2026-03-26,pranarom,fra,huile de nigelle bienfait,2.9,7,78,final
2026-03-27,pranarom,fra,huile de nigelle bienfait,3.0,10,56,final
2026-03-28,pranarom,fra,huile de nigelle bienfait,3.1,6,74,final
2026-03-29,pranarom,fra,huile de nigelle bienfait,3.8,5,58,final
2026-03-30,pranarom,fra,huile de nigelle bienfait,3,4,57,final
2026-03-31,pranarom,fra,huile de nigelle bienfait,3.1,10,76,final
2026-04-01,pranarom,fra,huile de nigelle bienfait,3.1,5,62,final
2026-04-02,pranarom,fra,huile de nigelle bienfait,3.8,7,63,final
2026-04-03,pranarom,fra,huile de nigelle bienfait,3.2,7,45,final
2026-04-04,pranarom,fra,huile de nigelle bienfait,3,8,77,final
2026-04-05,pranarom,fra,huile de nigelle bienfait,2.8,6,71,final
2026-04-06,pranarom,fra,huile de nigelle bienfait,3.2,7,60,final
2026-04-07,pranarom,fra,huile de nigelle bienfait,3.0,4,68,final
2026-04-08,pranarom,fra,huile de nigelle bienfait,3.1,4,70,final
2026-04-09,pranarom,fra,huile de nigelle bienfait,2.9,7,74,final
2026-04-10,pranarom,fra,huile de nigelle bienfait,3.2,6,69,final
2026-04-11,pranarom,fra,huile de nigelle bienfait,2.9,5,71,final
2026-04-12,pranarom,fra,huile de nigelle bienfait,3.0,7,73,final
2026-04-13,pranarom,fra,huile de nigelle bienfait,2.9,9,202,final
2026-04-14,pranarom,fra,huile de nigelle bienfait,2.9,13,172,final
2026-04-15,pranarom,fra,huile de nigelle bienfait,3.2,9,84,final
2026-04-16,pranarom,fra,huile de nigelle bienfait,3.3,4,79,final
2026-04-17,pranarom,fra,huile de nigelle bienfait,3.4,4,59,final
2026-04-18,pranarom,fra,huile de nigelle bienfait,3.3,4,91,final
2026-04-19,pranarom,fra,huile de nigelle bienfait,3.0,4,99,final
2026-04-20,pranarom,fra,huile de nigelle bienfait,3.0,3,67,final
2026-04-21,pranarom,fra,huile de nigelle bienfait,3.2,1,77,final
2026-04-22,pranarom,fra,huile de nigelle bienfait,3.1,7,81,final
2026-04-23,pranarom,fra,huile de nigelle bienfait,3.0,1,68,final
2026-04-24,pranarom,fra,huile de nigelle bienfait,3.7,2,73,final
2026-04-25,pranarom,fra,huile de nigelle bienfait,3.5,2,83,final
2026-04-26,pranarom,fra,huile de nigelle bienfait,2.8,5,77,final
2026-04-27,pranarom,fra,huile de nigelle bienfait,2.9,3,82,final
2026-04-28,pranarom,fra,huile de nigelle bienfait,2.9,5,50,final
2026-04-29,pranarom,fra,huile de nigelle bienfait,2.9,3,76,final
2026-04-30,pranarom,fra,huile de nigelle bienfait,3.1,6,88,final
2026-05-01,pranarom,fra,huile de nigelle bienfait,2.9,3,79,final
2026-05-02,pranarom,fra,huile de nigelle bienfait,3.0,6,84,final
2026-05-03,pranarom,fra,huile de nigelle bienfait,3.8,5,82,final
2026-05-04,pranarom,fra,huile de nigelle bienfait,3.1,3,82,final
2026-05-05,pranarom,fra,huile de nigelle bienfait,3.8,9,83,final
2026-05-06,pranarom,fra,huile de nigelle bienfait,3,6,71,final
2026-05-07,pranarom,fra,huile de nigelle bienfait,3.0,10,90,final
2026-05-08,pranarom,fra,huile de nigelle bienfait,4.4,7,73,final
2026-05-09,pranarom,fra,huile de nigelle bienfait,2.9,4,76,final
2026-05-10,pranarom,fra,huile de nigelle bienfait,2.9,4,68,final
2026-05-11,pranarom,fra,huile de nigelle bienfait,3.4,5,86,final
2026-05-12,pranarom,fra,huile de nigelle bienfait,2.9,3,91,final
2026-05-13,pranarom,fra,huile de nigelle bienfait,2.9,9,79,final
2026-05-14,pranarom,fra,huile de nigelle bienfait,2.9,6,101,final
2026-05-15,pranarom,fra,huile de nigelle bienfait,3.1,12,138,final
2026-05-16,pranarom,fra,huile de nigelle bienfait,3.5,5,118,final
2026-05-17,pranarom,fra,huile de nigelle bienfait,2.8,3,113,final
2026-05-18,pranarom,fra,huile de nigelle bienfait,2.8,1,70,final
2026-05-19,pranarom,fra,huile de nigelle bienfait,2.8,8,62,final
2026-05-20,pranarom,fra,huile de nigelle bienfait,3.4,3,69,final
2026-05-21,pranarom,fra,huile de nigelle bienfait,3.1,2,63,final
2026-05-22,pranarom,fra,huile de nigelle bienfait,2.8,7,63,final
2026-05-23,pranarom,fra,huile de nigelle bienfait,2.7,4,52,final
2026-05-24,pranarom,fra,huile de nigelle bienfait,3.4,5,74,final
2026-05-25,pranarom,fra,huile de nigelle bienfait,3.5,1,49,final
2026-05-26,pranarom,fra,huile de nigelle bienfait,3.5,7,68,final
2026-05-27,pranarom,fra,huile de nigelle bienfait,3.1,5,65,final
2026-05-28,pranarom,fra,huile de nigelle bienfait,3.0,3,61,final
2026-05-29,pranarom,fra,huile de nigelle bienfait,3.3,1,50,final
2026-05-30,pranarom,fra,huile de nigelle bienfait,3,4,61,final
2026-05-31,pranarom,fra,huile de nigelle bienfait,3,7,61,final
2026-06-01,pranarom,fra,huile de nigelle bienfait,3.1,3,72,final
2026-06-02,pranarom,fra,huile de nigelle bienfait,3.3,3,92,final
2026-06-03,pranarom,fra,huile de nigelle bienfait,3,7,82,final
2026-06-04,pranarom,fra,huile de nigelle bienfait,3,5,74,final
2026-06-05,pranarom,fra,huile de nigelle bienfait,3.5,4,82,final
2026-06-06,pranarom,fra,huile de nigelle bienfait,3,3,74,final
2026-06-07,pranarom,fra,huile de nigelle bienfait,3,7,93,final
2026-06-08,pranarom,fra,huile de nigelle bienfait,3.0,9,73,final
2026-06-09,pranarom,fra,huile de nigelle bienfait,3.8,5,79,final
2026-06-10,pranarom,fra,huile de nigelle bienfait,3,1,72,final
2026-06-11,pranarom,fra,huile de nigelle bienfait,3.0,5,74,final
2026-06-12,pranarom,fra,huile de nigelle bienfait,4.4,3,57,final
2026-06-13,pranarom,fra,huile de nigelle bienfait,3.0,3,71,final
2026-06-14,pranarom,fra,huile de nigelle bienfait,3.0,2,85,final
2026-06-15,pranarom,fra,huile de nigelle bienfait,3,2,69,final
2026-06-16,pranarom,fra,huile de nigelle bienfait,3.2,2,84,final
2026-06-17,pranarom,fra,huile de nigelle bienfait,3,5,54,final
2026-06-18,pranarom,fra,huile de nigelle bienfait,3.2,2,77,final
2026-06-19,pranarom,fra,huile de nigelle bienfait,4.8,4,52,final
2026-06-20,pranarom,fra,huile de nigelle bienfait,3.4,1,54,final
2026-06-21,pranarom,fra,huile de nigelle bienfait,3.7,1,52,final
2026-06-22,pranarom,fra,huile de nigelle bienfait,3.1,4,54,final
2026-06-23,pranarom,fra,huile de nigelle bienfait,4.9,3,52,final
2026-06-24,pranarom,fra,huile de nigelle bienfait,3.5,2,70,final
2026-06-25,pranarom,fra,huile de nigelle bienfait,3.0,4,61,final
2026-06-26,pranarom,fra,huile de nigelle bienfait,3.1,0,52,final
2026-06-27,pranarom,fra,huile de nigelle bienfait,3.0,7,64,final
2026-06-28,pranarom,fra,huile de nigelle bienfait,2.9,5,42,final
2026-06-29,pranarom,fra,huile de nigelle bienfait,3,3,58,final
2026-06-30,pranarom,fra,huile de nigelle bienfait,4.1,2,55,final
2026-07-01,pranarom,fra,huile de nigelle bienfait,3.0,1,66,final
2026-07-02,pranarom,fra,huile de nigelle bienfait,3,1,51,final
2026-07-03,pranarom,fra,huile de nigelle bienfait,3.3,3,49,final
2026-07-04,pranarom,fra,huile de nigelle bienfait,3,4,60,final
2026-07-05,pranarom,fra,huile de nigelle bienfait,3.0,3,40,final
2026-07-06,pranarom,fra,huile de nigelle bienfait,2.9,2,72,final
2026-07-07,pranarom,fra,huile de nigelle bienfait,2.9,3,52,final
2026-07-08,pranarom,fra,huile de nigelle bienfait,3.2,1,45,final
2026-07-09,pranarom,fra,huile de nigelle bienfait,2.8,2,54,final
2026-07-10,pranarom,fra,huile de nigelle bienfait,3.7,3,49,final
2026-07-11,pranarom,fra,huile de nigelle bienfait,3.0,5,65,final
2026-07-12,pranarom,fra,huile de nigelle bienfait,3.0,4,75,final
2026-07-13,pranarom,fra,huile de nigelle bienfait,4.1,1,50,final
2026-07-14,pranarom,fra,huile de nigelle bienfait,3,4,44,final
2026-07-15,pranarom,fra,huile de nigelle bienfait,3,3,41,final
2026-07-16,pranarom,fra,huile de nigelle bienfait,5.2,3,33,final
2026-07-17,pranarom,fra,huile de nigelle bienfait,3.0,1,27,final
2026-07-18,pranarom,fra,huile de nigelle bienfait,3,4,39,final
2026-07-19,pranarom,fra,huile de nigelle bienfait,3.8,1,55,final
2026-07-20,pranarom,fra,huile de nigelle bienfait,3,1,49,final
2026-07-21,pranarom,fra,huile de nigelle bienfait,3.6,1,46,final
2026-07-22,pranarom,fra,huile de nigelle bienfait,3.0,1,40,final
2026-07-23,pranarom,fra,huile de nigelle bienfait,2.7,2,43,final
2026-07-24,pranarom,fra,huile de nigelle bienfait,3.7,1,47,final
2026-07-25,pranarom,fra,huile de nigelle bienfait,4.1,3,56,final
2026-07-26,pranarom,fra,huile de nigelle bienfait,2.8,2,57,final
2026-07-27,pranarom,fra,huile de nigelle bienfait,3.3,2,71,final
2026-07-28,pranarom,fra,huile de nigelle bienfait,2.8,3,51,final
2026-07-29,pranarom,fra,huile de nigelle bienfait,2.9,0,51,final
2026-07-30,pranarom,fra,huile de nigelle bienfait,2.9,3,47,final
2026-07-31,pranarom,fra,huile de nigelle bienfait,2.9,2,59,final
2026-08-01,pranarom,fra,huile de nigelle bienfait,2.7,1,34,final
2026-08-02,pranarom,fra,huile de nigelle bienfait,2.8,4,67,final
2026-08-03,pranarom,fra,huile de nigelle bienfait,2.8,4,72,final
2026-08-04,pranarom,fra,huile de nigelle bienfait,2.9,3,57,final
2026-08-05,pranarom,fra,huile de nigelle bienfait,2.9,2,56,final
2026-08-06,pranarom,fra,huile de nigelle bienfait,2.8,1,89,final
2026-08-07,pranarom,fra,huile de nigelle bienfait,3.7,4,104,final
2026-08-08,pranarom,fra,huile de nigelle bienfait,2.9,3,90,final
2026-08-09,pranarom,fra,huile de nigelle bienfait,2.8,1,73,final
2026-08-10,pranarom,fra,huile de nigelle bienfait,2.8,0,79,final
2026-08-11,pranarom,fra,huile de nigelle bienfait,3.1,2,68,final
2026-08-12,pranarom,fra,huile de nigelle bienfait,2.8,3,73,final
2026-08-13,pranarom,fra,huile de nigelle bienfait,2.9,2,43,final
2026-08-14,pranarom,fra,huile de nigelle bienfait,5.0,0,45,final
2026-08-15,pranarom,fra,huile de nigelle bienfait,2.7,5,53,final
2026-08-16,pranarom,fra,huile de nigelle bienfait,2.6,3,47,final
2026-08-17,pranarom,fra,huile de nigelle bienfait,2.9,5,48,final
2026-08-18,pranarom,fra,huile de nigelle bienfait,2.7,1,40,final
2026-08-19,pranarom,fra,huile de nigelle bienfait,2.7,2,63,final
2026-08-20,pranarom,fra,huile de nigelle bienfait,2.6,2,67,final
2026-08-21,pranarom,fra,huile de nigelle bienfait,2.7,3,49,final
2026-08-22,pranarom,fra,huile de nigelle bienfait,2.5,2,35,final
2026-08-23,pranarom,fra,huile de nigelle bienfait,2.6,4,49,final
2026-08-24,pranarom,fra,huile de nigelle bienfait,2.8,2,38,final
2026-08-25,pranarom,fra,huile de nigelle bienfait,2.8,5,50,final
2026-08-26,pranarom,fra,huile de nigelle bienfait,2.7,6,61,final
2026-08-27,pranarom,fra,huile de nigelle bienfait,7.3,4,44,final
2026-08-28,pranarom,fra,huile de nigelle bienfait,2.9,4,43,final
2026-08-29,pranarom,fra,huile de nigelle bienfait,2.9,2,52,final
2026-08-30,pranarom,fra,huile de nigelle bienfait,2.8,1,50,final
2026-08-31,pranarom,fra,huile de nigelle bienfait,3.1,3,44,final
2026-09-01,pranarom,fra,huile de nigelle bienfait,2.8,2,40,final
2026-09-02,pranarom,fra,huile de nigelle bienfait,2.9,2,36,final
2026-09-03,pranarom,fra,huile de nigelle bienfait,2.7,0,15,final
2026-09-04,pranarom,fra,huile de nigelle bienfait,2.5,1,22,final
2026-09-05,pranarom,fra,huile de nigelle bienfait,3,0,17,final
2026-09-06,pranarom,fra,huile de nigelle bienfait,2.6,2,20,final
2026-09-07,pranarom,fra,huile de nigelle bienfait,3.5,3,20,final
2026-09-08,pranarom,fra,huile de nigelle bienfait,2.5,1,15,final
2026-09-09,pranarom,fra,huile de nigelle bienfait,2.6,0,26,final
2026-09-10,pranarom,fra,huile de nigelle bienfait,5.1,1,35,final
2026-09-11,pranarom,fra,huile de nigelle bienfait,2.9,0,29,final
2026-09-12,pranarom,fra,huile de nigelle bienfait,3,1,32,final
2026-09-13,pranarom,fra,huile de nigelle bienfait,2.9,1,30,final
2026-09-14,pranarom,fra,huile de nigelle bienfait,3.2,0,29,final
2026-09-15,pranarom,fra,huile de nigelle bienfait,3.2,1,24,final
2026-09-16,pranarom,fra,huile de nigelle bienfait,3.1,0,28,final
2026-09-17,pranarom,fra,huile de nigelle bienfait,8.9,0,16,final
2026-09-18,pranarom,fra,huile de nigelle bienfait,3.0,1,21,final
2026-09-19,pranarom,fra,huile de nigelle bienfait,3.5,1,20,final
2026-09-20,pranarom,fra,huile de nigelle bienfait,3.2,1,26,final
2026-09-21,pranarom,fra,huile de nigelle bienfait,3.3,1,44,final
2026-09-22,pranarom,fra,huile de nigelle bienfait,3.3,2,62,final
2026-09-23,pranarom,fra,huile de nigelle bienfait,3.1,5,69,final
2026-09-24,pranarom,fra,huile de nigelle bienfait,5.9,4,79,final
2026-09-25,pranarom,fra,huile de nigelle bienfait,2.9,2,75,final
2026-09-26,pranarom,fra,huile de nigelle bienfait,3.9,2,50,final
2026-09-27,pranarom,fra,huile de nigelle bienfait,3.1,4,84,final
2026-09-28,pranarom,fra,huile de nigelle bienfait,2.7,0,53,final
2026-09-29,pranarom,fra,huile de nigelle bienfait,3.0,1,64,final
2026-09-30,pranarom,fra,huile de nigelle bienfait,3.0,3,85,final
2026-10-01,pranarom,fra,huile de nigelle bienfait,4.3,4,52,fresh
2026-10-02,pranarom,fra,huile de nigelle bienfait,3.1,0,51,fresh
2025-06-10,pranarom,fra,huile de nigelle bienfaits,4.8,6,193,final
2025-06-11,pranarom,fra,huile de nigelle bienfaits,3.9,12,203,final
2025-06-12,pranarom,fra,huile de nigelle bienfaits,4.9,4,203,final
2025-06-13,pranarom,fra,huile de nigelle bienfaits,5.0,4,179,final
2025-06-14,pranarom,fra,huile de nigelle bienfaits,4.9,3,188,final
2025-06-15,pranarom,fra,huile de nigelle bienfaits,4.4,7,216,final
2025-06-16,pranarom,fra,huile de nigelle bienfaits,5.0,3,160,final
2025-06-17,pranarom,fra,huile de nigelle bienfaits,5.0,6,187,final
2025-06-18,pranarom,fra,huile de nigelle bienfaits,3.7,7,151,final
2025-06-19,pranarom,fra,huile de nigelle bienfaits,3.4,10,143,final
2025-06-20,pranarom,fra,huile de nigelle bienfaits,3.9,6,141,final
2025-06-21,pranarom,fra,huile de nigelle bienfaits,3.7,10,153,final
2025-06-22,pranarom,fra,huile de nigelle bienfaits,3.2,5,153,final
2025-06-23,pranarom,fra,huile de nigelle bienfaits,3.5,7,156,final
2025-06-24,pranarom,fra,huile de nigelle bienfaits,3.7,8,132,final
2025-06-25,pranarom,fra,huile de nigelle bienfaits,3.6,8,144,final
2025-06-26,pranarom,fra,huile de nigelle bienfaits,2.9,16,184,final
2025-06-27,pranarom,fra,huile de nigelle bienfaits,5.1,5,149,final
2025-06-28,pranarom,fra,huile de nigelle bienfaits,5.4,4,154,final
2025-06-29,pranarom,fra,huile de nigelle bienfaits,5.4,6,144,final
2025-06-30,pranarom,fra,huile de nigelle bienfaits,5.7,3,127,final
2025-07-01,pranarom,fra,huile de nigelle bienfaits,6.2,3,118,final
2025-07-02,pranarom,fra,huile de nigelle bienfaits,6.0,2,134,final
2025-07-03,pranarom,fra,huile de nigelle bienfaits,5.1,3,135,final
2025-07-04,pranarom,fra,huile de nigelle bienfaits,4.9,2,169,final
2025-07-05,pranarom,fra,huile de nigelle bienfaits,4.6,8,158,final
2025-07-06,pranarom,fra,huile de nigelle bienfaits,4.2,4,165,final
2025-07-07,pranarom,fra,huile de nigelle bienfaits,4.2,8,179,final
2025-07-08,pranarom,fra,huile de nigelle bienfaits,4.4,4,150,final
2025-07-09,pranarom,fra,huile de nigelle bienfaits,3.9,4,144,final
2025-07-10,pranarom,fra,huile de nigelle bienfaits,4.7,2,130,final
2025-07-11,pranarom,fra,huile de nigelle bienfaits,4.3,7,143,final
2025-07-12,pranarom,fra,huile de nigelle bienfaits,5.3,2,147,final
2025-07-13,pranarom,fra,huile de nigelle bienfaits,5.4,3,157,final
2025-07-14,pranarom,fra,huile de nigelle bienfaits,4.9,3,178,final
2025-07-15,pranarom,fra,huile de nigelle bienfaits,5.1,4,157,final
2025-07-16,pranarom,fra,huile de nigelle bienfaits,5.1,4,177,final
2025-07-17,pranarom,fra,huile de nigelle bienfaits,5.2,1,150,final
2025-07-18,pranarom,fra,huile de nigelle bienfaits,4.9,4,163,final
2025-07-19,pranarom,fra,huile de nigelle bienfaits,4.4,12,174,final
2025-07-20,pranarom,fra,huile de nigelle bienfaits,4.7,3,196,final
2025-07-21,pranarom,fra,huile de nigelle bienfaits,5.2,3,155,final
2025-07-22,pranarom,fra,huile de nigelle bienfaits,4.6,4,163,final
2025-07-23,pranarom,fra,huile de nigelle bienfaits,4.1,3,153,final
2025-07-24,pranarom,fra,huile de nigelle bienfaits,4.2,4,149,final
2025-07-25,pranarom,fra,huile de nigelle bienfaits,4.5,5,166,final
2025-07-26,pranarom,fra,huile de nigelle bienfaits,4.3,4,188,final
2025-07-27,pranarom,fra,huile de nigelle bienfaits,4.2,10,203,final
2025-07-28,pranarom,fra,huile de nigelle bienfaits,4.3,6,216,final
2025-07-29,pranarom,fra,huile de nigelle bienfaits,4.2,10,195,final
2025-07-30,pranarom,fra,huile de nigelle bienfaits,3.5,8,200,final
2025-07-31,pranarom,fra,huile de nigelle bienfaits,2.6,9,171,final
2025-08-01,pranarom,fra,huile de nigelle bienfaits,5.2,2,187,final
2025-08-02,pranarom,fra,huile de nigelle bienfaits,4.7,8,200,final
2025-08-03,pranarom,fra,huile de nigelle bienfaits,4.6,8,173,final
2025-08-04,pranarom,fra,huile de nigelle bienfaits,4.7,3,184,final
2025-08-05,pranarom,fra,huile de nigelle bienfaits,4.5,4,166,final
2025-08-06,pranarom,fra,huile de nigelle bienfaits,4.4,4,186,final
2025-08-07,pranarom,fra,huile de nigelle bienfaits,3.9,5,174,final
2025-08-08,pranarom,fra,huile de nigelle bienfaits,3.1,7,192,final
2025-08-09,pranarom,fra,huile de nigelle bienfaits,3.3,10,180,final
2025-08-10,pranarom,fra,huile de nigelle bienfaits,3.1,12,217,final
2025-08-11,pranarom,fra,huile de nigelle bienfaits,2.9,17,194,final
2025-08-12,pranarom,fra,huile de nigelle bienfaits,2.6,19,238,final
2025-08-13,pranarom,fra,huile de nigelle bienfaits,2.6,12,224,final
2025-08-14,pranarom,fra,huile de nigelle bienfaits,2.4,9,210,final
2025-08-15,pranarom,fra,huile de nigelle bienfaits,2.6,18,384,final
2025-08-16,pranarom,fra,huile de nigelle bienfaits,3.2,26,318,final
2025-08-17,pranarom,fra,huile de nigelle bienfaits,3.3,11,279,final
2025-08-18,pranarom,fra,huile de nigelle bienfaits,3.3,6,245,final
2025-08-19,pranarom,fra,huile de nigelle bienfaits,2.7,34,412,final
2025-08-20,pranarom,fra,huile de nigelle bienfaits,2.9,12,265,final
2025-08-21,pranarom,fra,huile de nigelle bienfaits,3.5,11,215,final
2025-08-22,pranarom,fra,huile de nigelle bienfaits,3.8,8,244,final
2025-08-23,pranarom,fra,huile de nigelle bienfaits,4.6,4,364,final
2025-08-24,pranarom,fra,huile de nigelle bienfaits,4.7,10,532,final
2025-08-25,pranarom,fra,huile de nigelle bienfaits,4.6,18,431,final
2025-08-26,pranarom,fra,huile de nigelle bienfaits,3.7,22,380,final
2025-08-27,pranarom,fra,huile de nigelle bienfaits,3.4,14,373,final
2025-08-28,pranarom,fra,huile de nigelle bienfaits,3.9,20,347,final
2025-08-29,pranarom,fra,huile de nigelle bienfaits,3.6,15,352,final
2025-08-30,pranarom,fra,huile de nigelle bienfaits,3.5,19,360,final
2025-08-31,pranarom,fra,huile de nigelle bienfaits,3.5,16,335,final
2025-09-01,pranarom,fra,huile de nigelle bienfaits,3.6,18,277,final
2025-09-02,pranarom,fra,huile de nigelle bienfaits,3.4,20,252,final
2025-09-03,pranarom,fra,huile de nigelle bienfaits,3.0,13,245,final
2025-09-04,pranarom,fra,huile de nigelle bienfaits,2.9,15,210,final
2025-09-05,pranarom,fra,huile de nigelle bienfaits,2.8,17,214,final
2025-09-06,pranarom,fra,huile de nigelle bienfaits,2.8,21,237,final
2025-09-07,pranarom,fra,huile de nigelle bienfaits,2.9,26,262,final
2025-09-08,pranarom,fra,huile de nigelle bienfaits,3.0,26,277,final
2025-09-09,pranarom,fra,huile de nigelle bienfaits,3.2,21,276,final
2025-09-10,pranarom,fra,huile de nigelle bienfaits,3.4,17,297,final
2025-09-11,pranarom,fra,huile de nigelle bienfaits,3.8,8,252,final
2025-09-12,pranarom,fra,huile de nigelle bienfaits,4.0,7,231,final
2025-09-13,pranarom,fra,huile de nigelle bienfaits,4.1,15,211,final
2025-09-14,pranarom,fra,huile de nigelle bienfaits,4.3,9,270,final
2025-09-15,pranarom,fra,huile de nigelle bienfaits,4.2,13,238,final
2025-09-16,pranarom,fra,huile de nigelle bienfaits,3.6,8,180,final
2025-09-17,pranarom,fra,huile de nigelle bienfaits,3.5,14,268,final
2025-09-18,pranarom,fra,huile de nigelle bienfaits,3.3,13,238,final
2025-09-19,pranarom,fra,huile de nigelle bienfaits,3.2,13,204,final
2025-09-20,pranarom,fra,huile de nigelle bienfaits,4.0,17,262,final
2025-09-21,pranarom,fra,huile de nigelle bienfaits,3.8,9,233,final
2025-09-22,pranarom,fra,huile de nigelle bienfaits,3.9,9,235,final
2025-09-23,pranarom,fra,huile de nigelle bienfaits,3.9,9,198,final
2025-09-24,pranarom,fra,huile de nigelle bienfaits,3.8,5,248,final
2025-09-25,pranarom,fra,huile de nigelle bienfaits,3.7,6,196,final
2025-09-26,pranarom,fra,huile de nigelle bienfaits,3.6,9,234,final
2025-09-27,pranarom,fra,huile de nigelle bienfaits,3.1,20,202,final
2025-09-28,pranarom,fra,huile de nigelle bienfaits,3.4,14,182,final
2025-09-29,pranarom,fra,huile de nigelle bienfaits,3.7,8,233,final
2025-09-30,pranarom,fra,huile de nigelle bienfaits,3.9,7,258,final
2025-10-01,pranarom,fra,huile de nigelle bienfaits,3.9,10,321,final
2025-10-02,pranarom,fra,huile de nigelle bienfaits,3.8,9,348,final
2025-10-03,pranarom,fra,huile de nigelle bienfaits,3.5,18,320,final
2025-10-04,pranarom,fra,huile de nigelle bienfaits,4.1,12,315,final
2025-10-05,pranarom,fra,huile de nigelle bienfaits,4.3,7,242,final
2025-10-06,pranarom,fra,huile de nigelle bienfaits,4.5,11,255,final
2025-10-07,pranarom,fra,huile de nigelle bienfaits,4.5,6,227,final
2025-10-08,pranarom,fra,huile de nigelle bienfaits,4.9,7,229,final
2025-10-09,pranarom,fra,huile de nigelle bienfaits,4.6,6,212,final
2025-10-10,pranarom,fra,huile de nigelle bienfaits,4.8,2,232,final
2025-10-11,pranarom,fra,huile de nigelle bienfaits,4.6,4,201,final
2025-10-12,pranarom,fra,huile de nigelle bienfaits,5.0,6,228,final
2025-10-13,pranarom,fra,huile de nigelle bienfaits,4.5,12,227,final
2025-10-14,pranarom,fra,huile de nigelle bienfaits,4.6,5,195,final
2025-10-15,pranarom,fra,huile de nigelle bienfaits,3.5,28,624,final
2025-10-16,pranarom,fra,huile de nigelle bienfaits,4.0,16,488,final
2025-10-17,pranarom,fra,huile de nigelle bienfaits,4.6,11,408,final
2025-10-18,pranarom,fra,huile de nigelle bienfaits,5.0,11,352,final
2025-10-19,pranarom,fra,huile de nigelle bienfaits,5.0,7,337,final
2025-10-20,pranarom,fra,huile de nigelle bienfaits,5.1,11,316,final
2025-10-21,pranarom,fra,huile de nigelle bienfaits,4.5,5,284,final
2025-10-22,pranarom,fra,huile de nigelle bienfaits,3.2,21,258,final
2025-10-23,pranarom,fra,huile de nigelle bienfaits,2.9,10,205,final
2025-10-24,pranarom,fra,huile de nigelle bienfaits,2.5,14,226,final
2025-10-25,pranarom,fra,huile de nigelle bienfaits,2.7,12,243,final
2025-10-26,pranarom,fra,huile de nigelle bienfaits,2.9,23,283,final
2025-10-27,pranarom,fra,huile de nigelle bienfaits,3.2,23,251,final
2025-10-28,pranarom,fra,huile de nigelle bienfaits,3.4,18,270,final
2025-10-29,pranarom,fra,huile de nigelle bienfaits,4.0,7,277,final
2025-10-30,pranarom,fra,huile de nigelle bienfaits,3.9,8,236,final
2025-10-31,pranarom,fra,huile de nigelle bienfaits,3.9,6,222,final
2025-11-01,pranarom,fra,huile de nigelle bienfaits,3.9,8,240,final
2025-11-02,pranarom,fra,huile de nigelle bienfaits,3.9,7,257,final
2025-11-03,pranarom,fra,huile de nigelle bienfaits,3.9,5,260,final
2025-11-04,pranarom,fra,huile de nigelle bienfaits,3.9,5,266,final
2025-11-05,pranarom,fra,huile de nigelle bienfaits,3.7,11,334,final
2025-11-06,pranarom,fra,huile de nigelle bienfaits,3.8,6,305,final
2025-11-07,pranarom,fra,huile de nigelle bienfaits,3.4,9,272,final
2025-11-08,pranarom,fra,huile de nigelle bienfaits,3.1,15,280,final
2025-11-09,pranarom,fra,huile de nigelle bienfaits,3.7,15,291,final
2025-11-10,pranarom,fra,huile de nigelle bienfaits,3.8,6,282,final
2025-11-11,pranarom,fra,huile de nigelle bienfaits,3.7,7,238,final
2025-11-12,pranarom,fra,huile de nigelle bienfaits,3.4,12,241,final
2025-11-13,pranarom,fra,huile de nigelle bienfaits,3.2,11,211,final
2025-11-14,pranarom,fra,huile de nigelle bienfaits,3.5,11,207,final
2025-11-15,pranarom,fra,huile de nigelle bienfaits,3.6,11,252,final
2025-11-16,pranarom,fra,huile de nigelle bienfaits,3.5,14,247,final
2025-11-17,pranarom,fra,huile de nigelle bienfaits,3.3,10,241,final
2025-11-18,pranarom,fra,huile de nigelle bienfaits,2.2,9,229,final
2025-11-19,pranarom,fra,huile de nigelle bienfaits,2.4,12,245,final
2025-11-20,pranarom,fra,huile de nigelle bienfaits,2.4,7,201,final
2025-11-21,pranarom,fra,huile de nigelle bienfaits,1.7,13,196,final
2025-11-22,pranarom,fra,huile de nigelle bienfaits,1.5,10,242,final
2025-11-23,pranarom,fra,huile de nigelle bienfaits,2.6,13,260,final
2025-11-24,pranarom,fra,huile de nigelle bienfaits,2.4,10,182,final
2025-11-25,pranarom,fra,huile de nigelle bienfaits,2.4,17,182,final
2025-11-26,pranarom,fra,huile de nigelle bienfaits,2.6,4,189,final
2025-11-27,pranarom,fra,huile de nigelle bienfaits,1.5,10,182,final
2025-11-28,pranarom,fra,huile de nigelle bienfaits,1.2,10,195,final
2025-11-29,pranarom,fra,huile de nigelle bienfaits,1.4,15,186,final
2025-11-30,pranarom,fra,huile de nigelle bienfaits,1.4,6,212,final
2025-12-01,pranarom,fra,huile de nigelle bienfaits,1.4,11,221,final
2025-12-02,pranarom,fra,huile de nigelle bienfaits,1.8,2,149,final
2025-12-03,pranarom,fra,huile de nigelle bienfaits,2.5,8,180,final
2025-12-04,pranarom,fra,huile de nigelle bienfaits,2.9,14,260,final
2025-12-05,pranarom,fra,huile de nigelle bienfaits,3.2,9,186,final
2025-12-06,pranarom,fra,huile de nigelle bienfaits,3.5,6,161,final
2025-12-07,pranarom,fra,huile de nigelle bienfaits,4.2,11,227,final
2025-12-08,pranarom,fra,huile de nigelle bienfaits,3.5,8,198,final
2025-12-09,pranarom,fra,huile de nigelle bienfaits,3.7,9,196,final
2025-12-10,pranarom,fra,huile de nigelle bienfaits,2.5,12,204,final
2025-12-11,pranarom,fra,huile de nigelle bienfaits,1.0,5,172,final
2025-12-12,pranarom,fra,huile de nigelle bienfaits,1.4,7,165,final
2025-12-13,pranarom,fra,huile de nigelle bienfaits,1.0,12,201,final
2025-12-14,pranarom,fra,huile de nigelle bienfaits,1.9,7,222,final
2025-12-15,pranarom,fra,huile de nigelle bienfaits,2.1,12,212,final
2025-12-16,pranarom,fra,huile de nigelle bienfaits,1.1,10,258,final
2025-12-17,pranarom,fra,huile de nigelle bienfaits,1.1,13,252,final
2025-12-18,pranarom,fra,huile de nigelle bienfaits,1.1,18,229,final
2025-12-19,pranarom,fra,huile de nigelle bienfaits,1.1,6,167,final
2025-12-20,pranarom,fra,huile de nigelle bienfaits,1.4,13,219,final
2025-12-21,pranarom,fra,huile de nigelle bienfaits,1.5,8,181,final
2025-12-22,pranarom,fra,huile de nigelle bienfaits,1.6,13,192,final
2025-12-23,pranarom,fra,huile de nigelle bienfaits,3.1,14,193,final
2025-12-24,pranarom,fra,huile de nigelle bienfaits,3.2,9,128,final
2025-12-25,pranarom,fra,huile de nigelle bienfaits,3.0,8,153,final
2025-12-26,pranarom,fra,huile de nigelle bienfaits,2.9,18,204,final
2025-12-27,pranarom,fra,huile de nigelle bienfaits,2.8,16,195,final
2025-12-28,pranarom,fra,huile de nigelle bienfaits,3.5,18,215,final
2025-12-29,pranarom,fra,huile de nigelle bienfaits,2.9,7,207,final
2025-12-30,pranarom,fra,huile de nigelle bienfaits,3.0,17,202,final
2025-12-31,pranarom,fra,huile de nigelle bienfaits,2.8,12,200,final
2026-01-01,pranarom,fra,huile de nigelle bienfaits,3.0,25,341,final
2026-01-02,pranarom,fra,huile de nigelle bienfaits,2.8,29,347,final
2026-01-03,pranarom,fra,huile de nigelle bienfaits,2.7,28,329,final
2026-01-04,pranarom,fra,huile de nigelle bienfaits,3.7,21,269,final
2026-01-05,pranarom,fra,huile de nigelle bienfaits,2.5,25,231,final
2026-01-06,pranarom,fra,huile de nigelle bienfaits,1.3,24,134,final
2026-01-07,pranarom,fra,huile de nigelle bienfaits,2.9,22,216,final
2026-01-08,pranarom,fra,huile de nigelle bienfaits,4.1,24,188,final
2026-01-09,pranarom,fra,huile de nigelle bienfaits,3.1,19,447,final
2026-01-10,pranarom,fra,huile de nigelle bienfaits,2.2,6,177,final
2026-01-11,pranarom,fra,huile de nigelle bienfaits,1.6,21,241,final
2026-01-12,pranarom,fra,huile de nigelle bienfaits,1.4,18,221,final
2026-01-13,pranarom,fra,huile de nigelle bienfaits,1.5,12,188,final
2026-01-14,pranarom,fra,huile de nigelle bienfaits,1.6,12,187,final
2026-01-15,pranarom,fra,huile de nigelle bienfaits,1.1,7,183,final
2026-01-16,pranarom,fra,huile de nigelle bienfaits,1.7,8,156,final
2026-01-17,pranarom,fra,huile de nigelle bienfaits,1.5,15,184,final
2026-01-18,pranarom,fra,huile de nigelle bienfaits,2.9,16,235,final
2026-01-19,pranarom,fra,huile de nigelle bienfaits,2.9,17,170,final
2026-01-20,pranarom,fra,huile de nigelle bienfaits,2.7,16,171,final
2026-01-21,pranarom,fra,huile de nigelle bienfaits,3.6,9,165,final
2026-01-22,pranarom,fra,huile de nigelle bienfaits,4.5,7,174,final
2026-01-23,pranarom,fra,huile de nigelle bienfaits,2.9,8,156,final
2026-01-24,pranarom,fra,huile de nigelle bienfaits,2.8,24,250,final
2026-01-25,pranarom,fra,huile de nigelle bienfaits,2.7,22,218,final
2026-01-26,pranarom,fra,huile de nigelle bienfaits,2.9,16,221,final
2026-01-27,pranarom,fra,huile de nigelle bienfaits,3.1,11,185,final
2026-01-28,pranarom,fra,huile de nigelle bienfaits,3.9,14,226,final
2026-01-29,pranarom,fra,huile de nigelle bienfaits,3.5,12,211,final
2026-01-30,pranarom,fra,huile de nigelle bienfaits,3.8,13,203,final
2026-01-31,pranarom,fra,huile de nigelle bienfaits,3.1,19,218,final
2026-02-01,pranarom,fra,huile de nigelle bienfaits,3.3,13,252,final
2026-02-02,pranarom,fra,huile de nigelle bienfaits,4.2,16,196,final
2026-02-03,pranarom,fra,huile de nigelle bienfaits,3.0,11,184,final
2026-02-04,pranarom,fra,huile de nigelle bienfaits,3.3,12,201,final
2026-02-05,pranarom,fra,huile de nigelle bienfaits,3.0,13,244,final
2026-02-06,pranarom,fra,huile de nigelle bienfaits,3.0,10,267,final
2026-02-07,pranarom,fra,huile de nigelle bienfaits,3.2,13,246,final
2026-02-08,pranarom,fra,huile de nigelle bienfaits,3.1,6,242,final
2026-02-09,pranarom,fra,huile de nigelle bienfaits,3.7,8,205,final
2026-02-10,pranarom,fra,huile de nigelle bienfaits,3.0,5,212,final
2026-02-11,pranarom,fra,huile de nigelle bienfaits,3.5,15,246,final
2026-02-12,pranarom,fra,huile de nigelle bienfaits,3.1,8,204,final
2026-02-13,pranarom,fra,huile de nigelle bienfaits,4.0,13,167,final
2026-02-14,pranarom,fra,huile de nigelle bienfaits,5.1,6,213,final
2026-02-15,pranarom,fra,huile de nigelle bienfaits,3.6,13,193,final
2026-02-16,pranarom,fra,huile de nigelle bienfaits,3.7,15,185,final
2026-02-17,pranarom,fra,huile de nigelle bienfaits,2.7,14,199,final
2026-02-18,pranarom,fra,huile de nigelle bienfaits,5.3,4,221,final
2026-02-19,pranarom,fra,huile de nigelle bienfaits,3.5,9,187,final
2026-02-20,pranarom,fra,huile de nigelle bienfaits,3.5,8,187,final
2026-02-21,pranarom,fra,huile de nigelle bienfaits,3.8,10,202,final
2026-02-22,pranarom,fra,huile de nigelle bienfaits,4.6,17,217,final
2026-02-23,pranarom,fra,huile de nigelle bienfaits,5.6,14,210,final
2026-02-24,pranarom,fra,huile de nigelle bienfaits,6.2,10,218,final
2026-02-25,pranarom,fra,huile de nigelle bienfaits,4.2,14,222,final
2026-02-26,pranarom,fra,huile de nigelle bienfaits,3.3,13,180,final
2026-02-27,pranarom,fra,huile de nigelle bienfaits,4.0,12,165,final
2026-02-28,pranarom,fra,huile de nigelle bienfaits,5.5,12,186,final
2026-03-01,pranarom,fra,huile de nigelle bienfaits,7.0,1,186,final
2026-03-02,pranarom,fra,huile de nigelle bienfaits,3.2,10,184,final
2026-03-03,pranarom,fra,huile de nigelle bienfaits,5.5,10,197,final
2026-03-04,pranarom,fra,huile de nigelle bienfaits,3.7,18,194,final
2026-03-05,pranarom,fra,huile de nigelle bienfaits,4.6,13,165,final
2026-03-06,pranarom,fra,huile de nigelle bienfaits,2.8,20,200,final
2026-03-07,pranarom,fra,huile de nigelle bienfaits,3.7,10,192,final
2026-03-08,pranarom,fra,huile de nigelle bienfaits,6.1,7,183,final
2026-03-09,pranarom,fra,huile de nigelle bienfaits,6.6,5,183,final
2026-03-10,pranarom,fra,huile de nigelle bienfaits,5.4,14,200,final
2026-03-11,pranarom,fra,huile de nigelle bienfaits,7.7,2,150,final
2026-03-12,pranarom,fra,huile de nigelle bienfaits,5.7,9,158,final
2026-03-13,pranarom,fra,huile de nigelle bienfaits,7.7,3,179,final
2026-03-14,pranarom,fra,huile de nigelle bienfaits,3.8,9,201,final
2026-03-15,pranarom,fra,huile de nigelle bienfaits,5.5,4,161,final
2026-03-16,pranarom,fra,huile de nigelle bienfaits,6.5,2,188,final
2026-03-17,pranarom,fra,huile de nigelle bienfaits,3.9,5,173,final
2026-03-18,pranarom,fra,huile de nigelle bienfaits,4.3,10,165,final
2026-03-19,pranarom,fra,huile de nigelle bienfaits,3.6,6,161,final
2026-03-20,pranarom,fra,huile de nigelle bienfaits,3.8,10,183,final
2026-03-21,pranarom,fra,huile de nigelle bienfaits,4,7,198,final
2026-03-22,pranarom,fra,huile de nigelle bienfaits,3.8,16,256,final
2026-03-23,pranarom,fra,huile de nigelle bienfaits,4.0,9,245,final
2026-03-24,pranarom,fra,huile de nigelle bienfaits,3.8,10,209,final
2026-03-25,pranarom,fra,huile de nigelle bienfaits,3.6,18,194,final
2026-03-26,pranarom,fra,huile de nigelle bienfaits,3.4,16,193,final
2026-03-27,pranarom,fra,huile de nigelle bienfaits,3.8,13,165,final
2026-03-28,pranarom,fra,huile de nigelle bienfaits,4.2,18,210,final
2026-03-29,pranarom,fra,huile de nigelle bienfaits,3.8,18,184,final
2026-03-30,pranarom,fra,huile de nigelle bienfaits,3.3,13,185,final
2026-03-31,pranarom,fra,huile de nigelle bienfaits,4.2,15,217,final
2026-04-01,pranarom,fra,huile de nigelle bienfaits,5.2,13,222,final
2026-04-02,pranarom,fra,huile de nigelle bienfaits,3.4,17,172,final
2026-04-03,pranarom,fra,huile de nigelle bienfaits,4.2,13,168,final
2026-04-04,pranarom,fra,huile de nigelle bienfaits,3.5,19,187,final
2026-04-05,pranarom,fra,huile de nigelle bienfaits,3.1,24,268,final
2026-04-06,pranarom,fra,huile de nigelle bienfaits,3.3,21,193,final
2026-04-07,pranarom,fra,huile de nigelle bienfaits,3.9,12,225,final
2026-04-08,pranarom,fra,huile de nigelle bienfaits,4.4,17,214,final
2026-04-09,pranarom,fra,huile de nigelle bienfaits,4.0,11,190,final
2026-04-10,pranarom,fra,huile de nigelle bienfaits,3.7,5,174,final
2026-04-11,pranarom,fra,huile de nigelle bienfaits,3.0,17,162,final
2026-04-12,pranarom,fra,huile de nigelle bienfaits,3.4,9,209,final
2026-04-13,pranarom,fra,huile de nigelle bienfaits,3.8,23,484,final
2026-04-14,pranarom,fra,huile de nigelle bienfaits,3.6,18,512,final
2026-04-15,pranarom,fra,huile de nigelle bienfaits,3.5,14,278,final
2026-04-16,pranarom,fra,huile de nigelle bienfaits,3.4,11,211,final
2026-04-17,pranarom,fra,huile de nigelle bienfaits,3.4,5,188,final
2026-04-18,pranarom,fra,huile de nigelle bienfaits,3.8,8,244,final
2026-04-19,pranarom,fra,huile de nigelle bienfaits,3.2,7,282,final
2026-04-20,pranarom,fra,huile de nigelle bienfaits,3.7,7,227,final
2026-04-21,pranarom,fra,huile de nigelle bienfaits,3.4,9,227,final
2026-04-22,pranarom,fra,huile de nigelle bienfaits,4.1,14,225,final
2026-04-23,pranarom,fra,huile de nigelle bienfaits,3.1,14,221,final
2026-04-24,pranarom,fra,huile de nigelle bienfaits,3.5,7,223,final
2026-04-25,pranarom,fra,huile de nigelle bienfaits,3.5,15,226,final
2026-04-26,pranarom,fra,huile de nigelle bienfaits,3.3,18,230,final
2026-04-27,pranarom,fra,huile de nigelle bienfaits,3.8,13,228,final
2026-04-28,pranarom,fra,huile de nigelle bienfaits,4.5,18,219,final
2026-04-29,pranarom,fra,huile de nigelle bienfaits,4.5,11,238,final
2026-04-30,pranarom,fra,huile de nigelle bienfaits,4.2,16,212,final
2026-05-01,pranarom,fra,huile de nigelle bienfaits,3.3,16,229,final
2026-05-02,pranarom,fra,huile de nigelle bienfaits,3.4,7,234,final
2026-05-03,pranarom,fra,huile de nigelle bienfaits,3.1,18,268,final
2026-05-04,pranarom,fra,huile de nigelle bienfaits,3.2,17,224,final
2026-05-05,pranarom,fra,huile de nigelle bienfaits,3.9,11,209,final
2026-05-06,pranarom,fra,huile de nigelle bienfaits,3.8,14,269,final
2026-05-07,pranarom,fra,huile de nigelle bienfaits,3.1,15,184,final
2026-05-08,pranarom,fra,huile de nigelle bienfaits,3.3,12,209,final
2026-05-09,pranarom,fra,huile de nigelle bienfaits,3.8,13,197,final
2026-05-10,pranarom,fra,huile de nigelle bienfaits,3.5,20,233,final
2026-05-11,pranarom,fra,huile de nigelle bienfaits,3.1,14,198,final
2026-05-12,pranarom,fra,huile de nigelle bienfaits,4.1,22,265,final
2026-05-13,pranarom,fra,huile de nigelle bienfaits,4.1,22,265,final
2026-05-14,pranarom,fra,huile de nigelle bienfaits,3.3,18,232,final
2026-05-15,pranarom,fra,huile de nigelle bienfaits,2.8,30,349,final
2026-05-16,pranarom,fra,huile de nigelle bienfaits,3.0,32,390,final
2026-05-17,pranarom,fra,huile de nigelle bienfaits,2.6,20,278,final
2026-05-18,pranarom,fra,huile de nigelle bienfaits,3.1,18,244,final
2026-05-19,pranarom,fra,huile de nigelle bienfaits,3.6,14,204,final
2026-05-20,pranarom,fra,huile de nigelle bienfaits,3.4,13,182,final
2026-05-21,pranarom,fra,huile de nigelle bienfaits,3.1,14,165,final
2026-05-22,pranarom,fra,huile de nigelle bienfaits,2.9,10,196,final
2026-05-23,pranarom,fra,huile de nigelle bienfaits,2.9,12,190,final
2026-05-24,pranarom,fra,huile de nigelle bienfaits,3.3,17,200,final
2026-05-25,pranarom,fra,huile de nigelle bienfaits,3.5,13,191,final
2026-05-26,pranarom,fra,huile de nigelle bienfaits,3.1,10,166,final
2026-05-27,pranarom,fra,huile de nigelle bienfaits,4.2,12,168,final
2026-05-28,pranarom,fra,huile de nigelle bienfaits,3.4,11,184,final
2026-05-29,pranarom,fra,huile de nigelle bienfaits,3.9,7,154,final
2026-05-30,pranarom,fra,huile de nigelle bienfaits,4.3,10,169,final
2026-05-31,pranarom,fra,huile de nigelle bienfaits,3.0,16,189,final
2026-06-01,pranarom,fra,huile de nigelle bienfaits,3.6,21,259,final
2026-06-02,pranarom,fra,huile de nigelle bienfaits,3.4,14,270,final
2026-06-03,pranarom,fra,huile de nigelle bienfaits,4.9,16,289,final
2026-06-04,pranarom,fra,huile de nigelle bienfaits,3.1,17,200,final
2026-06-05,pranarom,fra,huile de nigelle bienfaits,3.0,14,239,final
2026-06-06,pranarom,fra,huile de nigelle bienfaits,3.4,9,219,final
2026-06-07,pranarom,fra,huile de nigelle bienfaits,3.3,22,233,final
2026-06-08,pranarom,fra,huile de nigelle bienfaits,3.0,8,224,final
2026-06-09,pranarom,fra,huile de nigelle bienfaits,3.4,11,195,final
2026-06-10,pranarom,fra,huile de nigelle bienfaits,4.7,18,239,final
2026-06-11,pranarom,fra,huile de nigelle bienfaits,3.1,11,198,final
2026-06-12,pranarom,fra,huile de nigelle bienfaits,3.1,11,149,final
2026-06-13,pranarom,fra,huile de nigelle bienfaits,3.3,13,200,final
2026-06-14,pranarom,fra,huile de nigelle bienfaits,3.0,14,187,final
2026-06-15,pranarom,fra,huile de nigelle bienfaits,3.1,11,173,final
2026-06-16,pranarom,fra,huile de nigelle bienfaits,3.0,14,199,final
2026-06-17,pranarom,fra,huile de nigelle bienfaits,4.7,8,154,final
2026-06-18,pranarom,fra,huile de nigelle bienfaits,3.5,16,186,final
2026-06-19,pranarom,fra,huile de nigelle bienfaits,3.0,3,141,final
2026-06-20,pranarom,fra,huile de nigelle bienfaits,3.2,8,145,final
2026-06-21,pranarom,fra,huile de nigelle bienfaits,3.2,6,142,final
2026-06-22,pranarom,fra,huile de nigelle bienfaits,3.1,18,186,final
2026-06-23,pranarom,fra,huile de nigelle bienfaits,3.3,11,150,final
2026-06-24,pranarom,fra,huile de nigelle bienfaits,5.1,13,144,final
2026-06-25,pranarom,fra,huile de nigelle bienfaits,3.1,5,122,final
2026-06-26,pranarom,fra,huile de nigelle bienfaits,3.0,11,122,final
2026-06-27,pranarom,fra,huile de nigelle bienfaits,3.7,15,138,final
2026-06-28,pranarom,fra,huile de nigelle bienfaits,3.3,11,137,final
2026-06-29,pranarom,fra,huile de nigelle bienfaits,3.4,8,172,final
2026-06-30,pranarom,fra,huile de nigelle bienfaits,3.1,8,146,final
2026-07-01,pranarom,fra,huile de nigelle bienfaits,5.6,8,160,final
2026-07-02,pranarom,fra,huile de nigelle bienfaits,3.2,7,154,final
2026-07-03,pranarom,fra,huile de nigelle bienfaits,3.0,8,146,final
2026-07-04,pranarom,fra,huile de nigelle bienfaits,3.0,5,128,final
2026-07-05,pranarom,fra,huile de nigelle bienfaits,3.4,4,137,final
2026-07-06,pranarom,fra,huile de nigelle bienfaits,3.3,7,144,final
2026-07-07,pranarom,fra,huile de nigelle bienfaits,3.3,6,154,final
2026-07-08,pranarom,fra,huile de nigelle bienfaits,6.8,5,157,final
2026-07-09,pranarom,fra,huile de nigelle bienfaits,4.1,6,155,final
2026-07-10,pranarom,fra,huile de nigelle bienfaits,3.5,7,154,final
2026-07-11,pranarom,fra,huile de nigelle bienfaits,3.9,8,142,final
2026-07-12,pranarom,fra,huile de nigelle bienfaits,3.3,5,187,final
2026-07-13,pranarom,fra,huile de nigelle bienfaits,3.5,6,138,final
2026-07-14,pranarom,fra,huile de nigelle bienfaits,3.5,10,191,final
2026-07-15,pranarom,fra,huile de nigelle bienfaits,3.8,8,155,final
2026-07-16,pranarom,fra,huile de nigelle bienfaits,3.6,7,134,final
2026-07-17,pranarom,fra,huile de nigelle bienfaits,3.9,6,137,final
2026-07-18,pranarom,fra,huile de nigelle bienfaits,3.5,6,141,final
2026-07-19,pranarom,fra,huile de nigelle bienfaits,4.1,10,175,final
2026-07-20,pranarom,fra,huile de nigelle bienfaits,3.0,15,180,final
2026-07-21,pranarom,fra,huile de nigelle bienfaits,3.0,5,156,final
2026-07-22,pranarom,fra,huile de nigelle bienfaits,4.6,8,201,final
2026-07-23,pranarom,fra,huile de nigelle bienfaits,3.0,6,168,final
2026-07-24,pranarom,fra,huile de nigelle bienfaits,3.0,5,163,final
2026-07-25,pranarom,fra,huile de nigelle bienfaits,3.5,5,163,final
2026-07-26,pranarom,fra,huile de nigelle bienfaits,2.9,9,179,final
2026-07-27,pranarom,fra,huile de nigelle bienfaits,3.0,6,129,final
2026-07-28,pranarom,fra,huile de nigelle bienfaits,2.8,8,141,final
2026-07-29,pranarom,fra,huile de nigelle bienfaits,3.6,9,139,final
2026-07-30,pranarom,fra,huile de nigelle bienfaits,2.9,7,147,final
2026-07-31,pranarom,fra,huile de nigelle bienfaits,3.2,7,142,final
2026-08-01,pranarom,fra,huile de nigelle bienfaits,3.0,9,151,final
2026-08-02,pranarom,fra,huile de nigelle bienfaits,3.0,4,147,final
2026-08-03,pranarom,fra,huile de nigelle bienfaits,2.7,11,173,final
2026-08-04,pranarom,fra,huile de nigelle bienfaits,4.9,7,155,final
2026-08-05,pranarom,fra,huile de nigelle bienfaits,5.6,10,174,final
2026-08-06,pranarom,fra,huile de nigelle bienfaits,2.8,11,235,final
2026-08-07,pranarom,fra,huile de nigelle bienfaits,2.9,7,283,final
2026-08-08,pranarom,fra,huile de nigelle bienfaits,3.1,8,222,final
2026-08-09,pranarom,fra,huile de nigelle bienfaits,2.8,7,230,final
2026-08-10,pranarom,fra,huile de nigelle bienfaits,2.9,12,223,final
2026-08-11,pranarom,fra,huile de nigelle bienfaits,3.1,7,225,final
2026-08-12,pranarom,fra,huile de nigelle bienfaits,3.7,9,212,final
2026-08-13,pranarom,fra,huile de nigelle bienfaits,3.0,12,206,final
2026-08-14,pranarom,fra,huile de nigelle bienfaits,2.8,9,202,final
2026-08-15,pranarom,fra,huile de nigelle bienfaits,3.2,7,167,final
2026-08-16,pranarom,fra,huile de nigelle bienfaits,3.4,8,216,final
2026-08-17,pranarom,fra,huile de nigelle bienfaits,3.0,9,167,final
2026-08-18,pranarom,fra,huile de nigelle bienfaits,3.1,9,228,final
2026-08-19,pranarom,fra,huile de nigelle bienfaits,3.7,15,276,final
2026-08-20,pranarom,fra,huile de nigelle bienfaits,2.9,16,292,final
2026-08-21,pranarom,fra,huile de nigelle bienfaits,2.9,10,224,final
2026-08-22,pranarom,fra,huile de nigelle bienfaits,3.0,8,233,final
2026-08-23,pranarom,fra,huile de nigelle bienfaits,2.9,10,223,final
2026-08-24,pranarom,fra,huile de nigelle bienfaits,2.9,8,230,final
2026-08-25,pranarom,fra,huile de nigelle bienfaits,2.9,10,258,final
2026-08-26,pranarom,fra,huile de nigelle bienfaits,3.7,10,217,final
2026-08-27,pranarom,fra,huile de nigelle bienfaits,3.9,13,250,final
2026-08-28,pranarom,fra,huile de nigelle bienfaits,3.0,4,212,final
2026-08-29,pranarom,fra,huile de nigelle bienfaits,3.2,12,243,final
2026-08-30,pranarom,fra,huile de nigelle bienfaits,2.8,19,249,final
2026-08-31,pranarom,fra,huile de nigelle bienfaits,3.4,11,203,final
2026-09-01,pranarom,fra,huile de nigelle bienfaits,3.1,11,185,final
2026-09-02,pranarom,fra,huile de nigelle bienfaits,3.8,9,226,final
2026-09-03,pranarom,fra,huile de nigelle bienfaits,3.3,5,212,final
2026-09-04,pranarom,fra,huile de nigelle bienfaits,2.9,10,210,final
2026-09-05,pranarom,fra,huile de nigelle bienfaits,3.1,10,235,final
2026-09-06,pranarom,fra,huile de nigelle bienfaits,2.5,20,289,final
2026-09-07,pranarom,fra,huile de nigelle bienfaits,1.3,46,252,final
2026-09-08,pranarom,fra,huile de nigelle bienfaits,1.6,43,253,final
2026-09-09,pranarom,fra,huile de nigelle bienfaits,1.3,36,293,final
2026-09-10,pranarom,fra,huile de nigelle bienfaits,1.4,41,266,final
2026-09-11,pranarom,fra,huile de nigelle bienfaits,1.2,42,260,final
2026-09-12,pranarom,fra,huile de nigelle bienfaits,1.2,37,259,final
2026-09-13,pranarom,fra,huile de nigelle bienfaits,1.2,50,339,final
2026-09-14,pranarom,fra,huile de nigelle bienfaits,1.2,39,327,final
2026-09-15,pranarom,fra,huile de nigelle bienfaits,1.4,37,292,final
2026-09-16,pranarom,fra,huile de nigelle bienfaits,1.9,23,258,final
2026-09-17,pranarom,fra,huile de nigelle bienfaits,1.3,28,253,final
2026-09-18,pranarom,fra,huile de nigelle bienfaits,1.5,15,249,final
2026-09-19,pranarom,fra,huile de nigelle bienfaits,1.4,35,282,final
2026-09-20,pranarom,fra,huile de nigelle bienfaits,1.6,41,302,final
2026-09-21,pranarom,fra,huile de nigelle bienfaits,1.6,29,265,final
2026-09-22,pranarom,fra,huile de nigelle bienfaits,1.4,21,283,final
2026-09-23,pranarom,fra,huile de nigelle bienfaits,2.1,22,259,final
2026-09-24,pranarom,fra,huile de nigelle bienfaits,1.7,29,315,final
2026-09-25,pranarom,fra,huile de nigelle bienfaits,1.7,45,319,final
2026-09-26,pranarom,fra,huile de nigelle bienfaits,1.8,29,254,final
2026-09-27,pranarom,fra,huile de nigelle bienfaits,2.1,47,316,final
2026-09-28,pranarom,fra,huile de nigelle bienfaits,1.4,43,293,final
2026-09-29,pranarom,fra,huile de nigelle bienfaits,1.3,42,239,final
2026-09-30,pranarom,fra,huile de nigelle bienfaits,2.2,37,258,final
2026-10-01,pranarom,fra,huile de nigelle bienfaits,1.3,33,225,fresh
2026-10-02,pranarom,fra,huile de nigelle bienfaits,1.2,33,188,fresh
2025-06-10,pranarom,fra,huile essentielle infection urinaire,1,10,20,final
2025-06-11,pranarom,fra,huile essentielle infection urinaire,1,8,21,final
2025-06-12,pranarom,fra,huile essentielle infection urinaire,1,7,19,final
2025-06-13,pranarom,fra,huile essentielle infection urinaire,1,9,25,final
2025-06-14,pranarom,fra,huile essentielle infection urinaire,1,12,28,final
2025-06-15,pranarom,fra,huile essentielle infection urinaire,1,15,25,final
2025-06-16,pranarom,fra,huile essentielle infection urinaire,1,13,33,final
2025-06-17,pranarom,fra,huile essentielle infection urinaire,1,20,30,final
2025-06-18,pranarom,fra,huile essentielle infection urinaire,1,8,22,final
2025-06-19,pranarom,fra,huile essentielle infection urinaire,1,9,16,final
2025-06-20,pranarom,fra,huile essentielle infection urinaire,1,11,23,final
2025-06-21,pranarom,fra,huile essentielle infection urinaire,1,5,19,final
2025-06-22,pranarom,fra,huile essentielle infection urinaire,1,16,29,final
2025-06-23,pranarom,fra,huile essentielle infection urinaire,1,9,19,final
2025-06-24,pranarom,fra,huile essentielle infection urinaire,1,20,38,final
2025-06-25,pranarom,fra,huile essentielle infection urinaire,1,13,32,final
2025-06-26,pranarom,fra,huile essentielle infection urinaire,1,3,15,final
2025-06-27,pranarom,fra,huile essentielle infection urinaire,1,9,24,final
2025-06-28,pranarom,fra,huile essentielle infection urinaire,1,9,16,final
2025-06-29,pranarom,fra,huile essentielle infection urinaire,1,10,21,final
2025-06-30,pranarom,fra,huile essentielle infection urinaire,1,12,32,final
2025-07-01,pranarom,fra,huile essentielle infection urinaire,1,7,32,final
2025-07-02,pranarom,fra,huile essentielle infection urinaire,1,9,33,final
2025-07-03,pranarom,fra,huile essentielle infection urinaire,1,8,29,final
2025-07-04,pranarom,fra,huile essentielle infection urinaire,1,10,28,final
2025-07-05,pranarom,fra,huile essentielle infection urinaire,1,8,40,final
2025-07-06,pranarom,fra,huile essentielle infection urinaire,1,8,26,final
2025-07-07,pranarom,fra,huile essentielle infection urinaire,1,22,60,final
2025-07-08,pranarom,fra,huile essentielle infection urinaire,1,11,41,final
2025-07-09,pranarom,fra,huile essentielle infection urinaire,1,9,29,final
2025-07-10,pranarom,fra,huile essentielle infection urinaire,1.1,13,33,final
2025-07-11,pranarom,fra,huile essentielle infection urinaire,1,5,30,final
2025-07-12,pranarom,fra,huile essentielle infection urinaire,1.1,11,25,final
2025-07-13,pranarom,fra,huile essentielle infection urinaire,1,11,35,final
2025-07-14,pranarom,fra,huile essentielle infection urinaire,1.1,13,35,final
2025-07-15,pranarom,fra,huile essentielle infection urinaire,1,4,20,final
2025-07-16,pranarom,fra,huile essentielle infection urinaire,1,13,31,final
2025-07-17,pranarom,fra,huile essentielle infection urinaire,1,4,19,final
2025-07-18,pranarom,fra,huile essentielle infection urinaire,1,16,32,final
2025-07-19,pranarom,fra,huile essentielle infection urinaire,1.0,11,36,final
2025-07-20,pranarom,fra,huile essentielle infection urinaire,1,11,36,final
2025-07-21,pranarom,fra,huile essentielle infection urinaire,1,15,46,final
2025-07-22,pranarom,fra,huile essentielle infection urinaire,1.8,14,37,final
2025-07-23,pranarom,fra,huile essentielle infection urinaire,1,14,34,final
2025-07-24,pranarom,fra,huile essentielle infection urinaire,1,13,27,final
2025-07-25,pranarom,fra,huile essentielle infection urinaire,1,9,32,final
2025-07-26,pranarom,fra,huile essentielle infection urinaire,1.9,13,42,final
2025-07-27,pranarom,fra,huile essentielle infection urinaire,1,13,44,final
2025-07-28,pranarom,fra,huile essentielle infection urinaire,2.0,13,40,final
2025-07-29,pranarom,fra,huile essentielle infection urinaire,1,13,41,final
2025-07-30,pranarom,fra,huile essentielle infection urinaire,1,10,33,final
2025-07-31,pranarom,fra,huile essentielle infection urinaire,1,12,39,final
2025-08-01,pranarom,fra,huile essentielle infection urinaire,1,9,30,final
2025-08-02,pranarom,fra,huile essentielle infection urinaire,1,12,39,final
2025-08-03,pranarom,fra,huile essentielle infection urinaire,1,11,37,final
2025-08-04,pranarom,fra,huile essentielle infection urinaire,1,14,38,final
2025-08-05,pranarom,fra,huile essentielle infection urinaire,1,11,40,final
2025-08-06,pranarom,fra,huile essentielle infection urinaire,1.3,11,37,final
2025-08-07,pranarom,fra,huile essentielle infection urinaire,1.6,9,29,final
2025-08-08,pranarom,fra,huile essentielle infection urinaire,1,14,36,final
2025-08-09,pranarom,fra,huile essentielle infection urinaire,1,12,31,final
2025-08-10,pranarom,fra,huile essentielle infection urinaire,1,19,34,final
2025-08-11,pranarom,fra,huile essentielle infection urinaire,1,11,43,final
2025-08-12,pranarom,fra,huile essentielle infection urinaire,1,10,26,final
2025-08-13,pranarom,fra,huile essentielle infection urinaire,1,12,31,final
2025-08-14,pranarom,fra,huile essentielle infection urinaire,1,9,33,final
2025-08-15,pranarom,fra,huile essentielle infection urinaire,1,14,37,final
2025-08-16,pranarom,fra,huile essentielle infection urinaire,1,10,27,final
2025-08-17,pranarom,fra,huile essentielle infection urinaire,1,10,30,final
2025-08-18,pranarom,fra,huile essentielle infection urinaire,1,15,38,final
2025-08-19,pranarom,fra,huile essentielle infection urinaire,1,11,30,final
2025-08-20,pranarom,fra,huile essentielle infection urinaire,1,12,32,final
2025-08-21,pranarom,fra,huile essentielle infection urinaire,1,12,35,final
2025-08-22,pranarom,fra,huile essentielle infection urinaire,1,7,32,final
2025-08-23,pranarom,fra,huile essentielle infection urinaire,1,8,27,final
2025-08-24,pranarom,fra,huile essentielle infection urinaire,1,8,23,final
2025-08-25,pranarom,fra,huile essentielle infection urinaire,1,8,26,final
2025-08-26,pranarom,fra,huile essentielle infection urinaire,1,7,29,final
2025-08-27,pranarom,fra,huile essentielle infection urinaire,1,7,35,final
2025-08-28,pranarom,fra,huile essentielle infection urinaire,1,15,40,final
2025-08-29,pranarom,fra,huile essentielle infection urinaire,1,9,30,final
2025-08-30,pranarom,fra,huile essentielle infection urinaire,1,14,36,final
2025-08-31,pranarom,fra,huile essentielle infection urinaire,1,17,44,final
2025-09-01,pranarom,fra,huile essentielle infection urinaire,1.7,12,39,final
2025-09-02,pranarom,fra,huile essentielle infection urinaire,2.3,14,30,final
2025-09-03,pranarom,fra,huile essentielle infection urinaire,3.0,6,20,final
2025-09-04,pranarom,fra,huile essentielle infection urinaire,2.3,7,22,final
2025-09-05,pranarom,fra,huile essentielle infection urinaire,1,11,37,final
2025-09-06,pranarom,fra,huile essentielle infection urinaire,1,8,22,final
2025-09-07,pranarom,fra,huile essentielle infection urinaire,1,14,36,final
2025-09-08,pranarom,fra,huile essentielle infection urinaire,1,7,31,final
2025-09-09,pranarom,fra,huile essentielle infection urinaire,1,12,45,final
2025-09-10,pranarom,fra,huile essentielle infection urinaire,1,11,37,final
2025-09-11,pranarom,fra,huile essentielle infection urinaire,1,11,34,final
2025-09-12,pranarom,fra,huile essentielle infection urinaire,1,12,33,final
2025-09-13,pranarom,fra,huile essentielle infection urinaire,1,11,32,final
2025-09-14,pranarom,fra,huile essentielle infection urinaire,1,9,24,final
2025-09-15,pranarom,fra,huile essentielle infection urinaire,1,14,43,final
2025-09-16,pranarom,fra,huile essentielle infection urinaire,1,12,34,final
2025-09-17,pranarom,fra,huile essentielle infection urinaire,1,6,28,final
2025-09-18,pranarom,fra,huile essentielle infection urinaire,2.2,7,25,final
2025-09-19,pranarom,fra,huile essentielle infection urinaire,1,10,39,final
2025-09-20,pranarom,fra,huile essentielle infection urinaire,1,7,24,final
2025-09-21,pranarom,fra,huile essentielle infection urinaire,1,11,31,final
2025-09-22,pranarom,fra,huile essentielle infection urinaire,1,14,37,final
2025-09-23,pranarom,fra,huile essentielle infection urinaire,3.7,10,35,final
2025-09-24,pranarom,fra,huile essentielle infection urinaire,1,10,24,final
2025-09-25,pranarom,fra,huile essentielle infection urinaire,1,7,19,final
2025-09-26,pranarom,fra,huile essentielle infection urinaire,1,8,22,final
2025-09-27,pranarom,fra,huile essentielle infection urinaire,7.1,10,29,final
2025-09-28,pranarom,fra,huile essentielle infection urinaire,1,13,34,final
2025-09-29,pranarom,fra,huile essentielle infection urinaire,1,11,30,final
2025-09-30,pranarom,fra,huile essentielle infection urinaire,1,9,35,final
2025-10-01,pranarom,fra,huile essentielle infection urinaire,2.3,15,37,final
2025-10-02,pranarom,fra,huile essentielle infection urinaire,1,12,22,final
2025-10-03,pranarom,fra,huile essentielle infection urinaire,1.5,14,38,final
2025-10-04,pranarom,fra,huile essentielle infection urinaire,1,8,30,final
2025-10-05,pranarom,fra,huile essentielle infection urinaire,1,11,31,final
2025-10-06,pranarom,fra,huile essentielle infection urinaire,1.6,10,32,final
2025-10-07,pranarom,fra,huile essentielle infection urinaire,1.7,7,30,final
2025-10-08,pranarom,fra,huile essentielle infection urinaire,1,9,17,final
2025-10-09,pranarom,fra,huile essentielle infection urinaire,1,8,32,final
2025-10-10,pranarom,fra,huile essentielle infection urinaire,1,16,31,final
2025-10-11,pranarom,fra,huile essentielle infection urinaire,1,6,25,final
2025-10-12,pranarom,fra,huile essentielle infection urinaire,1,10,36,final
2025-10-13,pranarom,fra,huile essentielle infection urinaire,1,6,22,final
2025-10-14,pranarom,fra,huile essentielle infection urinaire,1,7,31,final
2025-10-15,pranarom,fra,huile essentielle infection urinaire,1,8,30,final
2025-10-16,pranarom,fra,huile essentielle infection urinaire,1,7,23,final
2025-10-17,pranarom,fra,huile essentielle infection urinaire,1,8,25,final
2025-10-18,pranarom,fra,huile essentielle infection urinaire,1,14,38,final
2025-10-19,pranarom,fra,huile essentielle infection urinaire,1,10,34,final
2025-10-20,pranarom,fra,huile essentielle infection urinaire,1,12,36,final
2025-10-21,pranarom,fra,huile essentielle infection urinaire,2.2,12,31,final
2025-10-22,pranarom,fra,huile essentielle infection urinaire,1,9,36,final
2025-10-23,pranarom,fra,huile essentielle infection urinaire,1.8,7,25,final
2025-10-24,pranarom,fra,huile essentielle infection urinaire,1.9,10,40,final
2025-10-25,pranarom,fra,huile essentielle infection urinaire,1.6,12,32,final
2025-10-26,pranarom,fra,huile essentielle infection urinaire,2.2,12,31,final
2025-10-27,pranarom,fra,huile essentielle infection urinaire,2.5,15,38,final
2025-10-28,pranarom,fra,huile essentielle infection urinaire,1.7,12,26,final
2025-10-29,pranarom,fra,huile essentielle infection urinaire,2.1,16,37,final
2025-10-30,pranarom,fra,huile essentielle infection urinaire,2.5,8,26,final
2025-10-31,pranarom,fra,huile essentielle infection urinaire,3.4,3,29,final
2025-11-01,pranarom,fra,huile essentielle infection urinaire,2.5,10,31,final
2025-11-02,pranarom,fra,huile essentielle infection urinaire,1.8,12,32,final
2025-11-03,pranarom,fra,huile essentielle infection urinaire,2.4,7,28,final
2025-11-04,pranarom,fra,huile essentielle infection urinaire,2.5,9,29,final
2025-11-05,pranarom,fra,huile essentielle infection urinaire,2.2,6,24,final
2025-11-06,pranarom,fra,huile essentielle infection urinaire,1.7,13,39,final
2025-11-07,pranarom,fra,huile essentielle infection urinaire,1.7,10,37,final
2025-11-08,pranarom,fra,huile essentielle infection urinaire,1.8,6,38,final
2025-11-09,pranarom,fra,huile essentielle infection urinaire,2.5,5,20,final
2025-11-10,pranarom,fra,huile essentielle infection urinaire,2.0,10,29,final
2025-11-11,pranarom,fra,huile essentielle infection urinaire,2.0,10,26,final
2025-11-12,pranarom,fra,huile essentielle infection urinaire,1.8,8,33,final
2025-11-13,pranarom,fra,huile essentielle infection urinaire,2.8,10,42,final
2025-11-14,pranarom,fra,huile essentielle infection urinaire,2.8,4,28,final
2025-11-15,pranarom,fra,huile essentielle infection urinaire,1.9,8,27,final
2025-11-16,pranarom,fra,huile essentielle infection urinaire,3.2,10,33,final
2025-11-17,pranarom,fra,huile essentielle infection urinaire,1.6,8,40,final
2025-11-18,pranarom,fra,huile essentielle infection urinaire,1.6,8,36,final
2025-11-19,pranarom,fra,huile essentielle infection urinaire,2.9,8,27,final
2025-11-20,pranarom,fra,huile essentielle infection urinaire,1.9,7,26,final
2025-11-21,pranarom,fra,huile essentielle infection urinaire,3.0,10,39,final
2025-11-22,pranarom,fra,huile essentielle infection urinaire,8.2,4,32,final
2025-11-23,pranarom,fra,huile essentielle infection urinaire,1.8,6,33,final
2025-11-24,pranarom,fra,huile essentielle infection urinaire,1,3,23,final
2025-11-25,pranarom,fra,huile essentielle infection urinaire,1.8,12,35,final
2025-11-26,pranarom,fra,huile essentielle infection urinaire,2.2,4,21,final
2025-11-27,pranarom,fra,huile essentielle infection urinaire,1.8,6,31,final
2025-11-28,pranarom,fra,huile essentielle infection urinaire,6.6,6,25,final
2025-11-29,pranarom,fra,huile essentielle infection urinaire,1.8,9,31,final
2025-11-30,pranarom,fra,huile essentielle infection urinaire,1.7,11,37,final
2025-12-01,pranarom,fra,huile essentielle infection urinaire,4.3,6,25,final
2025-12-02,pranarom,fra,huile essentielle infection urinaire,1.9,9,29,final
2025-12-03,pranarom,fra,huile essentielle infection urinaire,1.7,13,38,final
2025-12-04,pranarom,fra,huile essentielle infection urinaire,1.8,7,36,final
2025-12-05,pranarom,fra,huile essentielle infection urinaire,2.2,7,23,final
2025-12-06,pranarom,fra,huile essentielle infection urinaire,1.9,6,31,final
2025-12-07,pranarom,fra,huile essentielle infection urinaire,2.8,7,23,final
2025-12-08,pranarom,fra,huile essentielle infection urinaire,2.4,8,30,final
2025-12-09,pranarom,fra,huile essentielle infection urinaire,2.0,9,32,final
2025-12-10,pranarom,fra,huile essentielle infection urinaire,1.9,7,29,final
2025-12-11,pranarom,fra,huile essentielle infection urinaire,3.3,5,29,final
2025-12-12,pranarom,fra,huile essentielle infection urinaire,2.3,8,25,final
2025-12-13,pranarom,fra,huile essentielle infection urinaire,4,8,25,final
2025-12-14,pranarom,fra,huile essentielle infection urinaire,2.5,8,30,final
2025-12-15,pranarom,fra,huile essentielle infection urinaire,2.8,10,26,final
2025-12-16,pranarom,fra,huile essentielle infection urinaire,2.7,8,26,final
2025-12-17,pranarom,fra,huile essentielle infection urinaire,2.2,9,38,final
2025-12-18,pranarom,fra,huile essentielle infection urinaire,7.9,11,33,final
2025-12-19,pranarom,fra,huile essentielle infection urinaire,2.9,6,24,final
2025-12-20,pranarom,fra,huile essentielle infection urinaire,2.5,7,31,final
2025-12-21,pranarom,fra,huile essentielle infection urinaire,3.4,12,31,final
2025-12-22,pranarom,fra,huile essentielle infection urinaire,2.9,11,40,final
2025-12-23,pranarom,fra,huile essentielle infection urinaire,3.4,11,33,final
2025-12-24,pranarom,fra,huile essentielle infection urinaire,5.1,9,37,final
2025-12-25,pranarom,fra,huile essentielle infection urinaire,3.1,12,36,final
2025-12-26,pranarom,fra,huile essentielle infection urinaire,3.9,9,32,final
2025-12-27,pranarom,fra,huile essentielle infection urinaire,3.8,4,23,final
2025-12-28,pranarom,fra,huile essentielle infection urinaire,2.0,10,45,final
2025-12-29,pranarom,fra,huile essentielle infection urinaire,3.9,8,43,final
2025-12-30,pranarom,fra,huile essentielle infection urinaire,1.9,10,45,final
2025-12-31,pranarom,fra,huile essentielle infection urinaire,2.5,7,28,final
2026-01-01,pranarom,fra,huile essentielle infection urinaire,3.3,8,33,final
2026-01-02,pranarom,fra,huile essentielle infection urinaire,3.4,3,31,final
2026-01-03,pranarom,fra,huile essentielle infection urinaire,1.7,9,40,final
2026-01-04,pranarom,fra,huile essentielle infection urinaire,3.9,11,36,final
2026-01-05,pranarom,fra,huile essentielle infection urinaire,1.7,12,37,final
2026-01-06,pranarom,fra,huile essentielle infection urinaire,1,7,17,final
2026-01-07,pranarom,fra,huile essentielle infection urinaire,5,5,30,final
2026-01-08,pranarom,fra,huile essentielle infection urinaire,3.8,8,32,final
2026-01-09,pranarom,fra,huile essentielle infection urinaire,3.4,3,19,final
2026-01-10,pranarom,fra,huile essentielle infection urinaire,5.2,9,29,final
2026-01-11,pranarom,fra,huile essentielle infection urinaire,12.0,9,41,final
2026-01-12,pranarom,fra,huile essentielle infection urinaire,2.8,11,37,final
2026-01-13,pranarom,fra,huile essentielle infection urinaire,3.9,8,45,final
2026-01-14,pranarom,fra,huile essentielle infection urinaire,6.8,6,34,final
2026-01-15,pranarom,fra,huile essentielle infection urinaire,6.8,4,22,final
2026-01-16,pranarom,fra,huile essentielle infection urinaire,6.0,4,26,final
2026-01-17,pranarom,fra,huile essentielle infection urinaire,5.2,6,35,final
2026-01-18,pranarom,fra,huile essentielle infection urinaire,5.1,11,36,final
2026-01-19,pranarom,fra,huile essentielle infection urinaire,4.4,18,60,final
2026-01-20,pranarom,fra,huile essentielle infection urinaire,4.4,9,36,final
2026-01-21,pranarom,fra,huile essentielle infection urinaire,5.3,7,27,final
2026-01-22,pranarom,fra,huile essentielle infection urinaire,5.7,8,33,final
2026-01-23,pranarom,fra,huile essentielle infection urinaire,2.2,4,28,final
2026-01-24,pranarom,fra,huile essentielle infection urinaire,8.5,3,31,final
2026-01-25,pranarom,fra,huile essentielle infection urinaire,10.2,5,36,final
2026-01-26,pranarom,fra,huile essentielle infection urinaire,3.8,9,33,final
2026-01-27,pranarom,fra,huile essentielle infection urinaire,3.7,6,22,final
2026-01-28,pranarom,fra,huile essentielle infection urinaire,10.9,1,20,final
2026-01-29,pranarom,fra,huile essentielle infection urinaire,2.9,4,25,final
2026-01-30,pranarom,fra,huile essentielle infection urinaire,4.7,11,43,final
2026-01-31,pranarom,fra,huile essentielle infection urinaire,8.1,7,31,final
2026-02-01,pranarom,fra,huile essentielle infection urinaire,2.5,11,31,final
2026-02-02,pranarom,fra,huile essentielle infection urinaire,2.1,10,31,final
2026-02-03,pranarom,fra,huile essentielle infection urinaire,3.4,7,26,final
2026-02-04,pranarom,fra,huile essentielle infection urinaire,2.9,6,25,final
2026-02-05,pranarom,fra,huile essentielle infection urinaire,8.5,9,42,final
2026-02-06,pranarom,fra,huile essentielle infection urinaire,1,7,21,final
2026-02-07,pranarom,fra,huile essentielle infection urinaire,9.1,11,39,final
2026-02-08,pranarom,fra,huile essentielle infection urinaire,2.9,6,29,final
2026-02-09,pranarom,fra,huile essentielle infection urinaire,2.7,4,32,final
2026-02-10,pranarom,fra,huile essentielle infection urinaire,2.8,5,32,final
2026-02-11,pranarom,fra,huile essentielle infection urinaire,2.4,10,35,final
2026-02-12,pranarom,fra,huile essentielle infection urinaire,2.7,5,28,final
2026-02-13,pranarom,fra,huile essentielle infection urinaire,10.8,7,40,final
2026-02-14,pranarom,fra,huile essentielle infection urinaire,6.0,6,20,final
2026-02-15,pranarom,fra,huile essentielle infection urinaire,6,5,35,final
2026-02-16,pranarom,fra,huile essentielle infection urinaire,3.8,6,40,final
2026-02-17,pranarom,fra,huile essentielle infection urinaire,4.1,5,34,final
2026-02-18,pranarom,fra,huile essentielle infection urinaire,4.8,5,43,final
2026-02-19,pranarom,fra,huile essentielle infection urinaire,4.7,13,39,final
2026-02-20,pranarom,fra,huile essentielle infection urinaire,6.5,12,32,final
2026-02-21,pranarom,fra,huile essentielle infection urinaire,2.7,13,34,final
2026-02-22,pranarom,fra,huile essentielle infection urinaire,5.4,8,35,final
2026-02-23,pranarom,fra,huile essentielle infection urinaire,3.5,3,19,final
2026-02-24,pranarom,fra,huile essentielle infection urinaire,3.9,7,30,final
2026-02-25,pranarom,fra,huile essentielle infection urinaire,6,7,22,final
2026-02-26,pranarom,fra,huile essentielle infection urinaire,5.2,2,24,final
2026-02-27,pranarom,fra,huile essentielle infection urinaire,8.1,9,37,final
2026-02-28,pranarom,fra,huile essentielle infection urinaire,10.5,2,38,final
2026-03-01,pranarom,fra,huile essentielle infection urinaire,3.3,5,30,final
2026-03-02,pranarom,fra,huile essentielle infection urinaire,8.3,0,29,final
2026-03-03,pranarom,fra,huile essentielle infection urinaire,7.1,0,20,final
2026-03-04,pranarom,fra,huile essentielle infection urinaire,8.8,2,18,final
2026-03-05,pranarom,fra,huile essentielle infection urinaire,5.9,6,35,final
2026-03-06,pranarom,fra,huile essentielle infection urinaire,5.5,0,25,final
2026-03-07,pranarom,fra,huile essentielle infection urinaire,5.6,2,31,final
2026-03-08,pranarom,fra,huile essentielle infection urinaire,3.4,5,27,final
2026-03-09,pranarom,fra,huile essentielle infection urinaire,3.9,2,25,final
2026-03-10,pranarom,fra,huile essentielle infection urinaire,5.4,0,28,final
2026-03-11,pranarom,fra,huile essentielle infection urinaire,3.6,3,35,final
2026-03-12,pranarom,fra,huile essentielle infection urinaire,1.8,5,25,final
2026-03-13,pranarom,fra,huile essentielle infection urinaire,2.9,2,17,final
2026-03-14,pranarom,fra,huile essentielle infection urinaire,1,7,23,final
2026-03-15,pranarom,fra,huile essentielle infection urinaire,2.8,5,29,final
2026-03-16,pranarom,fra,huile essentielle infection urinaire,3.5,4,23,final
2026-03-17,pranarom,fra,huile essentielle infection urinaire,4.6,9,28,final
2026-03-18,pranarom,fra,huile essentielle infection urinaire,5.7,10,35,final
2026-03-19,pranarom,fra,huile essentielle infection urinaire,8.5,4,31,final
2026-03-20,pranarom,fra,huile essentielle infection urinaire,8.2,4,26,final
2026-03-21,pranarom,fra,huile essentielle infection urinaire,7.5,8,24,final
2026-03-22,pranarom,fra,huile essentielle infection urinaire,4.2,10,36,final
2026-03-23,pranarom,fra,huile essentielle infection urinaire,6.3,4,21,final
2026-03-24,pranarom,fra,huile essentielle infection urinaire,4.5,7,30,final
2026-03-25,pranarom,fra,huile essentielle infection urinaire,7.0,4,28,final
2026-03-26,pranarom,fra,huile essentielle infection urinaire,5.1,8,29,final
2026-03-27,pranarom,fra,huile essentielle infection urinaire,4.4,11,42,final
2026-03-28,pranarom,fra,huile essentielle infection urinaire,7.0,8,37,final
2026-03-29,pranarom,fra,huile essentielle infection urinaire,9.4,8,37,final
2026-03-30,pranarom,fra,huile essentielle infection urinaire,4.5,11,33,final
2026-03-31,pranarom,fra,huile essentielle infection urinaire,11.3,8,27,final
2026-04-01,pranarom,fra,huile essentielle infection urinaire,15.1,6,59,final
2026-04-02,pranarom,fra,huile essentielle infection urinaire,5.3,8,23,final
2026-04-03,pranarom,fra,huile essentielle infection urinaire,4.7,4,27,final
2026-04-04,pranarom,fra,huile essentielle infection urinaire,7.7,6,26,final
2026-04-05,pranarom,fra,huile essentielle infection urinaire,4.4,10,30,final
2026-04-06,pranarom,fra,huile essentielle infection urinaire,5.8,3,15,final
2026-04-07,pranarom,fra,huile essentielle infection urinaire,2.4,3,17,final
2026-04-08,pranarom,fra,huile essentielle infection urinaire,5.9,11,39,final
2026-04-09,pranarom,fra,huile essentielle infection urinaire,5.2,3,21,final
2026-04-10,pranarom,fra,huile essentielle infection urinaire,4.5,7,31,final
2026-04-11,pranarom,fra,huile essentielle infection urinaire,4.9,6,25,final
2026-04-12,pranarom,fra,huile essentielle infection urinaire,3.4,6,27,final
2026-04-13,pranarom,fra,huile essentielle infection urinaire,3.7,7,27,final
2026-04-14,pranarom,fra,huile essentielle infection urinaire,5.6,6,24,final
2026-04-15,pranarom,fra,huile essentielle infection urinaire,3.8,4,32,final
2026-04-16,pranarom,fra,huile essentielle infection urinaire,5.4,6,19,final
2026-04-17,pranarom,fra,huile essentielle infection urinaire,9.8,5,32,final
2026-04-18,pranarom,fra,huile essentielle infection urinaire,5.0,3,20,final
2026-04-19,pranarom,fra,huile essentielle infection urinaire,4.6,8,28,final
2026-04-20,pranarom,fra,huile essentielle infection urinaire,5.3,9,28,final
2026-04-21,pranarom,fra,huile essentielle infection urinaire,4,7,27,final
2026-04-22,pranarom,fra,huile essentielle infection urinaire,4.8,7,26,final
2026-04-23,pranarom,fra,huile essentielle infection urinaire,5.9,4,23,final
2026-04-24,pranarom,fra,huile essentielle infection urinaire,6.3,2,15,final
2026-04-25,pranarom,fra,huile essentielle infection urinaire,7.4,8,37,final
2026-04-26,pranarom,fra,huile essentielle infection urinaire,4.0,8,25,final
2026-04-27,pranarom,fra,huile essentielle infection urinaire,4.7,7,25,final
2026-04-28,pranarom,fra,huile essentielle infection urinaire,6.4,10,37,final
2026-04-29,pranarom,fra,huile essentielle infection urinaire,6.8,5,28,final
2026-04-30,pranarom,fra,huile essentielle infection urinaire,9.7,5,31,final
2026-05-01,pranarom,fra,huile essentielle infection urinaire,4.6,11,28,final
2026-05-02,pranarom,fra,huile essentielle infection urinaire,4.0,5,28,final
2026-05-03,pranarom,fra,huile essentielle infection urinaire,4.3,8,30,final
2026-05-04,pranarom,fra,huile essentielle infection urinaire,4.6,2,23,final
2026-05-05,pranarom,fra,huile essentielle infection urinaire,5.7,7,32,final
2026-05-06,pranarom,fra,huile essentielle infection urinaire,3.9,8,30,final
2026-05-07,pranarom,fra,huile essentielle infection urinaire,5.8,4,32,final
2026-05-08,pranarom,fra,huile essentielle infection urinaire,12.8,7,24,final
2026-05-09,pranarom,fra,huile essentielle infection urinaire,6.8,5,34,final
2026-05-10,pranarom,fra,huile essentielle infection urinaire,4.3,9,26,final
2026-05-11,pranarom,fra,huile essentielle infection urinaire,5.3,4,23,final
2026-05-12,pranarom,fra,huile essentielle infection urinaire,12.1,7,34,final
2026-05-13,pranarom,fra,huile essentielle infection urinaire,5.9,4,20,final
2026-05-14,pranarom,fra,huile essentielle infection urinaire,3.6,5,28,final
2026-05-15,pranarom,fra,huile essentielle infection urinaire,1,7,16,final
2026-05-16,pranarom,fra,huile essentielle infection urinaire,1,10,26,final
2026-05-17,pranarom,fra,huile essentielle infection urinaire,1,8,29,final
2026-05-18,pranarom,fra,huile essentielle infection urinaire,4.2,6,26,final
2026-05-19,pranarom,fra,huile essentielle infection urinaire,5.7,4,25,final
2026-05-20,pranarom,fra,huile essentielle infection urinaire,5.1,6,27,final
2026-05-21,pranarom,fra,huile essentielle infection urinaire,1,9,20,final
2026-05-22,pranarom,fra,huile essentielle infection urinaire,1,5,25,final
2026-05-23,pranarom,fra,huile essentielle infection urinaire,6.6,5,27,final
2026-05-24,pranarom,fra,huile essentielle infection urinaire,4,9,25,final
2026-05-25,pranarom,fra,huile essentielle infection urinaire,2.1,5,27,final
2026-05-26,pranarom,fra,huile essentielle infection urinaire,3.6,6,23,final
2026-05-27,pranarom,fra,huile essentielle infection urinaire,4.3,2,18,final
2026-05-28,pranarom,fra,huile essentielle infection urinaire,8.5,5,38,final
2026-05-29,pranarom,fra,huile essentielle infection urinaire,6.3,2,18,final
2026-05-30,pranarom,fra,huile essentielle infection urinaire,5.9,6,18,final
2026-05-31,pranarom,fra,huile essentielle infection urinaire,5.2,2,29,final
2026-06-01,pranarom,fra,huile essentielle infection urinaire,17.5,3,25,final
2026-06-02,pranarom,fra,huile essentielle infection urinaire,7.7,6,41,final
2026-06-03,pranarom,fra,huile essentielle infection urinaire,10.0,6,33,final
2026-06-04,pranarom,fra,huile essentielle infection urinaire,9.5,5,30,final
2026-06-05,pranarom,fra,huile essentielle infection urinaire,11.4,5,36,final
2026-06-06,pranarom,fra,huile essentielle infection urinaire,12.6,2,33,final
2026-06-07,pranarom,fra,huile essentielle infection urinaire,12.6,7,32,final
2026-06-08,pranarom,fra,huile essentielle infection urinaire,8.9,6,30,final
2026-06-09,pranarom,fra,huile essentielle infection urinaire,10.2,4,32,final
2026-06-10,pranarom,fra,huile essentielle infection urinaire,6.7,10,42,final
2026-06-11,pranarom,fra,huile essentielle infection urinaire,6.8,11,34,final
2026-06-12,pranarom,fra,huile essentielle infection urinaire,18.8,2,26,final
2026-06-13,pranarom,fra,huile essentielle infection urinaire,12.4,4,24,final
2026-06-14,pranarom,fra,huile essentielle infection urinaire,10.4,0,24,final
2026-06-15,pranarom,fra,huile essentielle infection urinaire,10.1,3,17,final
2026-06-16,pranarom,fra,huile essentielle infection urinaire,11.6,4,36,final
2026-06-17,pranarom,fra,huile essentielle infection urinaire,10.7,3,28,final
2026-06-18,pranarom,fra,huile essentielle infection urinaire,9.3,6,32,final
2026-06-19,pranarom,fra,huile essentielle infection urinaire,5.8,4,23,final
2026-06-20,pranarom,fra,huile essentielle infection urinaire,6.5,5,26,final
2026-06-21,pranarom,fra,huile essentielle infection urinaire,8.5,5,28,final
2026-06-22,pranarom,fra,huile essentielle infection urinaire,11.2,6,34,final
2026-06-23,pranarom,fra,huile essentielle infection urinaire,10.0,3,35,final
2026-06-24,pranarom,fra,huile essentielle infection urinaire,6.8,6,27,final
2026-06-25,pranarom,fra,huile essentielle infection urinaire,10.5,3,25,final
2026-06-26,pranarom,fra,huile essentielle infection urinaire,8.0,3,27,final
2026-06-27,pranarom,fra,huile essentielle infection urinaire,10.9,8,42,final
2026-06-28,pranarom,fra,huile essentielle infection urinaire,8.1,9,42,final
2026-06-29,pranarom,fra,huile essentielle infection urinaire,6,9,26,final
2026-06-30,pranarom,fra,huile essentielle infection urinaire,8.1,6,36,final
2026-07-01,pranarom,fra,huile essentielle infection urinaire,5.7,10,30,final
2026-07-02,pranarom,fra,huile essentielle infection urinaire,9.5,9,48,final
2026-07-03,pranarom,fra,huile essentielle infection urinaire,9.1,3,28,final
2026-07-04,pranarom,fra,huile essentielle infection urinaire,9.3,3,23,final
2026-07-05,pranarom,fra,huile essentielle infection urinaire,7.3,10,35,final
2026-07-06,pranarom,fra,huile essentielle infection urinaire,8.8,7,33,final
2026-07-07,pranarom,fra,huile essentielle infection urinaire,5.8,11,42,final
2026-07-08,pranarom,fra,huile essentielle infection urinaire,5.7,6,25,final
2026-07-09,pranarom,fra,huile essentielle infection urinaire,9.5,6,32,final
2026-07-10,pranarom,fra,huile essentielle infection urinaire,8.2,6,25,final
2026-07-11,pranarom,fra,huile essentielle infection urinaire,6.1,5,25,final
2026-07-12,pranarom,fra,huile essentielle infection urinaire,5.2,10,48,final
2026-07-13,pranarom,fra,huile essentielle infection urinaire,6,2,27,final
2026-07-14,pranarom,fra,huile essentielle infection urinaire,5.9,8,30,final
2026-07-15,pranarom,fra,huile essentielle infection urinaire,10.4,5,25,final
2026-07-16,pranarom,fra,huile essentielle infection urinaire,5.5,4,25,final
2026-07-17,pranarom,fra,huile essentielle infection urinaire,5.8,10,38,final
2026-07-18,pranarom,fra,huile essentielle infection urinaire,6.6,8,41,final
2026-07-19,pranarom,fra,huile essentielle infection urinaire,7.4,9,38,final
2026-07-20,pranarom,fra,huile essentielle infection urinaire,5.3,3,23,final
2026-07-21,pranarom,fra,huile essentielle infection urinaire,6.6,4,41,final
2026-07-22,pranarom,fra,huile essentielle infection urinaire,6.8,7,33,final
2026-07-23,pranarom,fra,huile essentielle infection urinaire,6.3,2,39,final
2026-07-24,pranarom,fra,huile essentielle infection urinaire,5.6,3,33,final
2026-07-25,pranarom,fra,huile essentielle infection urinaire,6.8,3,25,final
2026-07-26,pranarom,fra,huile essentielle infection urinaire,7.1,8,32,final
2026-07-27,pranarom,fra,huile essentielle infection urinaire,14.2,6,40,final
2026-07-28,pranarom,fra,huile essentielle infection urinaire,12.1,2,35,final
2026-07-29,pranarom,fra,huile essentielle infection urinaire,10.5,2,31,final
2026-07-30,pranarom,fra,huile essentielle infection urinaire,8,3,35,final
2026-07-31,pranarom,fra,huile essentielle infection urinaire,9.9,2,43,final
2026-08-01,pranarom,fra,huile essentielle infection urinaire,10.1,3,42,final
2026-08-02,pranarom,fra,huile essentielle infection urinaire,10.9,5,30,final
2026-08-03,pranarom,fra,huile essentielle infection urinaire,7.1,2,21,final
2026-08-04,pranarom,fra,huile essentielle infection urinaire,14.8,5,43,final
2026-08-05,pranarom,fra,huile essentielle infection urinaire,12.9,1,38,final
2026-08-06,pranarom,fra,huile essentielle infection urinaire,9.9,1,18,final
2026-08-07,pranarom,fra,huile essentielle infection urinaire,6.5,4,28,final
2026-08-08,pranarom,fra,huile essentielle infection urinaire,5.7,4,29,final
2026-08-09,pranarom,fra,huile essentielle infection urinaire,5.6,8,40,final
2026-08-10,pranarom,fra,huile essentielle infection urinaire,8.4,3,25,final
2026-08-11,pranarom,fra,huile essentielle infection urinaire,7.0,1,21,final
2026-08-12,pranarom,fra,huile essentielle infection urinaire,10.6,0,21,final
2026-08-13,pranarom,fra,huile essentielle infection urinaire,6.2,1,30,final
2026-08-14,pranarom,fra,huile essentielle infection urinaire,2.3,1,22,final
2026-08-15,pranarom,fra,huile essentielle infection urinaire,11.1,1,29,final
2026-08-16,pranarom,fra,huile essentielle infection urinaire,8.4,0,29,final
2026-08-17,pranarom,fra,huile essentielle infection urinaire,7.3,0,30,final
2026-08-18,pranarom,fra,huile essentielle infection urinaire,10.7,0,23,final
2026-08-19,pranarom,fra,huile essentielle infection urinaire,9.5,0,18,final
2026-08-20,pranarom,fra,huile essentielle infection urinaire,6.8,3,25,final
2026-08-21,pranarom,fra,huile essentielle infection urinaire,8.1,4,27,final
2026-08-22,pranarom,fra,huile essentielle infection urinaire,7,6,33,final
2026-08-23,pranarom,fra,huile essentielle infection urinaire,9.1,2,27,final
2026-08-24,pranarom,fra,huile essentielle infection urinaire,8.4,1,24,final
2026-08-25,pranarom,fra,huile essentielle infection urinaire,6,6,30,final
2026-08-26,pranarom,fra,huile essentielle infection urinaire,12.4,0,25,final
2026-08-27,pranarom,fra,huile essentielle infection urinaire,7.8,2,28,final
2026-08-28,pranarom,fra,huile essentielle infection urinaire,6,2,27,final
2026-08-29,pranarom,fra,huile essentielle infection urinaire,12.5,0,22,final
2026-08-30,pranarom,fra,huile essentielle infection urinaire,6.6,2,24,final
2026-08-31,pranarom,fra,huile essentielle infection urinaire,10,4,28,final
2026-09-01,pranarom,fra,huile essentielle infection urinaire,4.8,3,36,final
2026-09-02,pranarom,fra,huile essentielle infection urinaire,8.4,1,21,final
2026-09-03,pranarom,fra,huile essentielle infection urinaire,8.2,1,19,final
2026-09-04,pranarom,fra,huile essentielle infection urinaire,14.1,0,27,final
2026-09-05,pranarom,fra,huile essentielle infection urinaire,9.8,4,20,final
2026-09-06,pranarom,fra,huile essentielle infection urinaire,7.3,4,33,final
2026-09-07,pranarom,fra,huile essentielle infection urinaire,7.8,4,23,final
2026-09-08,pranarom,fra,huile essentielle infection urinaire,8.7,2,33,final
2026-09-09,pranarom,fra,huile essentielle infection urinaire,4.9,0,19,final
2026-09-10,pranarom,fra,huile essentielle infection urinaire,8,5,21,final
2026-09-11,pranarom,fra,huile essentielle infection urinaire,6.2,1,24,final
2026-09-12,pranarom,fra,huile essentielle infection urinaire,12.3,2,17,final
2026-09-13,pranarom,fra,huile essentielle infection urinaire,6.7,0,9,final
2026-09-14,pranarom,fra,huile essentielle infection urinaire,4.0,1,22,final
2026-09-15,pranarom,fra,huile essentielle infection urinaire,6.7,1,18,final
2026-09-16,pranarom,fra,huile essentielle infection urinaire,8.1,1,34,final
2026-09-17,pranarom,fra,huile essentielle infection urinaire,10.0,0,25,final
2026-09-18,pranarom,fra,huile essentielle infection urinaire,8.5,3,23,final
2026-09-19,pranarom,fra,huile essentielle infection urinaire,3.4,0,17,final
2026-09-20,pranarom,fra,huile essentielle infection urinaire,6.3,2,23,final
2026-09-21,pranarom,fra,huile essentielle infection urinaire,4.8,5,26,final
2026-09-22,pranarom,fra,huile essentielle infection urinaire,3.9,2,18,final
2026-09-23,pranarom,fra,huile essentielle infection urinaire,3.6,2,19,final
2026-09-24,pranarom,fra,huile essentielle infection urinaire,6.7,0,19,final
2026-09-25,pranarom,fra,huile essentielle infection urinaire,4.4,2,16,final
2026-09-26,pranarom,fra,huile essentielle infection urinaire,7.2,1,16,final
2026-09-27,pranarom,fra,huile essentielle infection urinaire,5.4,1,14,final
2026-09-28,pranarom,fra,huile essentielle infection urinaire,4.9,4,28,final
2026-09-29,pranarom,fra,huile essentielle infection urinaire,4.9,5,27,final
2026-09-30,pranarom,fra,huile essentielle infection urinaire,14.9,3,28,final
2026-10-01,pranarom,fra,huile essentielle infection urinaire,4.2,2,23,fresh
2026-10-02,pranarom,fra,huile essentielle infection urinaire,1.6,2,23,fresh
2025-06-10,pranarom,fra,huile nigelle bienfaits,2.6,1,9,final
2025-06-11,pranarom,fra,huile nigelle bienfaits,4.3,2,10,final
2025-06-12,pranarom,fra,huile nigelle bienfaits,5,0,5,final
2025-06-13,pranarom,fra,huile nigelle bienfaits,4,0,2,final
2025-06-14,pranarom,fra,huile nigelle bienfaits,3.4,1,10,final
2025-06-15,pranarom,fra,huile nigelle bienfaits,4.8,0,8,final
2025-06-16,pranarom,fra,huile nigelle bienfaits,5.3,0,6,final
2025-06-17,pranarom,fra,huile nigelle bienfaits,5.4,0,10,final
2025-06-18,pranarom,fra,huile nigelle bienfaits,3.8,0,8,final
2025-06-19,pranarom,fra,huile nigelle bienfaits,3.8,1,6,final
2025-06-20,pranarom,fra,huile nigelle bienfaits,4.5,0,4,final
2025-06-21,pranarom,fra,huile nigelle bienfaits,4.5,0,6,final
2025-06-22,pranarom,fra,huile nigelle bienfaits,4.1,0,8,final
2025-06-23,pranarom,fra,huile nigelle bienfaits,3.4,1,14,final
2025-06-24,pranarom,fra,huile nigelle bienfaits,3.3,0,7,final
2025-06-25,pranarom,fra,huile nigelle bienfaits,4.3,0,9,final
2025-06-26,pranarom,fra,huile nigelle bienfaits,4.8,1,13,final
2025-06-27,pranarom,fra,huile nigelle bienfaits,6,0,3,final
2025-06-28,pranarom,fra,huile nigelle bienfaits,3.5,0,10,final
2025-06-29,pranarom,fra,huile nigelle bienfaits,3.6,0,7,final
2025-06-30,pranarom,fra,huile nigelle bienfaits,3.9,0,10,final
2025-07-01,pranarom,fra,huile nigelle bienfaits,4,0,10,final
2025-07-02,pranarom,fra,huile nigelle bienfaits,5.4,0,10,final
2025-07-03,pranarom,fra,huile nigelle bienfaits,1.8,0,8,final
2025-07-04,pranarom,fra,huile nigelle bienfaits,3.2,0,8,final
2025-07-05,pranarom,fra,huile nigelle bienfaits,1.9,1,9,final
2025-07-06,pranarom,fra,huile nigelle bienfaits,3.4,0,9,final
2025-07-07,pranarom,fra,huile nigelle bienfaits,2.9,1,7,final
2025-07-08,pranarom,fra,huile nigelle bienfaits,3.6,1,9,final
2025-07-09,pranarom,fra,huile nigelle bienfaits,2.2,1,6,final
2025-07-10,pranarom,fra,huile nigelle bienfaits,3.9,0,7,final
2025-07-11,pranarom,fra,huile nigelle bienfaits,5.2,0,6,final
2025-07-12,pranarom,fra,huile nigelle bienfaits,4.5,1,10,final
2025-07-13,pranarom,fra,huile nigelle bienfaits,3,0,11,final
2025-07-14,pranarom,fra,huile nigelle bienfaits,3.8,0,5,final
2025-07-15,pranarom,fra,huile nigelle bienfaits,2.8,0,6,final
2025-07-16,pranarom,fra,huile nigelle bienfaits,3,0,5,final
2025-07-17,pranarom,fra,huile nigelle bienfaits,2.3,0,7,final
2025-07-18,pranarom,fra,huile nigelle bienfaits,2.9,1,10,final
2025-07-19,pranarom,fra,huile nigelle bienfaits,2.7,2,15,final
2025-07-20,pranarom,fra,huile nigelle bienfaits,4,0,7,final
2025-07-21,pranarom,fra,huile nigelle bienfaits,3.6,0,5,final
2025-07-22,pranarom,fra,huile nigelle bienfaits,5.3,0,6,final
2025-07-23,pranarom,fra,huile nigelle bienfaits,4.9,1,8,final
2025-07-24,pranarom,fra,huile nigelle bienfaits,4.8,1,6,final
2025-07-25,pranarom,fra,huile nigelle bienfaits,2.4,0,9,final
2025-07-26,pranarom,fra,huile nigelle bienfaits,4.5,0,16,final
2025-07-27,pranarom,fra,huile nigelle bienfaits,4.4,0,15,final
2025-07-28,pranarom,fra,huile nigelle bienfaits,3.4,0,16,final
2025-07-29,pranarom,fra,huile nigelle bienfaits,3.3,1,15,final
2025-07-30,pranarom,fra,huile nigelle bienfaits,3.5,2,12,final
2025-07-31,pranarom,fra,huile nigelle bienfaits,3.9,3,14,final
2025-08-01,pranarom,fra,huile nigelle bienfaits,3.9,1,15,final
2025-08-02,pranarom,fra,huile nigelle bienfaits,3.6,2,21,final
2025-08-03,pranarom,fra,huile nigelle bienfaits,3.4,2,15,final
2025-08-04,pranarom,fra,huile nigelle bienfaits,3.5,1,21,final
2025-08-05,pranarom,fra,huile nigelle bienfaits,2.9,0,15,final
2025-08-06,pranarom,fra,huile nigelle bienfaits,3.2,0,19,final
2025-08-07,pranarom,fra,huile nigelle bienfaits,4.2,0,4,final
2025-08-08,pranarom,fra,huile nigelle bienfaits,2.3,0,15,final
2025-08-09,pranarom,fra,huile nigelle bienfaits,3.3,0,20,final
2025-08-10,pranarom,fra,huile nigelle bienfaits,5.3,1,15,final
2025-08-11,pranarom,fra,huile nigelle bienfaits,5.1,1,12,final
2025-08-12,pranarom,fra,huile nigelle bienfaits,5.1,0,9,final
2025-08-13,pranarom,fra,huile nigelle bienfaits,4.9,0,8,final
2025-08-14,pranarom,fra,huile nigelle bienfaits,5.2,0,22,final
2025-08-15,pranarom,fra,huile nigelle bienfaits,5,0,25,final
2025-08-16,pranarom,fra,huile nigelle bienfaits,4.7,0,10,final
2025-08-17,pranarom,fra,huile nigelle bienfaits,5.4,1,14,final
2025-08-18,pranarom,fra,huile nigelle bienfaits,5.1,2,19,final
2025-08-19,pranarom,fra,huile nigelle bienfaits,4.3,0,9,final
2025-08-20,pranarom,fra,huile nigelle bienfaits,5.5,0,14,final
2025-08-21,pranarom,fra,huile nigelle bienfaits,5,2,10,final
2025-08-22,pranarom,fra,huile nigelle bienfaits,5.2,0,9,final
2025-08-23,pranarom,fra,huile nigelle bienfaits,4.5,0,13,final
2025-08-24,pranarom,fra,huile nigelle bienfaits,5,0,13,final
2025-08-25,pranarom,fra,huile nigelle bienfaits,4.9,1,16,final
2025-08-26,pranarom,fra,huile nigelle bienfaits,4.0,0,24,final
2025-08-27,pranarom,fra,huile nigelle bienfaits,4.4,1,30,final
2025-08-28,pranarom,fra,huile nigelle bienfaits,4.6,0,21,final
2025-08-29,pranarom,fra,huile nigelle bienfaits,3.7,3,22,final
2025-08-30,pranarom,fra,huile nigelle bienfaits,4.6,3,24,final
2025-08-31,pranarom,fra,huile nigelle bienfaits,3.9,5,28,final
2025-09-01,pranarom,fra,huile nigelle bienfaits,4.1,0,17,final
2025-09-02,pranarom,fra,huile nigelle bienfaits,4.2,1,23,final
2025-09-03,pranarom,fra,huile nigelle bienfaits,3.6,1,22,final
2025-09-04,pranarom,fra,huile nigelle bienfaits,2.9,0,25,final
2025-09-05,pranarom,fra,huile nigelle bienfaits,2.8,4,28,final
2025-09-06,pranarom,fra,huile nigelle bienfaits,2.1,5,31,final
2025-09-07,pranarom,fra,huile nigelle bienfaits,2.5,3,22,final
2025-09-08,pranarom,fra,huile nigelle bienfaits,2.9,6,30,final
2025-09-09,pranarom,fra,huile nigelle bienfaits,3.4,0,31,final
2025-09-10,pranarom,fra,huile nigelle bienfaits,3,3,25,final
2025-09-11,pranarom,fra,huile nigelle bienfaits,3.2,0,19,final
2025-09-12,pranarom,fra,huile nigelle bienfaits,3.1,3,18,final
2025-09-13,pranarom,fra,huile nigelle bienfaits,3.7,0,22,final
2025-09-14,pranarom,fra,huile nigelle bienfaits,3.2,1,26,final
2025-09-15,pranarom,fra,huile nigelle bienfaits,3.5,1,20,final
2025-09-16,pranarom,fra,huile nigelle bienfaits,3.2,3,26,final
2025-09-17,pranarom,fra,huile nigelle bienfaits,4.0,0,25,final
2025-09-18,pranarom,fra,huile nigelle bienfaits,4.0,1,25,final
2025-09-19,pranarom,fra,huile nigelle bienfaits,3.5,1,17,final
2025-09-20,pranarom,fra,huile nigelle bienfaits,3.2,1,24,final
2025-09-21,pranarom,fra,huile nigelle bienfaits,3.1,2,22,final
2025-09-22,pranarom,fra,huile nigelle bienfaits,2.9,1,19,final
2025-09-23,pranarom,fra,huile nigelle bienfaits,2.9,0,18,final
2025-09-24,pranarom,fra,huile nigelle bienfaits,3.2,4,19,final
2025-09-25,pranarom,fra,huile nigelle bienfaits,3.1,4,31,final
2025-09-26,pranarom,fra,huile nigelle bienfaits,3.3,3,27,final
2025-09-27,pranarom,fra,huile nigelle bienfaits,2.6,3,36,final
2025-09-28,pranarom,fra,huile nigelle bienfaits,2.6,3,21,final
2025-09-29,pranarom,fra,huile nigelle bienfaits,2.6,3,17,final
2025-09-30,pranarom,fra,huile nigelle bienfaits,2.3,10,29,final
2025-10-01,pranarom,fra,huile nigelle bienfaits,1.7,4,23,final
2025-10-02,pranarom,fra,huile nigelle bienfaits,1.9,4,27,final
2025-10-03,pranarom,fra,huile nigelle bienfaits,2.6,4,28,final
2025-10-04,pranarom,fra,huile nigelle bienfaits,2.8,4,32,final
2025-10-05,pranarom,fra,huile nigelle bienfaits,2.8,1,35,final
2025-10-06,pranarom,fra,huile nigelle bienfaits,2.6,2,29,final
2025-10-07,pranarom,fra,huile nigelle bienfaits,3.0,5,26,final
2025-10-08,pranarom,fra,huile nigelle bienfaits,3.2,2,28,final
2025-10-09,pranarom,fra,huile nigelle bienfaits,3.0,0,30,final
2025-10-10,pranarom,fra,huile nigelle bienfaits,2.8,6,35,final
2025-10-11,pranarom,fra,huile nigelle bienfaits,3.0,3,36,final
2025-10-12,pranarom,fra,huile nigelle bienfaits,2.8,5,44,final
2025-10-13,pranarom,fra,huile nigelle bienfaits,2.6,0,25,final
2025-10-14,pranarom,fra,huile nigelle bienfaits,2.8,4,20,final
2025-10-15,pranarom,fra,huile nigelle bienfaits,1.4,10,49,final
2025-10-16,pranarom,fra,huile nigelle bienfaits,2.2,7,32,final
2025-10-17,pranarom,fra,huile nigelle bienfaits,3.7,3,35,final
2025-10-18,pranarom,fra,huile nigelle bienfaits,3.7,4,41,final
2025-10-19,pranarom,fra,huile nigelle bienfaits,3.8,2,37,final
2025-10-20,pranarom,fra,huile nigelle bienfaits,4.2,3,32,final
2025-10-21,pranarom,fra,huile nigelle bienfaits,3.6,4,37,final
2025-10-22,pranarom,fra,huile nigelle bienfaits,2.1,7,30,final
2025-10-23,pranarom,fra,huile nigelle bienfaits,2.2,1,26,final
2025-10-24,pranarom,fra,huile nigelle bienfaits,1.9,5,28,final
2025-10-25,pranarom,fra,huile nigelle bienfaits,2.1,10,34,final
2025-10-26,pranarom,fra,huile nigelle bienfaits,1.9,4,38,final
2025-10-27,pranarom,fra,huile nigelle bienfaits,2,6,32,final
2025-10-28,pranarom,fra,huile nigelle bienfaits,3.2,1,30,final
2025-10-29,pranarom,fra,huile nigelle bienfaits,2.4,4,33,final
2025-10-30,pranarom,fra,huile nigelle bienfaits,2.0,7,24,final
2025-10-31,pranarom,fra,huile nigelle bienfaits,2.1,5,29,final
2025-11-01,pranarom,fra,huile nigelle bienfaits,2.0,6,40,final
2025-11-02,pranarom,fra,huile nigelle bienfaits,1.6,8,41,final
2025-11-03,pranarom,fra,huile nigelle bienfaits,1.7,1,22,final
2025-11-04,pranarom,fra,huile nigelle bienfaits,1.7,10,30,final
2025-11-05,pranarom,fra,huile nigelle bienfaits,1.4,6,32,final
2025-11-06,pranarom,fra,huile nigelle bienfaits,1.3,6,27,final
2025-11-07,pranarom,fra,huile nigelle bienfaits,1.3,5,23,final
2025-11-08,pranarom,fra,huile nigelle bienfaits,1.1,7,36,final
2025-11-09,pranarom,fra,huile nigelle bienfaits,1.3,7,37,final
2025-11-10,pranarom,fra,huile nigelle bienfaits,2.3,5,30,final
2025-11-11,pranarom,fra,huile nigelle bienfaits,2.9,1,41,final
2025-11-12,pranarom,fra,huile nigelle bienfaits,3.2,0,15,final
2025-11-13,pranarom,fra,huile nigelle bienfaits,2.9,4,33,final
2025-11-14,pranarom,fra,huile nigelle bienfaits,2.9,4,19,final
2025-11-15,pranarom,fra,huile nigelle bienfaits,3.3,2,24,final
2025-11-16,pranarom,fra,huile nigelle bienfaits,3.3,3,39,final
2025-11-17,pranarom,fra,huile nigelle bienfaits,2.2,4,28,final
2025-11-18,pranarom,fra,huile nigelle bienfaits,3.5,1,22,final
2025-11-19,pranarom,fra,huile nigelle bienfaits,3.5,3,30,final
2025-11-20,pranarom,fra,huile nigelle bienfaits,3.5,3,20,final
2025-11-21,pranarom,fra,huile nigelle bienfaits,3.8,1,28,final
2025-11-22,pranarom,fra,huile nigelle bienfaits,3.7,2,25,final
2025-11-23,pranarom,fra,huile nigelle bienfaits,3.6,2,25,final
2025-11-24,pranarom,fra,huile nigelle bienfaits,3.8,2,22,final
2025-11-25,pranarom,fra,huile nigelle bienfaits,3.8,4,28,final
2025-11-26,pranarom,fra,huile nigelle bienfaits,3.3,2,25,final
2025-11-27,pranarom,fra,huile nigelle bienfaits,2.9,3,24,final
2025-11-28,pranarom,fra,huile nigelle bienfaits,3.2,6,30,final
2025-11-29,pranarom,fra,huile nigelle bienfaits,3.2,3,33,final
2025-11-30,pranarom,fra,huile nigelle bienfaits,3.1,4,31,final
2025-12-01,pranarom,fra,huile nigelle bienfaits,3.4,2,25,final
2025-12-02,pranarom,fra,huile nigelle bienfaits,3.7,3,31,final
2025-12-03,pranarom,fra,huile nigelle bienfaits,3.3,2,34,final
2025-12-04,pranarom,fra,huile nigelle bienfaits,2.8,7,38,final
2025-12-05,pranarom,fra,huile nigelle bienfaits,2.1,4,24,final
2025-12-06,pranarom,fra,huile nigelle bienfaits,2.5,3,21,final
2025-12-07,pranarom,fra,huile nigelle bienfaits,2.9,3,38,final
2025-12-08,pranarom,fra,huile nigelle bienfaits,2.4,2,36,final
2025-12-09,pranarom,fra,huile nigelle bienfaits,2.8,5,23,final
2025-12-10,pranarom,fra,huile nigelle bienfaits,2.4,3,35,final
2025-12-11,pranarom,fra,huile nigelle bienfaits,1.3,3,31,final
2025-12-12,pranarom,fra,huile nigelle bienfaits,1.9,3,31,final
2025-12-13,pranarom,fra,huile nigelle bienfaits,1.4,2,36,final
2025-12-14,pranarom,fra,huile nigelle bienfaits,1.1,2,26,final
2025-12-15,pranarom,fra,huile nigelle bienfaits,1.1,3,27,final
2025-12-16,pranarom,fra,huile nigelle bienfaits,1.1,4,36,final
2025-12-17,pranarom,fra,huile nigelle bienfaits,2.3,3,19,final
2025-12-18,pranarom,fra,huile nigelle bienfaits,2.4,2,30,final
2025-12-19,pranarom,fra,huile nigelle bienfaits,2.5,6,31,final
2025-12-20,pranarom,fra,huile nigelle bienfaits,2.4,1,24,final
2025-12-21,pranarom,fra,huile nigelle bienfaits,2,2,30,final
2025-12-22,pranarom,fra,huile nigelle bienfaits,2.6,1,22,final
2025-12-23,pranarom,fra,huile nigelle bienfaits,2.5,5,16,final
2025-12-24,pranarom,fra,huile nigelle bienfaits,2.8,1,21,final
2025-12-25,pranarom,fra,huile nigelle bienfaits,2.4,2,21,final
2025-12-26,pranarom,fra,huile nigelle bienfaits,2.4,5,26,final
2025-12-27,pranarom,fra,huile nigelle bienfaits,2.5,2,19,final
2025-12-28,pranarom,fra,huile nigelle bienfaits,2.6,6,41,final
2025-12-29,pranarom,fra,huile nigelle bienfaits,2.1,8,35,final
2025-12-30,pranarom,fra,huile nigelle bienfaits,1.2,9,26,final
2025-12-31,pranarom,fra,huile nigelle bienfaits,1.2,4,28,final
2026-01-01,pranarom,fra,huile nigelle bienfaits,1.2,5,37,final
2026-01-02,pranarom,fra,huile nigelle bienfaits,1.3,9,40,final
2026-01-03,pranarom,fra,huile nigelle bienfaits,1.1,8,37,final
2026-01-04,pranarom,fra,huile nigelle bienfaits,1,9,37,final
2026-01-05,pranarom,fra,huile nigelle bienfaits,1,8,28,final
2026-01-06,pranarom,fra,huile nigelle bienfaits,1.2,7,30,final
2026-01-07,pranarom,fra,huile nigelle bienfaits,2.0,5,35,final
2026-01-08,pranarom,fra,huile nigelle bienfaits,2.5,3,26,final
2026-01-09,pranarom,fra,huile nigelle bienfaits,2.6,3,35,final
2026-01-10,pranarom,fra,huile nigelle bienfaits,3.1,3,35,final
2026-01-11,pranarom,fra,huile nigelle bienfaits,2.8,1,32,final
2026-01-12,pranarom,fra,huile nigelle bienfaits,2.6,5,31,final
2026-01-13,pranarom,fra,huile nigelle bienfaits,3.3,3,29,final
2026-01-14,pranarom,fra,huile nigelle bienfaits,5.2,4,30,final
2026-01-15,pranarom,fra,huile nigelle bienfaits,3,4,19,final
2026-01-16,pranarom,fra,huile nigelle bienfaits,3.2,1,23,final
2026-01-17,pranarom,fra,huile nigelle bienfaits,3.3,4,34,final
2026-01-18,pranarom,fra,huile nigelle bienfaits,3.0,4,45,final
2026-01-19,pranarom,fra,huile nigelle bienfaits,3.0,1,21,final
2026-01-20,pranarom,fra,huile nigelle bienfaits,5.9,2,29,final
2026-01-21,pranarom,fra,huile nigelle bienfaits,3.4,2,26,final
2026-01-22,pranarom,fra,huile nigelle bienfaits,3.5,1,20,final
2026-01-23,pranarom,fra,huile nigelle bienfaits,3.2,0,21,final
2026-01-24,pranarom,fra,huile nigelle bienfaits,2.9,4,33,final
2026-01-25,pranarom,fra,huile nigelle bienfaits,3.0,2,22,final
2026-01-26,pranarom,fra,huile nigelle bienfaits,3.2,3,19,final
2026-01-27,pranarom,fra,huile nigelle bienfaits,5.9,1,19,final
2026-01-28,pranarom,fra,huile nigelle bienfaits,3.7,2,25,final
2026-01-29,pranarom,fra,huile nigelle bienfaits,3.1,1,30,final
2026-01-30,pranarom,fra,huile nigelle bienfaits,3.3,1,22,final
2026-01-31,pranarom,fra,huile nigelle bienfaits,3.0,5,24,final
2026-02-01,pranarom,fra,huile nigelle bienfaits,2.5,2,34,final
2026-02-02,pranarom,fra,huile nigelle bienfaits,2.7,3,22,final
2026-02-03,pranarom,fra,huile nigelle bienfaits,2.7,2,39,final
2026-02-04,pranarom,fra,huile nigelle bienfaits,2.2,5,31,final
2026-02-05,pranarom,fra,huile nigelle bienfaits,2.6,8,35,final
2026-02-06,pranarom,fra,huile nigelle bienfaits,2.6,2,25,final
2026-02-07,pranarom,fra,huile nigelle bienfaits,2.3,2,35,final
2026-02-08,pranarom,fra,huile nigelle bienfaits,2.4,2,23,final
2026-02-09,pranarom,fra,huile nigelle bienfaits,2.6,3,35,final
2026-02-10,pranarom,fra,huile nigelle bienfaits,2.7,1,33,final
2026-02-11,pranarom,fra,huile nigelle bienfaits,2.6,0,34,final
2026-02-12,pranarom,fra,huile nigelle bienfaits,2.3,2,18,final
2026-02-13,pranarom,fra,huile nigelle bienfaits,2.5,4,31,final
2026-02-14,pranarom,fra,huile nigelle bienfaits,3.9,3,17,final
2026-02-15,pranarom,fra,huile nigelle bienfaits,2.2,7,39,final
2026-02-16,pranarom,fra,huile nigelle bienfaits,3.0,5,37,final
2026-02-17,pranarom,fra,huile nigelle bienfaits,2.4,5,37,final
2026-02-18,pranarom,fra,huile nigelle bienfaits,4.5,0,21,final
2026-02-19,pranarom,fra,huile nigelle bienfaits,2.5,3,30,final
2026-02-20,pranarom,fra,huile nigelle bienfaits,1.9,5,33,final
2026-02-21,pranarom,fra,huile nigelle bienfaits,3.0,6,44,final
2026-02-22,pranarom,fra,huile nigelle bienfaits,2.9,1,35,final
2026-02-23,pranarom,fra,huile nigelle bienfaits,3.8,3,20,final
2026-02-24,pranarom,fra,huile nigelle bienfaits,4.7,2,32,final
2026-02-25,pranarom,fra,huile nigelle bienfaits,2.3,1,26,final
2026-02-26,pranarom,fra,huile nigelle bienfaits,2.2,6,33,final
2026-02-27,pranarom,fra,huile nigelle bienfaits,2.2,1,26,final
2026-02-28,pranarom,fra,huile nigelle bienfaits,3.3,6,45,final
2026-03-01,pranarom,fra,huile nigelle bienfaits,6.1,2,35,final
2026-03-02,pranarom,fra,huile nigelle bienfaits,1.7,8,28,final
2026-03-03,pranarom,fra,huile nigelle bienfaits,3.6,0,28,final
2026-03-04,pranarom,fra,huile nigelle bienfaits,2.1,5,30,final
2026-03-05,pranarom,fra,huile nigelle bienfaits,3.1,2,21,final
2026-03-06,pranarom,fra,huile nigelle bienfaits,1.5,4,29,final
2026-03-07,pranarom,fra,huile nigelle bienfaits,2.3,6,37,final
2026-03-08,pranarom,fra,huile nigelle bienfaits,5.9,2,28,final
2026-03-09,pranarom,fra,huile nigelle bienfaits,4.4,3,25,final
2026-03-10,pranarom,fra,huile nigelle bienfaits,4.6,7,42,final
2026-03-11,pranarom,fra,huile nigelle bienfaits,5.3,2,31,final
2026-03-12,pranarom,fra,huile nigelle bienfaits,4,6,31,final
2026-03-13,pranarom,fra,huile nigelle bienfaits,6.2,1,20,final
2026-03-14,pranarom,fra,huile nigelle bienfaits,2.6,0,15,final
2026-03-15,pranarom,fra,huile nigelle bienfaits,4.9,1,28,final
2026-03-16,pranarom,fra,huile nigelle bienfaits,6.4,0,25,final
2026-03-17,pranarom,fra,huile nigelle bienfaits,2.3,4,30,final
2026-03-18,pranarom,fra,huile nigelle bienfaits,2.8,1,21,final
2026-03-19,pranarom,fra,huile nigelle bienfaits,2.9,4,22,final
2026-03-20,pranarom,fra,huile nigelle bienfaits,3,4,27,final
2026-03-21,pranarom,fra,huile nigelle bienfaits,3,4,28,final
2026-03-22,pranarom,fra,huile nigelle bienfaits,5.6,3,31,final
2026-03-23,pranarom,fra,huile nigelle bienfaits,3.0,3,30,final
2026-03-24,pranarom,fra,huile nigelle bienfaits,2.8,2,24,final
2026-03-25,pranarom,fra,huile nigelle bienfaits,2.3,9,35,final
2026-03-26,pranarom,fra,huile nigelle bienfaits,2.2,2,29,final
2026-03-27,pranarom,fra,huile nigelle bienfaits,1.5,5,25,final
2026-03-28,pranarom,fra,huile nigelle bienfaits,1.3,5,27,final
2026-03-29,pranarom,fra,huile nigelle bienfaits,1.3,9,25,final
2026-03-30,pranarom,fra,huile nigelle bienfaits,1.5,5,20,final
2026-03-31,pranarom,fra,huile nigelle bienfaits,1.9,4,28,final
2026-04-01,pranarom,fra,huile nigelle bienfaits,2.4,4,33,final
2026-04-02,pranarom,fra,huile nigelle bienfaits,2.6,4,25,final
2026-04-03,pranarom,fra,huile nigelle bienfaits,2.5,2,24,final
2026-04-04,pranarom,fra,huile nigelle bienfaits,2.5,4,29,final
2026-04-05,pranarom,fra,huile nigelle bienfaits,2.3,4,32,final
2026-04-06,pranarom,fra,huile nigelle bienfaits,2.8,4,23,final
2026-04-07,pranarom,fra,huile nigelle bienfaits,2.5,4,26,final
2026-04-08,pranarom,fra,huile nigelle bienfaits,2.2,3,26,final
2026-04-09,pranarom,fra,huile nigelle bienfaits,2.3,6,25,final
2026-04-10,pranarom,fra,huile nigelle bienfaits,2.4,3,22,final
2026-04-11,pranarom,fra,huile nigelle bienfaits,2.3,2,27,final
2026-04-12,pranarom,fra,huile nigelle bienfaits,2.4,2,27,final
2026-04-13,pranarom,fra,huile nigelle bienfaits,2.4,3,33,final
2026-04-14,pranarom,fra,huile nigelle bienfaits,2.5,2,42,final
2026-04-15,pranarom,fra,huile nigelle bienfaits,2.9,1,31,final
2026-04-16,pranarom,fra,huile nigelle bienfaits,2.7,0,30,final
2026-04-17,pranarom,fra,huile nigelle bienfaits,3.2,0,28,final
2026-04-18,pranarom,fra,huile nigelle bienfaits,3.0,1,34,final
2026-04-19,pranarom,fra,huile nigelle bienfaits,3.0,1,29,final
2026-04-20,pranarom,fra,huile nigelle bienfaits,3.1,2,29,final
2026-04-21,pranarom,fra,huile nigelle bienfaits,3.0,1,31,final
2026-04-22,pranarom,fra,huile nigelle bienfaits,2.8,1,29,final
2026-04-23,pranarom,fra,huile nigelle bienfaits,2.6,1,31,final
2026-04-24,pranarom,fra,huile nigelle bienfaits,3.1,1,23,final
2026-04-25,pranarom,fra,huile nigelle bienfaits,2.6,2,15,final
2026-04-26,pranarom,fra,huile nigelle bienfaits,2.6,1,28,final
2026-04-27,pranarom,fra,huile nigelle bienfaits,5.3,0,26,final
2026-04-28,pranarom,fra,huile nigelle bienfaits,2.7,2,24,final
2026-04-29,pranarom,fra,huile nigelle bienfaits,2.9,2,18,final
2026-04-30,pranarom,fra,huile nigelle bienfaits,3,0,20,final
2026-05-01,pranarom,fra,huile nigelle bienfaits,3,0,24,final
2026-05-02,pranarom,fra,huile nigelle bienfaits,3,0,26,final
2026-05-03,pranarom,fra,huile nigelle bienfaits,3.0,2,29,final
2026-05-04,pranarom,fra,huile nigelle bienfaits,2.9,2,19,final
2026-05-05,pranarom,fra,huile nigelle bienfaits,4.3,0,33,final
2026-05-06,pranarom,fra,huile nigelle bienfaits,2.8,0,19,final
2026-05-07,pranarom,fra,huile nigelle bienfaits,2.8,1,34,final
2026-05-08,pranarom,fra,huile nigelle bienfaits,2.8,1,25,final
2026-05-09,pranarom,fra,huile nigelle bienfaits,2.9,0,22,final
2026-05-10,pranarom,fra,huile nigelle bienfaits,3.1,5,39,final
2026-05-11,pranarom,fra,huile nigelle bienfaits,3.3,2,29,final
2026-05-12,pranarom,fra,huile nigelle bienfaits,3.4,1,26,final
2026-05-13,pranarom,fra,huile nigelle bienfaits,3.6,1,27,final
2026-05-14,pranarom,fra,huile nigelle bienfaits,3.5,0,22,final
2026-05-15,pranarom,fra,huile nigelle bienfaits,3.6,2,41,final
2026-05-16,pranarom,fra,huile nigelle bienfaits,3.6,1,31,final
2026-05-17,pranarom,fra,huile nigelle bienfaits,3.8,3,32,final
2026-05-18,pranarom,fra,huile nigelle bienfaits,3.5,1,22,final
2026-05-19,pranarom,fra,huile nigelle bienfaits,3.8,1,30,final
2026-05-20,pranarom,fra,huile nigelle bienfaits,3.5,2,38,final
2026-05-21,pranarom,fra,huile nigelle bienfaits,3.2,2,13,final
2026-05-22,pranarom,fra,huile nigelle bienfaits,3.1,0,20,final
2026-05-23,pranarom,fra,huile nigelle bienfaits,3.5,2,22,final
2026-05-24,pranarom,fra,huile nigelle bienfaits,3.3,1,25,final
2026-05-25,pranarom,fra,huile nigelle bienfaits,3.5,1,26,final
2026-05-26,pranarom,fra,huile nigelle bienfaits,3.2,1,29,final
2026-05-27,pranarom,fra,huile nigelle bienfaits,3.2,3,25,final
2026-05-28,pranarom,fra,huile nigelle bienfaits,3.2,0,25,final
2026-05-29,pranarom,fra,huile nigelle bienfaits,3,6,25,final
2026-05-30,pranarom,fra,huile nigelle bienfaits,3.0,3,20,final
2026-05-31,pranarom,fra,huile nigelle bienfaits,3.1,3,33,final
2026-06-01,pranarom,fra,huile nigelle bienfaits,2.9,3,37,final
2026-06-02,pranarom,fra,huile nigelle bienfaits,2.8,2,33,final
2026-06-03,pranarom,fra,huile nigelle bienfaits,3.0,1,28,final
2026-06-04,pranarom,fra,huile nigelle bienfaits,2.8,2,19,final
2026-06-05,pranarom,fra,huile nigelle bienfaits,2.9,3,35,final
2026-06-06,pranarom,fra,huile nigelle bienfaits,3.0,1,34,final
2026-06-07,pranarom,fra,huile nigelle bienfaits,2.9,1,34,final
2026-06-08,pranarom,fra,huile nigelle bienfaits,3.0,3,21,final
2026-06-09,pranarom,fra,huile nigelle bienfaits,3,3,23,final
2026-06-10,pranarom,fra,huile nigelle bienfaits,2.8,0,19,final
2026-06-11,pranarom,fra,huile nigelle bienfaits,3,2,28,final
2026-06-12,pranarom,fra,huile nigelle bienfaits,2.3,1,15,final
2026-06-13,pranarom,fra,huile nigelle bienfaits,2.9,1,22,final
2026-06-14,pranarom,fra,huile nigelle bienfaits,3,1,21,final
2026-06-15,pranarom,fra,huile nigelle bienfaits,3,2,15,final
2026-06-16,pranarom,fra,huile nigelle bienfaits,2.5,2,21,final
2026-06-17,pranarom,fra,huile nigelle bienfaits,3,2,23,final
2026-06-18,pranarom,fra,huile nigelle bienfaits,3,2,19,final
2026-06-19,pranarom,fra,huile nigelle bienfaits,2.7,3,24,final
2026-06-20,pranarom,fra,huile nigelle bienfaits,2.9,1,24,final
2026-06-21,pranarom,fra,huile nigelle bienfaits,3,1,19,final
2026-06-22,pranarom,fra,huile nigelle bienfaits,2.9,2,17,final
2026-06-23,pranarom,fra,huile nigelle bienfaits,2.7,4,23,final
2026-06-24,pranarom,fra,huile nigelle bienfaits,2.3,0,11,final
2026-06-25,pranarom,fra,huile nigelle bienfaits,2.7,2,21,final
2026-06-26,pranarom,fra,huile nigelle bienfaits,3,1,15,final
2026-06-27,pranarom,fra,huile nigelle bienfaits,2.1,2,16,final
2026-06-28,pranarom,fra,huile nigelle bienfaits,3,2,26,final
2026-06-29,pranarom,fra,huile nigelle bienfaits,4.2,4,22,final
2026-06-30,pranarom,fra,huile nigelle bienfaits,3.0,1,31,final
2026-07-01,pranarom,fra,huile nigelle bienfaits,3,3,28,final
2026-07-02,pranarom,fra,huile nigelle bienfaits,3.4,1,17,final
2026-07-03,pranarom,fra,huile nigelle bienfaits,3,0,18,final
2026-07-04,pranarom,fra,huile nigelle bienfaits,2.8,1,25,final
2026-07-05,pranarom,fra,huile nigelle bienfaits,3,1,20,final
2026-07-06,pranarom,fra,huile nigelle bienfaits,2.7,0,24,final
2026-07-07,pranarom,fra,huile nigelle bienfaits,2.1,3,22,final
2026-07-08,pranarom,fra,huile nigelle bienfaits,2.3,3,19,final
2026-07-09,pranarom,fra,huile nigelle bienfaits,2.2,3,19,final
2026-07-10,pranarom,fra,huile nigelle bienfaits,4.9,1,28,final
2026-07-11,pranarom,fra,huile nigelle bienfaits,3,0,27,final
2026-07-12,pranarom,fra,huile nigelle bienfaits,3,2,24,final
2026-07-13,pranarom,fra,huile nigelle bienfaits,3,2,33,final
2026-07-14,pranarom,fra,huile nigelle bienfaits,3,1,16,final
2026-07-15,pranarom,fra,huile nigelle bienfaits,2.5,2,33,final
2026-07-16,pranarom,fra,huile nigelle bienfaits,1.7,5,18,final
2026-07-17,pranarom,fra,huile nigelle bienfaits,1.3,1,18,final
2026-07-18,pranarom,fra,huile nigelle bienfaits,1,2,19,final
2026-07-19,pranarom,fra,huile nigelle bienfaits,1.1,8,27,final
2026-07-20,pranarom,fra,huile nigelle bienfaits,1,7,29,final
2026-07-21,pranarom,fra,huile nigelle bienfaits,1,8,34,final
2026-07-22,pranarom,fra,huile nigelle bienfaits,1.1,5,19,final
2026-07-23,pranarom,fra,huile nigelle bienfaits,1.2,3,24,final
2026-07-24,pranarom,fra,huile nigelle bienfaits,1.3,2,23,final
2026-07-25,pranarom,fra,huile nigelle bienfaits,1.3,2,26,final
2026-07-26,pranarom,fra,huile nigelle bienfaits,1.3,3,19,final
2026-07-27,pranarom,fra,huile nigelle bienfaits,1.2,2,12,final
2026-07-28,pranarom,fra,huile nigelle bienfaits,1.4,2,28,final
2026-07-29,pranarom,fra,huile nigelle bienfaits,1.5,2,20,final
2026-07-30,pranarom,fra,huile nigelle bienfaits,2.7,0,19,final
2026-07-31,pranarom,fra,huile nigelle bienfaits,2.9,1,15,final
2026-08-01,pranarom,fra,huile nigelle bienfaits,2.7,1,28,final
2026-08-02,pranarom,fra,huile nigelle bienfaits,2.8,1,12,final
2026-08-03,pranarom,fra,huile nigelle bienfaits,2.4,0,26,final
2026-08-04,pranarom,fra,huile nigelle bienfaits,2.8,3,34,final
2026-08-05,pranarom,fra,huile nigelle bienfaits,2.7,3,23,final
2026-08-06,pranarom,fra,huile nigelle bienfaits,2.8,1,32,final
2026-08-07,pranarom,fra,huile nigelle bienfaits,5.3,3,33,final
2026-08-08,pranarom,fra,huile nigelle bienfaits,1.1,1,27,final
2026-08-09,pranarom,fra,huile nigelle bienfaits,1.1,3,21,final
2026-08-10,pranarom,fra,huile nigelle bienfaits,1.0,7,25,final
2026-08-11,pranarom,fra,huile nigelle bienfaits,1,0,17,final
2026-08-12,pranarom,fra,huile nigelle bienfaits,2.5,2,20,final
2026-08-13,pranarom,fra,huile nigelle bienfaits,1.3,3,11,final
2026-08-14,pranarom,fra,huile nigelle bienfaits,2.1,1,21,final
2026-08-15,pranarom,fra,huile nigelle bienfaits,2.8,2,23,final
2026-08-16,pranarom,fra,huile nigelle bienfaits,2.8,1,25,final
2026-08-17,pranarom,fra,huile nigelle bienfaits,2.6,3,28,final
2026-08-18,pranarom,fra,huile nigelle bienfaits,2.8,1,23,final
2026-08-19,pranarom,fra,huile nigelle bienfaits,2.9,1,21,final
2026-08-20,pranarom,fra,huile nigelle bienfaits,2.7,1,23,final
2026-08-21,pranarom,fra,huile nigelle bienfaits,2.8,1,25,final
2026-08-22,pranarom,fra,huile nigelle bienfaits,2.3,1,12,final
2026-08-23,pranarom,fra,huile nigelle bienfaits,2.7,4,29,final
2026-08-24,pranarom,fra,huile nigelle bienfaits,2.6,0,18,final
2026-08-25,pranarom,fra,huile nigelle bienfaits,2.7,1,30,final
2026-08-26,pranarom,fra,huile nigelle bienfaits,2.7,1,31,final
2026-08-27,pranarom,fra,huile nigelle bienfaits,2.8,1,23,final
2026-08-28,pranarom,fra,huile nigelle bienfaits,2.9,0,27,final
2026-08-29,pranarom,fra,huile nigelle bienfaits,3.0,1,23,final
2026-08-30,pranarom,fra,huile nigelle bienfaits,3.0,2,28,final
2026-08-31,pranarom,fra,huile nigelle bienfaits,2.5,1,19,final
2026-09-01,pranarom,fra,huile nigelle bienfaits,2.9,2,33,final
2026-09-02,pranarom,fra,huile nigelle bienfaits,2.6,2,16,final
2026-09-03,pranarom,fra,huile nigelle bienfaits,2.9,0,15,final
2026-09-04,pranarom,fra,huile nigelle bienfaits,2.7,3,22,final
2026-09-05,pranarom,fra,huile nigelle bienfaits,3.0,0,31,final
2026-09-06,pranarom,fra,huile nigelle bienfaits,2.7,2,35,final
2026-09-07,pranarom,fra,huile nigelle bienfaits,2.4,3,27,final
2026-09-08,pranarom,fra,huile nigelle bienfaits,2.1,3,22,final
2026-09-09,pranarom,fra,huile nigelle bienfaits,1.2,3,21,final
2026-09-10,pranarom,fra,huile nigelle bienfaits,2.8,1,26,final
2026-09-11,pranarom,fra,huile nigelle bienfaits,2.8,2,24,final
2026-09-12,pranarom,fra,huile nigelle bienfaits,1.7,5,22,final
2026-09-13,pranarom,fra,huile nigelle bienfaits,1.2,7,30,final
2026-09-14,pranarom,fra,huile nigelle bienfaits,1.3,2,25,final
2026-09-15,pranarom,fra,huile nigelle bienfaits,1.4,2,17,final
2026-09-16,pranarom,fra,huile nigelle bienfaits,1.6,1,31,final
2026-09-17,pranarom,fra,huile nigelle bienfaits,2.6,2,21,final
2026-09-18,pranarom,fra,huile nigelle bienfaits,2.8,1,30,final
2026-09-19,pranarom,fra,huile nigelle bienfaits,1.3,6,26,final
2026-09-20,pranarom,fra,huile nigelle bienfaits,1.3,4,27,final
2026-09-21,pranarom,fra,huile nigelle bienfaits,1.3,0,18,final
2026-09-22,pranarom,fra,huile nigelle bienfaits,1.6,2,20,final
2026-09-23,pranarom,fra,huile nigelle bienfaits,2.1,0,23,final
2026-09-24,pranarom,fra,huile nigelle bienfaits,2.0,1,27,final
2026-09-25,pranarom,fra,huile nigelle bienfaits,2.3,0,29,final
2026-09-26,pranarom,fra,huile nigelle bienfaits,1.8,2,35,final
2026-09-27,pranarom,fra,huile nigelle bienfaits,2.8,1,26,final
2026-09-28,pranarom,fra,huile nigelle bienfaits,1.8,2,38,final
2026-09-29,pranarom,fra,huile nigelle bienfaits,2.5,2,33,final
2026-09-30,pranarom,fra,huile nigelle bienfaits,2.3,2,29,final
2026-10-01,pranarom,fra,huile nigelle bienfaits,2.0,1,26,fresh
2026-10-02,pranarom,fra,huile nigelle bienfaits,2.4,2,16,fresh
2025-06-15,pranarom,fra,infection urinaire remède rapide,8.6,0,5,final
2025-06-16,pranarom,fra,infection urinaire remède rapide,6.4,0,5,final
2025-06-17,pranarom,fra,infection urinaire remède rapide,4,0,4,final
2025-06-18,pranarom,fra,infection urinaire remède rapide,5.3,0,3,final
2025-06-19,pranarom,fra,infection urinaire remède rapide,4,0,1,final
2025-06-20,pranarom,fra,infection urinaire remède rapide,4,0,2,final
2025-06-21,pranarom,fra,infection urinaire remède rapide,5,0,3,final
2025-06-22,pranarom,fra,infection urinaire remède rapide,19.5,0,4,final
2025-06-23,pranarom,fra,infection urinaire remède rapide,5,0,2,final
2025-06-24,pranarom,fra,infection urinaire remède rapide,5,0,4,final
2025-06-25,pranarom,fra,infection urinaire remède rapide,5,0,1,final
2025-06-27,pranarom,fra,infection urinaire remède rapide,8.2,0,37,final
2025-06-28,pranarom,fra,infection urinaire remède rapide,8.2,0,41,final
2025-06-29,pranarom,fra,infection urinaire remède rapide,7.5,0,2,final
2025-07-01,pranarom,fra,infection urinaire remède rapide,19,0,2,final
2025-07-02,pranarom,fra,infection urinaire remède rapide,6.6,1,45,final
2025-07-03,pranarom,fra,infection urinaire remède rapide,10.4,0,14,final
2025-07-04,pranarom,fra,infection urinaire remède rapide,7.2,2,58,final
2025-07-05,pranarom,fra,infection urinaire remède rapide,4.4,0,55,final
2025-07-06,pranarom,fra,infection urinaire remède rapide,4.1,1,81,final
2025-07-07,pranarom,fra,infection urinaire remède rapide,4.1,3,82,final
2025-07-08,pranarom,fra,infection urinaire remède rapide,4.1,1,72,final
2025-07-09,pranarom,fra,infection urinaire remède rapide,5.6,1,32,final
2025-07-10,pranarom,fra,infection urinaire remède rapide,7.9,0,69,final
2025-07-11,pranarom,fra,infection urinaire remède rapide,7.8,0,51,final
2025-07-12,pranarom,fra,infection urinaire remède rapide,7.1,1,62,final
2025-07-13,pranarom,fra,infection urinaire remède rapide,7.2,0,63,final
2025-07-14,pranarom,fra,infection urinaire remède rapide,6.8,1,73,final
2025-07-15,pranarom,fra,infection urinaire remède rapide,7.4,0,68,final
2025-07-16,pranarom,fra,infection urinaire remède rapide,7.7,0,53,final
2025-07-17,pranarom,fra,infection urinaire remède rapide,6.7,0,69,final
2025-07-18,pranarom,fra,infection urinaire remède rapide,5.3,0,62,final
2025-07-19,pranarom,fra,infection urinaire remède rapide,5.8,0,82,final
2025-07-20,pranarom,fra,infection urinaire remède rapide,5.4,0,87,final
2025-07-21,pranarom,fra,infection urinaire remède rapide,5.5,0,85,final
2025-07-22,pranarom,fra,infection urinaire remède rapide,5.7,0,56,final
2025-07-23,pranarom,fra,infection urinaire remède rapide,6.1,4,79,final
2025-07-24,pranarom,fra,infection urinaire remède rapide,5.6,2,68,final
2025-07-25,pranarom,fra,infection urinaire remède rapide,3.1,2,71,final
2025-07-26,pranarom,fra,infection urinaire remède rapide,3.1,3,70,final
2025-07-27,pranarom,fra,infection urinaire remède rapide,3.0,3,80,final
2025-07-28,pranarom,fra,infection urinaire remède rapide,3.3,1,73,final
2025-07-29,pranarom,fra,infection urinaire remède rapide,3.7,2,73,final
2025-07-30,pranarom,fra,infection urinaire remède rapide,3.0,4,66,final
2025-07-31,pranarom,fra,infection urinaire remède rapide,3.2,4,77,final
2025-08-01,pranarom,fra,infection urinaire remède rapide,2.8,1,53,final
2025-08-02,pranarom,fra,infection urinaire remède rapide,2.9,0,67,final
2025-08-03,pranarom,fra,infection urinaire remède rapide,3.0,1,83,final
2025-08-04,pranarom,fra,infection urinaire remède rapide,3.0,3,60,final
2025-08-05,pranarom,fra,infection urinaire remède rapide,3.1,6,76,final
2025-08-06,pranarom,fra,infection urinaire remède rapide,3.1,3,61,final
2025-08-07,pranarom,fra,infection urinaire remède rapide,3.1,0,55,final
2025-08-08,pranarom,fra,infection urinaire remède rapide,3,3,65,final
2025-08-09,pranarom,fra,infection urinaire remède rapide,3,3,70,final
2025-08-10,pranarom,fra,infection urinaire remède rapide,3,1,91,final
2025-08-11,pranarom,fra,infection urinaire remède rapide,3.1,1,78,final
2025-08-12,pranarom,fra,infection urinaire remède rapide,3.0,2,60,final
2025-08-13,pranarom,fra,infection urinaire remède rapide,2.8,3,60,final
2025-08-14,pranarom,fra,infection urinaire remède rapide,3.0,1,67,final
2025-08-15,pranarom,fra,infection urinaire remède rapide,2.8,2,88,final
2025-08-16,pranarom,fra,infection urinaire remède rapide,2.8,1,89,final
2025-08-17,pranarom,fra,infection urinaire remède rapide,2.9,2,100,final
2025-08-18,pranarom,fra,infection urinaire remède rapide,3,3,79,final
2025-08-19,pranarom,fra,infection urinaire remède rapide,3.0,3,84,final
2025-08-20,pranarom,fra,infection urinaire remède rapide,3.0,1,67,final
2025-08-21,pranarom,fra,infection urinaire remède rapide,3.1,3,74,final
2025-08-22,pranarom,fra,infection urinaire remède rapide,2.8,2,53,final
2025-08-23,pranarom,fra,infection urinaire remède rapide,2.9,0,59,final
2025-08-24,pranarom,fra,infection urinaire remède rapide,3,2,59,final
2025-08-25,pranarom,fra,infection urinaire remède rapide,3.0,3,68,final
2025-08-26,pranarom,fra,infection urinaire remède rapide,3,3,74,final
2025-08-27,pranarom,fra,infection urinaire remède rapide,3.0,3,73,final
2025-08-28,pranarom,fra,infection urinaire remède rapide,3.0,1,61,final
2025-08-29,pranarom,fra,infection urinaire remède rapide,3.0,2,55,final
2025-08-30,pranarom,fra,infection urinaire remède rapide,2.9,1,71,final
2025-08-31,pranarom,fra,infection urinaire remède rapide,2.9,1,72,final
2025-09-01,pranarom,fra,infection urinaire remède rapide,3,2,72,final
2025-09-02,pranarom,fra,infection urinaire remède rapide,2.8,1,55,final
2025-09-03,pranarom,fra,infection urinaire remède rapide,2.8,3,70,final
2025-09-04,pranarom,fra,infection urinaire remède rapide,3.1,0,65,final
2025-09-05,pranarom,fra,infection urinaire remède rapide,3.6,0,70,final
2025-09-06,pranarom,fra,infection urinaire remède rapide,3.0,4,71,final
2025-09-07,pranarom,fra,infection urinaire remède rapide,3.0,0,53,final
2025-09-08,pranarom,fra,infection urinaire remède rapide,3.1,0,73,final
2025-09-09,pranarom,fra,infection urinaire remède rapide,3.4,1,51,final
2025-09-10,pranarom,fra,infection urinaire remède rapide,3.4,3,99,final
2025-09-11,pranarom,fra,infection urinaire remède rapide,3.0,1,68,final
2025-09-12,pranarom,fra,infection urinaire remède rapide,2.9,0,59,final
2025-09-13,pranarom,fra,infection urinaire remède rapide,2.8,1,68,final
2025-09-14,pranarom,fra,infection urinaire remède rapide,2.7,4,68,final
2025-09-15,pranarom,fra,infection urinaire remède rapide,2.8,3,75,final
2025-09-16,pranarom,fra,infection urinaire remède rapide,2.8,3,62,final
2025-09-17,pranarom,fra,infection urinaire remède rapide,2.8,4,78,final
2025-09-18,pranarom,fra,infection urinaire remède rapide,4.0,2,59,final
2025-09-19,pranarom,fra,infection urinaire remède rapide,2.8,4,50,final
2025-09-20,pranarom,fra,infection urinaire remède rapide,2.8,3,55,final
2025-09-21,pranarom,fra,infection urinaire remède rapide,2.9,1,48,final
2025-09-22,pranarom,fra,infection urinaire remède rapide,3.9,2,64,final
2025-09-23,pranarom,fra,infection urinaire remède rapide,2.8,0,59,final
2025-09-24,pranarom,fra,infection urinaire remède rapide,2.8,4,50,final
2025-09-25,pranarom,fra,infection urinaire remède rapide,2.8,1,52,final
2025-09-26,pranarom,fra,infection urinaire remède rapide,4.0,2,61,final
2025-09-27,pranarom,fra,infection urinaire remède rapide,3,2,45,final
2025-09-28,pranarom,fra,infection urinaire remède rapide,3.0,1,72,final
2025-09-29,pranarom,fra,infection urinaire remède rapide,3.0,2,63,final
2025-09-30,pranarom,fra,infection urinaire remède rapide,3.0,3,66,final
2025-10-01,pranarom,fra,infection urinaire remède rapide,3,2,76,final
2025-10-02,pranarom,fra,infection urinaire remède rapide,3.0,1,60,final
2025-10-03,pranarom,fra,infection urinaire remède rapide,3.0,1,59,final
2025-10-04,pranarom,fra,infection urinaire remède rapide,3.0,1,55,final
2025-10-05,pranarom,fra,infection urinaire remède rapide,4.2,4,64,final
2025-10-06,pranarom,fra,infection urinaire remède rapide,3.0,1,64,final
2025-10-07,pranarom,fra,infection urinaire remède rapide,2.9,3,47,final
2025-10-08,pranarom,fra,infection urinaire remède rapide,3.0,2,62,final
2025-10-09,pranarom,fra,infection urinaire remède rapide,3,2,53,final
2025-10-10,pranarom,fra,infection urinaire remède rapide,4.3,3,54,final
2025-10-11,pranarom,fra,infection urinaire remède rapide,2.9,2,59,final
2025-10-12,pranarom,fra,infection urinaire remède rapide,3.0,1,65,final
2025-10-13,pranarom,fra,infection urinaire remède rapide,3.0,3,76,final
2025-10-14,pranarom,fra,infection urinaire remède rapide,3.2,1,63,final
2025-10-15,pranarom,fra,infection urinaire remède rapide,3.4,3,65,final
2025-10-16,pranarom,fra,infection urinaire remède rapide,4.3,2,58,final
2025-10-17,pranarom,fra,infection urinaire remède rapide,2.9,1,64,final
2025-10-18,pranarom,fra,infection urinaire remède rapide,3.0,1,61,final
2025-10-19,pranarom,fra,infection urinaire remède rapide,2.9,2,64,final
2025-10-20,pranarom,fra,infection urinaire remède rapide,3.0,1,76,final
2025-10-21,pranarom,fra,infection urinaire remède rapide,2.9,0,50,final
2025-10-22,pranarom,fra,infection urinaire remède rapide,3.1,1,49,final
2025-10-23,pranarom,fra,infection urinaire remède rapide,4.0,1,67,final
2025-10-24,pranarom,fra,infection urinaire remède rapide,4,1,65,final
2025-10-25,pranarom,fra,infection urinaire remède rapide,4.0,0,66,final
2025-10-26,pranarom,fra,infection urinaire remède rapide,3.9,2,56,final
2025-10-27,pranarom,fra,infection urinaire remède rapide,3.9,2,59,final
2025-10-28,pranarom,fra,infection urinaire remède rapide,3.5,1,58,final
2025-10-29,pranarom,fra,infection urinaire remède rapide,4.2,4,57,final
2025-10-30,pranarom,fra,infection urinaire remède rapide,3.0,6,60,final
2025-10-31,pranarom,fra,infection urinaire remède rapide,3.6,0,45,final
2025-11-01,pranarom,fra,infection urinaire remède rapide,3.9,1,68,final
2025-11-02,pranarom,fra,infection urinaire remède rapide,3.9,2,87,final
2025-11-03,pranarom,fra,infection urinaire remède rapide,3.5,3,59,final
2025-11-04,pranarom,fra,infection urinaire remède rapide,3.8,0,64,final
2025-11-05,pranarom,fra,infection urinaire remède rapide,3.9,2,60,final
2025-11-06,pranarom,fra,infection urinaire remède rapide,3.6,3,66,final
2025-11-07,pranarom,fra,infection urinaire remède rapide,5.0,3,73,final
2025-11-08,pranarom,fra,infection urinaire remède rapide,3.8,1,74,final
2025-11-09,pranarom,fra,infection urinaire remède rapide,3.5,0,77,final
2025-11-10,pranarom,fra,infection urinaire remède rapide,3.4,0,81,final
2025-11-11,pranarom,fra,infection urinaire remède rapide,3.5,0,76,final
2025-11-12,pranarom,fra,infection urinaire remède rapide,3.9,2,63,final
2025-11-13,pranarom,fra,infection urinaire remède rapide,4,0,67,final
2025-11-14,pranarom,fra,infection urinaire remède rapide,4,0,45,final
2025-11-15,pranarom,fra,infection urinaire remède rapide,3.9,0,72,final
2025-11-16,pranarom,fra,infection urinaire remède rapide,3.9,5,73,final
2025-11-17,pranarom,fra,infection urinaire remède rapide,3.7,0,74,final
2025-11-18,pranarom,fra,infection urinaire remède rapide,3.0,2,50,final
2025-11-19,pranarom,fra,infection urinaire remède rapide,3.0,1,55,final
2025-11-20,pranarom,fra,infection urinaire remède rapide,3.0,1,53,final
2025-11-21,pranarom,fra,infection urinaire remède rapide,2.9,5,46,final
2025-11-22,pranarom,fra,infection urinaire remède rapide,3.0,3,58,final
2025-11-23,pranarom,fra,infection urinaire remède rapide,2.8,2,44,final
2025-11-24,pranarom,fra,infection urinaire remède rapide,2.9,4,53,final
2025-11-25,pranarom,fra,infection urinaire remède rapide,2.7,3,53,final
2025-11-26,pranarom,fra,infection urinaire remède rapide,3.0,1,66,final
2025-11-27,pranarom,fra,infection urinaire remède rapide,4.1,2,64,final
2025-11-28,pranarom,fra,infection urinaire remède rapide,4.1,4,41,final
2025-11-29,pranarom,fra,infection urinaire remède rapide,3.9,0,47,final
2025-11-30,pranarom,fra,infection urinaire remède rapide,4.3,2,83,final
2025-12-01,pranarom,fra,infection urinaire remède rapide,4.0,0,48,final
2025-12-02,pranarom,fra,infection urinaire remède rapide,4.1,1,73,final
2025-12-03,pranarom,fra,infection urinaire remède rapide,3.1,2,63,final
2025-12-04,pranarom,fra,infection urinaire remède rapide,3.4,3,69,final
2025-12-05,pranarom,fra,infection urinaire remède rapide,3.4,4,69,final
2025-12-06,pranarom,fra,infection urinaire remède rapide,3.6,1,67,final
2025-12-07,pranarom,fra,infection urinaire remède rapide,3.7,3,62,final
2025-12-08,pranarom,fra,infection urinaire remède rapide,2.8,0,44,final
2025-12-09,pranarom,fra,infection urinaire remède rapide,2.9,0,58,final
2025-12-10,pranarom,fra,infection urinaire remède rapide,3.0,3,63,final
2025-12-11,pranarom,fra,infection urinaire remède rapide,3.1,0,57,final
2025-12-12,pranarom,fra,infection urinaire remède rapide,3.8,0,65,final
2025-12-13,pranarom,fra,infection urinaire remède rapide,3.1,1,44,final
2025-12-14,pranarom,fra,infection urinaire remède rapide,4.2,2,71,final
2025-12-15,pranarom,fra,infection urinaire remède rapide,2.9,6,78,final
2025-12-16,pranarom,fra,infection urinaire remède rapide,3.0,2,46,final
2025-12-17,pranarom,fra,infection urinaire remède rapide,4.4,2,58,final
2025-12-18,pranarom,fra,infection urinaire remède rapide,3.0,2,52,final
2025-12-19,pranarom,fra,infection urinaire remède rapide,3.0,1,43,final
2025-12-20,pranarom,fra,infection urinaire remède rapide,2.9,0,46,final
2025-12-21,pranarom,fra,infection urinaire remède rapide,2.9,1,59,final
2025-12-22,pranarom,fra,infection urinaire remède rapide,4.2,2,66,final
2025-12-23,pranarom,fra,infection urinaire remède rapide,2.9,1,64,final
2025-12-24,pranarom,fra,infection urinaire remède rapide,4.8,2,46,final
2025-12-25,pranarom,fra,infection urinaire remède rapide,3.0,1,48,final
2025-12-26,pranarom,fra,infection urinaire remède rapide,2.9,2,84,final
2025-12-27,pranarom,fra,infection urinaire remède rapide,4.1,5,65,final
2025-12-28,pranarom,fra,infection urinaire remède rapide,2.9,1,84,final
2025-12-29,pranarom,fra,infection urinaire remède rapide,2.9,3,64,final
2025-12-30,pranarom,fra,infection urinaire remède rapide,2.9,1,69,final
2025-12-31,pranarom,fra,infection urinaire remède rapide,4.5,4,52,final
2026-01-01,pranarom,fra,infection urinaire remède rapide,2.9,3,58,final
2026-01-02,pranarom,fra,infection urinaire remède rapide,2.9,1,88,final
2026-01-03,pranarom,fra,infection urinaire remède rapide,3.0,0,77,final
2026-01-04,pranarom,fra,infection urinaire remède rapide,4.1,3,78,final
2026-01-05,pranarom,fra,infection urinaire remède rapide,2.9,3,57,final
2026-01-06,pranarom,fra,infection urinaire remède rapide,2.9,4,56,final
2026-01-07,pranarom,fra,infection urinaire remède rapide,2.9,1,53,final
2026-01-08,pranarom,fra,infection urinaire remède rapide,2.9,1,63,final
2026-01-09,pranarom,fra,infection urinaire remède rapide,2.9,4,50,final
2026-01-10,pranarom,fra,infection urinaire remède rapide,2.8,3,67,final
2026-01-11,pranarom,fra,infection urinaire remède rapide,4.2,3,59,final
2026-01-12,pranarom,fra,infection urinaire remède rapide,2.9,1,52,final
2026-01-13,pranarom,fra,infection urinaire remède rapide,3.1,1,55,final
2026-01-14,pranarom,fra,infection urinaire remède rapide,3.0,1,46,final
2026-01-15,pranarom,fra,infection urinaire remède rapide,2.9,0,53,final
2026-01-16,pranarom,fra,infection urinaire remède rapide,2.9,0,61,final
2026-01-17,pranarom,fra,infection urinaire remède rapide,3.0,2,55,final
2026-01-18,pranarom,fra,infection urinaire remède rapide,3,1,75,final
2026-01-19,pranarom,fra,infection urinaire remède rapide,2.9,1,80,final
2026-01-20,pranarom,fra,infection urinaire remède rapide,3,1,63,final
2026-01-21,pranarom,fra,infection urinaire remède rapide,2.9,2,54,final
2026-01-22,pranarom,fra,infection urinaire remède rapide,4.4,0,56,final
2026-01-23,pranarom,fra,infection urinaire remède rapide,4.0,0,47,final
2026-01-24,pranarom,fra,infection urinaire remède rapide,3.5,1,61,final
2026-01-25,pranarom,fra,infection urinaire remède rapide,3.2,1,43,final
2026-01-26,pranarom,fra,infection urinaire remède rapide,2.9,2,66,final
2026-01-27,pranarom,fra,infection urinaire remède rapide,3.6,4,63,final
2026-01-28,pranarom,fra,infection urinaire remède rapide,2.8,2,63,final
2026-01-29,pranarom,fra,infection urinaire remède rapide,3.3,0,62,final
2026-01-30,pranarom,fra,infection urinaire remède rapide,3.9,1,61,final
2026-01-31,pranarom,fra,infection urinaire remède rapide,4.8,0,65,final
2026-02-01,pranarom,fra,infection urinaire remède rapide,4.1,1,67,final
2026-02-02,pranarom,fra,infection urinaire remède rapide,4,0,70,final
2026-02-03,pranarom,fra,infection urinaire remède rapide,4.9,1,52,final
2026-02-04,pranarom,fra,infection urinaire remède rapide,6,0,52,final
2026-02-05,pranarom,fra,infection urinaire remède rapide,6.1,0,48,final
2026-02-06,pranarom,fra,infection urinaire remède rapide,5.4,2,60,final
2026-02-07,pranarom,fra,infection urinaire remède rapide,4.6,0,61,final
2026-02-08,pranarom,fra,infection urinaire remède rapide,4.7,0,63,final
2026-02-09,pranarom,fra,infection urinaire remède rapide,4.4,0,62,final
2026-02-10,pranarom,fra,infection urinaire remède rapide,4.4,0,63,final
2026-02-11,pranarom,fra,infection urinaire remède rapide,5.7,0,49,final
2026-02-12,pranarom,fra,infection urinaire remède rapide,4.3,0,53,final
2026-02-13,pranarom,fra,infection urinaire remède rapide,4.1,0,61,final
2026-02-14,pranarom,fra,infection urinaire remède rapide,3.6,2,48,final
2026-02-15,pranarom,fra,infection urinaire remède rapide,4.0,0,57,final
2026-02-16,pranarom,fra,infection urinaire remède rapide,3.3,3,69,final
2026-02-17,pranarom,fra,infection urinaire remède rapide,3.1,1,43,final
2026-02-18,pranarom,fra,infection urinaire remède rapide,3.3,3,64,final
2026-02-19,pranarom,fra,infection urinaire remède rapide,3.4,2,51,final
2026-02-20,pranarom,fra,infection urinaire remède rapide,3.4,2,64,final
2026-02-21,pranarom,fra,infection urinaire remède rapide,5.0,1,63,final
2026-02-22,pranarom,fra,infection urinaire remède rapide,4.4,0,64,final
2026-02-23,pranarom,fra,infection urinaire remède rapide,4.9,0,66,final
2026-02-24,pranarom,fra,infection urinaire remède rapide,5.5,1,61,final
2026-02-25,pranarom,fra,infection urinaire remède rapide,3.9,1,52,final
2026-02-26,pranarom,fra,infection urinaire remède rapide,3.9,2,57,final
2026-02-27,pranarom,fra,infection urinaire remède rapide,3.2,3,50,final
2026-02-28,pranarom,fra,infection urinaire remède rapide,2.9,2,63,final
2026-03-01,pranarom,fra,infection urinaire remède rapide,3.7,1,56,final
2026-03-02,pranarom,fra,infection urinaire remède rapide,3.4,1,56,final
2026-03-03,pranarom,fra,infection urinaire remède rapide,3.2,0,63,final
2026-03-04,pranarom,fra,infection urinaire remède rapide,3.0,2,54,final
2026-03-05,pranarom,fra,infection urinaire remède rapide,2.5,6,64,final
2026-03-06,pranarom,fra,infection urinaire remède rapide,2.8,0,68,final
2026-03-07,pranarom,fra,infection urinaire remède rapide,2,2,67,final
2026-03-08,pranarom,fra,infection urinaire remède rapide,3.1,1,52,final
2026-03-09,pranarom,fra,infection urinaire remède rapide,2.5,3,67,final
2026-03-10,pranarom,fra,infection urinaire remède rapide,2.5,0,73,final
2026-03-11,pranarom,fra,infection urinaire remède rapide,2.7,4,65,final
2026-03-12,pranarom,fra,infection urinaire remède rapide,3.1,2,75,final
2026-03-13,pranarom,fra,infection urinaire remède rapide,2.2,1,59,final
2026-03-14,pranarom,fra,infection urinaire remède rapide,3,2,75,final
2026-03-15,pranarom,fra,infection urinaire remède rapide,2.8,2,56,final
2026-03-16,pranarom,fra,infection urinaire remède rapide,3,1,82,final
2026-03-17,pranarom,fra,infection urinaire remède rapide,3.0,0,61,final
2026-03-18,pranarom,fra,infection urinaire remède rapide,3.7,1,77,final
2026-03-19,pranarom,fra,infection urinaire remède rapide,3.9,1,56,final
2026-03-20,pranarom,fra,infection urinaire remède rapide,4.2,1,48,final
2026-03-21,pranarom,fra,infection urinaire remède rapide,4.0,2,59,final
2026-03-22,pranarom,fra,infection urinaire remède rapide,4.1,1,66,final
2026-03-23,pranarom,fra,infection urinaire remède rapide,3.8,2,56,final
2026-03-24,pranarom,fra,infection urinaire remède rapide,3.6,1,46,final
2026-03-25,pranarom,fra,infection urinaire remède rapide,3.2,2,73,final
2026-03-26,pranarom,fra,infection urinaire remède rapide,2.8,4,66,final
2026-03-27,pranarom,fra,infection urinaire remède rapide,3,2,62,final
2026-03-28,pranarom,fra,infection urinaire remède rapide,3.4,2,82,final
2026-03-29,pranarom,fra,infection urinaire remède rapide,3.3,2,52,final
2026-03-30,pranarom,fra,infection urinaire remède rapide,2.9,2,58,final
2026-03-31,pranarom,fra,infection urinaire remède rapide,2.9,2,75,final
2026-04-01,pranarom,fra,infection urinaire remède rapide,3.0,4,70,final
2026-04-02,pranarom,fra,infection urinaire remède rapide,2.8,1,83,final
2026-04-03,pranarom,fra,infection urinaire remède rapide,2.9,1,85,final
2026-04-04,pranarom,fra,infection urinaire remède rapide,2.8,0,63,final
2026-04-05,pranarom,fra,infection urinaire remède rapide,2.9,2,78,final
2026-04-06,pranarom,fra,infection urinaire remède rapide,2.7,0,94,final
2026-04-07,pranarom,fra,infection urinaire remède rapide,2.9,4,61,final
2026-04-08,pranarom,fra,infection urinaire remède rapide,2.9,0,63,final
2026-04-09,pranarom,fra,infection urinaire remède rapide,2.9,3,60,final
2026-04-10,pranarom,fra,infection urinaire remède rapide,2.8,5,86,final
2026-04-11,pranarom,fra,infection urinaire remède rapide,3.4,2,68,final
2026-04-12,pranarom,fra,infection urinaire remède rapide,4.0,2,83,final
2026-04-13,pranarom,fra,infection urinaire remède rapide,3.6,0,52,final
2026-04-14,pranarom,fra,infection urinaire remède rapide,2.9,3,60,final
2026-04-15,pranarom,fra,infection urinaire remède rapide,3.2,0,62,final
2026-04-16,pranarom,fra,infection urinaire remède rapide,2.9,3,61,final
2026-04-17,pranarom,fra,infection urinaire remède rapide,3,0,49,final
2026-04-18,pranarom,fra,infection urinaire remède rapide,3,3,62,final
2026-04-19,pranarom,fra,infection urinaire remède rapide,3.0,2,54,final
2026-04-20,pranarom,fra,infection urinaire remède rapide,3.0,3,59,final
2026-04-21,pranarom,fra,infection urinaire remède rapide,3.0,3,62,final
2026-04-22,pranarom,fra,infection urinaire remède rapide,3.2,2,58,final
2026-04-23,pranarom,fra,infection urinaire remède rapide,4.2,1,57,final
2026-04-24,pranarom,fra,infection urinaire remède rapide,4.2,2,63,final
2026-04-25,pranarom,fra,infection urinaire remède rapide,4.3,2,56,final
2026-04-26,pranarom,fra,infection urinaire remède rapide,4.4,0,52,final
2026-04-27,pranarom,fra,infection urinaire remède rapide,6.7,1,60,final
2026-04-28,pranarom,fra,infection urinaire remède rapide,5.1,1,57,final
2026-04-29,pranarom,fra,infection urinaire remède rapide,4.2,2,52,final
2026-04-30,pranarom,fra,infection urinaire remède rapide,4.2,0,65,final
2026-05-01,pranarom,fra,infection urinaire remède rapide,3.8,0,86,final
2026-05-02,pranarom,fra,infection urinaire remède rapide,3.9,1,65,final
2026-05-03,pranarom,fra,infection urinaire remède rapide,4.1,0,78,final
2026-05-04,pranarom,fra,infection urinaire remède rapide,4.4,2,67,final
2026-05-05,pranarom,fra,infection urinaire remède rapide,5.6,2,73,final
2026-05-06,pranarom,fra,infection urinaire remède rapide,4.0,1,66,final
2026-05-07,pranarom,fra,infection urinaire remède rapide,4.2,0,62,final
2026-05-08,pranarom,fra,infection urinaire remède rapide,4.9,1,44,final
2026-05-09,pranarom,fra,infection urinaire remède rapide,4.8,3,67,final
2026-05-10,pranarom,fra,infection urinaire remède rapide,4.8,0,74,final
2026-05-11,pranarom,fra,infection urinaire remède rapide,5.9,1,68,final
2026-05-12,pranarom,fra,infection urinaire remède rapide,5.6,3,55,final
2026-05-13,pranarom,fra,infection urinaire remède rapide,4.5,0,54,final
2026-05-14,pranarom,fra,infection urinaire remède rapide,7.6,1,62,final
2026-05-15,pranarom,fra,infection urinaire remède rapide,6.5,1,67,final
2026-05-16,pranarom,fra,infection urinaire remède rapide,5.8,0,59,final
2026-05-17,pranarom,fra,infection urinaire remède rapide,5.1,1,50,final
2026-05-18,pranarom,fra,infection urinaire remède rapide,4.8,2,79,final
2026-05-19,pranarom,fra,infection urinaire remède rapide,5.0,0,49,final
2026-05-20,pranarom,fra,infection urinaire remède rapide,5.3,1,71,final
2026-05-21,pranarom,fra,infection urinaire remède rapide,5.1,0,65,final
2026-05-22,pranarom,fra,infection urinaire remède rapide,5.2,0,58,final
2026-05-23,pranarom,fra,infection urinaire remède rapide,5.2,0,42,final
2026-05-24,pranarom,fra,infection urinaire remède rapide,5.2,2,72,final
2026-05-25,pranarom,fra,infection urinaire remède rapide,5.3,0,66,final
2026-05-26,pranarom,fra,infection urinaire remède rapide,6.1,1,62,final
2026-05-27,pranarom,fra,infection urinaire remède rapide,5.4,0,56,final
2026-05-28,pranarom,fra,infection urinaire remède rapide,5.9,1,57,final
2026-05-29,pranarom,fra,infection urinaire remède rapide,4.6,0,50,final
2026-05-30,pranarom,fra,infection urinaire remède rapide,4.5,1,68,final
2026-05-31,pranarom,fra,infection urinaire remède rapide,6.1,1,47,final
2026-06-01,pranarom,fra,infection urinaire remède rapide,5.3,3,58,final
2026-06-02,pranarom,fra,infection urinaire remède rapide,4.5,1,66,final
2026-06-03,pranarom,fra,infection urinaire remède rapide,4.1,1,79,final
2026-06-04,pranarom,fra,infection urinaire remède rapide,4.1,1,58,final
2026-06-05,pranarom,fra,infection urinaire remède rapide,4.1,2,54,final
2026-06-06,pranarom,fra,infection urinaire remède rapide,4.7,1,54,final
2026-06-07,pranarom,fra,infection urinaire remède rapide,4.0,1,57,final
2026-06-08,pranarom,fra,infection urinaire remède rapide,4.1,2,78,final
2026-06-09,pranarom,fra,infection urinaire remède rapide,4.0,3,73,final
2026-06-10,pranarom,fra,infection urinaire remède rapide,4.0,1,64,final
2026-06-11,pranarom,fra,infection urinaire remède rapide,4.6,1,20,final
2026-06-12,pranarom,fra,infection urinaire remède rapide,4.1,0,49,final
2026-06-13,pranarom,fra,infection urinaire remède rapide,4.1,1,54,final
2026-06-14,pranarom,fra,infection urinaire remède rapide,4.2,1,71,final
2026-06-15,pranarom,fra,infection urinaire remède rapide,4.2,2,60,final
2026-06-16,pranarom,fra,infection urinaire remède rapide,2.8,2,50,final
2026-06-17,pranarom,fra,infection urinaire remède rapide,2.1,3,58,final
2026-06-18,pranarom,fra,infection urinaire remède rapide,4.1,0,61,final
2026-06-19,pranarom,fra,infection urinaire remède rapide,4.4,1,52,final
2026-06-20,pranarom,fra,infection urinaire remède rapide,4.6,0,36,final
2026-06-21,pranarom,fra,infection urinaire remède rapide,4.8,1,67,final
2026-06-22,pranarom,fra,infection urinaire remède rapide,4.5,1,50,final
2026-06-23,pranarom,fra,infection urinaire remède rapide,4.5,3,41,final
2026-06-24,pranarom,fra,infection urinaire remède rapide,4.2,1,60,final
2026-06-25,pranarom,fra,infection urinaire remède rapide,4.9,1,32,final
2026-06-26,pranarom,fra,infection urinaire remède rapide,4.8,3,50,final
2026-06-27,pranarom,fra,infection urinaire remède rapide,5.0,1,74,final
2026-06-28,pranarom,fra,infection urinaire remède rapide,4.6,3,62,final
2026-06-29,pranarom,fra,infection urinaire remède rapide,4.5,0,70,final
2026-06-30,pranarom,fra,infection urinaire remède rapide,4.7,1,59,final
2026-07-01,pranarom,fra,infection urinaire remède rapide,4.2,2,88,final
2026-07-02,pranarom,fra,infection urinaire remède rapide,4.2,0,56,final
2026-07-03,pranarom,fra,infection urinaire remède rapide,4.5,1,55,final
2026-07-04,pranarom,fra,infection urinaire remède rapide,4.3,0,73,final
2026-07-05,pranarom,fra,infection urinaire remède rapide,4.6,1,55,final
2026-07-06,pranarom,fra,infection urinaire remède rapide,4.3,2,79,final
2026-07-07,pranarom,fra,infection urinaire remède rapide,4.6,0,60,final
2026-07-08,pranarom,fra,infection urinaire remède rapide,4.9,0,62,final
2026-07-09,pranarom,fra,infection urinaire remède rapide,4.6,1,61,final
2026-07-10,pranarom,fra,infection urinaire remède rapide,3.0,0,55,final
2026-07-11,pranarom,fra,infection urinaire remède rapide,4.0,1,63,final
2026-07-12,pranarom,fra,infection urinaire remède rapide,4.2,4,75,final
2026-07-13,pranarom,fra,infection urinaire remède rapide,4.7,1,81,final
2026-07-14,pranarom,fra,infection urinaire remède rapide,4.2,2,82,final
2026-07-15,pranarom,fra,infection urinaire remède rapide,4.0,2,60,final
2026-07-16,pranarom,fra,infection urinaire remède rapide,3,5,87,final
2026-07-17,pranarom,fra,infection urinaire remède rapide,3.0,6,76,final
2026-07-18,pranarom,fra,infection urinaire remède rapide,3.3,1,74,final
2026-07-19,pranarom,fra,infection urinaire remède rapide,3.2,2,72,final
2026-07-20,pranarom,fra,infection urinaire remède rapide,2.9,3,80,final
2026-07-21,pranarom,fra,infection urinaire remède rapide,3.1,2,62,final
2026-07-22,pranarom,fra,infection urinaire remède rapide,3.1,1,57,final
2026-07-23,pranarom,fra,infection urinaire remède rapide,3.9,2,57,final
2026-07-24,pranarom,fra,infection urinaire remède rapide,3.7,3,65,final
2026-07-25,pranarom,fra,infection urinaire remède rapide,4.0,1,62,final
2026-07-26,pranarom,fra,infection urinaire remède rapide,3.9,0,86,final
2026-07-27,pranarom,fra,infection urinaire remède rapide,3.8,2,66,final
2026-07-28,pranarom,fra,infection urinaire remède rapide,3.9,2,79,final
2026-07-29,pranarom,fra,infection urinaire remède rapide,3.9,2,73,final
2026-07-30,pranarom,fra,infection urinaire remède rapide,3.8,1,64,final
2026-07-31,pranarom,fra,infection urinaire remède rapide,4.1,1,52,final
2026-08-01,pranarom,fra,infection urinaire remède rapide,3.8,1,69,final
2026-08-02,pranarom,fra,infection urinaire remède rapide,3.9,0,51,final
2026-08-03,pranarom,fra,infection urinaire remède rapide,3.8,2,49,final
2026-08-04,pranarom,fra,infection urinaire remède rapide,3.8,0,77,final
2026-08-05,pranarom,fra,infection urinaire remède rapide,3.8,0,46,final
2026-08-06,pranarom,fra,infection urinaire remède rapide,3.8,0,57,final
2026-08-07,pranarom,fra,infection urinaire remède rapide,3.9,1,64,final
2026-08-08,pranarom,fra,infection urinaire remède rapide,4.0,0,65,final
2026-08-09,pranarom,fra,infection urinaire remède rapide,3.9,3,58,final
2026-08-10,pranarom,fra,infection urinaire remède rapide,4.0,1,58,final
2026-08-11,pranarom,fra,infection urinaire remède rapide,4.1,0,67,final
2026-08-12,pranarom,fra,infection urinaire remède rapide,3.7,2,66,final
2026-08-13,pranarom,fra,infection urinaire remède rapide,3.8,1,38,final
2026-08-14,pranarom,fra,infection urinaire remède rapide,3.7,1,65,final
2026-08-15,pranarom,fra,infection urinaire remède rapide,3.7,0,72,final
2026-08-16,pranarom,fra,infection urinaire remède rapide,3.5,1,62,final
2026-08-17,pranarom,fra,infection urinaire remède rapide,3.3,6,81,final
2026-08-18,pranarom,fra,infection urinaire remède rapide,3.2,1,79,final
2026-08-19,pranarom,fra,infection urinaire remède rapide,3.7,4,70,final
2026-08-20,pranarom,fra,infection urinaire remède rapide,3.3,1,69,final
2026-08-21,pranarom,fra,infection urinaire remède rapide,3.3,1,72,final
2026-08-22,pranarom,fra,infection urinaire remède rapide,3.4,1,79,final
2026-08-23,pranarom,fra,infection urinaire remède rapide,3.3,2,65,final
2026-08-24,pranarom,fra,infection urinaire remède rapide,3.2,2,77,final
2026-08-25,pranarom,fra,infection urinaire remède rapide,3.7,2,64,final
2026-08-26,pranarom,fra,infection urinaire remède rapide,3.9,2,71,final
2026-08-27,pranarom,fra,infection urinaire remède rapide,3.6,1,71,final
2026-08-28,pranarom,fra,infection urinaire remède rapide,3.2,0,76,final
2026-08-29,pranarom,fra,infection urinaire remède rapide,3.0,0,57,final
2026-08-30,pranarom,fra,infection urinaire remède rapide,3.0,2,76,final
2026-08-31,pranarom,fra,infection urinaire remède rapide,3.2,2,53,final
2026-09-01,pranarom,fra,infection urinaire remède rapide,3.8,0,65,final
2026-09-02,pranarom,fra,infection urinaire remède rapide,3.3,1,71,final
2026-09-03,pranarom,fra,infection urinaire remède rapide,3.2,6,98,final
2026-09-04,pranarom,fra,infection urinaire remède rapide,3.3,2,67,final
2026-09-05,pranarom,fra,infection urinaire remède rapide,3.2,1,58,final
2026-09-06,pranarom,fra,infection urinaire remède rapide,3.2,3,73,final
2026-09-07,pranarom,fra,infection urinaire remède rapide,3.3,3,66,final
2026-09-08,pranarom,fra,infection urinaire remède rapide,3.7,2,47,final
2026-09-09,pranarom,fra,infection urinaire remède rapide,3.2,1,59,final
2026-09-10,pranarom,fra,infection urinaire remède rapide,3.7,0,67,final
2026-09-11,pranarom,fra,infection urinaire remède rapide,3.6,3,59,final
2026-09-12,pranarom,fra,infection urinaire remède rapide,3.2,0,51,final
2026-09-13,pranarom,fra,infection urinaire remède rapide,3.2,1,58,final
2026-09-14,pranarom,fra,infection urinaire remède rapide,2.9,1,68,final
2026-09-15,pranarom,fra,infection urinaire remède rapide,3.1,1,55,final
2026-09-16,pranarom,fra,infection urinaire remède rapide,3.1,5,72,final
2026-09-17,pranarom,fra,infection urinaire remède rapide,2.7,1,48,final
2026-09-18,pranarom,fra,infection urinaire remède rapide,3.2,3,74,final
2026-09-19,pranarom,fra,infection urinaire remède rapide,3.2,4,64,final
2026-09-20,pranarom,fra,infection urinaire remède rapide,3.2,3,59,final
2026-09-21,pranarom,fra,infection urinaire remède rapide,3.7,2,51,final
2026-09-22,pranarom,fra,infection urinaire remède rapide,3.0,2,55,final
2026-09-23,pranarom,fra,infection urinaire remède rapide,3.3,2,58,final
2026-09-24,pranarom,fra,infection urinaire remède rapide,3.2,2,58,final
2026-09-25,pranarom,fra,infection urinaire remède rapide,3.3,3,70,final
2026-09-26,pranarom,fra,infection urinaire remède rapide,2.5,1,64,final
2026-09-27,pranarom,fra,infection urinaire remède rapide,3.3,2,58,final
2026-09-28,pranarom,fra,infection urinaire remède rapide,3.1,3,65,final
2026-09-29,pranarom,fra,infection urinaire remède rapide,2.6,5,66,final
2026-09-30,pranarom,fra,infection urinaire remède rapide,2.8,4,65,final
2026-10-01,pranarom,fra,infection urinaire remède rapide,2.9,0,60,fresh
2026-10-02,pranarom,fra,infection urinaire remède rapide,2.9,3,57,fresh
2025-06-12,pranarom,fra,infection urinaire traitement,2,0,1,final
2025-06-15,pranarom,fra,infection urinaire traitement,1,0,9,final
2025-06-16,pranarom,fra,infection urinaire traitement,1,0,1,final
2025-06-19,pranarom,fra,infection urinaire traitement,2,0,1,final
2025-06-20,pranarom,fra,infection urinaire traitement,1,0,3,final
2025-06-21,pranarom,fra,infection urinaire traitement,1.1,0,13,final
2025-06-22,pranarom,fra,infection urinaire traitement,1,0,5,final
2025-06-23,pranarom,fra,infection urinaire traitement,1.1,0,12,final
2025-06-24,pranarom,fra,infection urinaire traitement,1,0,5,final
2025-06-25,pranarom,fra,infection urinaire traitement,1,0,9,final
2025-06-28,pranarom,fra,infection urinaire traitement,1,0,6,final
2025-06-29,pranarom,fra,infection urinaire traitement,1,0,2,final
2025-06-30,pranarom,fra,infection urinaire traitement,1,0,5,final
2025-07-01,pranarom,fra,infection urinaire traitement,1,0,2,final
2025-07-07,pranarom,fra,infection urinaire traitement,2,1,2,final
2025-07-08,pranarom,fra,infection urinaire traitement,2,0,3,final
2025-07-09,pranarom,fra,infection urinaire traitement,2,0,3,final
2025-07-10,pranarom,fra,infection urinaire traitement,2,0,1,final
2025-07-12,pranarom,fra,infection urinaire traitement,2,0,1,final
2025-07-13,pranarom,fra,infection urinaire traitement,2,0,3,final
2025-07-14,pranarom,fra,infection urinaire traitement,2,0,3,final
2025-07-15,pranarom,fra,infection urinaire traitement,2,0,6,final
2025-07-16,pranarom,fra,infection urinaire traitement,2,0,1,final
2025-07-17,pranarom,fra,infection urinaire traitement,2,0,3,final
2025-07-19,pranarom,fra,infection urinaire traitement,2.6,0,7,final
2025-07-20,pranarom,fra,infection urinaire traitement,1.8,0,6,final
2025-07-21,pranarom,fra,infection urinaire traitement,2,0,5,final
2025-07-22,pranarom,fra,infection urinaire traitement,8.3,0,13,final
2025-07-23,pranarom,fra,infection urinaire traitement,1.3,0,14,final
2025-07-25,pranarom,fra,infection urinaire traitement,1.2,0,6,final
2025-07-27,pranarom,fra,infection urinaire traitement,1.8,1,4,final
2025-07-28,pranarom,fra,infection urinaire traitement,1,0,5,final
2025-07-29,pranarom,fra,infection urinaire traitement,1,0,2,final
2025-07-30,pranarom,fra,infection urinaire traitement,1,0,5,final
2025-07-31,pranarom,fra,infection urinaire traitement,5.8,0,4,final
2025-08-01,pranarom,fra,infection urinaire traitement,4,0,3,final
2025-08-02,pranarom,fra,infection urinaire traitement,2.5,0,11,final
2025-08-03,pranarom,fra,infection urinaire traitement,3,0,5,final
2025-08-04,pranarom,fra,infection urinaire traitement,4,0,8,final
2025-08-05,pranarom,fra,infection urinaire traitement,1.3,0,10,final
2025-08-06,pranarom,fra,infection urinaire traitement,12.3,0,7,final
2025-08-07,pranarom,fra,infection urinaire traitement,10.2,1,94,final
2025-08-08,pranarom,fra,infection urinaire traitement,10.4,1,259,final
2025-08-09,pranarom,fra,infection urinaire traitement,9.5,0,290,final
2025-08-10,pranarom,fra,infection urinaire traitement,9.9,0,305,final
2025-08-11,pranarom,fra,infection urinaire traitement,9.8,0,282,final
2025-08-12,pranarom,fra,infection urinaire traitement,10.1,1,268,final
2025-08-13,pranarom,fra,infection urinaire traitement,8.4,1,318,final
2025-08-14,pranarom,fra,infection urinaire traitement,8.8,2,327,final
2025-08-15,pranarom,fra,infection urinaire traitement,8.8,4,322,final
2025-08-16,pranarom,fra,infection urinaire traitement,8.8,7,317,final
2025-08-17,pranarom,fra,infection urinaire traitement,8.9,3,309,final
2025-08-18,pranarom,fra,infection urinaire traitement,8.1,0,386,final
2025-08-19,pranarom,fra,infection urinaire traitement,7.9,6,335,final
2025-08-20,pranarom,fra,infection urinaire traitement,7.9,3,283,final
2025-08-21,pranarom,fra,infection urinaire traitement,7.8,3,336,final
2025-08-22,pranarom,fra,infection urinaire traitement,7.3,6,345,final
2025-08-23,pranarom,fra,infection urinaire traitement,8.7,2,296,final
2025-08-24,pranarom,fra,infection urinaire traitement,8.8,1,253,final
2025-08-25,pranarom,fra,infection urinaire traitement,1.2,0,15,final
2025-08-26,pranarom,fra,infection urinaire traitement,7.0,3,341,final
2025-08-27,pranarom,fra,infection urinaire traitement,6.7,1,430,final
2025-08-28,pranarom,fra,infection urinaire traitement,6.8,5,377,final
2025-08-29,pranarom,fra,infection urinaire traitement,7.1,3,366,final
2025-08-30,pranarom,fra,infection urinaire traitement,7.0,4,301,final
2025-08-31,pranarom,fra,infection urinaire traitement,7.2,2,371,final
2025-09-01,pranarom,fra,infection urinaire traitement,6.9,3,302,final
2025-09-02,pranarom,fra,infection urinaire traitement,6.7,5,303,final
2025-09-03,pranarom,fra,infection urinaire traitement,6.3,3,201,final
2025-09-04,pranarom,fra,infection urinaire traitement,5.7,12,343,final
2025-09-05,pranarom,fra,infection urinaire traitement,7.6,3,309,final
2025-09-06,pranarom,fra,infection urinaire traitement,8.0,2,300,final
2025-09-07,pranarom,fra,infection urinaire traitement,7.4,5,319,final
2025-09-08,pranarom,fra,infection urinaire traitement,8.2,3,399,final
2025-09-09,pranarom,fra,infection urinaire traitement,8.7,2,301,final
2025-09-10,pranarom,fra,infection urinaire traitement,9.6,1,290,final
2025-09-11,pranarom,fra,infection urinaire traitement,6.6,1,359,final
2025-09-12,pranarom,fra,infection urinaire traitement,5.7,4,322,final
2025-09-13,pranarom,fra,infection urinaire traitement,6.0,5,306,final
2025-09-14,pranarom,fra,infection urinaire traitement,6.4,6,359,final
2025-09-15,pranarom,fra,infection urinaire traitement,5.8,3,371,final
2025-09-16,pranarom,fra,infection urinaire traitement,6.3,6,354,final
2025-09-17,pranarom,fra,infection urinaire traitement,6.2,5,350,final
2025-09-18,pranarom,fra,infection urinaire traitement,6.7,4,342,final
2025-09-19,pranarom,fra,infection urinaire traitement,6.8,3,346,final
2025-09-20,pranarom,fra,infection urinaire traitement,7.2,1,324,final
2025-09-21,pranarom,fra,infection urinaire traitement,7.0,2,264,final
2025-09-22,pranarom,fra,infection urinaire traitement,7.3,8,417,final
2025-09-23,pranarom,fra,infection urinaire traitement,7.2,7,395,final
2025-09-24,pranarom,fra,infection urinaire traitement,7.2,7,367,final
2025-09-25,pranarom,fra,infection urinaire traitement,7.4,6,360,final
2025-09-26,pranarom,fra,infection urinaire traitement,7.9,6,343,final
2025-09-27,pranarom,fra,infection urinaire traitement,7.7,3,281,final
2025-09-28,pranarom,fra,infection urinaire traitement,7.6,2,284,final
2025-09-29,pranarom,fra,infection urinaire traitement,8.0,4,345,final
2025-09-30,pranarom,fra,infection urinaire traitement,9,1,339,final
2025-10-01,pranarom,fra,infection urinaire traitement,7.1,1,309,final
2025-10-02,pranarom,fra,infection urinaire traitement,7.6,1,345,final
2025-10-03,pranarom,fra,infection urinaire traitement,8.2,0,334,final
2025-10-04,pranarom,fra,infection urinaire traitement,8.8,5,268,final
2025-10-05,pranarom,fra,infection urinaire traitement,8.8,2,242,final
2025-10-06,pranarom,fra,infection urinaire traitement,9.0,5,353,final
2025-10-07,pranarom,fra,infection urinaire traitement,8.7,4,308,final
2025-10-08,pranarom,fra,infection urinaire traitement,8.2,2,316,final
2025-10-09,pranarom,fra,infection urinaire traitement,8.5,3,323,final
2025-10-10,pranarom,fra,infection urinaire traitement,8.0,1,312,final
2025-10-11,pranarom,fra,infection urinaire traitement,8.3,1,262,final
2025-10-12,pranarom,fra,infection urinaire traitement,8.0,4,316,final
2025-10-13,pranarom,fra,infection urinaire traitement,8.0,6,317,final
2025-10-14,pranarom,fra,infection urinaire traitement,8.0,6,316,final
2025-10-15,pranarom,fra,infection urinaire traitement,7.6,2,314,final
2025-10-16,pranarom,fra,infection urinaire traitement,7.7,3,309,final
2025-10-17,pranarom,fra,infection urinaire traitement,7.9,3,320,final
2025-10-18,pranarom,fra,infection urinaire traitement,7.8,2,268,final
2025-10-19,pranarom,fra,infection urinaire traitement,7.9,4,303,final
2025-10-20,pranarom,fra,infection urinaire traitement,8.3,2,347,final
2025-10-21,pranarom,fra,infection urinaire traitement,8.4,5,353,final
2025-10-22,pranarom,fra,infection urinaire traitement,7.6,13,374,final
2025-10-23,pranarom,fra,infection urinaire traitement,8.7,2,335,final
2025-10-24,pranarom,fra,infection urinaire traitement,9.0,4,345,final
2025-10-25,pranarom,fra,infection urinaire traitement,8.9,3,323,final
2025-10-26,pranarom,fra,infection urinaire traitement,9.0,2,315,final
2025-10-27,pranarom,fra,infection urinaire traitement,9.3,2,345,final
2025-10-28,pranarom,fra,infection urinaire traitement,9.1,3,362,final
2025-10-29,pranarom,fra,infection urinaire traitement,8.7,3,332,final
2025-10-30,pranarom,fra,infection urinaire traitement,8.3,4,332,final
2025-10-31,pranarom,fra,infection urinaire traitement,7.5,1,289,final
2025-11-01,pranarom,fra,infection urinaire traitement,7.4,7,338,final
2025-11-02,pranarom,fra,infection urinaire traitement,7.3,4,381,final
2025-11-03,pranarom,fra,infection urinaire traitement,7.2,6,431,final
2025-11-04,pranarom,fra,infection urinaire traitement,7.4,3,368,final
2025-11-05,pranarom,fra,infection urinaire traitement,6.4,5,330,final
2025-11-06,pranarom,fra,infection urinaire traitement,8.0,5,370,final
2025-11-07,pranarom,fra,infection urinaire traitement,8.0,3,317,final
2025-11-08,pranarom,fra,infection urinaire traitement,8.1,3,316,final
2025-11-09,pranarom,fra,infection urinaire traitement,8.3,3,378,final
2025-11-10,pranarom,fra,infection urinaire traitement,8.8,2,357,final
2025-11-11,pranarom,fra,infection urinaire traitement,7.8,5,346,final
2025-11-12,pranarom,fra,infection urinaire traitement,8.3,4,407,final
2025-11-13,pranarom,fra,infection urinaire traitement,7.8,2,391,final
2025-11-14,pranarom,fra,infection urinaire traitement,7.5,5,378,final
2025-11-15,pranarom,fra,infection urinaire traitement,7.2,7,336,final
2025-11-16,pranarom,fra,infection urinaire traitement,7.3,2,274,final
2025-11-17,pranarom,fra,infection urinaire traitement,7.6,8,362,final
2025-11-18,pranarom,fra,infection urinaire traitement,7.8,5,340,final
2025-11-19,pranarom,fra,infection urinaire traitement,8.5,2,365,final
2025-11-20,pranarom,fra,infection urinaire traitement,8.9,2,324,final
2025-11-21,pranarom,fra,infection urinaire traitement,8.8,2,277,final
2025-11-22,pranarom,fra,infection urinaire traitement,8.4,1,283,final
2025-11-23,pranarom,fra,infection urinaire traitement,7.9,4,293,final
2025-11-24,pranarom,fra,infection urinaire traitement,8.8,0,371,final
2025-11-25,pranarom,fra,infection urinaire traitement,8.7,9,316,final
2025-11-26,pranarom,fra,infection urinaire traitement,8.5,2,306,final
2025-11-27,pranarom,fra,infection urinaire traitement,8.4,3,323,final
2025-11-28,pranarom,fra,infection urinaire traitement,8.4,2,334,final
2025-11-29,pranarom,fra,infection urinaire traitement,8.8,2,308,final
2025-11-30,pranarom,fra,infection urinaire traitement,8.4,4,299,final
2025-12-01,pranarom,fra,infection urinaire traitement,8.4,3,428,final
2025-12-02,pranarom,fra,infection urinaire traitement,8.9,1,325,final
2025-12-03,pranarom,fra,infection urinaire traitement,8.5,7,392,final
2025-12-04,pranarom,fra,infection urinaire traitement,9.3,1,245,final
2025-12-05,pranarom,fra,infection urinaire traitement,8.9,4,312,final
2025-12-06,pranarom,fra,infection urinaire traitement,9.2,5,274,final
2025-12-07,pranarom,fra,infection urinaire traitement,8.3,6,276,final
2025-12-08,pranarom,fra,infection urinaire traitement,8.6,6,367,final
2025-12-09,pranarom,fra,infection urinaire traitement,9.1,4,391,final
2025-12-10,pranarom,fra,infection urinaire traitement,8.5,4,368,final
2025-12-11,pranarom,fra,infection urinaire traitement,8.6,8,378,final
2025-12-12,pranarom,fra,infection urinaire traitement,6.6,5,330,final
2025-12-13,pranarom,fra,infection urinaire traitement,8.1,5,296,final
2025-12-14,pranarom,fra,infection urinaire traitement,7.2,4,325,final
2025-12-15,pranarom,fra,infection urinaire traitement,7.3,8,333,final
2025-12-16,pranarom,fra,infection urinaire traitement,8.4,3,408,final
2025-12-17,pranarom,fra,infection urinaire traitement,7.9,3,322,final
2025-12-18,pranarom,fra,infection urinaire traitement,7.1,7,346,final
2025-12-19,pranarom,fra,infection urinaire traitement,7.2,4,312,final
2025-12-20,pranarom,fra,infection urinaire traitement,7.1,6,342,final
2025-12-21,pranarom,fra,infection urinaire traitement,7.3,5,355,final
2025-12-22,pranarom,fra,infection urinaire traitement,7.6,6,414,final
2025-12-23,pranarom,fra,infection urinaire traitement,8.1,5,360,final
2025-12-24,pranarom,fra,infection urinaire traitement,8.3,0,276,final
2025-12-25,pranarom,fra,infection urinaire traitement,7.0,3,240,final
2025-12-26,pranarom,fra,infection urinaire traitement,7.4,1,318,final
2025-12-27,pranarom,fra,infection urinaire traitement,7.1,2,326,final
2025-12-28,pranarom,fra,infection urinaire traitement,7.0,7,302,final
2025-12-29,pranarom,fra,infection urinaire traitement,7.4,5,336,final
2025-12-30,pranarom,fra,infection urinaire traitement,6.9,7,346,final
2025-12-31,pranarom,fra,infection urinaire traitement,5.9,7,248,final
2026-01-01,pranarom,fra,infection urinaire traitement,5.6,8,281,final
2026-01-02,pranarom,fra,infection urinaire traitement,5.6,9,370,final
2026-01-03,pranarom,fra,infection urinaire traitement,8.0,6,371,final
2026-01-04,pranarom,fra,infection urinaire traitement,8.2,8,421,final
2026-01-05,pranarom,fra,infection urinaire traitement,8.5,2,363,final
2026-01-06,pranarom,fra,infection urinaire traitement,8.1,3,328,final
2026-01-07,pranarom,fra,infection urinaire traitement,5.4,8,330,final
2026-01-08,pranarom,fra,infection urinaire traitement,5.1,7,380,final
2026-01-09,pranarom,fra,infection urinaire traitement,5.4,3,308,final
2026-01-10,pranarom,fra,infection urinaire traitement,6.5,9,313,final
2026-01-11,pranarom,fra,infection urinaire traitement,5.3,3,258,final
2026-01-12,pranarom,fra,infection urinaire traitement,5.2,9,378,final
2026-01-13,pranarom,fra,infection urinaire traitement,6.8,4,315,final
2026-01-14,pranarom,fra,infection urinaire traitement,7.7,2,373,final
2026-01-15,pranarom,fra,infection urinaire traitement,5.3,3,317,final
2026-01-16,pranarom,fra,infection urinaire traitement,5.4,7,346,final
2026-01-17,pranarom,fra,infection urinaire traitement,5.2,5,279,final
2026-01-18,pranarom,fra,infection urinaire traitement,5.3,6,325,final
2026-01-19,pranarom,fra,infection urinaire traitement,5.3,11,374,final
2026-01-20,pranarom,fra,infection urinaire traitement,4.9,10,324,final
2026-01-21,pranarom,fra,infection urinaire traitement,4.4,12,346,final
2026-01-22,pranarom,fra,infection urinaire traitement,4.9,7,297,final
2026-01-23,pranarom,fra,infection urinaire traitement,5.1,3,297,final
2026-01-24,pranarom,fra,infection urinaire traitement,4.9,11,296,final
2026-01-25,pranarom,fra,infection urinaire traitement,4.7,9,309,final
2026-01-26,pranarom,fra,infection urinaire traitement,4.9,10,355,final
2026-01-27,pranarom,fra,infection urinaire traitement,4.8,8,340,final
2026-01-28,pranarom,fra,infection urinaire traitement,4.8,13,310,final
2026-01-29,pranarom,fra,infection urinaire traitement,5.1,8,307,final
2026-01-30,pranarom,fra,infection urinaire traitement,5.8,6,281,final
2026-01-31,pranarom,fra,infection urinaire traitement,6.6,6,272,final
2026-02-01,pranarom,fra,infection urinaire traitement,5.8,4,269,final
2026-02-02,pranarom,fra,infection urinaire traitement,5.9,6,335,final
2026-02-03,pranarom,fra,infection urinaire traitement,5.2,4,266,final
2026-02-04,pranarom,fra,infection urinaire traitement,5.3,5,278,final
2026-02-05,pranarom,fra,infection urinaire traitement,5.4,5,301,final
2026-02-06,pranarom,fra,infection urinaire traitement,5.0,5,276,final
2026-02-07,pranarom,fra,infection urinaire traitement,4.2,10,330,final
2026-02-08,pranarom,fra,infection urinaire traitement,5.0,14,296,final
2026-02-09,pranarom,fra,infection urinaire traitement,4.0,11,329,final
2026-02-10,pranarom,fra,infection urinaire traitement,4.3,8,311,final
2026-02-11,pranarom,fra,infection urinaire traitement,4.6,9,282,final
2026-02-12,pranarom,fra,infection urinaire traitement,4.5,4,318,final
2026-02-13,pranarom,fra,infection urinaire traitement,4.5,6,302,final
2026-02-14,pranarom,fra,infection urinaire traitement,4.1,6,283,final
2026-02-15,pranarom,fra,infection urinaire traitement,3.9,8,236,final
2026-02-16,pranarom,fra,infection urinaire traitement,4.3,10,245,final
2026-02-17,pranarom,fra,infection urinaire traitement,4.1,8,329,final
2026-02-18,pranarom,fra,infection urinaire traitement,4.1,9,333,final
2026-02-19,pranarom,fra,infection urinaire traitement,4.3,8,305,final
2026-02-20,pranarom,fra,infection urinaire traitement,4.3,10,235,final
2026-02-21,pranarom,fra,infection urinaire traitement,3.9,9,274,final
2026-02-22,pranarom,fra,infection urinaire traitement,8.1,1,86,final
2026-02-23,pranarom,fra,infection urinaire traitement,4.1,6,359,final
2026-02-24,pranarom,fra,infection urinaire traitement,4.3,9,310,final
2026-02-25,pranarom,fra,infection urinaire traitement,3.9,8,224,final
2026-02-26,pranarom,fra,infection urinaire traitement,7.8,0,36,final
2026-02-27,pranarom,fra,infection urinaire traitement,4.2,11,256,final
2026-02-28,pranarom,fra,infection urinaire traitement,4.6,2,126,final
2026-03-01,pranarom,fra,infection urinaire traitement,4.3,9,275,final
2026-03-02,pranarom,fra,infection urinaire traitement,3.9,13,307,final
2026-03-03,pranarom,fra,infection urinaire traitement,4.8,3,102,final
2026-03-04,pranarom,fra,infection urinaire traitement,8.9,1,55,final
2026-03-05,pranarom,fra,infection urinaire traitement,7.3,2,175,final
2026-03-06,pranarom,fra,infection urinaire traitement,5.5,5,149,final
2026-03-07,pranarom,fra,infection urinaire traitement,5.8,2,146,final
2026-03-08,pranarom,fra,infection urinaire traitement,6.1,6,140,final
2026-03-09,pranarom,fra,infection urinaire traitement,5.3,2,189,final
2026-03-10,pranarom,fra,infection urinaire traitement,4.7,1,27,final
2026-03-11,pranarom,fra,infection urinaire traitement,5.8,1,211,final
2026-03-12,pranarom,fra,infection urinaire traitement,6.9,2,259,final
2026-03-13,pranarom,fra,infection urinaire traitement,8.2,2,121,final
2026-03-14,pranarom,fra,infection urinaire traitement,19.8,0,17,final
2026-03-15,pranarom,fra,infection urinaire traitement,8.6,1,84,final
2026-03-16,pranarom,fra,infection urinaire traitement,20.8,0,4,final
2026-03-17,pranarom,fra,infection urinaire traitement,3.8,0,39,final
2026-03-18,pranarom,fra,infection urinaire traitement,8.0,3,300,final
2026-03-19,pranarom,fra,infection urinaire traitement,8.2,5,285,final
2026-03-20,pranarom,fra,infection urinaire traitement,8.1,2,248,final
2026-03-21,pranarom,fra,infection urinaire traitement,8.4,1,298,final
2026-03-22,pranarom,fra,infection urinaire traitement,8.5,2,259,final
2026-03-23,pranarom,fra,infection urinaire traitement,7.8,1,290,final
2026-03-24,pranarom,fra,infection urinaire traitement,7.9,1,312,final
2026-03-25,pranarom,fra,infection urinaire traitement,7.7,2,316,final
2026-03-26,pranarom,fra,infection urinaire traitement,8.5,2,314,final
2026-03-27,pranarom,fra,infection urinaire traitement,8.5,2,347,final
2026-03-28,pranarom,fra,infection urinaire traitement,7.9,1,259,final
2026-03-29,pranarom,fra,infection urinaire traitement,8.0,3,278,final
2026-03-30,pranarom,fra,infection urinaire traitement,7.0,6,318,final
2026-03-31,pranarom,fra,infection urinaire traitement,7.3,6,336,final
2026-04-01,pranarom,fra,infection urinaire traitement,7.2,3,315,final
2026-04-02,pranarom,fra,infection urinaire traitement,7.7,1,305,final
2026-04-03,pranarom,fra,infection urinaire traitement,7.5,3,279,final
2026-04-04,pranarom,fra,infection urinaire traitement,7.9,0,231,final
2026-04-05,pranarom,fra,infection urinaire traitement,7.0,0,241,final
2026-04-06,pranarom,fra,infection urinaire traitement,7.4,2,320,final
2026-04-07,pranarom,fra,infection urinaire traitement,7.3,3,346,final
2026-04-08,pranarom,fra,infection urinaire traitement,8.0,6,294,final
2026-04-09,pranarom,fra,infection urinaire traitement,7.5,2,276,final
2026-04-10,pranarom,fra,infection urinaire traitement,7.1,5,310,final
2026-04-11,pranarom,fra,infection urinaire traitement,7.0,6,245,final
2026-04-12,pranarom,fra,infection urinaire traitement,7.2,3,250,final
2026-04-13,pranarom,fra,infection urinaire traitement,6.9,7,371,final
2026-04-14,pranarom,fra,infection urinaire traitement,7.1,4,284,final
2026-04-15,pranarom,fra,infection urinaire traitement,10.0,4,313,final
2026-04-16,pranarom,fra,infection urinaire traitement,8.3,2,333,final
2026-04-17,pranarom,fra,infection urinaire traitement,9.6,4,300,final
2026-04-18,pranarom,fra,infection urinaire traitement,10.1,1,245,final
2026-04-19,pranarom,fra,infection urinaire traitement,10.2,1,177,final
2026-04-20,pranarom,fra,infection urinaire traitement,9.6,3,340,final
2026-04-21,pranarom,fra,infection urinaire traitement,9.9,0,271,final
2026-04-22,pranarom,fra,infection urinaire traitement,9.4,3,276,final
2026-04-23,pranarom,fra,infection urinaire traitement,9.7,2,170,final
2026-04-24,pranarom,fra,infection urinaire traitement,10,2,188,final
2026-04-25,pranarom,fra,infection urinaire traitement,10.4,4,190,final
2026-04-26,pranarom,fra,infection urinaire traitement,10.5,2,189,final
2026-04-27,pranarom,fra,infection urinaire traitement,9.7,1,175,final
2026-04-28,pranarom,fra,infection urinaire traitement,9.6,1,149,final
2026-04-29,pranarom,fra,infection urinaire traitement,10.1,4,167,final
2026-04-30,pranarom,fra,infection urinaire traitement,10.2,0,293,final
2026-05-01,pranarom,fra,infection urinaire traitement,10.1,2,269,final
2026-05-02,pranarom,fra,infection urinaire traitement,10.4,1,271,final
2026-05-03,pranarom,fra,infection urinaire traitement,10.5,3,319,final
2026-05-04,pranarom,fra,infection urinaire traitement,10.2,3,351,final
2026-05-05,pranarom,fra,infection urinaire traitement,10.1,0,340,final
2026-05-06,pranarom,fra,infection urinaire traitement,10.5,1,271,final
2026-05-07,pranarom,fra,infection urinaire traitement,10.4,0,314,final
2026-05-08,pranarom,fra,infection urinaire traitement,9.9,2,232,final
2026-05-09,pranarom,fra,infection urinaire traitement,9.5,3,260,final
2026-05-10,pranarom,fra,infection urinaire traitement,10.1,1,175,final
2026-05-11,pranarom,fra,infection urinaire traitement,10.1,5,362,final
2026-05-12,pranarom,fra,infection urinaire traitement,10.4,2,346,final
2026-05-13,pranarom,fra,infection urinaire traitement,10.5,0,330,final
2026-05-14,pranarom,fra,infection urinaire traitement,10.3,1,272,final
2026-05-15,pranarom,fra,infection urinaire traitement,9.4,3,240,final
2026-05-16,pranarom,fra,infection urinaire traitement,8.5,4,225,final
2026-05-17,pranarom,fra,infection urinaire traitement,8.6,2,292,final
2026-05-18,pranarom,fra,infection urinaire traitement,8.6,6,337,final
2026-05-19,pranarom,fra,infection urinaire traitement,8.3,4,353,final
2026-05-20,pranarom,fra,infection urinaire traitement,8.5,5,274,final
2026-05-21,pranarom,fra,infection urinaire traitement,8.9,5,249,final
2026-05-22,pranarom,fra,infection urinaire traitement,10.2,0,63,final
2026-05-23,pranarom,fra,infection urinaire traitement,10.2,2,47,final
2026-05-24,pranarom,fra,infection urinaire traitement,10.3,2,58,final
2026-05-25,pranarom,fra,infection urinaire traitement,10.0,0,22,final
2026-05-26,pranarom,fra,infection urinaire traitement,11,0,23,final
2026-05-27,pranarom,fra,infection urinaire traitement,10.6,0,44,final
2026-05-28,pranarom,fra,infection urinaire traitement,10.8,1,23,final
2026-05-29,pranarom,fra,infection urinaire traitement,10.7,1,186,final
2026-05-30,pranarom,fra,infection urinaire traitement,10.9,3,166,final
2026-05-31,pranarom,fra,infection urinaire traitement,10.7,1,238,final
2026-06-01,pranarom,fra,infection urinaire traitement,10.1,1,293,final
2026-06-02,pranarom,fra,infection urinaire traitement,8.7,2,248,final
2026-06-03,pranarom,fra,infection urinaire traitement,8.7,3,309,final
2026-06-04,pranarom,fra,infection urinaire traitement,8.9,4,326,final
2026-06-05,pranarom,fra,infection urinaire traitement,8.9,3,280,final
2026-06-06,pranarom,fra,infection urinaire traitement,9.3,0,209,final
2026-06-07,pranarom,fra,infection urinaire traitement,9.0,0,233,final
2026-06-08,pranarom,fra,infection urinaire traitement,9.1,1,292,final
2026-06-09,pranarom,fra,infection urinaire traitement,10.7,1,80,final
2026-06-10,pranarom,fra,infection urinaire traitement,10.3,5,236,final
2026-06-11,pranarom,fra,infection urinaire traitement,9.0,0,81,final
2026-06-12,pranarom,fra,infection urinaire traitement,9.5,1,256,final
2026-06-13,pranarom,fra,infection urinaire traitement,8.5,3,247,final
2026-06-14,pranarom,fra,infection urinaire traitement,8.2,5,237,final
2026-06-15,pranarom,fra,infection urinaire traitement,8.2,1,307,final
2026-06-16,pranarom,fra,infection urinaire traitement,10.0,2,140,final
2026-06-17,pranarom,fra,infection urinaire traitement,9.8,1,253,final
2026-06-18,pranarom,fra,infection urinaire traitement,9.4,0,257,final
2026-06-19,pranarom,fra,infection urinaire traitement,9.4,1,268,final
2026-06-20,pranarom,fra,infection urinaire traitement,9.3,1,226,final
2026-06-21,pranarom,fra,infection urinaire traitement,9.3,1,243,final
2026-06-22,pranarom,fra,infection urinaire traitement,9.5,2,304,final
2026-06-23,pranarom,fra,infection urinaire traitement,9.1,0,291,final
2026-06-24,pranarom,fra,infection urinaire traitement,8.8,1,240,final
2026-06-25,pranarom,fra,infection urinaire traitement,8.8,3,177,final
2026-06-26,pranarom,fra,infection urinaire traitement,7.7,1,239,final
2026-06-27,pranarom,fra,infection urinaire traitement,7.6,1,260,final
2026-06-28,pranarom,fra,infection urinaire traitement,7.7,4,269,final
2026-06-29,pranarom,fra,infection urinaire traitement,7.5,4,319,final
2026-06-30,pranarom,fra,infection urinaire traitement,7.7,3,297,final
2026-07-01,pranarom,fra,infection urinaire traitement,7.6,1,296,final
2026-07-02,pranarom,fra,infection urinaire traitement,8.2,1,275,final
2026-07-03,pranarom,fra,infection urinaire traitement,8.2,0,281,final
2026-07-04,pranarom,fra,infection urinaire traitement,8.8,0,270,final
2026-07-05,pranarom,fra,infection urinaire traitement,8.7,4,259,final
2026-07-06,pranarom,fra,infection urinaire traitement,8.7,0,291,final
2026-07-07,pranarom,fra,infection urinaire traitement,8.7,1,292,final
2026-07-08,pranarom,fra,infection urinaire traitement,7.9,2,261,final
2026-07-09,pranarom,fra,infection urinaire traitement,6.7,2,256,final
2026-07-10,pranarom,fra,infection urinaire traitement,7.2,1,263,final
2026-07-11,pranarom,fra,infection urinaire traitement,7.0,1,244,final
2026-07-12,pranarom,fra,infection urinaire traitement,6.7,2,278,final
2026-07-13,pranarom,fra,infection urinaire traitement,6.9,3,304,final
2026-07-14,pranarom,fra,infection urinaire traitement,6.5,2,298,final
2026-07-15,pranarom,fra,infection urinaire traitement,6.4,1,303,final
2026-07-16,pranarom,fra,infection urinaire traitement,6.6,1,274,final
2026-07-17,pranarom,fra,infection urinaire traitement,6.5,2,290,final
2026-07-18,pranarom,fra,infection urinaire traitement,6.4,4,284,final
2026-07-19,pranarom,fra,infection urinaire traitement,6.6,7,269,final
2026-07-20,pranarom,fra,infection urinaire traitement,6.6,1,281,final
2026-07-21,pranarom,fra,infection urinaire traitement,7.1,4,266,final
2026-07-22,pranarom,fra,infection urinaire traitement,7.2,3,294,final
2026-07-23,pranarom,fra,infection urinaire traitement,7.6,0,279,final
2026-07-24,pranarom,fra,infection urinaire traitement,7.6,3,324,final
2026-07-25,pranarom,fra,infection urinaire traitement,8.2,2,250,final
2026-07-26,pranarom,fra,infection urinaire traitement,8.0,2,258,final
2026-07-27,pranarom,fra,infection urinaire traitement,8.1,4,307,final
2026-07-28,pranarom,fra,infection urinaire traitement,7.4,3,333,final
2026-07-29,pranarom,fra,infection urinaire traitement,7.1,0,333,final
2026-07-30,pranarom,fra,infection urinaire traitement,8.0,1,295,final
2026-07-31,pranarom,fra,infection urinaire traitement,7.8,1,317,final
2026-08-01,pranarom,fra,infection urinaire traitement,8.2,1,286,final
2026-08-02,pranarom,fra,infection urinaire traitement,8.0,1,311,final
2026-08-03,pranarom,fra,infection urinaire traitement,7.8,3,320,final
2026-08-04,pranarom,fra,infection urinaire traitement,7.4,0,320,final
2026-08-05,pranarom,fra,infection urinaire traitement,7.4,5,282,final
2026-08-06,pranarom,fra,infection urinaire traitement,7.5,2,326,final
2026-08-07,pranarom,fra,infection urinaire traitement,7.2,0,326,final
2026-08-08,pranarom,fra,infection urinaire traitement,7.0,1,254,final
2026-08-09,pranarom,fra,infection urinaire traitement,7.6,4,291,final
2026-08-10,pranarom,fra,infection urinaire traitement,7.2,2,319,final
2026-08-11,pranarom,fra,infection urinaire traitement,7.0,0,295,final
2026-08-12,pranarom,fra,infection urinaire traitement,6.8,1,262,final
2026-08-13,pranarom,fra,infection urinaire traitement,6.9,2,295,final
2026-08-14,pranarom,fra,infection urinaire traitement,7.0,1,206,final
2026-08-15,pranarom,fra,infection urinaire traitement,6.9,2,243,final
2026-08-16,pranarom,fra,infection urinaire traitement,6.9,0,288,final
2026-08-17,pranarom,fra,infection urinaire traitement,6.9,3,306,final
2026-08-18,pranarom,fra,infection urinaire traitement,7.4,2,299,final
2026-08-19,pranarom,fra,infection urinaire traitement,6.8,7,290,final
2026-08-20,pranarom,fra,infection urinaire traitement,7.3,4,292,final
2026-08-21,pranarom,fra,infection urinaire traitement,6.8,2,273,final
2026-08-22,pranarom,fra,infection urinaire traitement,6.6,2,314,final
2026-08-23,pranarom,fra,infection urinaire traitement,7.9,1,290,final
2026-08-24,pranarom,fra,infection urinaire traitement,6.5,3,352,final
2026-08-25,pranarom,fra,infection urinaire traitement,6.7,1,348,final
2026-08-26,pranarom,fra,infection urinaire traitement,7.0,1,288,final
2026-08-27,pranarom,fra,infection urinaire traitement,6.1,3,320,final
2026-08-28,pranarom,fra,infection urinaire traitement,4.8,4,293,final
2026-08-29,pranarom,fra,infection urinaire traitement,7.3,3,269,final
2026-08-30,pranarom,fra,infection urinaire traitement,7.3,1,264,final
2026-08-31,pranarom,fra,infection urinaire traitement,7.4,2,252,final
2026-09-01,pranarom,fra,infection urinaire traitement,6.1,2,269,final
2026-09-02,pranarom,fra,infection urinaire traitement,7.4,1,264,final
2026-09-03,pranarom,fra,infection urinaire traitement,6.3,4,277,final
2026-09-04,pranarom,fra,infection urinaire traitement,6.2,3,280,final
2026-09-05,pranarom,fra,infection urinaire traitement,6.1,4,255,final
2026-09-06,pranarom,fra,infection urinaire traitement,5.3,1,223,final
2026-09-07,pranarom,fra,infection urinaire traitement,4.5,3,292,final
2026-09-08,pranarom,fra,infection urinaire traitement,4.4,6,332,final
2026-09-09,pranarom,fra,infection urinaire traitement,5.8,3,310,final
2026-09-10,pranarom,fra,infection urinaire traitement,4.7,2,267,final
2026-09-11,pranarom,fra,infection urinaire traitement,5.1,3,286,final
2026-09-12,pranarom,fra,infection urinaire traitement,4.9,3,233,final
2026-09-13,pranarom,fra,infection urinaire traitement,5.7,4,257,final
2026-09-14,pranarom,fra,infection urinaire traitement,3.9,6,248,final
2026-09-15,pranarom,fra,infection urinaire traitement,5.8,2,68,final
2026-09-16,pranarom,fra,infection urinaire traitement,5.9,3,251,final
2026-09-17,pranarom,fra,infection urinaire traitement,7.5,1,241,final
2026-09-18,pranarom,fra,infection urinaire traitement,4.8,0,103,final
2026-09-19,pranarom,fra,infection urinaire traitement,9.0,0,46,final
2026-09-20,pranarom,fra,infection urinaire traitement,6.3,3,229,final
2026-09-21,pranarom,fra,infection urinaire traitement,4.5,4,185,final
2026-09-22,pranarom,fra,infection urinaire traitement,7.6,3,252,final
2026-09-23,pranarom,fra,infection urinaire traitement,7.8,0,59,final
2026-09-24,pranarom,fra,infection urinaire traitement,5.4,3,48,final
2026-09-25,pranarom,fra,infection urinaire traitement,2.8,1,129,final
2026-09-26,pranarom,fra,infection urinaire traitement,8.8,0,76,final
2026-09-27,pranarom,fra,infection urinaire traitement,4.7,0,82,final
2026-09-28,pranarom,fra,infection urinaire traitement,5.0,4,76,final
2026-09-29,pranarom,fra,infection urinaire traitement,5.1,3,85,final
2026-09-30,pranarom,fra,infection urinaire traitement,9.8,1,79,final
2026-10-01,pranarom,fra,infection urinaire traitement,10.0,3,229,fresh
2026-10-02,pranarom,fra,infection urinaire traitement,7.7,0,149,fresh
2025-06-10,pranarom,fra,oleobiotic,1.0,3,35,final
2025-06-11,pranarom,fra,oleobiotic,1,4,21,final
2025-06-12,pranarom,fra,oleobiotic,1,5,27,final
2025-06-13,pranarom,fra,oleobiotic,1,3,24,final
2025-06-14,pranarom,fra,oleobiotic,1,1,22,final
2025-06-15,pranarom,fra,oleobiotic,1,0,20,final
2025-06-16,pranarom,fra,oleobiotic,1.0,7,39,final
2025-06-17,pranarom,fra,oleobiotic,1,3,20,final
2025-06-18,pranarom,fra,oleobiotic,1,0,20,final
2025-06-19,pranarom,fra,oleobiotic,1,6,30,final
2025-06-20,pranarom,fra,oleobiotic,1,5,26,final
2025-06-21,pranarom,fra,oleobiotic,1.3,5,23,final
2025-06-22,pranarom,fra,oleobiotic,1,6,13,final
2025-06-23,pranarom,fra,oleobiotic,1,5,25,final
2025-06-24,pranarom,fra,oleobiotic,1,6,25,final
2025-06-25,pranarom,fra,oleobiotic,1.0,10,48,final
2025-06-26,pranarom,fra,oleobiotic,1,7,22,final
2025-06-27,pranarom,fra,oleobiotic,1,5,21,final
2025-06-28,pranarom,fra,oleobiotic,1,0,18,final
2025-06-29,pranarom,fra,oleobiotic,1,3,14,final
2025-06-30,pranarom,fra,oleobiotic,1,1,24,final
2025-07-01,pranarom,fra,oleobiotic,1,2,26,final
2025-07-02,pranarom,fra,oleobiotic,1.0,3,22,final
2025-07-03,pranarom,fra,oleobiotic,1,2,18,final
2025-07-04,pranarom,fra,oleobiotic,1.1,1,13,final
2025-07-05,pranarom,fra,oleobiotic,1.1,5,20,final
2025-07-06,pranarom,fra,oleobiotic,1.0,2,21,final
2025-07-07,pranarom,fra,oleobiotic,1.0,4,26,final
2025-07-08,pranarom,fra,oleobiotic,1.1,4,29,final
2025-07-09,pranarom,fra,oleobiotic,1,5,22,final
2025-07-10,pranarom,fra,oleobiotic,1.0,3,22,final
2025-07-11,pranarom,fra,oleobiotic,1.0,4,29,final
2025-07-12,pranarom,fra,oleobiotic,1.0,3,21,final
2025-07-13,pranarom,fra,oleobiotic,1.2,3,15,final
2025-07-14,pranarom,fra,oleobiotic,1.0,4,21,final
2025-07-15,pranarom,fra,oleobiotic,1.0,3,29,final
2025-07-16,pranarom,fra,oleobiotic,1.1,3,17,final
2025-07-17,pranarom,fra,oleobiotic,1.1,2,29,final
2025-07-18,pranarom,fra,oleobiotic,1.3,1,26,final
2025-07-19,pranarom,fra,oleobiotic,1,2,21,final
2025-07-20,pranarom,fra,oleobiotic,1.1,2,14,final
2025-07-21,pranarom,fra,oleobiotic,1,5,34,final
2025-07-22,pranarom,fra,oleobiotic,1.1,3,34,final
2025-07-23,pranarom,fra,oleobiotic,1.0,2,34,final
2025-07-24,pranarom,fra,oleobiotic,1,6,38,final
2025-07-25,pranarom,fra,oleobiotic,1,3,32,final
2025-07-26,pranarom,fra,oleobiotic,1,1,18,final
2025-07-27,pranarom,fra,oleobiotic,1,4,28,final
2025-07-28,pranarom,fra,oleobiotic,1,6,29,final
2025-07-29,pranarom,fra,oleobiotic,1,6,27,final
2025-07-30,pranarom,fra,oleobiotic,1,5,33,final
2025-07-31,pranarom,fra,oleobiotic,1,2,22,final
2025-08-01,pranarom,fra,oleobiotic,1,5,42,final
2025-08-02,pranarom,fra,oleobiotic,1,2,20,final
2025-08-03,pranarom,fra,oleobiotic,1,2,15,final
2025-08-04,pranarom,fra,oleobiotic,1,5,39,final
2025-08-05,pranarom,fra,oleobiotic,1,6,25,final
2025-08-06,pranarom,fra,oleobiotic,1,5,27,final
2025-08-07,pranarom,fra,oleobiotic,1,1,28,final
2025-08-08,pranarom,fra,oleobiotic,1,5,32,final
2025-08-09,pranarom,fra,oleobiotic,1,5,22,final
2025-08-10,pranarom,fra,oleobiotic,1,5,22,final
2025-08-11,pranarom,fra,oleobiotic,1,3,19,final
2025-08-12,pranarom,fra,oleobiotic,1,6,25,final
2025-08-13,pranarom,fra,oleobiotic,1,0,18,final
2025-08-14,pranarom,fra,oleobiotic,1,9,32,final
2025-08-15,pranarom,fra,oleobiotic,1,2,16,final
2025-08-16,pranarom,fra,oleobiotic,1,7,30,final
2025-08-17,pranarom,fra,oleobiotic,1,1,16,final
2025-08-18,pranarom,fra,oleobiotic,1,0,20,final
2025-08-19,pranarom,fra,oleobiotic,1,5,27,final
2025-08-20,pranarom,fra,oleobiotic,1,4,24,final
2025-08-21,pranarom,fra,oleobiotic,1,2,24,final
2025-08-22,pranarom,fra,oleobiotic,1,3,23,final
2025-08-23,pranarom,fra,oleobiotic,1,3,19,final
2025-08-24,pranarom,fra,oleobiotic,1,2,14,final
2025-08-25,pranarom,fra,oleobiotic,1,2,25,final
2025-08-26,pranarom,fra,oleobiotic,1,3,30,final
2025-08-27,pranarom,fra,oleobiotic,1,6,46,final
2025-08-28,pranarom,fra,oleobiotic,1,5,26,final
2025-08-29,pranarom,fra,oleobiotic,1,4,28,final
2025-08-30,pranarom,fra,oleobiotic,1,2,22,final
2025-08-31,pranarom,fra,oleobiotic,1,6,31,final
2025-09-01,pranarom,fra,oleobiotic,1.3,7,26,final
2025-09-02,pranarom,fra,oleobiotic,1,7,37,final
2025-09-03,pranarom,fra,oleobiotic,1,2,34,final
2025-09-04,pranarom,fra,oleobiotic,1,9,23,final
2025-09-05,pranarom,fra,oleobiotic,1,3,24,final
2025-09-06,pranarom,fra,oleobiotic,1,4,35,final
2025-09-07,pranarom,fra,oleobiotic,1,3,18,final
2025-09-08,pranarom,fra,oleobiotic,1,5,37,final
2025-09-09,pranarom,fra,oleobiotic,1,3,33,final
2025-09-10,pranarom,fra,oleobiotic,1.2,4,32,final
2025-09-11,pranarom,fra,oleobiotic,1,7,46,final
2025-09-12,pranarom,fra,oleobiotic,1,4,37,final
2025-09-13,pranarom,fra,oleobiotic,1,4,38,final
2025-09-14,pranarom,fra,oleobiotic,1.0,7,38,final
2025-09-15,pranarom,fra,oleobiotic,1,9,39,final
2025-09-16,pranarom,fra,oleobiotic,1,6,51,final
2025-09-17,pranarom,fra,oleobiotic,1.1,4,35,final
2025-09-18,pranarom,fra,oleobiotic,1,5,43,final
2025-09-19,pranarom,fra,oleobiotic,1,6,36,final
2025-09-20,pranarom,fra,oleobiotic,1,3,52,final
2025-09-21,pranarom,fra,oleobiotic,1,7,33,final
2025-09-22,pranarom,fra,oleobiotic,1,9,53,final
2025-09-23,pranarom,fra,oleobiotic,1,5,47,final
2025-09-24,pranarom,fra,oleobiotic,1,11,57,final
2025-09-25,pranarom,fra,oleobiotic,1,9,49,final
2025-09-26,pranarom,fra,oleobiotic,1,7,50,final
2025-09-27,pranarom,fra,oleobiotic,1,8,52,final
2025-09-28,pranarom,fra,oleobiotic,1,6,39,final
2025-09-29,pranarom,fra,oleobiotic,1,9,51,final
2025-09-30,pranarom,fra,oleobiotic,1,9,46,final
2025-10-01,pranarom,fra,oleobiotic,1,16,60,final
2025-10-02,pranarom,fra,oleobiotic,1,5,48,final
2025-10-03,pranarom,fra,oleobiotic,1,2,44,final
2025-10-04,pranarom,fra,oleobiotic,1,13,42,final
2025-10-05,pranarom,fra,oleobiotic,1,6,29,final
2025-10-06,pranarom,fra,oleobiotic,1,9,47,final
2025-10-07,pranarom,fra,oleobiotic,1,17,52,final
2025-10-08,pranarom,fra,oleobiotic,1,9,47,final
2025-10-09,pranarom,fra,oleobiotic,1,14,57,final
2025-10-10,pranarom,fra,oleobiotic,1,8,59,final
2025-10-11,pranarom,fra,oleobiotic,1,9,43,final
2025-10-12,pranarom,fra,oleobiotic,1,6,35,final
2025-10-13,pranarom,fra,oleobiotic,1,9,50,final
2025-10-14,pranarom,fra,oleobiotic,1,9,59,final
2025-10-15,pranarom,fra,oleobiotic,1,5,38,final
2025-10-16,pranarom,fra,oleobiotic,1,6,40,final
2025-10-17,pranarom,fra,oleobiotic,1,7,48,final
2025-10-18,pranarom,fra,oleobiotic,1,5,46,final
2025-10-19,pranarom,fra,oleobiotic,1,8,35,final
2025-10-20,pranarom,fra,oleobiotic,1,9,44,final
2025-10-21,pranarom,fra,oleobiotic,1,4,56,final
2025-10-22,pranarom,fra,oleobiotic,1,14,56,final
2025-10-23,pranarom,fra,oleobiotic,1,12,41,final
2025-10-24,pranarom,fra,oleobiotic,1,7,38,final
2025-10-25,pranarom,fra,oleobiotic,1,8,53,final
2025-10-26,pranarom,fra,oleobiotic,1,7,27,final
2025-10-27,pranarom,fra,oleobiotic,1,7,34,final
2025-10-28,pranarom,fra,oleobiotic,1,5,46,final
2025-10-29,pranarom,fra,oleobiotic,1,13,50,final
2025-10-30,pranarom,fra,oleobiotic,1,6,38,final
2025-10-31,pranarom,fra,oleobiotic,1,6,42,final
2025-11-01,pranarom,fra,oleobiotic,1,5,22,final
2025-11-02,pranarom,fra,oleobiotic,1,3,25,final
2025-11-03,pranarom,fra,oleobiotic,1,8,38,final
2025-11-04,pranarom,fra,oleobiotic,1,11,49,final
2025-11-05,pranarom,fra,oleobiotic,1,6,36,final
2025-11-06,pranarom,fra,oleobiotic,1,4,47,final
2025-11-07,pranarom,fra,oleobiotic,1,5,32,final
2025-11-08,pranarom,fra,oleobiotic,1,4,44,final
2025-11-09,pranarom,fra,oleobiotic,1,9,31,final
2025-11-10,pranarom,fra,oleobiotic,1.0,7,52,final
2025-11-11,pranarom,fra,oleobiotic,1,4,36,final
2025-11-12,pranarom,fra,oleobiotic,1,9,50,final
2025-11-13,pranarom,fra,oleobiotic,1,10,46,final
2025-11-14,pranarom,fra,oleobiotic,1,8,28,final
2025-11-15,pranarom,fra,oleobiotic,1,6,40,final
2025-11-16,pranarom,fra,oleobiotic,1,3,20,final
2025-11-17,pranarom,fra,oleobiotic,1,5,28,final
2025-11-18,pranarom,fra,oleobiotic,1,10,46,final
2025-11-19,pranarom,fra,oleobiotic,1.2,13,39,final
2025-11-20,pranarom,fra,oleobiotic,1,6,31,final
2025-11-21,pranarom,fra,oleobiotic,1,6,41,final
2025-11-22,pranarom,fra,oleobiotic,1,5,20,final
2025-11-23,pranarom,fra,oleobiotic,1,5,25,final
2025-11-24,pranarom,fra,oleobiotic,1,9,45,final
2025-11-25,pranarom,fra,oleobiotic,1,6,46,final
2025-11-26,pranarom,fra,oleobiotic,1,6,51,final
2025-11-27,pranarom,fra,oleobiotic,1,8,43,final
2025-11-28,pranarom,fra,oleobiotic,1,5,40,final
2025-11-29,pranarom,fra,oleobiotic,1,5,36,final
2025-11-30,pranarom,fra,oleobiotic,1,5,32,final
2025-12-01,pranarom,fra,oleobiotic,1,12,43,final
2025-12-02,pranarom,fra,oleobiotic,1,11,51,final
2025-12-03,pranarom,fra,oleobiotic,1,9,52,final
2025-12-04,pranarom,fra,oleobiotic,1,10,44,final
2025-12-05,pranarom,fra,oleobiotic,1,15,51,final
2025-12-06,pranarom,fra,oleobiotic,1,15,52,final
2025-12-07,pranarom,fra,oleobiotic,1,7,21,final
2025-12-08,pranarom,fra,oleobiotic,2.5,4,46,final
2025-12-09,pranarom,fra,oleobiotic,1,17,50,final
2025-12-10,pranarom,fra,oleobiotic,1,12,44,final
2025-12-11,pranarom,fra,oleobiotic,1,7,40,final
2025-12-12,pranarom,fra,oleobiotic,1,14,50,final
2025-12-13,pranarom,fra,oleobiotic,1,10,45,final
2025-12-14,pranarom,fra,oleobiotic,1,7,34,final
2025-12-15,pranarom,fra,oleobiotic,1,22,60,final
2025-12-16,pranarom,fra,oleobiotic,1,14,52,final
2025-12-17,pranarom,fra,oleobiotic,1,12,56,final
2025-12-18,pranarom,fra,oleobiotic,1,11,55,final
2025-12-19,pranarom,fra,oleobiotic,1,14,68,final
2025-12-20,pranarom,fra,oleobiotic,1,15,58,final
2025-12-21,pranarom,fra,oleobiotic,1,8,38,final
2025-12-22,pranarom,fra,oleobiotic,1,17,70,final
2025-12-23,pranarom,fra,oleobiotic,1,17,57,final
2025-12-24,pranarom,fra,oleobiotic,1,17,50,final
2025-12-25,pranarom,fra,oleobiotic,8.3,7,39,final
2025-12-26,pranarom,fra,oleobiotic,1,16,65,final
2025-12-27,pranarom,fra,oleobiotic,1,15,71,final
2025-12-28,pranarom,fra,oleobiotic,1.0,19,63,final
2025-12-29,pranarom,fra,oleobiotic,1,13,72,final
2025-12-30,pranarom,fra,oleobiotic,1,16,76,final
2025-12-31,pranarom,fra,oleobiotic,1,12,45,final
2026-01-01,pranarom,fra,oleobiotic,1,13,61,final
2026-01-02,pranarom,fra,oleobiotic,1,19,78,final
2026-01-03,pranarom,fra,oleobiotic,1,23,63,final
2026-01-04,pranarom,fra,oleobiotic,1,12,53,final
2026-01-05,pranarom,fra,oleobiotic,1,8,60,final
2026-01-06,pranarom,fra,oleobiotic,1,21,64,final
2026-01-07,pranarom,fra,oleobiotic,1,19,71,final
2026-01-08,pranarom,fra,oleobiotic,1,11,77,final
2026-01-09,pranarom,fra,oleobiotic,4.3,13,63,final
2026-01-10,pranarom,fra,oleobiotic,4.6,15,72,final
2026-01-11,pranarom,fra,oleobiotic,1,12,34,final
2026-01-12,pranarom,fra,oleobiotic,1.3,5,40,final
2026-01-13,pranarom,fra,oleobiotic,4.4,11,51,final
2026-01-14,pranarom,fra,oleobiotic,2.4,13,52,final
2026-01-15,pranarom,fra,oleobiotic,1,8,48,final
2026-01-16,pranarom,fra,oleobiotic,1,17,50,final
2026-01-17,pranarom,fra,oleobiotic,1.3,15,43,final
2026-01-18,pranarom,fra,oleobiotic,1.5,4,30,final
2026-01-19,pranarom,fra,oleobiotic,1,8,36,final
2026-01-20,pranarom,fra,oleobiotic,1,8,34,final
2026-01-21,pranarom,fra,oleobiotic,1,12,57,final
2026-01-22,pranarom,fra,oleobiotic,1,12,51,final
2026-01-23,pranarom,fra,oleobiotic,1,13,42,final
2026-01-24,pranarom,fra,oleobiotic,2.1,5,38,final
2026-01-25,pranarom,fra,oleobiotic,1,9,38,final
2026-01-26,pranarom,fra,oleobiotic,1,11,47,final
2026-01-27,pranarom,fra,oleobiotic,1,5,37,final
2026-01-28,pranarom,fra,oleobiotic,1,9,48,final
2026-01-29,pranarom,fra,oleobiotic,1.4,8,42,final
2026-01-30,pranarom,fra,oleobiotic,1.4,4,42,final
2026-01-31,pranarom,fra,oleobiotic,1,11,31,final
2026-02-01,pranarom,fra,oleobiotic,1.4,10,39,final
2026-02-02,pranarom,fra,oleobiotic,1,9,50,final
2026-02-03,pranarom,fra,oleobiotic,1.0,14,63,final
2026-02-04,pranarom,fra,oleobiotic,1,7,35,final
2026-02-05,pranarom,fra,oleobiotic,1.3,6,46,final
2026-02-06,pranarom,fra,oleobiotic,1.5,6,34,final
2026-02-07,pranarom,fra,oleobiotic,1.4,7,40,final
2026-02-08,pranarom,fra,oleobiotic,1.5,4,32,final
2026-02-09,pranarom,fra,oleobiotic,1,8,47,final
2026-02-10,pranarom,fra,oleobiotic,1.3,2,44,final
2026-02-11,pranarom,fra,oleobiotic,1,7,38,final
2026-02-12,pranarom,fra,oleobiotic,1,11,47,final
2026-02-13,pranarom,fra,oleobiotic,1.5,10,31,final
2026-02-14,pranarom,fra,oleobiotic,1.4,9,34,final
2026-02-15,pranarom,fra,oleobiotic,1.8,2,21,final
2026-02-16,pranarom,fra,oleobiotic,2.8,8,47,final
2026-02-17,pranarom,fra,oleobiotic,1,11,41,final
2026-02-18,pranarom,fra,oleobiotic,1,8,46,final
2026-02-19,pranarom,fra,oleobiotic,1,11,49,final
2026-02-20,pranarom,fra,oleobiotic,1.4,4,37,final
2026-02-21,pranarom,fra,oleobiotic,1,7,31,final
2026-02-22,pranarom,fra,oleobiotic,1,5,21,final
2026-02-23,pranarom,fra,oleobiotic,1.4,7,40,final
2026-02-24,pranarom,fra,oleobiotic,1,11,38,final
2026-02-25,pranarom,fra,oleobiotic,1.5,5,29,final
2026-02-26,pranarom,fra,oleobiotic,1,3,36,final
2026-02-27,pranarom,fra,oleobiotic,1.8,1,24,final
2026-02-28,pranarom,fra,oleobiotic,1.4,9,36,final
2026-03-01,pranarom,fra,oleobiotic,1.9,1,17,final
2026-03-02,pranarom,fra,oleobiotic,1,6,30,final
2026-03-03,pranarom,fra,oleobiotic,1.4,3,36,final
2026-03-04,pranarom,fra,oleobiotic,1.4,7,39,final
2026-03-05,pranarom,fra,oleobiotic,1,6,35,final
2026-03-06,pranarom,fra,oleobiotic,1.4,7,35,final
2026-03-07,pranarom,fra,oleobiotic,1.5,6,31,final
2026-03-08,pranarom,fra,oleobiotic,1,8,19,final
2026-03-09,pranarom,fra,oleobiotic,1.4,7,33,final
2026-03-10,pranarom,fra,oleobiotic,1.4,4,34,final
2026-03-11,pranarom,fra,oleobiotic,1,3,28,final
2026-03-12,pranarom,fra,oleobiotic,1,8,33,final
2026-03-13,pranarom,fra,oleobiotic,1,4,28,final
2026-03-14,pranarom,fra,oleobiotic,2.7,4,33,final
2026-03-15,pranarom,fra,oleobiotic,1.7,3,21,final
2026-03-16,pranarom,fra,oleobiotic,1,7,38,final
2026-03-17,pranarom,fra,oleobiotic,1,5,28,final
2026-03-18,pranarom,fra,oleobiotic,1.1,3,33,final
2026-03-19,pranarom,fra,oleobiotic,1.6,7,26,final
2026-03-20,pranarom,fra,oleobiotic,1,5,28,final
2026-03-21,pranarom,fra,oleobiotic,1.9,6,31,final
2026-03-22,pranarom,fra,oleobiotic,1.1,2,16,final
2026-03-23,pranarom,fra,oleobiotic,1,4,22,final
2026-03-24,pranarom,fra,oleobiotic,1,4,27,final
2026-03-25,pranarom,fra,oleobiotic,1,8,34,final
2026-03-26,pranarom,fra,oleobiotic,1,1,33,final
2026-03-27,pranarom,fra,oleobiotic,1.1,4,32,final
2026-03-28,pranarom,fra,oleobiotic,1,3,28,final
2026-03-29,pranarom,fra,oleobiotic,1,4,22,final
2026-03-30,pranarom,fra,oleobiotic,1,5,37,final
2026-03-31,pranarom,fra,oleobiotic,1,8,33,final
2026-04-01,pranarom,fra,oleobiotic,1.2,8,36,final
2026-04-02,pranarom,fra,oleobiotic,1,4,30,final
2026-04-03,pranarom,fra,oleobiotic,1,8,36,final
2026-04-04,pranarom,fra,oleobiotic,1,10,34,final
2026-04-05,pranarom,fra,oleobiotic,1,6,19,final
2026-04-06,pranarom,fra,oleobiotic,1,4,24,final
2026-04-07,pranarom,fra,oleobiotic,1,2,23,final
2026-04-08,pranarom,fra,oleobiotic,1,9,28,final
2026-04-09,pranarom,fra,oleobiotic,1,2,19,final
2026-04-10,pranarom,fra,oleobiotic,1,9,37,final
2026-04-11,pranarom,fra,oleobiotic,1,5,28,final
2026-04-12,pranarom,fra,oleobiotic,1,4,20,final
2026-04-13,pranarom,fra,oleobiotic,1,4,39,final
2026-04-14,pranarom,fra,oleobiotic,1,4,30,final
2026-04-15,pranarom,fra,oleobiotic,1,5,24,final
2026-04-16,pranarom,fra,oleobiotic,1,7,27,final
2026-04-17,pranarom,fra,oleobiotic,1,7,38,final
2026-04-18,pranarom,fra,oleobiotic,1,6,35,final
2026-04-19,pranarom,fra,oleobiotic,1,3,18,final
2026-04-20,pranarom,fra,oleobiotic,1,4,31,final
2026-04-21,pranarom,fra,oleobiotic,1,4,27,final
2026-04-22,pranarom,fra,oleobiotic,1,7,26,final
2026-04-23,pranarom,fra,oleobiotic,1,4,29,final
2026-04-24,pranarom,fra,oleobiotic,1,1,24,final
2026-04-25,pranarom,fra,oleobiotic,1,2,36,final
2026-04-26,pranarom,fra,oleobiotic,1,2,12,final
2026-04-27,pranarom,fra,oleobiotic,1,1,27,final
2026-04-28,pranarom,fra,oleobiotic,1,3,29,final
2026-04-29,pranarom,fra,oleobiotic,1,3,21,final
2026-04-30,pranarom,fra,oleobiotic,1,2,13,final
2026-05-01,pranarom,fra,oleobiotic,1,3,15,final
2026-05-02,pranarom,fra,oleobiotic,1,1,19,final
2026-05-03,pranarom,fra,oleobiotic,1,1,17,final
2026-05-04,pranarom,fra,oleobiotic,1,4,32,final
2026-05-05,pranarom,fra,oleobiotic,1,4,22,final
2026-05-06,pranarom,fra,oleobiotic,1,3,16,final
2026-05-07,pranarom,fra,oleobiotic,1,3,10,final
2026-05-08,pranarom,fra,oleobiotic,1,1,14,final
2026-05-09,pranarom,fra,oleobiotic,1,1,21,final
2026-05-10,pranarom,fra,oleobiotic,1,3,13,final
2026-05-11,pranarom,fra,oleobiotic,2.4,5,31,final
2026-05-12,pranarom,fra,oleobiotic,1,4,24,final
2026-05-13,pranarom,fra,oleobiotic,1,7,34,final
2026-05-14,pranarom,fra,oleobiotic,1,2,16,final
2026-05-15,pranarom,fra,oleobiotic,1,2,20,final
2026-05-16,pranarom,fra,oleobiotic,1,1,27,final
2026-05-17,pranarom,fra,oleobiotic,3.5,4,24,final
2026-05-18,pranarom,fra,oleobiotic,1,5,19,final
2026-05-19,pranarom,fra,oleobiotic,1,4,18,final
2026-05-20,pranarom,fra,oleobiotic,1,2,20,final
2026-05-21,pranarom,fra,oleobiotic,1,5,28,final
2026-05-22,pranarom,fra,oleobiotic,2.2,1,15,final
2026-05-23,pranarom,fra,oleobiotic,1,2,19,final
2026-05-24,pranarom,fra,oleobiotic,3.2,3,15,final
2026-05-25,pranarom,fra,oleobiotic,2,1,18,final
2026-05-26,pranarom,fra,oleobiotic,1.9,1,18,final
2026-05-27,pranarom,fra,oleobiotic,1.8,2,23,final
2026-05-28,pranarom,fra,oleobiotic,1,3,20,final
2026-05-29,pranarom,fra,oleobiotic,1.8,3,23,final
2026-05-30,pranarom,fra,oleobiotic,1,1,16,final
2026-05-31,pranarom,fra,oleobiotic,2.4,1,11,final
2026-06-01,pranarom,fra,oleobiotic,1,2,21,final
2026-06-02,pranarom,fra,oleobiotic,1.8,1,17,final
2026-06-03,pranarom,fra,oleobiotic,1,4,24,final
2026-06-04,pranarom,fra,oleobiotic,1.5,4,31,final
2026-06-05,pranarom,fra,oleobiotic,1.7,2,22,final
2026-06-06,pranarom,fra,oleobiotic,1,1,14,final
2026-06-07,pranarom,fra,oleobiotic,1.1,1,27,final
2026-06-08,pranarom,fra,oleobiotic,1.5,7,33,final
2026-06-09,pranarom,fra,oleobiotic,1,4,19,final
2026-06-10,pranarom,fra,oleobiotic,1,1,30,final
2026-06-11,pranarom,fra,oleobiotic,1,10,30,final
2026-06-12,pranarom,fra,oleobiotic,3.2,2,20,final
2026-06-13,pranarom,fra,oleobiotic,1,6,33,final
2026-06-14,pranarom,fra,oleobiotic,4.3,1,34,final
2026-06-15,pranarom,fra,oleobiotic,1,4,20,final
2026-06-16,pranarom,fra,oleobiotic,1.8,3,22,final
2026-06-17,pranarom,fra,oleobiotic,1,2,14,final
2026-06-18,pranarom,fra,oleobiotic,2.5,5,21,final
2026-06-19,pranarom,fra,oleobiotic,1.6,8,27,final
2026-06-20,pranarom,fra,oleobiotic,1,5,21,final
2026-06-21,pranarom,fra,oleobiotic,1.3,0,6,final
2026-06-22,pranarom,fra,oleobiotic,1.9,2,19,final
2026-06-23,pranarom,fra,oleobiotic,1,2,26,final
2026-06-24,pranarom,fra,oleobiotic,1.2,2,13,final
2026-06-25,pranarom,fra,oleobiotic,1,5,19,final
2026-06-26,pranarom,fra,oleobiotic,1,0,14,final
2026-06-27,pranarom,fra,oleobiotic,1,1,12,final
2026-06-28,pranarom,fra,oleobiotic,5.1,0,9,final
2026-06-29,pranarom,fra,oleobiotic,1,1,19,final
2026-06-30,pranarom,fra,oleobiotic,1.1,3,26,final
2026-07-01,pranarom,fra,oleobiotic,1,2,18,final
2026-07-02,pranarom,fra,oleobiotic,1.1,4,30,final
2026-07-03,pranarom,fra,oleobiotic,1.9,4,24,final
2026-07-04,pranarom,fra,oleobiotic,1.1,0,20,final
2026-07-05,pranarom,fra,oleobiotic,1.5,4,22,final
2026-07-06,pranarom,fra,oleobiotic,2.7,5,23,final
2026-07-07,pranarom,fra,oleobiotic,1,1,18,final
2026-07-08,pranarom,fra,oleobiotic,1.4,5,26,final
2026-07-09,pranarom,fra,oleobiotic,1,4,26,final
2026-07-10,pranarom,fra,oleobiotic,1,1,17,final
2026-07-11,pranarom,fra,oleobiotic,1,3,23,final
2026-07-12,pranarom,fra,oleobiotic,1,1,11,final
2026-07-13,pranarom,fra,oleobiotic,1.2,1,24,final
2026-07-14,pranarom,fra,oleobiotic,2.4,1,14,final
2026-07-15,pranarom,fra,oleobiotic,1,0,24,final
2026-07-16,pranarom,fra,oleobiotic,1.8,4,27,final
2026-07-17,pranarom,fra,oleobiotic,1.0,4,23,final
2026-07-18,pranarom,fra,oleobiotic,1,2,15,final
2026-07-19,pranarom,fra,oleobiotic,3.4,1,16,final
2026-07-20,pranarom,fra,oleobiotic,1.1,3,18,final
2026-07-21,pranarom,fra,oleobiotic,1.1,2,19,final
2026-07-22,pranarom,fra,oleobiotic,1.7,1,27,final
2026-07-23,pranarom,fra,oleobiotic,1.3,2,23,final
2026-07-24,pranarom,fra,oleobiotic,2.1,2,21,final
2026-07-25,pranarom,fra,oleobiotic,1,4,27,final
2026-07-26,pranarom,fra,oleobiotic,2.0,1,21,final
2026-07-27,pranarom,fra,oleobiotic,1.2,0,28,final
2026-07-28,pranarom,fra,oleobiotic,1.3,2,26,final
2026-07-29,pranarom,fra,oleobiotic,4.5,0,17,final
2026-07-30,pranarom,fra,oleobiotic,1.8,4,23,final
2026-07-31,pranarom,fra,oleobiotic,2.9,1,30,final
2026-08-01,pranarom,fra,oleobiotic,1,0,19,final
2026-08-02,pranarom,fra,oleobiotic,1.0,0,23,final
2026-08-03,pranarom,fra,oleobiotic,1.1,3,31,final
2026-08-04,pranarom,fra,oleobiotic,1.0,1,27,final
2026-08-05,pranarom,fra,oleobiotic,1.0,1,28,final
2026-08-06,pranarom,fra,oleobiotic,1.1,1,19,final
2026-08-07,pranarom,fra,oleobiotic,3.7,2,26,final
2026-08-08,pranarom,fra,oleobiotic,1,0,16,final
2026-08-09,pranarom,fra,oleobiotic,1,1,16,final
2026-08-10,pranarom,fra,oleobiotic,1,1,14,final
2026-08-11,pranarom,fra,oleobiotic,1.8,0,19,final
2026-08-12,pranarom,fra,oleobiotic,1.5,0,16,final
2026-08-13,pranarom,fra,oleobiotic,1,1,15,final
2026-08-14,pranarom,fra,oleobiotic,1,2,20,final
2026-08-15,pranarom,fra,oleobiotic,1.2,2,10,final
2026-08-16,pranarom,fra,oleobiotic,3,1,10,final
2026-08-17,pranarom,fra,oleobiotic,1.3,2,30,final
2026-08-18,pranarom,fra,oleobiotic,1.5,0,18,final
2026-08-19,pranarom,fra,oleobiotic,2.0,0,24,final
2026-08-20,pranarom,fra,oleobiotic,1.4,4,29,final
2026-08-21,pranarom,fra,oleobiotic,13.2,1,16,final
2026-08-22,pranarom,fra,oleobiotic,1,1,26,final
2026-08-23,pranarom,fra,oleobiotic,1.0,1,22,final
2026-08-24,pranarom,fra,oleobiotic,1,1,25,final
2026-08-25,pranarom,fra,oleobiotic,1,3,30,final
2026-08-26,pranarom,fra,oleobiotic,1.2,2,31,final
2026-08-27,pranarom,fra,oleobiotic,1.1,2,19,final
2026-08-28,pranarom,fra,oleobiotic,18.6,0,21,final
2026-08-29,pranarom,fra,oleobiotic,1,5,23,final
2026-08-30,pranarom,fra,oleobiotic,1.9,1,19,final
2026-08-31,pranarom,fra,oleobiotic,1.6,1,27,final
2026-09-01,pranarom,fra,oleobiotic,1,0,31,final
2026-09-02,pranarom,fra,oleobiotic,1.0,1,31,final
2026-09-03,pranarom,fra,oleobiotic,1.5,2,28,final
2026-09-04,pranarom,fra,oleobiotic,6.6,3,17,final
2026-09-05,pranarom,fra,oleobiotic,1.7,2,19,final
2026-09-06,pranarom,fra,oleobiotic,2.2,2,16,final
2026-09-07,pranarom,fra,oleobiotic,1.0,5,31,final
2026-09-08,pranarom,fra,oleobiotic,1.7,2,34,final
2026-09-09,pranarom,fra,oleobiotic,1.1,1,18,final
2026-09-10,pranarom,fra,oleobiotic,1.1,4,19,final
2026-09-11,pranarom,fra,oleobiotic,1,3,22,final
2026-09-12,pranarom,fra,oleobiotic,1.0,4,30,final
2026-09-13,pranarom,fra,oleobiotic,1,1,20,final
2026-09-14,pranarom,fra,oleobiotic,1,2,23,final
2026-09-15,pranarom,fra,oleobiotic,1,4,23,final
2026-09-16,pranarom,fra,oleobiotic,1.3,2,37,final
2026-09-17,pranarom,fra,oleobiotic,1,1,19,final
2026-09-18,pranarom,fra,oleobiotic,6.8,2,19,final
2026-09-19,pranarom,fra,oleobiotic,1.0,5,32,final
2026-09-20,pranarom,fra,oleobiotic,1.6,1,20,final
2026-09-21,pranarom,fra,oleobiotic,1,2,37,final
2026-09-22,pranarom,fra,oleobiotic,1.9,3,36,final
2026-09-23,pranarom,fra,oleobiotic,1.1,3,29,final
2026-09-24,pranarom,fra,oleobiotic,1.0,2,33,final
2026-09-25,pranarom,fra,oleobiotic,1,2,13,final
2026-09-26,pranarom,fra,oleobiotic,1.0,2,23,final
2026-09-27,pranarom,fra,oleobiotic,1.6,1,25,final
2026-09-28,pranarom,fra,oleobiotic,1.4,1,31,final
2026-09-29,pranarom,fra,oleobiotic,1,6,27,final
2026-09-30,pranarom,fra,oleobiotic,3.1,0,26,final
2026-10-01,pranarom,fra,oleobiotic,1.3,3,22,fresh
2026-10-02,pranarom,fra,oleobiotic,1.2,3,29,fresh
2025-06-18,pranarom,fra,piqure moustique tigre,2,0,1,final
2025-07-20,pranarom,fra,piqure moustique tigre,2,0,1,final
2025-08-15,pranarom,fra,piqure moustique tigre,2,0,1,final
2025-09-19,pranarom,fra,piqure moustique tigre,2,0,1,final
2025-10-04,pranarom,fra,piqure moustique tigre,2,0,1,final
2026-07-10,pranarom,fra,piqure moustique tigre,2,0,1,final
2026-07-11,pranarom,fra,piqure moustique tigre,2,0,1,final
2026-07-14,pranarom,fra,piqure moustique tigre,2,0,1,final
2026-07-15,pranarom,fra,piqure moustique tigre,2,0,1,final
2026-07-23,pranarom,fra,piqure moustique tigre,3,0,1,final
2026-07-24,pranarom,fra,piqure moustique tigre,3,0,1,final
2026-07-27,pranarom,fra,piqure moustique tigre,3.4,0,7,final
2026-07-28,pranarom,fra,piqure moustique tigre,3,0,11,final
2026-07-29,pranarom,fra,piqure moustique tigre,3.9,0,199,final
2026-07-30,pranarom,fra,piqure moustique tigre,4.0,0,64,final
2026-07-31,pranarom,fra,piqure moustique tigre,4.6,0,16,final
2026-08-01,pranarom,fra,piqure moustique tigre,8.6,0,10,final
2026-08-02,pranarom,fra,piqure moustique tigre,5.6,0,14,final
2026-08-03,pranarom,fra,piqure moustique tigre,4.9,0,22,final
2026-08-04,pranarom,fra,piqure moustique tigre,3,0,15,final
2026-08-05,pranarom,fra,piqure moustique tigre,2.7,0,9,final
2026-08-06,pranarom,fra,piqure moustique tigre,3.4,0,20,final
2026-08-07,pranarom,fra,piqure moustique tigre,3.2,0,5,final
2026-08-08,pranarom,fra,piqure moustique tigre,3.4,0,10,final
2026-08-09,pranarom,fra,piqure moustique tigre,3.6,0,12,final
2026-08-10,pranarom,fra,piqure moustique tigre,2.8,0,10,final
2026-08-11,pranarom,fra,piqure moustique tigre,3.6,0,24,final
2026-08-12,pranarom,fra,piqure moustique tigre,7.7,0,18,final
2026-08-13,pranarom,fra,piqure moustique tigre,4.0,0,292,final
2026-08-14,pranarom,fra,piqure moustique tigre,4.0,0,688,final
2026-08-15,pranarom,fra,piqure moustique tigre,4.0,1,790,final
2026-08-16,pranarom,fra,piqure moustique tigre,4.0,0,959,final
2026-08-17,pranarom,fra,piqure moustique tigre,3.9,0,932,final
2026-08-18,pranarom,fra,piqure moustique tigre,3.9,1,795,final
2026-08-19,pranarom,fra,piqure moustique tigre,3.3,0,759,final
2026-08-20,pranarom,fra,piqure moustique tigre,2.9,1,571,final
2026-08-21,pranarom,fra,piqure moustique tigre,3.5,1,487,final
2026-08-22,pranarom,fra,piqure moustique tigre,3.3,2,509,final
2026-08-23,pranarom,fra,piqure moustique tigre,2.9,1,558,final
2026-08-24,pranarom,fra,piqure moustique tigre,2.8,0,520,final
2026-08-25,pranarom,fra,piqure moustique tigre,2.6,0,558,final
2026-08-26,pranarom,fra,piqure moustique tigre,3.9,3,149,final
2026-08-27,pranarom,fra,piqure moustique tigre,3.8,1,79,final
2026-08-28,pranarom,fra,piqure moustique tigre,8.9,1,72,final
2026-08-29,pranarom,fra,piqure moustique tigre,2.6,2,424,final
2026-08-30,pranarom,fra,piqure moustique tigre,2.4,0,495,final
2026-08-31,pranarom,fra,piqure moustique tigre,2.5,0,485,final
2026-09-01,pranarom,fra,piqure moustique tigre,2.8,6,499,final
2026-09-02,pranarom,fra,piqure moustique tigre,4.6,3,615,final
2026-09-03,pranarom,fra,piqure moustique tigre,7.4,0,558,final
2026-09-04,pranarom,fra,piqure moustique tigre,2.6,1,593,final
2026-09-05,pranarom,fra,piqure moustique tigre,2.6,3,608,final
2026-09-06,pranarom,fra,piqure moustique tigre,2.7,3,743,final
2026-09-07,pranarom,fra,piqure moustique tigre,2.9,4,771,final
2026-09-08,pranarom,fra,piqure moustique tigre,2.7,2,741,final
2026-09-09,pranarom,fra,piqure moustique tigre,3.2,3,505,final
2026-09-10,pranarom,fra,piqure moustique tigre,2.9,2,374,final
2026-09-11,pranarom,fra,piqure moustique tigre,3.3,3,426,final
2026-09-12,pranarom,fra,piqure moustique tigre,2.8,2,565,final
2026-09-13,pranarom,fra,piqure moustique tigre,3.0,3,772,final
2026-09-14,pranarom,fra,piqure moustique tigre,3.3,6,957,final
2026-09-15,pranarom,fra,piqure moustique tigre,2.6,3,808,final
2026-09-16,pranarom,fra,piqure moustique tigre,3.2,3,672,final
2026-09-17,pranarom,fra,piqure moustique tigre,3.0,1,434,final
2026-09-18,pranarom,fra,piqure moustique tigre,2.8,2,353,final
2026-09-19,pranarom,fra,piqure moustique tigre,2.4,5,421,final
2026-09-20,pranarom,fra,piqure moustique tigre,3.6,2,581,final
2026-09-21,pranarom,fra,piqure moustique tigre,2.8,5,534,final
2026-09-22,pranarom,fra,piqure moustique tigre,2.5,2,434,final
2026-09-23,pranarom,fra,piqure moustique tigre,2.6,3,500,final
2026-09-24,pranarom,fra,piqure moustique tigre,2.4,2,401,final
2026-09-25,pranarom,fra,piqure moustique tigre,2.6,1,406,final
2026-09-26,pranarom,fra,piqure moustique tigre,2.8,1,411,final
2026-09-27,pranarom,fra,piqure moustique tigre,2.9,4,468,final
2026-09-28,pranarom,fra,piqure moustique tigre,3.2,1,503,final
2026-09-29,pranarom,fra,piqure moustique tigre,3.2,0,496,final
2026-09-30,pranarom,fra,piqure moustique tigre,2.6,2,436,final
2026-10-01,pranarom,fra,piqure moustique tigre,3.4,0,321,fresh
2026-10-02,pranarom,fra,piqure moustique tigre,2.9,3,311,fresh
2026-06-04,pranarom,fra,piqûre moustique qui gonfle et durcit et chauffe,10,0,1,final
2026-06-14,pranarom,fra,piqûre moustique qui gonfle et durcit et chauffe,11,1,4,final
2026-06-24,pranarom,fra,piqûre moustique qui gonfle et durcit et chauffe,9.6,2,34,final
2026-06-25,pranarom,fra,piqûre moustique qui gonfle et durcit et chauffe,9.7,0,44,final
2026-06-26,pranarom,fra,piqûre moustique qui gonfle et durcit et chauffe,9.5,2,30,final
2026-06-27,pranarom,fra,piqûre moustique qui gonfle et durcit et chauffe,9.6,0,40,final
2026-06-28,pranarom,fra,piqûre moustique qui gonfle et durcit et chauffe,9.6,1,36,final
2026-06-29,pranarom,fra,piqûre moustique qui gonfle et durcit et chauffe,9.1,0,46,final
2026-06-30,pranarom,fra,piqûre moustique qui gonfle et durcit et chauffe,7.9,0,26,final
2026-07-01,pranarom,fra,piqûre moustique qui gonfle et durcit et chauffe,2.7,2,30,final
2026-07-02,pranarom,fra,piqûre moustique qui gonfle et durcit et chauffe,2.5,3,26,final
2026-07-03,pranarom,fra,piqûre moustique qui gonfle et durcit et chauffe,3,1,26,final
2026-07-04,pranarom,fra,piqûre moustique qui gonfle et durcit et chauffe,5.8,1,29,final
2026-07-05,pranarom,fra,piqûre moustique qui gonfle et durcit et chauffe,4.4,5,46,final
2026-07-06,pranarom,fra,piqûre moustique qui gonfle et durcit et chauffe,4.3,5,35,final
2026-07-07,pranarom,fra,piqûre moustique qui gonfle et durcit et chauffe,7.4,1,29,final
2026-07-08,pranarom,fra,piqûre moustique qui gonfle et durcit et chauffe,7.2,2,30,final
2026-07-09,pranarom,fra,piqûre moustique qui gonfle et durcit et chauffe,6.2,1,18,final
2026-07-10,pranarom,fra,piqûre moustique qui gonfle et durcit et chauffe,1,3,24,final
2026-07-11,pranarom,fra,piqûre moustique qui gonfle et durcit et chauffe,1,9,41,final
2026-07-12,pranarom,fra,piqûre moustique qui gonfle et durcit et chauffe,1.1,7,41,final
2026-07-13,pranarom,fra,piqûre moustique qui gonfle et durcit et chauffe,1.0,6,42,final
2026-07-14,pranarom,fra,piqûre moustique qui gonfle et durcit et chauffe,1,6,43,final
2026-07-15,pranarom,fra,piqûre moustique qui gonfle et durcit et chauffe,1,3,29,final
2026-07-16,pranarom,fra,piqûre moustique qui gonfle et durcit et chauffe,1,3,20,final
2026-07-17,pranarom,fra,piqûre moustique qui gonfle et durcit et chauffe,1,5,36,final
2026-07-18,pranarom,fra,piqûre moustique qui gonfle et durcit et chauffe,1,6,22,final
2026-07-19,pranarom,fra,piqûre moustique qui gonfle et durcit et chauffe,1,4,39,final
2026-07-20,pranarom,fra,piqûre moustique qui gonfle et durcit et chauffe,1,4,30,final
2026-07-21,pranarom,fra,piqûre moustique qui gonfle et durcit et chauffe,1,5,45,final
2026-07-22,pranarom,fra,piqûre moustique qui gonfle et durcit et chauffe,1.1,4,30,final
2026-07-23,pranarom,fra,piqûre moustique qui gonfle et durcit et chauffe,1.5,3,22,final
2026-07-24,pranarom,fra,piqûre moustique qui gonfle et durcit et chauffe,1.6,6,23,final
2026-07-25,pranarom,fra,piqûre moustique qui gonfle et durcit et chauffe,1.7,4,25,final
2026-07-26,pranarom,fra,piqûre moustique qui gonfle et durcit et chauffe,1.9,1,43,final
2026-07-27,pranarom,fra,piqûre moustique qui gonfle et durcit et chauffe,1.7,4,35,final
2026-07-28,pranarom,fra,piqûre moustique qui gonfle et durcit et chauffe,1.5,7,31,final
2026-07-29,pranarom,fra,piqûre moustique qui gonfle et durcit et chauffe,1.6,4,40,final
2026-07-30,pranarom,fra,piqûre moustique qui gonfle et durcit et chauffe,1.7,4,36,final
2026-07-31,pranarom,fra,piqûre moustique qui gonfle et durcit et chauffe,1.6,2,40,final
2026-08-01,pranarom,fra,piqûre moustique qui gonfle et durcit et chauffe,1.8,3,37,final
2026-08-02,pranarom,fra,piqûre moustique qui gonfle et durcit et chauffe,1.6,2,40,final
2026-08-03,pranarom,fra,piqûre moustique qui gonfle et durcit et chauffe,1.7,5,29,final
2026-08-04,pranarom,fra,piqûre moustique qui gonfle et durcit et chauffe,1.5,3,40,final
2026-08-05,pranarom,fra,piqûre moustique qui gonfle et durcit et chauffe,2,2,26,final
2026-08-06,pranarom,fra,piqûre moustique qui gonfle et durcit et chauffe,2.1,4,25,final
2026-08-07,pranarom,fra,piqûre moustique qui gonfle et durcit et chauffe,2,1,26,final
2026-08-08,pranarom,fra,piqûre moustique qui gonfle et durcit et chauffe,2.1,1,28,final
2026-08-09,pranarom,fra,piqûre moustique qui gonfle et durcit et chauffe,2.5,0,28,final
2026-08-10,pranarom,fra,piqûre moustique qui gonfle et durcit et chauffe,3.2,1,29,final
2026-08-11,pranarom,fra,piqûre moustique qui gonfle et durcit et chauffe,3.2,0,35,final
2026-08-12,pranarom,fra,piqûre moustique qui gonfle et durcit et chauffe,3.5,2,31,final
2026-08-13,pranarom,fra,piqûre moustique qui gonfle et durcit et chauffe,2.8,1,37,final
2026-08-14,pranarom,fra,piqûre moustique qui gonfle et durcit et chauffe,3.1,1,26,final
2026-08-15,pranarom,fra,piqûre moustique qui gonfle et durcit et chauffe,3.2,0,30,final
2026-08-16,pranarom,fra,piqûre moustique qui gonfle et durcit et chauffe,2.1,2,34,final
2026-08-17,pranarom,fra,piqûre moustique qui gonfle et durcit et chauffe,2.9,1,48,final
2026-08-18,pranarom,fra,piqûre moustique qui gonfle et durcit et chauffe,3.0,0,34,final
2026-08-19,pranarom,fra,piqûre moustique qui gonfle et durcit et chauffe,1.7,1,22,final
2026-08-20,pranarom,fra,piqûre moustique qui gonfle et durcit et chauffe,1.8,5,45,final
2026-08-21,pranarom,fra,piqûre moustique qui gonfle et durcit et chauffe,1.9,2,27,final
2026-08-22,pranarom,fra,piqûre moustique qui gonfle et durcit et chauffe,1.9,1,22,final
2026-08-23,pranarom,fra,piqûre moustique qui gonfle et durcit et chauffe,2.0,2,23,final
2026-08-24,pranarom,fra,piqûre moustique qui gonfle et durcit et chauffe,2.0,4,27,final
2026-08-25,pranarom,fra,piqûre moustique qui gonfle et durcit et chauffe,1.8,4,32,final
2026-08-26,pranarom,fra,piqûre moustique qui gonfle et durcit et chauffe,1.8,5,30,final
2026-08-27,pranarom,fra,piqûre moustique qui gonfle et durcit et chauffe,2,4,40,final
2026-08-28,pranarom,fra,piqûre moustique qui gonfle et durcit et chauffe,1.4,2,19,final
2026-08-29,pranarom,fra,piqûre moustique qui gonfle et durcit et chauffe,1.0,2,26,final
2026-08-30,pranarom,fra,piqûre moustique qui gonfle et durcit et chauffe,1.6,3,20,final
2026-08-31,pranarom,fra,piqûre moustique qui gonfle et durcit et chauffe,1.9,4,23,final
2026-09-01,pranarom,fra,piqûre moustique qui gonfle et durcit et chauffe,1.5,1,14,final
2026-09-02,pranarom,fra,piqûre moustique qui gonfle et durcit et chauffe,1.7,2,28,final
2026-09-03,pranarom,fra,piqûre moustique qui gonfle et durcit et chauffe,1.6,1,16,final
2026-09-04,pranarom,fra,piqûre moustique qui gonfle et durcit et chauffe,1.8,4,24,final
2026-09-05,pranarom,fra,piqûre moustique qui gonfle et durcit et chauffe,1.8,3,32,final
2026-09-06,pranarom,fra,piqûre moustique qui gonfle et durcit et chauffe,1.9,5,30,final
2026-09-07,pranarom,fra,piqûre moustique qui gonfle et durcit et chauffe,1.8,5,43,final
2026-09-08,pranarom,fra,piqûre moustique qui gonfle et durcit et chauffe,2.0,2,44,final
2026-09-09,pranarom,fra,piqûre moustique qui gonfle et durcit et chauffe,2.7,3,23,final
2026-09-10,pranarom,fra,piqûre moustique qui gonfle et durcit et chauffe,2.7,1,13,final
2026-09-11,pranarom,fra,piqûre moustique qui gonfle et durcit et chauffe,1.3,2,21,final
2026-09-12,pranarom,fra,piqûre moustique qui gonfle et durcit et chauffe,2.1,3,30,final
2026-09-13,pranarom,fra,piqûre moustique qui gonfle et durcit et chauffe,2.6,4,40,final
2026-09-14,pranarom,fra,piqûre moustique qui gonfle et durcit et chauffe,2.7,1,33,final
2026-09-15,pranarom,fra,piqûre moustique qui gonfle et durcit et chauffe,1.6,5,24,final
2026-09-16,pranarom,fra,piqûre moustique qui gonfle et durcit et chauffe,2.0,1,21,final
2026-09-17,pranarom,fra,piqûre moustique qui gonfle et durcit et chauffe,1.4,5,15,final
2026-09-18,pranarom,fra,piqûre moustique qui gonfle et durcit et chauffe,1,1,4,final
2026-09-19,pranarom,fra,piqûre moustique qui gonfle et durcit et chauffe,2.9,0,19,final
2026-09-20,pranarom,fra,piqûre moustique qui gonfle et durcit et chauffe,1.9,1,18,final
2026-09-21,pranarom,fra,piqûre moustique qui gonfle et durcit et chauffe,1.2,1,13,final
2026-09-22,pranarom,fra,piqûre moustique qui gonfle et durcit et chauffe,2.1,0,18,final
2026-09-23,pranarom,fra,piqûre moustique qui gonfle et durcit et chauffe,1.8,0,13,final
2026-09-24,pranarom,fra,piqûre moustique qui gonfle et durcit et chauffe,1.8,4,17,final
2026-09-25,pranarom,fra,piqûre moustique qui gonfle et durcit et chauffe,1.4,2,12,final
2026-09-26,pranarom,fra,piqûre moustique qui gonfle et durcit et chauffe,1.0,4,27,final
2026-09-27,pranarom,fra,piqûre moustique qui gonfle et durcit et chauffe,1.4,0,23,final
2026-09-28,pranarom,fra,piqûre moustique qui gonfle et durcit et chauffe,1.6,2,17,final
2026-09-29,pranarom,fra,piqûre moustique qui gonfle et durcit et chauffe,1.4,5,16,final
2026-09-30,pranarom,fra,piqûre moustique qui gonfle et durcit et chauffe,1.5,4,25,final
2026-10-01,pranarom,fra,piqûre moustique qui gonfle et durcit et chauffe,1.7,0,12,fresh
2026-10-02,pranarom,fra,piqûre moustique qui gonfle et durcit et chauffe,1.5,1,13,fresh
2025-06-10,pranarom,fra,poux huile de coco,1,3,6,final
2025-06-11,pranarom,fra,poux huile de coco,1,3,6,final
2025-06-12,pranarom,fra,poux huile de coco,1,5,10,final
2025-06-13,pranarom,fra,poux huile de coco,1,5,11,final
2025-06-14,pranarom,fra,poux huile de coco,1,3,8,final
2025-06-15,pranarom,fra,poux huile de coco,1,6,14,final
2025-06-16,pranarom,fra,poux huile de coco,1,2,8,final
2025-06-17,pranarom,fra,poux huile de coco,1,4,7,final
2025-06-18,pranarom,fra,poux huile de coco,1,2,8,final
2025-06-19,pranarom,fra,poux huile de coco,1,6,10,final
2025-06-20,pranarom,fra,poux huile de coco,1,1,4,final
2025-06-21,pranarom,fra,poux huile de coco,1,1,4,final
2025-06-22,pranarom,fra,poux huile de coco,1,3,14,final
2025-06-23,pranarom,fra,poux huile de coco,1,4,14,final
2025-06-24,pranarom,fra,poux huile de coco,1,3,5,final
2025-06-25,pranarom,fra,poux huile de coco,1,2,8,final
2025-06-26,pranarom,fra,poux huile de coco,1,2,8,final
2025-06-27,pranarom,fra,poux huile de coco,1,7,10,final
2025-06-28,pranarom,fra,poux huile de coco,1,2,7,final
2025-06-29,pranarom,fra,poux huile de coco,1,5,17,final
2025-06-30,pranarom,fra,poux huile de coco,1,2,5,final
2025-07-01,pranarom,fra,poux huile de coco,1,4,12,final
2025-07-02,pranarom,fra,poux huile de coco,1,5,18,final
2025-07-03,pranarom,fra,poux huile de coco,1,3,13,final
2025-07-04,pranarom,fra,poux huile de coco,1,2,8,final
2025-07-05,pranarom,fra,poux huile de coco,1,6,10,final
2025-07-06,pranarom,fra,poux huile de coco,1,8,16,final
2025-07-07,pranarom,fra,poux huile de coco,1.1,4,11,final
2025-07-08,pranarom,fra,poux huile de coco,1,5,16,final
2025-07-09,pranarom,fra,poux huile de coco,1,8,17,final
2025-07-10,pranarom,fra,poux huile de coco,1,4,10,final
2025-07-11,pranarom,fra,poux huile de coco,1,4,18,final
2025-07-12,pranarom,fra,poux huile de coco,1,5,16,final
2025-07-13,pranarom,fra,poux huile de coco,1,4,15,final
2025-07-14,pranarom,fra,poux huile de coco,1,18,26,final
2025-07-15,pranarom,fra,poux huile de coco,1,9,21,final
2025-07-16,pranarom,fra,poux huile de coco,1.1,5,15,final
2025-07-17,pranarom,fra,poux huile de coco,1,7,12,final
2025-07-18,pranarom,fra,poux huile de coco,1,3,11,final
2025-07-19,pranarom,fra,poux huile de coco,1.1,5,16,final
2025-07-20,pranarom,fra,poux huile de coco,1.1,6,10,final
2025-07-21,pranarom,fra,poux huile de coco,1,7,18,final
2025-07-22,pranarom,fra,poux huile de coco,1,13,22,final
2025-07-23,pranarom,fra,poux huile de coco,1,6,14,final
2025-07-24,pranarom,fra,poux huile de coco,1,5,13,final
2025-07-25,pranarom,fra,poux huile de coco,1,9,26,final
2025-07-26,pranarom,fra,poux huile de coco,1,7,16,final
2025-07-27,pranarom,fra,poux huile de coco,1,13,26,final
2025-07-28,pranarom,fra,poux huile de coco,1,12,24,final
2025-07-29,pranarom,fra,poux huile de coco,1,7,16,final
2025-07-30,pranarom,fra,poux huile de coco,1,6,12,final
2025-07-31,pranarom,fra,poux huile de coco,1,5,15,final
2025-08-01,pranarom,fra,poux huile de coco,1,2,13,final
2025-08-02,pranarom,fra,poux huile de coco,1,4,20,final
2025-08-03,pranarom,fra,poux huile de coco,1,6,18,final
2025-08-04,pranarom,fra,poux huile de coco,1,4,15,final
2025-08-05,pranarom,fra,poux huile de coco,1,6,19,final
2025-08-06,pranarom,fra,poux huile de coco,1,9,12,final
2025-08-07,pranarom,fra,poux huile de coco,1,2,7,final
2025-08-08,pranarom,fra,poux huile de coco,1,10,16,final
2025-08-09,pranarom,fra,poux huile de coco,1,9,15,final
2025-08-10,pranarom,fra,poux huile de coco,1,8,19,final
2025-08-11,pranarom,fra,poux huile de coco,1,4,14,final
2025-08-12,pranarom,fra,poux huile de coco,1,4,10,final
2025-08-13,pranarom,fra,poux huile de coco,1,3,10,final
2025-08-14,pranarom,fra,poux huile de coco,1,5,17,final
2025-08-15,pranarom,fra,poux huile de coco,1,1,9,final
2025-08-16,pranarom,fra,poux huile de coco,1,2,11,final
2025-08-17,pranarom,fra,poux huile de coco,1,5,22,final
2025-08-18,pranarom,fra,poux huile de coco,1,11,17,final
2025-08-19,pranarom,fra,poux huile de coco,1,5,15,final
2025-08-20,pranarom,fra,poux huile de coco,1,3,8,final
2025-08-21,pranarom,fra,poux huile de coco,1,3,14,final
2025-08-22,pranarom,fra,poux huile de coco,1.1,2,14,final
2025-08-23,pranarom,fra,poux huile de coco,1,9,14,final
2025-08-24,pranarom,fra,poux huile de coco,1,7,17,final
2025-08-25,pranarom,fra,poux huile de coco,1,4,11,final
2025-08-26,pranarom,fra,poux huile de coco,1,8,15,final
2025-08-27,pranarom,fra,poux huile de coco,1,6,11,final
2025-08-28,pranarom,fra,poux huile de coco,1.1,10,19,final
2025-08-29,pranarom,fra,poux huile de coco,1.1,2,8,final
2025-08-30,pranarom,fra,poux huile de coco,1,6,16,final
2025-08-31,pranarom,fra,poux huile de coco,1,7,20,final
2025-09-01,pranarom,fra,poux huile de coco,1,4,15,final
2025-09-02,pranarom,fra,poux huile de coco,1,2,11,final
2025-09-03,pranarom,fra,poux huile de coco,1,7,12,final
2025-09-04,pranarom,fra,poux huile de coco,1.1,3,9,final
2025-09-05,pranarom,fra,poux huile de coco,1,2,6,final
2025-09-06,pranarom,fra,poux huile de coco,1,12,20,final
2025-09-07,pranarom,fra,poux huile de coco,1,6,13,final
2025-09-08,pranarom,fra,poux huile de coco,1,6,20,final
2025-09-09,pranarom,fra,poux huile de coco,1,5,18,final
2025-09-10,pranarom,fra,poux huile de coco,1,5,19,final
2025-09-11,pranarom,fra,poux huile de coco,1,4,12,final
2025-09-12,pranarom,fra,poux huile de coco,1,4,17,final
2025-09-13,pranarom,fra,poux huile de coco,1,8,14,final
2025-09-14,pranarom,fra,poux huile de coco,1,9,14,final
2025-09-15,pranarom,fra,poux huile de coco,1,3,9,final
2025-09-16,pranarom,fra,poux huile de coco,1,4,10,final
2025-09-17,pranarom,fra,poux huile de coco,1.1,1,10,final
2025-09-18,pranarom,fra,poux huile de coco,1,4,9,final
2025-09-19,pranarom,fra,poux huile de coco,1,4,16,final
2025-09-20,pranarom,fra,poux huile de coco,1,5,14,final
2025-09-21,pranarom,fra,poux huile de coco,1,7,18,final
2025-09-22,pranarom,fra,poux huile de coco,1,3,11,final
2025-09-23,pranarom,fra,poux huile de coco,1,2,9,final
2025-09-24,pranarom,fra,poux huile de coco,1,4,15,final
2025-09-25,pranarom,fra,poux huile de coco,1,4,15,final
2025-09-26,pranarom,fra,poux huile de coco,1,1,7,final
2025-09-27,pranarom,fra,poux huile de coco,1,4,10,final
2025-09-28,pranarom,fra,poux huile de coco,1,13,31,final
2025-09-29,pranarom,fra,poux huile de coco,1,6,15,final
2025-09-30,pranarom,fra,poux huile de coco,1,4,11,final
2025-10-01,pranarom,fra,poux huile de coco,1,4,12,final
2025-10-02,pranarom,fra,poux huile de coco,1,5,20,final
2025-10-03,pranarom,fra,poux huile de coco,1,6,9,final
2025-10-04,pranarom,fra,poux huile de coco,1,3,10,final
2025-10-05,pranarom,fra,poux huile de coco,1,11,21,final
2025-10-06,pranarom,fra,poux huile de coco,1,2,6,final
2025-10-07,pranarom,fra,poux huile de coco,1,6,15,final
2025-10-08,pranarom,fra,poux huile de coco,1,5,11,final
2025-10-09,pranarom,fra,poux huile de coco,1,6,14,final
2025-10-10,pranarom,fra,poux huile de coco,1,6,12,final
2025-10-11,pranarom,fra,poux huile de coco,1,9,13,final
2025-10-12,pranarom,fra,poux huile de coco,1.1,7,19,final
2025-10-13,pranarom,fra,poux huile de coco,1,5,8,final
2025-10-14,pranarom,fra,poux huile de coco,1,2,9,final
2025-10-15,pranarom,fra,poux huile de coco,1,6,14,final
2025-10-16,pranarom,fra,poux huile de coco,1.1,7,13,final
2025-10-17,pranarom,fra,poux huile de coco,1,4,7,final
2025-10-18,pranarom,fra,poux huile de coco,1,5,12,final
2025-10-19,pranarom,fra,poux huile de coco,1,4,19,final
2025-10-20,pranarom,fra,poux huile de coco,1,3,10,final
2025-10-21,pranarom,fra,poux huile de coco,1,3,10,final
2025-10-22,pranarom,fra,poux huile de coco,1,4,13,final
2025-10-23,pranarom,fra,poux huile de coco,1,4,12,final
2025-10-24,pranarom,fra,poux huile de coco,1,5,12,final
2025-10-25,pranarom,fra,poux huile de coco,1,3,10,final
2025-10-26,pranarom,fra,poux huile de coco,1,7,17,final
2025-10-27,pranarom,fra,poux huile de coco,1,7,13,final
2025-10-28,pranarom,fra,poux huile de coco,1,4,12,final
2025-10-29,pranarom,fra,poux huile de coco,1,8,14,final
2025-10-30,pranarom,fra,poux huile de coco,1,3,8,final
2025-10-31,pranarom,fra,poux huile de coco,1,1,5,final
2025-11-01,pranarom,fra,poux huile de coco,1,9,17,final
2025-11-02,pranarom,fra,poux huile de coco,1,8,24,final
2025-11-03,pranarom,fra,poux huile de coco,1,8,21,final
2025-11-04,pranarom,fra,poux huile de coco,1,4,8,final
2025-11-05,pranarom,fra,poux huile de coco,1,4,11,final
2025-11-06,pranarom,fra,poux huile de coco,1,3,11,final
2025-11-07,pranarom,fra,poux huile de coco,1,1,7,final
2025-11-08,pranarom,fra,poux huile de coco,1,10,18,final
2025-11-09,pranarom,fra,poux huile de coco,1,10,17,final
2025-11-10,pranarom,fra,poux huile de coco,1,5,18,final
2025-11-11,pranarom,fra,poux huile de coco,1,8,19,final
2025-11-12,pranarom,fra,poux huile de coco,1,4,10,final
2025-11-13,pranarom,fra,poux huile de coco,1,5,19,final
2025-11-14,pranarom,fra,poux huile de coco,1,3,13,final
2025-11-15,pranarom,fra,poux huile de coco,1,4,18,final
2025-11-16,pranarom,fra,poux huile de coco,1,5,12,final
2025-11-17,pranarom,fra,poux huile de coco,1,3,8,final
2025-11-18,pranarom,fra,poux huile de coco,1,2,6,final
2025-11-19,pranarom,fra,poux huile de coco,1,3,10,final
2025-11-20,pranarom,fra,poux huile de coco,1,3,5,final
2025-11-21,pranarom,fra,poux huile de coco,1.1,4,12,final
2025-11-22,pranarom,fra,poux huile de coco,1,5,10,final
2025-11-23,pranarom,fra,poux huile de coco,1,5,13,final
2025-11-24,pranarom,fra,poux huile de coco,1,1,2,final
2025-11-25,pranarom,fra,poux huile de coco,1,5,13,final
2025-11-26,pranarom,fra,poux huile de coco,1,4,7,final
2025-11-27,pranarom,fra,poux huile de coco,1,1,6,final
2025-11-28,pranarom,fra,poux huile de coco,1,4,12,final
2025-11-29,pranarom,fra,poux huile de coco,1.1,3,9,final
2025-11-30,pranarom,fra,poux huile de coco,1,10,16,final
2025-12-01,pranarom,fra,poux huile de coco,1,3,12,final
2025-12-02,pranarom,fra,poux huile de coco,1,2,7,final
2025-12-03,pranarom,fra,poux huile de coco,1,5,13,final
2025-12-04,pranarom,fra,poux huile de coco,1,2,5,final
2025-12-05,pranarom,fra,poux huile de coco,1,2,4,final
2025-12-06,pranarom,fra,poux huile de coco,1,2,5,final
2025-12-07,pranarom,fra,poux huile de coco,1,3,10,final
2025-12-08,pranarom,fra,poux huile de coco,1,6,11,final
2025-12-09,pranarom,fra,poux huile de coco,1,3,10,final
2025-12-10,pranarom,fra,poux huile de coco,1,6,12,final
2025-12-11,pranarom,fra,poux huile de coco,1,6,12,final
2025-12-12,pranarom,fra,poux huile de coco,1,2,7,final
2025-12-13,pranarom,fra,poux huile de coco,1,4,10,final
2025-12-14,pranarom,fra,poux huile de coco,1,8,13,final
2025-12-15,pranarom,fra,poux huile de coco,1,3,9,final
2025-12-16,pranarom,fra,poux huile de coco,1.2,6,10,final
2025-12-17,pranarom,fra,poux huile de coco,1,3,8,final
2025-12-18,pranarom,fra,poux huile de coco,1,0,2,final
2025-12-19,pranarom,fra,poux huile de coco,1,3,8,final
2025-12-20,pranarom,fra,poux huile de coco,1,4,8,final
2025-12-21,pranarom,fra,poux huile de coco,1,8,19,final
2025-12-22,pranarom,fra,poux huile de coco,1,5,12,final
2025-12-23,pranarom,fra,poux huile de coco,1,2,6,final
2025-12-24,pranarom,fra,poux huile de coco,1,3,5,final
2025-12-25,pranarom,fra,poux huile de coco,1,2,7,final
2025-12-26,pranarom,fra,poux huile de coco,1,3,9,final
2025-12-27,pranarom,fra,poux huile de coco,1,4,7,final
2025-12-28,pranarom,fra,poux huile de coco,1,1,7,final
2025-12-29,pranarom,fra,poux huile de coco,1,7,15,final
2025-12-30,pranarom,fra,poux huile de coco,1,2,11,final
2025-12-31,pranarom,fra,poux huile de coco,1,2,12,final
2026-01-01,pranarom,fra,poux huile de coco,1,5,11,final
2026-01-02,pranarom,fra,poux huile de coco,1,1,8,final
2026-01-03,pranarom,fra,poux huile de coco,1,7,16,final
2026-01-04,pranarom,fra,poux huile de coco,1,8,12,final
2026-01-05,pranarom,fra,poux huile de coco,1.1,2,8,final
2026-01-06,pranarom,fra,poux huile de coco,1,2,7,final
2026-01-07,pranarom,fra,poux huile de coco,1,3,9,final
2026-01-08,pranarom,fra,poux huile de coco,1,1,7,final
2026-01-09,pranarom,fra,poux huile de coco,1.1,0,10,final
2026-01-10,pranarom,fra,poux huile de coco,1,7,12,final
2026-01-11,pranarom,fra,poux huile de coco,1,8,14,final
2026-01-12,pranarom,fra,poux huile de coco,1,5,13,final
2026-01-13,pranarom,fra,poux huile de coco,1,0,6,final
2026-01-14,pranarom,fra,poux huile de coco,1,3,8,final
2026-01-15,pranarom,fra,poux huile de coco,1,2,6,final
2026-01-16,pranarom,fra,poux huile de coco,1,2,8,final
2026-01-17,pranarom,fra,poux huile de coco,1,4,9,final
2026-01-18,pranarom,fra,poux huile de coco,1,3,12,final
2026-01-19,pranarom,fra,poux huile de coco,1.1,5,10,final
2026-01-20,pranarom,fra,poux huile de coco,1,10,17,final
2026-01-21,pranarom,fra,poux huile de coco,1,2,9,final
2026-01-22,pranarom,fra,poux huile de coco,1,2,9,final
2026-01-23,pranarom,fra,poux huile de coco,1,2,9,final
2026-01-24,pranarom,fra,poux huile de coco,1,8,13,final
2026-01-25,pranarom,fra,poux huile de coco,1,2,10,final
2026-01-26,pranarom,fra,poux huile de coco,1,2,3,final
2026-01-27,pranarom,fra,poux huile de coco,1,3,15,final
2026-01-28,pranarom,fra,poux huile de coco,1,5,15,final
2026-01-29,pranarom,fra,poux huile de coco,1,2,7,final
2026-01-30,pranarom,fra,poux huile de coco,1,3,6,final
2026-01-31,pranarom,fra,poux huile de coco,1,9,15,final
2026-02-01,pranarom,fra,poux huile de coco,1,6,16,final
2026-02-02,pranarom,fra,poux huile de coco,1,3,11,final
2026-02-03,pranarom,fra,poux huile de coco,1,3,5,final
2026-02-04,pranarom,fra,poux huile de coco,1,3,7,final
2026-02-05,pranarom,fra,poux huile de coco,1,1,6,final
2026-02-06,pranarom,fra,poux huile de coco,1,5,12,final
2026-02-07,pranarom,fra,poux huile de coco,1,5,7,final
2026-02-08,pranarom,fra,poux huile de coco,1,4,12,final
2026-02-09,pranarom,fra,poux huile de coco,1,3,15,final
2026-02-10,pranarom,fra,poux huile de coco,1,6,10,final
2026-02-11,pranarom,fra,poux huile de coco,1,3,9,final
2026-02-12,pranarom,fra,poux huile de coco,1,2,12,final
2026-02-13,pranarom,fra,poux huile de coco,1,1,8,final
2026-02-14,pranarom,fra,poux huile de coco,1,1,6,final
2026-02-15,pranarom,fra,poux huile de coco,2.1,2,7,final
2026-02-16,pranarom,fra,poux huile de coco,2.7,1,3,final
2026-02-17,pranarom,fra,poux huile de coco,2.5,1,11,final
2026-02-18,pranarom,fra,poux huile de coco,3.3,2,12,final
2026-02-19,pranarom,fra,poux huile de coco,2.5,4,10,final
2026-02-20,pranarom,fra,poux huile de coco,1,0,6,final
2026-02-21,pranarom,fra,poux huile de coco,1,1,3,final
2026-02-22,pranarom,fra,poux huile de coco,3.4,2,10,final
2026-02-23,pranarom,fra,poux huile de coco,1.5,6,12,final
2026-02-24,pranarom,fra,poux huile de coco,3,2,11,final
2026-02-25,pranarom,fra,poux huile de coco,1,6,14,final
2026-02-26,pranarom,fra,poux huile de coco,3.6,2,13,final
2026-02-27,pranarom,fra,poux huile de coco,1,5,7,final
2026-02-28,pranarom,fra,poux huile de coco,1.1,5,15,final
2026-03-01,pranarom,fra,poux huile de coco,1,2,8,final
2026-03-02,pranarom,fra,poux huile de coco,1.8,2,8,final
2026-03-03,pranarom,fra,poux huile de coco,2,4,9,final
2026-03-04,pranarom,fra,poux huile de coco,2,4,8,final
2026-03-05,pranarom,fra,poux huile de coco,1,2,4,final
2026-03-06,pranarom,fra,poux huile de coco,1.5,4,10,final
2026-03-07,pranarom,fra,poux huile de coco,1,8,16,final
2026-03-08,pranarom,fra,poux huile de coco,1,3,17,final
2026-03-09,pranarom,fra,poux huile de coco,1,1,7,final
2026-03-10,pranarom,fra,poux huile de coco,1,1,6,final
2026-03-11,pranarom,fra,poux huile de coco,8.1,3,14,final
2026-03-12,pranarom,fra,poux huile de coco,1,3,5,final
2026-03-13,pranarom,fra,poux huile de coco,3.1,2,11,final
2026-03-14,pranarom,fra,poux huile de coco,1.2,1,10,final
2026-03-15,pranarom,fra,poux huile de coco,1.2,4,18,final
2026-03-16,pranarom,fra,poux huile de coco,1,3,13,final
2026-03-17,pranarom,fra,poux huile de coco,1,1,8,final
2026-03-18,pranarom,fra,poux huile de coco,1,5,9,final
2026-03-19,pranarom,fra,poux huile de coco,1,4,9,final
2026-03-20,pranarom,fra,poux huile de coco,1,1,6,final
2026-03-21,pranarom,fra,poux huile de coco,1,4,7,final
2026-03-22,pranarom,fra,poux huile de coco,1,9,18,final
2026-03-23,pranarom,fra,poux huile de coco,1,5,8,final
2026-03-24,pranarom,fra,poux huile de coco,1,4,12,final
2026-03-25,pranarom,fra,poux huile de coco,1,3,7,final
2026-03-26,pranarom,fra,poux huile de coco,1,1,5,final
2026-03-27,pranarom,fra,poux huile de coco,1,2,10,final
2026-03-28,pranarom,fra,poux huile de coco,1.1,6,12,final
2026-03-29,pranarom,fra,poux huile de coco,1,4,15,final
2026-03-30,pranarom,fra,poux huile de coco,1,3,8,final
2026-03-31,pranarom,fra,poux huile de coco,1,2,11,final
2026-04-01,pranarom,fra,poux huile de coco,1,3,6,final
2026-04-02,pranarom,fra,poux huile de coco,1,3,7,final
2026-04-03,pranarom,fra,poux huile de coco,1,3,8,final
2026-04-04,pranarom,fra,poux huile de coco,1,5,10,final
2026-04-05,pranarom,fra,poux huile de coco,1,5,10,final
2026-04-06,pranarom,fra,poux huile de coco,1,5,7,final
2026-04-07,pranarom,fra,poux huile de coco,1,4,8,final
2026-04-08,pranarom,fra,poux huile de coco,1,2,4,final
2026-04-09,pranarom,fra,poux huile de coco,1,3,8,final
2026-04-10,pranarom,fra,poux huile de coco,1,4,7,final
2026-04-11,pranarom,fra,poux huile de coco,1,7,13,final
2026-04-12,pranarom,fra,poux huile de coco,1,3,6,final
2026-04-13,pranarom,fra,poux huile de coco,1,2,9,final
2026-04-14,pranarom,fra,poux huile de coco,1,4,6,final
2026-04-15,pranarom,fra,poux huile de coco,1,1,6,final
2026-04-16,pranarom,fra,poux huile de coco,1,3,9,final
2026-04-17,pranarom,fra,poux huile de coco,1,2,4,final
2026-04-18,pranarom,fra,poux huile de coco,1,1,7,final
2026-04-19,pranarom,fra,poux huile de coco,1,3,9,final
2026-04-20,pranarom,fra,poux huile de coco,1,1,4,final
2026-04-21,pranarom,fra,poux huile de coco,1,3,9,final
2026-04-22,pranarom,fra,poux huile de coco,1,4,5,final
2026-04-23,pranarom,fra,poux huile de coco,1,0,8,final
2026-04-24,pranarom,fra,poux huile de coco,1,1,4,final
2026-04-25,pranarom,fra,poux huile de coco,1,6,13,final
2026-04-26,pranarom,fra,poux huile de coco,1,2,7,final
2026-04-27,pranarom,fra,poux huile de coco,1,6,11,final
2026-04-28,pranarom,fra,poux huile de coco,1,5,6,final
2026-04-29,pranarom,fra,poux huile de coco,1,4,8,final
2026-04-30,pranarom,fra,poux huile de coco,1,1,2,final
2026-05-01,pranarom,fra,poux huile de coco,1,2,7,final
2026-05-02,pranarom,fra,poux huile de coco,1,3,8,final
2026-05-03,pranarom,fra,poux huile de coco,1,8,17,final
2026-05-04,pranarom,fra,poux huile de coco,1,4,10,final
2026-05-05,pranarom,fra,poux huile de coco,1,5,7,final
2026-05-06,pranarom,fra,poux huile de coco,1,2,4,final
2026-05-07,pranarom,fra,poux huile de coco,1,2,6,final
2026-05-08,pranarom,fra,poux huile de coco,1,4,9,final
2026-05-09,pranarom,fra,poux huile de coco,1,3,5,final
2026-05-10,pranarom,fra,poux huile de coco,1,1,6,final
2026-05-11,pranarom,fra,poux huile de coco,1,1,8,final
2026-05-12,pranarom,fra,poux huile de coco,1,1,6,final
2026-05-13,pranarom,fra,poux huile de coco,1,3,11,final
2026-05-14,pranarom,fra,poux huile de coco,1,6,11,final
2026-05-15,pranarom,fra,poux huile de coco,1,2,8,final
2026-05-16,pranarom,fra,poux huile de coco,1,5,8,final
2026-05-17,pranarom,fra,poux huile de coco,1,3,6,final
2026-05-18,pranarom,fra,poux huile de coco,1,2,5,final
2026-05-19,pranarom,fra,poux huile de coco,1,0,6,final
2026-05-20,pranarom,fra,poux huile de coco,1,2,12,final
2026-05-21,pranarom,fra,poux huile de coco,1,1,6,final
2026-05-22,pranarom,fra,poux huile de coco,1,3,6,final
2026-05-23,pranarom,fra,poux huile de coco,1,1,3,final
2026-05-24,pranarom,fra,poux huile de coco,1,5,9,final
2026-05-25,pranarom,fra,poux huile de coco,1,2,9,final
2026-05-26,pranarom,fra,poux huile de coco,1,4,8,final
2026-05-27,pranarom,fra,poux huile de coco,1,1,3,final
2026-05-28,pranarom,fra,poux huile de coco,1,1,3,final
2026-05-29,pranarom,fra,poux huile de coco,1,3,5,final
2026-05-30,pranarom,fra,poux huile de coco,1,4,9,final
2026-05-31,pranarom,fra,poux huile de coco,1,4,9,final
2026-06-01,pranarom,fra,poux huile de coco,1,4,7,final
2026-06-02,pranarom,fra,poux huile de coco,1,1,3,final
2026-06-03,pranarom,fra,poux huile de coco,1,4,8,final
2026-06-04,pranarom,fra,poux huile de coco,1,1,4,final
2026-06-05,pranarom,fra,poux huile de coco,1,3,8,final
2026-06-06,pranarom,fra,poux huile de coco,1.3,2,7,final
2026-06-07,pranarom,fra,poux huile de coco,1,8,13,final
2026-06-08,pranarom,fra,poux huile de coco,1,3,8,final
2026-06-09,pranarom,fra,poux huile de coco,1,2,5,final
2026-06-10,pranarom,fra,poux huile de coco,1,4,10,final
2026-06-11,pranarom,fra,poux huile de coco,1,4,11,final
2026-06-12,pranarom,fra,poux huile de coco,1,2,5,final
2026-06-13,pranarom,fra,poux huile de coco,1,1,8,final
2026-06-14,pranarom,fra,poux huile de coco,1,6,13,final
2026-06-15,pranarom,fra,poux huile de coco,1,4,8,final
2026-06-16,pranarom,fra,poux huile de coco,1,0,2,final
2026-06-17,pranarom,fra,poux huile de coco,1,2,6,final
2026-06-18,pranarom,fra,poux huile de coco,1,0,6,final
2026-06-19,pranarom,fra,poux huile de coco,1,1,4,final
2026-06-20,pranarom,fra,poux huile de coco,1,1,3,final
2026-06-21,pranarom,fra,poux huile de coco,1,8,13,final
2026-06-22,pranarom,fra,poux huile de coco,1,2,5,final
2026-06-23,pranarom,fra,poux huile de coco,1,4,9,final
2026-06-24,pranarom,fra,poux huile de coco,4.7,0,3,final
2026-06-25,pranarom,fra,poux huile de coco,1,0,6,final
2026-06-26,pranarom,fra,poux huile de coco,1,3,7,final
2026-06-27,pranarom,fra,poux huile de coco,1,2,5,final
2026-06-28,pranarom,fra,poux huile de coco,1,3,12,final
2026-06-29,pranarom,fra,poux huile de coco,1,2,5,final
2026-06-30,pranarom,fra,poux huile de coco,1,1,3,final
2026-07-01,pranarom,fra,poux huile de coco,1,6,11,final
2026-07-02,pranarom,fra,poux huile de coco,1,4,10,final
2026-07-03,pranarom,fra,poux huile de coco,1,0,4,final
2026-07-04,pranarom,fra,poux huile de coco,1,1,8,final
2026-07-05,pranarom,fra,poux huile de coco,1,4,8,final
2026-07-06,pranarom,fra,poux huile de coco,1,2,8,final
2026-07-07,pranarom,fra,poux huile de coco,1,1,8,final
2026-07-08,pranarom,fra,poux huile de coco,1,4,6,final
2026-07-09,pranarom,fra,poux huile de coco,1,4,8,final
2026-07-10,pranarom,fra,poux huile de coco,1,2,5,final
2026-07-11,pranarom,fra,poux huile de coco,1,2,7,final
2026-07-12,pranarom,fra,poux huile de coco,1,0,10,final
2026-07-13,pranarom,fra,poux huile de coco,1,3,9,final
2026-07-14,pranarom,fra,poux huile de coco,1,2,7,final
2026-07-15,pranarom,fra,poux huile de coco,1,3,5,final
2026-07-16,pranarom,fra,poux huile de coco,1,2,3,final
2026-07-17,pranarom,fra,poux huile de coco,1,5,12,final
2026-07-18,pranarom,fra,poux huile de coco,1,7,11,final
2026-07-19,pranarom,fra,poux huile de coco,1,6,11,final
2026-07-20,pranarom,fra,poux huile de coco,1,3,11,final
2026-07-21,pranarom,fra,poux huile de coco,1,2,9,final
2026-07-22,pranarom,fra,poux huile de coco,1,3,10,final
2026-07-23,pranarom,fra,poux huile de coco,1,6,8,final
2026-07-24,pranarom,fra,poux huile de coco,1,5,9,final
2026-07-25,pranarom,fra,poux huile de coco,1,6,9,final
2026-07-26,pranarom,fra,poux huile de coco,1.1,3,16,final
2026-07-27,pranarom,fra,poux huile de coco,1,7,9,final
2026-07-28,pranarom,fra,poux huile de coco,1,1,10,final
2026-07-29,pranarom,fra,poux huile de coco,1,9,13,final
2026-07-30,pranarom,fra,poux huile de coco,1,1,6,final
2026-07-31,pranarom,fra,poux huile de coco,1,3,6,final
2026-08-01,pranarom,fra,poux huile de coco,1,5,14,final
2026-08-02,pranarom,fra,poux huile de coco,1,5,9,final
2026-08-03,pranarom,fra,poux huile de coco,1,4,10,final
2026-08-04,pranarom,fra,poux huile de coco,1,1,7,final
2026-08-05,pranarom,fra,poux huile de coco,1,4,10,final
2026-08-06,pranarom,fra,poux huile de coco,1.1,3,11,final
2026-08-07,pranarom,fra,poux huile de coco,1,1,7,final
2026-08-08,pranarom,fra,poux huile de coco,1,4,5,final
2026-08-09,pranarom,fra,poux huile de coco,1,8,19,final
2026-08-10,pranarom,fra,poux huile de coco,1,4,12,final
2026-08-11,pranarom,fra,poux huile de coco,1,3,9,final
2026-08-12,pranarom,fra,poux huile de coco,1.3,1,3,final
2026-08-13,pranarom,fra,poux huile de coco,1,2,3,final
2026-08-14,pranarom,fra,poux huile de coco,1,0,12,final
2026-08-15,pranarom,fra,poux huile de coco,1,3,8,final
2026-08-16,pranarom,fra,poux huile de coco,1,7,12,final
2026-08-17,pranarom,fra,poux huile de coco,1,5,14,final
2026-08-18,pranarom,fra,poux huile de coco,1.5,0,4,final
2026-08-19,pranarom,fra,poux huile de coco,1.2,2,13,final
2026-08-20,pranarom,fra,poux huile de coco,1.1,6,14,final
2026-08-21,pranarom,fra,poux huile de coco,1.2,0,5,final
2026-08-22,pranarom,fra,poux huile de coco,1,1,6,final
2026-08-23,pranarom,fra,poux huile de coco,1,8,18,final
2026-08-24,pranarom,fra,poux huile de coco,1,2,11,final
2026-08-25,pranarom,fra,poux huile de coco,1.2,7,16,final
2026-08-26,pranarom,fra,poux huile de coco,1,3,13,final
2026-08-27,pranarom,fra,poux huile de coco,1,6,17,final
2026-08-28,pranarom,fra,poux huile de coco,1,5,16,final
2026-08-29,pranarom,fra,poux huile de coco,1.1,6,17,final
2026-08-30,pranarom,fra,poux huile de coco,1.1,9,25,final
2026-08-31,pranarom,fra,poux huile de coco,1.1,3,10,final
2026-09-01,pranarom,fra,poux huile de coco,1.3,2,10,final
2026-09-02,pranarom,fra,poux huile de coco,1.2,2,4,final
2026-09-03,pranarom,fra,poux huile de coco,1.1,2,7,final
2026-09-04,pranarom,fra,poux huile de coco,1.6,0,5,final
2026-09-05,pranarom,fra,poux huile de coco,1.2,3,15,final
2026-09-06,pranarom,fra,poux huile de coco,1.4,6,14,final
2026-09-07,pranarom,fra,poux huile de coco,1,3,5,final
2026-09-08,pranarom,fra,poux huile de coco,1.1,1,8,final
2026-09-09,pranarom,fra,poux huile de coco,1,1,9,final
2026-09-10,pranarom,fra,poux huile de coco,1,1,3,final
2026-09-11,pranarom,fra,poux huile de coco,1,6,11,final
2026-09-12,pranarom,fra,poux huile de coco,1,3,12,final
2026-09-13,pranarom,fra,poux huile de coco,1,1,11,final
2026-09-14,pranarom,fra,poux huile de coco,1,1,11,final
2026-09-15,pranarom,fra,poux huile de coco,1,0,7,final
2026-09-16,pranarom,fra,poux huile de coco,1.3,2,10,final
2026-09-17,pranarom,fra,poux huile de coco,1,2,6,final
2026-09-18,pranarom,fra,poux huile de coco,1.1,6,11,final
2026-09-19,pranarom,fra,poux huile de coco,1,2,5,final
2026-09-20,pranarom,fra,poux huile de coco,1.1,3,14,final
2026-09-21,pranarom,fra,poux huile de coco,1.1,4,10,final
2026-09-22,pranarom,fra,poux huile de coco,1,3,17,final
2026-09-23,pranarom,fra,poux huile de coco,1.1,2,9,final
2026-09-24,pranarom,fra,poux huile de coco,1.2,0,5,final
2026-09-25,pranarom,fra,poux huile de coco,1,0,3,final
2026-09-26,pranarom,fra,poux huile de coco,1,1,10,final
2026-09-27,pranarom,fra,poux huile de coco,1,1,10,final
2026-09-28,pranarom,fra,poux huile de coco,1,2,3,final
2026-09-29,pranarom,fra,poux huile de coco,1,1,7,final
2026-09-30,pranarom,fra,poux huile de coco,1,0,7,final
2026-10-01,pranarom,fra,poux huile de coco,1,2,10,fresh
2026-10-02,pranarom,fra,poux huile de coco,1,1,8,fresh
2025-06-11,pranarom,fra,reaction piqure moustique,2,0,1,final
2026-05-28,pranarom,fra,reaction piqure moustique,9,0,3,final
2026-05-29,pranarom,fra,reaction piqure moustique,10.7,0,7,final
2026-05-30,pranarom,fra,reaction piqure moustique,11,0,11,final
2026-05-31,pranarom,fra,reaction piqure moustique,11,0,29,final
2026-06-01,pranarom,fra,reaction piqure moustique,11.2,0,5,final
2026-06-02,pranarom,fra,reaction piqure moustique,10.7,0,3,final
2026-06-03,pranarom,fra,reaction piqure moustique,11,0,1,final
2026-06-04,pranarom,fra,reaction piqure moustique,10.8,0,5,final
2026-06-05,pranarom,fra,reaction piqure moustique,11,0,3,final
2026-06-06,pranarom,fra,reaction piqure moustique,11,0,5,final
2026-06-07,pranarom,fra,reaction piqure moustique,11.2,0,5,final
2026-06-08,pranarom,fra,reaction piqure moustique,11,0,4,final
2026-06-09,pranarom,fra,reaction piqure moustique,11,0,4,final
2026-06-10,pranarom,fra,reaction piqure moustique,11,0,2,final
2026-06-11,pranarom,fra,reaction piqure moustique,10.6,0,5,final
2026-06-12,pranarom,fra,reaction piqure moustique,10.8,0,6,final
2026-06-13,pranarom,fra,reaction piqure moustique,9.4,0,13,final
2026-06-14,pranarom,fra,reaction piqure moustique,7.7,0,29,final
2026-06-15,pranarom,fra,reaction piqure moustique,6.7,1,27,final
2026-06-16,pranarom,fra,reaction piqure moustique,2.2,3,18,final
2026-06-17,pranarom,fra,reaction piqure moustique,2.2,4,29,final
2026-06-18,pranarom,fra,reaction piqure moustique,2.5,6,30,final
2026-06-19,pranarom,fra,reaction piqure moustique,1.4,5,30,final
2026-06-20,pranarom,fra,reaction piqure moustique,1.4,5,40,final
2026-06-21,pranarom,fra,reaction piqure moustique,1.3,3,32,final
2026-06-22,pranarom,fra,reaction piqure moustique,1.2,6,33,final
2026-06-23,pranarom,fra,reaction piqure moustique,2.3,5,32,final
2026-06-24,pranarom,fra,reaction piqure moustique,1,7,42,final
2026-06-25,pranarom,fra,reaction piqure moustique,2,3,28,final
2026-06-26,pranarom,fra,reaction piqure moustique,3.8,3,34,final
2026-06-27,pranarom,fra,reaction piqure moustique,3.7,2,38,final
2026-06-28,pranarom,fra,reaction piqure moustique,2.2,1,44,final
2026-06-29,pranarom,fra,reaction piqure moustique,2.9,3,28,final
2026-06-30,pranarom,fra,reaction piqure moustique,3.9,0,34,final
2026-07-01,pranarom,fra,reaction piqure moustique,3.9,0,15,final
2026-07-02,pranarom,fra,reaction piqure moustique,3.4,0,17,final
2026-07-03,pranarom,fra,reaction piqure moustique,3.4,1,24,final
2026-07-04,pranarom,fra,reaction piqure moustique,3.0,1,22,final
2026-07-05,pranarom,fra,reaction piqure moustique,2.9,5,51,final
2026-07-06,pranarom,fra,reaction piqure moustique,3.0,1,32,final
2026-07-07,pranarom,fra,reaction piqure moustique,3.5,4,38,final
2026-07-08,pranarom,fra,reaction piqure moustique,3.7,2,35,final
2026-07-09,pranarom,fra,reaction piqure moustique,3.2,2,37,final
2026-07-10,pranarom,fra,reaction piqure moustique,2.0,3,48,final
2026-07-11,pranarom,fra,reaction piqure moustique,1.3,7,36,final
2026-07-12,pranarom,fra,reaction piqure moustique,1.6,7,43,final
2026-07-13,pranarom,fra,reaction piqure moustique,1.2,5,43,final
2026-07-14,pranarom,fra,reaction piqure moustique,1.9,4,43,final
2026-07-15,pranarom,fra,reaction piqure moustique,1.2,3,51,final
2026-07-16,pranarom,fra,reaction piqure moustique,1,4,34,final
2026-07-17,pranarom,fra,reaction piqure moustique,2.1,2,46,final
2026-07-18,pranarom,fra,reaction piqure moustique,2.5,6,41,final
2026-07-19,pranarom,fra,reaction piqure moustique,2.2,5,57,final
2026-07-20,pranarom,fra,reaction piqure moustique,2,2,41,final
2026-07-21,pranarom,fra,reaction piqure moustique,1.2,3,25,final
2026-07-22,pranarom,fra,reaction piqure moustique,1.1,10,38,final
2026-07-23,pranarom,fra,reaction piqure moustique,1.8,4,28,final
2026-07-24,pranarom,fra,reaction piqure moustique,1.7,4,35,final
2026-07-25,pranarom,fra,reaction piqure moustique,1.7,6,34,final
2026-07-26,pranarom,fra,reaction piqure moustique,1.7,11,40,final
2026-07-27,pranarom,fra,reaction piqure moustique,2.1,5,59,final
2026-07-28,pranarom,fra,reaction piqure moustique,1.7,9,50,final
2026-07-29,pranarom,fra,reaction piqure moustique,1.8,13,61,final
2026-07-30,pranarom,fra,reaction piqure moustique,1.7,6,70,final
2026-07-31,pranarom,fra,reaction piqure moustique,1.9,3,49,final
2026-08-01,pranarom,fra,reaction piqure moustique,2.1,4,47,final
2026-08-02,pranarom,fra,reaction piqure moustique,1.9,5,66,final
2026-08-03,pranarom,fra,reaction piqure moustique,1.7,9,64,final
2026-08-04,pranarom,fra,reaction piqure moustique,1.7,10,54,final
2026-08-05,pranarom,fra,reaction piqure moustique,1.5,5,44,final
2026-08-06,pranarom,fra,reaction piqure moustique,2.1,3,72,final
2026-08-07,pranarom,fra,reaction piqure moustique,2.4,4,58,final
2026-08-08,pranarom,fra,reaction piqure moustique,2.2,1,58,final
2026-08-09,pranarom,fra,reaction piqure moustique,2.4,3,47,final
2026-08-10,pranarom,fra,reaction piqure moustique,2.0,5,66,final
2026-08-11,pranarom,fra,reaction piqure moustique,1.9,7,63,final
2026-08-12,pranarom,fra,reaction piqure moustique,2.1,3,56,final
2026-08-13,pranarom,fra,reaction piqure moustique,2,7,74,final
2026-08-14,pranarom,fra,reaction piqure moustique,2.2,5,77,final
2026-08-15,pranarom,fra,reaction piqure moustique,1.9,4,70,final
2026-08-16,pranarom,fra,reaction piqure moustique,2.0,5,83,final
2026-08-17,pranarom,fra,reaction piqure moustique,1.9,8,69,final
2026-08-18,pranarom,fra,reaction piqure moustique,2.1,3,51,final
2026-08-19,pranarom,fra,reaction piqure moustique,2.2,7,66,final
2026-08-20,pranarom,fra,reaction piqure moustique,2.1,5,43,final
2026-08-21,pranarom,fra,reaction piqure moustique,2.4,1,29,final
2026-08-22,pranarom,fra,reaction piqure moustique,2.4,4,47,final
2026-08-23,pranarom,fra,reaction piqure moustique,2.2,2,51,final
2026-08-24,pranarom,fra,reaction piqure moustique,2.4,3,49,final
2026-08-25,pranarom,fra,reaction piqure moustique,2.2,3,49,final
2026-08-26,pranarom,fra,reaction piqure moustique,2.2,5,60,final
2026-08-27,pranarom,fra,reaction piqure moustique,2.2,0,64,final
2026-08-28,pranarom,fra,reaction piqure moustique,2.1,1,38,final
2026-08-29,pranarom,fra,reaction piqure moustique,2.2,3,36,final
2026-08-30,pranarom,fra,reaction piqure moustique,2.3,3,50,final
2026-08-31,pranarom,fra,reaction piqure moustique,1.8,0,36,final
2026-09-01,pranarom,fra,reaction piqure moustique,2.0,3,51,final
2026-09-02,pranarom,fra,reaction piqure moustique,2.2,2,35,final
2026-09-03,pranarom,fra,reaction piqure moustique,2.5,1,22,final
2026-09-04,pranarom,fra,reaction piqure moustique,2.3,2,35,final
2026-09-05,pranarom,fra,reaction piqure moustique,2.3,3,35,final
2026-09-06,pranarom,fra,reaction piqure moustique,2.5,4,52,final
2026-09-07,pranarom,fra,reaction piqure moustique,2.2,3,59,final
2026-09-08,pranarom,fra,reaction piqure moustique,2.6,2,36,final
2026-09-09,pranarom,fra,reaction piqure moustique,2.3,1,30,final
2026-09-10,pranarom,fra,reaction piqure moustique,2.5,1,26,final
2026-09-11,pranarom,fra,reaction piqure moustique,2.3,1,24,final
2026-09-12,pranarom,fra,reaction piqure moustique,2.5,3,30,final
2026-09-13,pranarom,fra,reaction piqure moustique,2.8,3,53,final
2026-09-14,pranarom,fra,reaction piqure moustique,2.4,4,33,final
2026-09-15,pranarom,fra,reaction piqure moustique,2.3,2,39,final
2026-09-16,pranarom,fra,reaction piqure moustique,2.3,1,30,final
2026-09-17,pranarom,fra,reaction piqure moustique,2.4,0,28,final
2026-09-18,pranarom,fra,reaction piqure moustique,2.1,3,23,final
2026-09-19,pranarom,fra,reaction piqure moustique,2.9,1,30,final
2026-09-20,pranarom,fra,reaction piqure moustique,2.6,3,36,final
2026-09-21,pranarom,fra,reaction piqure moustique,2.6,1,29,final
2026-09-22,pranarom,fra,reaction piqure moustique,2.8,2,29,final
2026-09-23,pranarom,fra,reaction piqure moustique,1.6,0,28,final
2026-09-24,pranarom,fra,reaction piqure moustique,2.3,2,16,final
2026-09-25,pranarom,fra,reaction piqure moustique,2.1,5,35,final
2026-09-26,pranarom,fra,reaction piqure moustique,2.3,2,26,final
2026-09-27,pranarom,fra,reaction piqure moustique,1.9,4,28,final
2026-09-28,pranarom,fra,reaction piqure moustique,2.2,2,45,final
2026-09-29,pranarom,fra,reaction piqure moustique,1.7,6,26,final
2026-09-30,pranarom,fra,reaction piqure moustique,1.8,4,20,final
2026-10-01,pranarom,fra,reaction piqure moustique,1.4,3,23,fresh
2026-10-02,pranarom,fra,reaction piqure moustique,1.3,2,15,fresh
