date,site,country,grouping,section,segment,position,clicks,impressions,data_state
2025-06-10,pranarom,all,dossier,autres,total,2,0,2,final
2025-06-11,pranarom,all,dossier,autres,total,4.9,0,12,final
2025-06-12,pranarom,all,dossier,autres,total,15.1,0,7,final
2025-06-13,pranarom,all,dossier,autres,total,2.4,0,7,final
2025-06-14,pranarom,all,dossier,autres,total,6.3,2,17,final
2025-06-15,pranarom,all,dossier,autres,total,18.2,0,6,final
2025-06-16,pranarom,all,dossier,autres,total,3.2,0,6,final
2025-06-17,pranarom,all,dossier,autres,total,5.6,0,5,final
2025-06-18,pranarom,all,dossier,autres,total,6.7,0,3,final
2025-06-19,pranarom,all,dossier,autres,total,2,0,8,final
2025-06-20,pranarom,all,dossier,autres,total,2,1,3,final
2025-06-21,pranarom,all,dossier,autres,total,3,2,6,final
2025-06-22,pranarom,all,dossier,autres,total,5.1,3,9,final
2025-06-23,pranarom,all,dossier,autres,total,6.2,0,12,final
2025-06-24,pranarom,all,dossier,autres,total,4.1,1,9,final
2025-06-25,pranarom,all,dossier,autres,total,6.8,0,9,final
2025-06-26,pranarom,all,dossier,autres,total,4.7,1,7,final
2025-06-27,pranarom,all,dossier,autres,total,5,0,2,final
2025-06-28,pranarom,all,dossier,autres,total,4,0,3,final
2025-06-29,pranarom,all,dossier,autres,total,0,0,0,final
2025-06-30,pranarom,all,dossier,autres,total,3.8,0,9,final
2025-07-01,pranarom,all,dossier,autres,total,4.2,4,20,final
2025-07-02,pranarom,all,dossier,autres,total,16.2,1,8,final
2025-07-03,pranarom,all,dossier,autres,total,3,0,5,final
2025-07-04,pranarom,all,dossier,autres,total,20.3,1,6,final
2025-07-05,pranarom,all,dossier,autres,total,5.4,1,8,final
2025-07-06,pranarom,all,dossier,autres,total,4.4,0,12,final
2025-07-07,pranarom,all,dossier,autres,total,5.9,0,8,final
2025-07-08,pranarom,all,dossier,autres,total,4.2,0,6,final
2025-07-09,pranarom,all,dossier,autres,total,6.2,0,16,final
2025-07-10,pranarom,all,dossier,autres,total,18.6,0,10,final
2025-07-11,pranarom,all,dossier,autres,total,7.7,0,13,final
2025-07-12,pranarom,all,dossier,autres,total,5.3,1,15,final
2025-07-13,pranarom,all,dossier,autres,total,5.2,0,5,final
2025-07-14,pranarom,all,dossier,autres,total,2.9,1,7,final
2025-07-15,pranarom,all,dossier,autres,total,6.3,0,6,final
2025-07-16,pranarom,all,dossier,autres,total,5,2,13,final
2025-07-17,pranarom,all,dossier,autres,total,4.1,0,11,final
2025-07-18,pranarom,all,dossier,autres,total,5.6,0,8,final
2025-07-19,pranarom,all,dossier,autres,total,3.4,0,8,final
2025-07-20,pranarom,all,dossier,autres,total,5.8,1,4,final
2025-07-21,pranarom,all,dossier,autres,total,6.7,0,10,final
2025-07-22,pranarom,all,dossier,autres,total,4.7,2,12,final
2025-07-23,pranarom,all,dossier,autres,total,4.3,0,7,final
2025-07-24,pranarom,all,dossier,autres,total,4.3,0,3,final
2025-07-25,pranarom,all,dossier,autres,total,4.6,0,5,final
2025-07-26,pranarom,all,dossier,autres,total,7.3,0,15,final
2025-07-27,pranarom,all,dossier,autres,total,5.4,0,8,final
2025-07-28,pranarom,all,dossier,autres,total,4.8,0,5,final
2025-07-29,pranarom,all,dossier,autres,total,9.5,1,8,final
2025-07-30,pranarom,all,dossier,autres,total,5.3,1,6,final
2025-07-31,pranarom,all,dossier,autres,total,4,0,4,final
2025-08-01,pranarom,all,dossier,autres,total,4,0,2,final
2025-08-02,pranarom,all,dossier,autres,total,27.8,0,4,final
2025-08-03,pranarom,all,dossier,autres,total,4.4,1,5,final
2025-08-04,pranarom,all,dossier,autres,total,27.6,1,8,final
2025-08-05,pranarom,all,dossier,autres,total,14.1,0,9,final
2025-08-06,pranarom,all,dossier,autres,total,35.3,1,6,final
2025-08-07,pranarom,all,dossier,autres,total,6.8,1,4,final
2025-08-08,pranarom,all,dossier,autres,total,42.2,0,5,final
2025-08-09,pranarom,all,dossier,autres,total,4,0,6,final
2025-08-10,pranarom,all,dossier,autres,total,3,0,1,final
2025-08-11,pranarom,all,dossier,autres,total,7.9,1,19,final
2025-08-12,pranarom,all,dossier,autres,total,10.7,2,17,final
2025-08-13,pranarom,all,dossier,autres,total,13.6,0,5,final
2025-08-14,pranarom,all,dossier,autres,total,11.8,2,13,final
2025-08-15,pranarom,all,dossier,autres,total,2,0,1,final
2025-08-16,pranarom,all,dossier,autres,total,17.2,1,6,final
2025-08-17,pranarom,all,dossier,autres,total,0,0,0,final
2025-08-18,pranarom,all,dossier,autres,total,4,0,4,final
2025-08-19,pranarom,all,dossier,autres,total,4.5,3,20,final
2025-08-20,pranarom,all,dossier,autres,total,4.7,0,14,final
2025-08-21,pranarom,all,dossier,autres,total,12.2,0,16,final
2025-08-22,pranarom,all,dossier,autres,total,4.5,1,6,final
2025-08-23,pranarom,all,dossier,autres,total,3.5,0,2,final
2025-08-24,pranarom,all,dossier,autres,total,6.2,0,4,final
2025-08-25,pranarom,all,dossier,autres,total,4.4,2,12,final
2025-08-26,pranarom,all,dossier,autres,total,8.2,2,12,final
2025-08-27,pranarom,all,dossier,autres,total,12.2,1,20,final
2025-08-28,pranarom,all,dossier,autres,total,4.9,1,11,final
2025-08-29,pranarom,all,dossier,autres,total,22.4,3,11,final
2025-08-30,pranarom,all,dossier,autres,total,15,2,13,final
2025-08-31,pranarom,all,dossier,autres,total,4,0,2,final
2025-09-01,pranarom,all,dossier,autres,total,12.9,1,10,final
2025-09-02,pranarom,all,dossier,autres,total,17.6,1,14,final
2025-09-03,pranarom,all,dossier,autres,total,2.3,0,3,final
2025-09-04,pranarom,all,dossier,autres,total,4.8,1,12,final
2025-09-05,pranarom,all,dossier,autres,total,39.4,0,7,final
2025-09-06,pranarom,all,dossier,autres,total,4.9,1,8,final
2025-09-07,pranarom,all,dossier,autres,total,28.7,0,10,final
2025-09-08,pranarom,all,dossier,autres,total,28.9,0,12,final
2025-09-09,pranarom,all,dossier,autres,total,3.5,0,11,final
2025-09-10,pranarom,all,dossier,autres,total,19.1,0,19,final
2025-09-11,pranarom,all,dossier,autres,total,3.6,2,8,final
2025-09-12,pranarom,all,dossier,autres,total,21.6,1,20,final
2025-09-13,pranarom,all,dossier,autres,total,6,0,2,final
2025-09-14,pranarom,all,dossier,autres,total,3,0,2,final
2025-09-15,pranarom,all,dossier,autres,total,5.8,0,6,final
2025-09-16,pranarom,all,dossier,autres,total,5.5,1,18,final
2025-09-17,pranarom,all,dossier,autres,total,4.4,2,13,final
2025-09-18,pranarom,all,dossier,autres,total,12.5,2,6,final
2025-09-19,pranarom,all,dossier,autres,total,4.2,0,4,final
2025-09-20,pranarom,all,dossier,autres,total,4.3,0,3,final
2025-09-21,pranarom,all,dossier,autres,total,13.3,0,18,final
2025-09-22,pranarom,all,dossier,autres,total,3.6,1,11,final
2025-09-23,pranarom,all,dossier,autres,total,4.1,2,14,final
2025-09-24,pranarom,all,dossier,autres,total,3.4,2,7,final
2025-09-25,pranarom,all,dossier,autres,total,5.5,4,13,final
2025-09-26,pranarom,all,dossier,autres,total,3.9,1,14,final
2025-09-27,pranarom,all,dossier,autres,total,11.5,1,8,final
2025-09-28,pranarom,all,dossier,autres,total,5,1,9,final
2025-09-29,pranarom,all,dossier,autres,total,4.9,0,12,final
2025-09-30,pranarom,all,dossier,autres,total,4.5,2,17,final
2025-10-01,pranarom,all,dossier,autres,total,3.8,0,4,final
2025-10-02,pranarom,all,dossier,autres,total,10.6,2,15,final
2025-10-03,pranarom,all,dossier,autres,total,6,0,3,final
2025-10-04,pranarom,all,dossier,autres,total,2.7,0,3,final
2025-10-05,pranarom,all,dossier,autres,total,13.4,0,8,final
2025-10-06,pranarom,all,dossier,autres,total,58,0,8,final
2025-10-07,pranarom,all,dossier,autres,total,36.0,0,20,final
2025-10-08,pranarom,all,dossier,autres,total,27.1,1,19,final
2025-10-09,pranarom,all,dossier,autres,total,33.3,0,18,final
2025-10-10,pranarom,all,dossier,autres,total,29.2,1,21,final
2025-10-11,pranarom,all,dossier,autres,total,9,0,20,final
2025-10-12,pranarom,all,dossier,autres,total,15,0,8,final
2025-10-13,pranarom,all,dossier,autres,total,6.5,0,4,final
2025-10-14,pranarom,all,dossier,autres,total,7,0,3,final
2025-10-15,pranarom,all,dossier,autres,total,3.4,0,11,final
2025-10-16,pranarom,all,dossier,autres,total,2.3,0,7,final
2025-10-17,pranarom,all,dossier,autres,total,18.7,0,7,final
2025-10-18,pranarom,all,dossier,autres,total,2.3,1,3,final
2025-10-19,pranarom,all,dossier,autres,total,4.3,0,11,final
2025-10-20,pranarom,all,dossier,autres,total,3.3,0,17,final
2025-10-21,pranarom,all,dossier,autres,total,4.5,1,8,final
2025-10-22,pranarom,all,dossier,autres,total,5.6,1,14,final
2025-10-23,pranarom,all,dossier,autres,total,3.3,1,7,final
2025-10-24,pranarom,all,dossier,autres,total,4.3,1,3,final
2025-10-25,pranarom,all,dossier,autres,total,4,0,5,final
2025-10-26,pranarom,all,dossier,autres,total,8,0,4,final
2025-10-27,pranarom,all,dossier,autres,total,4.1,1,11,final
2025-10-28,pranarom,all,dossier,autres,total,9.8,1,6,final
2025-10-29,pranarom,all,dossier,autres,total,4.9,1,7,final
2025-10-30,pranarom,all,dossier,autres,total,5.6,2,12,final
2025-10-31,pranarom,all,dossier,autres,total,4.7,0,9,final
2025-11-01,pranarom,all,dossier,autres,total,4.1,0,12,final
2025-11-02,pranarom,all,dossier,autres,total,5.2,0,4,final
2025-11-03,pranarom,all,dossier,autres,total,4.5,1,11,final
2025-11-04,pranarom,all,dossier,autres,total,4.2,0,12,final
2025-11-05,pranarom,all,dossier,autres,total,4.3,0,11,final
2025-11-06,pranarom,all,dossier,autres,total,4.1,0,14,final
2025-11-07,pranarom,all,dossier,autres,total,1.8,1,11,final
2025-11-08,pranarom,all,dossier,autres,total,5.3,0,3,final
2025-11-09,pranarom,all,dossier,autres,total,3.2,0,8,final
2025-11-10,pranarom,all,dossier,autres,total,3.8,0,5,final
2025-11-11,pranarom,all,dossier,autres,total,3,1,10,final
2025-11-12,pranarom,all,dossier,autres,total,3,0,7,final
2025-11-13,pranarom,all,dossier,autres,total,3.9,1,17,final
2025-11-14,pranarom,all,dossier,autres,total,17.2,1,8,final
2025-11-15,pranarom,all,dossier,autres,total,2.8,1,8,final
2025-11-16,pranarom,all,dossier,autres,total,2,2,10,final
2025-11-17,pranarom,all,dossier,autres,total,4,3,10,final
2025-11-18,pranarom,all,dossier,autres,total,3.5,3,14,final
2025-11-19,pranarom,all,dossier,autres,total,7,1,5,final
2025-11-20,pranarom,all,dossier,autres,total,3.8,0,8,final
2025-11-21,pranarom,all,dossier,autres,total,2.4,0,5,final
2025-11-22,pranarom,all,dossier,autres,total,2,0,5,final
2025-11-23,pranarom,all,dossier,autres,total,2,0,3,final
2025-11-24,pranarom,all,dossier,autres,total,4.3,1,6,final
2025-11-25,pranarom,all,dossier,autres,total,2.4,2,8,final
2025-11-26,pranarom,all,dossier,autres,total,6,0,9,final
2025-11-27,pranarom,all,dossier,autres,total,7,2,7,final
2025-11-28,pranarom,all,dossier,autres,total,4.8,0,6,final
2025-11-29,pranarom,all,dossier,autres,total,9,0,1,final
2025-11-30,pranarom,all,dossier,autres,total,2.4,0,9,final
2025-12-01,pranarom,all,dossier,autres,total,6.6,0,8,final
2025-12-02,pranarom,all,dossier,autres,total,9.4,0,8,final
2025-12-03,pranarom,all,dossier,autres,total,4.2,1,11,final
2025-12-04,pranarom,all,dossier,autres,total,8.2,0,8,final
2025-12-05,pranarom,all,dossier,autres,total,4.4,2,8,final
2025-12-06,pranarom,all,dossier,autres,total,8.7,2,7,final
2025-12-07,pranarom,all,dossier,autres,total,7.6,1,11,final
2025-12-08,pranarom,all,dossier,autres,total,19.4,0,12,final
2025-12-09,pranarom,all,dossier,autres,total,7.1,1,10,final
2025-12-10,pranarom,all,dossier,autres,total,23.4,0,18,final
2025-12-11,pranarom,all,dossier,autres,total,10.1,0,12,final
2025-12-12,pranarom,all,dossier,autres,total,4,0,9,final
2025-12-13,pranarom,all,dossier,autres,total,16.9,0,13,final
2025-12-14,pranarom,all,dossier,autres,total,8.9,1,14,final
2025-12-15,pranarom,all,dossier,autres,total,17.2,1,17,final
2025-12-16,pranarom,all,dossier,autres,total,3.7,0,6,final
2025-12-17,pranarom,all,dossier,autres,total,2.6,1,8,final
2025-12-18,pranarom,all,dossier,autres,total,9,0,8,final
2025-12-19,pranarom,all,dossier,autres,total,2,1,5,final
2025-12-20,pranarom,all,dossier,autres,total,3,0,5,final
2025-12-21,pranarom,all,dossier,autres,total,9.4,1,17,final
2025-12-22,pranarom,all,dossier,autres,total,5.7,0,6,final
2025-12-23,pranarom,all,dossier,autres,total,4.2,0,5,final
2025-12-24,pranarom,all,dossier,autres,total,27.5,0,2,final
2025-12-25,pranarom,all,dossier,autres,total,5.7,0,3,final
2025-12-26,pranarom,all,dossier,autres,total,7.9,0,17,final
2025-12-27,pranarom,all,dossier,autres,total,2.6,0,5,final
2025-12-28,pranarom,all,dossier,autres,total,5,1,7,final
2025-12-29,pranarom,all,dossier,autres,total,2,1,7,final
2025-12-30,pranarom,all,dossier,autres,total,11.9,0,9,final
2025-12-31,pranarom,all,dossier,autres,total,2,0,3,final
2026-01-01,pranarom,all,dossier,autres,total,3.2,0,5,final
2026-01-02,pranarom,all,dossier,autres,total,13.9,0,7,final
2026-01-03,pranarom,all,dossier,autres,total,7.4,2,12,final
2026-01-04,pranarom,all,dossier,autres,total,12.2,1,8,final
2026-01-05,pranarom,all,dossier,autres,total,4.7,1,19,final
2026-01-06,pranarom,all,dossier,autres,total,3.4,1,11,final
2026-01-07,pranarom,all,dossier,autres,total,9.9,1,9,final
2026-01-08,pranarom,all,dossier,autres,total,8.5,2,15,final
2026-01-09,pranarom,all,dossier,autres,total,3.4,1,8,final
2026-01-10,pranarom,all,dossier,autres,total,4.3,0,6,final
2026-01-11,pranarom,all,dossier,autres,total,7.1,1,10,final
2026-01-12,pranarom,all,dossier,autres,total,4.3,8,28,final
2026-01-13,pranarom,all,dossier,autres,total,4.2,1,14,final
2026-01-14,pranarom,all,dossier,autres,total,11.2,0,15,final
2026-01-15,pranarom,all,dossier,autres,total,9.8,2,20,final
2026-01-16,pranarom,all,dossier,autres,total,8.9,0,13,final
2026-01-17,pranarom,all,dossier,autres,total,24.1,0,7,final
2026-01-18,pranarom,all,dossier,autres,total,13.2,0,13,final
2026-01-19,pranarom,all,dossier,autres,total,17.7,1,19,final
2026-01-20,pranarom,all,dossier,autres,total,11.2,2,20,final
2026-01-21,pranarom,all,dossier,autres,total,14.6,0,14,final
2026-01-22,pranarom,all,dossier,autres,total,15.7,3,24,final
2026-01-23,pranarom,all,dossier,autres,total,13.8,2,12,final
2026-01-24,pranarom,all,dossier,autres,total,40.2,0,6,final
2026-01-25,pranarom,all,dossier,autres,total,14.8,2,10,final
2026-01-26,pranarom,all,dossier,autres,total,21.2,1,14,final
2026-01-27,pranarom,all,dossier,autres,total,17.2,1,18,final
2026-01-28,pranarom,all,dossier,autres,total,6,3,20,final
2026-01-29,pranarom,all,dossier,autres,total,11.1,4,28,final
2026-01-30,pranarom,all,dossier,autres,total,6.2,2,27,final
2026-01-31,pranarom,all,dossier,autres,total,8.7,1,10,final
2026-02-01,pranarom,all,dossier,autres,total,15.9,0,14,final
2026-02-02,pranarom,all,dossier,autres,total,7,2,22,final
2026-02-03,pranarom,all,dossier,autres,total,9.2,3,22,final
2026-02-04,pranarom,all,dossier,autres,total,4.7,0,20,final
2026-02-05,pranarom,all,dossier,autres,total,10.8,1,26,final
2026-02-06,pranarom,all,dossier,autres,total,4.4,2,37,final
2026-02-07,pranarom,all,dossier,autres,total,5.1,0,10,final
2026-02-08,pranarom,all,dossier,autres,total,13.6,2,16,final
2026-02-09,pranarom,all,dossier,autres,total,7.0,3,34,final
2026-02-10,pranarom,all,dossier,autres,total,6.4,4,35,final
2026-02-11,pranarom,all,dossier,autres,total,13.1,3,20,final
2026-02-12,pranarom,all,dossier,autres,total,12.2,0,14,final
2026-02-13,pranarom,all,dossier,autres,total,7.9,6,27,final
2026-02-14,pranarom,all,dossier,autres,total,38.8,0,11,final
2026-02-15,pranarom,all,dossier,autres,total,19,1,20,final
2026-02-16,pranarom,all,dossier,autres,total,11.9,2,22,final
2026-02-17,pranarom,all,dossier,autres,total,17.6,2,26,final
2026-02-18,pranarom,all,dossier,autres,total,16.5,4,30,final
2026-02-19,pranarom,all,dossier,autres,total,9.2,1,9,final
2026-02-20,pranarom,all,dossier,autres,total,20.5,2,25,final
2026-02-21,pranarom,all,dossier,autres,total,20.4,3,37,final
2026-02-22,pranarom,all,dossier,autres,total,28.7,0,6,final
2026-02-23,pranarom,all,dossier,autres,total,25.2,1,26,final
2026-02-24,pranarom,all,dossier,autres,total,21.7,4,37,final
2026-02-25,pranarom,all,dossier,autres,total,9.6,2,20,final
2026-02-26,pranarom,all,dossier,autres,total,5.4,1,22,final
2026-02-27,pranarom,all,dossier,autres,total,4.4,2,24,final
2026-02-28,pranarom,all,dossier,autres,total,27.3,0,3,final
2026-03-01,pranarom,all,dossier,autres,total,4.5,1,6,final
2026-03-02,pranarom,all,dossier,autres,total,10.1,0,10,final
2026-03-03,pranarom,all,dossier,autres,total,14.7,0,21,final
2026-03-04,pranarom,all,dossier,autres,total,7.2,0,6,final
2026-03-05,pranarom,all,dossier,autres,total,21.5,1,15,final
2026-03-06,pranarom,all,dossier,autres,total,33.7,0,10,final
2026-03-07,pranarom,all,dossier,autres,total,44.6,0,9,final
2026-03-08,pranarom,all,dossier,autres,total,6,0,12,final
2026-03-09,pranarom,all,dossier,autres,total,20.3,0,14,final
2026-03-10,pranarom,all,dossier,autres,total,9,1,13,final
2026-03-11,pranarom,all,dossier,autres,total,23.6,1,13,final
2026-03-12,pranarom,all,dossier,autres,total,13.2,0,17,final
2026-03-13,pranarom,all,dossier,autres,total,13.4,0,23,final
2026-03-14,pranarom,all,dossier,autres,total,29.6,3,39,final
2026-03-15,pranarom,all,dossier,autres,total,32,0,29,final
2026-03-16,pranarom,all,dossier,autres,total,40.5,0,32,final
2026-03-17,pranarom,all,dossier,autres,total,40.7,3,31,final
2026-03-18,pranarom,all,dossier,autres,total,36.7,0,37,final
2026-03-19,pranarom,all,dossier,autres,total,32.2,1,25,final
2026-03-20,pranarom,all,dossier,autres,total,16.8,1,18,final
2026-03-21,pranarom,all,dossier,autres,total,23.3,0,15,final
2026-03-22,pranarom,all,dossier,autres,total,36.4,1,18,final
2026-03-23,pranarom,all,dossier,autres,total,29.2,3,42,final
2026-03-24,pranarom,all,dossier,autres,total,8.7,0,37,final
2026-03-25,pranarom,all,dossier,autres,total,13.2,0,23,final
2026-03-26,pranarom,all,dossier,autres,total,13.1,0,26,final
2026-03-27,pranarom,all,dossier,autres,total,11,1,11,final
2026-03-28,pranarom,all,dossier,autres,total,17.8,0,13,final
2026-03-29,pranarom,all,dossier,autres,total,9.3,0,9,final
2026-03-30,pranarom,all,dossier,autres,total,13.8,1,31,final
2026-03-31,pranarom,all,dossier,autres,total,18.5,1,42,final
2026-04-01,pranarom,all,dossier,autres,total,6.4,1,33,final
2026-04-02,pranarom,all,dossier,autres,total,6.7,1,18,final
2026-04-03,pranarom,all,dossier,autres,total,27.4,0,13,final
2026-04-04,pranarom,all,dossier,autres,total,10.2,0,19,final
2026-04-05,pranarom,all,dossier,autres,total,9.7,0,12,final
2026-04-06,pranarom,all,dossier,autres,total,6.7,1,14,final
2026-04-07,pranarom,all,dossier,autres,total,7.9,1,16,final
2026-04-08,pranarom,all,dossier,autres,total,19,0,7,final
2026-04-09,pranarom,all,dossier,autres,total,9.3,1,35,final
2026-04-10,pranarom,all,dossier,autres,total,9.9,0,15,final
2026-04-11,pranarom,all,dossier,autres,total,10.7,0,14,final
2026-04-12,pranarom,all,dossier,autres,total,9,0,23,final
2026-04-13,pranarom,all,dossier,autres,total,8.1,3,34,final
2026-04-14,pranarom,all,dossier,autres,total,7.7,6,26,final
2026-04-15,pranarom,all,dossier,autres,total,9.6,3,27,final
2026-04-16,pranarom,all,dossier,autres,total,8.1,0,19,final
2026-04-17,pranarom,all,dossier,autres,total,4.2,1,20,final
2026-04-18,pranarom,all,dossier,autres,total,3.5,1,10,final
2026-04-19,pranarom,all,dossier,autres,total,8.9,0,12,final
2026-04-20,pranarom,all,dossier,autres,total,5.5,0,8,final
2026-04-21,pranarom,all,dossier,autres,total,6.3,5,32,final
2026-04-22,pranarom,all,dossier,autres,total,3.3,2,18,final
2026-04-23,pranarom,all,dossier,autres,total,15.1,1,16,final
2026-04-24,pranarom,all,dossier,autres,total,4.6,2,17,final
2026-04-25,pranarom,all,dossier,autres,total,8.2,0,4,final
2026-04-26,pranarom,all,dossier,autres,total,8.5,0,2,final
2026-04-27,pranarom,all,dossier,autres,total,6.4,0,8,final
2026-04-28,pranarom,all,dossier,autres,total,7.8,2,30,final
2026-04-29,pranarom,all,dossier,autres,total,4.6,2,12,final
2026-04-30,pranarom,all,dossier,autres,total,3.2,2,16,final
2026-05-01,pranarom,all,dossier,autres,total,6.2,1,8,final
2026-05-02,pranarom,all,dossier,autres,total,7.2,1,8,final
2026-05-03,pranarom,all,dossier,autres,total,3.9,0,8,final
2026-05-04,pranarom,all,dossier,autres,total,5.4,2,14,final
2026-05-05,pranarom,all,dossier,autres,total,4.8,3,26,final
2026-05-06,pranarom,all,dossier,autres,total,9.8,2,29,final
2026-05-07,pranarom,all,dossier,autres,total,17.8,1,29,final
2026-05-08,pranarom,all,dossier,autres,total,7.3,2,27,final
2026-05-09,pranarom,all,dossier,autres,total,14,1,19,final
2026-05-10,pranarom,all,dossier,autres,total,7.5,0,22,final
2026-05-11,pranarom,all,dossier,autres,total,16.5,1,11,final
2026-05-12,pranarom,all,dossier,autres,total,9.6,1,18,final
2026-05-13,pranarom,all,dossier,autres,total,14.2,1,12,final
2026-05-14,pranarom,all,dossier,autres,total,30.3,1,11,final
2026-05-15,pranarom,all,dossier,autres,total,10.4,1,12,final
2026-05-16,pranarom,all,dossier,autres,total,4.9,2,10,final
2026-05-17,pranarom,all,dossier,autres,total,4.5,1,13,final
2026-05-18,pranarom,all,dossier,autres,total,6.0,0,20,final
2026-05-19,pranarom,all,dossier,autres,total,4.1,2,22,final
2026-05-20,pranarom,all,dossier,autres,total,14.8,3,11,final
2026-05-21,pranarom,all,dossier,autres,total,4.9,1,23,final
2026-05-22,pranarom,all,dossier,autres,total,5,0,17,final
2026-05-23,pranarom,all,dossier,autres,total,6.5,0,6,final
2026-05-24,pranarom,all,dossier,autres,total,3.3,0,7,final
2026-05-25,pranarom,all,dossier,autres,total,8,1,2,final
2026-05-26,pranarom,all,dossier,autres,total,8.8,0,13,final
2026-05-27,pranarom,all,dossier,autres,total,4,1,17,final
2026-05-28,pranarom,all,dossier,autres,total,3.5,3,13,final
2026-05-29,pranarom,all,dossier,autres,total,5.6,0,7,final
2026-05-30,pranarom,all,dossier,autres,total,3.8,0,6,final
2026-05-31,pranarom,all,dossier,autres,total,0,0,0,final
2026-06-01,pranarom,all,dossier,autres,total,3.3,0,6,final
2026-06-02,pranarom,all,dossier,autres,total,5.2,0,10,final
2026-06-03,pranarom,all,dossier,autres,total,5.6,0,14,final
2026-06-04,pranarom,all,dossier,autres,total,6.1,0,17,final
2026-06-05,pranarom,all,dossier,autres,total,5.7,0,11,final
2026-06-06,pranarom,all,dossier,autres,total,18.7,0,3,final
2026-06-07,pranarom,all,dossier,autres,total,1.9,0,9,final
2026-06-08,pranarom,all,dossier,autres,total,11.8,0,14,final
2026-06-09,pranarom,all,dossier,autres,total,5.2,0,25,final
2026-06-10,pranarom,all,dossier,autres,total,5.1,2,28,final
2026-06-11,pranarom,all,dossier,autres,total,6.5,0,16,final
2026-06-12,pranarom,all,dossier,autres,total,6.9,0,10,final
2026-06-13,pranarom,all,dossier,autres,total,11.3,0,3,final
2026-06-14,pranarom,all,dossier,autres,total,5.5,0,2,final
2026-06-15,pranarom,all,dossier,autres,total,4,0,11,final
2026-06-16,pranarom,all,dossier,autres,total,5.7,1,23,final
2026-06-17,pranarom,all,dossier,autres,total,21.6,3,16,final
2026-06-18,pranarom,all,dossier,autres,total,5.2,1,6,final
2026-06-19,pranarom,all,dossier,autres,total,5.5,2,19,final
2026-06-20,pranarom,all,dossier,autres,total,11.9,1,7,final
2026-06-21,pranarom,all,dossier,autres,total,13.8,0,4,final
2026-06-22,pranarom,all,dossier,autres,total,9.1,0,19,final
2026-06-23,pranarom,all,dossier,autres,total,7.4,1,29,final
2026-06-24,pranarom,all,dossier,autres,total,5.4,2,34,final
2026-06-25,pranarom,all,dossier,autres,total,6.1,1,15,final
2026-06-26,pranarom,all,dossier,autres,total,4.8,1,16,final
2026-06-27,pranarom,all,dossier,autres,total,9.9,3,16,final
2026-06-28,pranarom,all,dossier,autres,total,5.6,0,11,final
2026-06-29,pranarom,all,dossier,autres,total,7.2,0,5,final
2026-06-30,pranarom,all,dossier,autres,total,5.6,1,11,final
2026-07-01,pranarom,all,dossier,autres,total,7.5,0,13,final
2026-07-02,pranarom,all,dossier,autres,total,3.6,0,7,final
2026-07-03,pranarom,all,dossier,autres,total,28,0,1,final
2026-07-04,pranarom,all,dossier,autres,total,27,0,1,final
2026-07-05,pranarom,all,dossier,autres,total,5.9,0,8,final
2026-07-06,pranarom,all,dossier,autres,total,6,1,11,final
2026-07-07,pranarom,all,dossier,autres,total,4.6,1,17,final
2026-07-08,pranarom,all,dossier,autres,total,5.6,1,5,final
2026-07-09,pranarom,all,dossier,autres,total,6.8,1,20,final
2026-07-10,pranarom,all,dossier,autres,total,7.8,2,8,final
2026-07-11,pranarom,all,dossier,autres,total,14,0,6,final
2026-07-12,pranarom,all,dossier,autres,total,15.4,0,7,final
2026-07-13,pranarom,all,dossier,autres,total,6.2,0,16,final
2026-07-14,pranarom,all,dossier,autres,total,4.8,0,11,final
2026-07-15,pranarom,all,dossier,autres,total,3.3,0,7,final
2026-07-16,pranarom,all,dossier,autres,total,5.8,1,16,final
2026-07-17,pranarom,all,dossier,autres,total,7,1,10,final
2026-07-18,pranarom,all,dossier,autres,total,5,0,2,final
2026-07-19,pranarom,all,dossier,autres,total,8.3,0,3,final
2026-07-20,pranarom,all,dossier,autres,total,4,0,5,final
2026-07-21,pranarom,all,dossier,autres,total,7.1,1,14,final
2026-07-22,pranarom,all,dossier,autres,total,4.9,1,18,final
2026-07-23,pranarom,all,dossier,autres,total,3.4,0,9,final
2026-07-24,pranarom,all,dossier,autres,total,4.4,0,9,final
2026-07-25,pranarom,all,dossier,autres,total,39.1,0,10,final
2026-07-26,pranarom,all,dossier,autres,total,70.2,0,4,final
2026-07-27,pranarom,all,dossier,autres,total,26.9,0,15,final
2026-07-28,pranarom,all,dossier,autres,total,54.3,0,14,final
2026-07-29,pranarom,all,dossier,autres,total,42.5,2,27,final
2026-07-30,pranarom,all,dossier,autres,total,37.4,0,16,final
2026-07-31,pranarom,all,dossier,autres,total,43.4,1,8,final
2026-08-01,pranarom,all,dossier,autres,total,32.2,0,13,final
2026-08-02,pranarom,all,dossier,autres,total,58.5,0,12,final
2026-08-03,pranarom,all,dossier,autres,total,23.9,0,19,final
2026-08-04,pranarom,all,dossier,autres,total,4.1,3,18,final
2026-08-05,pranarom,all,dossier,autres,total,17.3,1,14,final
2026-08-06,pranarom,all,dossier,autres,total,37.9,1,15,final
2026-08-07,pranarom,all,dossier,autres,total,15.8,3,17,final
2026-08-08,pranarom,all,dossier,autres,total,23,1,14,final
2026-08-09,pranarom,all,dossier,autres,total,34,0,3,final
2026-08-10,pranarom,all,dossier,autres,total,25.1,0,17,final
2026-08-11,pranarom,all,dossier,autres,total,3.3,0,7,final
2026-08-12,pranarom,all,dossier,autres,total,33.0,2,22,final
2026-08-13,pranarom,all,dossier,autres,total,27.8,2,21,final
2026-08-14,pranarom,all,dossier,autres,total,10.6,0,12,final
2026-08-15,pranarom,all,dossier,autres,total,35.4,0,9,final
2026-08-16,pranarom,all,dossier,autres,total,47.8,0,4,final
2026-08-17,pranarom,all,dossier,autres,total,79.4,0,8,final
2026-08-18,pranarom,all,dossier,autres,total,38.5,0,15,final
2026-08-19,pranarom,all,dossier,autres,total,44.2,0,23,final
2026-08-20,pranarom,all,dossier,autres,total,44.9,0,21,final
2026-08-21,pranarom,all,dossier,autres,total,32.8,0,31,final
2026-08-22,pranarom,all,dossier,autres,total,60.2,0,15,final
2026-08-23,pranarom,all,dossier,autres,total,54.5,0,19,final
2026-08-24,pranarom,all,dossier,autres,total,48.2,0,18,final
2026-08-25,pranarom,all,dossier,autres,total,49.0,0,25,final
2026-08-26,pranarom,all,dossier,autres,total,56.6,0,24,final
2026-08-27,pranarom,all,dossier,autres,total,45.8,0,31,final
2026-08-28,pranarom,all,dossier,autres,total,54.8,0,18,final
2026-08-29,pranarom,all,dossier,autres,total,41.1,1,9,final
2026-08-30,pranarom,all,dossier,autres,total,64.1,0,8,final
2026-08-31,pranarom,all,dossier,autres,total,51.4,1,21,final
2026-09-01,pranarom,all,dossier,autres,total,54.7,1,18,final
2026-09-02,pranarom,all,dossier,autres,total,27.7,0,23,final
2026-09-03,pranarom,all,dossier,autres,total,47.7,1,18,final
2026-09-04,pranarom,all,dossier,autres,total,28.8,0,19,final
2026-09-05,pranarom,all,dossier,autres,total,50.6,0,10,final
2026-09-06,pranarom,all,dossier,autres,total,94.2,0,5,final
2026-09-07,pranarom,all,dossier,autres,total,34.7,0,21,final
2026-09-08,pranarom,all,dossier,autres,total,30.4,1,17,final
2026-09-09,pranarom,all,dossier,autres,total,43.3,2,16,final
2026-09-10,pranarom,all,dossier,autres,total,25.1,1,17,final
2026-09-11,pranarom,all,dossier,autres,total,18.9,1,25,final
2026-09-12,pranarom,all,dossier,autres,total,28.1,0,22,final
2026-09-13,pranarom,all,dossier,autres,total,34.1,0,16,final
2026-09-14,pranarom,all,dossier,autres,total,18.5,2,24,final
2026-09-15,pranarom,all,dossier,autres,total,17.4,1,18,final
2026-09-16,pranarom,all,dossier,autres,total,22.8,2,17,final
2026-09-17,pranarom,all,dossier,autres,total,24.9,1,7,final
2026-09-18,pranarom,all,dossier,autres,total,16.2,4,27,final
2026-09-19,pranarom,all,dossier,autres,total,26.1,0,14,final
2026-09-20,pranarom,all,dossier,autres,total,54.3,0,7,final
2026-09-21,pranarom,all,dossier,autres,total,19.9,0,11,final
2026-09-22,pranarom,all,dossier,autres,total,14.1,0,19,final
2026-09-23,pranarom,all,dossier,autres,total,28.4,0,19,final
2026-09-24,pranarom,all,dossier,autres,total,13.4,3,20,final
2026-09-25,pranarom,all,dossier,autres,total,10.8,0,13,final
2026-09-26,pranarom,all,dossier,autres,total,14.9,1,12,final
2026-09-27,pranarom,all,dossier,autres,total,48.5,0,4,final
2026-09-28,pranarom,all,dossier,autres,total,17.7,1,15,final
2026-09-29,pranarom,all,dossier,autres,total,14.5,1,18,final
2026-09-30,pranarom,all,dossier,autres,total,2.0,1,3,final
2026-10-01,pranarom,all,dossier,autres,total,5.6,0,5,fresh
2026-10-02,pranarom,all,dossier,autres,total,4.8,0,4,fresh
2025-06-10,pranarom,all,dossier,d:blogs,total,11.2,1966,73783,final
2025-06-11,pranarom,all,dossier,d:blogs,total,12.0,1877,70766,final
2025-06-12,pranarom,all,dossier,d:blogs,total,11.9,1787,67601,final
2025-06-13,pranarom,all,dossier,d:blogs,total,11.4,1670,61268,final
2025-06-14,pranarom,all,dossier,d:blogs,total,12.3,1829,65631,final
2025-06-15,pranarom,all,dossier,d:blogs,total,10.6,1972,68565,final
2025-06-16,pranarom,all,dossier,d:blogs,total,12.0,1906,68485,final
2025-06-17,pranarom,all,dossier,d:blogs,total,11.1,1834,64564,final
2025-06-18,pranarom,all,dossier,d:blogs,total,11.7,1875,70890,final
2025-06-19,pranarom,all,dossier,d:blogs,total,10.9,1879,68575,final
2025-06-20,pranarom,all,dossier,d:blogs,total,11.0,1796,66605,final
2025-06-21,pranarom,all,dossier,d:blogs,total,12.5,1845,72321,final
2025-06-22,pranarom,all,dossier,d:blogs,total,9.7,2342,79884,final
2025-06-23,pranarom,all,dossier,d:blogs,total,10.0,2278,78175,final
2025-06-24,pranarom,all,dossier,d:blogs,total,10.3,1967,70681,final
2025-06-25,pranarom,all,dossier,d:blogs,total,10.7,1818,70655,final
2025-06-26,pranarom,all,dossier,d:blogs,total,11.0,1789,68456,final
2025-06-27,pranarom,all,dossier,d:blogs,total,11.9,1650,67719,final
2025-06-28,pranarom,all,dossier,d:blogs,total,11.5,1841,72059,final
2025-06-29,pranarom,all,dossier,d:blogs,total,10.6,2064,78796,final
2025-06-30,pranarom,all,dossier,d:blogs,total,11.9,2004,79105,final
2025-07-01,pranarom,all,dossier,d:blogs,total,11.1,1854,69557,final
2025-07-02,pranarom,all,dossier,d:blogs,total,12.6,1609,69974,final
2025-07-03,pranarom,all,dossier,d:blogs,total,11.1,1536,61097,final
2025-07-04,pranarom,all,dossier,d:blogs,total,12.5,1476,61867,final
2025-07-05,pranarom,all,dossier,d:blogs,total,12.2,1528,60142,final
2025-07-06,pranarom,all,dossier,d:blogs,total,11.2,1813,65153,final
2025-07-07,pranarom,all,dossier,d:blogs,total,11.2,1671,62238,final
2025-07-08,pranarom,all,dossier,d:blogs,total,11.9,1516,62149,final
2025-07-09,pranarom,all,dossier,d:blogs,total,12.2,1487,70439,final
2025-07-10,pranarom,all,dossier,d:blogs,total,13.7,1482,64931,final
2025-07-11,pranarom,all,dossier,d:blogs,total,19.1,1507,80753,final
2025-07-12,pranarom,all,dossier,d:blogs,total,16.0,1561,73015,final
2025-07-13,pranarom,all,dossier,d:blogs,total,11.5,1766,64279,final
2025-07-14,pranarom,all,dossier,d:blogs,total,10.9,2025,68501,final
2025-07-15,pranarom,all,dossier,d:blogs,total,11.6,1807,69339,final
2025-07-16,pranarom,all,dossier,d:blogs,total,11.7,1802,69096,final
2025-07-17,pranarom,all,dossier,d:blogs,total,11.1,1670,65537,final
2025-07-18,pranarom,all,dossier,d:blogs,total,11.6,1640,65045,final
2025-07-19,pranarom,all,dossier,d:blogs,total,11.8,1754,68960,final
2025-07-20,pranarom,all,dossier,d:blogs,total,11.2,1846,73278,final
2025-07-21,pranarom,all,dossier,d:blogs,total,11.3,1807,72005,final
2025-07-22,pranarom,all,dossier,d:blogs,total,13.1,1850,76388,final
2025-07-23,pranarom,all,dossier,d:blogs,total,11.5,1722,72327,final
2025-07-24,pranarom,all,dossier,d:blogs,total,11.3,1709,69383,final
2025-07-25,pranarom,all,dossier,d:blogs,total,11.6,1652,69664,final
2025-07-26,pranarom,all,dossier,d:blogs,total,11.3,1928,70613,final
2025-07-27,pranarom,all,dossier,d:blogs,total,10.7,2078,73004,final
2025-07-28,pranarom,all,dossier,d:blogs,total,10.7,1945,73113,final
2025-07-29,pranarom,all,dossier,d:blogs,total,10.5,1840,69730,final
2025-07-30,pranarom,all,dossier,d:blogs,total,10.9,1822,71963,final
2025-07-31,pranarom,all,dossier,d:blogs,total,10.9,1841,67677,final
2025-08-01,pranarom,all,dossier,d:blogs,total,10.9,1748,64967,final
2025-08-02,pranarom,all,dossier,d:blogs,total,10.6,1748,65436,final
2025-08-03,pranarom,all,dossier,d:blogs,total,10.6,1853,68578,final
2025-08-04,pranarom,all,dossier,d:blogs,total,11.0,1890,75230,final
2025-08-05,pranarom,all,dossier,d:blogs,total,10.9,1865,72095,final
2025-08-06,pranarom,all,dossier,d:blogs,total,11.4,1716,74281,final
2025-08-07,pranarom,all,dossier,d:blogs,total,11.2,1684,74628,final
2025-08-08,pranarom,all,dossier,d:blogs,total,11.2,1781,75216,final
2025-08-09,pranarom,all,dossier,d:blogs,total,11.6,1702,78563,final
2025-08-10,pranarom,all,dossier,d:blogs,total,11.5,1986,77947,final
2025-08-11,pranarom,all,dossier,d:blogs,total,16.6,1986,102023,final
2025-08-12,pranarom,all,dossier,d:blogs,total,10.7,1992,79184,final
2025-08-13,pranarom,all,dossier,d:blogs,total,10.7,1941,78484,final
2025-08-14,pranarom,all,dossier,d:blogs,total,10.8,1874,75477,final
2025-08-15,pranarom,all,dossier,d:blogs,total,9.9,1768,74382,final
2025-08-16,pranarom,all,dossier,d:blogs,total,10.9,1847,76183,final
2025-08-17,pranarom,all,dossier,d:blogs,total,10.5,1963,75860,final
2025-08-18,pranarom,all,dossier,d:blogs,total,10.3,2012,75969,final
2025-08-19,pranarom,all,dossier,d:blogs,total,10.3,1909,75125,final
2025-08-20,pranarom,all,dossier,d:blogs,total,10.5,1805,72598,final
2025-08-21,pranarom,all,dossier,d:blogs,total,11.5,1680,72103,final
2025-08-22,pranarom,all,dossier,d:blogs,total,11.8,1656,70508,final
2025-08-23,pranarom,all,dossier,d:blogs,total,11.1,1678,71641,final
2025-08-24,pranarom,all,dossier,d:blogs,total,10.5,1833,75307,final
2025-08-25,pranarom,all,dossier,d:blogs,total,10.4,1924,74245,final
2025-08-26,pranarom,all,dossier,d:blogs,total,11.0,1928,79573,final
2025-08-27,pranarom,all,dossier,d:blogs,total,11.5,1964,81664,final
2025-08-28,pranarom,all,dossier,d:blogs,total,11.8,1798,77556,final
2025-08-29,pranarom,all,dossier,d:blogs,total,11.7,1709,74606,final
2025-08-30,pranarom,all,dossier,d:blogs,total,12.3,1943,79445,final
2025-08-31,pranarom,all,dossier,d:blogs,total,11.8,1964,80296,final
2025-09-01,pranarom,all,dossier,d:blogs,total,11.5,1759,75892,final
2025-09-02,pranarom,all,dossier,d:blogs,total,11.2,1818,72228,final
2025-09-03,pranarom,all,dossier,d:blogs,total,11.3,1753,73425,final
2025-09-04,pranarom,all,dossier,d:blogs,total,11.9,1662,75269,final
2025-09-05,pranarom,all,dossier,d:blogs,total,12.0,1654,69120,final
2025-09-06,pranarom,all,dossier,d:blogs,total,11.9,1738,72500,final
2025-09-07,pranarom,all,dossier,d:blogs,total,10.7,1961,76916,final
2025-09-08,pranarom,all,dossier,d:blogs,total,10.8,1981,78117,final
2025-09-09,pranarom,all,dossier,d:blogs,total,10.8,1836,78533,final
2025-09-10,pranarom,all,dossier,d:blogs,total,10.4,1904,80832,final
2025-09-11,pranarom,all,dossier,d:blogs,total,9.9,1762,77203,final
2025-09-12,pranarom,all,dossier,d:blogs,total,7.9,1682,64090,final
2025-09-13,pranarom,all,dossier,d:blogs,total,6.9,1811,65696,final
2025-09-14,pranarom,all,dossier,d:blogs,total,7.0,2094,73086,final
2025-09-15,pranarom,all,dossier,d:blogs,total,7.2,2043,74814,final
2025-09-16,pranarom,all,dossier,d:blogs,total,7.0,1938,69211,final
2025-09-17,pranarom,all,dossier,d:blogs,total,7.2,1845,72517,final
2025-09-18,pranarom,all,dossier,d:blogs,total,7.2,1895,69378,final
2025-09-19,pranarom,all,dossier,d:blogs,total,7.5,1859,67887,final
2025-09-20,pranarom,all,dossier,d:blogs,total,7.3,2046,69508,final
2025-09-21,pranarom,all,dossier,d:blogs,total,7.3,2217,75102,final
2025-09-22,pranarom,all,dossier,d:blogs,total,7.0,2072,72634,final
2025-09-23,pranarom,all,dossier,d:blogs,total,7.0,1979,69060,final
2025-09-24,pranarom,all,dossier,d:blogs,total,7.2,1974,71517,final
2025-09-25,pranarom,all,dossier,d:blogs,total,7.2,1942,68882,final
2025-09-26,pranarom,all,dossier,d:blogs,total,7.4,1792,64993,final
2025-09-27,pranarom,all,dossier,d:blogs,total,7.2,2006,67198,final
2025-09-28,pranarom,all,dossier,d:blogs,total,7.0,2162,72369,final
2025-09-29,pranarom,all,dossier,d:blogs,total,7.4,2067,75824,final
2025-09-30,pranarom,all,dossier,d:blogs,total,7.9,1993,74289,final
2025-10-01,pranarom,all,dossier,d:blogs,total,7.6,2018,73306,final
2025-10-02,pranarom,all,dossier,d:blogs,total,7.4,1971,71036,final
2025-10-03,pranarom,all,dossier,d:blogs,total,7.0,1994,67812,final
2025-10-04,pranarom,all,dossier,d:blogs,total,8.0,2120,73607,final
2025-10-05,pranarom,all,dossier,d:blogs,total,7.1,2323,74963,final
2025-10-06,pranarom,all,dossier,d:blogs,total,7.4,2135,74120,final
2025-10-07,pranarom,all,dossier,d:blogs,total,7.1,1994,71096,final
2025-10-08,pranarom,all,dossier,d:blogs,total,7.1,2084,73149,final
2025-10-09,pranarom,all,dossier,d:blogs,total,8.0,1965,72472,final
2025-10-10,pranarom,all,dossier,d:blogs,total,7.2,1867,68326,final
2025-10-11,pranarom,all,dossier,d:blogs,total,7.0,1909,72727,final
2025-10-12,pranarom,all,dossier,d:blogs,total,6.7,1985,73288,final
2025-10-13,pranarom,all,dossier,d:blogs,total,6.8,2105,75258,final
2025-10-14,pranarom,all,dossier,d:blogs,total,7.3,1941,74037,final
2025-10-15,pranarom,all,dossier,d:blogs,total,9.0,2010,83808,final
2025-10-16,pranarom,all,dossier,d:blogs,total,9.9,1949,81378,final
2025-10-17,pranarom,all,dossier,d:blogs,total,7.4,1788,69805,final
2025-10-18,pranarom,all,dossier,d:blogs,total,7.6,1824,72860,final
2025-10-19,pranarom,all,dossier,d:blogs,total,7.1,2110,77535,final
2025-10-20,pranarom,all,dossier,d:blogs,total,7.2,2136,79858,final
2025-10-21,pranarom,all,dossier,d:blogs,total,7.2,2004,77603,final
2025-10-22,pranarom,all,dossier,d:blogs,total,7.0,2193,77504,final
2025-10-23,pranarom,all,dossier,d:blogs,total,7.3,2033,75614,final
2025-10-24,pranarom,all,dossier,d:blogs,total,7.1,1930,73812,final
2025-10-25,pranarom,all,dossier,d:blogs,total,7.0,1970,72878,final
2025-10-26,pranarom,all,dossier,d:blogs,total,6.9,2175,77040,final
2025-10-27,pranarom,all,dossier,d:blogs,total,7.2,2205,81635,final
2025-10-28,pranarom,all,dossier,d:blogs,total,7.1,2102,79214,final
2025-10-29,pranarom,all,dossier,d:blogs,total,7.3,2034,80801,final
2025-10-30,pranarom,all,dossier,d:blogs,total,7.0,2099,79026,final
2025-10-31,pranarom,all,dossier,d:blogs,total,7.4,1834,73453,final
2025-11-01,pranarom,all,dossier,d:blogs,total,7.0,2039,79873,final
2025-11-02,pranarom,all,dossier,d:blogs,total,6.7,2258,86306,final
2025-11-03,pranarom,all,dossier,d:blogs,total,6.6,2176,84757,final
2025-11-04,pranarom,all,dossier,d:blogs,total,7.0,2050,79989,final
2025-11-05,pranarom,all,dossier,d:blogs,total,6.7,2130,85029,final
2025-11-06,pranarom,all,dossier,d:blogs,total,6.8,2122,80263,final
2025-11-07,pranarom,all,dossier,d:blogs,total,7.0,1842,76137,final
2025-11-08,pranarom,all,dossier,d:blogs,total,7.2,2066,79791,final
2025-11-09,pranarom,all,dossier,d:blogs,total,7.6,2096,84258,final
2025-11-10,pranarom,all,dossier,d:blogs,total,9.3,2168,89731,final
2025-11-11,pranarom,all,dossier,d:blogs,total,8.1,2076,87349,final
2025-11-12,pranarom,all,dossier,d:blogs,total,7.2,2058,87258,final
2025-11-13,pranarom,all,dossier,d:blogs,total,6.9,1860,80205,final
2025-11-14,pranarom,all,dossier,d:blogs,total,6.9,1947,78495,final
2025-11-15,pranarom,all,dossier,d:blogs,total,6.4,1986,79759,final
2025-11-16,pranarom,all,dossier,d:blogs,total,6.9,2191,100718,final
2025-11-17,pranarom,all,dossier,d:blogs,total,6.8,2071,86205,final
2025-11-18,pranarom,all,dossier,d:blogs,total,6.9,1953,82630,final
2025-11-19,pranarom,all,dossier,d:blogs,total,7.0,1855,82506,final
2025-11-20,pranarom,all,dossier,d:blogs,total,7.4,1829,79687,final
2025-11-21,pranarom,all,dossier,d:blogs,total,7.6,1740,87560,final
2025-11-22,pranarom,all,dossier,d:blogs,total,7.1,1945,83105,final
2025-11-23,pranarom,all,dossier,d:blogs,total,7.0,2192,91426,final
2025-11-24,pranarom,all,dossier,d:blogs,total,6.7,2164,90103,final
2025-11-25,pranarom,all,dossier,d:blogs,total,6.9,2182,87044,final
2025-11-26,pranarom,all,dossier,d:blogs,total,7.4,2214,89098,final
2025-11-27,pranarom,all,dossier,d:blogs,total,7.3,1960,81013,final
2025-11-28,pranarom,all,dossier,d:blogs,total,7.6,1917,78881,final
2025-11-29,pranarom,all,dossier,d:blogs,total,7.4,2067,82407,final
2025-11-30,pranarom,all,dossier,d:blogs,total,7.2,2283,90789,final
2025-12-01,pranarom,all,dossier,d:blogs,total,7.1,2134,89241,final
2025-12-02,pranarom,all,dossier,d:blogs,total,7.2,2032,85698,final
2025-12-03,pranarom,all,dossier,d:blogs,total,7.3,2121,87091,final
2025-12-04,pranarom,all,dossier,d:blogs,total,7.4,2007,83720,final
2025-12-05,pranarom,all,dossier,d:blogs,total,7.5,1860,80230,final
2025-12-06,pranarom,all,dossier,d:blogs,total,7.1,2040,82380,final
2025-12-07,pranarom,all,dossier,d:blogs,total,7.0,2257,91552,final
2025-12-08,pranarom,all,dossier,d:blogs,total,7.0,2106,90245,final
2025-12-09,pranarom,all,dossier,d:blogs,total,8.8,2114,96160,final
2025-12-10,pranarom,all,dossier,d:blogs,total,10.9,2190,107427,final
2025-12-11,pranarom,all,dossier,d:blogs,total,7.4,2002,87707,final
2025-12-12,pranarom,all,dossier,d:blogs,total,10.8,1936,96781,final
2025-12-13,pranarom,all,dossier,d:blogs,total,8.4,2140,94990,final
2025-12-14,pranarom,all,dossier,d:blogs,total,7.5,2240,96958,final
2025-12-15,pranarom,all,dossier,d:blogs,total,9.5,2330,106450,final
2025-12-16,pranarom,all,dossier,d:blogs,total,7.5,2336,96940,final
2025-12-17,pranarom,all,dossier,d:blogs,total,6.5,2214,94044,final
2025-12-18,pranarom,all,dossier,d:blogs,total,7.5,2122,91531,final
2025-12-19,pranarom,all,dossier,d:blogs,total,7.4,2088,90219,final
2025-12-20,pranarom,all,dossier,d:blogs,total,7.2,2326,98152,final
2025-12-21,pranarom,all,dossier,d:blogs,total,7.1,2626,104113,final
2025-12-22,pranarom,all,dossier,d:blogs,total,6.9,2472,103789,final
2025-12-23,pranarom,all,dossier,d:blogs,total,7.4,2225,97394,final
2025-12-24,pranarom,all,dossier,d:blogs,total,7.9,1570,76421,final
2025-12-25,pranarom,all,dossier,d:blogs,total,7.2,1924,84211,final
2025-12-26,pranarom,all,dossier,d:blogs,total,6.7,2475,101449,final
2025-12-27,pranarom,all,dossier,d:blogs,total,6.7,2630,105206,final
2025-12-28,pranarom,all,dossier,d:blogs,total,6.6,2662,107070,final
2025-12-29,pranarom,all,dossier,d:blogs,total,6.8,2638,109867,final
2025-12-30,pranarom,all,dossier,d:blogs,total,6.7,2520,104965,final
2025-12-31,pranarom,all,dossier,d:blogs,total,7.6,1831,81643,final
2026-01-01,pranarom,all,dossier,d:blogs,total,7.4,2192,92180,final
2026-01-02,pranarom,all,dossier,d:blogs,total,6.9,2411,103792,final
2026-01-03,pranarom,all,dossier,d:blogs,total,6.8,2624,105229,final
2026-01-04,pranarom,all,dossier,d:blogs,total,6.7,2595,107485,final
2026-01-05,pranarom,all,dossier,d:blogs,total,6.9,2420,97456,final
2026-01-06,pranarom,all,dossier,d:blogs,total,6.5,2230,90629,final
2026-01-07,pranarom,all,dossier,d:blogs,total,7.0,2080,90869,final
2026-01-08,pranarom,all,dossier,d:blogs,total,7.0,2206,91879,final
2026-01-09,pranarom,all,dossier,d:blogs,total,8.9,2067,97817,final
2026-01-10,pranarom,all,dossier,d:blogs,total,8.9,2230,98916,final
2026-01-11,pranarom,all,dossier,d:blogs,total,7.1,2318,93707,final
2026-01-12,pranarom,all,dossier,d:blogs,total,6.6,2228,90107,final
2026-01-13,pranarom,all,dossier,d:blogs,total,7.1,2181,84708,final
2026-01-14,pranarom,all,dossier,d:blogs,total,7.3,2109,87529,final
2026-01-15,pranarom,all,dossier,d:blogs,total,7.2,2051,84659,final
2026-01-16,pranarom,all,dossier,d:blogs,total,7.0,2066,84856,final
2026-01-17,pranarom,all,dossier,d:blogs,total,7.2,2155,92048,final
2026-01-18,pranarom,all,dossier,d:blogs,total,7.0,2250,93251,final
2026-01-19,pranarom,all,dossier,d:blogs,total,7.1,2239,94136,final
2026-01-20,pranarom,all,dossier,d:blogs,total,7.7,2005,92626,final
2026-01-21,pranarom,all,dossier,d:blogs,total,8.7,2090,100776,final
2026-01-22,pranarom,all,dossier,d:blogs,total,7.5,2058,95998,final
2026-01-23,pranarom,all,dossier,d:blogs,total,7.4,1874,89852,final
2026-01-24,pranarom,all,dossier,d:blogs,total,7.3,2104,96094,final
2026-01-25,pranarom,all,dossier,d:blogs,total,7.2,2277,101162,final
2026-01-26,pranarom,all,dossier,d:blogs,total,7.3,2263,100230,final
2026-01-27,pranarom,all,dossier,d:blogs,total,8.0,2140,99365,final
2026-01-28,pranarom,all,dossier,d:blogs,total,7.7,2127,96741,final
2026-01-29,pranarom,all,dossier,d:blogs,total,7.7,2027,93484,final
2026-01-30,pranarom,all,dossier,d:blogs,total,7.6,1890,91018,final
2026-01-31,pranarom,all,dossier,d:blogs,total,7.7,2108,99474,final
2026-02-01,pranarom,all,dossier,d:blogs,total,7.1,2494,104679,final
2026-02-02,pranarom,all,dossier,d:blogs,total,6.8,2221,100545,final
2026-02-03,pranarom,all,dossier,d:blogs,total,6.3,2158,98606,final
2026-02-04,pranarom,all,dossier,d:blogs,total,7.4,2193,100974,final
2026-02-05,pranarom,all,dossier,d:blogs,total,7.6,2125,98460,final
2026-02-06,pranarom,all,dossier,d:blogs,total,7.6,2069,92741,final
2026-02-07,pranarom,all,dossier,d:blogs,total,7.1,2190,93971,final
2026-02-08,pranarom,all,dossier,d:blogs,total,7.9,2291,102748,final
2026-02-09,pranarom,all,dossier,d:blogs,total,7.4,2212,100569,final
2026-02-10,pranarom,all,dossier,d:blogs,total,7.4,2219,101594,final
2026-02-11,pranarom,all,dossier,d:blogs,total,7.4,2161,100395,final
2026-02-12,pranarom,all,dossier,d:blogs,total,7.3,2107,95830,final
2026-02-13,pranarom,all,dossier,d:blogs,total,7.2,1933,89705,final
2026-02-14,pranarom,all,dossier,d:blogs,total,7.1,1987,92114,final
2026-02-15,pranarom,all,dossier,d:blogs,total,7.0,2176,95432,final
2026-02-16,pranarom,all,dossier,d:blogs,total,7.1,2114,94819,final
2026-02-17,pranarom,all,dossier,d:blogs,total,7.0,1989,91485,final
2026-02-18,pranarom,all,dossier,d:blogs,total,7.4,1888,91630,final
2026-02-19,pranarom,all,dossier,d:blogs,total,7.0,2021,92647,final
2026-02-20,pranarom,all,dossier,d:blogs,total,7.1,1953,93408,final
2026-02-21,pranarom,all,dossier,d:blogs,total,7.2,2173,101668,final
2026-02-22,pranarom,all,dossier,d:blogs,total,7.3,2287,102847,final
2026-02-23,pranarom,all,dossier,d:blogs,total,7.0,2264,103213,final
2026-02-24,pranarom,all,dossier,d:blogs,total,7.9,2096,99142,final
2026-02-25,pranarom,all,dossier,d:blogs,total,7.9,2115,98650,final
2026-02-26,pranarom,all,dossier,d:blogs,total,7.4,2050,90125,final
2026-02-27,pranarom,all,dossier,d:blogs,total,7.5,1982,90206,final
2026-02-28,pranarom,all,dossier,d:blogs,total,7.2,2032,95673,final
2026-03-01,pranarom,all,dossier,d:blogs,total,6.9,2144,96770,final
2026-03-02,pranarom,all,dossier,d:blogs,total,7.1,2082,97651,final
2026-03-03,pranarom,all,dossier,d:blogs,total,7.3,1853,92798,final
2026-03-04,pranarom,all,dossier,d:blogs,total,6.9,1892,89203,final
2026-03-05,pranarom,all,dossier,d:blogs,total,7.0,1883,89168,final
2026-03-06,pranarom,all,dossier,d:blogs,total,6.8,2008,94173,final
2026-03-07,pranarom,all,dossier,d:blogs,total,6.8,1937,94676,final
2026-03-08,pranarom,all,dossier,d:blogs,total,8.0,2000,104671,final
2026-03-09,pranarom,all,dossier,d:blogs,total,7.0,2042,103267,final
2026-03-10,pranarom,all,dossier,d:blogs,total,6.9,2020,95148,final
2026-03-11,pranarom,all,dossier,d:blogs,total,7.0,2076,100184,final
2026-03-12,pranarom,all,dossier,d:blogs,total,6.8,1833,86832,final
2026-03-13,pranarom,all,dossier,d:blogs,total,6.6,1864,85127,final
2026-03-14,pranarom,all,dossier,d:blogs,total,6.4,2039,86279,final
2026-03-15,pranarom,all,dossier,d:blogs,total,6.4,1896,82382,final
2026-03-16,pranarom,all,dossier,d:blogs,total,6.5,1925,82947,final
2026-03-17,pranarom,all,dossier,d:blogs,total,6.6,1806,81596,final
2026-03-18,pranarom,all,dossier,d:blogs,total,6.9,1969,95033,final
2026-03-19,pranarom,all,dossier,d:blogs,total,6.9,1881,91271,final
2026-03-20,pranarom,all,dossier,d:blogs,total,6.8,1837,86987,final
2026-03-21,pranarom,all,dossier,d:blogs,total,6.6,2028,92368,final
2026-03-22,pranarom,all,dossier,d:blogs,total,6.4,2124,97523,final
2026-03-23,pranarom,all,dossier,d:blogs,total,6.3,2148,97162,final
2026-03-24,pranarom,all,dossier,d:blogs,total,6.1,2020,92871,final
2026-03-25,pranarom,all,dossier,d:blogs,total,6.1,2091,91703,final
2026-03-26,pranarom,all,dossier,d:blogs,total,6.3,2051,89544,final
2026-03-27,pranarom,all,dossier,d:blogs,total,6.4,1927,88035,final
2026-03-28,pranarom,all,dossier,d:blogs,total,6.2,2148,86936,final
2026-03-29,pranarom,all,dossier,d:blogs,total,6.3,2083,91763,final
2026-03-30,pranarom,all,dossier,d:blogs,total,6.2,2229,98619,final
2026-03-31,pranarom,all,dossier,d:blogs,total,6.9,2170,100690,final
2026-04-01,pranarom,all,dossier,d:blogs,total,6.9,2041,100946,final
2026-04-02,pranarom,all,dossier,d:blogs,total,6.9,1964,97251,final
2026-04-03,pranarom,all,dossier,d:blogs,total,6.6,1904,89830,final
2026-04-04,pranarom,all,dossier,d:blogs,total,6.6,1900,92299,final
2026-04-05,pranarom,all,dossier,d:blogs,total,6.6,2054,97227,final
2026-04-06,pranarom,all,dossier,d:blogs,total,6.5,2227,106274,final
2026-04-07,pranarom,all,dossier,d:blogs,total,6.5,2189,107705,final
2026-04-08,pranarom,all,dossier,d:blogs,total,6.8,2149,115557,final
2026-04-09,pranarom,all,dossier,d:blogs,total,7.0,2125,128854,final
2026-04-10,pranarom,all,dossier,d:blogs,total,6.8,2196,118007,final
2026-04-11,pranarom,all,dossier,d:blogs,total,6.6,2261,114331,final
2026-04-12,pranarom,all,dossier,d:blogs,total,6.6,2334,119360,final
2026-04-13,pranarom,all,dossier,d:blogs,total,6.7,2240,122710,final
2026-04-14,pranarom,all,dossier,d:blogs,total,6.8,2021,113019,final
2026-04-15,pranarom,all,dossier,d:blogs,total,7.2,2019,120056,final
2026-04-16,pranarom,all,dossier,d:blogs,total,7.1,1970,109303,final
2026-04-17,pranarom,all,dossier,d:blogs,total,7.1,1935,110685,final
2026-04-18,pranarom,all,dossier,d:blogs,total,7.3,1994,116277,final
2026-04-19,pranarom,all,dossier,d:blogs,total,7.4,2225,120141,final
2026-04-20,pranarom,all,dossier,d:blogs,total,7.3,2116,117264,final
2026-04-21,pranarom,all,dossier,d:blogs,total,7.3,2080,105950,final
2026-04-22,pranarom,all,dossier,d:blogs,total,7.1,1944,98679,final
2026-04-23,pranarom,all,dossier,d:blogs,total,7.2,1961,96637,final
2026-04-24,pranarom,all,dossier,d:blogs,total,7.2,1930,99241,final
2026-04-25,pranarom,all,dossier,d:blogs,total,7.6,1998,100526,final
2026-04-26,pranarom,all,dossier,d:blogs,total,7.5,2169,105414,final
2026-04-27,pranarom,all,dossier,d:blogs,total,7.1,2044,102478,final
2026-04-28,pranarom,all,dossier,d:blogs,total,7.4,2133,101071,final
2026-04-29,pranarom,all,dossier,d:blogs,total,7.6,2102,103759,final
2026-04-30,pranarom,all,dossier,d:blogs,total,7.8,1846,99898,final
2026-05-01,pranarom,all,dossier,d:blogs,total,7.2,1994,96513,final
2026-05-02,pranarom,all,dossier,d:blogs,total,7.0,2083,97010,final
2026-05-03,pranarom,all,dossier,d:blogs,total,7.0,2275,102772,final
2026-05-04,pranarom,all,dossier,d:blogs,total,7.4,2161,103914,final
2026-05-05,pranarom,all,dossier,d:blogs,total,7.1,1961,100218,final
2026-05-06,pranarom,all,dossier,d:blogs,total,7.3,1954,97298,final
2026-05-07,pranarom,all,dossier,d:blogs,total,7.7,1786,101583,final
2026-05-08,pranarom,all,dossier,d:blogs,total,7.2,1877,94942,final
2026-05-09,pranarom,all,dossier,d:blogs,total,7.5,2071,103534,final
2026-05-10,pranarom,all,dossier,d:blogs,total,7.0,2375,107039,final
2026-05-11,pranarom,all,dossier,d:blogs,total,7.3,2157,104323,final
2026-05-12,pranarom,all,dossier,d:blogs,total,7.7,1975,98147,final
2026-05-13,pranarom,all,dossier,d:blogs,total,7.8,1879,96002,final
2026-05-14,pranarom,all,dossier,d:blogs,total,7.7,2006,99693,final
2026-05-15,pranarom,all,dossier,d:blogs,total,7.0,1960,93004,final
2026-05-16,pranarom,all,dossier,d:blogs,total,6.6,1987,89011,final
2026-05-17,pranarom,all,dossier,d:blogs,total,6.5,2174,93205,final
2026-05-18,pranarom,all,dossier,d:blogs,total,6.6,2128,93720,final
2026-05-19,pranarom,all,dossier,d:blogs,total,6.7,2125,93678,final
2026-05-20,pranarom,all,dossier,d:blogs,total,6.7,1973,93147,final
2026-05-21,pranarom,all,dossier,d:blogs,total,6.6,1991,86803,final
2026-05-22,pranarom,all,dossier,d:blogs,total,6.5,1865,81654,final
2026-05-23,pranarom,all,dossier,d:blogs,total,6.5,2001,89166,final
2026-05-24,pranarom,all,dossier,d:blogs,total,6.8,2149,92984,final
2026-05-25,pranarom,all,dossier,d:blogs,total,6.6,2375,103769,final
2026-05-26,pranarom,all,dossier,d:blogs,total,6.9,2220,97852,final
2026-05-27,pranarom,all,dossier,d:blogs,total,7.1,2076,92776,final
2026-05-28,pranarom,all,dossier,d:blogs,total,7.1,1956,91508,final
2026-05-29,pranarom,all,dossier,d:blogs,total,7.0,1892,84734,final
2026-05-30,pranarom,all,dossier,d:blogs,total,7.0,1801,82843,final
2026-05-31,pranarom,all,dossier,d:blogs,total,7.0,1976,86060,final
2026-06-01,pranarom,all,dossier,d:blogs,total,7.1,2086,89709,final
2026-06-02,pranarom,all,dossier,d:blogs,total,6.8,1878,84647,final
2026-06-03,pranarom,all,dossier,d:blogs,total,7.0,1787,82060,final
2026-06-04,pranarom,all,dossier,d:blogs,total,7.0,1666,76309,final
2026-06-05,pranarom,all,dossier,d:blogs,total,7.0,1480,70714,final
2026-06-06,pranarom,all,dossier,d:blogs,total,6.9,1561,71686,final
2026-06-07,pranarom,all,dossier,d:blogs,total,7.0,1829,84618,final
2026-06-08,pranarom,all,dossier,d:blogs,total,7.0,1768,82462,final
2026-06-09,pranarom,all,dossier,d:blogs,total,7.0,1690,77631,final
2026-06-10,pranarom,all,dossier,d:blogs,total,7.1,1611,78331,final
2026-06-11,pranarom,all,dossier,d:blogs,total,7.1,1525,72637,final
2026-06-12,pranarom,all,dossier,d:blogs,total,7.5,1490,73544,final
2026-06-13,pranarom,all,dossier,d:blogs,total,7.2,1624,74410,final
2026-06-14,pranarom,all,dossier,d:blogs,total,7.2,1839,84806,final
2026-06-15,pranarom,all,dossier,d:blogs,total,7.2,1838,86275,final
2026-06-16,pranarom,all,dossier,d:blogs,total,7.2,1836,81974,final
2026-06-17,pranarom,all,dossier,d:blogs,total,7.0,1779,82823,final
2026-06-18,pranarom,all,dossier,d:blogs,total,7.1,1637,79812,final
2026-06-19,pranarom,all,dossier,d:blogs,total,6.9,1586,74596,final
2026-06-20,pranarom,all,dossier,d:blogs,total,6.8,1660,76934,final
2026-06-21,pranarom,all,dossier,d:blogs,total,6.9,1781,82604,final
2026-06-22,pranarom,all,dossier,d:blogs,total,7.0,1805,86014,final
2026-06-23,pranarom,all,dossier,d:blogs,total,6.9,1742,80360,final
2026-06-24,pranarom,all,dossier,d:blogs,total,7.0,1667,80552,final
2026-06-25,pranarom,all,dossier,d:blogs,total,7.0,1538,76119,final
2026-06-26,pranarom,all,dossier,d:blogs,total,7.1,1550,75741,final
2026-06-27,pranarom,all,dossier,d:blogs,total,7.1,1677,79249,final
2026-06-28,pranarom,all,dossier,d:blogs,total,6.8,1923,82352,final
2026-06-29,pranarom,all,dossier,d:blogs,total,6.8,1812,82158,final
2026-06-30,pranarom,all,dossier,d:blogs,total,7.0,1606,76329,final
2026-07-01,pranarom,all,dossier,d:blogs,total,7.2,1553,77328,final
2026-07-02,pranarom,all,dossier,d:blogs,total,7.0,1627,73780,final
2026-07-03,pranarom,all,dossier,d:blogs,total,7.1,1430,69185,final
2026-07-04,pranarom,all,dossier,d:blogs,total,7.0,1499,69525,final
2026-07-05,pranarom,all,dossier,d:blogs,total,6.9,1750,74538,final
2026-07-06,pranarom,all,dossier,d:blogs,total,7.5,1730,80895,final
2026-07-07,pranarom,all,dossier,d:blogs,total,6.9,1734,77269,final
2026-07-08,pranarom,all,dossier,d:blogs,total,7.0,1739,79853,final
2026-07-09,pranarom,all,dossier,d:blogs,total,6.9,1734,82789,final
2026-07-10,pranarom,all,dossier,d:blogs,total,7.0,1507,78147,final
2026-07-11,pranarom,all,dossier,d:blogs,total,7.0,1692,79818,final
2026-07-12,pranarom,all,dossier,d:blogs,total,7.0,1829,83959,final
2026-07-13,pranarom,all,dossier,d:blogs,total,7.0,1813,83894,final
2026-07-14,pranarom,all,dossier,d:blogs,total,6.9,1934,89243,final
2026-07-15,pranarom,all,dossier,d:blogs,total,7.0,1828,86997,final
2026-07-16,pranarom,all,dossier,d:blogs,total,7.3,1798,83150,final
2026-07-17,pranarom,all,dossier,d:blogs,total,7.2,1713,79861,final
2026-07-18,pranarom,all,dossier,d:blogs,total,7.0,1772,81371,final
2026-07-19,pranarom,all,dossier,d:blogs,total,6.9,1986,82429,final
2026-07-20,pranarom,all,dossier,d:blogs,total,6.9,1774,80583,final
2026-07-21,pranarom,all,dossier,d:blogs,total,7.1,1760,81066,final
2026-07-22,pranarom,all,dossier,d:blogs,total,7.4,1617,81697,final
2026-07-23,pranarom,all,dossier,d:blogs,total,7.4,1204,75078,final
2026-07-24,pranarom,all,dossier,d:blogs,total,7.5,1104,72558,final
2026-07-25,pranarom,all,dossier,d:blogs,total,7.9,1146,75896,final
2026-07-26,pranarom,all,dossier,d:blogs,total,7.9,1242,79415,final
2026-07-27,pranarom,all,dossier,d:blogs,total,8.1,1260,84245,final
2026-07-28,pranarom,all,dossier,d:blogs,total,8.4,1256,85021,final
2026-07-29,pranarom,all,dossier,d:blogs,total,8.2,1293,87526,final
2026-07-30,pranarom,all,dossier,d:blogs,total,8.2,1319,82708,final
2026-07-31,pranarom,all,dossier,d:blogs,total,8.2,1205,78800,final
2026-08-01,pranarom,all,dossier,d:blogs,total,8.1,1207,78805,final
2026-08-02,pranarom,all,dossier,d:blogs,total,8.0,1300,85243,final
2026-08-03,pranarom,all,dossier,d:blogs,total,7.8,1399,86374,final
2026-08-04,pranarom,all,dossier,d:blogs,total,8.2,1343,86598,final
2026-08-05,pranarom,all,dossier,d:blogs,total,8.3,1285,85358,final
2026-08-06,pranarom,all,dossier,d:blogs,total,9.3,1249,88905,final
2026-08-07,pranarom,all,dossier,d:blogs,total,8.5,1139,79571,final
2026-08-08,pranarom,all,dossier,d:blogs,total,7.9,1248,80095,final
2026-08-09,pranarom,all,dossier,d:blogs,total,7.9,1278,83282,final
2026-08-10,pranarom,all,dossier,d:blogs,total,7.8,1289,85869,final
2026-08-11,pranarom,all,dossier,d:blogs,total,7.8,1106,86192,final
2026-08-12,pranarom,all,dossier,d:blogs,total,8.2,929,80758,final
2026-08-13,pranarom,all,dossier,d:blogs,total,8.0,1128,84788,final
2026-08-14,pranarom,all,dossier,d:blogs,total,7.6,1055,81210,final
2026-08-15,pranarom,all,dossier,d:blogs,total,7.7,1195,79598,final
2026-08-16,pranarom,all,dossier,d:blogs,total,7.6,1220,85056,final
2026-08-17,pranarom,all,dossier,d:blogs,total,7.8,1210,86792,final
2026-08-18,pranarom,all,dossier,d:blogs,total,7.6,1164,83865,final
2026-08-19,pranarom,all,dossier,d:blogs,total,7.9,1219,84648,final
2026-08-20,pranarom,all,dossier,d:blogs,total,7.9,1157,80826,final
2026-08-21,pranarom,all,dossier,d:blogs,total,8.1,1040,77114,final
2026-08-22,pranarom,all,dossier,d:blogs,total,7.7,1097,75275,final
2026-08-23,pranarom,all,dossier,d:blogs,total,7.6,1113,79004,final
2026-08-24,pranarom,all,dossier,d:blogs,total,7.7,1211,80892,final
2026-08-25,pranarom,all,dossier,d:blogs,total,7.9,1209,80230,final
2026-08-26,pranarom,all,dossier,d:blogs,total,8.2,1165,83973,final
2026-08-27,pranarom,all,dossier,d:blogs,total,8.1,1075,76221,final
2026-08-28,pranarom,all,dossier,d:blogs,total,8.2,1078,72149,final
2026-08-29,pranarom,all,dossier,d:blogs,total,8.4,1071,75539,final
2026-08-30,pranarom,all,dossier,d:blogs,total,8.0,1199,77560,final
2026-08-31,pranarom,all,dossier,d:blogs,total,8.4,1256,79106,final
2026-09-01,pranarom,all,dossier,d:blogs,total,8.0,1152,74839,final
2026-09-02,pranarom,all,dossier,d:blogs,total,8.1,1207,77138,final
2026-09-03,pranarom,all,dossier,d:blogs,total,9.4,1079,82725,final
2026-09-04,pranarom,all,dossier,d:blogs,total,8.4,1105,77318,final
2026-09-05,pranarom,all,dossier,d:blogs,total,7.8,1203,76214,final
2026-09-06,pranarom,all,dossier,d:blogs,total,7.6,1269,80763,final
2026-09-07,pranarom,all,dossier,d:blogs,total,7.6,1281,83950,final
2026-09-08,pranarom,all,dossier,d:blogs,total,7.7,1114,79423,final
2026-09-09,pranarom,all,dossier,d:blogs,total,7.7,1066,74520,final
2026-09-10,pranarom,all,dossier,d:blogs,total,7.7,1019,70921,final
2026-09-11,pranarom,all,dossier,d:blogs,total,7.6,1068,69891,final
2026-09-12,pranarom,all,dossier,d:blogs,total,7.7,1191,75817,final
2026-09-13,pranarom,all,dossier,d:blogs,total,7.4,1287,84698,final
2026-09-14,pranarom,all,dossier,d:blogs,total,7.3,1294,86176,final
2026-09-15,pranarom,all,dossier,d:blogs,total,7.3,1250,76167,final
2026-09-16,pranarom,all,dossier,d:blogs,total,7.4,1111,76858,final
2026-09-17,pranarom,all,dossier,d:blogs,total,7.3,1167,71363,final
2026-09-18,pranarom,all,dossier,d:blogs,total,7.3,997,66278,final
2026-09-19,pranarom,all,dossier,d:blogs,total,7.3,1018,65257,final
2026-09-20,pranarom,all,dossier,d:blogs,total,7.3,1086,72401,final
2026-09-21,pranarom,all,dossier,d:blogs,total,7.2,1159,73659,final
2026-09-22,pranarom,all,dossier,d:blogs,total,7.3,1056,72540,final
2026-09-23,pranarom,all,dossier,d:blogs,total,7.4,1041,74381,final
2026-09-24,pranarom,all,dossier,d:blogs,total,7.5,1028,72072,final
2026-09-25,pranarom,all,dossier,d:blogs,total,7.4,1066,67372,final
2026-09-26,pranarom,all,dossier,d:blogs,total,7.4,1113,69721,final
2026-09-27,pranarom,all,dossier,d:blogs,total,7.2,1299,75401,final
2026-09-28,pranarom,all,dossier,d:blogs,total,7.1,1238,77024,final
2026-09-29,pranarom,all,dossier,d:blogs,total,7.2,1205,72777,final
2026-09-30,pranarom,all,dossier,d:blogs,total,7.2,1186,64999,final
2026-10-01,pranarom,all,dossier,d:blogs,total,7.3,961,60222,fresh
2026-10-02,pranarom,all,dossier,d:blogs,total,7.2,882,51644,fresh
2025-06-10,pranarom,all,dossier,d:collections,total,8.1,307,20198,final
2025-06-11,pranarom,all,dossier,d:collections,total,8.4,264,19244,final
2025-06-12,pranarom,all,dossier,d:collections,total,7.9,256,18167,final
2025-06-13,pranarom,all,dossier,d:collections,total,8.3,222,16903,final
2025-06-14,pranarom,all,dossier,d:collections,total,9.1,231,17482,final
2025-06-15,pranarom,all,dossier,d:collections,total,8.2,202,16853,final
2025-06-16,pranarom,all,dossier,d:collections,total,8.5,269,17954,final
2025-06-17,pranarom,all,dossier,d:collections,total,8.0,277,17950,final
2025-06-18,pranarom,all,dossier,d:collections,total,8.1,268,18895,final
2025-06-19,pranarom,all,dossier,d:collections,total,8.1,252,17631,final
2025-06-20,pranarom,all,dossier,d:collections,total,8.6,263,16478,final
2025-06-21,pranarom,all,dossier,d:collections,total,9.5,209,15698,final
2025-06-22,pranarom,all,dossier,d:collections,total,8.7,181,15993,final
2025-06-23,pranarom,all,dossier,d:collections,total,8.2,276,18042,final
2025-06-24,pranarom,all,dossier,d:collections,total,8.1,245,18136,final
2025-06-25,pranarom,all,dossier,d:collections,total,9.1,229,17854,final
2025-06-26,pranarom,all,dossier,d:collections,total,10.4,205,17748,final
2025-06-27,pranarom,all,dossier,d:collections,total,10.1,242,17472,final
2025-06-28,pranarom,all,dossier,d:collections,total,10.6,181,16218,final
2025-06-29,pranarom,all,dossier,d:collections,total,9.1,217,16481,final
2025-06-30,pranarom,all,dossier,d:collections,total,10.5,232,18125,final
2025-07-01,pranarom,all,dossier,d:collections,total,9.5,237,16252,final
2025-07-02,pranarom,all,dossier,d:collections,total,10.8,231,17033,final
2025-07-03,pranarom,all,dossier,d:collections,total,8.9,219,15162,final
2025-07-04,pranarom,all,dossier,d:collections,total,10.1,193,15480,final
2025-07-05,pranarom,all,dossier,d:collections,total,9.0,156,15071,final
2025-07-06,pranarom,all,dossier,d:collections,total,8.9,185,14415,final
2025-07-07,pranarom,all,dossier,d:collections,total,8.5,217,15178,final
2025-07-08,pranarom,all,dossier,d:collections,total,9.3,209,16258,final
2025-07-09,pranarom,all,dossier,d:collections,total,10.1,194,16166,final
2025-07-10,pranarom,all,dossier,d:collections,total,10.0,194,14519,final
2025-07-11,pranarom,all,dossier,d:collections,total,14.3,164,16631,final
2025-07-12,pranarom,all,dossier,d:collections,total,11.8,158,15359,final
2025-07-13,pranarom,all,dossier,d:collections,total,10.4,161,12953,final
2025-07-14,pranarom,all,dossier,d:collections,total,9.6,183,13422,final
2025-07-15,pranarom,all,dossier,d:collections,total,9.1,215,16135,final
2025-07-16,pranarom,all,dossier,d:collections,total,9.1,192,14910,final
2025-07-17,pranarom,all,dossier,d:collections,total,8.6,214,14208,final
2025-07-18,pranarom,all,dossier,d:collections,total,9.2,198,14556,final
2025-07-19,pranarom,all,dossier,d:collections,total,9.7,177,14224,final
2025-07-20,pranarom,all,dossier,d:collections,total,9.9,165,13610,final
2025-07-21,pranarom,all,dossier,d:collections,total,9.0,237,16312,final
2025-07-22,pranarom,all,dossier,d:collections,total,10.1,227,17701,final
2025-07-23,pranarom,all,dossier,d:collections,total,10.0,182,16442,final
2025-07-24,pranarom,all,dossier,d:collections,total,10.0,215,16555,final
2025-07-25,pranarom,all,dossier,d:collections,total,11.1,189,16234,final
2025-07-26,pranarom,all,dossier,d:collections,total,10.6,200,16351,final
2025-07-27,pranarom,all,dossier,d:collections,total,10.1,198,15706,final
2025-07-28,pranarom,all,dossier,d:collections,total,9.7,239,16676,final
2025-07-29,pranarom,all,dossier,d:collections,total,9.1,222,16754,final
2025-07-30,pranarom,all,dossier,d:collections,total,9.0,224,16816,final
2025-07-31,pranarom,all,dossier,d:collections,total,9.7,208,16112,final
2025-08-01,pranarom,all,dossier,d:collections,total,10.0,223,15429,final
2025-08-02,pranarom,all,dossier,d:collections,total,9.6,222,14617,final
2025-08-03,pranarom,all,dossier,d:collections,total,9.6,180,13876,final
2025-08-04,pranarom,all,dossier,d:collections,total,10.4,218,16315,final
2025-08-05,pranarom,all,dossier,d:collections,total,9.8,194,16308,final
2025-08-06,pranarom,all,dossier,d:collections,total,10.1,216,16182,final
2025-08-07,pranarom,all,dossier,d:collections,total,10.3,203,15803,final
2025-08-08,pranarom,all,dossier,d:collections,total,10.1,203,15914,final
2025-08-09,pranarom,all,dossier,d:collections,total,10.2,212,15295,final
2025-08-10,pranarom,all,dossier,d:collections,total,10.6,189,14169,final
2025-08-11,pranarom,all,dossier,d:collections,total,15.6,219,19212,final
2025-08-12,pranarom,all,dossier,d:collections,total,10.8,224,16313,final
2025-08-13,pranarom,all,dossier,d:collections,total,10.1,196,15244,final
2025-08-14,pranarom,all,dossier,d:collections,total,10.5,177,15080,final
2025-08-15,pranarom,all,dossier,d:collections,total,10.2,198,13735,final
2025-08-16,pranarom,all,dossier,d:collections,total,10.9,205,14709,final
2025-08-17,pranarom,all,dossier,d:collections,total,10.3,168,13202,final
2025-08-18,pranarom,all,dossier,d:collections,total,9.7,213,15459,final
2025-08-19,pranarom,all,dossier,d:collections,total,9.9,237,16001,final
2025-08-20,pranarom,all,dossier,d:collections,total,10.3,196,14912,final
2025-08-21,pranarom,all,dossier,d:collections,total,10.8,206,15271,final
2025-08-22,pranarom,all,dossier,d:collections,total,11.0,203,14082,final
2025-08-23,pranarom,all,dossier,d:collections,total,11.4,205,13774,final
2025-08-24,pranarom,all,dossier,d:collections,total,10.8,153,13800,final
2025-08-25,pranarom,all,dossier,d:collections,total,10.0,208,14787,final
2025-08-26,pranarom,all,dossier,d:collections,total,10.7,235,17130,final
2025-08-27,pranarom,all,dossier,d:collections,total,11.0,253,16448,final
2025-08-28,pranarom,all,dossier,d:collections,total,11.5,224,16026,final
2025-08-29,pranarom,all,dossier,d:collections,total,11.2,229,15430,final
2025-08-30,pranarom,all,dossier,d:collections,total,12.3,180,14691,final
2025-08-31,pranarom,all,dossier,d:collections,total,12.5,177,14138,final
2025-09-01,pranarom,all,dossier,d:collections,total,11.1,223,15162,final
2025-09-02,pranarom,all,dossier,d:collections,total,11.6,193,15409,final
2025-09-03,pranarom,all,dossier,d:collections,total,10.8,173,14900,final
2025-09-04,pranarom,all,dossier,d:collections,total,11.4,211,15317,final
2025-09-05,pranarom,all,dossier,d:collections,total,12.0,204,13164,final
2025-09-06,pranarom,all,dossier,d:collections,total,12.0,171,12844,final
2025-09-07,pranarom,all,dossier,d:collections,total,11.5,154,12589,final
2025-09-08,pranarom,all,dossier,d:collections,total,11.2,241,13988,final
2025-09-09,pranarom,all,dossier,d:collections,total,11.9,206,15272,final
2025-09-10,pranarom,all,dossier,d:collections,total,10.4,210,15120,final
2025-09-11,pranarom,all,dossier,d:collections,total,9.5,235,16116,final
2025-09-12,pranarom,all,dossier,d:collections,total,7.5,218,13926,final
2025-09-13,pranarom,all,dossier,d:collections,total,6.7,218,13823,final
2025-09-14,pranarom,all,dossier,d:collections,total,6.7,188,14422,final
2025-09-15,pranarom,all,dossier,d:collections,total,6.7,216,15519,final
2025-09-16,pranarom,all,dossier,d:collections,total,6.7,239,15666,final
2025-09-17,pranarom,all,dossier,d:collections,total,6.6,259,15750,final
2025-09-18,pranarom,all,dossier,d:collections,total,7.1,217,14173,final
2025-09-19,pranarom,all,dossier,d:collections,total,7.2,236,14722,final
2025-09-20,pranarom,all,dossier,d:collections,total,7.6,186,14443,final
2025-09-21,pranarom,all,dossier,d:collections,total,9.0,211,15179,final
2025-09-22,pranarom,all,dossier,d:collections,total,7.8,246,15650,final
2025-09-23,pranarom,all,dossier,d:collections,total,7.1,255,15180,final
2025-09-24,pranarom,all,dossier,d:collections,total,7.3,271,15381,final
2025-09-25,pranarom,all,dossier,d:collections,total,6.8,238,13429,final
2025-09-26,pranarom,all,dossier,d:collections,total,7.1,221,13789,final
2025-09-27,pranarom,all,dossier,d:collections,total,6.9,219,13074,final
2025-09-28,pranarom,all,dossier,d:collections,total,7.1,222,12759,final
2025-09-29,pranarom,all,dossier,d:collections,total,6.8,258,14464,final
2025-09-30,pranarom,all,dossier,d:collections,total,7.6,264,15532,final
2025-10-01,pranarom,all,dossier,d:collections,total,7.1,244,14992,final
2025-10-02,pranarom,all,dossier,d:collections,total,7.6,249,14571,final
2025-10-03,pranarom,all,dossier,d:collections,total,6.6,248,13986,final
2025-10-04,pranarom,all,dossier,d:collections,total,6.9,250,13735,final
2025-10-05,pranarom,all,dossier,d:collections,total,7.4,216,12539,final
2025-10-06,pranarom,all,dossier,d:collections,total,6.3,276,15048,final
2025-10-07,pranarom,all,dossier,d:collections,total,6.4,281,15588,final
2025-10-08,pranarom,all,dossier,d:collections,total,6.5,239,21139,final
2025-10-09,pranarom,all,dossier,d:collections,total,7.7,259,15383,final
2025-10-10,pranarom,all,dossier,d:collections,total,7.1,243,15406,final
2025-10-11,pranarom,all,dossier,d:collections,total,7.1,206,13847,final
2025-10-12,pranarom,all,dossier,d:collections,total,7.0,176,12289,final
2025-10-13,pranarom,all,dossier,d:collections,total,6.7,258,14907,final
2025-10-14,pranarom,all,dossier,d:collections,total,7.1,253,14757,final
2025-10-15,pranarom,all,dossier,d:collections,total,8.4,247,16265,final
2025-10-16,pranarom,all,dossier,d:collections,total,9.0,227,15603,final
2025-10-17,pranarom,all,dossier,d:collections,total,7.1,197,12488,final
2025-10-18,pranarom,all,dossier,d:collections,total,6.7,192,12881,final
2025-10-19,pranarom,all,dossier,d:collections,total,7.3,200,15032,final
2025-10-20,pranarom,all,dossier,d:collections,total,6.7,227,15353,final
2025-10-21,pranarom,all,dossier,d:collections,total,6.4,246,15278,final
2025-10-22,pranarom,all,dossier,d:collections,total,6.4,233,15413,final
2025-10-23,pranarom,all,dossier,d:collections,total,6.4,222,14707,final
2025-10-24,pranarom,all,dossier,d:collections,total,6.9,215,14371,final
2025-10-25,pranarom,all,dossier,d:collections,total,7.2,198,13995,final
2025-10-26,pranarom,all,dossier,d:collections,total,6.7,195,13475,final
2025-10-27,pranarom,all,dossier,d:collections,total,6.4,265,15428,final
2025-10-28,pranarom,all,dossier,d:collections,total,7.2,223,15419,final
2025-10-29,pranarom,all,dossier,d:collections,total,6.6,246,13774,final
2025-10-30,pranarom,all,dossier,d:collections,total,7.3,177,13058,final
2025-10-31,pranarom,all,dossier,d:collections,total,6.7,180,12612,final
2025-11-01,pranarom,all,dossier,d:collections,total,7.0,159,11593,final
2025-11-02,pranarom,all,dossier,d:collections,total,6.8,190,12198,final
2025-11-03,pranarom,all,dossier,d:collections,total,6.4,195,13317,final
2025-11-04,pranarom,all,dossier,d:collections,total,6.9,158,13017,final
2025-11-05,pranarom,all,dossier,d:collections,total,6.4,218,14787,final
2025-11-06,pranarom,all,dossier,d:collections,total,6.8,201,15150,final
2025-11-07,pranarom,all,dossier,d:collections,total,7.3,228,15906,final
2025-11-08,pranarom,all,dossier,d:collections,total,7.4,173,15955,final
2025-11-09,pranarom,all,dossier,d:collections,total,7.7,179,14741,final
2025-11-10,pranarom,all,dossier,d:collections,total,8.8,207,16642,final
2025-11-11,pranarom,all,dossier,d:collections,total,7.9,188,16365,final
2025-11-12,pranarom,all,dossier,d:collections,total,6.7,193,15408,final
2025-11-13,pranarom,all,dossier,d:collections,total,6.9,208,16672,final
2025-11-14,pranarom,all,dossier,d:collections,total,6.6,224,15386,final
2025-11-15,pranarom,all,dossier,d:collections,total,6.7,166,14253,final
2025-11-16,pranarom,all,dossier,d:collections,total,6.6,173,14756,final
2025-11-17,pranarom,all,dossier,d:collections,total,6.3,212,15929,final
2025-11-18,pranarom,all,dossier,d:collections,total,6.9,213,15927,final
2025-11-19,pranarom,all,dossier,d:collections,total,6.5,240,15966,final
2025-11-20,pranarom,all,dossier,d:collections,total,7.4,210,14923,final
2025-11-21,pranarom,all,dossier,d:collections,total,7.1,221,15375,final
2025-11-22,pranarom,all,dossier,d:collections,total,7.3,179,15351,final
2025-11-23,pranarom,all,dossier,d:collections,total,7.7,221,15143,final
2025-11-24,pranarom,all,dossier,d:collections,total,6.9,232,16149,final
2025-11-25,pranarom,all,dossier,d:collections,total,6.8,241,16087,final
2025-11-26,pranarom,all,dossier,d:collections,total,6.7,206,15812,final
2025-11-27,pranarom,all,dossier,d:collections,total,6.8,181,16021,final
2025-11-28,pranarom,all,dossier,d:collections,total,8.2,206,16950,final
2025-11-29,pranarom,all,dossier,d:collections,total,8.0,218,16540,final
2025-11-30,pranarom,all,dossier,d:collections,total,7.5,211,16448,final
2025-12-01,pranarom,all,dossier,d:collections,total,7.2,208,18244,final
2025-12-02,pranarom,all,dossier,d:collections,total,7.8,234,17769,final
2025-12-03,pranarom,all,dossier,d:collections,total,7.0,256,18521,final
2025-12-04,pranarom,all,dossier,d:collections,total,7.2,263,19376,final
2025-12-05,pranarom,all,dossier,d:collections,total,7.3,237,17598,final
2025-12-06,pranarom,all,dossier,d:collections,total,7.1,209,17016,final
2025-12-07,pranarom,all,dossier,d:collections,total,7.1,253,16430,final
2025-12-08,pranarom,all,dossier,d:collections,total,6.5,304,19580,final
2025-12-09,pranarom,all,dossier,d:collections,total,7.9,286,20326,final
2025-12-10,pranarom,all,dossier,d:collections,total,9.9,270,21542,final
2025-12-11,pranarom,all,dossier,d:collections,total,7.5,261,18169,final
2025-12-12,pranarom,all,dossier,d:collections,total,10.1,241,19360,final
2025-12-13,pranarom,all,dossier,d:collections,total,8.9,246,17658,final
2025-12-14,pranarom,all,dossier,d:collections,total,7.7,239,18649,final
2025-12-15,pranarom,all,dossier,d:collections,total,8.9,282,21359,final
2025-12-16,pranarom,all,dossier,d:collections,total,7.2,302,18882,final
2025-12-17,pranarom,all,dossier,d:collections,total,6.4,286,18008,final
2025-12-18,pranarom,all,dossier,d:collections,total,7.8,227,18026,final
2025-12-19,pranarom,all,dossier,d:collections,total,7.5,243,18727,final
2025-12-20,pranarom,all,dossier,d:collections,total,7.3,233,18921,final
2025-12-21,pranarom,all,dossier,d:collections,total,7.2,225,15646,final
2025-12-22,pranarom,all,dossier,d:collections,total,6.9,315,17910,final
2025-12-23,pranarom,all,dossier,d:collections,total,7.1,273,16982,final
2025-12-24,pranarom,all,dossier,d:collections,total,7.9,175,13283,final
2025-12-25,pranarom,all,dossier,d:collections,total,7.4,193,13724,final
2025-12-26,pranarom,all,dossier,d:collections,total,7.0,237,16730,final
2025-12-27,pranarom,all,dossier,d:collections,total,7.1,239,16101,final
2025-12-28,pranarom,all,dossier,d:collections,total,7.0,217,15780,final
2025-12-29,pranarom,all,dossier,d:collections,total,6.7,268,18092,final
2025-12-30,pranarom,all,dossier,d:collections,total,6.4,277,16958,final
2025-12-31,pranarom,all,dossier,d:collections,total,7.6,185,12719,final
2026-01-01,pranarom,all,dossier,d:collections,total,8.0,183,13204,final
2026-01-02,pranarom,all,dossier,d:collections,total,7.1,263,16963,final
2026-01-03,pranarom,all,dossier,d:collections,total,7.5,226,15755,final
2026-01-04,pranarom,all,dossier,d:collections,total,7.7,223,14167,final
2026-01-05,pranarom,all,dossier,d:collections,total,7.6,258,14095,final
2026-01-06,pranarom,all,dossier,d:collections,total,6.9,228,14196,final
2026-01-07,pranarom,all,dossier,d:collections,total,7.4,240,15008,final
2026-01-08,pranarom,all,dossier,d:collections,total,8.1,263,15879,final
2026-01-09,pranarom,all,dossier,d:collections,total,11.2,215,15559,final
2026-01-10,pranarom,all,dossier,d:collections,total,10.5,217,15660,final
2026-01-11,pranarom,all,dossier,d:collections,total,7.9,210,13326,final
2026-01-12,pranarom,all,dossier,d:collections,total,6.3,259,13681,final
2026-01-13,pranarom,all,dossier,d:collections,total,7.4,236,13755,final
2026-01-14,pranarom,all,dossier,d:collections,total,8.1,178,13203,final
2026-01-15,pranarom,all,dossier,d:collections,total,7.2,207,13859,final
2026-01-16,pranarom,all,dossier,d:collections,total,7.3,184,12962,final
2026-01-17,pranarom,all,dossier,d:collections,total,7.7,204,13858,final
2026-01-18,pranarom,all,dossier,d:collections,total,8.1,166,12116,final
2026-01-19,pranarom,all,dossier,d:collections,total,7.2,216,13611,final
2026-01-20,pranarom,all,dossier,d:collections,total,7.7,222,12771,final
2026-01-21,pranarom,all,dossier,d:collections,total,9.0,166,12035,final
2026-01-22,pranarom,all,dossier,d:collections,total,8.5,172,11399,final
2026-01-23,pranarom,all,dossier,d:collections,total,8.5,159,11003,final
2026-01-24,pranarom,all,dossier,d:collections,total,8.8,157,11283,final
2026-01-25,pranarom,all,dossier,d:collections,total,9.0,154,10906,final
2026-01-26,pranarom,all,dossier,d:collections,total,8.4,168,11989,final
2026-01-27,pranarom,all,dossier,d:collections,total,11.0,179,13708,final
2026-01-28,pranarom,all,dossier,d:collections,total,8.4,200,12293,final
2026-01-29,pranarom,all,dossier,d:collections,total,8.7,174,11637,final
2026-01-30,pranarom,all,dossier,d:collections,total,8.4,207,11520,final
2026-01-31,pranarom,all,dossier,d:collections,total,9.6,174,12512,final
2026-02-01,pranarom,all,dossier,d:collections,total,8.5,163,10677,final
2026-02-02,pranarom,all,dossier,d:collections,total,7.8,186,11460,final
2026-02-03,pranarom,all,dossier,d:collections,total,6.7,160,11381,final
2026-02-04,pranarom,all,dossier,d:collections,total,9.1,201,12360,final
2026-02-05,pranarom,all,dossier,d:collections,total,8.6,212,12200,final
2026-02-06,pranarom,all,dossier,d:collections,total,9.1,160,10732,final
2026-02-07,pranarom,all,dossier,d:collections,total,9.0,180,9670,final
2026-02-08,pranarom,all,dossier,d:collections,total,10.7,176,10372,final
2026-02-09,pranarom,all,dossier,d:collections,total,8.3,194,10732,final
2026-02-10,pranarom,all,dossier,d:collections,total,8.6,200,11222,final
2026-02-11,pranarom,all,dossier,d:collections,total,8.7,143,11513,final
2026-02-12,pranarom,all,dossier,d:collections,total,8.5,200,11021,final
2026-02-13,pranarom,all,dossier,d:collections,total,7.8,193,10823,final
2026-02-14,pranarom,all,dossier,d:collections,total,7.7,154,11044,final
2026-02-15,pranarom,all,dossier,d:collections,total,7.4,177,11090,final
2026-02-16,pranarom,all,dossier,d:collections,total,8.0,189,11389,final
2026-02-17,pranarom,all,dossier,d:collections,total,7.6,215,11659,final
2026-02-18,pranarom,all,dossier,d:collections,total,7.1,187,10889,final
2026-02-19,pranarom,all,dossier,d:collections,total,7.1,219,10878,final
2026-02-20,pranarom,all,dossier,d:collections,total,7.3,195,11532,final
2026-02-21,pranarom,all,dossier,d:collections,total,8.0,187,10626,final
2026-02-22,pranarom,all,dossier,d:collections,total,7.6,159,10258,final
2026-02-23,pranarom,all,dossier,d:collections,total,7.3,219,11799,final
2026-02-24,pranarom,all,dossier,d:collections,total,7.4,179,11248,final
2026-02-25,pranarom,all,dossier,d:collections,total,8.4,209,11509,final
2026-02-26,pranarom,all,dossier,d:collections,total,7.1,171,10637,final
2026-02-27,pranarom,all,dossier,d:collections,total,8.0,179,12671,final
2026-02-28,pranarom,all,dossier,d:collections,total,7.6,220,11540,final
2026-03-01,pranarom,all,dossier,d:collections,total,7.3,142,10709,final
2026-03-02,pranarom,all,dossier,d:collections,total,7.4,175,12155,final
2026-03-03,pranarom,all,dossier,d:collections,total,7.8,162,12471,final
2026-03-04,pranarom,all,dossier,d:collections,total,7.1,186,11108,final
2026-03-05,pranarom,all,dossier,d:collections,total,7.4,210,11289,final
2026-03-06,pranarom,all,dossier,d:collections,total,6.5,197,9858,final
2026-03-07,pranarom,all,dossier,d:collections,total,6.9,159,9606,final
2026-03-08,pranarom,all,dossier,d:collections,total,9.5,130,9685,final
2026-03-09,pranarom,all,dossier,d:collections,total,6.9,182,11647,final
2026-03-10,pranarom,all,dossier,d:collections,total,6.9,189,12196,final
2026-03-11,pranarom,all,dossier,d:collections,total,7.6,170,10498,final
2026-03-12,pranarom,all,dossier,d:collections,total,8.0,145,9970,final
2026-03-13,pranarom,all,dossier,d:collections,total,7.4,145,9601,final
2026-03-14,pranarom,all,dossier,d:collections,total,7.6,139,10130,final
2026-03-15,pranarom,all,dossier,d:collections,total,8.0,137,9424,final
2026-03-16,pranarom,all,dossier,d:collections,total,6.9,200,11798,final
2026-03-17,pranarom,all,dossier,d:collections,total,6.2,168,9374,final
2026-03-18,pranarom,all,dossier,d:collections,total,6.8,151,9924,final
2026-03-19,pranarom,all,dossier,d:collections,total,6.9,170,9946,final
2026-03-20,pranarom,all,dossier,d:collections,total,7.1,121,9455,final
2026-03-21,pranarom,all,dossier,d:collections,total,6.4,150,9597,final
2026-03-22,pranarom,all,dossier,d:collections,total,6.4,151,9764,final
2026-03-23,pranarom,all,dossier,d:collections,total,6.8,194,10570,final
2026-03-24,pranarom,all,dossier,d:collections,total,6.0,143,10829,final
2026-03-25,pranarom,all,dossier,d:collections,total,5.5,167,10549,final
2026-03-26,pranarom,all,dossier,d:collections,total,5.6,154,9419,final
2026-03-27,pranarom,all,dossier,d:collections,total,5.7,142,9420,final
2026-03-28,pranarom,all,dossier,d:collections,total,6.1,137,9377,final
2026-03-29,pranarom,all,dossier,d:collections,total,6.8,118,8006,final
2026-03-30,pranarom,all,dossier,d:collections,total,6.0,167,10451,final
2026-03-31,pranarom,all,dossier,d:collections,total,7.4,185,9932,final
2026-04-01,pranarom,all,dossier,d:collections,total,6.0,217,9593,final
2026-04-02,pranarom,all,dossier,d:collections,total,6.1,179,8699,final
2026-04-03,pranarom,all,dossier,d:collections,total,5.9,189,8012,final
2026-04-04,pranarom,all,dossier,d:collections,total,6.2,172,7611,final
2026-04-05,pranarom,all,dossier,d:collections,total,6.1,158,7251,final
2026-04-06,pranarom,all,dossier,d:collections,total,6.0,171,7462,final
2026-04-07,pranarom,all,dossier,d:collections,total,6.3,212,8911,final
2026-04-08,pranarom,all,dossier,d:collections,total,6.0,197,8422,final
2026-04-09,pranarom,all,dossier,d:collections,total,6.2,189,7930,final
2026-04-10,pranarom,all,dossier,d:collections,total,5.6,168,8036,final
2026-04-11,pranarom,all,dossier,d:collections,total,5.7,197,7163,final
2026-04-12,pranarom,all,dossier,d:collections,total,6.1,184,7095,final
2026-04-13,pranarom,all,dossier,d:collections,total,6.6,202,7774,final
2026-04-14,pranarom,all,dossier,d:collections,total,6.3,184,7763,final
2026-04-15,pranarom,all,dossier,d:collections,total,6.3,178,7589,final
2026-04-16,pranarom,all,dossier,d:collections,total,5.7,176,7133,final
2026-04-17,pranarom,all,dossier,d:collections,total,5.8,155,6725,final
2026-04-18,pranarom,all,dossier,d:collections,total,6.4,117,6043,final
2026-04-19,pranarom,all,dossier,d:collections,total,7.0,101,6195,final
2026-04-20,pranarom,all,dossier,d:collections,total,5.8,166,6803,final
2026-04-21,pranarom,all,dossier,d:collections,total,5.7,158,7016,final
2026-04-22,pranarom,all,dossier,d:collections,total,5.9,156,7149,final
2026-04-23,pranarom,all,dossier,d:collections,total,6.6,140,6806,final
2026-04-24,pranarom,all,dossier,d:collections,total,6.6,139,6906,final
2026-04-25,pranarom,all,dossier,d:collections,total,7.3,116,6416,final
2026-04-26,pranarom,all,dossier,d:collections,total,7.0,102,5868,final
2026-04-27,pranarom,all,dossier,d:collections,total,6.1,144,6966,final
2026-04-28,pranarom,all,dossier,d:collections,total,7.2,134,7294,final
2026-04-29,pranarom,all,dossier,d:collections,total,5.9,147,6523,final
2026-04-30,pranarom,all,dossier,d:collections,total,7.3,144,6878,final
2026-05-01,pranarom,all,dossier,d:collections,total,6.3,104,5835,final
2026-05-02,pranarom,all,dossier,d:collections,total,5.5,135,6695,final
2026-05-03,pranarom,all,dossier,d:collections,total,6.2,150,6268,final
2026-05-04,pranarom,all,dossier,d:collections,total,6.6,150,7466,final
2026-05-05,pranarom,all,dossier,d:collections,total,5.8,154,7469,final
2026-05-06,pranarom,all,dossier,d:collections,total,5.4,180,7561,final
2026-05-07,pranarom,all,dossier,d:collections,total,6.9,143,7498,final
2026-05-08,pranarom,all,dossier,d:collections,total,6.9,114,5604,final
2026-05-09,pranarom,all,dossier,d:collections,total,6.3,141,6478,final
2026-05-10,pranarom,all,dossier,d:collections,total,6.3,148,6251,final
2026-05-11,pranarom,all,dossier,d:collections,total,6.2,152,7557,final
2026-05-12,pranarom,all,dossier,d:collections,total,7.7,176,7556,final
2026-05-13,pranarom,all,dossier,d:collections,total,7.3,165,7004,final
2026-05-14,pranarom,all,dossier,d:collections,total,6.7,131,6269,final
2026-05-15,pranarom,all,dossier,d:collections,total,4.6,124,6791,final
2026-05-16,pranarom,all,dossier,d:collections,total,4.9,114,6300,final
2026-05-17,pranarom,all,dossier,d:collections,total,5.2,120,6013,final
2026-05-18,pranarom,all,dossier,d:collections,total,4.9,145,7340,final
2026-05-19,pranarom,all,dossier,d:collections,total,5.6,137,7181,final
2026-05-20,pranarom,all,dossier,d:collections,total,5.5,148,7190,final
2026-05-21,pranarom,all,dossier,d:collections,total,5.5,113,6294,final
2026-05-22,pranarom,all,dossier,d:collections,total,4.8,142,5947,final
2026-05-23,pranarom,all,dossier,d:collections,total,5.0,146,5871,final
2026-05-24,pranarom,all,dossier,d:collections,total,5.2,109,5834,final
2026-05-25,pranarom,all,dossier,d:collections,total,4.8,148,6593,final
2026-05-26,pranarom,all,dossier,d:collections,total,4.9,166,6920,final
2026-05-27,pranarom,all,dossier,d:collections,total,5.3,164,7961,final
2026-05-28,pranarom,all,dossier,d:collections,total,5.5,157,7759,final
2026-05-29,pranarom,all,dossier,d:collections,total,4.9,151,7185,final
2026-05-30,pranarom,all,dossier,d:collections,total,4.7,123,6590,final
2026-05-31,pranarom,all,dossier,d:collections,total,4.7,114,6332,final
2026-06-01,pranarom,all,dossier,d:collections,total,4.6,159,7518,final
2026-06-02,pranarom,all,dossier,d:collections,total,4.7,158,7066,final
2026-06-03,pranarom,all,dossier,d:collections,total,4.7,135,6959,final
2026-06-04,pranarom,all,dossier,d:collections,total,5.0,130,6763,final
2026-06-05,pranarom,all,dossier,d:collections,total,4.8,173,6610,final
2026-06-06,pranarom,all,dossier,d:collections,total,5.0,125,5763,final
2026-06-07,pranarom,all,dossier,d:collections,total,5.9,90,6450,final
2026-06-08,pranarom,all,dossier,d:collections,total,4.7,152,7934,final
2026-06-09,pranarom,all,dossier,d:collections,total,4.7,156,6984,final
2026-06-10,pranarom,all,dossier,d:collections,total,5.3,143,6512,final
2026-06-11,pranarom,all,dossier,d:collections,total,4.4,127,5853,final
2026-06-12,pranarom,all,dossier,d:collections,total,5.4,137,5455,final
2026-06-13,pranarom,all,dossier,d:collections,total,5.5,121,5263,final
2026-06-14,pranarom,all,dossier,d:collections,total,5.4,109,5281,final
2026-06-15,pranarom,all,dossier,d:collections,total,4.9,163,6559,final
2026-06-16,pranarom,all,dossier,d:collections,total,5.5,147,6262,final
2026-06-17,pranarom,all,dossier,d:collections,total,5.0,139,6976,final
2026-06-18,pranarom,all,dossier,d:collections,total,5.0,158,6629,final
2026-06-19,pranarom,all,dossier,d:collections,total,4.9,143,5958,final
2026-06-20,pranarom,all,dossier,d:collections,total,5.0,90,5527,final
2026-06-21,pranarom,all,dossier,d:collections,total,5.1,69,5013,final
2026-06-22,pranarom,all,dossier,d:collections,total,5.0,147,6663,final
2026-06-23,pranarom,all,dossier,d:collections,total,4.8,118,7081,final
2026-06-24,pranarom,all,dossier,d:collections,total,7.8,158,8682,final
2026-06-25,pranarom,all,dossier,d:collections,total,5.3,117,7201,final
2026-06-26,pranarom,all,dossier,d:collections,total,5.1,118,5896,final
2026-06-27,pranarom,all,dossier,d:collections,total,7.0,104,6549,final
2026-06-28,pranarom,all,dossier,d:collections,total,5.8,95,6276,final
2026-06-29,pranarom,all,dossier,d:collections,total,5.0,111,6063,final
2026-06-30,pranarom,all,dossier,d:collections,total,4.9,143,6505,final
2026-07-01,pranarom,all,dossier,d:collections,total,5.7,113,6565,final
2026-07-02,pranarom,all,dossier,d:collections,total,5.7,145,6071,final
2026-07-03,pranarom,all,dossier,d:collections,total,6.0,103,5860,final
2026-07-04,pranarom,all,dossier,d:collections,total,5.8,104,5758,final
2026-07-05,pranarom,all,dossier,d:collections,total,5.2,131,5545,final
2026-07-06,pranarom,all,dossier,d:collections,total,5.7,127,6366,final
2026-07-07,pranarom,all,dossier,d:collections,total,5.6,132,5887,final
2026-07-08,pranarom,all,dossier,d:collections,total,5.0,143,6732,final
2026-07-09,pranarom,all,dossier,d:collections,total,4.9,135,7095,final
2026-07-10,pranarom,all,dossier,d:collections,total,5.1,125,6405,final
2026-07-11,pranarom,all,dossier,d:collections,total,5.4,101,5348,final
2026-07-12,pranarom,all,dossier,d:collections,total,5.8,93,5112,final
2026-07-13,pranarom,all,dossier,d:collections,total,5.0,130,6167,final
2026-07-14,pranarom,all,dossier,d:collections,total,5.5,128,5503,final
2026-07-15,pranarom,all,dossier,d:collections,total,4.6,132,6360,final
2026-07-16,pranarom,all,dossier,d:collections,total,4.9,114,6576,final
2026-07-17,pranarom,all,dossier,d:collections,total,4.7,138,5908,final
2026-07-18,pranarom,all,dossier,d:collections,total,4.8,128,6788,final
2026-07-19,pranarom,all,dossier,d:collections,total,5.6,94,5952,final
2026-07-20,pranarom,all,dossier,d:collections,total,5.1,132,6721,final
2026-07-21,pranarom,all,dossier,d:collections,total,4.8,136,7451,final
2026-07-22,pranarom,all,dossier,d:collections,total,5.5,141,7227,final
2026-07-23,pranarom,all,dossier,d:collections,total,4.3,136,6222,final
2026-07-24,pranarom,all,dossier,d:collections,total,11.7,106,7640,final
2026-07-25,pranarom,all,dossier,d:collections,total,7.0,92,5940,final
2026-07-26,pranarom,all,dossier,d:collections,total,6.0,92,5230,final
2026-07-27,pranarom,all,dossier,d:collections,total,6.4,134,6348,final
2026-07-28,pranarom,all,dossier,d:collections,total,9.3,125,7484,final
2026-07-29,pranarom,all,dossier,d:collections,total,7.6,132,7461,final
2026-07-30,pranarom,all,dossier,d:collections,total,6.1,144,6504,final
2026-07-31,pranarom,all,dossier,d:collections,total,7.4,133,6366,final
2026-08-01,pranarom,all,dossier,d:collections,total,6.1,96,6543,final
2026-08-02,pranarom,all,dossier,d:collections,total,6.7,92,6264,final
2026-08-03,pranarom,all,dossier,d:collections,total,5.4,135,6769,final
2026-08-04,pranarom,all,dossier,d:collections,total,5.6,118,7521,final
2026-08-05,pranarom,all,dossier,d:collections,total,6.4,142,6981,final
2026-08-06,pranarom,all,dossier,d:collections,total,8.5,137,8235,final
2026-08-07,pranarom,all,dossier,d:collections,total,7.1,132,6905,final
2026-08-08,pranarom,all,dossier,d:collections,total,6.5,131,7082,final
2026-08-09,pranarom,all,dossier,d:collections,total,6.6,110,5407,final
2026-08-10,pranarom,all,dossier,d:collections,total,5.7,115,6761,final
2026-08-11,pranarom,all,dossier,d:collections,total,6.2,135,5955,final
2026-08-12,pranarom,all,dossier,d:collections,total,7.2,115,6319,final
2026-08-13,pranarom,all,dossier,d:collections,total,6.6,134,6557,final
2026-08-14,pranarom,all,dossier,d:collections,total,6.5,124,6799,final
2026-08-15,pranarom,all,dossier,d:collections,total,6.5,101,5898,final
2026-08-16,pranarom,all,dossier,d:collections,total,6.1,106,6114,final
2026-08-17,pranarom,all,dossier,d:collections,total,6.2,145,7360,final
2026-08-18,pranarom,all,dossier,d:collections,total,6.8,154,7543,final
2026-08-19,pranarom,all,dossier,d:collections,total,7.4,131,7150,final
2026-08-20,pranarom,all,dossier,d:collections,total,8.2,149,7277,final
2026-08-21,pranarom,all,dossier,d:collections,total,6.7,120,6141,final
2026-08-22,pranarom,all,dossier,d:collections,total,6.2,114,5665,final
2026-08-23,pranarom,all,dossier,d:collections,total,6.8,94,5546,final
2026-08-24,pranarom,all,dossier,d:collections,total,6.8,128,6627,final
2026-08-25,pranarom,all,dossier,d:collections,total,6.1,156,6637,final
2026-08-26,pranarom,all,dossier,d:collections,total,7.9,127,6894,final
2026-08-27,pranarom,all,dossier,d:collections,total,6.5,144,7231,final
2026-08-28,pranarom,all,dossier,d:collections,total,8.7,126,7981,final
2026-08-29,pranarom,all,dossier,d:collections,total,7.0,120,7318,final
2026-08-30,pranarom,all,dossier,d:collections,total,7.4,110,6933,final
2026-08-31,pranarom,all,dossier,d:collections,total,6.4,148,8819,final
2026-09-01,pranarom,all,dossier,d:collections,total,5.9,135,8090,final
2026-09-02,pranarom,all,dossier,d:collections,total,6.1,150,8772,final
2026-09-03,pranarom,all,dossier,d:collections,total,9.1,169,9787,final
2026-09-04,pranarom,all,dossier,d:collections,total,7.6,111,8822,final
2026-09-05,pranarom,all,dossier,d:collections,total,8.0,137,8185,final
2026-09-06,pranarom,all,dossier,d:collections,total,7.7,123,7476,final
2026-09-07,pranarom,all,dossier,d:collections,total,6.6,146,8344,final
2026-09-08,pranarom,all,dossier,d:collections,total,6.0,150,8100,final
2026-09-09,pranarom,all,dossier,d:collections,total,6.9,144,8465,final
2026-09-10,pranarom,all,dossier,d:collections,total,6.2,160,8029,final
2026-09-11,pranarom,all,dossier,d:collections,total,5.8,132,8865,final
2026-09-12,pranarom,all,dossier,d:collections,total,6.5,129,8495,final
2026-09-13,pranarom,all,dossier,d:collections,total,5.5,107,8096,final
2026-09-14,pranarom,all,dossier,d:collections,total,4.7,164,8536,final
2026-09-15,pranarom,all,dossier,d:collections,total,5.1,133,7630,final
2026-09-16,pranarom,all,dossier,d:collections,total,5.0,158,7520,final
2026-09-17,pranarom,all,dossier,d:collections,total,4.9,179,7454,final
2026-09-18,pranarom,all,dossier,d:collections,total,4.8,153,7696,final
2026-09-19,pranarom,all,dossier,d:collections,total,5.0,128,6514,final
2026-09-20,pranarom,all,dossier,d:collections,total,5.1,118,6305,final
2026-09-21,pranarom,all,dossier,d:collections,total,4.5,148,7611,final
2026-09-22,pranarom,all,dossier,d:collections,total,4.5,168,7500,final
2026-09-23,pranarom,all,dossier,d:collections,total,4.8,164,7540,final
2026-09-24,pranarom,all,dossier,d:collections,total,4.8,128,7193,final
2026-09-25,pranarom,all,dossier,d:collections,total,4.6,133,6851,final
2026-09-26,pranarom,all,dossier,d:collections,total,4.7,134,6407,final
2026-09-27,pranarom,all,dossier,d:collections,total,5.0,127,6178,final
2026-09-28,pranarom,all,dossier,d:collections,total,4.6,137,7249,final
2026-09-29,pranarom,all,dossier,d:collections,total,4.8,149,6991,final
2026-09-30,pranarom,all,dossier,d:collections,total,3.8,152,5825,final
2026-10-01,pranarom,all,dossier,d:collections,total,4.6,158,5437,fresh
2026-10-02,pranarom,all,dossier,d:collections,total,4.0,123,4687,fresh
2025-06-10,pranarom,all,dossier,d:en,total,13.3,223,23301,final
2025-06-11,pranarom,all,dossier,d:en,total,14.2,217,23560,final
2025-06-12,pranarom,all,dossier,d:en,total,13.4,188,22822,final
2025-06-13,pranarom,all,dossier,d:en,total,14.2,179,22142,final
2025-06-14,pranarom,all,dossier,d:en,total,14.2,182,21853,final
2025-06-15,pranarom,all,dossier,d:en,total,14.1,192,23471,final
2025-06-16,pranarom,all,dossier,d:en,total,14.0,217,24982,final
2025-06-17,pranarom,all,dossier,d:en,total,14.0,197,25405,final
2025-06-18,pranarom,all,dossier,d:en,total,14.7,197,25110,final
2025-06-19,pranarom,all,dossier,d:en,total,15.1,209,24352,final
2025-06-20,pranarom,all,dossier,d:en,total,15.2,172,23629,final
2025-06-21,pranarom,all,dossier,d:en,total,15.1,162,22116,final
2025-06-22,pranarom,all,dossier,d:en,total,14.8,192,23353,final
2025-06-23,pranarom,all,dossier,d:en,total,13.5,206,24699,final
2025-06-24,pranarom,all,dossier,d:en,total,13.5,228,23973,final
2025-06-25,pranarom,all,dossier,d:en,total,14.0,206,23026,final
2025-06-26,pranarom,all,dossier,d:en,total,14.6,187,24169,final
2025-06-27,pranarom,all,dossier,d:en,total,15.0,159,23201,final
2025-06-28,pranarom,all,dossier,d:en,total,14.4,194,22882,final
2025-06-29,pranarom,all,dossier,d:en,total,15.0,218,26132,final
2025-06-30,pranarom,all,dossier,d:en,total,13.6,225,25567,final
2025-07-01,pranarom,all,dossier,d:en,total,13.8,219,24169,final
2025-07-02,pranarom,all,dossier,d:en,total,14.7,177,23049,final
2025-07-03,pranarom,all,dossier,d:en,total,14.3,168,21143,final
2025-07-04,pranarom,all,dossier,d:en,total,15.3,180,21080,final
2025-07-05,pranarom,all,dossier,d:en,total,15.1,172,21707,final
2025-07-06,pranarom,all,dossier,d:en,total,14.7,202,23934,final
2025-07-07,pranarom,all,dossier,d:en,total,15.5,208,24549,final
2025-07-08,pranarom,all,dossier,d:en,total,15.4,200,24141,final
2025-07-09,pranarom,all,dossier,d:en,total,15.8,203,24217,final
2025-07-10,pranarom,all,dossier,d:en,total,16.4,168,21891,final
2025-07-11,pranarom,all,dossier,d:en,total,18.3,160,22359,final
2025-07-12,pranarom,all,dossier,d:en,total,17.0,173,22777,final
2025-07-13,pranarom,all,dossier,d:en,total,16.3,201,23952,final
2025-07-14,pranarom,all,dossier,d:en,total,15.9,182,22813,final
2025-07-15,pranarom,all,dossier,d:en,total,18.0,176,24312,final
2025-07-16,pranarom,all,dossier,d:en,total,17.0,200,21799,final
2025-07-17,pranarom,all,dossier,d:en,total,15.8,194,20696,final
2025-07-18,pranarom,all,dossier,d:en,total,16.5,182,20670,final
2025-07-19,pranarom,all,dossier,d:en,total,16.9,187,21560,final
2025-07-20,pranarom,all,dossier,d:en,total,16.8,159,21518,final
2025-07-21,pranarom,all,dossier,d:en,total,18.7,182,24427,final
2025-07-22,pranarom,all,dossier,d:en,total,17.0,177,22766,final
2025-07-23,pranarom,all,dossier,d:en,total,16.3,191,20846,final
2025-07-24,pranarom,all,dossier,d:en,total,17.1,190,21425,final
2025-07-25,pranarom,all,dossier,d:en,total,16.5,185,20255,final
2025-07-26,pranarom,all,dossier,d:en,total,18.4,185,22459,final
2025-07-27,pranarom,all,dossier,d:en,total,17.7,190,22175,final
2025-07-28,pranarom,all,dossier,d:en,total,15.9,165,21319,final
2025-07-29,pranarom,all,dossier,d:en,total,15.5,210,21131,final
2025-07-30,pranarom,all,dossier,d:en,total,15.9,182,20768,final
2025-07-31,pranarom,all,dossier,d:en,total,15.3,177,19791,final
2025-08-01,pranarom,all,dossier,d:en,total,16.6,181,19117,final
2025-08-02,pranarom,all,dossier,d:en,total,16.1,192,18871,final
2025-08-03,pranarom,all,dossier,d:en,total,16.5,214,20627,final
2025-08-04,pranarom,all,dossier,d:en,total,17.1,204,21230,final
2025-08-05,pranarom,all,dossier,d:en,total,17.4,182,21079,final
2025-08-06,pranarom,all,dossier,d:en,total,16.3,183,20052,final
2025-08-07,pranarom,all,dossier,d:en,total,18.5,161,21411,final
2025-08-08,pranarom,all,dossier,d:en,total,19.1,200,21033,final
2025-08-09,pranarom,all,dossier,d:en,total,17.1,180,20357,final
2025-08-10,pranarom,all,dossier,d:en,total,16.6,180,21037,final
2025-08-11,pranarom,all,dossier,d:en,total,16.9,212,22958,final
2025-08-12,pranarom,all,dossier,d:en,total,15.7,162,21904,final
2025-08-13,pranarom,all,dossier,d:en,total,16.9,188,22523,final
2025-08-14,pranarom,all,dossier,d:en,total,15.5,175,20751,final
2025-08-15,pranarom,all,dossier,d:en,total,15.6,164,20231,final
2025-08-16,pranarom,all,dossier,d:en,total,16.5,170,21094,final
2025-08-17,pranarom,all,dossier,d:en,total,16.2,184,21786,final
2025-08-18,pranarom,all,dossier,d:en,total,14.8,196,21125,final
2025-08-19,pranarom,all,dossier,d:en,total,14.9,153,20296,final
2025-08-20,pranarom,all,dossier,d:en,total,16.7,147,22266,final
2025-08-21,pranarom,all,dossier,d:en,total,16.1,162,21951,final
2025-08-22,pranarom,all,dossier,d:en,total,16.7,162,20827,final
2025-08-23,pranarom,all,dossier,d:en,total,18.1,168,23569,final
2025-08-24,pranarom,all,dossier,d:en,total,15.5,179,22198,final
2025-08-25,pranarom,all,dossier,d:en,total,16.3,196,23726,final
2025-08-26,pranarom,all,dossier,d:en,total,17.4,193,25683,final
2025-08-27,pranarom,all,dossier,d:en,total,14.9,198,22442,final
2025-08-28,pranarom,all,dossier,d:en,total,15.1,164,22218,final
2025-08-29,pranarom,all,dossier,d:en,total,15.3,187,20882,final
2025-08-30,pranarom,all,dossier,d:en,total,14.9,145,20562,final
2025-08-31,pranarom,all,dossier,d:en,total,15.8,163,21891,final
2025-09-01,pranarom,all,dossier,d:en,total,14.6,180,22234,final
2025-09-02,pranarom,all,dossier,d:en,total,15.6,179,23660,final
2025-09-03,pranarom,all,dossier,d:en,total,15.0,193,20581,final
2025-09-04,pranarom,all,dossier,d:en,total,15.8,155,21132,final
2025-09-05,pranarom,all,dossier,d:en,total,15.2,167,20999,final
2025-09-06,pranarom,all,dossier,d:en,total,14.7,157,22023,final
2025-09-07,pranarom,all,dossier,d:en,total,14.4,174,21732,final
2025-09-08,pranarom,all,dossier,d:en,total,13.9,192,24554,final
2025-09-09,pranarom,all,dossier,d:en,total,13.8,182,24640,final
2025-09-10,pranarom,all,dossier,d:en,total,12.8,216,21302,final
2025-09-11,pranarom,all,dossier,d:en,total,12.1,180,18785,final
2025-09-12,pranarom,all,dossier,d:en,total,9.9,139,17013,final
2025-09-13,pranarom,all,dossier,d:en,total,7.6,155,16698,final
2025-09-14,pranarom,all,dossier,d:en,total,7.9,189,17952,final
2025-09-15,pranarom,all,dossier,d:en,total,7.8,167,18316,final
2025-09-16,pranarom,all,dossier,d:en,total,7.9,194,19150,final
2025-09-17,pranarom,all,dossier,d:en,total,7.9,149,18104,final
2025-09-18,pranarom,all,dossier,d:en,total,12.4,191,20225,final
2025-09-19,pranarom,all,dossier,d:en,total,9.7,167,17494,final
2025-09-20,pranarom,all,dossier,d:en,total,8.6,164,16750,final
2025-09-21,pranarom,all,dossier,d:en,total,8.3,173,17132,final
2025-09-22,pranarom,all,dossier,d:en,total,8.0,187,18093,final
2025-09-23,pranarom,all,dossier,d:en,total,9.0,165,18511,final
2025-09-24,pranarom,all,dossier,d:en,total,8.7,202,18018,final
2025-09-25,pranarom,all,dossier,d:en,total,8.4,154,17517,final
2025-09-26,pranarom,all,dossier,d:en,total,8.8,131,17378,final
2025-09-27,pranarom,all,dossier,d:en,total,8.6,144,16975,final
2025-09-28,pranarom,all,dossier,d:en,total,8.7,174,17716,final
2025-09-29,pranarom,all,dossier,d:en,total,9.5,173,19437,final
2025-09-30,pranarom,all,dossier,d:en,total,9.0,196,19624,final
2025-10-01,pranarom,all,dossier,d:en,total,8.5,187,18737,final
2025-10-02,pranarom,all,dossier,d:en,total,8.3,154,18715,final
2025-10-03,pranarom,all,dossier,d:en,total,7.9,161,17594,final
2025-10-04,pranarom,all,dossier,d:en,total,8.1,169,17621,final
2025-10-05,pranarom,all,dossier,d:en,total,8.4,173,18616,final
2025-10-06,pranarom,all,dossier,d:en,total,8.7,197,19589,final
2025-10-07,pranarom,all,dossier,d:en,total,8.6,179,19320,final
2025-10-08,pranarom,all,dossier,d:en,total,8.6,170,18684,final
2025-10-09,pranarom,all,dossier,d:en,total,8.1,155,17901,final
2025-10-10,pranarom,all,dossier,d:en,total,8.6,210,18060,final
2025-10-11,pranarom,all,dossier,d:en,total,8.4,182,17995,final
2025-10-12,pranarom,all,dossier,d:en,total,8.3,176,18303,final
2025-10-13,pranarom,all,dossier,d:en,total,8.5,205,19611,final
2025-10-14,pranarom,all,dossier,d:en,total,8.9,164,19793,final
2025-10-15,pranarom,all,dossier,d:en,total,8.6,179,20035,final
2025-10-16,pranarom,all,dossier,d:en,total,9.2,198,20209,final
2025-10-17,pranarom,all,dossier,d:en,total,8.5,179,19104,final
2025-10-18,pranarom,all,dossier,d:en,total,8.1,181,19702,final
2025-10-19,pranarom,all,dossier,d:en,total,8.3,171,20034,final
2025-10-20,pranarom,all,dossier,d:en,total,7.8,178,20389,final
2025-10-21,pranarom,all,dossier,d:en,total,8.9,180,20171,final
2025-10-22,pranarom,all,dossier,d:en,total,8.3,177,19337,final
2025-10-23,pranarom,all,dossier,d:en,total,8.5,206,20599,final
2025-10-24,pranarom,all,dossier,d:en,total,7.8,170,18064,final
2025-10-25,pranarom,all,dossier,d:en,total,7.6,170,18346,final
2025-10-26,pranarom,all,dossier,d:en,total,7.9,160,19604,final
2025-10-27,pranarom,all,dossier,d:en,total,8.0,181,20964,final
2025-10-28,pranarom,all,dossier,d:en,total,7.6,187,20785,final
2025-10-29,pranarom,all,dossier,d:en,total,7.4,159,20967,final
2025-10-30,pranarom,all,dossier,d:en,total,7.8,165,21442,final
2025-10-31,pranarom,all,dossier,d:en,total,7.9,139,18961,final
2025-11-01,pranarom,all,dossier,d:en,total,8.0,161,20697,final
2025-11-02,pranarom,all,dossier,d:en,total,7.6,204,23628,final
2025-11-03,pranarom,all,dossier,d:en,total,7.3,181,23998,final
2025-11-04,pranarom,all,dossier,d:en,total,7.4,182,22233,final
2025-11-05,pranarom,all,dossier,d:en,total,6.8,201,22563,final
2025-11-06,pranarom,all,dossier,d:en,total,7.2,170,22710,final
2025-11-07,pranarom,all,dossier,d:en,total,7.5,160,22057,final
2025-11-08,pranarom,all,dossier,d:en,total,7.7,156,22715,final
2025-11-09,pranarom,all,dossier,d:en,total,7.3,209,23699,final
2025-11-10,pranarom,all,dossier,d:en,total,7.5,215,24571,final
2025-11-11,pranarom,all,dossier,d:en,total,7.4,173,25294,final
2025-11-12,pranarom,all,dossier,d:en,total,7.3,212,24313,final
2025-11-13,pranarom,all,dossier,d:en,total,7.8,186,24015,final
2025-11-14,pranarom,all,dossier,d:en,total,7.8,189,23584,final
2025-11-15,pranarom,all,dossier,d:en,total,7.5,181,23369,final
2025-11-16,pranarom,all,dossier,d:en,total,7.3,215,24625,final
2025-11-17,pranarom,all,dossier,d:en,total,8.6,183,25061,final
2025-11-18,pranarom,all,dossier,d:en,total,8.0,183,24160,final
2025-11-19,pranarom,all,dossier,d:en,total,9.1,174,25536,final
2025-11-20,pranarom,all,dossier,d:en,total,8.3,179,24346,final
2025-11-21,pranarom,all,dossier,d:en,total,8.2,170,22740,final
2025-11-22,pranarom,all,dossier,d:en,total,8.3,176,24189,final
2025-11-23,pranarom,all,dossier,d:en,total,8.7,203,25256,final
2025-11-24,pranarom,all,dossier,d:en,total,9.0,193,25634,final
2025-11-25,pranarom,all,dossier,d:en,total,8.3,205,25845,final
2025-11-26,pranarom,all,dossier,d:en,total,9.9,172,25276,final
2025-11-27,pranarom,all,dossier,d:en,total,9.1,160,24187,final
2025-11-28,pranarom,all,dossier,d:en,total,7.9,193,23931,final
2025-11-29,pranarom,all,dossier,d:en,total,7.5,174,23821,final
2025-11-30,pranarom,all,dossier,d:en,total,8.5,179,26020,final
2025-12-01,pranarom,all,dossier,d:en,total,7.6,207,25901,final
2025-12-02,pranarom,all,dossier,d:en,total,7.6,200,25524,final
2025-12-03,pranarom,all,dossier,d:en,total,7.5,206,24771,final
2025-12-04,pranarom,all,dossier,d:en,total,8.3,175,25418,final
2025-12-05,pranarom,all,dossier,d:en,total,8.3,178,26316,final
2025-12-06,pranarom,all,dossier,d:en,total,8.3,167,27049,final
2025-12-07,pranarom,all,dossier,d:en,total,8.0,177,27299,final
2025-12-08,pranarom,all,dossier,d:en,total,8.9,189,29934,final
2025-12-09,pranarom,all,dossier,d:en,total,9.3,174,31983,final
2025-12-10,pranarom,all,dossier,d:en,total,8.3,194,30423,final
2025-12-11,pranarom,all,dossier,d:en,total,7.7,185,25533,final
2025-12-12,pranarom,all,dossier,d:en,total,8.2,151,25592,final
2025-12-13,pranarom,all,dossier,d:en,total,8.3,173,25990,final
2025-12-14,pranarom,all,dossier,d:en,total,8.2,171,27544,final
2025-12-15,pranarom,all,dossier,d:en,total,8.2,199,28142,final
2025-12-16,pranarom,all,dossier,d:en,total,8.4,170,28707,final
2025-12-17,pranarom,all,dossier,d:en,total,7.2,180,26728,final
2025-12-18,pranarom,all,dossier,d:en,total,7.8,193,27268,final
2025-12-19,pranarom,all,dossier,d:en,total,8.7,159,27017,final
2025-12-20,pranarom,all,dossier,d:en,total,8.6,190,28181,final
2025-12-21,pranarom,all,dossier,d:en,total,8.0,181,28950,final
2025-12-22,pranarom,all,dossier,d:en,total,7.9,195,29860,final
2025-12-23,pranarom,all,dossier,d:en,total,9.0,171,29493,final
2025-12-24,pranarom,all,dossier,d:en,total,9.0,142,25432,final
2025-12-25,pranarom,all,dossier,d:en,total,9.0,151,25247,final
2025-12-26,pranarom,all,dossier,d:en,total,7.9,211,29681,final
2025-12-27,pranarom,all,dossier,d:en,total,7.8,199,30379,final
2025-12-28,pranarom,all,dossier,d:en,total,8.2,181,31553,final
2025-12-29,pranarom,all,dossier,d:en,total,8.0,182,31850,final
2025-12-30,pranarom,all,dossier,d:en,total,8.8,197,32838,final
2025-12-31,pranarom,all,dossier,d:en,total,8.2,181,27199,final
2026-01-01,pranarom,all,dossier,d:en,total,7.6,164,30855,final
2026-01-02,pranarom,all,dossier,d:en,total,7.0,216,32277,final
2026-01-03,pranarom,all,dossier,d:en,total,7.1,203,39087,final
2026-01-04,pranarom,all,dossier,d:en,total,6.8,231,35490,final
2026-01-05,pranarom,all,dossier,d:en,total,7.3,212,32862,final
2026-01-06,pranarom,all,dossier,d:en,total,7.0,209,33270,final
2026-01-07,pranarom,all,dossier,d:en,total,7.6,231,36868,final
2026-01-08,pranarom,all,dossier,d:en,total,7.3,250,35961,final
2026-01-09,pranarom,all,dossier,d:en,total,7.4,219,33771,final
2026-01-10,pranarom,all,dossier,d:en,total,7.6,243,33188,final
2026-01-11,pranarom,all,dossier,d:en,total,7.0,262,34101,final
2026-01-12,pranarom,all,dossier,d:en,total,7.2,223,34556,final
2026-01-13,pranarom,all,dossier,d:en,total,7.2,215,36325,final
2026-01-14,pranarom,all,dossier,d:en,total,7.4,243,34015,final
2026-01-15,pranarom,all,dossier,d:en,total,7.3,216,32165,final
2026-01-16,pranarom,all,dossier,d:en,total,7.8,217,32289,final
2026-01-17,pranarom,all,dossier,d:en,total,7.5,203,33208,final
2026-01-18,pranarom,all,dossier,d:en,total,7.1,227,36600,final
2026-01-19,pranarom,all,dossier,d:en,total,8.6,247,38292,final
2026-01-20,pranarom,all,dossier,d:en,total,8.9,228,37025,final
2026-01-21,pranarom,all,dossier,d:en,total,8.2,212,36843,final
2026-01-22,pranarom,all,dossier,d:en,total,8.5,242,37056,final
2026-01-23,pranarom,all,dossier,d:en,total,8.3,240,36479,final
2026-01-24,pranarom,all,dossier,d:en,total,8.6,236,37669,final
2026-01-25,pranarom,all,dossier,d:en,total,7.2,240,37991,final
2026-01-26,pranarom,all,dossier,d:en,total,7.9,260,39989,final
2026-01-27,pranarom,all,dossier,d:en,total,9.0,241,41497,final
2026-01-28,pranarom,all,dossier,d:en,total,8.3,273,39960,final
2026-01-29,pranarom,all,dossier,d:en,total,7.4,267,36923,final
2026-01-30,pranarom,all,dossier,d:en,total,8.5,262,39580,final
2026-01-31,pranarom,all,dossier,d:en,total,8.2,240,38921,final
2026-02-01,pranarom,all,dossier,d:en,total,8.2,251,43171,final
2026-02-02,pranarom,all,dossier,d:en,total,8.1,251,41019,final
2026-02-03,pranarom,all,dossier,d:en,total,7.5,230,37967,final
2026-02-04,pranarom,all,dossier,d:en,total,7.6,244,37961,final
2026-02-05,pranarom,all,dossier,d:en,total,7.8,255,38586,final
2026-02-06,pranarom,all,dossier,d:en,total,7.5,224,37034,final
2026-02-07,pranarom,all,dossier,d:en,total,7.0,225,36290,final
2026-02-08,pranarom,all,dossier,d:en,total,6.8,230,37579,final
2026-02-09,pranarom,all,dossier,d:en,total,7.3,251,38402,final
2026-02-10,pranarom,all,dossier,d:en,total,8.3,254,41876,final
2026-02-11,pranarom,all,dossier,d:en,total,9.1,226,43813,final
2026-02-12,pranarom,all,dossier,d:en,total,8.7,220,40741,final
2026-02-13,pranarom,all,dossier,d:en,total,6.5,241,35249,final
2026-02-14,pranarom,all,dossier,d:en,total,6.6,189,33500,final
2026-02-15,pranarom,all,dossier,d:en,total,6.1,218,35878,final
2026-02-16,pranarom,all,dossier,d:en,total,6.2,240,36087,final
2026-02-17,pranarom,all,dossier,d:en,total,6.7,216,35432,final
2026-02-18,pranarom,all,dossier,d:en,total,6.3,219,37096,final
2026-02-19,pranarom,all,dossier,d:en,total,6.5,242,36902,final
2026-02-20,pranarom,all,dossier,d:en,total,6.5,231,37980,final
2026-02-21,pranarom,all,dossier,d:en,total,6.9,297,38596,final
2026-02-22,pranarom,all,dossier,d:en,total,6.8,333,41801,final
2026-02-23,pranarom,all,dossier,d:en,total,6.4,361,40309,final
2026-02-24,pranarom,all,dossier,d:en,total,6.7,276,37938,final
2026-02-25,pranarom,all,dossier,d:en,total,6.5,266,37229,final
2026-02-26,pranarom,all,dossier,d:en,total,6.4,250,38612,final
2026-02-27,pranarom,all,dossier,d:en,total,6.3,248,58985,final
2026-02-28,pranarom,all,dossier,d:en,total,6.0,203,39943,final
2026-03-01,pranarom,all,dossier,d:en,total,6.2,239,42957,final
2026-03-02,pranarom,all,dossier,d:en,total,6.2,232,47288,final
2026-03-03,pranarom,all,dossier,d:en,total,6.2,241,49599,final
2026-03-04,pranarom,all,dossier,d:en,total,5.8,259,39795,final
2026-03-05,pranarom,all,dossier,d:en,total,5.7,241,38379,final
2026-03-06,pranarom,all,dossier,d:en,total,5.8,232,33048,final
2026-03-07,pranarom,all,dossier,d:en,total,5.7,289,34953,final
2026-03-08,pranarom,all,dossier,d:en,total,5.8,250,39760,final
2026-03-09,pranarom,all,dossier,d:en,total,5.7,253,45145,final
2026-03-10,pranarom,all,dossier,d:en,total,5.9,246,44153,final
2026-03-11,pranarom,all,dossier,d:en,total,5.7,244,39162,final
2026-03-12,pranarom,all,dossier,d:en,total,5.8,237,40697,final
2026-03-13,pranarom,all,dossier,d:en,total,6.0,219,35390,final
2026-03-14,pranarom,all,dossier,d:en,total,5.9,224,33863,final
2026-03-15,pranarom,all,dossier,d:en,total,6.1,195,35692,final
2026-03-16,pranarom,all,dossier,d:en,total,6.3,279,37559,final
2026-03-17,pranarom,all,dossier,d:en,total,6.3,245,34186,final
2026-03-18,pranarom,all,dossier,d:en,total,5.8,234,35948,final
2026-03-19,pranarom,all,dossier,d:en,total,5.7,230,35361,final
2026-03-20,pranarom,all,dossier,d:en,total,5.8,223,35610,final
2026-03-21,pranarom,all,dossier,d:en,total,6.0,207,41773,final
2026-03-22,pranarom,all,dossier,d:en,total,5.8,235,51616,final
2026-03-23,pranarom,all,dossier,d:en,total,5.4,233,51410,final
2026-03-24,pranarom,all,dossier,d:en,total,5.0,226,117459,final
2026-03-25,pranarom,all,dossier,d:en,total,5.4,217,120470,final
2026-03-26,pranarom,all,dossier,d:en,total,5.7,236,110759,final
2026-03-27,pranarom,all,dossier,d:en,total,6.0,202,111418,final
2026-03-28,pranarom,all,dossier,d:en,total,6.8,221,98270,final
2026-03-29,pranarom,all,dossier,d:en,total,6.5,215,99569,final
2026-03-30,pranarom,all,dossier,d:en,total,6.7,199,108749,final
2026-03-31,pranarom,all,dossier,d:en,total,7.0,211,106413,final
2026-04-01,pranarom,all,dossier,d:en,total,6.8,204,103700,final
2026-04-02,pranarom,all,dossier,d:en,total,6.7,209,103490,final
2026-04-03,pranarom,all,dossier,d:en,total,6.5,184,74645,final
2026-04-04,pranarom,all,dossier,d:en,total,6.8,193,78099,final
2026-04-05,pranarom,all,dossier,d:en,total,7.3,200,86942,final
2026-04-06,pranarom,all,dossier,d:en,total,7.2,218,93637,final
2026-04-07,pranarom,all,dossier,d:en,total,7.3,243,93135,final
2026-04-08,pranarom,all,dossier,d:en,total,6.7,221,85601,final
2026-04-09,pranarom,all,dossier,d:en,total,6.8,196,79786,final
2026-04-10,pranarom,all,dossier,d:en,total,6.9,207,76175,final
2026-04-11,pranarom,all,dossier,d:en,total,6.9,190,69854,final
2026-04-12,pranarom,all,dossier,d:en,total,6.2,234,71571,final
2026-04-13,pranarom,all,dossier,d:en,total,6.7,230,74836,final
2026-04-14,pranarom,all,dossier,d:en,total,6.8,183,59349,final
2026-04-15,pranarom,all,dossier,d:en,total,7.0,200,77177,final
2026-04-16,pranarom,all,dossier,d:en,total,7.3,192,64605,final
2026-04-17,pranarom,all,dossier,d:en,total,7.7,201,61733,final
2026-04-18,pranarom,all,dossier,d:en,total,7.6,165,63824,final
2026-04-19,pranarom,all,dossier,d:en,total,7.6,214,65710,final
2026-04-20,pranarom,all,dossier,d:en,total,7.6,239,64620,final
2026-04-21,pranarom,all,dossier,d:en,total,8.0,192,53549,final
2026-04-22,pranarom,all,dossier,d:en,total,8.0,202,49639,final
2026-04-23,pranarom,all,dossier,d:en,total,8.1,185,45274,final
2026-04-24,pranarom,all,dossier,d:en,total,8.2,187,42091,final
2026-04-25,pranarom,all,dossier,d:en,total,8.2,176,48277,final
2026-04-26,pranarom,all,dossier,d:en,total,7.1,187,51918,final
2026-04-27,pranarom,all,dossier,d:en,total,7.6,189,48248,final
2026-04-28,pranarom,all,dossier,d:en,total,8.6,194,50006,final
2026-04-29,pranarom,all,dossier,d:en,total,8.6,230,51253,final
2026-04-30,pranarom,all,dossier,d:en,total,8.8,190,52927,final
2026-05-01,pranarom,all,dossier,d:en,total,8.9,143,52208,final
2026-05-02,pranarom,all,dossier,d:en,total,9.1,160,54427,final
2026-05-03,pranarom,all,dossier,d:en,total,9.2,169,51429,final
2026-05-04,pranarom,all,dossier,d:en,total,9.1,180,52805,final
2026-05-05,pranarom,all,dossier,d:en,total,8.9,210,47580,final
2026-05-06,pranarom,all,dossier,d:en,total,9.2,190,52942,final
2026-05-07,pranarom,all,dossier,d:en,total,9.3,177,49659,final
2026-05-08,pranarom,all,dossier,d:en,total,9.3,186,51418,final
2026-05-09,pranarom,all,dossier,d:en,total,9.4,160,53694,final
2026-05-10,pranarom,all,dossier,d:en,total,8.7,157,46162,final
2026-05-11,pranarom,all,dossier,d:en,total,9.3,184,53295,final
2026-05-12,pranarom,all,dossier,d:en,total,9.3,194,44970,final
2026-05-13,pranarom,all,dossier,d:en,total,9.1,188,40880,final
2026-05-14,pranarom,all,dossier,d:en,total,9.1,171,45316,final
2026-05-15,pranarom,all,dossier,d:en,total,8.0,165,44484,final
2026-05-16,pranarom,all,dossier,d:en,total,8.3,168,31901,final
2026-05-17,pranarom,all,dossier,d:en,total,9.0,210,34522,final
2026-05-18,pranarom,all,dossier,d:en,total,9.4,208,33834,final
2026-05-19,pranarom,all,dossier,d:en,total,8.8,196,32219,final
2026-05-20,pranarom,all,dossier,d:en,total,9.4,183,32814,final
2026-05-21,pranarom,all,dossier,d:en,total,8.6,173,32809,final
2026-05-22,pranarom,all,dossier,d:en,total,8.9,153,33279,final
2026-05-23,pranarom,all,dossier,d:en,total,10.0,167,29214,final
2026-05-24,pranarom,all,dossier,d:en,total,9.9,152,28215,final
2026-05-25,pranarom,all,dossier,d:en,total,8.7,171,27460,final
2026-05-26,pranarom,all,dossier,d:en,total,9.4,175,22898,final
2026-05-27,pranarom,all,dossier,d:en,total,8.9,174,26833,final
2026-05-28,pranarom,all,dossier,d:en,total,9.0,173,30788,final
2026-05-29,pranarom,all,dossier,d:en,total,8.2,165,36541,final
2026-05-30,pranarom,all,dossier,d:en,total,7.5,148,36007,final
2026-05-31,pranarom,all,dossier,d:en,total,7.4,168,36885,final
2026-06-01,pranarom,all,dossier,d:en,total,7.9,158,37820,final
2026-06-02,pranarom,all,dossier,d:en,total,8.4,168,32791,final
2026-06-03,pranarom,all,dossier,d:en,total,4.9,163,55053,final
2026-06-04,pranarom,all,dossier,d:en,total,5.8,172,36180,final
2026-06-05,pranarom,all,dossier,d:en,total,5.0,147,40958,final
2026-06-06,pranarom,all,dossier,d:en,total,6.4,136,41429,final
2026-06-07,pranarom,all,dossier,d:en,total,7.5,122,51058,final
2026-06-08,pranarom,all,dossier,d:en,total,7.2,162,39967,final
2026-06-09,pranarom,all,dossier,d:en,total,6.2,171,44703,final
2026-06-10,pranarom,all,dossier,d:en,total,7.8,152,40837,final
2026-06-11,pranarom,all,dossier,d:en,total,6.7,155,35893,final
2026-06-12,pranarom,all,dossier,d:en,total,6.1,164,33917,final
2026-06-13,pranarom,all,dossier,d:en,total,6.3,169,37285,final
2026-06-14,pranarom,all,dossier,d:en,total,7.0,153,41283,final
2026-06-15,pranarom,all,dossier,d:en,total,6.6,153,44096,final
2026-06-16,pranarom,all,dossier,d:en,total,5.8,161,46413,final
2026-06-17,pranarom,all,dossier,d:en,total,5.4,154,56201,final
2026-06-18,pranarom,all,dossier,d:en,total,7.0,151,49127,final
2026-06-19,pranarom,all,dossier,d:en,total,5.5,121,51993,final
2026-06-20,pranarom,all,dossier,d:en,total,5.7,137,50742,final
2026-06-21,pranarom,all,dossier,d:en,total,5.3,141,48951,final
2026-06-22,pranarom,all,dossier,d:en,total,4.4,145,76145,final
2026-06-23,pranarom,all,dossier,d:en,total,4.3,154,65659,final
2026-06-24,pranarom,all,dossier,d:en,total,4.8,132,64971,final
2026-06-25,pranarom,all,dossier,d:en,total,5.2,129,59758,final
2026-06-26,pranarom,all,dossier,d:en,total,5.1,134,44217,final
2026-06-27,pranarom,all,dossier,d:en,total,6.0,135,42490,final
2026-06-28,pranarom,all,dossier,d:en,total,6.1,149,38555,final
2026-06-29,pranarom,all,dossier,d:en,total,6.2,159,44383,final
2026-06-30,pranarom,all,dossier,d:en,total,6.6,162,38590,final
2026-07-01,pranarom,all,dossier,d:en,total,6.9,161,39130,final
2026-07-02,pranarom,all,dossier,d:en,total,7.1,152,38624,final
2026-07-03,pranarom,all,dossier,d:en,total,6.9,129,38306,final
2026-07-04,pranarom,all,dossier,d:en,total,5.8,133,36132,final
2026-07-05,pranarom,all,dossier,d:en,total,6.3,125,39164,final
2026-07-06,pranarom,all,dossier,d:en,total,6.6,167,49362,final
2026-07-07,pranarom,all,dossier,d:en,total,6.8,146,51582,final
2026-07-08,pranarom,all,dossier,d:en,total,7.0,141,42457,final
2026-07-09,pranarom,all,dossier,d:en,total,6.9,163,61915,final
2026-07-10,pranarom,all,dossier,d:en,total,7.0,153,42461,final
2026-07-11,pranarom,all,dossier,d:en,total,7.2,141,41261,final
2026-07-12,pranarom,all,dossier,d:en,total,7.6,170,46731,final
2026-07-13,pranarom,all,dossier,d:en,total,6.4,167,105708,final
2026-07-14,pranarom,all,dossier,d:en,total,6.6,167,102460,final
2026-07-15,pranarom,all,dossier,d:en,total,6.1,163,59345,final
2026-07-16,pranarom,all,dossier,d:en,total,5.9,142,45149,final
2026-07-17,pranarom,all,dossier,d:en,total,5.2,157,50131,final
2026-07-18,pranarom,all,dossier,d:en,total,5.2,136,48579,final
2026-07-19,pranarom,all,dossier,d:en,total,5.3,140,48579,final
2026-07-20,pranarom,all,dossier,d:en,total,5.2,168,52773,final
2026-07-21,pranarom,all,dossier,d:en,total,4.8,178,58363,final
2026-07-22,pranarom,all,dossier,d:en,total,4.1,186,61129,final
2026-07-23,pranarom,all,dossier,d:en,total,4.7,144,46627,final
2026-07-24,pranarom,all,dossier,d:en,total,3.9,121,64536,final
2026-07-25,pranarom,all,dossier,d:en,total,4.0,132,65594,final
2026-07-26,pranarom,all,dossier,d:en,total,4.8,144,55575,final
2026-07-27,pranarom,all,dossier,d:en,total,4.6,133,66003,final
2026-07-28,pranarom,all,dossier,d:en,total,5.0,130,58065,final
2026-07-29,pranarom,all,dossier,d:en,total,4.4,135,86337,final
2026-07-30,pranarom,all,dossier,d:en,total,6.6,158,44709,final
2026-07-31,pranarom,all,dossier,d:en,total,6.9,141,38894,final
2026-08-01,pranarom,all,dossier,d:en,total,4.6,121,63499,final
2026-08-02,pranarom,all,dossier,d:en,total,4.9,123,66066,final
2026-08-03,pranarom,all,dossier,d:en,total,6.6,142,57722,final
2026-08-04,pranarom,all,dossier,d:en,total,5.4,145,51063,final
2026-08-05,pranarom,all,dossier,d:en,total,4.8,140,54896,final
2026-08-06,pranarom,all,dossier,d:en,total,5.0,150,73184,final
2026-08-07,pranarom,all,dossier,d:en,total,5.2,131,41762,final
2026-08-08,pranarom,all,dossier,d:en,total,6.7,127,46817,final
2026-08-09,pranarom,all,dossier,d:en,total,7.8,135,33040,final
2026-08-10,pranarom,all,dossier,d:en,total,6.7,114,71177,final
2026-08-11,pranarom,all,dossier,d:en,total,6.6,146,63093,final
2026-08-12,pranarom,all,dossier,d:en,total,7.1,126,61933,final
2026-08-13,pranarom,all,dossier,d:en,total,7.5,118,61701,final
2026-08-14,pranarom,all,dossier,d:en,total,7.0,117,53187,final
2026-08-15,pranarom,all,dossier,d:en,total,6.5,127,48699,final
2026-08-16,pranarom,all,dossier,d:en,total,6.7,147,45449,final
2026-08-17,pranarom,all,dossier,d:en,total,6.9,145,54176,final
2026-08-18,pranarom,all,dossier,d:en,total,6.3,140,63190,final
2026-08-19,pranarom,all,dossier,d:en,total,5.7,150,53555,final
2026-08-20,pranarom,all,dossier,d:en,total,5.9,140,47891,final
2026-08-21,pranarom,all,dossier,d:en,total,5.4,142,44785,final
2026-08-22,pranarom,all,dossier,d:en,total,6.5,120,34116,final
2026-08-23,pranarom,all,dossier,d:en,total,7.2,135,28601,final
2026-08-24,pranarom,all,dossier,d:en,total,7.2,135,28895,final
2026-08-25,pranarom,all,dossier,d:en,total,6.1,120,51906,final
2026-08-26,pranarom,all,dossier,d:en,total,6.1,127,56357,final
2026-08-27,pranarom,all,dossier,d:en,total,6.0,137,52328,final
2026-08-28,pranarom,all,dossier,d:en,total,6.4,142,49109,final
2026-08-29,pranarom,all,dossier,d:en,total,6.7,99,46605,final
2026-08-30,pranarom,all,dossier,d:en,total,6.2,119,49490,final
2026-08-31,pranarom,all,dossier,d:en,total,4.9,157,73865,final
2026-09-01,pranarom,all,dossier,d:en,total,4.5,142,75675,final
2026-09-02,pranarom,all,dossier,d:en,total,4.5,153,76918,final
2026-09-03,pranarom,all,dossier,d:en,total,4.5,112,76531,final
2026-09-04,pranarom,all,dossier,d:en,total,4.1,128,83119,final
2026-09-05,pranarom,all,dossier,d:en,total,4.0,118,73447,final
2026-09-06,pranarom,all,dossier,d:en,total,4.0,117,70091,final
2026-09-07,pranarom,all,dossier,d:en,total,3.8,136,71435,final
2026-09-08,pranarom,all,dossier,d:en,total,4.1,160,63096,final
2026-09-09,pranarom,all,dossier,d:en,total,4.5,123,65416,final
2026-09-10,pranarom,all,dossier,d:en,total,5.1,138,59742,final
2026-09-11,pranarom,all,dossier,d:en,total,5.2,129,87115,final
2026-09-12,pranarom,all,dossier,d:en,total,5.1,141,87868,final
2026-09-13,pranarom,all,dossier,d:en,total,4.9,131,94665,final
2026-09-14,pranarom,all,dossier,d:en,total,4.9,127,111378,final
2026-09-15,pranarom,all,dossier,d:en,total,5.8,140,98016,final
2026-09-16,pranarom,all,dossier,d:en,total,6.1,144,98210,final
2026-09-17,pranarom,all,dossier,d:en,total,6.0,124,74492,final
2026-09-18,pranarom,all,dossier,d:en,total,6.0,123,59897,final
2026-09-19,pranarom,all,dossier,d:en,total,5.6,110,40221,final
2026-09-20,pranarom,all,dossier,d:en,total,5.8,110,41056,final
2026-09-21,pranarom,all,dossier,d:en,total,6.3,130,26693,final
2026-09-22,pranarom,all,dossier,d:en,total,7.1,142,17896,final
2026-09-23,pranarom,all,dossier,d:en,total,7.0,143,18309,final
2026-09-24,pranarom,all,dossier,d:en,total,7.6,125,13943,final
2026-09-25,pranarom,all,dossier,d:en,total,7.5,119,12434,final
2026-09-26,pranarom,all,dossier,d:en,total,7.5,128,12552,final
2026-09-27,pranarom,all,dossier,d:en,total,7.7,107,12690,final
2026-09-28,pranarom,all,dossier,d:en,total,7.5,135,12836,final
2026-09-29,pranarom,all,dossier,d:en,total,7.6,120,12179,final
2026-09-30,pranarom,all,dossier,d:en,total,6.8,94,7284,final
2026-10-01,pranarom,all,dossier,d:en,total,7.3,113,7020,fresh
2026-10-02,pranarom,all,dossier,d:en,total,6.9,94,6233,fresh
2025-06-10,pranarom,all,dossier,d:pages,total,12.6,85,4531,final
2025-06-11,pranarom,all,dossier,d:pages,total,15.1,76,4225,final
2025-06-12,pranarom,all,dossier,d:pages,total,14.8,88,4108,final
2025-06-13,pranarom,all,dossier,d:pages,total,13.3,85,3722,final
2025-06-14,pranarom,all,dossier,d:pages,total,16.8,54,3653,final
2025-06-15,pranarom,all,dossier,d:pages,total,16.1,54,3454,final
2025-06-16,pranarom,all,dossier,d:pages,total,14.3,81,3947,final
2025-06-17,pranarom,all,dossier,d:pages,total,13.7,76,4011,final
2025-06-18,pranarom,all,dossier,d:pages,total,15.5,63,3958,final
2025-06-19,pranarom,all,dossier,d:pages,total,12.7,68,3952,final
2025-06-20,pranarom,all,dossier,d:pages,total,12.3,66,3831,final
2025-06-21,pranarom,all,dossier,d:pages,total,14.0,72,3419,final
2025-06-22,pranarom,all,dossier,d:pages,total,12.4,58,3241,final
2025-06-23,pranarom,all,dossier,d:pages,total,11.0,93,4516,final
2025-06-24,pranarom,all,dossier,d:pages,total,10.7,92,4268,final
2025-06-25,pranarom,all,dossier,d:pages,total,11.6,96,4236,final
2025-06-26,pranarom,all,dossier,d:pages,total,12.5,72,4147,final
2025-06-27,pranarom,all,dossier,d:pages,total,12.3,74,3845,final
2025-06-28,pranarom,all,dossier,d:pages,total,13.3,55,3541,final
2025-06-29,pranarom,all,dossier,d:pages,total,14.0,38,3276,final
2025-06-30,pranarom,all,dossier,d:pages,total,15.6,71,3874,final
2025-07-01,pranarom,all,dossier,d:pages,total,14.7,78,3439,final
2025-07-02,pranarom,all,dossier,d:pages,total,17.2,64,3985,final
2025-07-03,pranarom,all,dossier,d:pages,total,13.1,56,3324,final
2025-07-04,pranarom,all,dossier,d:pages,total,15.7,52,3561,final
2025-07-05,pranarom,all,dossier,d:pages,total,14.2,58,3634,final
2025-07-06,pranarom,all,dossier,d:pages,total,14.7,42,3702,final
2025-07-07,pranarom,all,dossier,d:pages,total,13.9,61,4070,final
2025-07-08,pranarom,all,dossier,d:pages,total,14.4,64,4396,final
2025-07-09,pranarom,all,dossier,d:pages,total,13.9,74,4722,final
2025-07-10,pranarom,all,dossier,d:pages,total,13.5,75,4441,final
2025-07-11,pranarom,all,dossier,d:pages,total,19.8,59,5489,final
2025-07-12,pranarom,all,dossier,d:pages,total,17.0,53,4479,final
2025-07-13,pranarom,all,dossier,d:pages,total,14.0,55,3437,final
2025-07-14,pranarom,all,dossier,d:pages,total,12.9,46,3744,final
2025-07-15,pranarom,all,dossier,d:pages,total,12.6,79,4468,final
2025-07-16,pranarom,all,dossier,d:pages,total,11.8,76,4472,final
2025-07-17,pranarom,all,dossier,d:pages,total,11.8,71,4187,final
2025-07-18,pranarom,all,dossier,d:pages,total,11.6,52,3999,final
2025-07-19,pranarom,all,dossier,d:pages,total,11.8,51,3924,final
2025-07-20,pranarom,all,dossier,d:pages,total,12.0,63,3886,final
2025-07-21,pranarom,all,dossier,d:pages,total,11.3,93,4649,final
2025-07-22,pranarom,all,dossier,d:pages,total,12.7,95,5105,final
2025-07-23,pranarom,all,dossier,d:pages,total,11.8,93,4841,final
2025-07-24,pranarom,all,dossier,d:pages,total,12.0,89,4628,final
2025-07-25,pranarom,all,dossier,d:pages,total,12.7,87,4591,final
2025-07-26,pranarom,all,dossier,d:pages,total,12.9,54,4332,final
2025-07-27,pranarom,all,dossier,d:pages,total,12.8,64,4169,final
2025-07-28,pranarom,all,dossier,d:pages,total,11.6,70,4750,final
2025-07-29,pranarom,all,dossier,d:pages,total,11.1,77,4956,final
2025-07-30,pranarom,all,dossier,d:pages,total,11.5,84,4645,final
2025-07-31,pranarom,all,dossier,d:pages,total,12.1,87,4368,final
2025-08-01,pranarom,all,dossier,d:pages,total,12.6,74,4031,final
2025-08-02,pranarom,all,dossier,d:pages,total,10.9,69,4043,final
2025-08-03,pranarom,all,dossier,d:pages,total,12.5,56,3589,final
2025-08-04,pranarom,all,dossier,d:pages,total,11.7,71,4599,final
2025-08-05,pranarom,all,dossier,d:pages,total,12.0,80,4351,final
2025-08-06,pranarom,all,dossier,d:pages,total,11.4,83,4604,final
2025-08-07,pranarom,all,dossier,d:pages,total,11.6,75,4579,final
2025-08-08,pranarom,all,dossier,d:pages,total,12.1,91,4453,final
2025-08-09,pranarom,all,dossier,d:pages,total,12.2,79,4159,final
2025-08-10,pranarom,all,dossier,d:pages,total,13.4,50,3899,final
2025-08-11,pranarom,all,dossier,d:pages,total,19.9,69,5612,final
2025-08-12,pranarom,all,dossier,d:pages,total,14.3,98,4507,final
2025-08-13,pranarom,all,dossier,d:pages,total,12.4,74,4089,final
2025-08-14,pranarom,all,dossier,d:pages,total,12.6,64,3884,final
2025-08-15,pranarom,all,dossier,d:pages,total,12.0,55,3122,final
2025-08-16,pranarom,all,dossier,d:pages,total,12.6,68,3615,final
2025-08-17,pranarom,all,dossier,d:pages,total,12.9,54,3180,final
2025-08-18,pranarom,all,dossier,d:pages,total,11.4,84,3974,final
2025-08-19,pranarom,all,dossier,d:pages,total,12.1,88,4287,final
2025-08-20,pranarom,all,dossier,d:pages,total,11.3,78,4232,final
2025-08-21,pranarom,all,dossier,d:pages,total,13.4,82,4320,final
2025-08-22,pranarom,all,dossier,d:pages,total,12.7,77,4192,final
2025-08-23,pranarom,all,dossier,d:pages,total,12.8,56,3910,final
2025-08-24,pranarom,all,dossier,d:pages,total,13.0,44,3434,final
2025-08-25,pranarom,all,dossier,d:pages,total,11.4,81,4285,final
2025-08-26,pranarom,all,dossier,d:pages,total,13.3,73,4447,final
2025-08-27,pranarom,all,dossier,d:pages,total,13.1,96,4792,final
2025-08-28,pranarom,all,dossier,d:pages,total,13.9,95,4562,final
2025-08-29,pranarom,all,dossier,d:pages,total,14.3,72,4182,final
2025-08-30,pranarom,all,dossier,d:pages,total,16.1,55,3943,final
2025-08-31,pranarom,all,dossier,d:pages,total,16.5,48,3749,final
2025-09-01,pranarom,all,dossier,d:pages,total,13.7,97,4703,final
2025-09-02,pranarom,all,dossier,d:pages,total,12.9,103,4970,final
2025-09-03,pranarom,all,dossier,d:pages,total,13.0,96,4830,final
2025-09-04,pranarom,all,dossier,d:pages,total,13.7,96,5130,final
2025-09-05,pranarom,all,dossier,d:pages,total,14.0,89,4497,final
2025-09-06,pranarom,all,dossier,d:pages,total,14.4,74,4231,final
2025-09-07,pranarom,all,dossier,d:pages,total,13.4,49,4090,final
2025-09-08,pranarom,all,dossier,d:pages,total,13.3,95,4956,final
2025-09-09,pranarom,all,dossier,d:pages,total,13.6,92,5085,final
2025-09-10,pranarom,all,dossier,d:pages,total,11.7,87,4927,final
2025-09-11,pranarom,all,dossier,d:pages,total,10.9,92,4629,final
2025-09-12,pranarom,all,dossier,d:pages,total,8.6,72,3976,final
2025-09-13,pranarom,all,dossier,d:pages,total,7.3,68,3584,final
2025-09-14,pranarom,all,dossier,d:pages,total,7.7,58,3567,final
2025-09-15,pranarom,all,dossier,d:pages,total,7.0,87,4230,final
2025-09-16,pranarom,all,dossier,d:pages,total,7.5,82,4434,final
2025-09-17,pranarom,all,dossier,d:pages,total,7.1,103,4522,final
2025-09-18,pranarom,all,dossier,d:pages,total,7.8,78,4138,final
2025-09-19,pranarom,all,dossier,d:pages,total,8.2,85,4343,final
2025-09-20,pranarom,all,dossier,d:pages,total,7.8,67,3997,final
2025-09-21,pranarom,all,dossier,d:pages,total,8.4,62,3914,final
2025-09-22,pranarom,all,dossier,d:pages,total,6.9,98,4681,final
2025-09-23,pranarom,all,dossier,d:pages,total,7.0,110,4692,final
2025-09-24,pranarom,all,dossier,d:pages,total,7.1,108,5033,final
2025-09-25,pranarom,all,dossier,d:pages,total,6.7,91,4796,final
2025-09-26,pranarom,all,dossier,d:pages,total,6.9,95,4485,final
2025-09-27,pranarom,all,dossier,d:pages,total,7.2,80,4059,final
2025-09-28,pranarom,all,dossier,d:pages,total,7.5,71,3856,final
2025-09-29,pranarom,all,dossier,d:pages,total,6.8,116,4720,final
2025-09-30,pranarom,all,dossier,d:pages,total,7.8,97,5082,final
2025-10-01,pranarom,all,dossier,d:pages,total,7.6,81,4854,final
2025-10-02,pranarom,all,dossier,d:pages,total,7.4,101,5149,final
2025-10-03,pranarom,all,dossier,d:pages,total,7.0,87,4686,final
2025-10-04,pranarom,all,dossier,d:pages,total,8.0,79,4348,final
2025-10-05,pranarom,all,dossier,d:pages,total,7.5,62,3954,final
2025-10-06,pranarom,all,dossier,d:pages,total,7.3,102,4992,final
2025-10-07,pranarom,all,dossier,d:pages,total,6.9,113,5620,final
2025-10-08,pranarom,all,dossier,d:pages,total,7.4,122,5499,final
2025-10-09,pranarom,all,dossier,d:pages,total,6.7,114,5652,final
2025-10-10,pranarom,all,dossier,d:pages,total,7.8,95,5097,final
2025-10-11,pranarom,all,dossier,d:pages,total,7.4,107,4630,final
2025-10-12,pranarom,all,dossier,d:pages,total,7.7,79,4200,final
2025-10-13,pranarom,all,dossier,d:pages,total,7.0,109,5289,final
2025-10-14,pranarom,all,dossier,d:pages,total,7.3,126,5230,final
2025-10-15,pranarom,all,dossier,d:pages,total,8.8,131,5584,final
2025-10-16,pranarom,all,dossier,d:pages,total,9.9,110,5862,final
2025-10-17,pranarom,all,dossier,d:pages,total,7.1,113,5101,final
2025-10-18,pranarom,all,dossier,d:pages,total,7.9,87,4655,final
2025-10-19,pranarom,all,dossier,d:pages,total,7.2,100,4525,final
2025-10-20,pranarom,all,dossier,d:pages,total,7.4,130,5523,final
2025-10-21,pranarom,all,dossier,d:pages,total,7.0,128,5162,final
2025-10-22,pranarom,all,dossier,d:pages,total,6.6,108,5289,final
2025-10-23,pranarom,all,dossier,d:pages,total,7.2,114,5055,final
2025-10-24,pranarom,all,dossier,d:pages,total,7.4,110,4819,final
2025-10-25,pranarom,all,dossier,d:pages,total,7.1,90,4728,final
2025-10-26,pranarom,all,dossier,d:pages,total,7.8,69,4429,final
2025-10-27,pranarom,all,dossier,d:pages,total,7.0,91,5152,final
2025-10-28,pranarom,all,dossier,d:pages,total,7.4,111,5126,final
2025-10-29,pranarom,all,dossier,d:pages,total,6.8,115,5540,final
2025-10-30,pranarom,all,dossier,d:pages,total,7.0,127,5262,final
2025-10-31,pranarom,all,dossier,d:pages,total,6.6,76,5217,final
2025-11-01,pranarom,all,dossier,d:pages,total,7.0,83,4620,final
2025-11-02,pranarom,all,dossier,d:pages,total,6.8,77,4893,final
2025-11-03,pranarom,all,dossier,d:pages,total,6.7,96,5314,final
2025-11-04,pranarom,all,dossier,d:pages,total,6.6,125,5555,final
2025-11-05,pranarom,all,dossier,d:pages,total,6.1,110,6008,final
2025-11-06,pranarom,all,dossier,d:pages,total,6.7,111,5568,final
2025-11-07,pranarom,all,dossier,d:pages,total,6.8,127,5768,final
2025-11-08,pranarom,all,dossier,d:pages,total,7.5,76,5506,final
2025-11-09,pranarom,all,dossier,d:pages,total,7.8,68,5129,final
2025-11-10,pranarom,all,dossier,d:pages,total,8.7,98,5857,final
2025-11-11,pranarom,all,dossier,d:pages,total,8.1,81,5602,final
2025-11-12,pranarom,all,dossier,d:pages,total,7.4,103,6049,final
2025-11-13,pranarom,all,dossier,d:pages,total,6.8,120,6178,final
2025-11-14,pranarom,all,dossier,d:pages,total,6.6,102,5612,final
2025-11-15,pranarom,all,dossier,d:pages,total,6.7,118,5086,final
2025-11-16,pranarom,all,dossier,d:pages,total,7.3,70,4681,final
2025-11-17,pranarom,all,dossier,d:pages,total,7.8,102,4995,final
2025-11-18,pranarom,all,dossier,d:pages,total,6.8,104,5660,final
2025-11-19,pranarom,all,dossier,d:pages,total,6.8,109,5794,final
2025-11-20,pranarom,all,dossier,d:pages,total,7.2,103,5627,final
2025-11-21,pranarom,all,dossier,d:pages,total,6.6,105,5172,final
2025-11-22,pranarom,all,dossier,d:pages,total,7.1,112,5363,final
2025-11-23,pranarom,all,dossier,d:pages,total,7.3,97,5366,final
2025-11-24,pranarom,all,dossier,d:pages,total,7.0,139,5948,final
2025-11-25,pranarom,all,dossier,d:pages,total,7.1,130,5953,final
2025-11-26,pranarom,all,dossier,d:pages,total,7.3,130,6040,final
2025-11-27,pranarom,all,dossier,d:pages,total,8.0,95,5435,final
2025-11-28,pranarom,all,dossier,d:pages,total,8.3,106,5257,final
2025-11-29,pranarom,all,dossier,d:pages,total,8.4,84,4967,final
2025-11-30,pranarom,all,dossier,d:pages,total,8.3,76,5178,final
2025-12-01,pranarom,all,dossier,d:pages,total,7.9,136,5420,final
2025-12-02,pranarom,all,dossier,d:pages,total,8.6,131,5573,final
2025-12-03,pranarom,all,dossier,d:pages,total,8.5,123,5361,final
2025-12-04,pranarom,all,dossier,d:pages,total,8.7,125,5441,final
2025-12-05,pranarom,all,dossier,d:pages,total,8.1,106,5040,final
2025-12-06,pranarom,all,dossier,d:pages,total,8.3,77,4973,final
2025-12-07,pranarom,all,dossier,d:pages,total,8.4,99,4828,final
2025-12-08,pranarom,all,dossier,d:pages,total,8.5,129,5648,final
2025-12-09,pranarom,all,dossier,d:pages,total,9.9,148,6065,final
2025-12-10,pranarom,all,dossier,d:pages,total,12.7,133,7025,final
2025-12-11,pranarom,all,dossier,d:pages,total,9.0,129,5483,final
2025-12-12,pranarom,all,dossier,d:pages,total,13.2,114,6414,final
2025-12-13,pranarom,all,dossier,d:pages,total,11.1,103,5573,final
2025-12-14,pranarom,all,dossier,d:pages,total,9.4,116,5536,final
2025-12-15,pranarom,all,dossier,d:pages,total,12.2,131,6720,final
2025-12-16,pranarom,all,dossier,d:pages,total,8.9,127,5966,final
2025-12-17,pranarom,all,dossier,d:pages,total,7.9,141,5731,final
2025-12-18,pranarom,all,dossier,d:pages,total,9.7,125,5918,final
2025-12-19,pranarom,all,dossier,d:pages,total,9.1,108,5703,final
2025-12-20,pranarom,all,dossier,d:pages,total,9.1,136,6343,final
2025-12-21,pranarom,all,dossier,d:pages,total,9.8,111,5527,final
2025-12-22,pranarom,all,dossier,d:pages,total,9.0,148,6226,final
2025-12-23,pranarom,all,dossier,d:pages,total,8.9,128,6212,final
2025-12-24,pranarom,all,dossier,d:pages,total,9.6,99,4863,final
2025-12-25,pranarom,all,dossier,d:pages,total,9.5,68,4732,final
2025-12-26,pranarom,all,dossier,d:pages,total,8.2,151,6127,final
2025-12-27,pranarom,all,dossier,d:pages,total,8.5,114,5878,final
2025-12-28,pranarom,all,dossier,d:pages,total,8.6,85,6026,final
2025-12-29,pranarom,all,dossier,d:pages,total,7.6,142,7356,final
2025-12-30,pranarom,all,dossier,d:pages,total,8.1,126,6146,final
2025-12-31,pranarom,all,dossier,d:pages,total,9.3,74,4928,final
2026-01-01,pranarom,all,dossier,d:pages,total,10.0,81,4736,final
2026-01-02,pranarom,all,dossier,d:pages,total,8.2,114,6157,final
2026-01-03,pranarom,all,dossier,d:pages,total,8.3,126,6338,final
2026-01-04,pranarom,all,dossier,d:pages,total,8.7,103,5612,final
2026-01-05,pranarom,all,dossier,d:pages,total,8.9,145,5963,final
2026-01-06,pranarom,all,dossier,d:pages,total,7.9,119,5803,final
2026-01-07,pranarom,all,dossier,d:pages,total,8.7,130,5817,final
2026-01-08,pranarom,all,dossier,d:pages,total,8.5,119,5780,final
2026-01-09,pranarom,all,dossier,d:pages,total,12.4,105,6268,final
2026-01-10,pranarom,all,dossier,d:pages,total,12.4,111,5975,final
2026-01-11,pranarom,all,dossier,d:pages,total,10.5,113,5066,final
2026-01-12,pranarom,all,dossier,d:pages,total,8.3,128,5707,final
2026-01-13,pranarom,all,dossier,d:pages,total,8.7,122,5512,final
2026-01-14,pranarom,all,dossier,d:pages,total,8.4,125,6089,final
2026-01-15,pranarom,all,dossier,d:pages,total,8.9,129,5465,final
2026-01-16,pranarom,all,dossier,d:pages,total,9.3,113,5089,final
2026-01-17,pranarom,all,dossier,d:pages,total,9.2,98,4859,final
2026-01-18,pranarom,all,dossier,d:pages,total,9.7,78,4454,final
2026-01-19,pranarom,all,dossier,d:pages,total,9.5,120,5055,final
2026-01-20,pranarom,all,dossier,d:pages,total,9.4,128,5190,final
2026-01-21,pranarom,all,dossier,d:pages,total,10.1,95,4832,final
2026-01-22,pranarom,all,dossier,d:pages,total,9.4,128,5185,final
2026-01-23,pranarom,all,dossier,d:pages,total,9.1,101,4805,final
2026-01-24,pranarom,all,dossier,d:pages,total,10.2,94,4666,final
2026-01-25,pranarom,all,dossier,d:pages,total,9.2,92,4613,final
2026-01-26,pranarom,all,dossier,d:pages,total,9.4,129,4921,final
2026-01-27,pranarom,all,dossier,d:pages,total,10.5,120,5294,final
2026-01-28,pranarom,all,dossier,d:pages,total,9.3,132,5145,final
2026-01-29,pranarom,all,dossier,d:pages,total,10.0,150,5246,final
2026-01-30,pranarom,all,dossier,d:pages,total,9.2,126,4822,final
2026-01-31,pranarom,all,dossier,d:pages,total,10.3,102,5198,final
2026-02-01,pranarom,all,dossier,d:pages,total,9.1,97,4657,final
2026-02-02,pranarom,all,dossier,d:pages,total,8.2,135,5205,final
2026-02-03,pranarom,all,dossier,d:pages,total,7.6,135,5143,final
2026-02-04,pranarom,all,dossier,d:pages,total,8.4,170,5298,final
2026-02-05,pranarom,all,dossier,d:pages,total,9.8,134,5166,final
2026-02-06,pranarom,all,dossier,d:pages,total,9.2,119,4828,final
2026-02-07,pranarom,all,dossier,d:pages,total,7.7,111,4941,final
2026-02-08,pranarom,all,dossier,d:pages,total,10.6,80,4627,final
2026-02-09,pranarom,all,dossier,d:pages,total,8.6,118,5075,final
2026-02-10,pranarom,all,dossier,d:pages,total,9.1,158,5270,final
2026-02-11,pranarom,all,dossier,d:pages,total,9.7,105,5186,final
2026-02-12,pranarom,all,dossier,d:pages,total,10.0,99,5061,final
2026-02-13,pranarom,all,dossier,d:pages,total,9.1,132,4978,final
2026-02-14,pranarom,all,dossier,d:pages,total,8.0,94,4899,final
2026-02-15,pranarom,all,dossier,d:pages,total,7.8,68,4816,final
2026-02-16,pranarom,all,dossier,d:pages,total,7.6,117,5742,final
2026-02-17,pranarom,all,dossier,d:pages,total,8.5,99,4709,final
2026-02-18,pranarom,all,dossier,d:pages,total,7.7,134,5061,final
2026-02-19,pranarom,all,dossier,d:pages,total,8.3,94,5146,final
2026-02-20,pranarom,all,dossier,d:pages,total,8.8,130,5096,final
2026-02-21,pranarom,all,dossier,d:pages,total,9.1,126,5863,final
2026-02-22,pranarom,all,dossier,d:pages,total,9.4,73,5266,final
2026-02-23,pranarom,all,dossier,d:pages,total,7.8,138,6024,final
2026-02-24,pranarom,all,dossier,d:pages,total,9.2,94,5417,final
2026-02-25,pranarom,all,dossier,d:pages,total,9.1,97,5001,final
2026-02-26,pranarom,all,dossier,d:pages,total,6.9,115,5753,final
2026-02-27,pranarom,all,dossier,d:pages,total,8.1,134,5278,final
2026-02-28,pranarom,all,dossier,d:pages,total,8.7,95,5516,final
2026-03-01,pranarom,all,dossier,d:pages,total,8.2,61,4727,final
2026-03-02,pranarom,all,dossier,d:pages,total,7.5,78,5209,final
2026-03-03,pranarom,all,dossier,d:pages,total,7.6,105,5995,final
2026-03-04,pranarom,all,dossier,d:pages,total,8.6,104,5057,final
2026-03-05,pranarom,all,dossier,d:pages,total,7.3,124,5399,final
2026-03-06,pranarom,all,dossier,d:pages,total,7.2,107,5233,final
2026-03-07,pranarom,all,dossier,d:pages,total,7.3,88,4719,final
2026-03-08,pranarom,all,dossier,d:pages,total,8.9,62,5018,final
2026-03-09,pranarom,all,dossier,d:pages,total,7.3,102,5623,final
2026-03-10,pranarom,all,dossier,d:pages,total,6.6,116,5884,final
2026-03-11,pranarom,all,dossier,d:pages,total,6.1,120,6642,final
2026-03-12,pranarom,all,dossier,d:pages,total,6.4,118,7429,final
2026-03-13,pranarom,all,dossier,d:pages,total,6.6,101,6791,final
2026-03-14,pranarom,all,dossier,d:pages,total,7.1,122,7390,final
2026-03-15,pranarom,all,dossier,d:pages,total,7.1,81,5730,final
2026-03-16,pranarom,all,dossier,d:pages,total,7.1,114,6977,final
2026-03-17,pranarom,all,dossier,d:pages,total,7.6,131,6546,final
2026-03-18,pranarom,all,dossier,d:pages,total,7.6,130,6534,final
2026-03-19,pranarom,all,dossier,d:pages,total,7.8,119,6346,final
2026-03-20,pranarom,all,dossier,d:pages,total,7.8,102,6318,final
2026-03-21,pranarom,all,dossier,d:pages,total,7.8,94,6734,final
2026-03-22,pranarom,all,dossier,d:pages,total,7.7,99,6614,final
2026-03-23,pranarom,all,dossier,d:pages,total,7.9,131,7030,final
2026-03-24,pranarom,all,dossier,d:pages,total,6.4,98,6553,final
2026-03-25,pranarom,all,dossier,d:pages,total,6.3,132,6821,final
2026-03-26,pranarom,all,dossier,d:pages,total,6.4,118,6721,final
2026-03-27,pranarom,all,dossier,d:pages,total,6.6,90,6997,final
2026-03-28,pranarom,all,dossier,d:pages,total,6.6,122,6946,final
2026-03-29,pranarom,all,dossier,d:pages,total,6.6,69,6392,final
2026-03-30,pranarom,all,dossier,d:pages,total,6.1,96,7621,final
2026-03-31,pranarom,all,dossier,d:pages,total,7.5,128,6808,final
2026-04-01,pranarom,all,dossier,d:pages,total,7.4,107,6373,final
2026-04-02,pranarom,all,dossier,d:pages,total,7.1,123,6109,final
2026-04-03,pranarom,all,dossier,d:pages,total,6.7,106,6056,final
2026-04-04,pranarom,all,dossier,d:pages,total,6.7,77,5747,final
2026-04-05,pranarom,all,dossier,d:pages,total,6.7,61,5353,final
2026-04-06,pranarom,all,dossier,d:pages,total,6.6,79,5516,final
2026-04-07,pranarom,all,dossier,d:pages,total,7.1,92,5933,final
2026-04-08,pranarom,all,dossier,d:pages,total,7.3,94,5626,final
2026-04-09,pranarom,all,dossier,d:pages,total,8.0,96,5012,final
2026-04-10,pranarom,all,dossier,d:pages,total,6.7,96,4979,final
2026-04-11,pranarom,all,dossier,d:pages,total,6.4,84,6290,final
2026-04-12,pranarom,all,dossier,d:pages,total,6.3,103,6682,final
2026-04-13,pranarom,all,dossier,d:pages,total,6.2,118,6811,final
2026-04-14,pranarom,all,dossier,d:pages,total,6.8,101,6886,final
2026-04-15,pranarom,all,dossier,d:pages,total,7.0,115,6884,final
2026-04-16,pranarom,all,dossier,d:pages,total,7.4,99,6421,final
2026-04-17,pranarom,all,dossier,d:pages,total,7.2,76,6070,final
2026-04-18,pranarom,all,dossier,d:pages,total,7.2,74,6095,final
2026-04-19,pranarom,all,dossier,d:pages,total,7.5,86,6253,final
2026-04-20,pranarom,all,dossier,d:pages,total,7.2,102,6453,final
2026-04-21,pranarom,all,dossier,d:pages,total,7.3,110,6288,final
2026-04-22,pranarom,all,dossier,d:pages,total,7.4,118,6365,final
2026-04-23,pranarom,all,dossier,d:pages,total,8.1,120,6005,final
2026-04-24,pranarom,all,dossier,d:pages,total,8.0,93,5873,final
2026-04-25,pranarom,all,dossier,d:pages,total,8.0,94,5909,final
2026-04-26,pranarom,all,dossier,d:pages,total,8.4,71,5544,final
2026-04-27,pranarom,all,dossier,d:pages,total,7.4,92,6013,final
2026-04-28,pranarom,all,dossier,d:pages,total,8.0,109,6301,final
2026-04-29,pranarom,all,dossier,d:pages,total,7.4,91,6433,final
2026-04-30,pranarom,all,dossier,d:pages,total,8.2,107,6139,final
2026-05-01,pranarom,all,dossier,d:pages,total,7.4,73,5906,final
2026-05-02,pranarom,all,dossier,d:pages,total,7.2,89,6302,final
2026-05-03,pranarom,all,dossier,d:pages,total,7.2,73,6470,final
2026-05-04,pranarom,all,dossier,d:pages,total,7.4,132,6728,final
2026-05-05,pranarom,all,dossier,d:pages,total,7.5,120,7264,final
2026-05-06,pranarom,all,dossier,d:pages,total,7.1,109,6048,final
2026-05-07,pranarom,all,dossier,d:pages,total,8.2,72,6472,final
2026-05-08,pranarom,all,dossier,d:pages,total,7.7,83,5212,final
2026-05-09,pranarom,all,dossier,d:pages,total,8.3,98,5857,final
2026-05-10,pranarom,all,dossier,d:pages,total,7.1,78,5746,final
2026-05-11,pranarom,all,dossier,d:pages,total,7.9,111,6039,final
2026-05-12,pranarom,all,dossier,d:pages,total,8.0,78,5483,final
2026-05-13,pranarom,all,dossier,d:pages,total,8.5,94,5513,final
2026-05-14,pranarom,all,dossier,d:pages,total,8.1,67,5272,final
2026-05-15,pranarom,all,dossier,d:pages,total,7.0,107,5356,final
2026-05-16,pranarom,all,dossier,d:pages,total,6.8,94,5123,final
2026-05-17,pranarom,all,dossier,d:pages,total,6.9,82,4686,final
2026-05-18,pranarom,all,dossier,d:pages,total,6.5,131,5594,final
2026-05-19,pranarom,all,dossier,d:pages,total,7.4,106,5357,final
2026-05-20,pranarom,all,dossier,d:pages,total,7.2,102,5662,final
2026-05-21,pranarom,all,dossier,d:pages,total,7.0,108,5366,final
2026-05-22,pranarom,all,dossier,d:pages,total,6.7,66,4381,final
2026-05-23,pranarom,all,dossier,d:pages,total,7.3,52,4466,final
2026-05-24,pranarom,all,dossier,d:pages,total,6.8,68,4295,final
2026-05-25,pranarom,all,dossier,d:pages,total,6.4,82,4694,final
2026-05-26,pranarom,all,dossier,d:pages,total,6.8,75,4893,final
2026-05-27,pranarom,all,dossier,d:pages,total,7.1,97,4822,final
2026-05-28,pranarom,all,dossier,d:pages,total,7.4,76,4876,final
2026-05-29,pranarom,all,dossier,d:pages,total,6.6,93,5114,final
2026-05-30,pranarom,all,dossier,d:pages,total,6.8,89,4997,final
2026-05-31,pranarom,all,dossier,d:pages,total,7.0,73,5050,final
2026-06-01,pranarom,all,dossier,d:pages,total,7.1,99,5733,final
2026-06-02,pranarom,all,dossier,d:pages,total,7.1,117,6157,final
2026-06-03,pranarom,all,dossier,d:pages,total,7.1,106,5971,final
2026-06-04,pranarom,all,dossier,d:pages,total,6.5,97,5831,final
2026-06-05,pranarom,all,dossier,d:pages,total,6.5,85,5771,final
2026-06-06,pranarom,all,dossier,d:pages,total,6.5,81,5645,final
2026-06-07,pranarom,all,dossier,d:pages,total,6.6,78,5790,final
2026-06-08,pranarom,all,dossier,d:pages,total,6.4,103,6395,final
2026-06-09,pranarom,all,dossier,d:pages,total,6.3,100,6265,final
2026-06-10,pranarom,all,dossier,d:pages,total,6.5,111,6354,final
2026-06-11,pranarom,all,dossier,d:pages,total,6.6,118,5885,final
2026-06-12,pranarom,all,dossier,d:pages,total,7.0,118,6038,final
2026-06-13,pranarom,all,dossier,d:pages,total,6.8,72,5200,final
2026-06-14,pranarom,all,dossier,d:pages,total,7.1,90,5143,final
2026-06-15,pranarom,all,dossier,d:pages,total,6.8,102,5962,final
2026-06-16,pranarom,all,dossier,d:pages,total,7.2,122,5849,final
2026-06-17,pranarom,all,dossier,d:pages,total,6.8,95,5796,final
2026-06-18,pranarom,all,dossier,d:pages,total,7.1,95,5200,final
2026-06-19,pranarom,all,dossier,d:pages,total,6.4,89,4774,final
2026-06-20,pranarom,all,dossier,d:pages,total,6.7,80,4400,final
2026-06-21,pranarom,all,dossier,d:pages,total,6.6,55,4192,final
2026-06-22,pranarom,all,dossier,d:pages,total,8.5,88,5504,final
2026-06-23,pranarom,all,dossier,d:pages,total,6.4,97,5312,final
2026-06-24,pranarom,all,dossier,d:pages,total,7.0,97,6068,final
2026-06-25,pranarom,all,dossier,d:pages,total,7.2,92,4954,final
2026-06-26,pranarom,all,dossier,d:pages,total,6.5,71,5203,final
2026-06-27,pranarom,all,dossier,d:pages,total,7.0,60,5449,final
2026-06-28,pranarom,all,dossier,d:pages,total,6.6,66,5257,final
2026-06-29,pranarom,all,dossier,d:pages,total,6.3,87,5761,final
2026-06-30,pranarom,all,dossier,d:pages,total,6.7,74,5432,final
2026-07-01,pranarom,all,dossier,d:pages,total,7.3,98,5860,final
2026-07-02,pranarom,all,dossier,d:pages,total,7.8,93,5432,final
2026-07-03,pranarom,all,dossier,d:pages,total,6.8,64,5040,final
2026-07-04,pranarom,all,dossier,d:pages,total,6.6,79,5221,final
2026-07-05,pranarom,all,dossier,d:pages,total,6.5,67,5125,final
2026-07-06,pranarom,all,dossier,d:pages,total,7.4,98,6472,final
2026-07-07,pranarom,all,dossier,d:pages,total,6.7,95,5513,final
2026-07-08,pranarom,all,dossier,d:pages,total,7.2,117,5762,final
2026-07-09,pranarom,all,dossier,d:pages,total,7.3,103,5697,final
2026-07-10,pranarom,all,dossier,d:pages,total,7.1,108,5638,final
2026-07-11,pranarom,all,dossier,d:pages,total,6.6,100,6497,final
2026-07-12,pranarom,all,dossier,d:pages,total,7.1,88,5771,final
2026-07-13,pranarom,all,dossier,d:pages,total,6.6,143,6480,final
2026-07-14,pranarom,all,dossier,d:pages,total,7.0,100,6571,final
2026-07-15,pranarom,all,dossier,d:pages,total,7.0,134,6765,final
2026-07-16,pranarom,all,dossier,d:pages,total,7.5,119,6166,final
2026-07-17,pranarom,all,dossier,d:pages,total,7.5,105,5684,final
2026-07-18,pranarom,all,dossier,d:pages,total,7.1,87,5652,final
2026-07-19,pranarom,all,dossier,d:pages,total,7.2,64,5246,final
2026-07-20,pranarom,all,dossier,d:pages,total,6.9,113,6164,final
2026-07-21,pranarom,all,dossier,d:pages,total,6.9,129,6077,final
2026-07-22,pranarom,all,dossier,d:pages,total,8.1,111,6948,final
2026-07-23,pranarom,all,dossier,d:pages,total,7.4,112,5961,final
2026-07-24,pranarom,all,dossier,d:pages,total,9.0,105,6295,final
2026-07-25,pranarom,all,dossier,d:pages,total,9.1,70,5489,final
2026-07-26,pranarom,all,dossier,d:pages,total,8.7,46,5267,final
2026-07-27,pranarom,all,dossier,d:pages,total,8.5,101,6541,final
2026-07-28,pranarom,all,dossier,d:pages,total,10.4,97,6086,final
2026-07-29,pranarom,all,dossier,d:pages,total,10.1,105,6360,final
2026-07-30,pranarom,all,dossier,d:pages,total,9.5,101,6330,final
2026-07-31,pranarom,all,dossier,d:pages,total,10.2,99,5943,final
2026-08-01,pranarom,all,dossier,d:pages,total,9.4,73,5475,final
2026-08-02,pranarom,all,dossier,d:pages,total,9.7,62,5369,final
2026-08-03,pranarom,all,dossier,d:pages,total,9.1,101,6123,final
2026-08-04,pranarom,all,dossier,d:pages,total,10.2,85,6149,final
2026-08-05,pranarom,all,dossier,d:pages,total,10.7,101,6221,final
2026-08-06,pranarom,all,dossier,d:pages,total,12.8,88,6455,final
2026-08-07,pranarom,all,dossier,d:pages,total,11.5,83,6260,final
2026-08-08,pranarom,all,dossier,d:pages,total,9.3,90,5697,final
2026-08-09,pranarom,all,dossier,d:pages,total,10.0,49,5129,final
2026-08-10,pranarom,all,dossier,d:pages,total,9.0,82,6033,final
2026-08-11,pranarom,all,dossier,d:pages,total,9.5,84,6001,final
2026-08-12,pranarom,all,dossier,d:pages,total,10.3,79,5984,final
2026-08-13,pranarom,all,dossier,d:pages,total,10.1,102,6146,final
2026-08-14,pranarom,all,dossier,d:pages,total,9.8,65,5269,final
2026-08-15,pranarom,all,dossier,d:pages,total,10.0,59,4969,final
2026-08-16,pranarom,all,dossier,d:pages,total,9.7,61,5191,final
2026-08-17,pranarom,all,dossier,d:pages,total,9.5,72,5918,final
2026-08-18,pranarom,all,dossier,d:pages,total,9.3,70,6051,final
2026-08-19,pranarom,all,dossier,d:pages,total,8.8,109,10117,final
2026-08-20,pranarom,all,dossier,d:pages,total,10.3,91,6587,final
2026-08-21,pranarom,all,dossier,d:pages,total,10.9,77,6104,final
2026-08-22,pranarom,all,dossier,d:pages,total,9.7,55,5681,final
2026-08-23,pranarom,all,dossier,d:pages,total,9.3,55,5233,final
2026-08-24,pranarom,all,dossier,d:pages,total,9.0,90,6181,final
2026-08-25,pranarom,all,dossier,d:pages,total,9.6,80,6101,final
2026-08-26,pranarom,all,dossier,d:pages,total,9.8,97,6823,final
2026-08-27,pranarom,all,dossier,d:pages,total,10.9,71,5982,final
2026-08-28,pranarom,all,dossier,d:pages,total,10.7,72,5902,final
2026-08-29,pranarom,all,dossier,d:pages,total,10.8,59,5914,final
2026-08-30,pranarom,all,dossier,d:pages,total,10.5,46,5304,final
2026-08-31,pranarom,all,dossier,d:pages,total,10.5,83,5764,final
2026-09-01,pranarom,all,dossier,d:pages,total,9.6,92,5635,final
2026-09-02,pranarom,all,dossier,d:pages,total,10.0,93,6249,final
2026-09-03,pranarom,all,dossier,d:pages,total,13.4,78,6901,final
2026-09-04,pranarom,all,dossier,d:pages,total,11.9,80,6051,final
2026-09-05,pranarom,all,dossier,d:pages,total,10.7,69,6034,final
2026-09-06,pranarom,all,dossier,d:pages,total,10.3,53,5580,final
2026-09-07,pranarom,all,dossier,d:pages,total,9.8,68,6305,final
2026-09-08,pranarom,all,dossier,d:pages,total,9.3,83,6317,final
2026-09-09,pranarom,all,dossier,d:pages,total,9.4,82,6272,final
2026-09-10,pranarom,all,dossier,d:pages,total,9.1,91,6378,final
2026-09-11,pranarom,all,dossier,d:pages,total,8.8,91,6148,final
2026-09-12,pranarom,all,dossier,d:pages,total,9.2,67,6213,final
2026-09-13,pranarom,all,dossier,d:pages,total,8.9,64,5838,final
2026-09-14,pranarom,all,dossier,d:pages,total,8.2,104,7043,final
2026-09-15,pranarom,all,dossier,d:pages,total,8.5,84,7097,final
2026-09-16,pranarom,all,dossier,d:pages,total,8.0,104,6711,final
2026-09-17,pranarom,all,dossier,d:pages,total,7.8,103,6377,final
2026-09-18,pranarom,all,dossier,d:pages,total,7.3,88,6348,final
2026-09-19,pranarom,all,dossier,d:pages,total,7.6,75,6060,final
2026-09-20,pranarom,all,dossier,d:pages,total,8.4,62,5450,final
2026-09-21,pranarom,all,dossier,d:pages,total,7.7,108,6687,final
2026-09-22,pranarom,all,dossier,d:pages,total,8.1,89,6304,final
2026-09-23,pranarom,all,dossier,d:pages,total,7.9,104,6635,final
2026-09-24,pranarom,all,dossier,d:pages,total,8.1,97,6506,final
2026-09-25,pranarom,all,dossier,d:pages,total,7.7,73,5852,final
2026-09-26,pranarom,all,dossier,d:pages,total,8.4,50,5298,final
2026-09-27,pranarom,all,dossier,d:pages,total,8.4,61,5018,final
2026-09-28,pranarom,all,dossier,d:pages,total,7.6,100,5918,final
2026-09-29,pranarom,all,dossier,d:pages,total,7.7,86,5986,final
2026-09-30,pranarom,all,dossier,d:pages,total,6.7,118,5061,final
2026-10-01,pranarom,all,dossier,d:pages,total,7.3,65,4946,fresh
2026-10-02,pranarom,all,dossier,d:pages,total,6.6,76,4268,fresh
2025-06-10,pranarom,all,dossier,d:products,total,11.9,1481,69887,final
2025-06-11,pranarom,all,dossier,d:products,total,12.7,1406,64655,final
2025-06-12,pranarom,all,dossier,d:products,total,12.0,1451,62639,final
2025-06-13,pranarom,all,dossier,d:products,total,12.0,1262,57038,final
2025-06-14,pranarom,all,dossier,d:products,total,13.7,1289,57995,final
2025-06-15,pranarom,all,dossier,d:products,total,12.4,1054,54616,final
2025-06-16,pranarom,all,dossier,d:products,total,12.4,1484,60687,final
2025-06-17,pranarom,all,dossier,d:products,total,11.7,1428,59121,final
2025-06-18,pranarom,all,dossier,d:products,total,12.4,1371,60129,final
2025-06-19,pranarom,all,dossier,d:products,total,12.0,1374,58146,final
2025-06-20,pranarom,all,dossier,d:products,total,12.5,1261,52090,final
2025-06-21,pranarom,all,dossier,d:products,total,14.1,1101,51499,final
2025-06-22,pranarom,all,dossier,d:products,total,12.9,999,49322,final
2025-06-23,pranarom,all,dossier,d:products,total,11.9,1345,57465,final
2025-06-24,pranarom,all,dossier,d:products,total,12.0,1327,55006,final
2025-06-25,pranarom,all,dossier,d:products,total,12.2,1306,54523,final
2025-06-26,pranarom,all,dossier,d:products,total,13.3,1265,54972,final
2025-06-27,pranarom,all,dossier,d:products,total,13.5,1205,53935,final
2025-06-28,pranarom,all,dossier,d:products,total,13.8,1089,50060,final
2025-06-29,pranarom,all,dossier,d:products,total,13.3,908,50246,final
2025-06-30,pranarom,all,dossier,d:products,total,13.7,1207,55543,final
2025-07-01,pranarom,all,dossier,d:products,total,13.0,1242,55435,final
2025-07-02,pranarom,all,dossier,d:products,total,14.8,1162,56909,final
2025-07-03,pranarom,all,dossier,d:products,total,13.0,1192,50429,final
2025-07-04,pranarom,all,dossier,d:products,total,14.7,1107,49602,final
2025-07-05,pranarom,all,dossier,d:products,total,13.9,1054,47583,final
2025-07-06,pranarom,all,dossier,d:products,total,14.0,940,46976,final
2025-07-07,pranarom,all,dossier,d:products,total,12.7,1201,50070,final
2025-07-08,pranarom,all,dossier,d:products,total,13.5,1211,52753,final
2025-07-09,pranarom,all,dossier,d:products,total,13.7,1179,56914,final
2025-07-10,pranarom,all,dossier,d:products,total,14.7,1151,53982,final
2025-07-11,pranarom,all,dossier,d:products,total,19.7,1122,65932,final
2025-07-12,pranarom,all,dossier,d:products,total,16.3,1087,57852,final
2025-07-13,pranarom,all,dossier,d:products,total,13.6,915,46149,final
2025-07-14,pranarom,all,dossier,d:products,total,12.8,1035,49200,final
2025-07-15,pranarom,all,dossier,d:products,total,12.9,1396,57186,final
2025-07-16,pranarom,all,dossier,d:products,total,12.3,1318,54434,final
2025-07-17,pranarom,all,dossier,d:products,total,12.1,1297,52848,final
2025-07-18,pranarom,all,dossier,d:products,total,12.5,1219,52403,final
2025-07-19,pranarom,all,dossier,d:products,total,12.6,1140,52623,final
2025-07-20,pranarom,all,dossier,d:products,total,13.2,891,46744,final
2025-07-21,pranarom,all,dossier,d:products,total,12.4,1245,52923,final
2025-07-22,pranarom,all,dossier,d:products,total,13.4,1183,54409,final
2025-07-23,pranarom,all,dossier,d:products,total,12.7,1150,50162,final
2025-07-24,pranarom,all,dossier,d:products,total,12.7,1147,49490,final
2025-07-25,pranarom,all,dossier,d:products,total,12.9,1160,48689,final
2025-07-26,pranarom,all,dossier,d:products,total,12.4,1089,51506,final
2025-07-27,pranarom,all,dossier,d:products,total,12.8,950,46929,final
2025-07-28,pranarom,all,dossier,d:products,total,12.0,1283,52258,final
2025-07-29,pranarom,all,dossier,d:products,total,11.8,1210,50289,final
2025-07-30,pranarom,all,dossier,d:products,total,11.7,1155,49061,final
2025-07-31,pranarom,all,dossier,d:products,total,12.2,1188,49848,final
2025-08-01,pranarom,all,dossier,d:products,total,12.4,1129,47807,final
2025-08-02,pranarom,all,dossier,d:products,total,11.8,1109,46474,final
2025-08-03,pranarom,all,dossier,d:products,total,12.7,849,43987,final
2025-08-04,pranarom,all,dossier,d:products,total,12.8,1322,53999,final
2025-08-05,pranarom,all,dossier,d:products,total,12.0,1209,50889,final
2025-08-06,pranarom,all,dossier,d:products,total,12.3,1256,52034,final
2025-08-07,pranarom,all,dossier,d:products,total,13.0,1182,52778,final
2025-08-08,pranarom,all,dossier,d:products,total,12.3,1160,50038,final
2025-08-09,pranarom,all,dossier,d:products,total,12.2,1124,51884,final
2025-08-10,pranarom,all,dossier,d:products,total,13.2,913,48752,final
2025-08-11,pranarom,all,dossier,d:products,total,17.9,1244,70288,final
2025-08-12,pranarom,all,dossier,d:products,total,12.6,1225,52620,final
2025-08-13,pranarom,all,dossier,d:products,total,12.1,1227,51559,final
2025-08-14,pranarom,all,dossier,d:products,total,12.3,1197,51015,final
2025-08-15,pranarom,all,dossier,d:products,total,12.2,849,43489,final
2025-08-16,pranarom,all,dossier,d:products,total,12.9,1054,49874,final
2025-08-17,pranarom,all,dossier,d:products,total,11.8,871,44316,final
2025-08-18,pranarom,all,dossier,d:products,total,11.8,1214,49734,final
2025-08-19,pranarom,all,dossier,d:products,total,12.1,1255,52380,final
2025-08-20,pranarom,all,dossier,d:products,total,12.1,1175,49232,final
2025-08-21,pranarom,all,dossier,d:products,total,12.7,1142,50435,final
2025-08-22,pranarom,all,dossier,d:products,total,12.6,1057,47647,final
2025-08-23,pranarom,all,dossier,d:products,total,13.0,962,47811,final
2025-08-24,pranarom,all,dossier,d:products,total,12.6,781,45767,final
2025-08-25,pranarom,all,dossier,d:products,total,12.0,1245,48233,final
2025-08-26,pranarom,all,dossier,d:products,total,12.7,1195,50738,final
2025-08-27,pranarom,all,dossier,d:products,total,12.9,1272,52202,final
2025-08-28,pranarom,all,dossier,d:products,total,13.8,1158,49618,final
2025-08-29,pranarom,all,dossier,d:products,total,13.5,1071,44737,final
2025-08-30,pranarom,all,dossier,d:products,total,13.9,1048,48441,final
2025-08-31,pranarom,all,dossier,d:products,total,14.0,866,45536,final
2025-09-01,pranarom,all,dossier,d:products,total,12.8,1233,49096,final
2025-09-02,pranarom,all,dossier,d:products,total,13.1,1191,48411,final
2025-09-03,pranarom,all,dossier,d:products,total,11.9,1267,51178,final
2025-09-04,pranarom,all,dossier,d:products,total,13.5,1158,50625,final
2025-09-05,pranarom,all,dossier,d:products,total,12.9,1142,46399,final
2025-09-06,pranarom,all,dossier,d:products,total,13.1,1048,47543,final
2025-09-07,pranarom,all,dossier,d:products,total,13.1,847,45363,final
2025-09-08,pranarom,all,dossier,d:products,total,12.1,1332,54585,final
2025-09-09,pranarom,all,dossier,d:products,total,12.6,1202,52945,final
2025-09-10,pranarom,all,dossier,d:products,total,11.9,1365,54224,final
2025-09-11,pranarom,all,dossier,d:products,total,10.9,1343,53672,final
2025-09-12,pranarom,all,dossier,d:products,total,9.3,1315,46964,final
2025-09-13,pranarom,all,dossier,d:products,total,8.0,1288,46592,final
2025-09-14,pranarom,all,dossier,d:products,total,8.3,1187,46657,final
2025-09-15,pranarom,all,dossier,d:products,total,8.1,1477,52234,final
2025-09-16,pranarom,all,dossier,d:products,total,8.4,1481,53801,final
2025-09-17,pranarom,all,dossier,d:products,total,8.8,1416,53839,final
2025-09-18,pranarom,all,dossier,d:products,total,9.2,1225,50686,final
2025-09-19,pranarom,all,dossier,d:products,total,9.1,1410,51712,final
2025-09-20,pranarom,all,dossier,d:products,total,8.9,1385,51964,final
2025-09-21,pranarom,all,dossier,d:products,total,8.9,1243,49900,final
2025-09-22,pranarom,all,dossier,d:products,total,8.7,1668,56156,final
2025-09-23,pranarom,all,dossier,d:products,total,8.6,1550,55778,final
2025-09-24,pranarom,all,dossier,d:products,total,8.6,1668,56857,final
2025-09-25,pranarom,all,dossier,d:products,total,8.5,1620,54830,final
2025-09-26,pranarom,all,dossier,d:products,total,8.6,1563,52921,final
2025-09-27,pranarom,all,dossier,d:products,total,8.9,1456,51671,final
2025-09-28,pranarom,all,dossier,d:products,total,8.6,1265,48224,final
2025-09-29,pranarom,all,dossier,d:products,total,8.7,1677,56104,final
2025-09-30,pranarom,all,dossier,d:products,total,8.9,1659,55526,final
2025-10-01,pranarom,all,dossier,d:products,total,8.4,1621,53337,final
2025-10-02,pranarom,all,dossier,d:products,total,8.4,1598,51508,final
2025-10-03,pranarom,all,dossier,d:products,total,8.1,1687,52222,final
2025-10-04,pranarom,all,dossier,d:products,total,8.8,1433,52029,final
2025-10-05,pranarom,all,dossier,d:products,total,8.6,1243,46173,final
2025-10-06,pranarom,all,dossier,d:products,total,8.1,1631,52816,final
2025-10-07,pranarom,all,dossier,d:products,total,8.1,1662,53947,final
2025-10-08,pranarom,all,dossier,d:products,total,8.4,1648,53941,final
2025-10-09,pranarom,all,dossier,d:products,total,9.2,1684,52388,final
2025-10-10,pranarom,all,dossier,d:products,total,8.4,1551,48085,final
2025-10-11,pranarom,all,dossier,d:products,total,8.2,1383,47925,final
2025-10-12,pranarom,all,dossier,d:products,total,8.3,1175,41487,final
2025-10-13,pranarom,all,dossier,d:products,total,8.0,1759,52317,final
2025-10-14,pranarom,all,dossier,d:products,total,8.2,1632,51038,final
2025-10-15,pranarom,all,dossier,d:products,total,10.5,1565,57540,final
2025-10-16,pranarom,all,dossier,d:products,total,11.2,1587,59545,final
2025-10-17,pranarom,all,dossier,d:products,total,8.4,1506,49154,final
2025-10-18,pranarom,all,dossier,d:products,total,8.6,1382,49252,final
2025-10-19,pranarom,all,dossier,d:products,total,8.5,1219,49169,final
2025-10-20,pranarom,all,dossier,d:products,total,8.3,1636,56581,final
2025-10-21,pranarom,all,dossier,d:products,total,8.2,1616,55036,final
2025-10-22,pranarom,all,dossier,d:products,total,8.0,1571,52314,final
2025-10-23,pranarom,all,dossier,d:products,total,8.4,1533,52012,final
2025-10-24,pranarom,all,dossier,d:products,total,8.4,1434,48392,final
2025-10-25,pranarom,all,dossier,d:products,total,8.4,1342,46705,final
2025-10-26,pranarom,all,dossier,d:products,total,8.5,1129,43755,final
2025-10-27,pranarom,all,dossier,d:products,total,8.5,1646,53745,final
2025-10-28,pranarom,all,dossier,d:products,total,8.4,1485,50530,final
2025-10-29,pranarom,all,dossier,d:products,total,8.2,1515,51701,final
2025-10-30,pranarom,all,dossier,d:products,total,8.7,1388,50292,final
2025-10-31,pranarom,all,dossier,d:products,total,8.6,1374,46189,final
2025-11-01,pranarom,all,dossier,d:products,total,8.4,1164,44052,final
2025-11-02,pranarom,all,dossier,d:products,total,8.4,1217,46881,final
2025-11-03,pranarom,all,dossier,d:products,total,7.8,1548,51588,final
2025-11-04,pranarom,all,dossier,d:products,total,8.1,1506,49505,final
2025-11-05,pranarom,all,dossier,d:products,total,7.8,1538,52394,final
2025-11-06,pranarom,all,dossier,d:products,total,8.3,1474,49924,final
2025-11-07,pranarom,all,dossier,d:products,total,8.4,1414,50252,final
2025-11-08,pranarom,all,dossier,d:products,total,8.8,1278,51721,final
2025-11-09,pranarom,all,dossier,d:products,total,9.2,1063,46727,final
2025-11-10,pranarom,all,dossier,d:products,total,10.4,1390,58097,final
2025-11-11,pranarom,all,dossier,d:products,total,9.4,1050,52306,final
2025-11-12,pranarom,all,dossier,d:products,total,8.2,1450,55161,final
2025-11-13,pranarom,all,dossier,d:products,total,7.9,1301,52189,final
2025-11-14,pranarom,all,dossier,d:products,total,7.9,1286,50585,final
2025-11-15,pranarom,all,dossier,d:products,total,7.7,1215,50223,final
2025-11-16,pranarom,all,dossier,d:products,total,8.1,1021,49388,final
2025-11-17,pranarom,all,dossier,d:products,total,8.1,1480,54176,final
2025-11-18,pranarom,all,dossier,d:products,total,8.2,1480,55419,final
2025-11-19,pranarom,all,dossier,d:products,total,8.0,1432,52935,final
2025-11-20,pranarom,all,dossier,d:products,total,8.7,1355,51581,final
2025-11-21,pranarom,all,dossier,d:products,total,8.4,1337,49313,final
2025-11-22,pranarom,all,dossier,d:products,total,8.6,1305,50751,final
2025-11-23,pranarom,all,dossier,d:products,total,9.2,1213,51073,final
2025-11-24,pranarom,all,dossier,d:products,total,8.5,1627,57260,final
2025-11-25,pranarom,all,dossier,d:products,total,8.4,1554,56413,final
2025-11-26,pranarom,all,dossier,d:products,total,8.6,1474,55470,final
2025-11-27,pranarom,all,dossier,d:products,total,8.5,1365,53624,final
2025-11-28,pranarom,all,dossier,d:products,total,8.7,1407,53549,final
2025-11-29,pranarom,all,dossier,d:products,total,8.7,1325,52916,final
2025-11-30,pranarom,all,dossier,d:products,total,8.9,1146,51525,final
2025-12-01,pranarom,all,dossier,d:products,total,8.8,1575,59807,final
2025-12-02,pranarom,all,dossier,d:products,total,8.9,1475,58244,final
2025-12-03,pranarom,all,dossier,d:products,total,8.6,1630,60782,final
2025-12-04,pranarom,all,dossier,d:products,total,9.2,1592,58840,final
2025-12-05,pranarom,all,dossier,d:products,total,8.8,1488,54458,final
2025-12-06,pranarom,all,dossier,d:products,total,8.7,1428,54396,final
2025-12-07,pranarom,all,dossier,d:products,total,8.6,1249,52183,final
2025-12-08,pranarom,all,dossier,d:products,total,8.6,1634,59485,final
2025-12-09,pranarom,all,dossier,d:products,total,9.7,1608,62356,final
2025-12-10,pranarom,all,dossier,d:products,total,12.0,1680,68187,final
2025-12-11,pranarom,all,dossier,d:products,total,9.0,1576,57184,final
2025-12-12,pranarom,all,dossier,d:products,total,11.2,1527,64105,final
2025-12-13,pranarom,all,dossier,d:products,total,9.6,1463,65784,final
2025-12-14,pranarom,all,dossier,d:products,total,8.9,1282,58683,final
2025-12-15,pranarom,all,dossier,d:products,total,10.8,1732,68228,final
2025-12-16,pranarom,all,dossier,d:products,total,8.5,1819,67303,final
2025-12-17,pranarom,all,dossier,d:products,total,7.6,1754,68617,final
2025-12-18,pranarom,all,dossier,d:products,total,9.3,1699,63562,final
2025-12-19,pranarom,all,dossier,d:products,total,8.7,1643,64251,final
2025-12-20,pranarom,all,dossier,d:products,total,8.6,1651,62710,final
2025-12-21,pranarom,all,dossier,d:products,total,8.7,1388,64297,final
2025-12-22,pranarom,all,dossier,d:products,total,8.1,1894,76144,final
2025-12-23,pranarom,all,dossier,d:products,total,8.1,1742,74600,final
2025-12-24,pranarom,all,dossier,d:products,total,9.1,1239,52692,final
2025-12-25,pranarom,all,dossier,d:products,total,8.7,1056,54251,final
2025-12-26,pranarom,all,dossier,d:products,total,8.1,1782,71815,final
2025-12-27,pranarom,all,dossier,d:products,total,8.1,1788,71318,final
2025-12-28,pranarom,all,dossier,d:products,total,8.4,1412,61674,final
2025-12-29,pranarom,all,dossier,d:products,total,8.2,1948,76575,final
2025-12-30,pranarom,all,dossier,d:products,total,8.1,1799,74071,final
2025-12-31,pranarom,all,dossier,d:products,total,9.0,1350,58968,final
2026-01-01,pranarom,all,dossier,d:products,total,9.3,1067,55302,final
2026-01-02,pranarom,all,dossier,d:products,total,8.3,1735,70582,final
2026-01-03,pranarom,all,dossier,d:products,total,8.4,1648,63603,final
2026-01-04,pranarom,all,dossier,d:products,total,8.6,1300,52396,final
2026-01-05,pranarom,all,dossier,d:products,total,8.5,1755,54306,final
2026-01-06,pranarom,all,dossier,d:products,total,7.8,1608,52331,final
2026-01-07,pranarom,all,dossier,d:products,total,8.2,1565,54685,final
2026-01-08,pranarom,all,dossier,d:products,total,9.4,1564,56862,final
2026-01-09,pranarom,all,dossier,d:products,total,10.7,1509,59604,final
2026-01-10,pranarom,all,dossier,d:products,total,10.4,1500,59012,final
2026-01-11,pranarom,all,dossier,d:products,total,8.8,1215,50752,final
2026-01-12,pranarom,all,dossier,d:products,total,8.0,1691,57444,final
2026-01-13,pranarom,all,dossier,d:products,total,8.6,1636,57310,final
2026-01-14,pranarom,all,dossier,d:products,total,8.7,1534,57431,final
2026-01-15,pranarom,all,dossier,d:products,total,8.6,1520,54389,final
2026-01-16,pranarom,all,dossier,d:products,total,8.5,1434,51090,final
2026-01-17,pranarom,all,dossier,d:products,total,8.8,1438,54847,final
2026-01-18,pranarom,all,dossier,d:products,total,8.9,1125,47976,final
2026-01-19,pranarom,all,dossier,d:products,total,9.1,1517,55953,final
2026-01-20,pranarom,all,dossier,d:products,total,9.3,1424,53758,final
2026-01-21,pranarom,all,dossier,d:products,total,10.0,1538,52725,final
2026-01-22,pranarom,all,dossier,d:products,total,9.6,1462,51616,final
2026-01-23,pranarom,all,dossier,d:products,total,9.2,1296,45456,final
2026-01-24,pranarom,all,dossier,d:products,total,9.5,1325,47193,final
2026-01-25,pranarom,all,dossier,d:products,total,9.5,1032,43649,final
2026-01-26,pranarom,all,dossier,d:products,total,9.5,1455,50642,final
2026-01-27,pranarom,all,dossier,d:products,total,10.2,1473,51414,final
2026-01-28,pranarom,all,dossier,d:products,total,9.3,1484,49612,final
2026-01-29,pranarom,all,dossier,d:products,total,10.3,1318,49897,final
2026-01-30,pranarom,all,dossier,d:products,total,9.1,1308,46795,final
2026-01-31,pranarom,all,dossier,d:products,total,10.8,1288,51040,final
2026-02-01,pranarom,all,dossier,d:products,total,9.4,1017,44157,final
2026-02-02,pranarom,all,dossier,d:products,total,9.2,1383,52056,final
2026-02-03,pranarom,all,dossier,d:products,total,8.7,1424,52451,final
2026-02-04,pranarom,all,dossier,d:products,total,10.1,1464,54300,final
2026-02-05,pranarom,all,dossier,d:products,total,9.8,1462,54337,final
2026-02-06,pranarom,all,dossier,d:products,total,10.1,1261,48763,final
2026-02-07,pranarom,all,dossier,d:products,total,9.4,1317,46564,final
2026-02-08,pranarom,all,dossier,d:products,total,10.9,992,45870,final
2026-02-09,pranarom,all,dossier,d:products,total,9.8,1319,50799,final
2026-02-10,pranarom,all,dossier,d:products,total,10.0,1348,48648,final
2026-02-11,pranarom,all,dossier,d:products,total,9.9,1372,50826,final
2026-02-12,pranarom,all,dossier,d:products,total,10.0,1328,50075,final
2026-02-13,pranarom,all,dossier,d:products,total,9.5,1296,46560,final
2026-02-14,pranarom,all,dossier,d:products,total,9.3,1311,48736,final
2026-02-15,pranarom,all,dossier,d:products,total,9.2,1097,49011,final
2026-02-16,pranarom,all,dossier,d:products,total,9.4,1454,54870,final
2026-02-17,pranarom,all,dossier,d:products,total,9.2,1370,54048,final
2026-02-18,pranarom,all,dossier,d:products,total,9.7,1384,55699,final
2026-02-19,pranarom,all,dossier,d:products,total,9.2,1449,53820,final
2026-02-20,pranarom,all,dossier,d:products,total,9.2,1284,48697,final
2026-02-21,pranarom,all,dossier,d:products,total,9.7,1149,49052,final
2026-02-22,pranarom,all,dossier,d:products,total,9.9,983,45059,final
2026-02-23,pranarom,all,dossier,d:products,total,9.7,1403,54677,final
2026-02-24,pranarom,all,dossier,d:products,total,10.0,1326,53344,final
2026-02-25,pranarom,all,dossier,d:products,total,10.4,1313,53041,final
2026-02-26,pranarom,all,dossier,d:products,total,9.2,1313,51282,final
2026-02-27,pranarom,all,dossier,d:products,total,9.4,1331,50984,final
2026-02-28,pranarom,all,dossier,d:products,total,10.2,1402,53433,final
2026-03-01,pranarom,all,dossier,d:products,total,9.2,1000,45829,final
2026-03-02,pranarom,all,dossier,d:products,total,9.4,1246,50395,final
2026-03-03,pranarom,all,dossier,d:products,total,9.4,1281,50833,final
2026-03-04,pranarom,all,dossier,d:products,total,9.0,1339,50452,final
2026-03-05,pranarom,all,dossier,d:products,total,9.2,1241,52014,final
2026-03-06,pranarom,all,dossier,d:products,total,8.9,1075,48132,final
2026-03-07,pranarom,all,dossier,d:products,total,9.2,1145,49468,final
2026-03-08,pranarom,all,dossier,d:products,total,10.9,817,45399,final
2026-03-09,pranarom,all,dossier,d:products,total,9.7,1322,52843,final
2026-03-10,pranarom,all,dossier,d:products,total,9.1,1284,52610,final
2026-03-11,pranarom,all,dossier,d:products,total,9.1,1330,52174,final
2026-03-12,pranarom,all,dossier,d:products,total,9.2,1237,53853,final
2026-03-13,pranarom,all,dossier,d:products,total,8.4,1139,48987,final
2026-03-14,pranarom,all,dossier,d:products,total,8.4,1138,50191,final
2026-03-15,pranarom,all,dossier,d:products,total,9.3,820,45224,final
2026-03-16,pranarom,all,dossier,d:products,total,8.5,1318,52269,final
2026-03-17,pranarom,all,dossier,d:products,total,8.6,1153,51366,final
2026-03-18,pranarom,all,dossier,d:products,total,8.8,1138,47126,final
2026-03-19,pranarom,all,dossier,d:products,total,9.2,1106,46143,final
2026-03-20,pranarom,all,dossier,d:products,total,9.0,1120,45529,final
2026-03-21,pranarom,all,dossier,d:products,total,9.2,1075,47407,final
2026-03-22,pranarom,all,dossier,d:products,total,9.2,875,44209,final
2026-03-23,pranarom,all,dossier,d:products,total,9.0,1264,49868,final
2026-03-24,pranarom,all,dossier,d:products,total,8.2,1203,48179,final
2026-03-25,pranarom,all,dossier,d:products,total,7.9,1237,49067,final
2026-03-26,pranarom,all,dossier,d:products,total,8.3,1124,47291,final
2026-03-27,pranarom,all,dossier,d:products,total,8.2,1213,50049,final
2026-03-28,pranarom,all,dossier,d:products,total,8.3,1082,47362,final
2026-03-29,pranarom,all,dossier,d:products,total,8.8,886,42252,final
2026-03-30,pranarom,all,dossier,d:products,total,8.4,1258,50524,final
2026-03-31,pranarom,all,dossier,d:products,total,10.2,1233,50587,final
2026-04-01,pranarom,all,dossier,d:products,total,9.3,1297,46809,final
2026-04-02,pranarom,all,dossier,d:products,total,9.1,1186,45730,final
2026-04-03,pranarom,all,dossier,d:products,total,8.5,1185,41955,final
2026-04-04,pranarom,all,dossier,d:products,total,8.6,1014,40170,final
2026-04-05,pranarom,all,dossier,d:products,total,8.8,752,34979,final
2026-04-06,pranarom,all,dossier,d:products,total,8.9,890,38910,final
2026-04-07,pranarom,all,dossier,d:products,total,9.1,1169,44074,final
2026-04-08,pranarom,all,dossier,d:products,total,8.8,1114,41852,final
2026-04-09,pranarom,all,dossier,d:products,total,9.7,1059,41364,final
2026-04-10,pranarom,all,dossier,d:products,total,8.6,1135,38808,final
2026-04-11,pranarom,all,dossier,d:products,total,8.8,1086,39353,final
2026-04-12,pranarom,all,dossier,d:products,total,9.3,981,38170,final
2026-04-13,pranarom,all,dossier,d:products,total,9.6,1241,43487,final
2026-04-14,pranarom,all,dossier,d:products,total,9.7,1230,42040,final
2026-04-15,pranarom,all,dossier,d:products,total,9.4,1196,40379,final
2026-04-16,pranarom,all,dossier,d:products,total,9.5,1172,39535,final
2026-04-17,pranarom,all,dossier,d:products,total,9.1,883,36915,final
2026-04-18,pranarom,all,dossier,d:products,total,9.2,919,35856,final
2026-04-19,pranarom,all,dossier,d:products,total,10.2,701,34457,final
2026-04-20,pranarom,all,dossier,d:products,total,9.2,1025,38602,final
2026-04-21,pranarom,all,dossier,d:products,total,9.4,1005,39072,final
2026-04-22,pranarom,all,dossier,d:products,total,9.4,1049,38079,final
2026-04-23,pranarom,all,dossier,d:products,total,9.6,951,37811,final
2026-04-24,pranarom,all,dossier,d:products,total,9.7,911,39499,final
2026-04-25,pranarom,all,dossier,d:products,total,9.8,846,37465,final
2026-04-26,pranarom,all,dossier,d:products,total,10.1,720,34881,final
2026-04-27,pranarom,all,dossier,d:products,total,9.3,1017,39671,final
2026-04-28,pranarom,all,dossier,d:products,total,9.6,1016,40778,final
2026-04-29,pranarom,all,dossier,d:products,total,9.1,973,39940,final
2026-04-30,pranarom,all,dossier,d:products,total,10.9,776,38361,final
2026-05-01,pranarom,all,dossier,d:products,total,9.4,644,32823,final
2026-05-02,pranarom,all,dossier,d:products,total,8.8,853,37568,final
2026-05-03,pranarom,all,dossier,d:products,total,9.0,711,36210,final
2026-05-04,pranarom,all,dossier,d:products,total,9.6,1060,43383,final
2026-05-05,pranarom,all,dossier,d:products,total,9.0,1042,44260,final
2026-05-06,pranarom,all,dossier,d:products,total,8.8,1032,41200,final
2026-05-07,pranarom,all,dossier,d:products,total,10.0,966,43279,final
2026-05-08,pranarom,all,dossier,d:products,total,9.6,680,35165,final
2026-05-09,pranarom,all,dossier,d:products,total,9.3,837,39281,final
2026-05-10,pranarom,all,dossier,d:products,total,9.0,785,36961,final
2026-05-11,pranarom,all,dossier,d:products,total,9.8,1019,42928,final
2026-05-12,pranarom,all,dossier,d:products,total,10.6,976,41077,final
2026-05-13,pranarom,all,dossier,d:products,total,9.8,1008,39495,final
2026-05-14,pranarom,all,dossier,d:products,total,10.1,725,36366,final
2026-05-15,pranarom,all,dossier,d:products,total,8.1,960,38367,final
2026-05-16,pranarom,all,dossier,d:products,total,8.3,900,37494,final
2026-05-17,pranarom,all,dossier,d:products,total,8.2,760,35897,final
2026-05-18,pranarom,all,dossier,d:products,total,8.2,1006,42193,final
2026-05-19,pranarom,all,dossier,d:products,total,8.6,941,43071,final
2026-05-20,pranarom,all,dossier,d:products,total,8.0,967,43425,final
2026-05-21,pranarom,all,dossier,d:products,total,8.0,928,40849,final
2026-05-22,pranarom,all,dossier,d:products,total,7.7,880,35305,final
2026-05-23,pranarom,all,dossier,d:products,total,8.3,805,35840,final
2026-05-24,pranarom,all,dossier,d:products,total,8.5,600,33177,final
2026-05-25,pranarom,all,dossier,d:products,total,8.4,724,36188,final
2026-05-26,pranarom,all,dossier,d:products,total,8.4,920,40183,final
2026-05-27,pranarom,all,dossier,d:products,total,8.3,920,40244,final
2026-05-28,pranarom,all,dossier,d:products,total,8.5,820,40737,final
2026-05-29,pranarom,all,dossier,d:products,total,8.2,859,37451,final
2026-05-30,pranarom,all,dossier,d:products,total,8.4,708,34369,final
2026-05-31,pranarom,all,dossier,d:products,total,8.4,675,32228,final
2026-06-01,pranarom,all,dossier,d:products,total,8.6,961,40086,final
2026-06-02,pranarom,all,dossier,d:products,total,8.5,923,37502,final
2026-06-03,pranarom,all,dossier,d:products,total,8.4,1006,38748,final
2026-06-04,pranarom,all,dossier,d:products,total,8.4,926,37730,final
2026-06-05,pranarom,all,dossier,d:products,total,8.3,882,35221,final
2026-06-06,pranarom,all,dossier,d:products,total,8.6,796,31832,final
2026-06-07,pranarom,all,dossier,d:products,total,9.0,606,36827,final
2026-06-08,pranarom,all,dossier,d:products,total,8.4,1032,40490,final
2026-06-09,pranarom,all,dossier,d:products,total,8.2,945,38724,final
2026-06-10,pranarom,all,dossier,d:products,total,8.6,1004,37478,final
2026-06-11,pranarom,all,dossier,d:products,total,7.9,925,35655,final
2026-06-12,pranarom,all,dossier,d:products,total,8.7,820,34748,final
2026-06-13,pranarom,all,dossier,d:products,total,8.2,723,33189,final
2026-06-14,pranarom,all,dossier,d:products,total,8.5,641,33411,final
2026-06-15,pranarom,all,dossier,d:products,total,8.3,949,39224,final
2026-06-16,pranarom,all,dossier,d:products,total,8.6,920,36885,final
2026-06-17,pranarom,all,dossier,d:products,total,8.4,831,37105,final
2026-06-18,pranarom,all,dossier,d:products,total,8.5,877,36431,final
2026-06-19,pranarom,all,dossier,d:products,total,7.9,881,33701,final
2026-06-20,pranarom,all,dossier,d:products,total,8.0,773,33420,final
2026-06-21,pranarom,all,dossier,d:products,total,8.3,585,31454,final
2026-06-22,pranarom,all,dossier,d:products,total,8.3,926,37394,final
2026-06-23,pranarom,all,dossier,d:products,total,8.3,874,36335,final
2026-06-24,pranarom,all,dossier,d:products,total,8.8,897,42419,final
2026-06-25,pranarom,all,dossier,d:products,total,8.6,765,36612,final
2026-06-26,pranarom,all,dossier,d:products,total,8.1,775,34633,final
2026-06-27,pranarom,all,dossier,d:products,total,8.3,708,35314,final
2026-06-28,pranarom,all,dossier,d:products,total,8.3,551,34623,final
2026-06-29,pranarom,all,dossier,d:products,total,8.1,797,38380,final
2026-06-30,pranarom,all,dossier,d:products,total,8.4,848,38211,final
2026-07-01,pranarom,all,dossier,d:products,total,8.7,810,39691,final
2026-07-02,pranarom,all,dossier,d:products,total,8.2,850,38836,final
2026-07-03,pranarom,all,dossier,d:products,total,8.4,769,35814,final
2026-07-04,pranarom,all,dossier,d:products,total,8.5,735,33427,final
2026-07-05,pranarom,all,dossier,d:products,total,8.3,588,32103,final
2026-07-06,pranarom,all,dossier,d:products,total,9.0,916,39927,final
2026-07-07,pranarom,all,dossier,d:products,total,8.8,845,37171,final
2026-07-08,pranarom,all,dossier,d:products,total,8.5,870,38200,final
2026-07-09,pranarom,all,dossier,d:products,total,8.6,818,39160,final
2026-07-10,pranarom,all,dossier,d:products,total,8.3,822,37554,final
2026-07-11,pranarom,all,dossier,d:products,total,8.2,797,35759,final
2026-07-12,pranarom,all,dossier,d:products,total,8.6,585,32181,final
2026-07-13,pranarom,all,dossier,d:products,total,8.4,852,36214,final
2026-07-14,pranarom,all,dossier,d:products,total,8.9,622,33226,final
2026-07-15,pranarom,all,dossier,d:products,total,8.2,877,36248,final
2026-07-16,pranarom,all,dossier,d:products,total,8.6,817,35001,final
2026-07-17,pranarom,all,dossier,d:products,total,8.2,827,33040,final
2026-07-18,pranarom,all,dossier,d:products,total,8.3,829,32777,final
2026-07-19,pranarom,all,dossier,d:products,total,8.5,629,28580,final
2026-07-20,pranarom,all,dossier,d:products,total,8.2,833,32325,final
2026-07-21,pranarom,all,dossier,d:products,total,8.6,879,32915,final
2026-07-22,pranarom,all,dossier,d:products,total,8.3,933,32560,final
2026-07-23,pranarom,all,dossier,d:products,total,8.0,780,31321,final
2026-07-24,pranarom,all,dossier,d:products,total,9.4,698,30652,final
2026-07-25,pranarom,all,dossier,d:products,total,9.1,659,28549,final
2026-07-26,pranarom,all,dossier,d:products,total,9.0,495,25299,final
2026-07-27,pranarom,all,dossier,d:products,total,9.2,738,29901,final
2026-07-28,pranarom,all,dossier,d:products,total,11.4,789,33640,final
2026-07-29,pranarom,all,dossier,d:products,total,10.2,776,32238,final
2026-07-30,pranarom,all,dossier,d:products,total,9.6,749,31326,final
2026-07-31,pranarom,all,dossier,d:products,total,9.9,751,31167,final
2026-08-01,pranarom,all,dossier,d:products,total,9.5,702,30200,final
2026-08-02,pranarom,all,dossier,d:products,total,9.9,582,28267,final
2026-08-03,pranarom,all,dossier,d:products,total,9.1,841,32042,final
2026-08-04,pranarom,all,dossier,d:products,total,10.1,814,33728,final
2026-08-05,pranarom,all,dossier,d:products,total,9.9,848,32626,final
2026-08-06,pranarom,all,dossier,d:products,total,11.7,754,35158,final
2026-08-07,pranarom,all,dossier,d:products,total,10.9,752,30645,final
2026-08-08,pranarom,all,dossier,d:products,total,9.4,717,28050,final
2026-08-09,pranarom,all,dossier,d:products,total,9.7,537,25490,final
2026-08-10,pranarom,all,dossier,d:products,total,9.0,838,30422,final
2026-08-11,pranarom,all,dossier,d:products,total,9.6,772,30308,final
2026-08-12,pranarom,all,dossier,d:products,total,9.7,729,30020,final
2026-08-13,pranarom,all,dossier,d:products,total,9.6,766,29788,final
2026-08-14,pranarom,all,dossier,d:products,total,9.0,737,27888,final
2026-08-15,pranarom,all,dossier,d:products,total,9.3,539,25129,final
2026-08-16,pranarom,all,dossier,d:products,total,9.5,538,26823,final
2026-08-17,pranarom,all,dossier,d:products,total,9.7,739,32683,final
2026-08-18,pranarom,all,dossier,d:products,total,9.7,824,31794,final
2026-08-19,pranarom,all,dossier,d:products,total,9.5,810,32866,final
2026-08-20,pranarom,all,dossier,d:products,total,9.8,825,32624,final
2026-08-21,pranarom,all,dossier,d:products,total,9.1,737,29466,final
2026-08-22,pranarom,all,dossier,d:products,total,8.5,665,27935,final
2026-08-23,pranarom,all,dossier,d:products,total,8.9,590,26590,final
2026-08-24,pranarom,all,dossier,d:products,total,9.3,798,31528,final
2026-08-25,pranarom,all,dossier,d:products,total,9.3,836,30921,final
2026-08-26,pranarom,all,dossier,d:products,total,9.4,798,32387,final
2026-08-27,pranarom,all,dossier,d:products,total,9.6,784,31277,final
2026-08-28,pranarom,all,dossier,d:products,total,10.3,769,31303,final
2026-08-29,pranarom,all,dossier,d:products,total,9.5,692,31960,final
2026-08-30,pranarom,all,dossier,d:products,total,10.0,555,26458,final
2026-08-31,pranarom,all,dossier,d:products,total,9.9,855,31959,final
2026-09-01,pranarom,all,dossier,d:products,total,9.2,843,31415,final
2026-09-02,pranarom,all,dossier,d:products,total,9.2,967,32448,final
2026-09-03,pranarom,all,dossier,d:products,total,11.2,862,38211,final
2026-09-04,pranarom,all,dossier,d:products,total,10.1,873,34023,final
2026-09-05,pranarom,all,dossier,d:products,total,9.6,766,32485,final
2026-09-06,pranarom,all,dossier,d:products,total,9.9,657,30197,final
2026-09-07,pranarom,all,dossier,d:products,total,9.3,912,35674,final
2026-09-08,pranarom,all,dossier,d:products,total,9.1,903,34433,final
2026-09-09,pranarom,all,dossier,d:products,total,8.8,919,34316,final
2026-09-10,pranarom,all,dossier,d:products,total,8.5,961,33219,final
2026-09-11,pranarom,all,dossier,d:products,total,8.2,890,32989,final
2026-09-12,pranarom,all,dossier,d:products,total,8.6,803,33717,final
2026-09-13,pranarom,all,dossier,d:products,total,8.5,718,32238,final
2026-09-14,pranarom,all,dossier,d:products,total,7.7,1054,36920,final
2026-09-15,pranarom,all,dossier,d:products,total,7.8,957,35300,final
2026-09-16,pranarom,all,dossier,d:products,total,9.4,990,37020,final
2026-09-17,pranarom,all,dossier,d:products,total,10.7,1062,37402,final
2026-09-18,pranarom,all,dossier,d:products,total,9.9,1029,38177,final
2026-09-19,pranarom,all,dossier,d:products,total,10.2,816,29989,final
2026-09-20,pranarom,all,dossier,d:products,total,10.6,739,28917,final
2026-09-21,pranarom,all,dossier,d:products,total,10.2,1050,34962,final
2026-09-22,pranarom,all,dossier,d:products,total,10.4,1096,35422,final
2026-09-23,pranarom,all,dossier,d:products,total,10.5,1059,32838,final
2026-09-24,pranarom,all,dossier,d:products,total,10.6,966,31164,final
2026-09-25,pranarom,all,dossier,d:products,total,9.3,870,28979,final
2026-09-26,pranarom,all,dossier,d:products,total,9.4,839,28652,final
2026-09-27,pranarom,all,dossier,d:products,total,9.4,726,25511,final
2026-09-28,pranarom,all,dossier,d:products,total,8.7,1068,31783,final
2026-09-29,pranarom,all,dossier,d:products,total,9.6,995,30585,final
2026-09-30,pranarom,all,dossier,d:products,total,7.5,1057,22187,final
2026-10-01,pranarom,all,dossier,d:products,total,7.8,966,19610,fresh
2026-10-02,pranarom,all,dossier,d:products,total,6.7,876,16592,fresh
2025-06-10,pranarom,all,dossier,racine,total,5.6,190,3184,final
2025-06-11,pranarom,all,dossier,racine,total,5.9,152,2941,final
2025-06-12,pranarom,all,dossier,racine,total,5.1,184,2898,final
2025-06-13,pranarom,all,dossier,racine,total,5.7,141,2689,final
2025-06-14,pranarom,all,dossier,racine,total,7.1,126,2527,final
2025-06-15,pranarom,all,dossier,racine,total,7.2,104,2005,final
2025-06-16,pranarom,all,dossier,racine,total,5.8,150,2833,final
2025-06-17,pranarom,all,dossier,racine,total,5.4,152,2915,final
2025-06-18,pranarom,all,dossier,racine,total,5.8,122,2677,final
2025-06-19,pranarom,all,dossier,racine,total,6.2,139,2130,final
2025-06-20,pranarom,all,dossier,racine,total,6.3,153,2071,final
2025-06-21,pranarom,all,dossier,racine,total,5.6,114,2185,final
2025-06-22,pranarom,all,dossier,racine,total,5.6,108,2115,final
2025-06-23,pranarom,all,dossier,racine,total,4.7,159,3015,final
2025-06-24,pranarom,all,dossier,racine,total,5.8,167,2471,final
2025-06-25,pranarom,all,dossier,racine,total,6.2,150,2293,final
2025-06-26,pranarom,all,dossier,racine,total,6.3,147,2215,final
2025-06-27,pranarom,all,dossier,racine,total,7.0,135,2009,final
2025-06-28,pranarom,all,dossier,racine,total,6.9,104,1783,final
2025-06-29,pranarom,all,dossier,racine,total,6.7,118,1824,final
2025-06-30,pranarom,all,dossier,racine,total,6.5,188,2246,final
2025-07-01,pranarom,all,dossier,racine,total,6.0,168,2719,final
2025-07-02,pranarom,all,dossier,racine,total,7.2,181,2760,final
2025-07-03,pranarom,all,dossier,racine,total,5.1,119,2499,final
2025-07-04,pranarom,all,dossier,racine,total,6.6,116,2342,final
2025-07-05,pranarom,all,dossier,racine,total,7.1,93,1773,final
2025-07-06,pranarom,all,dossier,racine,total,7.2,107,1858,final
2025-07-07,pranarom,all,dossier,racine,total,5.9,134,2446,final
2025-07-08,pranarom,all,dossier,racine,total,6.0,141,2503,final
2025-07-09,pranarom,all,dossier,racine,total,7.2,156,2735,final
2025-07-10,pranarom,all,dossier,racine,total,7.3,108,2007,final
2025-07-11,pranarom,all,dossier,racine,total,10.4,101,2277,final
2025-07-12,pranarom,all,dossier,racine,total,8.3,95,2283,final
2025-07-13,pranarom,all,dossier,racine,total,7.1,108,1951,final
2025-07-14,pranarom,all,dossier,racine,total,6.4,119,2112,final
2025-07-15,pranarom,all,dossier,racine,total,6.3,176,2459,final
2025-07-16,pranarom,all,dossier,racine,total,5.5,150,2493,final
2025-07-17,pranarom,all,dossier,racine,total,5.7,139,2451,final
2025-07-18,pranarom,all,dossier,racine,total,6.1,122,2478,final
2025-07-19,pranarom,all,dossier,racine,total,6.5,110,2291,final
2025-07-20,pranarom,all,dossier,racine,total,7.0,103,2374,final
2025-07-21,pranarom,all,dossier,racine,total,6.7,155,3006,final
2025-07-22,pranarom,all,dossier,racine,total,7.2,180,3273,final
2025-07-23,pranarom,all,dossier,racine,total,7.2,155,3037,final
2025-07-24,pranarom,all,dossier,racine,total,8.0,158,3089,final
2025-07-25,pranarom,all,dossier,racine,total,9.0,122,2731,final
2025-07-26,pranarom,all,dossier,racine,total,8.3,111,2353,final
2025-07-27,pranarom,all,dossier,racine,total,8.2,118,2434,final
2025-07-28,pranarom,all,dossier,racine,total,7.2,159,2848,final
2025-07-29,pranarom,all,dossier,racine,total,7.8,182,3007,final
2025-07-30,pranarom,all,dossier,racine,total,7.1,146,2868,final
2025-07-31,pranarom,all,dossier,racine,total,8.3,136,2770,final
2025-08-01,pranarom,all,dossier,racine,total,9.5,120,2117,final
2025-08-02,pranarom,all,dossier,racine,total,8.6,120,1834,final
2025-08-03,pranarom,all,dossier,racine,total,9.7,112,1781,final
2025-08-04,pranarom,all,dossier,racine,total,9.1,130,2101,final
2025-08-05,pranarom,all,dossier,racine,total,9.5,146,2280,final
2025-08-06,pranarom,all,dossier,racine,total,7.5,174,2796,final
2025-08-07,pranarom,all,dossier,racine,total,7.4,161,2903,final
2025-08-08,pranarom,all,dossier,racine,total,7.5,146,2745,final
2025-08-09,pranarom,all,dossier,racine,total,7.9,121,2471,final
2025-08-10,pranarom,all,dossier,racine,total,9.2,80,2243,final
2025-08-11,pranarom,all,dossier,racine,total,13.9,161,3256,final
2025-08-12,pranarom,all,dossier,racine,total,9.3,197,3146,final
2025-08-13,pranarom,all,dossier,racine,total,8.0,185,2863,final
2025-08-14,pranarom,all,dossier,racine,total,8.4,137,2819,final
2025-08-15,pranarom,all,dossier,racine,total,7.8,125,2309,final
2025-08-16,pranarom,all,dossier,racine,total,9.3,145,2279,final
2025-08-17,pranarom,all,dossier,racine,total,8.4,111,1922,final
2025-08-18,pranarom,all,dossier,racine,total,7.8,142,2611,final
2025-08-19,pranarom,all,dossier,racine,total,8.1,191,2997,final
2025-08-20,pranarom,all,dossier,racine,total,8.0,152,2812,final
2025-08-21,pranarom,all,dossier,racine,total,8.4,168,3007,final
2025-08-22,pranarom,all,dossier,racine,total,8.4,156,2698,final
2025-08-23,pranarom,all,dossier,racine,total,10.2,109,2389,final
2025-08-24,pranarom,all,dossier,racine,total,12.1,103,2116,final
2025-08-25,pranarom,all,dossier,racine,total,8.9,157,2771,final
2025-08-26,pranarom,all,dossier,racine,total,9.6,161,3060,final
2025-08-27,pranarom,all,dossier,racine,total,26.5,218,4742,final
2025-08-28,pranarom,all,dossier,racine,total,25.6,189,3685,final
2025-08-29,pranarom,all,dossier,racine,total,10.2,150,2446,final
2025-08-30,pranarom,all,dossier,racine,total,12.4,133,2168,final
2025-08-31,pranarom,all,dossier,racine,total,23.2,116,2772,final
2025-09-01,pranarom,all,dossier,racine,total,30.7,180,3999,final
2025-09-02,pranarom,all,dossier,racine,total,27.5,219,4393,final
2025-09-03,pranarom,all,dossier,racine,total,17.0,189,3151,final
2025-09-04,pranarom,all,dossier,racine,total,35.1,175,4183,final
2025-09-05,pranarom,all,dossier,racine,total,10.1,154,2714,final
2025-09-06,pranarom,all,dossier,racine,total,10.4,102,2055,final
2025-09-07,pranarom,all,dossier,racine,total,10.5,94,2015,final
2025-09-08,pranarom,all,dossier,racine,total,8.3,188,3042,final
2025-09-09,pranarom,all,dossier,racine,total,10.3,178,2724,final
2025-09-10,pranarom,all,dossier,racine,total,11.3,153,3193,final
2025-09-11,pranarom,all,dossier,racine,total,7.6,170,2686,final
2025-09-12,pranarom,all,dossier,racine,total,4.7,166,2414,final
2025-09-13,pranarom,all,dossier,racine,total,4.2,155,2142,final
2025-09-14,pranarom,all,dossier,racine,total,5.4,128,1859,final
2025-09-15,pranarom,all,dossier,racine,total,4.6,207,2578,final
2025-09-16,pranarom,all,dossier,racine,total,12.4,204,2948,final
2025-09-17,pranarom,all,dossier,racine,total,10.4,190,2348,final
2025-09-18,pranarom,all,dossier,racine,total,4.9,161,2050,final
2025-09-19,pranarom,all,dossier,racine,total,9.2,173,2777,final
2025-09-20,pranarom,all,dossier,racine,total,15.0,146,2756,final
2025-09-21,pranarom,all,dossier,racine,total,18.1,156,2277,final
2025-09-22,pranarom,all,dossier,racine,total,11.3,216,3047,final
2025-09-23,pranarom,all,dossier,racine,total,17.9,152,3268,final
2025-09-24,pranarom,all,dossier,racine,total,4.1,173,2738,final
2025-09-25,pranarom,all,dossier,racine,total,4.0,190,2718,final
2025-09-26,pranarom,all,dossier,racine,total,4.9,191,2369,final
2025-09-27,pranarom,all,dossier,racine,total,4.2,139,2393,final
2025-09-28,pranarom,all,dossier,racine,total,4.6,111,2141,final
2025-09-29,pranarom,all,dossier,racine,total,18.3,202,3351,final
2025-09-30,pranarom,all,dossier,racine,total,18.1,227,3867,final
2025-10-01,pranarom,all,dossier,racine,total,18.8,178,3472,final
2025-10-02,pranarom,all,dossier,racine,total,14.0,181,3638,final
2025-10-03,pranarom,all,dossier,racine,total,15.1,183,3387,final
2025-10-04,pranarom,all,dossier,racine,total,19.1,170,3055,final
2025-10-05,pranarom,all,dossier,racine,total,21.0,164,3099,final
2025-10-06,pranarom,all,dossier,racine,total,17.3,224,3607,final
2025-10-07,pranarom,all,dossier,racine,total,15.4,214,3549,final
2025-10-08,pranarom,all,dossier,racine,total,12.0,273,5696,final
2025-10-09,pranarom,all,dossier,racine,total,4.5,252,3381,final
2025-10-10,pranarom,all,dossier,racine,total,16.6,235,4176,final
2025-10-11,pranarom,all,dossier,racine,total,10.3,175,2980,final
2025-10-12,pranarom,all,dossier,racine,total,18.0,131,2979,final
2025-10-13,pranarom,all,dossier,racine,total,11.1,226,3717,final
2025-10-14,pranarom,all,dossier,racine,total,17.7,208,4173,final
2025-10-15,pranarom,all,dossier,racine,total,33.5,169,5333,final
2025-10-16,pranarom,all,dossier,racine,total,16.5,209,3418,final
2025-10-17,pranarom,all,dossier,racine,total,5.1,179,2947,final
2025-10-18,pranarom,all,dossier,racine,total,4.4,132,2292,final
2025-10-19,pranarom,all,dossier,racine,total,4.5,140,2410,final
2025-10-20,pranarom,all,dossier,racine,total,4.0,204,3089,final
2025-10-21,pranarom,all,dossier,racine,total,4.0,192,3094,final
2025-10-22,pranarom,all,dossier,racine,total,4.3,196,2857,final
2025-10-23,pranarom,all,dossier,racine,total,4.4,196,2690,final
2025-10-24,pranarom,all,dossier,racine,total,4.6,164,2534,final
2025-10-25,pranarom,all,dossier,racine,total,4.2,128,2247,final
2025-10-26,pranarom,all,dossier,racine,total,4.4,111,2123,final
2025-10-27,pranarom,all,dossier,racine,total,11.1,183,3042,final
2025-10-28,pranarom,all,dossier,racine,total,16.0,209,3637,final
2025-10-29,pranarom,all,dossier,racine,total,6.8,172,2595,final
2025-10-30,pranarom,all,dossier,racine,total,6.2,153,2368,final
2025-10-31,pranarom,all,dossier,racine,total,15.8,141,2574,final
2025-11-01,pranarom,all,dossier,racine,total,13.0,151,2214,final
2025-11-02,pranarom,all,dossier,racine,total,12.4,142,2249,final
2025-11-03,pranarom,all,dossier,racine,total,13.4,200,2893,final
2025-11-04,pranarom,all,dossier,racine,total,9.3,154,2620,final
2025-11-05,pranarom,all,dossier,racine,total,14.0,162,3064,final
2025-11-06,pranarom,all,dossier,racine,total,8.0,181,2533,final
2025-11-07,pranarom,all,dossier,racine,total,13.9,187,2786,final
2025-11-08,pranarom,all,dossier,racine,total,13.9,113,2369,final
2025-11-09,pranarom,all,dossier,racine,total,21.3,102,2466,final
2025-11-10,pranarom,all,dossier,racine,total,7.1,135,2349,final
2025-11-11,pranarom,all,dossier,racine,total,25.5,141,3048,final
2025-11-12,pranarom,all,dossier,racine,total,13.6,159,2901,final
2025-11-13,pranarom,all,dossier,racine,total,5.6,177,2819,final
2025-11-14,pranarom,all,dossier,racine,total,5.5,148,2595,final
2025-11-15,pranarom,all,dossier,racine,total,5.7,109,2069,final
2025-11-16,pranarom,all,dossier,racine,total,5.7,96,1942,final
2025-11-17,pranarom,all,dossier,racine,total,5.6,158,2423,final
2025-11-18,pranarom,all,dossier,racine,total,5.5,156,2399,final
2025-11-19,pranarom,all,dossier,racine,total,5.1,158,2373,final
2025-11-20,pranarom,all,dossier,racine,total,5.2,152,2204,final
2025-11-21,pranarom,all,dossier,racine,total,5.3,132,2097,final
2025-11-22,pranarom,all,dossier,racine,total,5.6,115,1985,final
2025-11-23,pranarom,all,dossier,racine,total,5.9,135,2056,final
2025-11-24,pranarom,all,dossier,racine,total,13.4,178,2915,final
2025-11-25,pranarom,all,dossier,racine,total,16.7,162,3122,final
2025-11-26,pranarom,all,dossier,racine,total,18.2,170,3097,final
2025-11-27,pranarom,all,dossier,racine,total,15.1,141,3596,final
2025-11-28,pranarom,all,dossier,racine,total,13.6,142,3749,final
2025-11-29,pranarom,all,dossier,racine,total,17.2,208,3837,final
2025-11-30,pranarom,all,dossier,racine,total,13.4,140,3115,final
2025-12-01,pranarom,all,dossier,racine,total,6.3,190,3904,final
2025-12-02,pranarom,all,dossier,racine,total,6.4,182,3606,final
2025-12-03,pranarom,all,dossier,racine,total,14.6,181,4297,final
2025-12-04,pranarom,all,dossier,racine,total,18.3,197,4466,final
2025-12-05,pranarom,all,dossier,racine,total,18.6,177,4311,final
2025-12-06,pranarom,all,dossier,racine,total,16.2,140,3448,final
2025-12-07,pranarom,all,dossier,racine,total,18.8,165,3737,final
2025-12-08,pranarom,all,dossier,racine,total,14.9,224,4454,final
2025-12-09,pranarom,all,dossier,racine,total,25.2,170,5413,final
2025-12-10,pranarom,all,dossier,racine,total,34.9,212,7371,final
2025-12-11,pranarom,all,dossier,racine,total,19.9,210,4533,final
2025-12-12,pranarom,all,dossier,racine,total,10.0,204,3623,final
2025-12-13,pranarom,all,dossier,racine,total,8.6,161,3089,final
2025-12-14,pranarom,all,dossier,racine,total,7.6,128,3053,final
2025-12-15,pranarom,all,dossier,racine,total,27.9,198,5841,final
2025-12-16,pranarom,all,dossier,racine,total,21.1,248,4730,final
2025-12-17,pranarom,all,dossier,racine,total,4.9,208,3146,final
2025-12-18,pranarom,all,dossier,racine,total,19.5,171,3890,final
2025-12-19,pranarom,all,dossier,racine,total,23.4,177,4249,final
2025-12-20,pranarom,all,dossier,racine,total,19.0,144,4409,final
2025-12-21,pranarom,all,dossier,racine,total,23.4,119,3422,final
2025-12-22,pranarom,all,dossier,racine,total,17.7,181,4208,final
2025-12-23,pranarom,all,dossier,racine,total,20.6,181,4044,final
2025-12-24,pranarom,all,dossier,racine,total,26.5,101,3092,final
2025-12-25,pranarom,all,dossier,racine,total,15.4,106,2219,final
2025-12-26,pranarom,all,dossier,racine,total,5.3,169,2663,final
2025-12-27,pranarom,all,dossier,racine,total,4.9,140,2875,final
2025-12-28,pranarom,all,dossier,racine,total,5.3,127,2735,final
2025-12-29,pranarom,all,dossier,racine,total,4.9,154,3390,final
2025-12-30,pranarom,all,dossier,racine,total,4.3,208,3197,final
2025-12-31,pranarom,all,dossier,racine,total,5.4,129,2407,final
2026-01-01,pranarom,all,dossier,racine,total,5.6,106,2282,final
2026-01-02,pranarom,all,dossier,racine,total,4.7,174,3082,final
2026-01-03,pranarom,all,dossier,racine,total,5.1,158,3210,final
2026-01-04,pranarom,all,dossier,racine,total,5.4,145,2529,final
2026-01-05,pranarom,all,dossier,racine,total,14.8,206,4030,final
2026-01-06,pranarom,all,dossier,racine,total,14.1,222,3950,final
2026-01-07,pranarom,all,dossier,racine,total,17.2,180,4122,final
2026-01-08,pranarom,all,dossier,racine,total,16.4,289,4353,final
2026-01-09,pranarom,all,dossier,racine,total,28.6,212,5119,final
2026-01-10,pranarom,all,dossier,racine,total,7.6,156,3097,final
2026-01-11,pranarom,all,dossier,racine,total,5.4,142,2657,final
2026-01-12,pranarom,all,dossier,racine,total,4.9,220,2939,final
2026-01-13,pranarom,all,dossier,racine,total,6.2,190,3314,final
2026-01-14,pranarom,all,dossier,racine,total,5.4,159,3142,final
2026-01-15,pranarom,all,dossier,racine,total,5.0,178,3057,final
2026-01-16,pranarom,all,dossier,racine,total,6.1,155,2864,final
2026-01-17,pranarom,all,dossier,racine,total,5.9,172,2634,final
2026-01-18,pranarom,all,dossier,racine,total,6.8,111,2049,final
2026-01-19,pranarom,all,dossier,racine,total,5.5,195,3271,final
2026-01-20,pranarom,all,dossier,racine,total,5.9,191,3098,final
2026-01-21,pranarom,all,dossier,racine,total,6.0,172,2903,final
2026-01-22,pranarom,all,dossier,racine,total,5.7,174,3033,final
2026-01-23,pranarom,all,dossier,racine,total,5.5,147,2671,final
2026-01-24,pranarom,all,dossier,racine,total,5.7,101,2609,final
2026-01-25,pranarom,all,dossier,racine,total,5.9,113,2621,final
2026-01-26,pranarom,all,dossier,racine,total,6.0,180,2900,final
2026-01-27,pranarom,all,dossier,racine,total,9.9,194,3677,final
2026-01-28,pranarom,all,dossier,racine,total,7.1,149,2747,final
2026-01-29,pranarom,all,dossier,racine,total,7.9,146,2451,final
2026-01-30,pranarom,all,dossier,racine,total,6.6,180,2787,final
2026-01-31,pranarom,all,dossier,racine,total,7.2,120,2476,final
2026-02-01,pranarom,all,dossier,racine,total,8.6,111,2751,final
2026-02-02,pranarom,all,dossier,racine,total,7.6,169,3207,final
2026-02-03,pranarom,all,dossier,racine,total,5.2,164,2875,final
2026-02-04,pranarom,all,dossier,racine,total,6.5,198,3175,final
2026-02-05,pranarom,all,dossier,racine,total,7.2,206,3296,final
2026-02-06,pranarom,all,dossier,racine,total,7.4,176,2874,final
2026-02-07,pranarom,all,dossier,racine,total,7.5,134,2326,final
2026-02-08,pranarom,all,dossier,racine,total,7.7,136,2468,final
2026-02-09,pranarom,all,dossier,racine,total,7.9,202,2956,final
2026-02-10,pranarom,all,dossier,racine,total,19.9,231,4440,final
2026-02-11,pranarom,all,dossier,racine,total,15.4,194,4088,final
2026-02-12,pranarom,all,dossier,racine,total,11.9,161,3471,final
2026-02-13,pranarom,all,dossier,racine,total,7.0,185,2846,final
2026-02-14,pranarom,all,dossier,racine,total,14.8,132,2983,final
2026-02-15,pranarom,all,dossier,racine,total,27.0,117,3882,final
2026-02-16,pranarom,all,dossier,racine,total,23.9,205,4101,final
2026-02-17,pranarom,all,dossier,racine,total,25.4,188,4370,final
2026-02-18,pranarom,all,dossier,racine,total,27.6,169,4277,final
2026-02-19,pranarom,all,dossier,racine,total,19.7,153,3106,final
2026-02-20,pranarom,all,dossier,racine,total,6.7,181,2793,final
2026-02-21,pranarom,all,dossier,racine,total,8.6,134,2767,final
2026-02-22,pranarom,all,dossier,racine,total,9.3,97,2189,final
2026-02-23,pranarom,all,dossier,racine,total,5.6,190,2909,final
2026-02-24,pranarom,all,dossier,racine,total,6.7,182,2459,final
2026-02-25,pranarom,all,dossier,racine,total,6.5,206,2405,final
2026-02-26,pranarom,all,dossier,racine,total,5.7,208,1904,final
2026-02-27,pranarom,all,dossier,racine,total,4.3,183,2005,final
2026-02-28,pranarom,all,dossier,racine,total,6.0,174,1647,final
2026-03-01,pranarom,all,dossier,racine,total,5.9,103,1404,final
2026-03-02,pranarom,all,dossier,racine,total,5.1,204,1531,final
2026-03-03,pranarom,all,dossier,racine,total,3.7,218,1935,final
2026-03-04,pranarom,all,dossier,racine,total,3.8,172,2162,final
2026-03-05,pranarom,all,dossier,racine,total,16.4,216,2430,final
2026-03-06,pranarom,all,dossier,racine,total,17.5,147,2197,final
2026-03-07,pranarom,all,dossier,racine,total,18.3,109,2037,final
2026-03-08,pranarom,all,dossier,racine,total,4.4,86,1461,final
2026-03-09,pranarom,all,dossier,racine,total,3.5,149,1942,final
2026-03-10,pranarom,all,dossier,racine,total,4.2,177,1829,final
2026-03-11,pranarom,all,dossier,racine,total,3.4,164,1751,final
2026-03-12,pranarom,all,dossier,racine,total,5.1,166,2249,final
2026-03-13,pranarom,all,dossier,racine,total,4.0,132,1772,final
2026-03-14,pranarom,all,dossier,racine,total,3.9,99,1862,final
2026-03-15,pranarom,all,dossier,racine,total,4.3,73,1201,final
2026-03-16,pranarom,all,dossier,racine,total,3.7,149,1502,final
2026-03-17,pranarom,all,dossier,racine,total,3.6,161,1804,final
2026-03-18,pranarom,all,dossier,racine,total,5.2,160,1954,final
2026-03-19,pranarom,all,dossier,racine,total,4.6,161,2060,final
2026-03-20,pranarom,all,dossier,racine,total,3.7,141,1791,final
2026-03-21,pranarom,all,dossier,racine,total,4.2,99,1522,final
2026-03-22,pranarom,all,dossier,racine,total,3.8,83,1296,final
2026-03-23,pranarom,all,dossier,racine,total,4.6,148,2099,final
2026-03-24,pranarom,all,dossier,racine,total,3.9,127,1904,final
2026-03-25,pranarom,all,dossier,racine,total,3.2,170,2049,final
2026-03-26,pranarom,all,dossier,racine,total,3.0,165,2012,final
2026-03-27,pranarom,all,dossier,racine,total,3.0,123,2045,final
2026-03-28,pranarom,all,dossier,racine,total,3.4,106,1965,final
2026-03-29,pranarom,all,dossier,racine,total,3.4,104,1634,final
2026-03-30,pranarom,all,dossier,racine,total,3.1,165,2148,final
2026-03-31,pranarom,all,dossier,racine,total,4.1,194,2210,final
2026-04-01,pranarom,all,dossier,racine,total,3.6,305,2027,final
2026-04-02,pranarom,all,dossier,racine,total,3.3,302,2054,final
2026-04-03,pranarom,all,dossier,racine,total,17.9,301,2779,final
2026-04-04,pranarom,all,dossier,racine,total,13.1,201,2008,final
2026-04-05,pranarom,all,dossier,racine,total,16.0,177,1820,final
2026-04-06,pranarom,all,dossier,racine,total,21.7,220,2498,final
2026-04-07,pranarom,all,dossier,racine,total,13.1,279,2295,final
2026-04-08,pranarom,all,dossier,racine,total,14.7,243,1904,final
2026-04-09,pranarom,all,dossier,racine,total,3.4,260,1741,final
2026-04-10,pranarom,all,dossier,racine,total,3.9,276,2029,final
2026-04-11,pranarom,all,dossier,racine,total,4.9,218,1828,final
2026-04-12,pranarom,all,dossier,racine,total,4.1,248,1862,final
2026-04-13,pranarom,all,dossier,racine,total,4.2,280,2182,final
2026-04-14,pranarom,all,dossier,racine,total,4.3,303,2428,final
2026-04-15,pranarom,all,dossier,racine,total,5.1,248,2154,final
2026-04-16,pranarom,all,dossier,racine,total,4.9,223,2246,final
2026-04-17,pranarom,all,dossier,racine,total,5.2,144,1673,final
2026-04-18,pranarom,all,dossier,racine,total,4.3,105,1469,final
2026-04-19,pranarom,all,dossier,racine,total,4.8,84,1062,final
2026-04-20,pranarom,all,dossier,racine,total,3.2,151,1837,final
2026-04-21,pranarom,all,dossier,racine,total,4.0,161,1707,final
2026-04-22,pranarom,all,dossier,racine,total,3.9,210,1928,final
2026-04-23,pranarom,all,dossier,racine,total,5.8,148,1643,final
2026-04-24,pranarom,all,dossier,racine,total,4.7,125,1619,final
2026-04-25,pranarom,all,dossier,racine,total,4.3,119,1490,final
2026-04-26,pranarom,all,dossier,racine,total,4.0,75,1254,final
2026-04-27,pranarom,all,dossier,racine,total,3.5,136,1618,final
2026-04-28,pranarom,all,dossier,racine,total,4.0,148,1681,final
2026-04-29,pranarom,all,dossier,racine,total,3.6,197,1655,final
2026-04-30,pranarom,all,dossier,racine,total,4.0,132,1738,final
2026-05-01,pranarom,all,dossier,racine,total,4.2,111,1236,final
2026-05-02,pranarom,all,dossier,racine,total,3.5,119,1493,final
2026-05-03,pranarom,all,dossier,racine,total,3.8,157,1417,final
2026-05-04,pranarom,all,dossier,racine,total,3.8,196,1707,final
2026-05-05,pranarom,all,dossier,racine,total,3.6,185,1965,final
2026-05-06,pranarom,all,dossier,racine,total,3.6,221,1908,final
2026-05-07,pranarom,all,dossier,racine,total,4.6,137,1951,final
2026-05-08,pranarom,all,dossier,racine,total,4.5,128,1298,final
2026-05-09,pranarom,all,dossier,racine,total,4.9,160,1649,final
2026-05-10,pranarom,all,dossier,racine,total,4.9,152,1256,final
2026-05-11,pranarom,all,dossier,racine,total,3.7,162,1930,final
2026-05-12,pranarom,all,dossier,racine,total,3.8,143,1826,final
2026-05-13,pranarom,all,dossier,racine,total,4.3,131,1702,final
2026-05-14,pranarom,all,dossier,racine,total,4.2,114,1501,final
2026-05-15,pranarom,all,dossier,racine,total,2.8,124,1753,final
2026-05-16,pranarom,all,dossier,racine,total,3.2,107,1554,final
2026-05-17,pranarom,all,dossier,racine,total,2.9,97,1545,final
2026-05-18,pranarom,all,dossier,racine,total,3.2,143,1993,final
2026-05-19,pranarom,all,dossier,racine,total,3.3,161,1890,final
2026-05-20,pranarom,all,dossier,racine,total,3.9,134,1674,final
2026-05-21,pranarom,all,dossier,racine,total,3.4,131,1649,final
2026-05-22,pranarom,all,dossier,racine,total,2.8,133,1508,final
2026-05-23,pranarom,all,dossier,racine,total,3.7,91,1347,final
2026-05-24,pranarom,all,dossier,racine,total,3.7,76,981,final
2026-05-25,pranarom,all,dossier,racine,total,3.6,123,1240,final
2026-05-26,pranarom,all,dossier,racine,total,3.0,170,1787,final
2026-05-27,pranarom,all,dossier,racine,total,3.8,162,1863,final
2026-05-28,pranarom,all,dossier,racine,total,2.9,158,1804,final
2026-05-29,pranarom,all,dossier,racine,total,3.5,136,1528,final
2026-05-30,pranarom,all,dossier,racine,total,3.1,111,1345,final
2026-05-31,pranarom,all,dossier,racine,total,3.1,94,1445,final
2026-06-01,pranarom,all,dossier,racine,total,3.5,151,1779,final
2026-06-02,pranarom,all,dossier,racine,total,3.2,157,1863,final
2026-06-03,pranarom,all,dossier,racine,total,3.1,145,1768,final
2026-06-04,pranarom,all,dossier,racine,total,3.7,148,1691,final
2026-06-05,pranarom,all,dossier,racine,total,3.0,129,1715,final
2026-06-06,pranarom,all,dossier,racine,total,3.1,135,1583,final
2026-06-07,pranarom,all,dossier,racine,total,3.8,82,1391,final
2026-06-08,pranarom,all,dossier,racine,total,3.7,174,1750,final
2026-06-09,pranarom,all,dossier,racine,total,3.1,182,1827,final
2026-06-10,pranarom,all,dossier,racine,total,3.4,143,1543,final
2026-06-11,pranarom,all,dossier,racine,total,3.2,156,1714,final
2026-06-12,pranarom,all,dossier,racine,total,3.3,139,1507,final
2026-06-13,pranarom,all,dossier,racine,total,3.6,88,1340,final
2026-06-14,pranarom,all,dossier,racine,total,3.8,78,1117,final
2026-06-15,pranarom,all,dossier,racine,total,4.4,159,1461,final
2026-06-16,pranarom,all,dossier,racine,total,3.9,151,1596,final
2026-06-17,pranarom,all,dossier,racine,total,4.2,145,1590,final
2026-06-18,pranarom,all,dossier,racine,total,4.0,133,1593,final
2026-06-19,pranarom,all,dossier,racine,total,3.9,130,1192,final
2026-06-20,pranarom,all,dossier,racine,total,4.5,94,1179,final
2026-06-21,pranarom,all,dossier,racine,total,4.2,74,1031,final
2026-06-22,pranarom,all,dossier,racine,total,6.0,158,1433,final
2026-06-23,pranarom,all,dossier,racine,total,3.5,168,1816,final
2026-06-24,pranarom,all,dossier,racine,total,5.9,158,2431,final
2026-06-25,pranarom,all,dossier,racine,total,4.1,143,1468,final
2026-06-26,pranarom,all,dossier,racine,total,2.9,121,1521,final
2026-06-27,pranarom,all,dossier,racine,total,3.0,100,1705,final
2026-06-28,pranarom,all,dossier,racine,total,3.1,107,1409,final
2026-06-29,pranarom,all,dossier,racine,total,3.5,144,1594,final
2026-06-30,pranarom,all,dossier,racine,total,3.6,131,1378,final
2026-07-01,pranarom,all,dossier,racine,total,3.6,105,1614,final
2026-07-02,pranarom,all,dossier,racine,total,4.9,84,1435,final
2026-07-03,pranarom,all,dossier,racine,total,3.5,97,1326,final
2026-07-04,pranarom,all,dossier,racine,total,3.4,91,1385,final
2026-07-05,pranarom,all,dossier,racine,total,3.9,113,1158,final
2026-07-06,pranarom,all,dossier,racine,total,3.4,129,1656,final
2026-07-07,pranarom,all,dossier,racine,total,3.5,124,1564,final
2026-07-08,pranarom,all,dossier,racine,total,4.0,113,1446,final
2026-07-09,pranarom,all,dossier,racine,total,3.9,100,1338,final
2026-07-10,pranarom,all,dossier,racine,total,4.3,114,1221,final
2026-07-11,pranarom,all,dossier,racine,total,3.6,91,1565,final
2026-07-12,pranarom,all,dossier,racine,total,4.2,70,1272,final
2026-07-13,pranarom,all,dossier,racine,total,4.1,123,1408,final
2026-07-14,pranarom,all,dossier,racine,total,3.8,129,1618,final
2026-07-15,pranarom,all,dossier,racine,total,4.1,143,1504,final
2026-07-16,pranarom,all,dossier,racine,total,4.0,140,1341,final
2026-07-17,pranarom,all,dossier,racine,total,4.3,109,1221,final
2026-07-18,pranarom,all,dossier,racine,total,4.9,103,1159,final
2026-07-19,pranarom,all,dossier,racine,total,3.9,96,1275,final
2026-07-20,pranarom,all,dossier,racine,total,3.6,147,1688,final
2026-07-21,pranarom,all,dossier,racine,total,4.0,128,1597,final
2026-07-22,pranarom,all,dossier,racine,total,5.3,152,1793,final
2026-07-23,pranarom,all,dossier,racine,total,3.6,139,1478,final
2026-07-24,pranarom,all,dossier,racine,total,11.3,106,1731,final
2026-07-25,pranarom,all,dossier,racine,total,7.7,81,1175,final
2026-07-26,pranarom,all,dossier,racine,total,4.4,95,1328,final
2026-07-27,pranarom,all,dossier,racine,total,4.5,126,1739,final
2026-07-28,pranarom,all,dossier,racine,total,7.8,125,1539,final
2026-07-29,pranarom,all,dossier,racine,total,5.8,126,1790,final
2026-07-30,pranarom,all,dossier,racine,total,4.5,128,1546,final
2026-07-31,pranarom,all,dossier,racine,total,5.0,97,1543,final
2026-08-01,pranarom,all,dossier,racine,total,5.0,74,1155,final
2026-08-02,pranarom,all,dossier,racine,total,3.9,116,1468,final
2026-08-03,pranarom,all,dossier,racine,total,3.9,155,1591,final
2026-08-04,pranarom,all,dossier,racine,total,5.3,119,1359,final
2026-08-05,pranarom,all,dossier,racine,total,10.6,134,1461,final
2026-08-06,pranarom,all,dossier,racine,total,10.6,100,1501,final
2026-08-07,pranarom,all,dossier,racine,total,8.3,97,1343,final
2026-08-08,pranarom,all,dossier,racine,total,4.7,71,1238,final
2026-08-09,pranarom,all,dossier,racine,total,6.1,84,1342,final
2026-08-10,pranarom,all,dossier,racine,total,6.0,114,1669,final
2026-08-11,pranarom,all,dossier,racine,total,4.9,118,1684,final
2026-08-12,pranarom,all,dossier,racine,total,4.6,105,1342,final
2026-08-13,pranarom,all,dossier,racine,total,5.1,92,1429,final
2026-08-14,pranarom,all,dossier,racine,total,4.3,77,1138,final
2026-08-15,pranarom,all,dossier,racine,total,5.1,82,1011,final
2026-08-16,pranarom,all,dossier,racine,total,5.1,81,1133,final
2026-08-17,pranarom,all,dossier,racine,total,5.4,106,1444,final
2026-08-18,pranarom,all,dossier,racine,total,4.9,116,1371,final
2026-08-19,pranarom,all,dossier,racine,total,5.1,114,1402,final
2026-08-20,pranarom,all,dossier,racine,total,5.6,103,1315,final
2026-08-21,pranarom,all,dossier,racine,total,5.2,96,1253,final
2026-08-22,pranarom,all,dossier,racine,total,5.1,82,1037,final
2026-08-23,pranarom,all,dossier,racine,total,4.9,74,965,final
2026-08-24,pranarom,all,dossier,racine,total,5.1,125,1338,final
2026-08-25,pranarom,all,dossier,racine,total,4.5,116,1308,final
2026-08-26,pranarom,all,dossier,racine,total,6.0,100,1256,final
2026-08-27,pranarom,all,dossier,racine,total,5.9,103,1314,final
2026-08-28,pranarom,all,dossier,racine,total,7.4,126,1376,final
2026-08-29,pranarom,all,dossier,racine,total,5.2,77,1132,final
2026-08-30,pranarom,all,dossier,racine,total,5.2,84,1144,final
2026-08-31,pranarom,all,dossier,racine,total,5.3,138,1526,final
2026-09-01,pranarom,all,dossier,racine,total,4.0,128,1391,final
2026-09-02,pranarom,all,dossier,racine,total,3.8,139,1727,final
2026-09-03,pranarom,all,dossier,racine,total,7.1,152,1950,final
2026-09-04,pranarom,all,dossier,racine,total,6.3,137,1662,final
2026-09-05,pranarom,all,dossier,racine,total,6.0,99,1535,final
2026-09-06,pranarom,all,dossier,racine,total,4.9,81,1377,final
2026-09-07,pranarom,all,dossier,racine,total,4.6,130,1693,final
2026-09-08,pranarom,all,dossier,racine,total,5.0,119,1702,final
2026-09-09,pranarom,all,dossier,racine,total,4.2,125,1686,final
2026-09-10,pranarom,all,dossier,racine,total,5.3,120,1664,final
2026-09-11,pranarom,all,dossier,racine,total,4.7,115,1487,final
2026-09-12,pranarom,all,dossier,racine,total,4.1,100,1418,final
2026-09-13,pranarom,all,dossier,racine,total,3.5,98,1461,final
2026-09-14,pranarom,all,dossier,racine,total,3.1,135,1721,final
2026-09-15,pranarom,all,dossier,racine,total,3.4,124,2160,final
2026-09-16,pranarom,all,dossier,racine,total,3.5,114,1722,final
2026-09-17,pranarom,all,dossier,racine,total,3.6,102,1867,final
2026-09-18,pranarom,all,dossier,racine,total,3.5,141,1862,final
2026-09-19,pranarom,all,dossier,racine,total,3.1,107,1573,final
2026-09-20,pranarom,all,dossier,racine,total,3.4,94,1551,final
2026-09-21,pranarom,all,dossier,racine,total,3.4,119,2048,final
2026-09-22,pranarom,all,dossier,racine,total,4.1,114,1935,final
2026-09-23,pranarom,all,dossier,racine,total,4.1,149,1935,final
2026-09-24,pranarom,all,dossier,racine,total,3.5,131,1808,final
2026-09-25,pranarom,all,dossier,racine,total,3.5,125,1734,final
2026-09-26,pranarom,all,dossier,racine,total,4.3,102,1396,final
2026-09-27,pranarom,all,dossier,racine,total,3.6,87,1309,final
2026-09-28,pranarom,all,dossier,racine,total,3.4,123,1839,final
2026-09-29,pranarom,all,dossier,racine,total,4.2,159,1954,final
2026-09-30,pranarom,all,dossier,racine,total,3.9,138,1733,final
2026-10-01,pranarom,all,dossier,racine,total,3.6,123,1620,fresh
2026-10-02,pranarom,all,dossier,racine,total,3.6,95,1385,fresh
2025-06-10,pranarom,fra,dossier,autres,total,0,0,0,final
2025-06-11,pranarom,fra,dossier,autres,total,2,0,2,final
2025-06-12,pranarom,fra,dossier,autres,total,2,0,1,final
2025-06-13,pranarom,fra,dossier,autres,total,0,0,0,final
2025-06-14,pranarom,fra,dossier,autres,total,2,2,3,final
2025-06-15,pranarom,fra,dossier,autres,total,2,0,1,final
2025-06-16,pranarom,fra,dossier,autres,total,2,0,2,final
2025-06-17,pranarom,fra,dossier,autres,total,2,0,1,final
2025-06-18,pranarom,fra,dossier,autres,total,0,0,0,final
2025-06-19,pranarom,fra,dossier,autres,total,2,0,1,final
2025-06-20,pranarom,fra,dossier,autres,total,0,0,0,final
2025-06-21,pranarom,fra,dossier,autres,total,0,0,0,final
2025-06-22,pranarom,fra,dossier,autres,total,0,0,0,final
2025-06-23,pranarom,fra,dossier,autres,total,3.8,0,4,final
2025-06-24,pranarom,fra,dossier,autres,total,6,0,2,final
2025-06-25,pranarom,fra,dossier,autres,total,4.5,0,4,final
2025-06-26,pranarom,fra,dossier,autres,total,5,1,2,final
2025-06-27,pranarom,fra,dossier,autres,total,2,0,1,final
2025-06-28,pranarom,fra,dossier,autres,total,0,0,0,final
2025-06-29,pranarom,fra,dossier,autres,total,0,0,0,final
2025-06-30,pranarom,fra,dossier,autres,total,3.7,0,3,final
2025-07-01,pranarom,fra,dossier,autres,total,4.2,3,8,final
2025-07-02,pranarom,fra,dossier,autres,total,4,1,4,final
2025-07-03,pranarom,fra,dossier,autres,total,0,0,0,final
2025-07-04,pranarom,fra,dossier,autres,total,37,0,3,final
2025-07-05,pranarom,fra,dossier,autres,total,6.3,1,6,final
2025-07-06,pranarom,fra,dossier,autres,total,3.5,0,8,final
2025-07-07,pranarom,fra,dossier,autres,total,0,0,0,final
2025-07-08,pranarom,fra,dossier,autres,total,0,0,0,final
2025-07-09,pranarom,fra,dossier,autres,total,9.2,0,5,final
2025-07-10,pranarom,fra,dossier,autres,total,5.5,0,2,final
2025-07-11,pranarom,fra,dossier,autres,total,6.9,0,9,final
2025-07-12,pranarom,fra,dossier,autres,total,0,0,0,final
2025-07-13,pranarom,fra,dossier,autres,total,7.5,0,2,final
2025-07-14,pranarom,fra,dossier,autres,total,0,0,0,final
2025-07-15,pranarom,fra,dossier,autres,total,4,0,2,final
2025-07-16,pranarom,fra,dossier,autres,total,4,1,7,final
2025-07-17,pranarom,fra,dossier,autres,total,3.5,0,2,final
2025-07-18,pranarom,fra,dossier,autres,total,6.3,0,3,final
2025-07-19,pranarom,fra,dossier,autres,total,9.1,0,43,final
2025-07-20,pranarom,fra,dossier,autres,total,9.0,0,31,final
2025-07-21,pranarom,fra,dossier,autres,total,9.0,0,57,final
2025-07-22,pranarom,fra,dossier,autres,total,7.8,0,49,final
2025-07-23,pranarom,fra,dossier,autres,total,7,0,6,final
2025-07-24,pranarom,fra,dossier,autres,total,0,0,0,final
2025-07-25,pranarom,fra,dossier,autres,total,12,0,1,final
2025-07-26,pranarom,fra,dossier,autres,total,11.1,0,7,final
2025-07-27,pranarom,fra,dossier,autres,total,0,0,0,final
2025-07-28,pranarom,fra,dossier,autres,total,5,0,2,final
2025-07-29,pranarom,fra,dossier,autres,total,18,0,3,final
2025-07-30,pranarom,fra,dossier,autres,total,4,0,2,final
2025-07-31,pranarom,fra,dossier,autres,total,0,0,0,final
2025-08-01,pranarom,fra,dossier,autres,total,0,0,0,final
2025-08-02,pranarom,fra,dossier,autres,total,98,0,1,final
2025-08-03,pranarom,fra,dossier,autres,total,5,1,4,final
2025-08-04,pranarom,fra,dossier,autres,total,100.5,0,2,final
2025-08-05,pranarom,fra,dossier,autres,total,94,0,1,final
2025-08-06,pranarom,fra,dossier,autres,total,95,0,1,final
2025-08-07,pranarom,fra,dossier,autres,total,7.5,0,2,final
2025-08-08,pranarom,fra,dossier,autres,total,0,0,0,final
2025-08-09,pranarom,fra,dossier,autres,total,0,0,0,final
2025-08-10,pranarom,fra,dossier,autres,total,0,0,0,final
2025-08-11,pranarom,fra,dossier,autres,total,5.7,0,9,final
2025-08-12,pranarom,fra,dossier,autres,total,10.3,1,7,final
2025-08-13,pranarom,fra,dossier,autres,total,22,0,2,final
2025-08-14,pranarom,fra,dossier,autres,total,30.7,0,3,final
2025-08-15,pranarom,fra,dossier,autres,total,0,0,0,final
2025-08-16,pranarom,fra,dossier,autres,total,5.5,0,2,final
2025-08-17,pranarom,fra,dossier,autres,total,0,0,0,final
2025-08-18,pranarom,fra,dossier,autres,total,0,0,0,final
2025-08-19,pranarom,fra,dossier,autres,total,4.5,1,4,final
2025-08-20,pranarom,fra,dossier,autres,total,5.4,0,5,final
2025-08-21,pranarom,fra,dossier,autres,total,12.7,0,3,final
2025-08-22,pranarom,fra,dossier,autres,total,0,0,0,final
2025-08-23,pranarom,fra,dossier,autres,total,0,0,0,final
2025-08-24,pranarom,fra,dossier,autres,total,7.7,0,3,final
2025-08-25,pranarom,fra,dossier,autres,total,2,1,3,final
2025-08-26,pranarom,fra,dossier,autres,total,45,0,1,final
2025-08-27,pranarom,fra,dossier,autres,total,6.5,1,11,final
2025-08-28,pranarom,fra,dossier,autres,total,2,0,1,final
2025-08-29,pranarom,fra,dossier,autres,total,28.2,1,4,final
2025-08-30,pranarom,fra,dossier,autres,total,14.7,1,3,final
2025-08-31,pranarom,fra,dossier,autres,total,0,0,0,final
2025-09-01,pranarom,fra,dossier,autres,total,0,0,0,final
2025-09-02,pranarom,fra,dossier,autres,total,4,0,3,final
2025-09-03,pranarom,fra,dossier,autres,total,0,0,0,final
2025-09-04,pranarom,fra,dossier,autres,total,3.7,1,3,final
2025-09-05,pranarom,fra,dossier,autres,total,0,0,0,final
2025-09-06,pranarom,fra,dossier,autres,total,3.5,0,2,final
2025-09-07,pranarom,fra,dossier,autres,total,96,0,2,final
2025-09-08,pranarom,fra,dossier,autres,total,53.5,0,6,final
2025-09-09,pranarom,fra,dossier,autres,total,2,0,1,final
2025-09-10,pranarom,fra,dossier,autres,total,14.8,0,5,final
2025-09-11,pranarom,fra,dossier,autres,total,5,0,3,final
2025-09-12,pranarom,fra,dossier,autres,total,89.8,0,4,final
2025-09-13,pranarom,fra,dossier,autres,total,0,0,0,final
2025-09-14,pranarom,fra,dossier,autres,total,0,0,0,final
2025-09-15,pranarom,fra,dossier,autres,total,2,0,1,final
2025-09-16,pranarom,fra,dossier,autres,total,6,0,7,final
2025-09-17,pranarom,fra,dossier,autres,total,4.2,1,5,final
2025-09-18,pranarom,fra,dossier,autres,total,2,1,1,final
2025-09-19,pranarom,fra,dossier,autres,total,5.5,0,2,final
2025-09-20,pranarom,fra,dossier,autres,total,3,0,2,final
2025-09-21,pranarom,fra,dossier,autres,total,2.5,0,6,final
2025-09-22,pranarom,fra,dossier,autres,total,4.5,1,2,final
2025-09-23,pranarom,fra,dossier,autres,total,3.5,2,6,final
2025-09-24,pranarom,fra,dossier,autres,total,2.5,1,4,final
2025-09-25,pranarom,fra,dossier,autres,total,4.8,1,4,final
2025-09-26,pranarom,fra,dossier,autres,total,4.8,0,4,final
2025-09-27,pranarom,fra,dossier,autres,total,0,0,0,final
2025-09-28,pranarom,fra,dossier,autres,total,4.2,0,4,final
2025-09-29,pranarom,fra,dossier,autres,total,0,0,0,final
2025-09-30,pranarom,fra,dossier,autres,total,2,0,1,final
2025-10-01,pranarom,fra,dossier,autres,total,3,0,2,final
2025-10-02,pranarom,fra,dossier,autres,total,6,2,4,final
2025-10-03,pranarom,fra,dossier,autres,total,0,0,0,final
2025-10-04,pranarom,fra,dossier,autres,total,0,0,0,final
2025-10-05,pranarom,fra,dossier,autres,total,72,0,1,final
2025-10-06,pranarom,fra,dossier,autres,total,76,0,6,final
2025-10-07,pranarom,fra,dossier,autres,total,59.7,0,11,final
2025-10-08,pranarom,fra,dossier,autres,total,40.2,1,12,final
2025-10-09,pranarom,fra,dossier,autres,total,62.2,0,9,final
2025-10-10,pranarom,fra,dossier,autres,total,47.4,1,10,final
2025-10-11,pranarom,fra,dossier,autres,total,100,0,1,final
2025-10-12,pranarom,fra,dossier,autres,total,21.8,0,5,final
2025-10-13,pranarom,fra,dossier,autres,total,0,0,0,final
2025-10-14,pranarom,fra,dossier,autres,total,2,0,1,final
2025-10-15,pranarom,fra,dossier,autres,total,0,0,0,final
2025-10-16,pranarom,fra,dossier,autres,total,2,0,2,final
2025-10-17,pranarom,fra,dossier,autres,total,34.3,0,3,final
2025-10-18,pranarom,fra,dossier,autres,total,2,1,1,final
2025-10-19,pranarom,fra,dossier,autres,total,8,0,1,final
2025-10-20,pranarom,fra,dossier,autres,total,4,0,2,final
2025-10-21,pranarom,fra,dossier,autres,total,2,1,2,final
2025-10-22,pranarom,fra,dossier,autres,total,6,0,3,final
2025-10-23,pranarom,fra,dossier,autres,total,2,1,3,final
2025-10-24,pranarom,fra,dossier,autres,total,0,0,0,final
2025-10-25,pranarom,fra,dossier,autres,total,3,0,2,final
2025-10-26,pranarom,fra,dossier,autres,total,0,0,0,final
2025-10-27,pranarom,fra,dossier,autres,total,3,0,4,final
2025-10-28,pranarom,fra,dossier,autres,total,4,0,2,final
2025-10-29,pranarom,fra,dossier,autres,total,5,0,3,final
2025-10-30,pranarom,fra,dossier,autres,total,3,2,4,final
2025-10-31,pranarom,fra,dossier,autres,total,4,0,2,final
2025-11-01,pranarom,fra,dossier,autres,total,4,0,7,final
2025-11-02,pranarom,fra,dossier,autres,total,0,0,0,final
2025-11-03,pranarom,fra,dossier,autres,total,0,0,0,final
2025-11-04,pranarom,fra,dossier,autres,total,0,0,0,final
2025-11-05,pranarom,fra,dossier,autres,total,0,0,0,final
2025-11-06,pranarom,fra,dossier,autres,total,4,0,3,final
2025-11-07,pranarom,fra,dossier,autres,total,2,1,3,final
2025-11-08,pranarom,fra,dossier,autres,total,0,0,0,final
2025-11-09,pranarom,fra,dossier,autres,total,2,0,2,final
2025-11-10,pranarom,fra,dossier,autres,total,0,0,0,final
2025-11-11,pranarom,fra,dossier,autres,total,0,0,0,final
2025-11-12,pranarom,fra,dossier,autres,total,2,0,2,final
2025-11-13,pranarom,fra,dossier,autres,total,2,0,1,final
2025-11-14,pranarom,fra,dossier,autres,total,0,0,0,final
2025-11-15,pranarom,fra,dossier,autres,total,2,0,3,final
2025-11-16,pranarom,fra,dossier,autres,total,2,0,3,final
2025-11-17,pranarom,fra,dossier,autres,total,2,0,2,final
2025-11-18,pranarom,fra,dossier,autres,total,2,1,2,final
2025-11-19,pranarom,fra,dossier,autres,total,7.5,1,2,final
2025-11-20,pranarom,fra,dossier,autres,total,0,0,0,final
2025-11-21,pranarom,fra,dossier,autres,total,2,0,2,final
2025-11-22,pranarom,fra,dossier,autres,total,2,0,1,final
2025-11-23,pranarom,fra,dossier,autres,total,2,0,1,final
2025-11-24,pranarom,fra,dossier,autres,total,2,1,1,final
2025-11-25,pranarom,fra,dossier,autres,total,6.8,2,4,final
2025-11-26,pranarom,fra,dossier,autres,total,2.4,0,5,final
2025-11-27,pranarom,fra,dossier,autres,total,2,0,2,final
2025-11-28,pranarom,fra,dossier,autres,total,2,0,1,final
2025-11-29,pranarom,fra,dossier,autres,total,0,0,0,final
2025-11-30,pranarom,fra,dossier,autres,total,2,0,3,final
2025-12-01,pranarom,fra,dossier,autres,total,2,0,2,final
2025-12-02,pranarom,fra,dossier,autres,total,2,0,1,final
2025-12-03,pranarom,fra,dossier,autres,total,2,0,2,final
2025-12-04,pranarom,fra,dossier,autres,total,5.5,0,2,final
2025-12-05,pranarom,fra,dossier,autres,total,0,0,0,final
2025-12-06,pranarom,fra,dossier,autres,total,2,1,1,final
2025-12-07,pranarom,fra,dossier,autres,total,2,1,1,final
2025-12-08,pranarom,fra,dossier,autres,total,62.5,0,2,final
2025-12-09,pranarom,fra,dossier,autres,total,2,0,1,final
2025-12-10,pranarom,fra,dossier,autres,total,0,0,0,final
2025-12-11,pranarom,fra,dossier,autres,total,10.3,0,6,final
2025-12-12,pranarom,fra,dossier,autres,total,3.9,0,7,final
2025-12-13,pranarom,fra,dossier,autres,total,24,0,1,final
2025-12-14,pranarom,fra,dossier,autres,total,2,1,1,final
2025-12-15,pranarom,fra,dossier,autres,total,2,0,2,final
2025-12-16,pranarom,fra,dossier,autres,total,5.3,0,3,final
2025-12-17,pranarom,fra,dossier,autres,total,2,1,3,final
2025-12-18,pranarom,fra,dossier,autres,total,2,0,1,final
2025-12-19,pranarom,fra,dossier,autres,total,2,1,1,final
2025-12-20,pranarom,fra,dossier,autres,total,0,0,0,final
2025-12-21,pranarom,fra,dossier,autres,total,2,0,2,final
2025-12-22,pranarom,fra,dossier,autres,total,0,0,0,final
2025-12-23,pranarom,fra,dossier,autres,total,2,0,1,final
2025-12-24,pranarom,fra,dossier,autres,total,27.5,0,2,final
2025-12-25,pranarom,fra,dossier,autres,total,0,0,0,final
2025-12-26,pranarom,fra,dossier,autres,total,7,0,2,final
2025-12-27,pranarom,fra,dossier,autres,total,0,0,0,final
2025-12-28,pranarom,fra,dossier,autres,total,2,1,1,final
2025-12-29,pranarom,fra,dossier,autres,total,2,0,2,final
2025-12-30,pranarom,fra,dossier,autres,total,2,0,1,final
2025-12-31,pranarom,fra,dossier,autres,total,2,0,1,final
2026-01-01,pranarom,fra,dossier,autres,total,0,0,0,final
2026-01-02,pranarom,fra,dossier,autres,total,2,0,2,final
2026-01-03,pranarom,fra,dossier,autres,total,0,0,0,final
2026-01-04,pranarom,fra,dossier,autres,total,0,0,0,final
2026-01-05,pranarom,fra,dossier,autres,total,2,0,9,final
2026-01-06,pranarom,fra,dossier,autres,total,2.7,0,3,final
2026-01-07,pranarom,fra,dossier,autres,total,21.3,0,3,final
2026-01-08,pranarom,fra,dossier,autres,total,17.2,1,4,final
2026-01-09,pranarom,fra,dossier,autres,total,2,0,1,final
2026-01-10,pranarom,fra,dossier,autres,total,0,0,0,final
2026-01-11,pranarom,fra,dossier,autres,total,2,1,1,final
2026-01-12,pranarom,fra,dossier,autres,total,5,3,7,final
2026-01-13,pranarom,fra,dossier,autres,total,6,1,4,final
2026-01-14,pranarom,fra,dossier,autres,total,5,0,3,final
2026-01-15,pranarom,fra,dossier,autres,total,54.5,0,2,final
2026-01-16,pranarom,fra,dossier,autres,total,15.8,0,6,final
2026-01-17,pranarom,fra,dossier,autres,total,55.5,0,2,final
2026-01-18,pranarom,fra,dossier,autres,total,23.3,0,6,final
2026-01-19,pranarom,fra,dossier,autres,total,8,0,2,final
2026-01-20,pranarom,fra,dossier,autres,total,13,0,1,final
2026-01-21,pranarom,fra,dossier,autres,total,0,0,0,final
2026-01-22,pranarom,fra,dossier,autres,total,10,0,2,final
2026-01-23,pranarom,fra,dossier,autres,total,29.2,0,4,final
2026-01-24,pranarom,fra,dossier,autres,total,64,0,2,final
2026-01-25,pranarom,fra,dossier,autres,total,30.5,1,4,final
2026-01-26,pranarom,fra,dossier,autres,total,5.5,0,4,final
2026-01-27,pranarom,fra,dossier,autres,total,40.8,0,6,final
2026-01-28,pranarom,fra,dossier,autres,total,18,1,3,final
2026-01-29,pranarom,fra,dossier,autres,total,11.2,3,15,final
2026-01-30,pranarom,fra,dossier,autres,total,8,0,6,final
2026-01-31,pranarom,fra,dossier,autres,total,5,0,1,final
2026-02-01,pranarom,fra,dossier,autres,total,36.2,0,5,final
2026-02-02,pranarom,fra,dossier,autres,total,7.8,2,9,final
2026-02-03,pranarom,fra,dossier,autres,total,4.5,3,11,final
2026-02-04,pranarom,fra,dossier,autres,total,3.4,0,9,final
2026-02-05,pranarom,fra,dossier,autres,total,11.9,0,9,final
2026-02-06,pranarom,fra,dossier,autres,total,4.3,2,11,final
2026-02-07,pranarom,fra,dossier,autres,total,4,0,4,final
2026-02-08,pranarom,fra,dossier,autres,total,18.6,2,8,final
2026-02-09,pranarom,fra,dossier,autres,total,4.8,2,11,final
2026-02-10,pranarom,fra,dossier,autres,total,7.9,2,18,final
2026-02-11,pranarom,fra,dossier,autres,total,18.9,0,11,final
2026-02-12,pranarom,fra,dossier,autres,total,15.2,0,9,final
2026-02-13,pranarom,fra,dossier,autres,total,17.4,1,5,final
2026-02-14,pranarom,fra,dossier,autres,total,62,0,5,final
2026-02-15,pranarom,fra,dossier,autres,total,28.1,0,11,final
2026-02-16,pranarom,fra,dossier,autres,total,2.5,1,2,final
2026-02-17,pranarom,fra,dossier,autres,total,17,2,10,final
2026-02-18,pranarom,fra,dossier,autres,total,17.6,0,10,final
2026-02-19,pranarom,fra,dossier,autres,total,2,0,1,final
2026-02-20,pranarom,fra,dossier,autres,total,24.5,1,13,final
2026-02-21,pranarom,fra,dossier,autres,total,4.7,2,11,final
2026-02-22,pranarom,fra,dossier,autres,total,5,0,1,final
2026-02-23,pranarom,fra,dossier,autres,total,2.7,0,6,final
2026-02-24,pranarom,fra,dossier,autres,total,17.5,3,17,final
2026-02-25,pranarom,fra,dossier,autres,total,21.8,0,6,final
2026-02-26,pranarom,fra,dossier,autres,total,14.8,0,5,final
2026-02-27,pranarom,fra,dossier,autres,total,3.7,0,14,final
2026-02-28,pranarom,fra,dossier,autres,total,0,0,0,final
2026-03-01,pranarom,fra,dossier,autres,total,4.5,0,2,final
2026-03-02,pranarom,fra,dossier,autres,total,7,0,3,final
2026-03-03,pranarom,fra,dossier,autres,total,2,0,5,final
2026-03-04,pranarom,fra,dossier,autres,total,2,0,1,final
2026-03-05,pranarom,fra,dossier,autres,total,42.4,0,5,final
2026-03-06,pranarom,fra,dossier,autres,total,88,0,3,final
2026-03-07,pranarom,fra,dossier,autres,total,85.2,0,4,final
2026-03-08,pranarom,fra,dossier,autres,total,3.5,0,4,final
2026-03-09,pranarom,fra,dossier,autres,total,0,0,0,final
2026-03-10,pranarom,fra,dossier,autres,total,3,1,3,final
2026-03-11,pranarom,fra,dossier,autres,total,60.3,0,3,final
2026-03-12,pranarom,fra,dossier,autres,total,86,0,1,final
2026-03-13,pranarom,fra,dossier,autres,total,14.5,0,8,final
2026-03-14,pranarom,fra,dossier,autres,total,40.1,1,21,final
2026-03-15,pranarom,fra,dossier,autres,total,52.6,0,14,final
2026-03-16,pranarom,fra,dossier,autres,total,60,0,17,final
2026-03-17,pranarom,fra,dossier,autres,total,59.4,1,18,final
2026-03-18,pranarom,fra,dossier,autres,total,69.2,0,15,final
2026-03-19,pranarom,fra,dossier,autres,total,49.1,0,13,final
2026-03-20,pranarom,fra,dossier,autres,total,38.8,0,5,final
2026-03-21,pranarom,fra,dossier,autres,total,67,0,3,final
2026-03-22,pranarom,fra,dossier,autres,total,91,0,6,final
2026-03-23,pranarom,fra,dossier,autres,total,41.8,0,9,final
2026-03-24,pranarom,fra,dossier,autres,total,6.4,0,7,final
2026-03-25,pranarom,fra,dossier,autres,total,5,0,4,final
2026-03-26,pranarom,fra,dossier,autres,total,11.1,0,7,final
2026-03-27,pranarom,fra,dossier,autres,total,26.5,0,2,final
2026-03-28,pranarom,fra,dossier,autres,total,21,0,3,final
2026-03-29,pranarom,fra,dossier,autres,total,11,0,1,final
2026-03-30,pranarom,fra,dossier,autres,total,4.4,0,5,final
2026-03-31,pranarom,fra,dossier,autres,total,6.3,1,11,final
2026-04-01,pranarom,fra,dossier,autres,total,6.2,0,5,final
2026-04-02,pranarom,fra,dossier,autres,total,6.5,0,4,final
2026-04-03,pranarom,fra,dossier,autres,total,8.3,0,3,final
2026-04-04,pranarom,fra,dossier,autres,total,9,0,2,final
2026-04-05,pranarom,fra,dossier,autres,total,0,0,0,final
2026-04-06,pranarom,fra,dossier,autres,total,2.5,1,4,final
2026-04-07,pranarom,fra,dossier,autres,total,5,1,3,final
2026-04-08,pranarom,fra,dossier,autres,total,0,0,0,final
2026-04-09,pranarom,fra,dossier,autres,total,4.5,0,2,final
2026-04-10,pranarom,fra,dossier,autres,total,6,0,1,final
2026-04-11,pranarom,fra,dossier,autres,total,16.5,0,2,final
2026-04-12,pranarom,fra,dossier,autres,total,7,0,4,final
2026-04-13,pranarom,fra,dossier,autres,total,9.6,0,5,final
2026-04-14,pranarom,fra,dossier,autres,total,6.8,2,8,final
2026-04-15,pranarom,fra,dossier,autres,total,7.2,2,9,final
2026-04-16,pranarom,fra,dossier,autres,total,6.2,0,4,final
2026-04-17,pranarom,fra,dossier,autres,total,4,1,7,final
2026-04-18,pranarom,fra,dossier,autres,total,5.3,1,3,final
2026-04-19,pranarom,fra,dossier,autres,total,11.6,0,5,final
2026-04-20,pranarom,fra,dossier,autres,total,5.2,0,5,final
2026-04-21,pranarom,fra,dossier,autres,total,8.2,3,14,final
2026-04-22,pranarom,fra,dossier,autres,total,2.5,0,6,final
2026-04-23,pranarom,fra,dossier,autres,total,32.7,0,3,final
2026-04-24,pranarom,fra,dossier,autres,total,6.2,0,5,final
2026-04-25,pranarom,fra,dossier,autres,total,16,0,1,final
2026-04-26,pranarom,fra,dossier,autres,total,0,0,0,final
2026-04-27,pranarom,fra,dossier,autres,total,5.5,0,2,final
2026-04-28,pranarom,fra,dossier,autres,total,27,0,5,final
2026-04-29,pranarom,fra,dossier,autres,total,4.3,0,3,final
2026-04-30,pranarom,fra,dossier,autres,total,3.3,0,3,final
2026-05-01,pranarom,fra,dossier,autres,total,6.4,0,5,final
2026-05-02,pranarom,fra,dossier,autres,total,26,0,1,final
2026-05-03,pranarom,fra,dossier,autres,total,0,0,0,final
2026-05-04,pranarom,fra,dossier,autres,total,7,0,1,final
2026-05-05,pranarom,fra,dossier,autres,total,5.6,0,15,final
2026-05-06,pranarom,fra,dossier,autres,total,20.8,1,10,final
2026-05-07,pranarom,fra,dossier,autres,total,6.7,0,11,final
2026-05-08,pranarom,fra,dossier,autres,total,11.8,0,11,final
2026-05-09,pranarom,fra,dossier,autres,total,23.5,1,10,final
2026-05-10,pranarom,fra,dossier,autres,total,10.4,0,9,final
2026-05-11,pranarom,fra,dossier,autres,total,31.8,0,5,final
2026-05-12,pranarom,fra,dossier,autres,total,25.2,0,5,final
2026-05-13,pranarom,fra,dossier,autres,total,42.3,0,3,final
2026-05-14,pranarom,fra,dossier,autres,total,45.1,0,7,final
2026-05-15,pranarom,fra,dossier,autres,total,97,0,1,final
2026-05-16,pranarom,fra,dossier,autres,total,0,0,0,final
2026-05-17,pranarom,fra,dossier,autres,total,3,0,2,final
2026-05-18,pranarom,fra,dossier,autres,total,0,0,0,final
2026-05-19,pranarom,fra,dossier,autres,total,4.1,0,7,final
2026-05-20,pranarom,fra,dossier,autres,total,3.5,2,4,final
2026-05-21,pranarom,fra,dossier,autres,total,4.3,0,7,final
2026-05-22,pranarom,fra,dossier,autres,total,6.8,0,8,final
2026-05-23,pranarom,fra,dossier,autres,total,3.5,0,2,final
2026-05-24,pranarom,fra,dossier,autres,total,3.5,0,2,final
2026-05-25,pranarom,fra,dossier,autres,total,10,0,1,final
2026-05-26,pranarom,fra,dossier,autres,total,3.7,0,7,final
2026-05-27,pranarom,fra,dossier,autres,total,6,0,4,final
2026-05-28,pranarom,fra,dossier,autres,total,4,0,3,final
2026-05-29,pranarom,fra,dossier,autres,total,6.7,0,3,final
2026-05-30,pranarom,fra,dossier,autres,total,4.5,0,2,final
2026-05-31,pranarom,fra,dossier,autres,total,0,0,0,final
2026-06-01,pranarom,fra,dossier,autres,total,3,0,3,final
2026-06-02,pranarom,fra,dossier,autres,total,2,0,3,final
2026-06-03,pranarom,fra,dossier,autres,total,6.7,0,6,final
2026-06-04,pranarom,fra,dossier,autres,total,7.2,0,8,final
2026-06-05,pranarom,fra,dossier,autres,total,9.8,0,4,final
2026-06-06,pranarom,fra,dossier,autres,total,18.7,0,3,final
2026-06-07,pranarom,fra,dossier,autres,total,1,0,1,final
2026-06-08,pranarom,fra,dossier,autres,total,15.1,0,9,final
2026-06-09,pranarom,fra,dossier,autres,total,6.8,0,10,final
2026-06-10,pranarom,fra,dossier,autres,total,7.4,1,12,final
2026-06-11,pranarom,fra,dossier,autres,total,7.1,0,8,final
2026-06-12,pranarom,fra,dossier,autres,total,6.9,0,10,final
2026-06-13,pranarom,fra,dossier,autres,total,16,0,1,final
2026-06-14,pranarom,fra,dossier,autres,total,0,0,0,final
2026-06-15,pranarom,fra,dossier,autres,total,4,0,5,final
2026-06-16,pranarom,fra,dossier,autres,total,8.3,0,9,final
2026-06-17,pranarom,fra,dossier,autres,total,19.8,0,4,final
2026-06-18,pranarom,fra,dossier,autres,total,1,0,1,final
2026-06-19,pranarom,fra,dossier,autres,total,5.8,0,4,final
2026-06-20,pranarom,fra,dossier,autres,total,10,0,1,final
2026-06-21,pranarom,fra,dossier,autres,total,10,0,1,final
2026-06-22,pranarom,fra,dossier,autres,total,10.2,0,14,final
2026-06-23,pranarom,fra,dossier,autres,total,6.2,1,13,final
2026-06-24,pranarom,fra,dossier,autres,total,6,0,8,final
2026-06-25,pranarom,fra,dossier,autres,total,8.4,1,8,final
2026-06-26,pranarom,fra,dossier,autres,total,5.9,0,7,final
2026-06-27,pranarom,fra,dossier,autres,total,4.5,2,11,final
2026-06-28,pranarom,fra,dossier,autres,total,8.8,0,4,final
2026-06-29,pranarom,fra,dossier,autres,total,9,0,1,final
2026-06-30,pranarom,fra,dossier,autres,total,7.2,1,4,final
2026-07-01,pranarom,fra,dossier,autres,total,12.6,0,5,final
2026-07-02,pranarom,fra,dossier,autres,total,0,0,0,final
2026-07-03,pranarom,fra,dossier,autres,total,28,0,1,final
2026-07-04,pranarom,fra,dossier,autres,total,27,0,1,final
2026-07-05,pranarom,fra,dossier,autres,total,7.5,0,4,final
2026-07-06,pranarom,fra,dossier,autres,total,8,1,3,final
2026-07-07,pranarom,fra,dossier,autres,total,5.9,0,10,final
2026-07-08,pranarom,fra,dossier,autres,total,6,1,2,final
2026-07-09,pranarom,fra,dossier,autres,total,9.3,0,10,final
2026-07-10,pranarom,fra,dossier,autres,total,10.2,1,4,final
2026-07-11,pranarom,fra,dossier,autres,total,9,0,1,final
2026-07-12,pranarom,fra,dossier,autres,total,19,0,4,final
2026-07-13,pranarom,fra,dossier,autres,total,7.7,0,6,final
2026-07-14,pranarom,fra,dossier,autres,total,6.4,0,7,final
2026-07-15,pranarom,fra,dossier,autres,total,4,0,2,final
2026-07-16,pranarom,fra,dossier,autres,total,9.8,0,6,final
2026-07-17,pranarom,fra,dossier,autres,total,32,0,1,final
2026-07-18,pranarom,fra,dossier,autres,total,0,0,0,final
2026-07-19,pranarom,fra,dossier,autres,total,0,0,0,final
2026-07-20,pranarom,fra,dossier,autres,total,4,0,2,final
2026-07-21,pranarom,fra,dossier,autres,total,7.7,1,6,final
2026-07-22,pranarom,fra,dossier,autres,total,5,1,12,final
2026-07-23,pranarom,fra,dossier,autres,total,2.8,0,6,final
2026-07-24,pranarom,fra,dossier,autres,total,4.1,0,7,final
2026-07-25,pranarom,fra,dossier,autres,total,62.7,0,6,final
2026-07-26,pranarom,fra,dossier,autres,total,91,0,3,final
2026-07-27,pranarom,fra,dossier,autres,total,47.8,0,8,final
2026-07-28,pranarom,fra,dossier,autres,total,57.9,0,13,final
2026-07-29,pranarom,fra,dossier,autres,total,65.8,2,17,final
2026-07-30,pranarom,fra,dossier,autres,total,63.8,0,9,final
2026-07-31,pranarom,fra,dossier,autres,total,85,0,4,final
2026-08-01,pranarom,fra,dossier,autres,total,65.8,0,6,final
2026-08-02,pranarom,fra,dossier,autres,total,97.3,0,7,final
2026-08-03,pranarom,fra,dossier,autres,total,51.5,0,6,final
2026-08-04,pranarom,fra,dossier,autres,total,3.9,0,8,final
2026-08-05,pranarom,fra,dossier,autres,total,27.1,0,8,final
2026-08-06,pranarom,fra,dossier,autres,total,59.3,0,9,final
2026-08-07,pranarom,fra,dossier,autres,total,23.5,1,10,final
2026-08-08,pranarom,fra,dossier,autres,total,30.9,0,10,final
2026-08-09,pranarom,fra,dossier,autres,total,97,0,1,final
2026-08-10,pranarom,fra,dossier,autres,total,27.1,0,11,final
2026-08-11,pranarom,fra,dossier,autres,total,1,0,1,final
2026-08-12,pranarom,fra,dossier,autres,total,44.4,0,9,final
2026-08-13,pranarom,fra,dossier,autres,total,36.5,1,15,final
2026-08-14,pranarom,fra,dossier,autres,total,19.6,0,5,final
2026-08-15,pranarom,fra,dossier,autres,total,73,0,4,final
2026-08-16,pranarom,fra,dossier,autres,total,94.5,0,2,final
2026-08-17,pranarom,fra,dossier,autres,total,99,0,5,final
2026-08-18,pranarom,fra,dossier,autres,total,43.7,0,11,final
2026-08-19,pranarom,fra,dossier,autres,total,54.5,0,14,final
2026-08-20,pranarom,fra,dossier,autres,total,63.8,0,12,final
2026-08-21,pranarom,fra,dossier,autres,total,71.4,0,13,final
2026-08-22,pranarom,fra,dossier,autres,total,79.3,0,11,final
2026-08-23,pranarom,fra,dossier,autres,total,89.3,0,11,final
2026-08-24,pranarom,fra,dossier,autres,total,68.6,0,11,final
2026-08-25,pranarom,fra,dossier,autres,total,61.9,0,14,final
2026-08-26,pranarom,fra,dossier,autres,total,81.6,0,15,final
2026-08-27,pranarom,fra,dossier,autres,total,80,0,15,final
2026-08-28,pranarom,fra,dossier,autres,total,86.3,0,11,final
2026-08-29,pranarom,fra,dossier,autres,total,68.2,0,4,final
2026-08-30,pranarom,fra,dossier,autres,total,92,0,4,final
2026-08-31,pranarom,fra,dossier,autres,total,80.5,0,13,final
2026-09-01,pranarom,fra,dossier,autres,total,80.3,0,12,final
2026-09-02,pranarom,fra,dossier,autres,total,59.1,0,10,final
2026-09-03,pranarom,fra,dossier,autres,total,83,0,8,final
2026-09-04,pranarom,fra,dossier,autres,total,41.9,0,12,final
2026-09-05,pranarom,fra,dossier,autres,total,64.7,0,6,final
2026-09-06,pranarom,fra,dossier,autres,total,94,0,4,final
2026-09-07,pranarom,fra,dossier,autres,total,63.5,0,11,final
2026-09-08,pranarom,fra,dossier,autres,total,94.2,0,5,final
2026-09-09,pranarom,fra,dossier,autres,total,76,0,7,final
2026-09-10,pranarom,fra,dossier,autres,total,47.6,0,8,final
2026-09-11,pranarom,fra,dossier,autres,total,36.6,0,10,final
2026-09-12,pranarom,fra,dossier,autres,total,45.2,0,12,final
2026-09-13,pranarom,fra,dossier,autres,total,48.2,0,10,final
2026-09-14,pranarom,fra,dossier,autres,total,62.2,0,6,final
2026-09-15,pranarom,fra,dossier,autres,total,54,0,5,final
2026-09-16,pranarom,fra,dossier,autres,total,50,0,2,final
2026-09-17,pranarom,fra,dossier,autres,total,51.7,0,3,final
2026-09-18,pranarom,fra,dossier,autres,total,72.8,0,5,final
2026-09-19,pranarom,fra,dossier,autres,total,56.2,0,4,final
2026-09-20,pranarom,fra,dossier,autres,total,91.8,0,4,final
2026-09-21,pranarom,fra,dossier,autres,total,47.5,0,4,final
2026-09-22,pranarom,fra,dossier,autres,total,19.7,0,13,final
2026-09-23,pranarom,fra,dossier,autres,total,66.7,0,6,final
2026-09-24,pranarom,fra,dossier,autres,total,38.0,0,3,final
2026-09-25,pranarom,fra,dossier,autres,total,17.3,0,7,final
2026-09-26,pranarom,fra,dossier,autres,total,45.3,1,3,final
2026-09-27,pranarom,fra,dossier,autres,total,91.5,0,2,final
2026-09-28,pranarom,fra,dossier,autres,total,52.8,0,4,final
2026-09-29,pranarom,fra,dossier,autres,total,29.8,0,4,final
2026-09-30,pranarom,fra,dossier,autres,total,3.0,0,1,final
2026-10-01,pranarom,fra,dossier,autres,total,7.0,0,3,fresh
2026-10-02,pranarom,fra,dossier,autres,total,7.0,0,3,fresh
2025-06-10,pranarom,fra,dossier,d:blogs,total,5.8,798,23334,final
2025-06-11,pranarom,fra,dossier,d:blogs,total,6.2,748,23902,final
2025-06-12,pranarom,fra,dossier,d:blogs,total,6.2,693,23306,final
2025-06-13,pranarom,fra,dossier,d:blogs,total,6.6,678,21503,final
2025-06-14,pranarom,fra,dossier,d:blogs,total,6.4,719,22228,final
2025-06-15,pranarom,fra,dossier,d:blogs,total,6.3,802,25095,final
2025-06-16,pranarom,fra,dossier,d:blogs,total,6.0,745,22580,final
2025-06-17,pranarom,fra,dossier,d:blogs,total,6.0,688,21937,final
2025-06-18,pranarom,fra,dossier,d:blogs,total,5.8,761,24401,final
2025-06-19,pranarom,fra,dossier,d:blogs,total,5.8,758,24832,final
2025-06-20,pranarom,fra,dossier,d:blogs,total,6.2,699,25086,final
2025-06-21,pranarom,fra,dossier,d:blogs,total,6.1,757,25682,final
2025-06-22,pranarom,fra,dossier,d:blogs,total,5.7,1024,33011,final
2025-06-23,pranarom,fra,dossier,d:blogs,total,5.6,961,31405,final
2025-06-24,pranarom,fra,dossier,d:blogs,total,5.8,803,26693,final
2025-06-25,pranarom,fra,dossier,d:blogs,total,6.0,747,26763,final
2025-06-26,pranarom,fra,dossier,d:blogs,total,6.0,754,24947,final
2025-06-27,pranarom,fra,dossier,d:blogs,total,6.1,654,24574,final
2025-06-28,pranarom,fra,dossier,d:blogs,total,6.1,772,27169,final
2025-06-29,pranarom,fra,dossier,d:blogs,total,6.0,903,31459,final
2025-06-30,pranarom,fra,dossier,d:blogs,total,6.6,874,30415,final
2025-07-01,pranarom,fra,dossier,d:blogs,total,7.4,869,29311,final
2025-07-02,pranarom,fra,dossier,d:blogs,total,11.6,648,32740,final
2025-07-03,pranarom,fra,dossier,d:blogs,total,13.6,652,30006,final
2025-07-04,pranarom,fra,dossier,d:blogs,total,15.4,636,31327,final
2025-07-05,pranarom,fra,dossier,d:blogs,total,14.7,609,29677,final
2025-07-06,pranarom,fra,dossier,d:blogs,total,13.5,772,32870,final
2025-07-07,pranarom,fra,dossier,d:blogs,total,13.4,697,30485,final
2025-07-08,pranarom,fra,dossier,d:blogs,total,14.3,587,30859,final
2025-07-09,pranarom,fra,dossier,d:blogs,total,12.4,629,32087,final
2025-07-10,pranarom,fra,dossier,d:blogs,total,16.6,599,33834,final
2025-07-11,pranarom,fra,dossier,d:blogs,total,13.6,640,36659,final
2025-07-12,pranarom,fra,dossier,d:blogs,total,13.5,670,33021,final
2025-07-13,pranarom,fra,dossier,d:blogs,total,13.6,781,32105,final
2025-07-14,pranarom,fra,dossier,d:blogs,total,12.9,890,34446,final
2025-07-15,pranarom,fra,dossier,d:blogs,total,13.8,766,34900,final
2025-07-16,pranarom,fra,dossier,d:blogs,total,14.4,745,34722,final
2025-07-17,pranarom,fra,dossier,d:blogs,total,13.4,693,32426,final
2025-07-18,pranarom,fra,dossier,d:blogs,total,14.3,700,33290,final
2025-07-19,pranarom,fra,dossier,d:blogs,total,13.8,744,35169,final
2025-07-20,pranarom,fra,dossier,d:blogs,total,13.2,760,37552,final
2025-07-21,pranarom,fra,dossier,d:blogs,total,12.6,744,35483,final
2025-07-22,pranarom,fra,dossier,d:blogs,total,13.1,722,37841,final
2025-07-23,pranarom,fra,dossier,d:blogs,total,13.9,728,36740,final
2025-07-24,pranarom,fra,dossier,d:blogs,total,13.7,710,33551,final
2025-07-25,pranarom,fra,dossier,d:blogs,total,14.0,670,35706,final
2025-07-26,pranarom,fra,dossier,d:blogs,total,12.9,864,36098,final
2025-07-27,pranarom,fra,dossier,d:blogs,total,12.9,935,37355,final
2025-07-28,pranarom,fra,dossier,d:blogs,total,13.0,806,37320,final
2025-07-29,pranarom,fra,dossier,d:blogs,total,13.0,780,35040,final
2025-07-30,pranarom,fra,dossier,d:blogs,total,13.4,763,37635,final
2025-07-31,pranarom,fra,dossier,d:blogs,total,13.4,803,34431,final
2025-08-01,pranarom,fra,dossier,d:blogs,total,13.3,754,32557,final
2025-08-02,pranarom,fra,dossier,d:blogs,total,12.2,776,32286,final
2025-08-03,pranarom,fra,dossier,d:blogs,total,12.4,800,34392,final
2025-08-04,pranarom,fra,dossier,d:blogs,total,11.8,790,37244,final
2025-08-05,pranarom,fra,dossier,d:blogs,total,12.4,809,35602,final
2025-08-06,pranarom,fra,dossier,d:blogs,total,13.5,721,37778,final
2025-08-07,pranarom,fra,dossier,d:blogs,total,12.2,698,38279,final
2025-08-08,pranarom,fra,dossier,d:blogs,total,12.4,759,37493,final
2025-08-09,pranarom,fra,dossier,d:blogs,total,12.0,736,37125,final
2025-08-10,pranarom,fra,dossier,d:blogs,total,13.0,870,40217,final
2025-08-11,pranarom,fra,dossier,d:blogs,total,10.9,841,44671,final
2025-08-12,pranarom,fra,dossier,d:blogs,total,11.6,831,38852,final
2025-08-13,pranarom,fra,dossier,d:blogs,total,11.9,844,38712,final
2025-08-14,pranarom,fra,dossier,d:blogs,total,12.4,799,36824,final
2025-08-15,pranarom,fra,dossier,d:blogs,total,11.9,786,37764,final
2025-08-16,pranarom,fra,dossier,d:blogs,total,12.6,815,38050,final
2025-08-17,pranarom,fra,dossier,d:blogs,total,11.8,852,37029,final
2025-08-18,pranarom,fra,dossier,d:blogs,total,12.2,853,37402,final
2025-08-19,pranarom,fra,dossier,d:blogs,total,12.6,806,36476,final
2025-08-20,pranarom,fra,dossier,d:blogs,total,13.0,729,35626,final
2025-08-21,pranarom,fra,dossier,d:blogs,total,13.5,667,35707,final
2025-08-22,pranarom,fra,dossier,d:blogs,total,14.4,663,35189,final
2025-08-23,pranarom,fra,dossier,d:blogs,total,13.4,682,35517,final
2025-08-24,pranarom,fra,dossier,d:blogs,total,12.8,742,38084,final
2025-08-25,pranarom,fra,dossier,d:blogs,total,12.8,781,36202,final
2025-08-26,pranarom,fra,dossier,d:blogs,total,12.8,794,39338,final
2025-08-27,pranarom,fra,dossier,d:blogs,total,12.4,817,40664,final
2025-08-28,pranarom,fra,dossier,d:blogs,total,13.2,698,38326,final
2025-08-29,pranarom,fra,dossier,d:blogs,total,14.2,680,37562,final
2025-08-30,pranarom,fra,dossier,d:blogs,total,13.3,788,38976,final
2025-08-31,pranarom,fra,dossier,d:blogs,total,14.1,778,40318,final
2025-09-01,pranarom,fra,dossier,d:blogs,total,13.5,690,36897,final
2025-09-02,pranarom,fra,dossier,d:blogs,total,13.5,727,34756,final
2025-09-03,pranarom,fra,dossier,d:blogs,total,13.4,654,35119,final
2025-09-04,pranarom,fra,dossier,d:blogs,total,13.4,643,36738,final
2025-09-05,pranarom,fra,dossier,d:blogs,total,14.5,628,33118,final
2025-09-06,pranarom,fra,dossier,d:blogs,total,14.0,710,34871,final
2025-09-07,pranarom,fra,dossier,d:blogs,total,13.0,779,36838,final
2025-09-08,pranarom,fra,dossier,d:blogs,total,12.7,732,36343,final
2025-09-09,pranarom,fra,dossier,d:blogs,total,10.7,670,33607,final
2025-09-10,pranarom,fra,dossier,d:blogs,total,11.8,747,37170,final
2025-09-11,pranarom,fra,dossier,d:blogs,total,11.6,682,36579,final
2025-09-12,pranarom,fra,dossier,d:blogs,total,9.4,613,29155,final
2025-09-13,pranarom,fra,dossier,d:blogs,total,7.6,686,28537,final
2025-09-14,pranarom,fra,dossier,d:blogs,total,7.8,779,32755,final
2025-09-15,pranarom,fra,dossier,d:blogs,total,8.1,719,33318,final
2025-09-16,pranarom,fra,dossier,d:blogs,total,7.8,703,29574,final
2025-09-17,pranarom,fra,dossier,d:blogs,total,7.4,692,31796,final
2025-09-18,pranarom,fra,dossier,d:blogs,total,8.0,727,31247,final
2025-09-19,pranarom,fra,dossier,d:blogs,total,8.2,668,30437,final
2025-09-20,pranarom,fra,dossier,d:blogs,total,7.9,765,30858,final
2025-09-21,pranarom,fra,dossier,d:blogs,total,8.1,881,34060,final
2025-09-22,pranarom,fra,dossier,d:blogs,total,7.8,761,32275,final
2025-09-23,pranarom,fra,dossier,d:blogs,total,8.0,682,30961,final
2025-09-24,pranarom,fra,dossier,d:blogs,total,8.1,700,32420,final
2025-09-25,pranarom,fra,dossier,d:blogs,total,8.4,677,31568,final
2025-09-26,pranarom,fra,dossier,d:blogs,total,8.3,640,29534,final
2025-09-27,pranarom,fra,dossier,d:blogs,total,8.1,752,30786,final
2025-09-28,pranarom,fra,dossier,d:blogs,total,7.8,836,33129,final
2025-09-29,pranarom,fra,dossier,d:blogs,total,8.3,769,36222,final
2025-09-30,pranarom,fra,dossier,d:blogs,total,9.2,744,35272,final
2025-10-01,pranarom,fra,dossier,d:blogs,total,8.1,723,33343,final
2025-10-02,pranarom,fra,dossier,d:blogs,total,8.0,690,31939,final
2025-10-03,pranarom,fra,dossier,d:blogs,total,7.9,743,30380,final
2025-10-04,pranarom,fra,dossier,d:blogs,total,8.9,892,34068,final
2025-10-05,pranarom,fra,dossier,d:blogs,total,8.0,937,34288,final
2025-10-06,pranarom,fra,dossier,d:blogs,total,8.4,792,33250,final
2025-10-07,pranarom,fra,dossier,d:blogs,total,8.0,710,31724,final
2025-10-08,pranarom,fra,dossier,d:blogs,total,8.2,736,32959,final
2025-10-09,pranarom,fra,dossier,d:blogs,total,8.1,731,31460,final
2025-10-10,pranarom,fra,dossier,d:blogs,total,8.3,658,30552,final
2025-10-11,pranarom,fra,dossier,d:blogs,total,8.1,688,30912,final
2025-10-12,pranarom,fra,dossier,d:blogs,total,7.5,768,33379,final
2025-10-13,pranarom,fra,dossier,d:blogs,total,7.6,818,34196,final
2025-10-14,pranarom,fra,dossier,d:blogs,total,8.2,698,33969,final
2025-10-15,pranarom,fra,dossier,d:blogs,total,9.9,755,40839,final
2025-10-16,pranarom,fra,dossier,d:blogs,total,12.5,753,40102,final
2025-10-17,pranarom,fra,dossier,d:blogs,total,8.7,637,31785,final
2025-10-18,pranarom,fra,dossier,d:blogs,total,8.3,704,32863,final
2025-10-19,pranarom,fra,dossier,d:blogs,total,7.9,800,35150,final
2025-10-20,pranarom,fra,dossier,d:blogs,total,8.0,809,35592,final
2025-10-21,pranarom,fra,dossier,d:blogs,total,7.9,742,35134,final
2025-10-22,pranarom,fra,dossier,d:blogs,total,7.7,844,35036,final
2025-10-23,pranarom,fra,dossier,d:blogs,total,8.3,782,34764,final
2025-10-24,pranarom,fra,dossier,d:blogs,total,8.0,734,35538,final
2025-10-25,pranarom,fra,dossier,d:blogs,total,8.2,759,32986,final
2025-10-26,pranarom,fra,dossier,d:blogs,total,7.6,837,34609,final
2025-10-27,pranarom,fra,dossier,d:blogs,total,8.1,843,37204,final
2025-10-28,pranarom,fra,dossier,d:blogs,total,8.1,733,35256,final
2025-10-29,pranarom,fra,dossier,d:blogs,total,8.3,763,37381,final
2025-10-30,pranarom,fra,dossier,d:blogs,total,8.3,780,36165,final
2025-10-31,pranarom,fra,dossier,d:blogs,total,9.1,670,33723,final
2025-11-01,pranarom,fra,dossier,d:blogs,total,8.3,770,36503,final
2025-11-02,pranarom,fra,dossier,d:blogs,total,7.7,877,39085,final
2025-11-03,pranarom,fra,dossier,d:blogs,total,7.5,797,38525,final
2025-11-04,pranarom,fra,dossier,d:blogs,total,8.1,737,35638,final
2025-11-05,pranarom,fra,dossier,d:blogs,total,7.8,830,38586,final
2025-11-06,pranarom,fra,dossier,d:blogs,total,7.8,814,35631,final
2025-11-07,pranarom,fra,dossier,d:blogs,total,8.3,697,34877,final
2025-11-08,pranarom,fra,dossier,d:blogs,total,8.2,790,35664,final
2025-11-09,pranarom,fra,dossier,d:blogs,total,9.2,792,38549,final
2025-11-10,pranarom,fra,dossier,d:blogs,total,9.0,827,40808,final
2025-11-11,pranarom,fra,dossier,d:blogs,total,10.0,836,41474,final
2025-11-12,pranarom,fra,dossier,d:blogs,total,8.5,789,40941,final
2025-11-13,pranarom,fra,dossier,d:blogs,total,7.8,691,36059,final
2025-11-14,pranarom,fra,dossier,d:blogs,total,7.6,717,35913,final
2025-11-15,pranarom,fra,dossier,d:blogs,total,7.1,777,36171,final
2025-11-16,pranarom,fra,dossier,d:blogs,total,8.0,849,50939,final
2025-11-17,pranarom,fra,dossier,d:blogs,total,7.7,793,39674,final
2025-11-18,pranarom,fra,dossier,d:blogs,total,7.9,700,37027,final
2025-11-19,pranarom,fra,dossier,d:blogs,total,8.2,666,37975,final
2025-11-20,pranarom,fra,dossier,d:blogs,total,8.7,633,36944,final
2025-11-21,pranarom,fra,dossier,d:blogs,total,8.8,642,45269,final
2025-11-22,pranarom,fra,dossier,d:blogs,total,8.3,734,39316,final
2025-11-23,pranarom,fra,dossier,d:blogs,total,8.2,806,43358,final
2025-11-24,pranarom,fra,dossier,d:blogs,total,7.7,832,42152,final
2025-11-25,pranarom,fra,dossier,d:blogs,total,8.0,863,40372,final
2025-11-26,pranarom,fra,dossier,d:blogs,total,9.0,880,41364,final
2025-11-27,pranarom,fra,dossier,d:blogs,total,8.8,771,36737,final
2025-11-28,pranarom,fra,dossier,d:blogs,total,9.0,763,36322,final
2025-11-29,pranarom,fra,dossier,d:blogs,total,8.9,826,37771,final
2025-11-30,pranarom,fra,dossier,d:blogs,total,8.5,908,41958,final
2025-12-01,pranarom,fra,dossier,d:blogs,total,8.0,823,41320,final
2025-12-02,pranarom,fra,dossier,d:blogs,total,8.5,754,38295,final
2025-12-03,pranarom,fra,dossier,d:blogs,total,8.9,819,40597,final
2025-12-04,pranarom,fra,dossier,d:blogs,total,9.0,766,38632,final
2025-12-05,pranarom,fra,dossier,d:blogs,total,9.2,664,36441,final
2025-12-06,pranarom,fra,dossier,d:blogs,total,8.4,794,36984,final
2025-12-07,pranarom,fra,dossier,d:blogs,total,8.3,898,41891,final
2025-12-08,pranarom,fra,dossier,d:blogs,total,8.1,778,41362,final
2025-12-09,pranarom,fra,dossier,d:blogs,total,8.7,805,44402,final
2025-12-10,pranarom,fra,dossier,d:blogs,total,8.9,848,47228,final
2025-12-11,pranarom,fra,dossier,d:blogs,total,9.1,790,39843,final
2025-12-12,pranarom,fra,dossier,d:blogs,total,9.0,752,42291,final
2025-12-13,pranarom,fra,dossier,d:blogs,total,7.9,852,42912,final
2025-12-14,pranarom,fra,dossier,d:blogs,total,8.2,862,44382,final
2025-12-15,pranarom,fra,dossier,d:blogs,total,7.8,900,46558,final
2025-12-16,pranarom,fra,dossier,d:blogs,total,7.4,941,43922,final
2025-12-17,pranarom,fra,dossier,d:blogs,total,7.4,862,42010,final
2025-12-18,pranarom,fra,dossier,d:blogs,total,8.3,806,41776,final
2025-12-19,pranarom,fra,dossier,d:blogs,total,8.0,811,41038,final
2025-12-20,pranarom,fra,dossier,d:blogs,total,7.1,899,43895,final
2025-12-21,pranarom,fra,dossier,d:blogs,total,7.6,1043,47785,final
2025-12-22,pranarom,fra,dossier,d:blogs,total,6.8,964,46564,final
2025-12-23,pranarom,fra,dossier,d:blogs,total,7.5,859,44722,final
2025-12-24,pranarom,fra,dossier,d:blogs,total,9.7,593,36545,final
2025-12-25,pranarom,fra,dossier,d:blogs,total,8.3,792,39428,final
2025-12-26,pranarom,fra,dossier,d:blogs,total,7.1,967,46563,final
2025-12-27,pranarom,fra,dossier,d:blogs,total,6.8,1046,48641,final
2025-12-28,pranarom,fra,dossier,d:blogs,total,6.9,1079,50135,final
2025-12-29,pranarom,fra,dossier,d:blogs,total,6.6,1113,50491,final
2025-12-30,pranarom,fra,dossier,d:blogs,total,6.6,1033,48904,final
2025-12-31,pranarom,fra,dossier,d:blogs,total,9.2,700,40540,final
2026-01-01,pranarom,fra,dossier,d:blogs,total,8.7,898,45317,final
2026-01-02,pranarom,fra,dossier,d:blogs,total,6.7,976,49672,final
2026-01-03,pranarom,fra,dossier,d:blogs,total,6.6,1077,49437,final
2026-01-04,pranarom,fra,dossier,d:blogs,total,6.9,1040,50154,final
2026-01-05,pranarom,fra,dossier,d:blogs,total,6.9,1031,43469,final
2026-01-06,pranarom,fra,dossier,d:blogs,total,7.6,889,41504,final
2026-01-07,pranarom,fra,dossier,d:blogs,total,8.3,808,43293,final
2026-01-08,pranarom,fra,dossier,d:blogs,total,8.2,833,43308,final
2026-01-09,pranarom,fra,dossier,d:blogs,total,8.3,805,45313,final
2026-01-10,pranarom,fra,dossier,d:blogs,total,7.9,890,45063,final
2026-01-11,pranarom,fra,dossier,d:blogs,total,7.6,925,41812,final
2026-01-12,pranarom,fra,dossier,d:blogs,total,7.8,847,40421,final
2026-01-13,pranarom,fra,dossier,d:blogs,total,8.2,802,36526,final
2026-01-14,pranarom,fra,dossier,d:blogs,total,9.0,779,39523,final
2026-01-15,pranarom,fra,dossier,d:blogs,total,8.8,776,38111,final
2026-01-16,pranarom,fra,dossier,d:blogs,total,8.0,792,37902,final
2026-01-17,pranarom,fra,dossier,d:blogs,total,7.5,835,40489,final
2026-01-18,pranarom,fra,dossier,d:blogs,total,7.9,909,41889,final
2026-01-19,pranarom,fra,dossier,d:blogs,total,7.2,916,42366,final
2026-01-20,pranarom,fra,dossier,d:blogs,total,7.3,779,40288,final
2026-01-21,pranarom,fra,dossier,d:blogs,total,8.9,821,45251,final
2026-01-22,pranarom,fra,dossier,d:blogs,total,7.7,796,42812,final
2026-01-23,pranarom,fra,dossier,d:blogs,total,8.5,722,41015,final
2026-01-24,pranarom,fra,dossier,d:blogs,total,8.3,837,44206,final
2026-01-25,pranarom,fra,dossier,d:blogs,total,8.0,906,46486,final
2026-01-26,pranarom,fra,dossier,d:blogs,total,7.1,898,45415,final
2026-01-27,pranarom,fra,dossier,d:blogs,total,7.7,844,44353,final
2026-01-28,pranarom,fra,dossier,d:blogs,total,8.5,819,45172,final
2026-01-29,pranarom,fra,dossier,d:blogs,total,8.9,787,42749,final
2026-01-30,pranarom,fra,dossier,d:blogs,total,8.4,737,41850,final
2026-01-31,pranarom,fra,dossier,d:blogs,total,8.4,829,47858,final
2026-02-01,pranarom,fra,dossier,d:blogs,total,8.1,983,49746,final
2026-02-02,pranarom,fra,dossier,d:blogs,total,7.0,878,46714,final
2026-02-03,pranarom,fra,dossier,d:blogs,total,7.0,868,45376,final
2026-02-04,pranarom,fra,dossier,d:blogs,total,7.9,847,46335,final
2026-02-05,pranarom,fra,dossier,d:blogs,total,8.4,832,44996,final
2026-02-06,pranarom,fra,dossier,d:blogs,total,9.0,791,42267,final
2026-02-07,pranarom,fra,dossier,d:blogs,total,8.2,920,42193,final
2026-02-08,pranarom,fra,dossier,d:blogs,total,9.7,923,47950,final
2026-02-09,pranarom,fra,dossier,d:blogs,total,8.4,863,45416,final
2026-02-10,pranarom,fra,dossier,d:blogs,total,8.1,869,44916,final
2026-02-11,pranarom,fra,dossier,d:blogs,total,8.1,831,45386,final
2026-02-12,pranarom,fra,dossier,d:blogs,total,8.7,845,42736,final
2026-02-13,pranarom,fra,dossier,d:blogs,total,8.3,734,39761,final
2026-02-14,pranarom,fra,dossier,d:blogs,total,8.5,780,41416,final
2026-02-15,pranarom,fra,dossier,d:blogs,total,7.8,866,41252,final
2026-02-16,pranarom,fra,dossier,d:blogs,total,7.5,839,40470,final
2026-02-17,pranarom,fra,dossier,d:blogs,total,7.2,733,39296,final
2026-02-18,pranarom,fra,dossier,d:blogs,total,7.4,676,39426,final
2026-02-19,pranarom,fra,dossier,d:blogs,total,7.3,746,39868,final
2026-02-20,pranarom,fra,dossier,d:blogs,total,7.9,741,40399,final
2026-02-21,pranarom,fra,dossier,d:blogs,total,7.4,819,44022,final
2026-02-22,pranarom,fra,dossier,d:blogs,total,7.7,900,44508,final
2026-02-23,pranarom,fra,dossier,d:blogs,total,7.1,881,43369,final
2026-02-24,pranarom,fra,dossier,d:blogs,total,8.0,775,42678,final
2026-02-25,pranarom,fra,dossier,d:blogs,total,8.5,806,43606,final
2026-02-26,pranarom,fra,dossier,d:blogs,total,9.2,797,39168,final
2026-02-27,pranarom,fra,dossier,d:blogs,total,8.7,775,46558,final
2026-02-28,pranarom,fra,dossier,d:blogs,total,7.8,801,44218,final
2026-03-01,pranarom,fra,dossier,d:blogs,total,7.9,819,45102,final
2026-03-02,pranarom,fra,dossier,d:blogs,total,7.7,777,44336,final
2026-03-03,pranarom,fra,dossier,d:blogs,total,7.8,640,41471,final
2026-03-04,pranarom,fra,dossier,d:blogs,total,8.2,684,38281,final
2026-03-05,pranarom,fra,dossier,d:blogs,total,7.8,681,38792,final
2026-03-06,pranarom,fra,dossier,d:blogs,total,7.8,812,42124,final
2026-03-07,pranarom,fra,dossier,d:blogs,total,7.9,741,41815,final
2026-03-08,pranarom,fra,dossier,d:blogs,total,7.6,785,47908,final
2026-03-09,pranarom,fra,dossier,d:blogs,total,7.0,742,45628,final
2026-03-10,pranarom,fra,dossier,d:blogs,total,7.4,732,42313,final
2026-03-11,pranarom,fra,dossier,d:blogs,total,7.2,770,46280,final
2026-03-12,pranarom,fra,dossier,d:blogs,total,7.8,691,40598,final
2026-03-13,pranarom,fra,dossier,d:blogs,total,7.5,681,37850,final
2026-03-14,pranarom,fra,dossier,d:blogs,total,7.4,790,38165,final
2026-03-15,pranarom,fra,dossier,d:blogs,total,7.4,711,36157,final
2026-03-16,pranarom,fra,dossier,d:blogs,total,7.5,640,36705,final
2026-03-17,pranarom,fra,dossier,d:blogs,total,7.8,678,36249,final
2026-03-18,pranarom,fra,dossier,d:blogs,total,8.1,742,42769,final
2026-03-19,pranarom,fra,dossier,d:blogs,total,8.1,661,40252,final
2026-03-20,pranarom,fra,dossier,d:blogs,total,7.8,660,39031,final
2026-03-21,pranarom,fra,dossier,d:blogs,total,7.9,775,41124,final
2026-03-22,pranarom,fra,dossier,d:blogs,total,7.6,818,43495,final
2026-03-23,pranarom,fra,dossier,d:blogs,total,7.0,763,42984,final
2026-03-24,pranarom,fra,dossier,d:blogs,total,6.9,722,41959,final
2026-03-25,pranarom,fra,dossier,d:blogs,total,6.8,760,42693,final
2026-03-26,pranarom,fra,dossier,d:blogs,total,7.2,730,40937,final
2026-03-27,pranarom,fra,dossier,d:blogs,total,7.1,700,41030,final
2026-03-28,pranarom,fra,dossier,d:blogs,total,6.9,820,39817,final
2026-03-29,pranarom,fra,dossier,d:blogs,total,7.0,815,42602,final
2026-03-30,pranarom,fra,dossier,d:blogs,total,6.8,859,45578,final
2026-03-31,pranarom,fra,dossier,d:blogs,total,7.4,816,45292,final
2026-04-01,pranarom,fra,dossier,d:blogs,total,7.3,781,45814,final
2026-04-02,pranarom,fra,dossier,d:blogs,total,7.3,744,43448,final
2026-04-03,pranarom,fra,dossier,d:blogs,total,7.5,697,39562,final
2026-04-04,pranarom,fra,dossier,d:blogs,total,7.2,698,40119,final
2026-04-05,pranarom,fra,dossier,d:blogs,total,7.2,804,43588,final
2026-04-06,pranarom,fra,dossier,d:blogs,total,7.1,906,48069,final
2026-04-07,pranarom,fra,dossier,d:blogs,total,7.1,806,48659,final
2026-04-08,pranarom,fra,dossier,d:blogs,total,7.4,837,52812,final
2026-04-09,pranarom,fra,dossier,d:blogs,total,7.3,786,54224,final
2026-04-10,pranarom,fra,dossier,d:blogs,total,7.1,870,50692,final
2026-04-11,pranarom,fra,dossier,d:blogs,total,7.1,884,50675,final
2026-04-12,pranarom,fra,dossier,d:blogs,total,7.2,879,50467,final
2026-04-13,pranarom,fra,dossier,d:blogs,total,6.7,872,53410,final
2026-04-14,pranarom,fra,dossier,d:blogs,total,7.1,759,50985,final
2026-04-15,pranarom,fra,dossier,d:blogs,total,7.4,769,47665,final
2026-04-16,pranarom,fra,dossier,d:blogs,total,7.7,738,45979,final
2026-04-17,pranarom,fra,dossier,d:blogs,total,7.4,728,43918,final
2026-04-18,pranarom,fra,dossier,d:blogs,total,7.6,737,45530,final
2026-04-19,pranarom,fra,dossier,d:blogs,total,7.5,827,47753,final
2026-04-20,pranarom,fra,dossier,d:blogs,total,7.4,793,47649,final
2026-04-21,pranarom,fra,dossier,d:blogs,total,7.4,785,46163,final
2026-04-22,pranarom,fra,dossier,d:blogs,total,7.4,724,45798,final
2026-04-23,pranarom,fra,dossier,d:blogs,total,7.7,751,45562,final
2026-04-24,pranarom,fra,dossier,d:blogs,total,7.6,715,48998,final
2026-04-25,pranarom,fra,dossier,d:blogs,total,7.8,793,48498,final
2026-04-26,pranarom,fra,dossier,d:blogs,total,7.6,841,49007,final
2026-04-27,pranarom,fra,dossier,d:blogs,total,7.4,800,48883,final
2026-04-28,pranarom,fra,dossier,d:blogs,total,7.9,756,47740,final
2026-04-29,pranarom,fra,dossier,d:blogs,total,7.8,822,47040,final
2026-04-30,pranarom,fra,dossier,d:blogs,total,8.3,679,43874,final
2026-05-01,pranarom,fra,dossier,d:blogs,total,7.6,752,43544,final
2026-05-02,pranarom,fra,dossier,d:blogs,total,7.2,785,43173,final
2026-05-03,pranarom,fra,dossier,d:blogs,total,7.2,880,46581,final
2026-05-04,pranarom,fra,dossier,d:blogs,total,7.3,794,47116,final
2026-05-05,pranarom,fra,dossier,d:blogs,total,7.3,746,46054,final
2026-05-06,pranarom,fra,dossier,d:blogs,total,7.6,719,44705,final
2026-05-07,pranarom,fra,dossier,d:blogs,total,7.2,656,49312,final
2026-05-08,pranarom,fra,dossier,d:blogs,total,7.5,724,43328,final
2026-05-09,pranarom,fra,dossier,d:blogs,total,7.6,790,46908,final
2026-05-10,pranarom,fra,dossier,d:blogs,total,7.3,866,49245,final
2026-05-11,pranarom,fra,dossier,d:blogs,total,7.6,828,48012,final
2026-05-12,pranarom,fra,dossier,d:blogs,total,8.7,686,45820,final
2026-05-13,pranarom,fra,dossier,d:blogs,total,8.5,681,45251,final
2026-05-14,pranarom,fra,dossier,d:blogs,total,7.7,764,44968,final
2026-05-15,pranarom,fra,dossier,d:blogs,total,6.6,734,41347,final
2026-05-16,pranarom,fra,dossier,d:blogs,total,6.4,798,40881,final
2026-05-17,pranarom,fra,dossier,d:blogs,total,6.3,880,43412,final
2026-05-18,pranarom,fra,dossier,d:blogs,total,6.7,789,42833,final
2026-05-19,pranarom,fra,dossier,d:blogs,total,6.7,791,43302,final
2026-05-20,pranarom,fra,dossier,d:blogs,total,6.8,732,42960,final
2026-05-21,pranarom,fra,dossier,d:blogs,total,6.5,684,39760,final
2026-05-22,pranarom,fra,dossier,d:blogs,total,6.4,714,39615,final
2026-05-23,pranarom,fra,dossier,d:blogs,total,6.5,757,41176,final
2026-05-24,pranarom,fra,dossier,d:blogs,total,6.8,867,42964,final
2026-05-25,pranarom,fra,dossier,d:blogs,total,6.6,874,47703,final
2026-05-26,pranarom,fra,dossier,d:blogs,total,7.0,811,44194,final
2026-05-27,pranarom,fra,dossier,d:blogs,total,7.1,779,43514,final
2026-05-28,pranarom,fra,dossier,d:blogs,total,7.2,729,42945,final
2026-05-29,pranarom,fra,dossier,d:blogs,total,6.9,704,39172,final
2026-05-30,pranarom,fra,dossier,d:blogs,total,7.0,689,38599,final
2026-05-31,pranarom,fra,dossier,d:blogs,total,7.0,738,38753,final
2026-06-01,pranarom,fra,dossier,d:blogs,total,7.3,760,39980,final
2026-06-02,pranarom,fra,dossier,d:blogs,total,6.9,687,37124,final
2026-06-03,pranarom,fra,dossier,d:blogs,total,7.2,624,37062,final
2026-06-04,pranarom,fra,dossier,d:blogs,total,7.2,592,34524,final
2026-06-05,pranarom,fra,dossier,d:blogs,total,7.0,520,31404,final
2026-06-06,pranarom,fra,dossier,d:blogs,total,7.1,511,31267,final
2026-06-07,pranarom,fra,dossier,d:blogs,total,7.2,674,40089,final
2026-06-08,pranarom,fra,dossier,d:blogs,total,7.1,613,36223,final
2026-06-09,pranarom,fra,dossier,d:blogs,total,7.0,616,33646,final
2026-06-10,pranarom,fra,dossier,d:blogs,total,7.3,558,34641,final
2026-06-11,pranarom,fra,dossier,d:blogs,total,7.1,521,30944,final
2026-06-12,pranarom,fra,dossier,d:blogs,total,7.2,529,30911,final
2026-06-13,pranarom,fra,dossier,d:blogs,total,7.2,619,32598,final
2026-06-14,pranarom,fra,dossier,d:blogs,total,7.1,697,37534,final
2026-06-15,pranarom,fra,dossier,d:blogs,total,7.0,697,36880,final
2026-06-16,pranarom,fra,dossier,d:blogs,total,7.1,694,34965,final
2026-06-17,pranarom,fra,dossier,d:blogs,total,6.9,651,36389,final
2026-06-18,pranarom,fra,dossier,d:blogs,total,6.9,612,34486,final
2026-06-19,pranarom,fra,dossier,d:blogs,total,6.9,582,32895,final
2026-06-20,pranarom,fra,dossier,d:blogs,total,6.8,600,34052,final
2026-06-21,pranarom,fra,dossier,d:blogs,total,6.9,738,37703,final
2026-06-22,pranarom,fra,dossier,d:blogs,total,7.0,688,38977,final
2026-06-23,pranarom,fra,dossier,d:blogs,total,7.0,663,36851,final
2026-06-24,pranarom,fra,dossier,d:blogs,total,7.0,672,37027,final
2026-06-25,pranarom,fra,dossier,d:blogs,total,7.0,574,34829,final
2026-06-26,pranarom,fra,dossier,d:blogs,total,7.2,584,34066,final
2026-06-27,pranarom,fra,dossier,d:blogs,total,7.2,661,35692,final
2026-06-28,pranarom,fra,dossier,d:blogs,total,6.8,810,37258,final
2026-06-29,pranarom,fra,dossier,d:blogs,total,6.8,696,36452,final
2026-06-30,pranarom,fra,dossier,d:blogs,total,6.8,574,33883,final
2026-07-01,pranarom,fra,dossier,d:blogs,total,7.4,566,35487,final
2026-07-02,pranarom,fra,dossier,d:blogs,total,7.1,607,33075,final
2026-07-03,pranarom,fra,dossier,d:blogs,total,7.1,528,31063,final
2026-07-04,pranarom,fra,dossier,d:blogs,total,7.1,580,31873,final
2026-07-05,pranarom,fra,dossier,d:blogs,total,7.0,700,33701,final
2026-07-06,pranarom,fra,dossier,d:blogs,total,7.5,689,36926,final
2026-07-07,pranarom,fra,dossier,d:blogs,total,7.0,661,36307,final
2026-07-08,pranarom,fra,dossier,d:blogs,total,7.0,739,37492,final
2026-07-09,pranarom,fra,dossier,d:blogs,total,7.1,639,39370,final
2026-07-10,pranarom,fra,dossier,d:blogs,total,7.2,593,35481,final
2026-07-11,pranarom,fra,dossier,d:blogs,total,7.3,653,35004,final
2026-07-12,pranarom,fra,dossier,d:blogs,total,7.1,772,39379,final
2026-07-13,pranarom,fra,dossier,d:blogs,total,7.2,713,39336,final
2026-07-14,pranarom,fra,dossier,d:blogs,total,6.8,793,42808,final
2026-07-15,pranarom,fra,dossier,d:blogs,total,7.3,729,40379,final
2026-07-16,pranarom,fra,dossier,d:blogs,total,7.4,712,38798,final
2026-07-17,pranarom,fra,dossier,d:blogs,total,7.1,676,37106,final
2026-07-18,pranarom,fra,dossier,d:blogs,total,7.1,726,39082,final
2026-07-19,pranarom,fra,dossier,d:blogs,total,6.9,856,40186,final
2026-07-20,pranarom,fra,dossier,d:blogs,total,7.0,709,38316,final
2026-07-21,pranarom,fra,dossier,d:blogs,total,7.3,665,38062,final
2026-07-22,pranarom,fra,dossier,d:blogs,total,7.4,643,38374,final
2026-07-23,pranarom,fra,dossier,d:blogs,total,7.8,421,34670,final
2026-07-24,pranarom,fra,dossier,d:blogs,total,7.9,426,33038,final
2026-07-25,pranarom,fra,dossier,d:blogs,total,8.4,441,34924,final
2026-07-26,pranarom,fra,dossier,d:blogs,total,8.4,495,35818,final
2026-07-27,pranarom,fra,dossier,d:blogs,total,8.6,461,38551,final
2026-07-28,pranarom,fra,dossier,d:blogs,total,9.2,462,40427,final
2026-07-29,pranarom,fra,dossier,d:blogs,total,8.9,500,41453,final
2026-07-30,pranarom,fra,dossier,d:blogs,total,9.0,475,39603,final
2026-07-31,pranarom,fra,dossier,d:blogs,total,9.0,420,37201,final
2026-08-01,pranarom,fra,dossier,d:blogs,total,8.8,476,37887,final
2026-08-02,pranarom,fra,dossier,d:blogs,total,8.3,546,40568,final
2026-08-03,pranarom,fra,dossier,d:blogs,total,8.3,513,40867,final
2026-08-04,pranarom,fra,dossier,d:blogs,total,9.1,520,41691,final
2026-08-05,pranarom,fra,dossier,d:blogs,total,9.1,493,40682,final
2026-08-06,pranarom,fra,dossier,d:blogs,total,10.7,451,45903,final
2026-08-07,pranarom,fra,dossier,d:blogs,total,9.4,420,37580,final
2026-08-08,pranarom,fra,dossier,d:blogs,total,8.4,448,38082,final
2026-08-09,pranarom,fra,dossier,d:blogs,total,8.4,471,37601,final
2026-08-10,pranarom,fra,dossier,d:blogs,total,8.3,488,40259,final
2026-08-11,pranarom,fra,dossier,d:blogs,total,8.5,400,38494,final
2026-08-12,pranarom,fra,dossier,d:blogs,total,8.7,377,36594,final
2026-08-13,pranarom,fra,dossier,d:blogs,total,8.8,417,38489,final
2026-08-14,pranarom,fra,dossier,d:blogs,total,7.9,420,36172,final
2026-08-15,pranarom,fra,dossier,d:blogs,total,8.2,441,35899,final
2026-08-16,pranarom,fra,dossier,d:blogs,total,8.2,500,39226,final
2026-08-17,pranarom,fra,dossier,d:blogs,total,8.3,489,39149,final
2026-08-18,pranarom,fra,dossier,d:blogs,total,8.2,445,38121,final
2026-08-19,pranarom,fra,dossier,d:blogs,total,8.5,486,39797,final
2026-08-20,pranarom,fra,dossier,d:blogs,total,8.6,424,37428,final
2026-08-21,pranarom,fra,dossier,d:blogs,total,9.0,381,36344,final
2026-08-22,pranarom,fra,dossier,d:blogs,total,8.4,406,35309,final
2026-08-23,pranarom,fra,dossier,d:blogs,total,8.1,418,36034,final
2026-08-24,pranarom,fra,dossier,d:blogs,total,8.2,479,37155,final
2026-08-25,pranarom,fra,dossier,d:blogs,total,8.3,452,40687,final
2026-08-26,pranarom,fra,dossier,d:blogs,total,8.7,459,43323,final
2026-08-27,pranarom,fra,dossier,d:blogs,total,8.7,422,37907,final
2026-08-28,pranarom,fra,dossier,d:blogs,total,8.8,401,35943,final
2026-08-29,pranarom,fra,dossier,d:blogs,total,9.0,400,37793,final
2026-08-30,pranarom,fra,dossier,d:blogs,total,8.5,442,38404,final
2026-08-31,pranarom,fra,dossier,d:blogs,total,9.0,436,42860,final
2026-09-01,pranarom,fra,dossier,d:blogs,total,8.6,412,38285,final
2026-09-02,pranarom,fra,dossier,d:blogs,total,8.8,401,39206,final
2026-09-03,pranarom,fra,dossier,d:blogs,total,10.5,386,45242,final
2026-09-04,pranarom,fra,dossier,d:blogs,total,9.1,415,41014,final
2026-09-05,pranarom,fra,dossier,d:blogs,total,8.3,437,38443,final
2026-09-06,pranarom,fra,dossier,d:blogs,total,8.0,501,40103,final
2026-09-07,pranarom,fra,dossier,d:blogs,total,8.0,527,41217,final
2026-09-08,pranarom,fra,dossier,d:blogs,total,8.2,410,38073,final
2026-09-09,pranarom,fra,dossier,d:blogs,total,8.1,370,35787,final
2026-09-10,pranarom,fra,dossier,d:blogs,total,8.3,348,31979,final
2026-09-11,pranarom,fra,dossier,d:blogs,total,7.8,376,36983,final
2026-09-12,pranarom,fra,dossier,d:blogs,total,8.0,464,39373,final
2026-09-13,pranarom,fra,dossier,d:blogs,total,7.6,475,43665,final
2026-09-14,pranarom,fra,dossier,d:blogs,total,7.5,497,43390,final
2026-09-15,pranarom,fra,dossier,d:blogs,total,7.7,489,34877,final
2026-09-16,pranarom,fra,dossier,d:blogs,total,8.0,405,34466,final
2026-09-17,pranarom,fra,dossier,d:blogs,total,7.6,401,31065,final
2026-09-18,pranarom,fra,dossier,d:blogs,total,7.8,343,29436,final
2026-09-19,pranarom,fra,dossier,d:blogs,total,7.6,366,27632,final
2026-09-20,pranarom,fra,dossier,d:blogs,total,7.5,443,30715,final
2026-09-21,pranarom,fra,dossier,d:blogs,total,7.4,419,30691,final
2026-09-22,pranarom,fra,dossier,d:blogs,total,7.6,372,29903,final
2026-09-23,pranarom,fra,dossier,d:blogs,total,7.7,375,30737,final
2026-09-24,pranarom,fra,dossier,d:blogs,total,8.0,371,30663,final
2026-09-25,pranarom,fra,dossier,d:blogs,total,7.6,437,28159,final
2026-09-26,pranarom,fra,dossier,d:blogs,total,7.9,414,29623,final
2026-09-27,pranarom,fra,dossier,d:blogs,total,7.5,492,31774,final
2026-09-28,pranarom,fra,dossier,d:blogs,total,7.4,459,31630,final
2026-09-29,pranarom,fra,dossier,d:blogs,total,7.6,451,30234,final
2026-09-30,pranarom,fra,dossier,d:blogs,total,6.3,444,25096,final
2026-10-01,pranarom,fra,dossier,d:blogs,total,6.6,332,23537,fresh
2026-10-02,pranarom,fra,dossier,d:blogs,total,6.5,304,20113,fresh
2025-06-10,pranarom,fra,dossier,d:collections,total,4.5,173,9692,final
2025-06-11,pranarom,fra,dossier,d:collections,total,4.4,157,9901,final
2025-06-12,pranarom,fra,dossier,d:collections,total,4.8,127,9779,final
2025-06-13,pranarom,fra,dossier,d:collections,total,5.2,127,8876,final
2025-06-14,pranarom,fra,dossier,d:collections,total,4.8,140,8987,final
2025-06-15,pranarom,fra,dossier,d:collections,total,4.6,117,9261,final
2025-06-16,pranarom,fra,dossier,d:collections,total,4.6,151,9360,final
2025-06-17,pranarom,fra,dossier,d:collections,total,4.4,157,9643,final
2025-06-18,pranarom,fra,dossier,d:collections,total,4.4,159,10007,final
2025-06-19,pranarom,fra,dossier,d:collections,total,4.5,138,9488,final
2025-06-20,pranarom,fra,dossier,d:collections,total,5.0,144,8690,final
2025-06-21,pranarom,fra,dossier,d:collections,total,5.4,101,8051,final
2025-06-22,pranarom,fra,dossier,d:collections,total,5.6,88,8461,final
2025-06-23,pranarom,fra,dossier,d:collections,total,5.1,147,9717,final
2025-06-24,pranarom,fra,dossier,d:collections,total,4.9,117,10223,final
2025-06-25,pranarom,fra,dossier,d:collections,total,5.3,117,9538,final
2025-06-26,pranarom,fra,dossier,d:collections,total,5.5,100,9297,final
2025-06-27,pranarom,fra,dossier,d:collections,total,5.1,124,8875,final
2025-06-28,pranarom,fra,dossier,d:collections,total,5.4,108,8392,final
2025-06-29,pranarom,fra,dossier,d:collections,total,5.1,123,9042,final
2025-06-30,pranarom,fra,dossier,d:collections,total,5.0,153,9120,final
2025-07-01,pranarom,fra,dossier,d:collections,total,5.9,144,8938,final
2025-07-02,pranarom,fra,dossier,d:collections,total,8.5,130,10428,final
2025-07-03,pranarom,fra,dossier,d:collections,total,9.4,109,9721,final
2025-07-04,pranarom,fra,dossier,d:collections,total,10.4,100,10111,final
2025-07-05,pranarom,fra,dossier,d:collections,total,8.8,78,9955,final
2025-07-06,pranarom,fra,dossier,d:collections,total,9.0,104,9663,final
2025-07-07,pranarom,fra,dossier,d:collections,total,8.4,120,9953,final
2025-07-08,pranarom,fra,dossier,d:collections,total,8.9,135,10410,final
2025-07-09,pranarom,fra,dossier,d:collections,total,8.6,119,9592,final
2025-07-10,pranarom,fra,dossier,d:collections,total,10.0,109,9566,final
2025-07-11,pranarom,fra,dossier,d:collections,total,9.0,89,9841,final
2025-07-12,pranarom,fra,dossier,d:collections,total,8.7,93,9496,final
2025-07-13,pranarom,fra,dossier,d:collections,total,9.8,86,8487,final
2025-07-14,pranarom,fra,dossier,d:collections,total,9.8,96,8764,final
2025-07-15,pranarom,fra,dossier,d:collections,total,8.8,114,10723,final
2025-07-16,pranarom,fra,dossier,d:collections,total,9.1,116,9894,final
2025-07-17,pranarom,fra,dossier,d:collections,total,8.7,126,9545,final
2025-07-18,pranarom,fra,dossier,d:collections,total,9.4,101,9429,final
2025-07-19,pranarom,fra,dossier,d:collections,total,9.5,113,9600,final
2025-07-20,pranarom,fra,dossier,d:collections,total,9.7,96,9066,final
2025-07-21,pranarom,fra,dossier,d:collections,total,8.7,147,9979,final
2025-07-22,pranarom,fra,dossier,d:collections,total,9.3,123,11082,final
2025-07-23,pranarom,fra,dossier,d:collections,total,10.4,106,10571,final
2025-07-24,pranarom,fra,dossier,d:collections,total,10.3,115,10464,final
2025-07-25,pranarom,fra,dossier,d:collections,total,11.1,96,10297,final
2025-07-26,pranarom,fra,dossier,d:collections,total,10.1,116,10771,final
2025-07-27,pranarom,fra,dossier,d:collections,total,10.5,117,10129,final
2025-07-28,pranarom,fra,dossier,d:collections,total,9.7,135,11127,final
2025-07-29,pranarom,fra,dossier,d:collections,total,9.3,119,10815,final
2025-07-30,pranarom,fra,dossier,d:collections,total,9.3,127,10966,final
2025-07-31,pranarom,fra,dossier,d:collections,total,10.2,109,10455,final
2025-08-01,pranarom,fra,dossier,d:collections,total,10.3,121,10250,final
2025-08-02,pranarom,fra,dossier,d:collections,total,9.7,129,9730,final
2025-08-03,pranarom,fra,dossier,d:collections,total,9.9,99,9129,final
2025-08-04,pranarom,fra,dossier,d:collections,total,9.7,125,10788,final
2025-08-05,pranarom,fra,dossier,d:collections,total,9.6,126,10445,final
2025-08-06,pranarom,fra,dossier,d:collections,total,10.3,125,10382,final
2025-08-07,pranarom,fra,dossier,d:collections,total,9.8,110,10175,final
2025-08-08,pranarom,fra,dossier,d:collections,total,10.0,114,9730,final
2025-08-09,pranarom,fra,dossier,d:collections,total,9.2,119,9160,final
2025-08-10,pranarom,fra,dossier,d:collections,total,10.6,117,9277,final
2025-08-11,pranarom,fra,dossier,d:collections,total,9.3,127,10879,final
2025-08-12,pranarom,fra,dossier,d:collections,total,9.7,145,10412,final
2025-08-13,pranarom,fra,dossier,d:collections,total,9.5,118,9799,final
2025-08-14,pranarom,fra,dossier,d:collections,total,11.0,93,9763,final
2025-08-15,pranarom,fra,dossier,d:collections,total,10.9,128,9256,final
2025-08-16,pranarom,fra,dossier,d:collections,total,11.0,131,9894,final
2025-08-17,pranarom,fra,dossier,d:collections,total,10.2,94,8668,final
2025-08-18,pranarom,fra,dossier,d:collections,total,10.0,132,10343,final
2025-08-19,pranarom,fra,dossier,d:collections,total,10.4,136,10429,final
2025-08-20,pranarom,fra,dossier,d:collections,total,10.5,114,9754,final
2025-08-21,pranarom,fra,dossier,d:collections,total,10.8,109,10011,final
2025-08-22,pranarom,fra,dossier,d:collections,total,11.4,124,9120,final
2025-08-23,pranarom,fra,dossier,d:collections,total,12.3,118,9333,final
2025-08-24,pranarom,fra,dossier,d:collections,total,11.4,82,9483,final
2025-08-25,pranarom,fra,dossier,d:collections,total,10.7,112,10081,final
2025-08-26,pranarom,fra,dossier,d:collections,total,10.5,133,11510,final
2025-08-27,pranarom,fra,dossier,d:collections,total,9.5,152,10679,final
2025-08-28,pranarom,fra,dossier,d:collections,total,10.3,121,10575,final
2025-08-29,pranarom,fra,dossier,d:collections,total,11.8,137,10408,final
2025-08-30,pranarom,fra,dossier,d:collections,total,11.3,110,9822,final
2025-08-31,pranarom,fra,dossier,d:collections,total,12.9,116,9495,final
2025-09-01,pranarom,fra,dossier,d:collections,total,11.0,132,10095,final
2025-09-02,pranarom,fra,dossier,d:collections,total,12.0,106,10119,final
2025-09-03,pranarom,fra,dossier,d:collections,total,10.7,95,9799,final
2025-09-04,pranarom,fra,dossier,d:collections,total,10.7,97,10080,final
2025-09-05,pranarom,fra,dossier,d:collections,total,12.9,112,8339,final
2025-09-06,pranarom,fra,dossier,d:collections,total,12.4,104,8311,final
2025-09-07,pranarom,fra,dossier,d:collections,total,11.7,79,8317,final
2025-09-08,pranarom,fra,dossier,d:collections,total,10.6,139,8956,final
2025-09-09,pranarom,fra,dossier,d:collections,total,9.3,132,9249,final
2025-09-10,pranarom,fra,dossier,d:collections,total,9.7,119,9511,final
2025-09-11,pranarom,fra,dossier,d:collections,total,9.3,125,10153,final
2025-09-12,pranarom,fra,dossier,d:collections,total,7.7,130,8928,final
2025-09-13,pranarom,fra,dossier,d:collections,total,6.6,131,8813,final
2025-09-14,pranarom,fra,dossier,d:collections,total,6.6,113,9544,final
2025-09-15,pranarom,fra,dossier,d:collections,total,6.5,129,9878,final
2025-09-16,pranarom,fra,dossier,d:collections,total,6.3,121,9777,final
2025-09-17,pranarom,fra,dossier,d:collections,total,6.0,148,9836,final
2025-09-18,pranarom,fra,dossier,d:collections,total,6.8,132,9146,final
2025-09-19,pranarom,fra,dossier,d:collections,total,6.9,134,9055,final
2025-09-20,pranarom,fra,dossier,d:collections,total,6.9,113,9109,final
2025-09-21,pranarom,fra,dossier,d:collections,total,9.2,125,10332,final
2025-09-22,pranarom,fra,dossier,d:collections,total,7.7,146,10014,final
2025-09-23,pranarom,fra,dossier,d:collections,total,7.2,149,9587,final
2025-09-24,pranarom,fra,dossier,d:collections,total,7.7,155,9544,final
2025-09-25,pranarom,fra,dossier,d:collections,total,6.8,122,7929,final
2025-09-26,pranarom,fra,dossier,d:collections,total,7.1,129,8400,final
2025-09-27,pranarom,fra,dossier,d:collections,total,7.2,117,7856,final
2025-09-28,pranarom,fra,dossier,d:collections,total,7.3,133,7857,final
2025-09-29,pranarom,fra,dossier,d:collections,total,7.0,133,8695,final
2025-09-30,pranarom,fra,dossier,d:collections,total,7.8,158,10044,final
2025-10-01,pranarom,fra,dossier,d:collections,total,7.1,128,9459,final
2025-10-02,pranarom,fra,dossier,d:collections,total,7.3,143,8934,final
2025-10-03,pranarom,fra,dossier,d:collections,total,6.2,158,9192,final
2025-10-04,pranarom,fra,dossier,d:collections,total,6.8,152,8998,final
2025-10-05,pranarom,fra,dossier,d:collections,total,7.5,117,7861,final
2025-10-06,pranarom,fra,dossier,d:collections,total,6.2,153,9726,final
2025-10-07,pranarom,fra,dossier,d:collections,total,6.1,163,10190,final
2025-10-08,pranarom,fra,dossier,d:collections,total,6.6,135,15259,final
2025-10-09,pranarom,fra,dossier,d:collections,total,6.9,148,9630,final
2025-10-10,pranarom,fra,dossier,d:collections,total,6.9,147,9835,final
2025-10-11,pranarom,fra,dossier,d:collections,total,7.3,113,8486,final
2025-10-12,pranarom,fra,dossier,d:collections,total,7.2,100,7594,final
2025-10-13,pranarom,fra,dossier,d:collections,total,6.7,144,9382,final
2025-10-14,pranarom,fra,dossier,d:collections,total,7.1,141,9236,final
2025-10-15,pranarom,fra,dossier,d:collections,total,7.7,137,9986,final
2025-10-16,pranarom,fra,dossier,d:collections,total,9.7,130,9677,final
2025-10-17,pranarom,fra,dossier,d:collections,total,7.5,115,7686,final
2025-10-18,pranarom,fra,dossier,d:collections,total,6.5,109,8176,final
2025-10-19,pranarom,fra,dossier,d:collections,total,6.9,122,9640,final
2025-10-20,pranarom,fra,dossier,d:collections,total,6.3,135,9453,final
2025-10-21,pranarom,fra,dossier,d:collections,total,6.3,130,9751,final
2025-10-22,pranarom,fra,dossier,d:collections,total,6.3,135,9921,final
2025-10-23,pranarom,fra,dossier,d:collections,total,6.3,137,9646,final
2025-10-24,pranarom,fra,dossier,d:collections,total,7.0,128,9411,final
2025-10-25,pranarom,fra,dossier,d:collections,total,7.5,109,9205,final
2025-10-26,pranarom,fra,dossier,d:collections,total,6.5,112,8847,final
2025-10-27,pranarom,fra,dossier,d:collections,total,5.9,154,9830,final
2025-10-28,pranarom,fra,dossier,d:collections,total,6.6,124,9461,final
2025-10-29,pranarom,fra,dossier,d:collections,total,6.2,125,8334,final
2025-10-30,pranarom,fra,dossier,d:collections,total,7.6,99,8265,final
2025-10-31,pranarom,fra,dossier,d:collections,total,7.0,80,7893,final
2025-11-01,pranarom,fra,dossier,d:collections,total,6.9,101,7151,final
2025-11-02,pranarom,fra,dossier,d:collections,total,7.1,95,7338,final
2025-11-03,pranarom,fra,dossier,d:collections,total,6.1,101,8422,final
2025-11-04,pranarom,fra,dossier,d:collections,total,6.8,80,8065,final
2025-11-05,pranarom,fra,dossier,d:collections,total,6.1,112,9582,final
2025-11-06,pranarom,fra,dossier,d:collections,total,6.7,101,10020,final
2025-11-07,pranarom,fra,dossier,d:collections,total,7.3,126,10707,final
2025-11-08,pranarom,fra,dossier,d:collections,total,7.6,91,10841,final
2025-11-09,pranarom,fra,dossier,d:collections,total,8.1,92,9951,final
2025-11-10,pranarom,fra,dossier,d:collections,total,7.4,117,10798,final
2025-11-11,pranarom,fra,dossier,d:collections,total,8.2,103,10685,final
2025-11-12,pranarom,fra,dossier,d:collections,total,6.5,100,9757,final
2025-11-13,pranarom,fra,dossier,d:collections,total,6.9,115,11000,final
2025-11-14,pranarom,fra,dossier,d:collections,total,6.5,117,10102,final
2025-11-15,pranarom,fra,dossier,d:collections,total,6.8,94,9094,final
2025-11-16,pranarom,fra,dossier,d:collections,total,6.7,83,9723,final
2025-11-17,pranarom,fra,dossier,d:collections,total,6.3,113,10323,final
2025-11-18,pranarom,fra,dossier,d:collections,total,6.7,114,10182,final
2025-11-19,pranarom,fra,dossier,d:collections,total,6.7,126,10136,final
2025-11-20,pranarom,fra,dossier,d:collections,total,7.5,119,9485,final
2025-11-21,pranarom,fra,dossier,d:collections,total,7.2,138,10495,final
2025-11-22,pranarom,fra,dossier,d:collections,total,7.3,93,10491,final
2025-11-23,pranarom,fra,dossier,d:collections,total,7.8,125,9979,final
2025-11-24,pranarom,fra,dossier,d:collections,total,6.6,134,10421,final
2025-11-25,pranarom,fra,dossier,d:collections,total,6.6,144,10234,final
2025-11-26,pranarom,fra,dossier,d:collections,total,6.9,112,10209,final
2025-11-27,pranarom,fra,dossier,d:collections,total,6.7,99,10408,final
2025-11-28,pranarom,fra,dossier,d:collections,total,7.7,113,11056,final
2025-11-29,pranarom,fra,dossier,d:collections,total,7.9,128,10592,final
2025-11-30,pranarom,fra,dossier,d:collections,total,7.1,126,10536,final
2025-12-01,pranarom,fra,dossier,d:collections,total,7.0,116,11407,final
2025-12-02,pranarom,fra,dossier,d:collections,total,8.0,125,11495,final
2025-12-03,pranarom,fra,dossier,d:collections,total,6.8,160,12351,final
2025-12-04,pranarom,fra,dossier,d:collections,total,7.2,166,12574,final
2025-12-05,pranarom,fra,dossier,d:collections,total,7.0,144,11172,final
2025-12-06,pranarom,fra,dossier,d:collections,total,6.7,118,11079,final
2025-12-07,pranarom,fra,dossier,d:collections,total,6.9,156,11004,final
2025-12-08,pranarom,fra,dossier,d:collections,total,6.1,184,13155,final
2025-12-09,pranarom,fra,dossier,d:collections,total,6.7,169,13177,final
2025-12-10,pranarom,fra,dossier,d:collections,total,7.0,168,13278,final
2025-12-11,pranarom,fra,dossier,d:collections,total,7.6,151,12285,final
2025-12-12,pranarom,fra,dossier,d:collections,total,6.8,142,12092,final
2025-12-13,pranarom,fra,dossier,d:collections,total,6.9,154,11826,final
2025-12-14,pranarom,fra,dossier,d:collections,total,7.2,148,12834,final
2025-12-15,pranarom,fra,dossier,d:collections,total,6.5,188,13574,final
2025-12-16,pranarom,fra,dossier,d:collections,total,6.2,169,12300,final
2025-12-17,pranarom,fra,dossier,d:collections,total,6.1,163,11869,final
2025-12-18,pranarom,fra,dossier,d:collections,total,7.4,128,12163,final
2025-12-19,pranarom,fra,dossier,d:collections,total,6.6,152,12158,final
2025-12-20,pranarom,fra,dossier,d:collections,total,6.2,130,11741,final
2025-12-21,pranarom,fra,dossier,d:collections,total,6.2,121,10066,final
2025-12-22,pranarom,fra,dossier,d:collections,total,5.9,193,11471,final
2025-12-23,pranarom,fra,dossier,d:collections,total,6.0,169,11025,final
2025-12-24,pranarom,fra,dossier,d:collections,total,7.9,101,8913,final
2025-12-25,pranarom,fra,dossier,d:collections,total,6.9,109,9697,final
2025-12-26,pranarom,fra,dossier,d:collections,total,6.3,140,11081,final
2025-12-27,pranarom,fra,dossier,d:collections,total,6.3,145,10849,final
2025-12-28,pranarom,fra,dossier,d:collections,total,6.1,122,10549,final
2025-12-29,pranarom,fra,dossier,d:collections,total,5.5,157,11589,final
2025-12-30,pranarom,fra,dossier,d:collections,total,5.3,165,11302,final
2025-12-31,pranarom,fra,dossier,d:collections,total,7.5,100,8608,final
2026-01-01,pranarom,fra,dossier,d:collections,total,7.9,111,9172,final
2026-01-02,pranarom,fra,dossier,d:collections,total,5.8,145,11357,final
2026-01-03,pranarom,fra,dossier,d:collections,total,6.3,138,10228,final
2026-01-04,pranarom,fra,dossier,d:collections,total,6.7,137,9978,final
2026-01-05,pranarom,fra,dossier,d:collections,total,6.4,157,9926,final
2026-01-06,pranarom,fra,dossier,d:collections,total,6.5,131,10215,final
2026-01-07,pranarom,fra,dossier,d:collections,total,7.0,147,11118,final
2026-01-08,pranarom,fra,dossier,d:collections,total,7.8,158,11828,final
2026-01-09,pranarom,fra,dossier,d:collections,total,8.4,123,10755,final
2026-01-10,pranarom,fra,dossier,d:collections,total,7.2,128,10864,final
2026-01-11,pranarom,fra,dossier,d:collections,total,7.5,114,9568,final
2026-01-12,pranarom,fra,dossier,d:collections,total,5.9,141,9943,final
2026-01-13,pranarom,fra,dossier,d:collections,total,6.8,130,9998,final
2026-01-14,pranarom,fra,dossier,d:collections,total,7.8,107,9400,final
2026-01-15,pranarom,fra,dossier,d:collections,total,6.9,123,9971,final
2026-01-16,pranarom,fra,dossier,d:collections,total,6.7,102,9207,final
2026-01-17,pranarom,fra,dossier,d:collections,total,6.3,115,9764,final
2026-01-18,pranarom,fra,dossier,d:collections,total,7.2,100,8511,final
2026-01-19,pranarom,fra,dossier,d:collections,total,5.9,136,9721,final
2026-01-20,pranarom,fra,dossier,d:collections,total,5.8,133,9010,final
2026-01-21,pranarom,fra,dossier,d:collections,total,7.2,109,8485,final
2026-01-22,pranarom,fra,dossier,d:collections,total,6.5,100,8038,final
2026-01-23,pranarom,fra,dossier,d:collections,total,7.7,87,7902,final
2026-01-24,pranarom,fra,dossier,d:collections,total,7.7,84,8215,final
2026-01-25,pranarom,fra,dossier,d:collections,total,8.5,80,7772,final
2026-01-26,pranarom,fra,dossier,d:collections,total,6.4,95,8441,final
2026-01-27,pranarom,fra,dossier,d:collections,total,8.2,89,9567,final
2026-01-28,pranarom,fra,dossier,d:collections,total,7.1,105,8759,final
2026-01-29,pranarom,fra,dossier,d:collections,total,8.1,97,8189,final
2026-01-30,pranarom,fra,dossier,d:collections,total,7.6,100,8074,final
2026-01-31,pranarom,fra,dossier,d:collections,total,8.2,95,9165,final
2026-02-01,pranarom,fra,dossier,d:collections,total,8.3,86,7668,final
2026-02-02,pranarom,fra,dossier,d:collections,total,6.6,98,7973,final
2026-02-03,pranarom,fra,dossier,d:collections,total,6.4,76,8144,final
2026-02-04,pranarom,fra,dossier,d:collections,total,8.4,124,8866,final
2026-02-05,pranarom,fra,dossier,d:collections,total,7.7,122,8808,final
2026-02-06,pranarom,fra,dossier,d:collections,total,8.8,97,7519,final
2026-02-07,pranarom,fra,dossier,d:collections,total,8.8,99,6675,final
2026-02-08,pranarom,fra,dossier,d:collections,total,10.6,99,7112,final
2026-02-09,pranarom,fra,dossier,d:collections,total,7.7,109,7365,final
2026-02-10,pranarom,fra,dossier,d:collections,total,7.5,103,8049,final
2026-02-11,pranarom,fra,dossier,d:collections,total,7.3,76,8150,final
2026-02-12,pranarom,fra,dossier,d:collections,total,8.1,112,7894,final
2026-02-13,pranarom,fra,dossier,d:collections,total,7.1,112,7689,final
2026-02-14,pranarom,fra,dossier,d:collections,total,7.7,90,8055,final
2026-02-15,pranarom,fra,dossier,d:collections,total,7.3,103,8137,final
2026-02-16,pranarom,fra,dossier,d:collections,total,7.3,114,8114,final
2026-02-17,pranarom,fra,dossier,d:collections,total,6.7,126,8389,final
2026-02-18,pranarom,fra,dossier,d:collections,total,5.9,109,7756,final
2026-02-19,pranarom,fra,dossier,d:collections,total,6.0,115,7811,final
2026-02-20,pranarom,fra,dossier,d:collections,total,6.9,118,8584,final
2026-02-21,pranarom,fra,dossier,d:collections,total,7.1,112,7606,final
2026-02-22,pranarom,fra,dossier,d:collections,total,6.6,97,7437,final
2026-02-23,pranarom,fra,dossier,d:collections,total,6.2,122,8199,final
2026-02-24,pranarom,fra,dossier,d:collections,total,6.2,108,7897,final
2026-02-25,pranarom,fra,dossier,d:collections,total,7.5,125,8227,final
2026-02-26,pranarom,fra,dossier,d:collections,total,7.3,86,7634,final
2026-02-27,pranarom,fra,dossier,d:collections,total,6.5,99,17454,final
2026-02-28,pranarom,fra,dossier,d:collections,total,6.5,110,10764,final
2026-03-01,pranarom,fra,dossier,d:collections,total,6.9,76,11641,final
2026-03-02,pranarom,fra,dossier,d:collections,total,7.7,114,13535,final
2026-03-03,pranarom,fra,dossier,d:collections,total,7.6,93,12146,final
2026-03-04,pranarom,fra,dossier,d:collections,total,7.1,99,8507,final
2026-03-05,pranarom,fra,dossier,d:collections,total,7.4,113,8961,final
2026-03-06,pranarom,fra,dossier,d:collections,total,6.5,100,7687,final
2026-03-07,pranarom,fra,dossier,d:collections,total,7.1,87,7567,final
2026-03-08,pranarom,fra,dossier,d:collections,total,7.3,81,7579,final
2026-03-09,pranarom,fra,dossier,d:collections,total,6.0,95,8870,final
2026-03-10,pranarom,fra,dossier,d:collections,total,6.2,100,9956,final
2026-03-11,pranarom,fra,dossier,d:collections,total,6.8,85,8374,final
2026-03-12,pranarom,fra,dossier,d:collections,total,7.8,87,8030,final
2026-03-13,pranarom,fra,dossier,d:collections,total,7.8,75,7740,final
2026-03-14,pranarom,fra,dossier,d:collections,total,8.0,77,7865,final
2026-03-15,pranarom,fra,dossier,d:collections,total,8.2,85,7667,final
2026-03-16,pranarom,fra,dossier,d:collections,total,7.0,109,9407,final
2026-03-17,pranarom,fra,dossier,d:collections,total,6.5,99,7240,final
2026-03-18,pranarom,fra,dossier,d:collections,total,7.0,78,7322,final
2026-03-19,pranarom,fra,dossier,d:collections,total,6.8,108,7643,final
2026-03-20,pranarom,fra,dossier,d:collections,total,6.8,75,7341,final
2026-03-21,pranarom,fra,dossier,d:collections,total,6.4,91,7344,final
2026-03-22,pranarom,fra,dossier,d:collections,total,6.4,87,7552,final
2026-03-23,pranarom,fra,dossier,d:collections,total,5.7,104,7958,final
2026-03-24,pranarom,fra,dossier,d:collections,total,5.6,80,11626,final
2026-03-25,pranarom,fra,dossier,d:collections,total,5.0,109,11937,final
2026-03-26,pranarom,fra,dossier,d:collections,total,5.1,81,10998,final
2026-03-27,pranarom,fra,dossier,d:collections,total,5.2,79,11260,final
2026-03-28,pranarom,fra,dossier,d:collections,total,5.5,68,10746,final
2026-03-29,pranarom,fra,dossier,d:collections,total,5.4,51,9760,final
2026-03-30,pranarom,fra,dossier,d:collections,total,5.3,82,11484,final
2026-03-31,pranarom,fra,dossier,d:collections,total,5.3,88,10098,final
2026-04-01,pranarom,fra,dossier,d:collections,total,4.5,130,9623,final
2026-04-02,pranarom,fra,dossier,d:collections,total,4.9,114,9545,final
2026-04-03,pranarom,fra,dossier,d:collections,total,5.3,120,7601,final
2026-04-04,pranarom,fra,dossier,d:collections,total,5.2,109,6667,final
2026-04-05,pranarom,fra,dossier,d:collections,total,5.1,100,7463,final
2026-04-06,pranarom,fra,dossier,d:collections,total,5.0,108,8032,final
2026-04-07,pranarom,fra,dossier,d:collections,total,5.0,115,8731,final
2026-04-08,pranarom,fra,dossier,d:collections,total,4.9,119,8225,final
2026-04-09,pranarom,fra,dossier,d:collections,total,4.9,117,7173,final
2026-04-10,pranarom,fra,dossier,d:collections,total,5.0,102,7155,final
2026-04-11,pranarom,fra,dossier,d:collections,total,5.0,128,6839,final
2026-04-12,pranarom,fra,dossier,d:collections,total,5.3,129,6835,final
2026-04-13,pranarom,fra,dossier,d:collections,total,4.5,125,7213,final
2026-04-14,pranarom,fra,dossier,d:collections,total,4.6,121,7512,final
2026-04-15,pranarom,fra,dossier,d:collections,total,5.3,111,5782,final
2026-04-16,pranarom,fra,dossier,d:collections,total,5.3,95,5389,final
2026-04-17,pranarom,fra,dossier,d:collections,total,5.7,88,4755,final
2026-04-18,pranarom,fra,dossier,d:collections,total,6.7,60,4200,final
2026-04-19,pranarom,fra,dossier,d:collections,total,6.6,56,4173,final
2026-04-20,pranarom,fra,dossier,d:collections,total,6.0,93,5095,final
2026-04-21,pranarom,fra,dossier,d:collections,total,5.8,89,5168,final
2026-04-22,pranarom,fra,dossier,d:collections,total,5.9,109,5162,final
2026-04-23,pranarom,fra,dossier,d:collections,total,6.3,79,5068,final
2026-04-24,pranarom,fra,dossier,d:collections,total,6.6,78,5083,final
2026-04-25,pranarom,fra,dossier,d:collections,total,6.7,76,4497,final
2026-04-26,pranarom,fra,dossier,d:collections,total,6.8,57,4165,final
2026-04-27,pranarom,fra,dossier,d:collections,total,6.1,87,4967,final
2026-04-28,pranarom,fra,dossier,d:collections,total,6.9,86,5237,final
2026-04-29,pranarom,fra,dossier,d:collections,total,5.8,81,5067,final
2026-04-30,pranarom,fra,dossier,d:collections,total,7.5,91,5337,final
2026-05-01,pranarom,fra,dossier,d:collections,total,6.2,62,4421,final
2026-05-02,pranarom,fra,dossier,d:collections,total,5.1,71,4780,final
2026-05-03,pranarom,fra,dossier,d:collections,total,6.2,98,4543,final
2026-05-04,pranarom,fra,dossier,d:collections,total,5.9,93,5533,final
2026-05-05,pranarom,fra,dossier,d:collections,total,5.4,98,5584,final
2026-05-06,pranarom,fra,dossier,d:collections,total,5.2,109,5548,final
2026-05-07,pranarom,fra,dossier,d:collections,total,5.2,78,5241,final
2026-05-08,pranarom,fra,dossier,d:collections,total,6.6,68,4037,final
2026-05-09,pranarom,fra,dossier,d:collections,total,5.9,87,4685,final
2026-05-10,pranarom,fra,dossier,d:collections,total,6.0,83,4404,final
2026-05-11,pranarom,fra,dossier,d:collections,total,5.5,82,5422,final
2026-05-12,pranarom,fra,dossier,d:collections,total,8.2,90,5669,final
2026-05-13,pranarom,fra,dossier,d:collections,total,7.4,90,5061,final
2026-05-14,pranarom,fra,dossier,d:collections,total,6.0,76,4615,final
2026-05-15,pranarom,fra,dossier,d:collections,total,3.6,89,5717,final
2026-05-16,pranarom,fra,dossier,d:collections,total,4.1,63,4990,final
2026-05-17,pranarom,fra,dossier,d:collections,total,4.3,69,4772,final
2026-05-18,pranarom,fra,dossier,d:collections,total,4.3,80,5773,final
2026-05-19,pranarom,fra,dossier,d:collections,total,4.6,69,5362,final
2026-05-20,pranarom,fra,dossier,d:collections,total,4.7,89,5575,final
2026-05-21,pranarom,fra,dossier,d:collections,total,4.0,59,5199,final
2026-05-22,pranarom,fra,dossier,d:collections,total,4.0,82,5323,final
2026-05-23,pranarom,fra,dossier,d:collections,total,4.4,89,4724,final
2026-05-24,pranarom,fra,dossier,d:collections,total,4.7,75,4747,final
2026-05-25,pranarom,fra,dossier,d:collections,total,4.1,87,5353,final
2026-05-26,pranarom,fra,dossier,d:collections,total,4.3,103,5256,final
2026-05-27,pranarom,fra,dossier,d:collections,total,4.5,91,6528,final
2026-05-28,pranarom,fra,dossier,d:collections,total,4.5,99,5879,final
2026-05-29,pranarom,fra,dossier,d:collections,total,4.0,90,5630,final
2026-05-30,pranarom,fra,dossier,d:collections,total,3.9,70,5300,final
2026-05-31,pranarom,fra,dossier,d:collections,total,4.0,70,5407,final
2026-06-01,pranarom,fra,dossier,d:collections,total,4.1,90,6134,final
2026-06-02,pranarom,fra,dossier,d:collections,total,4.1,102,5757,final
2026-06-03,pranarom,fra,dossier,d:collections,total,3.9,66,5907,final
2026-06-04,pranarom,fra,dossier,d:collections,total,4.7,79,5572,final
2026-06-05,pranarom,fra,dossier,d:collections,total,4.4,99,5454,final
2026-06-06,pranarom,fra,dossier,d:collections,total,4.4,68,4589,final
2026-06-07,pranarom,fra,dossier,d:collections,total,5.5,50,5385,final
2026-06-08,pranarom,fra,dossier,d:collections,total,4.1,89,6388,final
2026-06-09,pranarom,fra,dossier,d:collections,total,4.0,81,5387,final
2026-06-10,pranarom,fra,dossier,d:collections,total,4.3,67,5280,final
2026-06-11,pranarom,fra,dossier,d:collections,total,3.6,77,4627,final
2026-06-12,pranarom,fra,dossier,d:collections,total,4.4,84,4268,final
2026-06-13,pranarom,fra,dossier,d:collections,total,4.7,67,4303,final
2026-06-14,pranarom,fra,dossier,d:collections,total,4.4,56,4266,final
2026-06-15,pranarom,fra,dossier,d:collections,total,3.9,98,5043,final
2026-06-16,pranarom,fra,dossier,d:collections,total,4.0,84,5012,final
2026-06-17,pranarom,fra,dossier,d:collections,total,3.9,82,5679,final
2026-06-18,pranarom,fra,dossier,d:collections,total,3.8,98,5149,final
2026-06-19,pranarom,fra,dossier,d:collections,total,4.1,75,5025,final
2026-06-20,pranarom,fra,dossier,d:collections,total,4.4,53,4570,final
2026-06-21,pranarom,fra,dossier,d:collections,total,4.2,41,4096,final
2026-06-22,pranarom,fra,dossier,d:collections,total,3.8,89,6059,final
2026-06-23,pranarom,fra,dossier,d:collections,total,3.8,59,6306,final
2026-06-24,pranarom,fra,dossier,d:collections,total,5.2,89,6335,final
2026-06-25,pranarom,fra,dossier,d:collections,total,4.1,56,6187,final
2026-06-26,pranarom,fra,dossier,d:collections,total,4.2,55,4948,final
2026-06-27,pranarom,fra,dossier,d:collections,total,4.7,55,4786,final
2026-06-28,pranarom,fra,dossier,d:collections,total,5.0,48,5433,final
2026-06-29,pranarom,fra,dossier,d:collections,total,4.4,63,4994,final
2026-06-30,pranarom,fra,dossier,d:collections,total,4.0,81,5678,final
2026-07-01,pranarom,fra,dossier,d:collections,total,4.9,63,5606,final
2026-07-02,pranarom,fra,dossier,d:collections,total,4.6,72,4834,final
2026-07-03,pranarom,fra,dossier,d:collections,total,4.6,49,4920,final
2026-07-04,pranarom,fra,dossier,d:collections,total,4.9,64,4772,final
2026-07-05,pranarom,fra,dossier,d:collections,total,4.3,85,4637,final
2026-07-06,pranarom,fra,dossier,d:collections,total,4.6,75,5281,final
2026-07-07,pranarom,fra,dossier,d:collections,total,4.1,70,5165,final
2026-07-08,pranarom,fra,dossier,d:collections,total,3.9,87,5652,final
2026-07-09,pranarom,fra,dossier,d:collections,total,4.1,77,6267,final
2026-07-10,pranarom,fra,dossier,d:collections,total,4.0,69,5379,final
2026-07-11,pranarom,fra,dossier,d:collections,total,4.4,57,4472,final
2026-07-12,pranarom,fra,dossier,d:collections,total,4.5,49,4348,final
2026-07-13,pranarom,fra,dossier,d:collections,total,3.8,76,6190,final
2026-07-14,pranarom,fra,dossier,d:collections,total,4.4,76,5378,final
2026-07-15,pranarom,fra,dossier,d:collections,total,3.7,82,6097,final
2026-07-16,pranarom,fra,dossier,d:collections,total,4.0,66,6293,final
2026-07-17,pranarom,fra,dossier,d:collections,total,3.8,88,6370,final
2026-07-18,pranarom,fra,dossier,d:collections,total,4.1,80,6988,final
2026-07-19,pranarom,fra,dossier,d:collections,total,4.5,61,6108,final
2026-07-20,pranarom,fra,dossier,d:collections,total,4.2,76,6602,final
2026-07-21,pranarom,fra,dossier,d:collections,total,4.0,80,6843,final
2026-07-22,pranarom,fra,dossier,d:collections,total,4.3,90,6607,final
2026-07-23,pranarom,fra,dossier,d:collections,total,3.6,82,5626,final
2026-07-24,pranarom,fra,dossier,d:collections,total,11.6,76,6958,final
2026-07-25,pranarom,fra,dossier,d:collections,total,5.5,49,5064,final
2026-07-26,pranarom,fra,dossier,d:collections,total,4.9,61,4652,final
2026-07-27,pranarom,fra,dossier,d:collections,total,4.6,72,5696,final
2026-07-28,pranarom,fra,dossier,d:collections,total,8.4,72,6630,final
2026-07-29,pranarom,fra,dossier,d:collections,total,5.8,74,7456,final
2026-07-30,pranarom,fra,dossier,d:collections,total,5.2,99,5785,final
2026-07-31,pranarom,fra,dossier,d:collections,total,6.2,82,5476,final
2026-08-01,pranarom,fra,dossier,d:collections,total,4.7,60,6352,final
2026-08-02,pranarom,fra,dossier,d:collections,total,4.7,61,6117,final
2026-08-03,pranarom,fra,dossier,d:collections,total,4.3,75,6429,final
2026-08-04,pranarom,fra,dossier,d:collections,total,4.6,78,6968,final
2026-08-05,pranarom,fra,dossier,d:collections,total,5.2,83,6639,final
2026-08-06,pranarom,fra,dossier,d:collections,total,6.9,78,8361,final
2026-08-07,pranarom,fra,dossier,d:collections,total,5.7,84,6032,final
2026-08-08,pranarom,fra,dossier,d:collections,total,4.7,72,6557,final
2026-08-09,pranarom,fra,dossier,d:collections,total,5.8,60,4249,final
2026-08-10,pranarom,fra,dossier,d:collections,total,4.4,70,6629,final
2026-08-11,pranarom,fra,dossier,d:collections,total,5.4,75,4787,final
2026-08-12,pranarom,fra,dossier,d:collections,total,6.1,71,5317,final
2026-08-13,pranarom,fra,dossier,d:collections,total,5.4,77,5352,final
2026-08-14,pranarom,fra,dossier,d:collections,total,5.6,78,5973,final
2026-08-15,pranarom,fra,dossier,d:collections,total,4.6,58,5138,final
2026-08-16,pranarom,fra,dossier,d:collections,total,4.7,76,5491,final
2026-08-17,pranarom,fra,dossier,d:collections,total,4.5,97,6354,final
2026-08-18,pranarom,fra,dossier,d:collections,total,5.0,95,6540,final
2026-08-19,pranarom,fra,dossier,d:collections,total,6.1,72,6007,final
2026-08-20,pranarom,fra,dossier,d:collections,total,6.5,90,5757,final
2026-08-21,pranarom,fra,dossier,d:collections,total,5.8,73,4969,final
2026-08-22,pranarom,fra,dossier,d:collections,total,5.1,68,4573,final
2026-08-23,pranarom,fra,dossier,d:collections,total,5.7,47,4274,final
2026-08-24,pranarom,fra,dossier,d:collections,total,6.0,75,5216,final
2026-08-25,pranarom,fra,dossier,d:collections,total,4.6,97,5922,final
2026-08-26,pranarom,fra,dossier,d:collections,total,5.9,73,6211,final
2026-08-27,pranarom,fra,dossier,d:collections,total,5.0,70,6547,final
2026-08-28,pranarom,fra,dossier,d:collections,total,7.3,67,7414,final
2026-08-29,pranarom,fra,dossier,d:collections,total,5.6,70,6503,final
2026-08-30,pranarom,fra,dossier,d:collections,total,5.7,55,6293,final
2026-08-31,pranarom,fra,dossier,d:collections,total,4.9,82,8784,final
2026-09-01,pranarom,fra,dossier,d:collections,total,4.6,66,7905,final
2026-09-02,pranarom,fra,dossier,d:collections,total,4.6,82,8591,final
2026-09-03,pranarom,fra,dossier,d:collections,total,7.0,94,9407,final
2026-09-04,pranarom,fra,dossier,d:collections,total,6.2,67,8733,final
2026-09-05,pranarom,fra,dossier,d:collections,total,6.5,82,7636,final
2026-09-06,pranarom,fra,dossier,d:collections,total,6.2,66,7066,final
2026-09-07,pranarom,fra,dossier,d:collections,total,5.6,89,7244,final
2026-09-08,pranarom,fra,dossier,d:collections,total,5.0,87,7126,final
2026-09-09,pranarom,fra,dossier,d:collections,total,5.7,69,7570,final
2026-09-10,pranarom,fra,dossier,d:collections,total,5.1,108,6762,final
2026-09-11,pranarom,fra,dossier,d:collections,total,4.4,76,8998,final
2026-09-12,pranarom,fra,dossier,d:collections,total,4.5,73,8799,final
2026-09-13,pranarom,fra,dossier,d:collections,total,3.7,70,8723,final
2026-09-14,pranarom,fra,dossier,d:collections,total,3.2,89,8707,final
2026-09-15,pranarom,fra,dossier,d:collections,total,3.7,80,6829,final
2026-09-16,pranarom,fra,dossier,d:collections,total,4.1,83,6214,final
2026-09-17,pranarom,fra,dossier,d:collections,total,3.6,106,5669,final
2026-09-18,pranarom,fra,dossier,d:collections,total,3.8,80,5771,final
2026-09-19,pranarom,fra,dossier,d:collections,total,4.1,68,5036,final
2026-09-20,pranarom,fra,dossier,d:collections,total,4.0,70,5160,final
2026-09-21,pranarom,fra,dossier,d:collections,total,3.5,90,6164,final
2026-09-22,pranarom,fra,dossier,d:collections,total,3.8,87,5836,final
2026-09-23,pranarom,fra,dossier,d:collections,total,3.8,101,5871,final
2026-09-24,pranarom,fra,dossier,d:collections,total,3.9,78,5188,final
2026-09-25,pranarom,fra,dossier,d:collections,total,3.4,76,4877,final
2026-09-26,pranarom,fra,dossier,d:collections,total,3.6,87,4822,final
2026-09-27,pranarom,fra,dossier,d:collections,total,3.9,71,4418,final
2026-09-28,pranarom,fra,dossier,d:collections,total,3.6,73,5077,final
2026-09-29,pranarom,fra,dossier,d:collections,total,4.1,83,4896,final
2026-09-30,pranarom,fra,dossier,d:collections,total,2.5,90,4642,final
2026-10-01,pranarom,fra,dossier,d:collections,total,2.5,92,4119,fresh
2026-10-02,pranarom,fra,dossier,d:collections,total,2.6,74,3562,fresh
2025-06-10,pranarom,fra,dossier,d:pages,total,5.0,28,1997,final
2025-06-11,pranarom,fra,dossier,d:pages,total,8.0,27,1824,final
2025-06-12,pranarom,fra,dossier,d:pages,total,7.7,28,1852,final
2025-06-13,pranarom,fra,dossier,d:pages,total,7.8,24,1728,final
2025-06-14,pranarom,fra,dossier,d:pages,total,8.3,19,1647,final
2025-06-15,pranarom,fra,dossier,d:pages,total,8.0,22,1616,final
2025-06-16,pranarom,fra,dossier,d:pages,total,6.2,30,1817,final
2025-06-17,pranarom,fra,dossier,d:pages,total,7.7,24,1825,final
2025-06-18,pranarom,fra,dossier,d:pages,total,7.9,17,1710,final
2025-06-19,pranarom,fra,dossier,d:pages,total,5.2,17,1914,final
2025-06-20,pranarom,fra,dossier,d:pages,total,4.8,25,1776,final
2025-06-21,pranarom,fra,dossier,d:pages,total,4.9,19,1481,final
2025-06-22,pranarom,fra,dossier,d:pages,total,5.2,14,1445,final
2025-06-23,pranarom,fra,dossier,d:pages,total,4.7,26,2130,final
2025-06-24,pranarom,fra,dossier,d:pages,total,4.7,25,2151,final
2025-06-25,pranarom,fra,dossier,d:pages,total,4.9,32,2024,final
2025-06-26,pranarom,fra,dossier,d:pages,total,4.9,20,1887,final
2025-06-27,pranarom,fra,dossier,d:pages,total,4.8,27,1711,final
2025-06-28,pranarom,fra,dossier,d:pages,total,5.2,15,1516,final
2025-06-29,pranarom,fra,dossier,d:pages,total,5.5,18,1420,final
2025-06-30,pranarom,fra,dossier,d:pages,total,5.2,18,1469,final
2025-07-01,pranarom,fra,dossier,d:pages,total,7.0,32,1472,final
2025-07-02,pranarom,fra,dossier,d:pages,total,13.5,15,1932,final
2025-07-03,pranarom,fra,dossier,d:pages,total,15.8,16,1834,final
2025-07-04,pranarom,fra,dossier,d:pages,total,19.3,20,2075,final
2025-07-05,pranarom,fra,dossier,d:pages,total,16.5,20,2198,final
2025-07-06,pranarom,fra,dossier,d:pages,total,17.3,13,2275,final
2025-07-07,pranarom,fra,dossier,d:pages,total,16.3,19,2379,final
2025-07-08,pranarom,fra,dossier,d:pages,total,17.3,23,2495,final
2025-07-09,pranarom,fra,dossier,d:pages,total,14.0,19,2569,final
2025-07-10,pranarom,fra,dossier,d:pages,total,15.1,29,2672,final
2025-07-11,pranarom,fra,dossier,d:pages,total,14.4,17,2856,final
2025-07-12,pranarom,fra,dossier,d:pages,total,12.8,17,2355,final
2025-07-13,pranarom,fra,dossier,d:pages,total,15.6,15,2009,final
2025-07-14,pranarom,fra,dossier,d:pages,total,15.0,15,2212,final
2025-07-15,pranarom,fra,dossier,d:pages,total,14.2,26,2722,final
2025-07-16,pranarom,fra,dossier,d:pages,total,13.3,27,2653,final
2025-07-17,pranarom,fra,dossier,d:pages,total,13.6,22,2537,final
2025-07-18,pranarom,fra,dossier,d:pages,total,13.5,16,2370,final
2025-07-19,pranarom,fra,dossier,d:pages,total,13.4,17,2428,final
2025-07-20,pranarom,fra,dossier,d:pages,total,13.9,20,2279,final
2025-07-21,pranarom,fra,dossier,d:pages,total,12.6,35,2571,final
2025-07-22,pranarom,fra,dossier,d:pages,total,12.9,21,2916,final
2025-07-23,pranarom,fra,dossier,d:pages,total,13.5,31,2876,final
2025-07-24,pranarom,fra,dossier,d:pages,total,14.2,28,2688,final
2025-07-25,pranarom,fra,dossier,d:pages,total,14.4,29,2747,final
2025-07-26,pranarom,fra,dossier,d:pages,total,14.0,17,2596,final
2025-07-27,pranarom,fra,dossier,d:pages,total,14.9,21,2478,final
2025-07-28,pranarom,fra,dossier,d:pages,total,12.7,23,2911,final
2025-07-29,pranarom,fra,dossier,d:pages,total,13.3,24,2969,final
2025-07-30,pranarom,fra,dossier,d:pages,total,13.6,24,2749,final
2025-07-31,pranarom,fra,dossier,d:pages,total,13.9,24,2375,final
2025-08-01,pranarom,fra,dossier,d:pages,total,15.1,20,2319,final
2025-08-02,pranarom,fra,dossier,d:pages,total,12.5,18,2326,final
2025-08-03,pranarom,fra,dossier,d:pages,total,14.8,16,2074,final
2025-08-04,pranarom,fra,dossier,d:pages,total,12.1,25,2541,final
2025-08-05,pranarom,fra,dossier,d:pages,total,13.8,24,2472,final
2025-08-06,pranarom,fra,dossier,d:pages,total,13.1,24,2611,final
2025-08-07,pranarom,fra,dossier,d:pages,total,12.4,22,2580,final
2025-08-08,pranarom,fra,dossier,d:pages,total,13.5,34,2384,final
2025-08-09,pranarom,fra,dossier,d:pages,total,13.0,33,2156,final
2025-08-10,pranarom,fra,dossier,d:pages,total,14.5,13,2270,final
2025-08-11,pranarom,fra,dossier,d:pages,total,12.4,25,2495,final
2025-08-12,pranarom,fra,dossier,d:pages,total,13.8,30,2376,final
2025-08-13,pranarom,fra,dossier,d:pages,total,12.6,32,2289,final
2025-08-14,pranarom,fra,dossier,d:pages,total,14.3,19,2151,final
2025-08-15,pranarom,fra,dossier,d:pages,total,13.9,18,1849,final
2025-08-16,pranarom,fra,dossier,d:pages,total,13.2,23,2054,final
2025-08-17,pranarom,fra,dossier,d:pages,total,14.2,11,1806,final
2025-08-18,pranarom,fra,dossier,d:pages,total,13.0,28,2273,final
2025-08-19,pranarom,fra,dossier,d:pages,total,14.6,24,2408,final
2025-08-20,pranarom,fra,dossier,d:pages,total,13.0,27,2321,final
2025-08-21,pranarom,fra,dossier,d:pages,total,15.3,29,2478,final
2025-08-22,pranarom,fra,dossier,d:pages,total,15.0,18,2307,final
2025-08-23,pranarom,fra,dossier,d:pages,total,15.1,15,2178,final
2025-08-24,pranarom,fra,dossier,d:pages,total,15.6,15,2008,final
2025-08-25,pranarom,fra,dossier,d:pages,total,13.6,38,2385,final
2025-08-26,pranarom,fra,dossier,d:pages,total,15.2,21,2479,final
2025-08-27,pranarom,fra,dossier,d:pages,total,13.2,41,2676,final
2025-08-28,pranarom,fra,dossier,d:pages,total,14.7,32,2616,final
2025-08-29,pranarom,fra,dossier,d:pages,total,17.2,26,2415,final
2025-08-30,pranarom,fra,dossier,d:pages,total,16.7,12,2221,final
2025-08-31,pranarom,fra,dossier,d:pages,total,19.0,14,2151,final
2025-09-01,pranarom,fra,dossier,d:pages,total,15.6,29,2670,final
2025-09-02,pranarom,fra,dossier,d:pages,total,15.1,37,2940,final
2025-09-03,pranarom,fra,dossier,d:pages,total,14.9,22,2740,final
2025-09-04,pranarom,fra,dossier,d:pages,total,15.2,28,3020,final
2025-09-05,pranarom,fra,dossier,d:pages,total,16.8,26,2560,final
2025-09-06,pranarom,fra,dossier,d:pages,total,17.2,23,2428,final
2025-09-07,pranarom,fra,dossier,d:pages,total,16.2,15,2344,final
2025-09-08,pranarom,fra,dossier,d:pages,total,14.7,37,2830,final
2025-09-09,pranarom,fra,dossier,d:pages,total,13.0,27,2777,final
2025-09-10,pranarom,fra,dossier,d:pages,total,12.1,29,2578,final
2025-09-11,pranarom,fra,dossier,d:pages,total,12.4,29,2538,final
2025-09-12,pranarom,fra,dossier,d:pages,total,9.5,19,2225,final
2025-09-13,pranarom,fra,dossier,d:pages,total,7.2,12,1833,final
2025-09-14,pranarom,fra,dossier,d:pages,total,7.5,13,1929,final
2025-09-15,pranarom,fra,dossier,d:pages,total,7.0,33,2269,final
2025-09-16,pranarom,fra,dossier,d:pages,total,7.7,29,2394,final
2025-09-17,pranarom,fra,dossier,d:pages,total,6.3,39,2408,final
2025-09-18,pranarom,fra,dossier,d:pages,total,8.2,23,2299,final
2025-09-19,pranarom,fra,dossier,d:pages,total,7.8,25,2308,final
2025-09-20,pranarom,fra,dossier,d:pages,total,7.3,15,2156,final
2025-09-21,pranarom,fra,dossier,d:pages,total,8.0,17,2143,final
2025-09-22,pranarom,fra,dossier,d:pages,total,6.6,27,2503,final
2025-09-23,pranarom,fra,dossier,d:pages,total,7.6,43,2578,final
2025-09-24,pranarom,fra,dossier,d:pages,total,7.6,32,2699,final
2025-09-25,pranarom,fra,dossier,d:pages,total,7.0,37,2654,final
2025-09-26,pranarom,fra,dossier,d:pages,total,7.2,37,2530,final
2025-09-27,pranarom,fra,dossier,d:pages,total,7.6,23,2186,final
2025-09-28,pranarom,fra,dossier,d:pages,total,8.1,17,2059,final
2025-09-29,pranarom,fra,dossier,d:pages,total,7.3,37,2508,final
2025-09-30,pranarom,fra,dossier,d:pages,total,8.4,26,2851,final
2025-10-01,pranarom,fra,dossier,d:pages,total,8.2,23,2675,final
2025-10-02,pranarom,fra,dossier,d:pages,total,7.8,34,2804,final
2025-10-03,pranarom,fra,dossier,d:pages,total,7.1,28,2677,final
2025-10-04,pranarom,fra,dossier,d:pages,total,8.6,24,2427,final
2025-10-05,pranarom,fra,dossier,d:pages,total,7.8,22,2164,final
2025-10-06,pranarom,fra,dossier,d:pages,total,7.5,33,2782,final
2025-10-07,pranarom,fra,dossier,d:pages,total,7.1,32,3159,final
2025-10-08,pranarom,fra,dossier,d:pages,total,8.0,48,3100,final
2025-10-09,pranarom,fra,dossier,d:pages,total,6.9,47,3423,final
2025-10-10,pranarom,fra,dossier,d:pages,total,7.8,36,2880,final
2025-10-11,pranarom,fra,dossier,d:pages,total,7.8,44,2512,final
2025-10-12,pranarom,fra,dossier,d:pages,total,8.4,26,2387,final
2025-10-13,pranarom,fra,dossier,d:pages,total,7.4,31,3019,final
2025-10-14,pranarom,fra,dossier,d:pages,total,7.5,35,2913,final
2025-10-15,pranarom,fra,dossier,d:pages,total,8.2,51,3115,final
2025-10-16,pranarom,fra,dossier,d:pages,total,11.3,42,3496,final
2025-10-17,pranarom,fra,dossier,d:pages,total,7.7,45,2832,final
2025-10-18,pranarom,fra,dossier,d:pages,total,8.3,34,2519,final
2025-10-19,pranarom,fra,dossier,d:pages,total,7.3,37,2378,final
2025-10-20,pranarom,fra,dossier,d:pages,total,7.5,45,2999,final
2025-10-21,pranarom,fra,dossier,d:pages,total,7.3,51,2801,final
2025-10-22,pranarom,fra,dossier,d:pages,total,6.7,47,2857,final
2025-10-23,pranarom,fra,dossier,d:pages,total,7.3,47,2819,final
2025-10-24,pranarom,fra,dossier,d:pages,total,7.7,45,2627,final
2025-10-25,pranarom,fra,dossier,d:pages,total,7.6,28,2633,final
2025-10-26,pranarom,fra,dossier,d:pages,total,7.4,25,2418,final
2025-10-27,pranarom,fra,dossier,d:pages,total,6.9,38,2777,final
2025-10-28,pranarom,fra,dossier,d:pages,total,7.0,33,2773,final
2025-10-29,pranarom,fra,dossier,d:pages,total,6.6,44,3070,final
2025-10-30,pranarom,fra,dossier,d:pages,total,7.8,51,2873,final
2025-10-31,pranarom,fra,dossier,d:pages,total,7.2,29,2872,final
2025-11-01,pranarom,fra,dossier,d:pages,total,7.4,31,2464,final
2025-11-02,pranarom,fra,dossier,d:pages,total,7.4,23,2489,final
2025-11-03,pranarom,fra,dossier,d:pages,total,7.2,30,2830,final
2025-11-04,pranarom,fra,dossier,d:pages,total,6.9,43,3133,final
2025-11-05,pranarom,fra,dossier,d:pages,total,6.2,36,3290,final
2025-11-06,pranarom,fra,dossier,d:pages,total,7.2,39,2935,final
2025-11-07,pranarom,fra,dossier,d:pages,total,7.3,38,3139,final
2025-11-08,pranarom,fra,dossier,d:pages,total,7.7,21,2972,final
2025-11-09,pranarom,fra,dossier,d:pages,total,9.2,17,2737,final
2025-11-10,pranarom,fra,dossier,d:pages,total,7.6,38,2981,final
2025-11-11,pranarom,fra,dossier,d:pages,total,9.6,27,3058,final
2025-11-12,pranarom,fra,dossier,d:pages,total,8.1,29,3265,final
2025-11-13,pranarom,fra,dossier,d:pages,total,7.2,42,3217,final
2025-11-14,pranarom,fra,dossier,d:pages,total,6.8,26,2850,final
2025-11-15,pranarom,fra,dossier,d:pages,total,7.4,36,2612,final
2025-11-16,pranarom,fra,dossier,d:pages,total,9.0,28,2190,final
2025-11-17,pranarom,fra,dossier,d:pages,total,9.2,39,2425,final
2025-11-18,pranarom,fra,dossier,d:pages,total,7.4,32,2892,final
2025-11-19,pranarom,fra,dossier,d:pages,total,7.7,38,3043,final
2025-11-20,pranarom,fra,dossier,d:pages,total,8.4,30,2882,final
2025-11-21,pranarom,fra,dossier,d:pages,total,7.1,35,2756,final
2025-11-22,pranarom,fra,dossier,d:pages,total,7.3,42,2828,final
2025-11-23,pranarom,fra,dossier,d:pages,total,8.1,32,2712,final
2025-11-24,pranarom,fra,dossier,d:pages,total,7.5,38,3023,final
2025-11-25,pranarom,fra,dossier,d:pages,total,8.1,55,3031,final
2025-11-26,pranarom,fra,dossier,d:pages,total,8.0,48,3050,final
2025-11-27,pranarom,fra,dossier,d:pages,total,9.4,43,2727,final
2025-11-28,pranarom,fra,dossier,d:pages,total,9.5,39,2473,final
2025-11-29,pranarom,fra,dossier,d:pages,total,10.3,19,2297,final
2025-11-30,pranarom,fra,dossier,d:pages,total,9.5,27,2563,final
2025-12-01,pranarom,fra,dossier,d:pages,total,9.2,64,2469,final
2025-12-02,pranarom,fra,dossier,d:pages,total,10.5,46,2663,final
2025-12-03,pranarom,fra,dossier,d:pages,total,10.3,40,2621,final
2025-12-04,pranarom,fra,dossier,d:pages,total,11.4,38,2498,final
2025-12-05,pranarom,fra,dossier,d:pages,total,9.3,28,2371,final
2025-12-06,pranarom,fra,dossier,d:pages,total,9.6,19,2306,final
2025-12-07,pranarom,fra,dossier,d:pages,total,10.2,28,2120,final
2025-12-08,pranarom,fra,dossier,d:pages,total,9.9,51,2663,final
2025-12-09,pranarom,fra,dossier,d:pages,total,10.0,49,2781,final
2025-12-10,pranarom,fra,dossier,d:pages,total,10.6,47,3174,final
2025-12-11,pranarom,fra,dossier,d:pages,total,11.2,48,2761,final
2025-12-12,pranarom,fra,dossier,d:pages,total,10.2,44,2884,final
2025-12-13,pranarom,fra,dossier,d:pages,total,10.1,33,2593,final
2025-12-14,pranarom,fra,dossier,d:pages,total,10.1,38,2626,final
2025-12-15,pranarom,fra,dossier,d:pages,total,9.4,45,2925,final
2025-12-16,pranarom,fra,dossier,d:pages,total,9.0,55,2800,final
2025-12-17,pranarom,fra,dossier,d:pages,total,9.0,50,2674,final
2025-12-18,pranarom,fra,dossier,d:pages,total,11.3,48,2913,final
2025-12-19,pranarom,fra,dossier,d:pages,total,9.4,35,2878,final
2025-12-20,pranarom,fra,dossier,d:pages,total,8.7,46,3102,final
2025-12-21,pranarom,fra,dossier,d:pages,total,10.1,41,2645,final
2025-12-22,pranarom,fra,dossier,d:pages,total,8.9,63,3011,final
2025-12-23,pranarom,fra,dossier,d:pages,total,9.4,42,2934,final
2025-12-24,pranarom,fra,dossier,d:pages,total,11.9,31,2388,final
2025-12-25,pranarom,fra,dossier,d:pages,total,10.7,30,2504,final
2025-12-26,pranarom,fra,dossier,d:pages,total,8.4,60,3172,final
2025-12-27,pranarom,fra,dossier,d:pages,total,8.5,43,3030,final
2025-12-28,pranarom,fra,dossier,d:pages,total,8.8,29,3180,final
2025-12-29,pranarom,fra,dossier,d:pages,total,6.9,48,4008,final
2025-12-30,pranarom,fra,dossier,d:pages,total,7.3,41,3142,final
2025-12-31,pranarom,fra,dossier,d:pages,total,10.8,25,2611,final
2026-01-01,pranarom,fra,dossier,d:pages,total,11.9,31,2540,final
2026-01-02,pranarom,fra,dossier,d:pages,total,7.3,34,3168,final
2026-01-03,pranarom,fra,dossier,d:pages,total,7.3,45,3063,final
2026-01-04,pranarom,fra,dossier,d:pages,total,9.0,30,2747,final
2026-01-05,pranarom,fra,dossier,d:pages,total,9.1,42,2751,final
2026-01-06,pranarom,fra,dossier,d:pages,total,9.4,46,2646,final
2026-01-07,pranarom,fra,dossier,d:pages,total,10.6,48,2660,final
2026-01-08,pranarom,fra,dossier,d:pages,total,10.8,40,2636,final
2026-01-09,pranarom,fra,dossier,d:pages,total,12.9,41,2801,final
2026-01-10,pranarom,fra,dossier,d:pages,total,10.6,44,2630,final
2026-01-11,pranarom,fra,dossier,d:pages,total,12.6,36,2186,final
2026-01-12,pranarom,fra,dossier,d:pages,total,10.5,43,2593,final
2026-01-13,pranarom,fra,dossier,d:pages,total,10.2,42,2531,final
2026-01-14,pranarom,fra,dossier,d:pages,total,10.2,54,2946,final
2026-01-15,pranarom,fra,dossier,d:pages,total,11.7,45,2383,final
2026-01-16,pranarom,fra,dossier,d:pages,total,11.3,34,2244,final
2026-01-17,pranarom,fra,dossier,d:pages,total,10.6,35,2071,final
2026-01-18,pranarom,fra,dossier,d:pages,total,12.3,28,2058,final
2026-01-19,pranarom,fra,dossier,d:pages,total,10.3,43,2180,final
2026-01-20,pranarom,fra,dossier,d:pages,total,9.6,37,2247,final
2026-01-21,pranarom,fra,dossier,d:pages,total,10.6,25,2101,final
2026-01-22,pranarom,fra,dossier,d:pages,total,10.0,46,2365,final
2026-01-23,pranarom,fra,dossier,d:pages,total,11.4,41,2194,final
2026-01-24,pranarom,fra,dossier,d:pages,total,12.4,24,2130,final
2026-01-25,pranarom,fra,dossier,d:pages,total,12.0,35,2037,final
2026-01-26,pranarom,fra,dossier,d:pages,total,9.5,50,2195,final
2026-01-27,pranarom,fra,dossier,d:pages,total,10.4,54,2396,final
2026-01-28,pranarom,fra,dossier,d:pages,total,9.9,52,2288,final
2026-01-29,pranarom,fra,dossier,d:pages,total,13.4,52,2461,final
2026-01-30,pranarom,fra,dossier,d:pages,total,10.7,53,2289,final
2026-01-31,pranarom,fra,dossier,d:pages,total,11.9,23,2508,final
2026-02-01,pranarom,fra,dossier,d:pages,total,11.7,34,2102,final
2026-02-02,pranarom,fra,dossier,d:pages,total,8.9,60,2357,final
2026-02-03,pranarom,fra,dossier,d:pages,total,9.4,63,2463,final
2026-02-04,pranarom,fra,dossier,d:pages,total,9.4,65,2359,final
2026-02-05,pranarom,fra,dossier,d:pages,total,12.0,63,2439,final
2026-02-06,pranarom,fra,dossier,d:pages,total,12.5,47,2240,final
2026-02-07,pranarom,fra,dossier,d:pages,total,8.8,38,2388,final
2026-02-08,pranarom,fra,dossier,d:pages,total,14.8,22,2140,final
2026-02-09,pranarom,fra,dossier,d:pages,total,10.3,53,2368,final
2026-02-10,pranarom,fra,dossier,d:pages,total,11.1,66,2328,final
2026-02-11,pranarom,fra,dossier,d:pages,total,11.7,24,2240,final
2026-02-12,pranarom,fra,dossier,d:pages,total,13.8,26,2234,final
2026-02-13,pranarom,fra,dossier,d:pages,total,12.0,48,2105,final
2026-02-14,pranarom,fra,dossier,d:pages,total,11.0,31,2164,final
2026-02-15,pranarom,fra,dossier,d:pages,total,8.9,24,2138,final
2026-02-16,pranarom,fra,dossier,d:pages,total,7.4,34,2620,final
2026-02-17,pranarom,fra,dossier,d:pages,total,9.9,34,2119,final
2026-02-18,pranarom,fra,dossier,d:pages,total,7.1,35,2188,final
2026-02-19,pranarom,fra,dossier,d:pages,total,8.3,25,2333,final
2026-02-20,pranarom,fra,dossier,d:pages,total,10.4,48,2311,final
2026-02-21,pranarom,fra,dossier,d:pages,total,9.8,47,2657,final
2026-02-22,pranarom,fra,dossier,d:pages,total,9.9,30,2526,final
2026-02-23,pranarom,fra,dossier,d:pages,total,7.6,53,2765,final
2026-02-24,pranarom,fra,dossier,d:pages,total,9.8,27,2468,final
2026-02-25,pranarom,fra,dossier,d:pages,total,9.5,42,2198,final
2026-02-26,pranarom,fra,dossier,d:pages,total,7.9,44,2978,final
2026-02-27,pranarom,fra,dossier,d:pages,total,10.2,55,2393,final
2026-02-28,pranarom,fra,dossier,d:pages,total,9.7,24,2765,final
2026-03-01,pranarom,fra,dossier,d:pages,total,10.8,24,2067,final
2026-03-02,pranarom,fra,dossier,d:pages,total,8.5,26,2482,final
2026-03-03,pranarom,fra,dossier,d:pages,total,8.3,33,2862,final
2026-03-04,pranarom,fra,dossier,d:pages,total,11.9,30,2305,final
2026-03-05,pranarom,fra,dossier,d:pages,total,8.7,46,2628,final
2026-03-06,pranarom,fra,dossier,d:pages,total,8.5,38,2630,final
2026-03-07,pranarom,fra,dossier,d:pages,total,9.3,38,2204,final
2026-03-08,pranarom,fra,dossier,d:pages,total,8.4,25,2441,final
2026-03-09,pranarom,fra,dossier,d:pages,total,7.1,29,2462,final
2026-03-10,pranarom,fra,dossier,d:pages,total,6.9,33,2594,final
2026-03-11,pranarom,fra,dossier,d:pages,total,6.2,46,3113,final
2026-03-12,pranarom,fra,dossier,d:pages,total,7.2,43,3617,final
2026-03-13,pranarom,fra,dossier,d:pages,total,7.6,45,3371,final
2026-03-14,pranarom,fra,dossier,d:pages,total,8.7,52,3595,final
2026-03-15,pranarom,fra,dossier,d:pages,total,9.5,33,2638,final
2026-03-16,pranarom,fra,dossier,d:pages,total,9.7,38,3215,final
2026-03-17,pranarom,fra,dossier,d:pages,total,10.5,50,2912,final
2026-03-18,pranarom,fra,dossier,d:pages,total,10.3,50,2917,final
2026-03-19,pranarom,fra,dossier,d:pages,total,11.1,35,2736,final
2026-03-20,pranarom,fra,dossier,d:pages,total,10.5,37,2685,final
2026-03-21,pranarom,fra,dossier,d:pages,total,10.6,30,3007,final
2026-03-22,pranarom,fra,dossier,d:pages,total,10.6,34,2959,final
2026-03-23,pranarom,fra,dossier,d:pages,total,9.5,36,2992,final
2026-03-24,pranarom,fra,dossier,d:pages,total,8.0,29,2739,final
2026-03-25,pranarom,fra,dossier,d:pages,total,7.5,47,2981,final
2026-03-26,pranarom,fra,dossier,d:pages,total,7.9,44,3024,final
2026-03-27,pranarom,fra,dossier,d:pages,total,8.0,33,3087,final
2026-03-28,pranarom,fra,dossier,d:pages,total,7.6,38,3350,final
2026-03-29,pranarom,fra,dossier,d:pages,total,8.0,18,2891,final
2026-03-30,pranarom,fra,dossier,d:pages,total,7.0,27,3629,final
2026-03-31,pranarom,fra,dossier,d:pages,total,8.9,44,3071,final
2026-04-01,pranarom,fra,dossier,d:pages,total,8.3,30,2895,final
2026-04-02,pranarom,fra,dossier,d:pages,total,8.7,38,2722,final
2026-04-03,pranarom,fra,dossier,d:pages,total,7.9,35,2680,final
2026-04-04,pranarom,fra,dossier,d:pages,total,8.3,24,2531,final
2026-04-05,pranarom,fra,dossier,d:pages,total,8.6,18,2369,final
2026-04-06,pranarom,fra,dossier,d:pages,total,8.6,29,2430,final
2026-04-07,pranarom,fra,dossier,d:pages,total,8.8,32,2646,final
2026-04-08,pranarom,fra,dossier,d:pages,total,8.7,40,2602,final
2026-04-09,pranarom,fra,dossier,d:pages,total,9.8,38,2214,final
2026-04-10,pranarom,fra,dossier,d:pages,total,8.6,30,2240,final
2026-04-11,pranarom,fra,dossier,d:pages,total,7.7,24,2905,final
2026-04-12,pranarom,fra,dossier,d:pages,total,7.3,35,3207,final
2026-04-13,pranarom,fra,dossier,d:pages,total,6.6,46,3126,final
2026-04-14,pranarom,fra,dossier,d:pages,total,7.9,30,3209,final
2026-04-15,pranarom,fra,dossier,d:pages,total,7.8,35,3277,final
2026-04-16,pranarom,fra,dossier,d:pages,total,9.0,38,3122,final
2026-04-17,pranarom,fra,dossier,d:pages,total,8.4,30,2933,final
2026-04-18,pranarom,fra,dossier,d:pages,total,8.6,19,2716,final
2026-04-19,pranarom,fra,dossier,d:pages,total,9.1,29,2759,final
2026-04-20,pranarom,fra,dossier,d:pages,total,8.7,31,3028,final
2026-04-21,pranarom,fra,dossier,d:pages,total,8.0,37,3129,final
2026-04-22,pranarom,fra,dossier,d:pages,total,8.1,42,3204,final
2026-04-23,pranarom,fra,dossier,d:pages,total,9.2,46,2963,final
2026-04-24,pranarom,fra,dossier,d:pages,total,9.1,37,2998,final
2026-04-25,pranarom,fra,dossier,d:pages,total,8.9,31,3077,final
2026-04-26,pranarom,fra,dossier,d:pages,total,9.2,21,2618,final
2026-04-27,pranarom,fra,dossier,d:pages,total,8.3,25,2929,final
2026-04-28,pranarom,fra,dossier,d:pages,total,9.1,36,3178,final
2026-04-29,pranarom,fra,dossier,d:pages,total,8.3,37,3084,final
2026-04-30,pranarom,fra,dossier,d:pages,total,10.1,32,3066,final
2026-05-01,pranarom,fra,dossier,d:pages,total,8.4,36,2868,final
2026-05-02,pranarom,fra,dossier,d:pages,total,7.7,44,3260,final
2026-05-03,pranarom,fra,dossier,d:pages,total,8.0,34,3296,final
2026-05-04,pranarom,fra,dossier,d:pages,total,8.3,40,3217,final
2026-05-05,pranarom,fra,dossier,d:pages,total,8.3,49,3859,final
2026-05-06,pranarom,fra,dossier,d:pages,total,7.8,35,3009,final
2026-05-07,pranarom,fra,dossier,d:pages,total,8.1,32,3281,final
2026-05-08,pranarom,fra,dossier,d:pages,total,8.8,21,2658,final
2026-05-09,pranarom,fra,dossier,d:pages,total,8.4,29,2890,final
2026-05-10,pranarom,fra,dossier,d:pages,total,7.8,23,2958,final
2026-05-11,pranarom,fra,dossier,d:pages,total,8.5,33,3041,final
2026-05-12,pranarom,fra,dossier,d:pages,total,9.8,22,2678,final
2026-05-13,pranarom,fra,dossier,d:pages,total,10.1,27,2756,final
2026-05-14,pranarom,fra,dossier,d:pages,total,9.2,23,2581,final
2026-05-15,pranarom,fra,dossier,d:pages,total,6.8,38,2493,final
2026-05-16,pranarom,fra,dossier,d:pages,total,7.3,38,2280,final
2026-05-17,pranarom,fra,dossier,d:pages,total,7.2,28,2177,final
2026-05-18,pranarom,fra,dossier,d:pages,total,6.7,42,2534,final
2026-05-19,pranarom,fra,dossier,d:pages,total,7.5,24,2451,final
2026-05-20,pranarom,fra,dossier,d:pages,total,7.9,28,2680,final
2026-05-21,pranarom,fra,dossier,d:pages,total,7.4,39,2507,final
2026-05-22,pranarom,fra,dossier,d:pages,total,7.1,14,1917,final
2026-05-23,pranarom,fra,dossier,d:pages,total,7.3,16,2003,final
2026-05-24,pranarom,fra,dossier,d:pages,total,7.3,15,1957,final
2026-05-25,pranarom,fra,dossier,d:pages,total,6.7,17,1958,final
2026-05-26,pranarom,fra,dossier,d:pages,total,6.9,21,2123,final
2026-05-27,pranarom,fra,dossier,d:pages,total,7.3,32,2152,final
2026-05-28,pranarom,fra,dossier,d:pages,total,7.9,17,2255,final
2026-05-29,pranarom,fra,dossier,d:pages,total,6.8,29,2276,final
2026-05-30,pranarom,fra,dossier,d:pages,total,7.1,32,2308,final
2026-05-31,pranarom,fra,dossier,d:pages,total,7.4,30,2525,final
2026-06-01,pranarom,fra,dossier,d:pages,total,7.8,35,2730,final
2026-06-02,pranarom,fra,dossier,d:pages,total,7.4,35,2898,final
2026-06-03,pranarom,fra,dossier,d:pages,total,7.2,40,2862,final
2026-06-04,pranarom,fra,dossier,d:pages,total,6.8,36,2817,final
2026-06-05,pranarom,fra,dossier,d:pages,total,6.8,33,2835,final
2026-06-06,pranarom,fra,dossier,d:pages,total,6.4,27,2668,final
2026-06-07,pranarom,fra,dossier,d:pages,total,7.3,23,2799,final
2026-06-08,pranarom,fra,dossier,d:pages,total,6.9,32,3052,final
2026-06-09,pranarom,fra,dossier,d:pages,total,6.5,31,3121,final
2026-06-10,pranarom,fra,dossier,d:pages,total,6.6,36,3328,final
2026-06-11,pranarom,fra,dossier,d:pages,total,6.7,30,2960,final
2026-06-12,pranarom,fra,dossier,d:pages,total,6.3,39,2894,final
2026-06-13,pranarom,fra,dossier,d:pages,total,7.1,20,2497,final
2026-06-14,pranarom,fra,dossier,d:pages,total,7.1,27,2399,final
2026-06-15,pranarom,fra,dossier,d:pages,total,6.6,33,2847,final
2026-06-16,pranarom,fra,dossier,d:pages,total,7.0,37,2843,final
2026-06-17,pranarom,fra,dossier,d:pages,total,6.6,32,2840,final
2026-06-18,pranarom,fra,dossier,d:pages,total,6.8,29,2407,final
2026-06-19,pranarom,fra,dossier,d:pages,total,6.3,21,2217,final
2026-06-20,pranarom,fra,dossier,d:pages,total,6.8,27,2061,final
2026-06-21,pranarom,fra,dossier,d:pages,total,6.6,20,1952,final
2026-06-22,pranarom,fra,dossier,d:pages,total,6.8,26,2527,final
2026-06-23,pranarom,fra,dossier,d:pages,total,6.6,34,2728,final
2026-06-24,pranarom,fra,dossier,d:pages,total,6.9,25,3064,final
2026-06-25,pranarom,fra,dossier,d:pages,total,7.5,22,2331,final
2026-06-26,pranarom,fra,dossier,d:pages,total,6.4,22,2694,final
2026-06-27,pranarom,fra,dossier,d:pages,total,6.9,28,2767,final
2026-06-28,pranarom,fra,dossier,d:pages,total,6.5,29,2776,final
2026-06-29,pranarom,fra,dossier,d:pages,total,6.5,27,2880,final
2026-06-30,pranarom,fra,dossier,d:pages,total,6.9,22,2743,final
2026-07-01,pranarom,fra,dossier,d:pages,total,7.6,40,3070,final
2026-07-02,pranarom,fra,dossier,d:pages,total,6.8,33,2727,final
2026-07-03,pranarom,fra,dossier,d:pages,total,6.5,23,2563,final
2026-07-04,pranarom,fra,dossier,d:pages,total,6.9,27,2509,final
2026-07-05,pranarom,fra,dossier,d:pages,total,6.6,28,2349,final
2026-07-06,pranarom,fra,dossier,d:pages,total,7.2,36,3014,final
2026-07-07,pranarom,fra,dossier,d:pages,total,6.5,42,2651,final
2026-07-08,pranarom,fra,dossier,d:pages,total,7.6,37,2785,final
2026-07-09,pranarom,fra,dossier,d:pages,total,8.3,44,2849,final
2026-07-10,pranarom,fra,dossier,d:pages,total,7.4,38,2656,final
2026-07-11,pranarom,fra,dossier,d:pages,total,6.7,38,3122,final
2026-07-12,pranarom,fra,dossier,d:pages,total,6.8,26,2896,final
2026-07-13,pranarom,fra,dossier,d:pages,total,6.6,51,3311,final
2026-07-14,pranarom,fra,dossier,d:pages,total,7.2,35,3356,final
2026-07-15,pranarom,fra,dossier,d:pages,total,7.4,56,3422,final
2026-07-16,pranarom,fra,dossier,d:pages,total,8.1,46,3016,final
2026-07-17,pranarom,fra,dossier,d:pages,total,7.5,37,2776,final
2026-07-18,pranarom,fra,dossier,d:pages,total,7.7,31,2741,final
2026-07-19,pranarom,fra,dossier,d:pages,total,7.5,21,2643,final
2026-07-20,pranarom,fra,dossier,d:pages,total,7.2,46,3253,final
2026-07-21,pranarom,fra,dossier,d:pages,total,7.2,48,3125,final
2026-07-22,pranarom,fra,dossier,d:pages,total,8.3,45,3667,final
2026-07-23,pranarom,fra,dossier,d:pages,total,8.1,46,3119,final
2026-07-24,pranarom,fra,dossier,d:pages,total,10.3,37,3698,final
2026-07-25,pranarom,fra,dossier,d:pages,total,9.9,26,2876,final
2026-07-26,pranarom,fra,dossier,d:pages,total,9.4,14,2878,final
2026-07-27,pranarom,fra,dossier,d:pages,total,8.9,50,3567,final
2026-07-28,pranarom,fra,dossier,d:pages,total,11.9,32,3267,final
2026-07-29,pranarom,fra,dossier,d:pages,total,11.7,41,3601,final
2026-07-30,pranarom,fra,dossier,d:pages,total,10.7,44,3536,final
2026-07-31,pranarom,fra,dossier,d:pages,total,11.3,33,3279,final
2026-08-01,pranarom,fra,dossier,d:pages,total,11.0,22,2863,final
2026-08-02,pranarom,fra,dossier,d:pages,total,10.8,11,2720,final
2026-08-03,pranarom,fra,dossier,d:pages,total,10.5,19,3298,final
2026-08-04,pranarom,fra,dossier,d:pages,total,11.6,25,3327,final
2026-08-05,pranarom,fra,dossier,d:pages,total,12.9,39,3325,final
2026-08-06,pranarom,fra,dossier,d:pages,total,16.2,34,3606,final
2026-08-07,pranarom,fra,dossier,d:pages,total,13.9,30,3275,final
2026-08-08,pranarom,fra,dossier,d:pages,total,10.3,35,2904,final
2026-08-09,pranarom,fra,dossier,d:pages,total,10.9,16,2598,final
2026-08-10,pranarom,fra,dossier,d:pages,total,10.5,35,3031,final
2026-08-11,pranarom,fra,dossier,d:pages,total,11.2,25,3050,final
2026-08-12,pranarom,fra,dossier,d:pages,total,11.8,29,2977,final
2026-08-13,pranarom,fra,dossier,d:pages,total,11.6,33,3080,final
2026-08-14,pranarom,fra,dossier,d:pages,total,11.6,17,2497,final
2026-08-15,pranarom,fra,dossier,d:pages,total,11.8,17,2500,final
2026-08-16,pranarom,fra,dossier,d:pages,total,11.6,15,2568,final
2026-08-17,pranarom,fra,dossier,d:pages,total,10.8,18,2804,final
2026-08-18,pranarom,fra,dossier,d:pages,total,10.3,23,3042,final
2026-08-19,pranarom,fra,dossier,d:pages,total,9.3,46,5996,final
2026-08-20,pranarom,fra,dossier,d:pages,total,11.8,21,3485,final
2026-08-21,pranarom,fra,dossier,d:pages,total,13.4,26,3282,final
2026-08-22,pranarom,fra,dossier,d:pages,total,11.4,15,2990,final
2026-08-23,pranarom,fra,dossier,d:pages,total,10.6,14,2585,final
2026-08-24,pranarom,fra,dossier,d:pages,total,10.1,29,3126,final
2026-08-25,pranarom,fra,dossier,d:pages,total,10.8,24,3112,final
2026-08-26,pranarom,fra,dossier,d:pages,total,10.6,24,3540,final
2026-08-27,pranarom,fra,dossier,d:pages,total,12.6,23,2982,final
2026-08-28,pranarom,fra,dossier,d:pages,total,12.2,25,2960,final
2026-08-29,pranarom,fra,dossier,d:pages,total,12.2,16,3004,final
2026-08-30,pranarom,fra,dossier,d:pages,total,11.4,11,2687,final
2026-08-31,pranarom,fra,dossier,d:pages,total,12.0,20,3053,final
2026-09-01,pranarom,fra,dossier,d:pages,total,11.0,21,2934,final
2026-09-02,pranarom,fra,dossier,d:pages,total,11.7,24,3336,final
2026-09-03,pranarom,fra,dossier,d:pages,total,15.9,24,3853,final
2026-09-04,pranarom,fra,dossier,d:pages,total,14.6,17,3274,final
2026-09-05,pranarom,fra,dossier,d:pages,total,12.5,13,3105,final
2026-09-06,pranarom,fra,dossier,d:pages,total,12.3,7,2879,final
2026-09-07,pranarom,fra,dossier,d:pages,total,11.5,16,3312,final
2026-09-08,pranarom,fra,dossier,d:pages,total,10.9,20,3249,final
2026-09-09,pranarom,fra,dossier,d:pages,total,10.9,27,3286,final
2026-09-10,pranarom,fra,dossier,d:pages,total,10.4,23,3262,final
2026-09-11,pranarom,fra,dossier,d:pages,total,10.3,24,2984,final
2026-09-12,pranarom,fra,dossier,d:pages,total,10.3,22,3041,final
2026-09-13,pranarom,fra,dossier,d:pages,total,10.1,13,2909,final
2026-09-14,pranarom,fra,dossier,d:pages,total,9.0,32,3515,final
2026-09-15,pranarom,fra,dossier,d:pages,total,9.3,22,3615,final
2026-09-16,pranarom,fra,dossier,d:pages,total,8.6,19,3364,final
2026-09-17,pranarom,fra,dossier,d:pages,total,8.4,29,3217,final
2026-09-18,pranarom,fra,dossier,d:pages,total,7.6,16,3206,final
2026-09-19,pranarom,fra,dossier,d:pages,total,7.8,24,3198,final
2026-09-20,pranarom,fra,dossier,d:pages,total,9.0,15,2672,final
2026-09-21,pranarom,fra,dossier,d:pages,total,8.6,27,3260,final
2026-09-22,pranarom,fra,dossier,d:pages,total,9.0,25,3096,final
2026-09-23,pranarom,fra,dossier,d:pages,total,8.4,29,3188,final
2026-09-24,pranarom,fra,dossier,d:pages,total,8.7,26,3292,final
2026-09-25,pranarom,fra,dossier,d:pages,total,8.2,21,2982,final
2026-09-26,pranarom,fra,dossier,d:pages,total,9.5,10,2480,final
2026-09-27,pranarom,fra,dossier,d:pages,total,9.3,12,2408,final
2026-09-28,pranarom,fra,dossier,d:pages,total,8.2,16,2882,final
2026-09-29,pranarom,fra,dossier,d:pages,total,8.3,19,3009,final
2026-09-30,pranarom,fra,dossier,d:pages,total,6.1,29,2808,final
2026-10-01,pranarom,fra,dossier,d:pages,total,6.1,19,2793,fresh
2026-10-02,pranarom,fra,dossier,d:pages,total,5.9,16,2352,fresh
2025-06-10,pranarom,fra,dossier,d:products,total,7.1,576,30368,final
2025-06-11,pranarom,fra,dossier,d:products,total,7.2,542,28909,final
2025-06-12,pranarom,fra,dossier,d:products,total,7.4,611,29034,final
2025-06-13,pranarom,fra,dossier,d:products,total,7.6,492,27126,final
2025-06-14,pranarom,fra,dossier,d:products,total,7.4,507,25161,final
2025-06-15,pranarom,fra,dossier,d:products,total,7.5,458,25193,final
2025-06-16,pranarom,fra,dossier,d:products,total,7.1,595,26985,final
2025-06-17,pranarom,fra,dossier,d:products,total,7.1,531,27028,final
2025-06-18,pranarom,fra,dossier,d:products,total,7.0,589,26775,final
2025-06-19,pranarom,fra,dossier,d:products,total,7.1,545,26135,final
2025-06-20,pranarom,fra,dossier,d:products,total,7.4,513,24159,final
2025-06-21,pranarom,fra,dossier,d:products,total,7.6,471,23281,final
2025-06-22,pranarom,fra,dossier,d:products,total,7.5,356,22551,final
2025-06-23,pranarom,fra,dossier,d:products,total,7.3,560,27194,final
2025-06-24,pranarom,fra,dossier,d:products,total,7.3,555,26211,final
2025-06-25,pranarom,fra,dossier,d:products,total,7.5,497,25501,final
2025-06-26,pranarom,fra,dossier,d:products,total,7.4,492,24989,final
2025-06-27,pranarom,fra,dossier,d:products,total,7.6,479,25212,final
2025-06-28,pranarom,fra,dossier,d:products,total,7.6,455,23083,final
2025-06-29,pranarom,fra,dossier,d:products,total,7.6,355,23769,final
2025-06-30,pranarom,fra,dossier,d:products,total,7.8,482,25534,final
2025-07-01,pranarom,fra,dossier,d:products,total,8.9,480,27136,final
2025-07-02,pranarom,fra,dossier,d:products,total,12.3,460,31662,final
2025-07-03,pranarom,fra,dossier,d:products,total,14.5,461,30145,final
2025-07-04,pranarom,fra,dossier,d:products,total,16.7,432,30682,final
2025-07-05,pranarom,fra,dossier,d:products,total,15.3,423,29064,final
2025-07-06,pranarom,fra,dossier,d:products,total,15.6,350,29235,final
2025-07-07,pranarom,fra,dossier,d:products,total,14.2,454,30116,final
2025-07-08,pranarom,fra,dossier,d:products,total,15.1,483,31116,final
2025-07-09,pranarom,fra,dossier,d:products,total,12.9,467,30649,final
2025-07-10,pranarom,fra,dossier,d:products,total,16.5,449,32978,final
2025-07-11,pranarom,fra,dossier,d:products,total,14.1,433,34836,final
2025-07-12,pranarom,fra,dossier,d:products,total,13.5,427,31444,final
2025-07-13,pranarom,fra,dossier,d:products,total,14.9,339,28180,final
2025-07-14,pranarom,fra,dossier,d:products,total,14.4,392,30071,final
2025-07-15,pranarom,fra,dossier,d:products,total,14.0,543,34525,final
2025-07-16,pranarom,fra,dossier,d:products,total,14.2,487,32833,final
2025-07-17,pranarom,fra,dossier,d:products,total,13.8,494,32050,final
2025-07-18,pranarom,fra,dossier,d:products,total,14.4,477,31552,final
2025-07-19,pranarom,fra,dossier,d:products,total,13.9,470,32800,final
2025-07-20,pranarom,fra,dossier,d:products,total,14.6,372,29884,final
2025-07-21,pranarom,fra,dossier,d:products,total,13.3,503,32958,final
2025-07-22,pranarom,fra,dossier,d:products,total,13.0,482,34079,final
2025-07-23,pranarom,fra,dossier,d:products,total,14.3,476,32181,final
2025-07-24,pranarom,fra,dossier,d:products,total,14.4,484,31682,final
2025-07-25,pranarom,fra,dossier,d:products,total,14.5,451,31456,final
2025-07-26,pranarom,fra,dossier,d:products,total,13.1,479,34298,final
2025-07-27,pranarom,fra,dossier,d:products,total,14.2,418,31611,final
2025-07-28,pranarom,fra,dossier,d:products,total,13.3,516,34554,final
2025-07-29,pranarom,fra,dossier,d:products,total,13.3,505,32984,final
2025-07-30,pranarom,fra,dossier,d:products,total,13.3,465,31359,final
2025-07-31,pranarom,fra,dossier,d:products,total,14.2,494,32041,final
2025-08-01,pranarom,fra,dossier,d:products,total,14.2,455,30239,final
2025-08-02,pranarom,fra,dossier,d:products,total,13.1,477,29609,final
2025-08-03,pranarom,fra,dossier,d:products,total,14.3,319,28386,final
2025-08-04,pranarom,fra,dossier,d:products,total,13.4,534,33830,final
2025-08-05,pranarom,fra,dossier,d:products,total,13.2,510,31740,final
2025-08-06,pranarom,fra,dossier,d:products,total,13.7,502,32858,final
2025-08-07,pranarom,fra,dossier,d:products,total,13.5,475,33588,final
2025-08-08,pranarom,fra,dossier,d:products,total,13.0,481,30385,final
2025-08-09,pranarom,fra,dossier,d:products,total,12.4,507,30408,final
2025-08-10,pranarom,fra,dossier,d:products,total,14.1,382,31628,final
2025-08-11,pranarom,fra,dossier,d:products,total,11.9,506,37086,final
2025-08-12,pranarom,fra,dossier,d:products,total,12.6,494,31976,final
2025-08-13,pranarom,fra,dossier,d:products,total,12.5,490,32365,final
2025-08-14,pranarom,fra,dossier,d:products,total,13.7,511,32135,final
2025-08-15,pranarom,fra,dossier,d:products,total,13.7,337,28571,final
2025-08-16,pranarom,fra,dossier,d:products,total,13.7,450,31904,final
2025-08-17,pranarom,fra,dossier,d:products,total,12.7,358,28413,final
2025-08-18,pranarom,fra,dossier,d:products,total,13.1,517,31965,final
2025-08-19,pranarom,fra,dossier,d:products,total,13.5,515,33747,final
2025-08-20,pranarom,fra,dossier,d:products,total,13.4,469,31436,final
2025-08-21,pranarom,fra,dossier,d:products,total,13.7,481,32562,final
2025-08-22,pranarom,fra,dossier,d:products,total,13.9,428,30358,final
2025-08-23,pranarom,fra,dossier,d:products,total,14.4,396,30737,final
2025-08-24,pranarom,fra,dossier,d:products,total,14.3,344,29790,final
2025-08-25,pranarom,fra,dossier,d:products,total,13.8,474,30248,final
2025-08-26,pranarom,fra,dossier,d:products,total,14.1,522,32211,final
2025-08-27,pranarom,fra,dossier,d:products,total,13.5,491,33075,final
2025-08-28,pranarom,fra,dossier,d:products,total,14.2,431,30635,final
2025-08-29,pranarom,fra,dossier,d:products,total,15.3,421,28233,final
2025-08-30,pranarom,fra,dossier,d:products,total,14.1,470,29898,final
2025-08-31,pranarom,fra,dossier,d:products,total,15.8,347,28932,final
2025-09-01,pranarom,fra,dossier,d:products,total,14.2,485,30092,final
2025-09-02,pranarom,fra,dossier,d:products,total,14.6,515,30272,final
2025-09-03,pranarom,fra,dossier,d:products,total,12.9,483,31301,final
2025-09-04,pranarom,fra,dossier,d:products,total,14.1,441,31582,final
2025-09-05,pranarom,fra,dossier,d:products,total,14.4,455,28370,final
2025-09-06,pranarom,fra,dossier,d:products,total,14.3,430,29059,final
2025-09-07,pranarom,fra,dossier,d:products,total,14.7,324,28017,final
2025-09-08,pranarom,fra,dossier,d:products,total,12.8,547,33220,final
2025-09-09,pranarom,fra,dossier,d:products,total,11.5,450,29331,final
2025-09-10,pranarom,fra,dossier,d:products,total,12.7,523,31273,final
2025-09-11,pranarom,fra,dossier,d:products,total,12.1,554,32488,final
2025-09-12,pranarom,fra,dossier,d:products,total,10.7,535,28657,final
2025-09-13,pranarom,fra,dossier,d:products,total,8.4,530,26777,final
2025-09-14,pranarom,fra,dossier,d:products,total,8.9,526,27569,final
2025-09-15,pranarom,fra,dossier,d:products,total,8.9,585,30345,final
2025-09-16,pranarom,fra,dossier,d:products,total,9.1,609,32338,final
2025-09-17,pranarom,fra,dossier,d:products,total,8.9,595,31833,final
2025-09-18,pranarom,fra,dossier,d:products,total,10.1,512,31182,final
2025-09-19,pranarom,fra,dossier,d:products,total,9.7,596,30903,final
2025-09-20,pranarom,fra,dossier,d:products,total,9.4,583,30839,final
2025-09-21,pranarom,fra,dossier,d:products,total,9.3,533,29854,final
2025-09-22,pranarom,fra,dossier,d:products,total,9.5,716,33458,final
2025-09-23,pranarom,fra,dossier,d:products,total,9.7,677,34060,final
2025-09-24,pranarom,fra,dossier,d:products,total,9.6,702,34838,final
2025-09-25,pranarom,fra,dossier,d:products,total,9.7,665,33500,final
2025-09-26,pranarom,fra,dossier,d:products,total,9.6,713,32311,final
2025-09-27,pranarom,fra,dossier,d:products,total,9.6,644,31568,final
2025-09-28,pranarom,fra,dossier,d:products,total,9.5,564,29537,final
2025-09-29,pranarom,fra,dossier,d:products,total,9.7,726,33640,final
2025-09-30,pranarom,fra,dossier,d:products,total,10.1,730,33889,final
2025-10-01,pranarom,fra,dossier,d:products,total,9.3,691,32359,final
2025-10-02,pranarom,fra,dossier,d:products,total,9.2,674,31087,final
2025-10-03,pranarom,fra,dossier,d:products,total,9.0,731,31860,final
2025-10-04,pranarom,fra,dossier,d:products,total,9.7,624,31665,final
2025-10-05,pranarom,fra,dossier,d:products,total,9.5,530,28074,final
2025-10-06,pranarom,fra,dossier,d:products,total,8.9,711,31785,final
2025-10-07,pranarom,fra,dossier,d:products,total,8.9,668,32899,final
2025-10-08,pranarom,fra,dossier,d:products,total,9.5,690,32996,final
2025-10-09,pranarom,fra,dossier,d:products,total,9.2,753,30165,final
2025-10-10,pranarom,fra,dossier,d:products,total,9.4,715,28244,final
2025-10-11,pranarom,fra,dossier,d:products,total,9.3,624,26711,final
2025-10-12,pranarom,fra,dossier,d:products,total,9.2,495,24422,final
2025-10-13,pranarom,fra,dossier,d:products,total,8.9,781,31422,final
2025-10-14,pranarom,fra,dossier,d:products,total,9.0,702,31025,final
2025-10-15,pranarom,fra,dossier,d:products,total,10.8,671,35857,final
2025-10-16,pranarom,fra,dossier,d:products,total,12.8,662,38741,final
2025-10-17,pranarom,fra,dossier,d:products,total,9.3,632,30377,final
2025-10-18,pranarom,fra,dossier,d:products,total,9.3,620,30423,final
2025-10-19,pranarom,fra,dossier,d:products,total,9.2,555,30528,final
2025-10-20,pranarom,fra,dossier,d:products,total,8.9,753,34901,final
2025-10-21,pranarom,fra,dossier,d:products,total,8.9,716,34010,final
2025-10-22,pranarom,fra,dossier,d:products,total,8.6,665,32076,final
2025-10-23,pranarom,fra,dossier,d:products,total,9.0,691,32381,final
2025-10-24,pranarom,fra,dossier,d:products,total,9.0,614,29601,final
2025-10-25,pranarom,fra,dossier,d:products,total,9.0,620,28736,final
2025-10-26,pranarom,fra,dossier,d:products,total,8.9,493,27111,final
2025-10-27,pranarom,fra,dossier,d:products,total,9.2,731,32592,final
2025-10-28,pranarom,fra,dossier,d:products,total,8.6,654,30078,final
2025-10-29,pranarom,fra,dossier,d:products,total,8.6,652,31059,final
2025-10-30,pranarom,fra,dossier,d:products,total,9.8,608,31092,final
2025-10-31,pranarom,fra,dossier,d:products,total,9.7,575,27932,final
2025-11-01,pranarom,fra,dossier,d:products,total,9.1,506,26980,final
2025-11-02,pranarom,fra,dossier,d:products,total,9.2,541,29164,final
2025-11-03,pranarom,fra,dossier,d:products,total,8.6,658,30445,final
2025-11-04,pranarom,fra,dossier,d:products,total,9.0,646,29253,final
2025-11-05,pranarom,fra,dossier,d:products,total,8.5,665,31011,final
2025-11-06,pranarom,fra,dossier,d:products,total,9.4,628,29391,final
2025-11-07,pranarom,fra,dossier,d:products,total,9.3,567,30061,final
2025-11-08,pranarom,fra,dossier,d:products,total,9.6,574,31828,final
2025-11-09,pranarom,fra,dossier,d:products,total,10.3,451,28827,final
2025-11-10,pranarom,fra,dossier,d:products,total,9.6,580,34558,final
2025-11-11,pranarom,fra,dossier,d:products,total,10.6,432,32400,final
2025-11-12,pranarom,fra,dossier,d:products,total,8.9,639,32444,final
2025-11-13,pranarom,fra,dossier,d:products,total,8.4,604,30774,final
2025-11-14,pranarom,fra,dossier,d:products,total,8.2,613,29728,final
2025-11-15,pranarom,fra,dossier,d:products,total,8.1,544,30164,final
2025-11-16,pranarom,fra,dossier,d:products,total,8.5,457,29594,final
2025-11-17,pranarom,fra,dossier,d:products,total,8.7,650,32127,final
2025-11-18,pranarom,fra,dossier,d:products,total,8.7,613,33404,final
2025-11-19,pranarom,fra,dossier,d:products,total,8.6,645,31882,final
2025-11-20,pranarom,fra,dossier,d:products,total,9.5,597,31244,final
2025-11-21,pranarom,fra,dossier,d:products,total,9.2,550,30176,final
2025-11-22,pranarom,fra,dossier,d:products,total,9.3,583,30987,final
2025-11-23,pranarom,fra,dossier,d:products,total,10.2,491,31593,final
2025-11-24,pranarom,fra,dossier,d:products,total,9.2,703,34376,final
2025-11-25,pranarom,fra,dossier,d:products,total,9.1,661,33685,final
2025-11-26,pranarom,fra,dossier,d:products,total,9.5,644,33232,final
2025-11-27,pranarom,fra,dossier,d:products,total,9.4,603,32307,final
2025-11-28,pranarom,fra,dossier,d:products,total,9.3,590,32081,final
2025-11-29,pranarom,fra,dossier,d:products,total,9.5,584,31882,final
2025-11-30,pranarom,fra,dossier,d:products,total,9.7,516,31345,final
2025-12-01,pranarom,fra,dossier,d:products,total,9.6,726,36415,final
2025-12-02,pranarom,fra,dossier,d:products,total,10.0,659,35571,final
2025-12-03,pranarom,fra,dossier,d:products,total,9.5,706,37276,final
2025-12-04,pranarom,fra,dossier,d:products,total,10.4,676,36337,final
2025-12-05,pranarom,fra,dossier,d:products,total,9.6,690,33845,final
2025-12-06,pranarom,fra,dossier,d:products,total,9.5,648,33293,final
2025-12-07,pranarom,fra,dossier,d:products,total,9.4,567,31768,final
2025-12-08,pranarom,fra,dossier,d:products,total,9.5,715,36762,final
2025-12-09,pranarom,fra,dossier,d:products,total,9.2,671,37256,final
2025-12-10,pranarom,fra,dossier,d:products,total,9.7,739,38143,final
2025-12-11,pranarom,fra,dossier,d:products,total,10.2,681,34638,final
2025-12-12,pranarom,fra,dossier,d:products,total,8.9,678,37761,final
2025-12-13,pranarom,fra,dossier,d:products,total,8.8,665,41805,final
2025-12-14,pranarom,fra,dossier,d:products,total,9.1,632,37121,final
2025-12-15,pranarom,fra,dossier,d:products,total,8.7,836,39079,final
2025-12-16,pranarom,fra,dossier,d:products,total,8.1,832,42551,final
2025-12-17,pranarom,fra,dossier,d:products,total,8.0,806,44539,final
2025-12-18,pranarom,fra,dossier,d:products,total,9.9,822,41229,final
2025-12-19,pranarom,fra,dossier,d:products,total,8.8,765,41931,final
2025-12-20,pranarom,fra,dossier,d:products,total,8.4,789,39394,final
2025-12-21,pranarom,fra,dossier,d:products,total,8.9,656,43021,final
2025-12-22,pranarom,fra,dossier,d:products,total,7.9,931,50860,final
2025-12-23,pranarom,fra,dossier,d:products,total,8.0,856,50425,final
2025-12-24,pranarom,fra,dossier,d:products,total,10.1,600,35386,final
2025-12-25,pranarom,fra,dossier,d:products,total,9.1,523,37490,final
2025-12-26,pranarom,fra,dossier,d:products,total,8.2,860,48552,final
2025-12-27,pranarom,fra,dossier,d:products,total,8.0,895,48478,final
2025-12-28,pranarom,fra,dossier,d:products,total,8.5,670,40725,final
2025-12-29,pranarom,fra,dossier,d:products,total,8.1,949,50309,final
2025-12-30,pranarom,fra,dossier,d:products,total,8.0,860,51203,final
2025-12-31,pranarom,fra,dossier,d:products,total,9.7,643,41190,final
2026-01-01,pranarom,fra,dossier,d:products,total,10.1,518,38832,final
2026-01-02,pranarom,fra,dossier,d:products,total,8.2,814,47271,final
2026-01-03,pranarom,fra,dossier,d:products,total,8.1,766,40543,final
2026-01-04,pranarom,fra,dossier,d:products,total,8.6,625,32376,final
2026-01-05,pranarom,fra,dossier,d:products,total,8.2,811,32282,final
2026-01-06,pranarom,fra,dossier,d:products,total,8.3,724,31392,final
2026-01-07,pranarom,fra,dossier,d:products,total,9.0,674,33656,final
2026-01-08,pranarom,fra,dossier,d:products,total,10.6,707,35380,final
2026-01-09,pranarom,fra,dossier,d:products,total,10.0,678,35538,final
2026-01-10,pranarom,fra,dossier,d:products,total,8.9,712,34942,final
2026-01-11,pranarom,fra,dossier,d:products,total,9.5,560,30385,final
2026-01-12,pranarom,fra,dossier,d:products,total,9.1,761,34319,final
2026-01-13,pranarom,fra,dossier,d:products,total,9.4,714,34544,final
2026-01-14,pranarom,fra,dossier,d:products,total,9.8,711,34784,final
2026-01-15,pranarom,fra,dossier,d:products,total,9.7,662,31748,final
2026-01-16,pranarom,fra,dossier,d:products,total,9.2,629,29976,final
2026-01-17,pranarom,fra,dossier,d:products,total,8.8,633,32015,final
2026-01-18,pranarom,fra,dossier,d:products,total,9.6,518,29007,final
2026-01-19,pranarom,fra,dossier,d:products,total,9.0,609,32256,final
2026-01-20,pranarom,fra,dossier,d:products,total,8.9,606,30585,final
2026-01-21,pranarom,fra,dossier,d:products,total,9.7,650,30697,final
2026-01-22,pranarom,fra,dossier,d:products,total,9.4,707,30506,final
2026-01-23,pranarom,fra,dossier,d:products,total,10.3,592,26193,final
2026-01-24,pranarom,fra,dossier,d:products,total,10.2,606,28198,final
2026-01-25,pranarom,fra,dossier,d:products,total,10.3,494,25750,final
2026-01-26,pranarom,fra,dossier,d:products,total,8.9,659,28644,final
2026-01-27,pranarom,fra,dossier,d:products,total,9.4,635,29563,final
2026-01-28,pranarom,fra,dossier,d:products,total,9.6,661,28943,final
2026-01-29,pranarom,fra,dossier,d:products,total,11.4,605,29946,final
2026-01-30,pranarom,fra,dossier,d:products,total,9.7,539,27909,final
2026-01-31,pranarom,fra,dossier,d:products,total,10.9,609,32122,final
2026-02-01,pranarom,fra,dossier,d:products,total,10.3,461,27274,final
2026-02-02,pranarom,fra,dossier,d:products,total,9.6,647,31554,final
2026-02-03,pranarom,fra,dossier,d:products,total,9.8,643,33162,final
2026-02-04,pranarom,fra,dossier,d:products,total,10.5,643,33308,final
2026-02-05,pranarom,fra,dossier,d:products,total,10.6,695,34054,final
2026-02-06,pranarom,fra,dossier,d:products,total,11.3,560,29742,final
2026-02-07,pranarom,fra,dossier,d:products,total,10.3,596,28325,final
2026-02-08,pranarom,fra,dossier,d:products,total,12.6,440,29248,final
2026-02-09,pranarom,fra,dossier,d:products,total,10.6,596,30587,final
2026-02-10,pranarom,fra,dossier,d:products,total,10.7,625,29003,final
2026-02-11,pranarom,fra,dossier,d:products,total,10.2,595,29599,final
2026-02-12,pranarom,fra,dossier,d:products,total,11.6,598,30270,final
2026-02-13,pranarom,fra,dossier,d:products,total,10.5,559,27448,final
2026-02-14,pranarom,fra,dossier,d:products,total,10.5,621,29990,final
2026-02-15,pranarom,fra,dossier,d:products,total,9.7,486,30193,final
2026-02-16,pranarom,fra,dossier,d:products,total,9.4,642,33151,final
2026-02-17,pranarom,fra,dossier,d:products,total,9.2,613,32544,final
2026-02-18,pranarom,fra,dossier,d:products,total,9.1,607,33313,final
2026-02-19,pranarom,fra,dossier,d:products,total,9.1,623,31753,final
2026-02-20,pranarom,fra,dossier,d:products,total,10.0,530,28637,final
2026-02-21,pranarom,fra,dossier,d:products,total,9.9,507,28498,final
2026-02-22,pranarom,fra,dossier,d:products,total,10.0,415,26466,final
2026-02-23,pranarom,fra,dossier,d:products,total,9.7,592,31095,final
2026-02-24,pranarom,fra,dossier,d:products,total,9.9,552,31529,final
2026-02-25,pranarom,fra,dossier,d:products,total,10.8,568,31289,final
2026-02-26,pranarom,fra,dossier,d:products,total,10.6,538,31084,final
2026-02-27,pranarom,fra,dossier,d:products,total,10.4,593,30887,final
2026-02-28,pranarom,fra,dossier,d:products,total,10.6,627,32612,final
2026-03-01,pranarom,fra,dossier,d:products,total,10.5,452,28540,final
2026-03-02,pranarom,fra,dossier,d:products,total,10.6,535,30618,final
2026-03-03,pranarom,fra,dossier,d:products,total,10.3,519,30248,final
2026-03-04,pranarom,fra,dossier,d:products,total,10.3,575,29927,final
2026-03-05,pranarom,fra,dossier,d:products,total,10.2,522,31444,final
2026-03-06,pranarom,fra,dossier,d:products,total,10.2,457,29258,final
2026-03-07,pranarom,fra,dossier,d:products,total,10.6,485,31024,final
2026-03-08,pranarom,fra,dossier,d:products,total,10.0,355,28592,final
2026-03-09,pranarom,fra,dossier,d:products,total,9.7,547,31789,final
2026-03-10,pranarom,fra,dossier,d:products,total,9.7,507,32409,final
2026-03-11,pranarom,fra,dossier,d:products,total,9.3,564,31828,final
2026-03-12,pranarom,fra,dossier,d:products,total,10.6,529,33623,final
2026-03-13,pranarom,fra,dossier,d:products,total,9.4,501,29563,final
2026-03-14,pranarom,fra,dossier,d:products,total,9.3,484,30820,final
2026-03-15,pranarom,fra,dossier,d:products,total,10.6,374,28150,final
2026-03-16,pranarom,fra,dossier,d:products,total,9.8,586,31697,final
2026-03-17,pranarom,fra,dossier,d:products,total,9.9,483,31365,final
2026-03-18,pranarom,fra,dossier,d:products,total,10.4,430,27153,final
2026-03-19,pranarom,fra,dossier,d:products,total,10.9,440,26532,final
2026-03-20,pranarom,fra,dossier,d:products,total,10.1,452,25782,final
2026-03-21,pranarom,fra,dossier,d:products,total,10.7,457,27871,final
2026-03-22,pranarom,fra,dossier,d:products,total,10.7,377,26067,final
2026-03-23,pranarom,fra,dossier,d:products,total,9.8,499,28327,final
2026-03-24,pranarom,fra,dossier,d:products,total,9.4,468,27216,final
2026-03-25,pranarom,fra,dossier,d:products,total,8.9,512,28042,final
2026-03-26,pranarom,fra,dossier,d:products,total,9.4,447,27597,final
2026-03-27,pranarom,fra,dossier,d:products,total,9.1,510,29790,final
2026-03-28,pranarom,fra,dossier,d:products,total,9.3,454,27937,final
2026-03-29,pranarom,fra,dossier,d:products,total,10.1,357,25212,final
2026-03-30,pranarom,fra,dossier,d:products,total,9.3,518,29090,final
2026-03-31,pranarom,fra,dossier,d:products,total,10.7,505,29662,final
2026-04-01,pranarom,fra,dossier,d:products,total,10.1,537,27464,final
2026-04-02,pranarom,fra,dossier,d:products,total,10.1,476,27197,final
2026-04-03,pranarom,fra,dossier,d:products,total,9.6,501,25050,final
2026-04-04,pranarom,fra,dossier,d:products,total,9.5,422,23264,final
2026-04-05,pranarom,fra,dossier,d:products,total,9.9,304,21057,final
2026-04-06,pranarom,fra,dossier,d:products,total,10.2,348,23334,final
2026-04-07,pranarom,fra,dossier,d:products,total,9.9,473,24892,final
2026-04-08,pranarom,fra,dossier,d:products,total,9.8,429,23942,final
2026-04-09,pranarom,fra,dossier,d:products,total,10.8,411,24422,final
2026-04-10,pranarom,fra,dossier,d:products,total,9.8,434,22477,final
2026-04-11,pranarom,fra,dossier,d:products,total,10.0,456,23176,final
2026-04-12,pranarom,fra,dossier,d:products,total,10.8,417,22694,final
2026-04-13,pranarom,fra,dossier,d:products,total,9.6,545,25526,final
2026-04-14,pranarom,fra,dossier,d:products,total,10.6,443,24844,final
2026-04-15,pranarom,fra,dossier,d:products,total,10.1,484,23227,final
2026-04-16,pranarom,fra,dossier,d:products,total,10.9,416,22995,final
2026-04-17,pranarom,fra,dossier,d:products,total,10.3,346,21653,final
2026-04-18,pranarom,fra,dossier,d:products,total,10.3,349,20976,final
2026-04-19,pranarom,fra,dossier,d:products,total,10.9,291,20258,final
2026-04-20,pranarom,fra,dossier,d:products,total,10.5,419,22888,final
2026-04-21,pranarom,fra,dossier,d:products,total,10.8,392,23341,final
2026-04-22,pranarom,fra,dossier,d:products,total,10.7,419,22482,final
2026-04-23,pranarom,fra,dossier,d:products,total,11.1,338,22652,final
2026-04-24,pranarom,fra,dossier,d:products,total,11.0,343,24892,final
2026-04-25,pranarom,fra,dossier,d:products,total,10.5,345,23187,final
2026-04-26,pranarom,fra,dossier,d:products,total,10.6,272,21145,final
2026-04-27,pranarom,fra,dossier,d:products,total,10.5,421,23869,final
2026-04-28,pranarom,fra,dossier,d:products,total,10.7,395,25280,final
2026-04-29,pranarom,fra,dossier,d:products,total,10.3,363,24155,final
2026-04-30,pranarom,fra,dossier,d:products,total,12.9,287,24271,final
2026-05-01,pranarom,fra,dossier,d:products,total,10.3,265,20382,final
2026-05-02,pranarom,fra,dossier,d:products,total,9.7,310,21941,final
2026-05-03,pranarom,fra,dossier,d:products,total,10.0,306,21718,final
2026-05-04,pranarom,fra,dossier,d:products,total,10.4,408,25589,final
2026-05-05,pranarom,fra,dossier,d:products,total,10.2,412,27555,final
2026-05-06,pranarom,fra,dossier,d:products,total,9.9,368,24575,final
2026-05-07,pranarom,fra,dossier,d:products,total,9.6,378,26157,final
2026-05-08,pranarom,fra,dossier,d:products,total,10.5,264,21810,final
2026-05-09,pranarom,fra,dossier,d:products,total,9.8,341,23497,final
2026-05-10,pranarom,fra,dossier,d:products,total,10.0,308,22389,final
2026-05-11,pranarom,fra,dossier,d:products,total,10.6,347,25244,final
2026-05-12,pranarom,fra,dossier,d:products,total,12.6,389,25036,final
2026-05-13,pranarom,fra,dossier,d:products,total,11.1,389,23767,final
2026-05-14,pranarom,fra,dossier,d:products,total,10.9,297,22322,final
2026-05-15,pranarom,fra,dossier,d:products,total,8.6,384,22830,final
2026-05-16,pranarom,fra,dossier,d:products,total,9.0,339,22362,final
2026-05-17,pranarom,fra,dossier,d:products,total,9.0,298,20797,final
2026-05-18,pranarom,fra,dossier,d:products,total,9.1,422,25373,final
2026-05-19,pranarom,fra,dossier,d:products,total,9.4,367,24683,final
2026-05-20,pranarom,fra,dossier,d:products,total,9.0,358,24565,final
2026-05-21,pranarom,fra,dossier,d:products,total,9.1,325,23010,final
2026-05-22,pranarom,fra,dossier,d:products,total,8.7,319,20236,final
2026-05-23,pranarom,fra,dossier,d:products,total,9.3,302,20854,final
2026-05-24,pranarom,fra,dossier,d:products,total,9.3,227,19717,final
2026-05-25,pranarom,fra,dossier,d:products,total,9.3,247,20527,final
2026-05-26,pranarom,fra,dossier,d:products,total,9.6,333,22817,final
2026-05-27,pranarom,fra,dossier,d:products,total,9.3,352,22821,final
2026-05-28,pranarom,fra,dossier,d:products,total,9.6,284,22330,final
2026-05-29,pranarom,fra,dossier,d:products,total,9.2,310,20656,final
2026-05-30,pranarom,fra,dossier,d:products,total,9.5,265,19519,final
2026-05-31,pranarom,fra,dossier,d:products,total,9.4,261,18881,final
2026-06-01,pranarom,fra,dossier,d:products,total,10.1,332,22810,final
2026-06-02,pranarom,fra,dossier,d:products,total,9.8,338,21332,final
2026-06-03,pranarom,fra,dossier,d:products,total,9.6,361,22023,final
2026-06-04,pranarom,fra,dossier,d:products,total,9.7,343,22662,final
2026-06-05,pranarom,fra,dossier,d:products,total,9.6,314,20262,final
2026-06-06,pranarom,fra,dossier,d:products,total,9.6,278,17865,final
2026-06-07,pranarom,fra,dossier,d:products,total,10.5,239,22693,final
2026-06-08,pranarom,fra,dossier,d:products,total,9.5,375,23628,final
2026-06-09,pranarom,fra,dossier,d:products,total,9.2,356,21437,final
2026-06-10,pranarom,fra,dossier,d:products,total,9.5,376,21177,final
2026-06-11,pranarom,fra,dossier,d:products,total,8.9,360,19455,final
2026-06-12,pranarom,fra,dossier,d:products,total,9.1,282,18488,final
2026-06-13,pranarom,fra,dossier,d:products,total,9.1,257,18253,final
2026-06-14,pranarom,fra,dossier,d:products,total,8.9,252,18829,final
2026-06-15,pranarom,fra,dossier,d:products,total,8.8,338,21426,final
2026-06-16,pranarom,fra,dossier,d:products,total,9.1,336,20248,final
2026-06-17,pranarom,fra,dossier,d:products,total,9.3,279,19701,final
2026-06-18,pranarom,fra,dossier,d:products,total,9.2,311,19322,final
2026-06-19,pranarom,fra,dossier,d:products,total,9.2,296,18120,final
2026-06-20,pranarom,fra,dossier,d:products,total,9.2,296,18115,final
2026-06-21,pranarom,fra,dossier,d:products,total,9.3,205,16890,final
2026-06-22,pranarom,fra,dossier,d:products,total,9.6,293,19763,final
2026-06-23,pranarom,fra,dossier,d:products,total,9.6,333,18954,final
2026-06-24,pranarom,fra,dossier,d:products,total,9.6,327,21801,final
2026-06-25,pranarom,fra,dossier,d:products,total,9.7,256,20113,final
2026-06-26,pranarom,fra,dossier,d:products,total,9.0,269,18768,final
2026-06-27,pranarom,fra,dossier,d:products,total,9.1,246,18839,final
2026-06-28,pranarom,fra,dossier,d:products,total,9.2,197,20606,final
2026-06-29,pranarom,fra,dossier,d:products,total,9.1,280,20913,final
2026-06-30,pranarom,fra,dossier,d:products,total,9.1,308,20808,final
2026-07-01,pranarom,fra,dossier,d:products,total,10.0,276,22854,final
2026-07-02,pranarom,fra,dossier,d:products,total,9.4,314,21289,final
2026-07-03,pranarom,fra,dossier,d:products,total,9.1,263,19332,final
2026-07-04,pranarom,fra,dossier,d:products,total,9.7,284,18123,final
2026-07-05,pranarom,fra,dossier,d:products,total,9.2,219,17084,final
2026-07-06,pranarom,fra,dossier,d:products,total,10.0,327,21571,final
2026-07-07,pranarom,fra,dossier,d:products,total,9.9,309,20125,final
2026-07-08,pranarom,fra,dossier,d:products,total,9.5,297,20515,final
2026-07-09,pranarom,fra,dossier,d:products,total,10.2,301,22615,final
2026-07-10,pranarom,fra,dossier,d:products,total,9.3,284,20601,final
2026-07-11,pranarom,fra,dossier,d:products,total,9.2,287,19490,final
2026-07-12,pranarom,fra,dossier,d:products,total,9.4,231,17988,final
2026-07-13,pranarom,fra,dossier,d:products,total,9.4,272,20450,final
2026-07-14,pranarom,fra,dossier,d:products,total,10.2,223,18722,final
2026-07-15,pranarom,fra,dossier,d:products,total,9.3,306,19510,final
2026-07-16,pranarom,fra,dossier,d:products,total,9.8,292,19424,final
2026-07-17,pranarom,fra,dossier,d:products,total,9.3,264,18091,final
2026-07-18,pranarom,fra,dossier,d:products,total,9.6,323,17876,final
2026-07-19,pranarom,fra,dossier,d:products,total,9.7,203,15831,final
2026-07-20,pranarom,fra,dossier,d:products,total,9.5,303,17492,final
2026-07-21,pranarom,fra,dossier,d:products,total,10.2,303,17994,final
2026-07-22,pranarom,fra,dossier,d:products,total,9.6,314,17438,final
2026-07-23,pranarom,fra,dossier,d:products,total,9.7,272,16786,final
2026-07-24,pranarom,fra,dossier,d:products,total,11.9,230,16474,final
2026-07-25,pranarom,fra,dossier,d:products,total,10.5,228,14626,final
2026-07-26,pranarom,fra,dossier,d:products,total,10.8,172,13212,final
2026-07-27,pranarom,fra,dossier,d:products,total,10.5,275,15411,final
2026-07-28,pranarom,fra,dossier,d:products,total,14.4,275,18729,final
2026-07-29,pranarom,fra,dossier,d:products,total,12.7,254,17493,final
2026-07-30,pranarom,fra,dossier,d:products,total,11.8,262,16887,final
2026-07-31,pranarom,fra,dossier,d:products,total,12.0,269,16388,final
2026-08-01,pranarom,fra,dossier,d:products,total,11.2,229,16738,final
2026-08-02,pranarom,fra,dossier,d:products,total,10.8,219,15400,final
2026-08-03,pranarom,fra,dossier,d:products,total,11.0,261,16979,final
2026-08-04,pranarom,fra,dossier,d:products,total,12.4,264,18582,final
2026-08-05,pranarom,fra,dossier,d:products,total,12.0,291,17646,final
2026-08-06,pranarom,fra,dossier,d:products,total,15.3,239,19839,final
2026-08-07,pranarom,fra,dossier,d:products,total,13.7,257,16638,final
2026-08-08,pranarom,fra,dossier,d:products,total,10.9,248,14492,final
2026-08-09,pranarom,fra,dossier,d:products,total,11.6,170,12712,final
2026-08-10,pranarom,fra,dossier,d:products,total,10.8,256,15178,final
2026-08-11,pranarom,fra,dossier,d:products,total,11.7,268,15328,final
2026-08-12,pranarom,fra,dossier,d:products,total,11.9,250,15289,final
2026-08-13,pranarom,fra,dossier,d:products,total,11.4,250,14680,final
2026-08-14,pranarom,fra,dossier,d:products,total,10.8,268,13407,final
2026-08-15,pranarom,fra,dossier,d:products,total,11.1,164,12582,final
2026-08-16,pranarom,fra,dossier,d:products,total,11.6,173,13591,final
2026-08-17,pranarom,fra,dossier,d:products,total,11.5,253,16086,final
2026-08-18,pranarom,fra,dossier,d:products,total,11.8,279,15715,final
2026-08-19,pranarom,fra,dossier,d:products,total,11.6,268,15625,final
2026-08-20,pranarom,fra,dossier,d:products,total,12.0,284,16214,final
2026-08-21,pranarom,fra,dossier,d:products,total,10.9,251,14735,final
2026-08-22,pranarom,fra,dossier,d:products,total,10.2,238,14073,final
2026-08-23,pranarom,fra,dossier,d:products,total,10.7,209,13145,final
2026-08-24,pranarom,fra,dossier,d:products,total,11.1,244,15487,final
2026-08-25,pranarom,fra,dossier,d:products,total,10.8,284,15551,final
2026-08-26,pranarom,fra,dossier,d:products,total,11.1,242,16454,final
2026-08-27,pranarom,fra,dossier,d:products,total,11.2,266,15938,final
2026-08-28,pranarom,fra,dossier,d:products,total,12.8,245,16635,final
2026-08-29,pranarom,fra,dossier,d:products,total,11.3,222,15727,final
2026-08-30,pranarom,fra,dossier,d:products,total,11.3,176,13542,final
2026-08-31,pranarom,fra,dossier,d:products,total,12.1,258,17158,final
2026-09-01,pranarom,fra,dossier,d:products,total,11.4,297,16132,final
2026-09-02,pranarom,fra,dossier,d:products,total,11.2,326,17081,final
2026-09-03,pranarom,fra,dossier,d:products,total,14.1,298,21317,final
2026-09-04,pranarom,fra,dossier,d:products,total,13.0,261,18656,final
2026-09-05,pranarom,fra,dossier,d:products,total,11.8,250,17047,final
2026-09-06,pranarom,fra,dossier,d:products,total,11.6,221,16265,final
2026-09-07,pranarom,fra,dossier,d:products,total,11.3,299,17935,final
2026-09-08,pranarom,fra,dossier,d:products,total,11.4,311,17345,final
2026-09-09,pranarom,fra,dossier,d:products,total,10.9,328,16956,final
2026-09-10,pranarom,fra,dossier,d:products,total,10.2,299,16295,final
2026-09-11,pranarom,fra,dossier,d:products,total,9.9,295,18217,final
2026-09-12,pranarom,fra,dossier,d:products,total,10.1,284,18240,final
2026-09-13,pranarom,fra,dossier,d:products,total,9.8,247,18027,final
2026-09-14,pranarom,fra,dossier,d:products,total,8.9,379,18425,final
2026-09-15,pranarom,fra,dossier,d:products,total,8.9,334,17329,final
2026-09-16,pranarom,fra,dossier,d:products,total,11.5,362,17786,final
2026-09-17,pranarom,fra,dossier,d:products,total,13.3,399,18417,final
2026-09-18,pranarom,fra,dossier,d:products,total,12.2,393,19045,final
2026-09-19,pranarom,fra,dossier,d:products,total,12.3,339,15587,final
2026-09-20,pranarom,fra,dossier,d:products,total,13.1,305,15286,final
2026-09-21,pranarom,fra,dossier,d:products,total,12.5,403,18197,final
2026-09-22,pranarom,fra,dossier,d:products,total,12.9,411,18071,final
2026-09-23,pranarom,fra,dossier,d:products,total,13.4,450,16015,final
2026-09-24,pranarom,fra,dossier,d:products,total,13.2,384,15865,final
2026-09-25,pranarom,fra,dossier,d:products,total,11.2,339,13885,final
2026-09-26,pranarom,fra,dossier,d:products,total,11.4,320,14118,final
2026-09-27,pranarom,fra,dossier,d:products,total,11.1,265,12773,final
2026-09-28,pranarom,fra,dossier,d:products,total,10.6,406,15562,final
2026-09-29,pranarom,fra,dossier,d:products,total,12.0,369,15284,final
2026-09-30,pranarom,fra,dossier,d:products,total,6.7,380,12358,final
2026-10-01,pranarom,fra,dossier,d:products,total,6.8,356,10923,fresh
2026-10-02,pranarom,fra,dossier,d:products,total,6.3,302,9351,fresh
2025-06-10,pranarom,fra,dossier,racine,total,2.1,116,1747,final
2025-06-11,pranarom,fra,dossier,racine,total,2.3,100,1641,final
2025-06-12,pranarom,fra,dossier,racine,total,2.0,119,1667,final
2025-06-13,pranarom,fra,dossier,racine,total,1.7,82,1463,final
2025-06-14,pranarom,fra,dossier,racine,total,2.1,79,1324,final
2025-06-15,pranarom,fra,dossier,racine,total,2.4,70,1004,final
2025-06-16,pranarom,fra,dossier,racine,total,2.0,94,1645,final
2025-06-17,pranarom,fra,dossier,racine,total,1.9,92,1652,final
2025-06-18,pranarom,fra,dossier,racine,total,2.1,77,1465,final
2025-06-19,pranarom,fra,dossier,racine,total,2.2,93,1068,final
2025-06-20,pranarom,fra,dossier,racine,total,2.2,94,1037,final
2025-06-21,pranarom,fra,dossier,racine,total,1.7,72,1195,final
2025-06-22,pranarom,fra,dossier,racine,total,1.9,53,1169,final
2025-06-23,pranarom,fra,dossier,racine,total,1.8,98,1805,final
2025-06-24,pranarom,fra,dossier,racine,total,2.1,104,1204,final
2025-06-25,pranarom,fra,dossier,racine,total,2.1,99,1152,final
2025-06-26,pranarom,fra,dossier,racine,total,2.4,96,1023,final
2025-06-27,pranarom,fra,dossier,racine,total,2.7,78,903,final
2025-06-28,pranarom,fra,dossier,racine,total,2.5,54,818,final
2025-06-29,pranarom,fra,dossier,racine,total,2.4,67,863,final
2025-06-30,pranarom,fra,dossier,racine,total,2.1,131,1087,final
2025-07-01,pranarom,fra,dossier,racine,total,2.7,108,1608,final
2025-07-02,pranarom,fra,dossier,racine,total,4.2,122,1725,final
2025-07-03,pranarom,fra,dossier,racine,total,3.5,67,1596,final
2025-07-04,pranarom,fra,dossier,racine,total,5.9,66,1515,final
2025-07-05,pranarom,fra,dossier,racine,total,5.9,45,965,final
2025-07-06,pranarom,fra,dossier,racine,total,6.1,55,1089,final
2025-07-07,pranarom,fra,dossier,racine,total,4.7,90,1579,final
2025-07-08,pranarom,fra,dossier,racine,total,5.4,76,1576,final
2025-07-09,pranarom,fra,dossier,racine,total,5.3,88,1643,final
2025-07-10,pranarom,fra,dossier,racine,total,6.7,54,1146,final
2025-07-11,pranarom,fra,dossier,racine,total,5.7,61,1329,final
2025-07-12,pranarom,fra,dossier,racine,total,4.1,59,1393,final
2025-07-13,pranarom,fra,dossier,racine,total,5.0,63,1209,final
2025-07-14,pranarom,fra,dossier,racine,total,5.1,70,1303,final
2025-07-15,pranarom,fra,dossier,racine,total,5.0,110,1515,final
2025-07-16,pranarom,fra,dossier,racine,total,4.3,85,1598,final
2025-07-17,pranarom,fra,dossier,racine,total,4.4,85,1590,final
2025-07-18,pranarom,fra,dossier,racine,total,5.3,73,1551,final
2025-07-19,pranarom,fra,dossier,racine,total,5.5,69,1476,final
2025-07-20,pranarom,fra,dossier,racine,total,5.7,60,1505,final
2025-07-21,pranarom,fra,dossier,racine,total,5.7,87,1777,final
2025-07-22,pranarom,fra,dossier,racine,total,5.5,113,1906,final
2025-07-23,pranarom,fra,dossier,racine,total,6.3,86,1789,final
2025-07-24,pranarom,fra,dossier,racine,total,7.3,99,1785,final
2025-07-25,pranarom,fra,dossier,racine,total,8.4,76,1678,final
2025-07-26,pranarom,fra,dossier,racine,total,8.5,70,1432,final
2025-07-27,pranarom,fra,dossier,racine,total,8.1,61,1465,final
2025-07-28,pranarom,fra,dossier,racine,total,6.9,95,1852,final
2025-07-29,pranarom,fra,dossier,racine,total,7.8,108,1829,final
2025-07-30,pranarom,fra,dossier,racine,total,6.7,95,1835,final
2025-07-31,pranarom,fra,dossier,racine,total,7.5,75,1654,final
2025-08-01,pranarom,fra,dossier,racine,total,10.4,67,1237,final
2025-08-02,pranarom,fra,dossier,racine,total,9.2,92,1020,final
2025-08-03,pranarom,fra,dossier,racine,total,10.8,50,940,final
2025-08-04,pranarom,fra,dossier,racine,total,9.3,72,1158,final
2025-08-05,pranarom,fra,dossier,racine,total,9.5,82,1197,final
2025-08-06,pranarom,fra,dossier,racine,total,7.1,111,1634,final
2025-08-07,pranarom,fra,dossier,racine,total,6.2,110,1769,final
2025-08-08,pranarom,fra,dossier,racine,total,6.6,85,1580,final
2025-08-09,pranarom,fra,dossier,racine,total,5.8,71,1449,final
2025-08-10,pranarom,fra,dossier,racine,total,8.8,40,1342,final
2025-08-11,pranarom,fra,dossier,racine,total,5.6,101,1740,final
2025-08-12,pranarom,fra,dossier,racine,total,6.7,124,1815,final
2025-08-13,pranarom,fra,dossier,racine,total,6.8,115,1661,final
2025-08-14,pranarom,fra,dossier,racine,total,8.2,83,1671,final
2025-08-15,pranarom,fra,dossier,racine,total,7.7,87,1390,final
2025-08-16,pranarom,fra,dossier,racine,total,9.4,98,1351,final
2025-08-17,pranarom,fra,dossier,racine,total,8.7,61,1042,final
2025-08-18,pranarom,fra,dossier,racine,total,7.2,80,1586,final
2025-08-19,pranarom,fra,dossier,racine,total,8.1,126,1839,final
2025-08-20,pranarom,fra,dossier,racine,total,8.0,102,1622,final
2025-08-21,pranarom,fra,dossier,racine,total,8.4,103,1756,final
2025-08-22,pranarom,fra,dossier,racine,total,8.5,97,1521,final
2025-08-23,pranarom,fra,dossier,racine,total,10.1,61,1400,final
2025-08-24,pranarom,fra,dossier,racine,total,13.6,48,1182,final
2025-08-25,pranarom,fra,dossier,racine,total,10.0,87,1548,final
2025-08-26,pranarom,fra,dossier,racine,total,8.4,115,1743,final
2025-08-27,pranarom,fra,dossier,racine,total,19.0,150,2258,final
2025-08-28,pranarom,fra,dossier,racine,total,18.0,121,1867,final
2025-08-29,pranarom,fra,dossier,racine,total,11.6,95,1263,final
2025-08-30,pranarom,fra,dossier,racine,total,13.1,81,1119,final
2025-08-31,pranarom,fra,dossier,racine,total,25.0,68,1457,final
2025-09-01,pranarom,fra,dossier,racine,total,31.0,113,2133,final
2025-09-02,pranarom,fra,dossier,racine,total,27.8,144,2489,final
2025-09-03,pranarom,fra,dossier,racine,total,18.2,124,1729,final
2025-09-04,pranarom,fra,dossier,racine,total,28.3,97,1983,final
2025-09-05,pranarom,fra,dossier,racine,total,10.1,90,1514,final
2025-09-06,pranarom,fra,dossier,racine,total,10.3,60,1062,final
2025-09-07,pranarom,fra,dossier,racine,total,11.7,52,1018,final
2025-09-08,pranarom,fra,dossier,racine,total,7.0,106,1736,final
2025-09-09,pranarom,fra,dossier,racine,total,7.3,107,1422,final
2025-09-10,pranarom,fra,dossier,racine,total,6.6,95,1677,final
2025-09-11,pranarom,fra,dossier,racine,total,6.1,117,1725,final
2025-09-12,pranarom,fra,dossier,racine,total,4.3,123,1515,final
2025-09-13,pranarom,fra,dossier,racine,total,3.2,103,1299,final
2025-09-14,pranarom,fra,dossier,racine,total,5,83,1011,final
2025-09-15,pranarom,fra,dossier,racine,total,3.9,144,1511,final
2025-09-16,pranarom,fra,dossier,racine,total,10.3,148,1770,final
2025-09-17,pranarom,fra,dossier,racine,total,7.5,130,1260,final
2025-09-18,pranarom,fra,dossier,racine,total,4.0,114,1238,final
2025-09-19,pranarom,fra,dossier,racine,total,9.1,130,1663,final
2025-09-20,pranarom,fra,dossier,racine,total,12.6,101,1680,final
2025-09-21,pranarom,fra,dossier,racine,total,18.7,113,1364,final
2025-09-22,pranarom,fra,dossier,racine,total,11.8,143,1721,final
2025-09-23,pranarom,fra,dossier,racine,total,19.6,97,2039,final
2025-09-24,pranarom,fra,dossier,racine,total,3.3,110,1595,final
2025-09-25,pranarom,fra,dossier,racine,total,3.4,138,1588,final
2025-09-26,pranarom,fra,dossier,racine,total,4.4,120,1239,final
2025-09-27,pranarom,fra,dossier,racine,total,3.7,92,1451,final
2025-09-28,pranarom,fra,dossier,racine,total,4.1,64,1252,final
2025-09-29,pranarom,fra,dossier,racine,total,19.4,140,2098,final
2025-09-30,pranarom,fra,dossier,racine,total,19.5,155,2594,final
2025-10-01,pranarom,fra,dossier,racine,total,19.6,126,2234,final
2025-10-02,pranarom,fra,dossier,racine,total,15.0,134,2382,final
2025-10-03,pranarom,fra,dossier,racine,total,15.2,136,2365,final
2025-10-04,pranarom,fra,dossier,racine,total,20.6,122,2093,final
2025-10-05,pranarom,fra,dossier,racine,total,21.7,118,2097,final
2025-10-06,pranarom,fra,dossier,racine,total,17.6,154,2378,final
2025-10-07,pranarom,fra,dossier,racine,total,15.2,151,2374,final
2025-10-08,pranarom,fra,dossier,racine,total,11.8,201,4373,final
2025-10-09,pranarom,fra,dossier,racine,total,4.4,195,2364,final
2025-10-10,pranarom,fra,dossier,racine,total,14.1,188,2667,final
2025-10-11,pranarom,fra,dossier,racine,total,10.4,135,2076,final
2025-10-12,pranarom,fra,dossier,racine,total,17.8,96,2041,final
2025-10-13,pranarom,fra,dossier,racine,total,11.3,163,2549,final
2025-10-14,pranarom,fra,dossier,racine,total,16.8,152,2804,final
2025-10-15,pranarom,fra,dossier,racine,total,24.4,111,2895,final
2025-10-16,pranarom,fra,dossier,racine,total,18.1,137,2164,final
2025-10-17,pranarom,fra,dossier,racine,total,4.7,117,1846,final
2025-10-18,pranarom,fra,dossier,racine,total,3.9,86,1514,final
2025-10-19,pranarom,fra,dossier,racine,total,3.8,95,1641,final
2025-10-20,pranarom,fra,dossier,racine,total,3.3,147,1990,final
2025-10-21,pranarom,fra,dossier,racine,total,3.3,131,2022,final
2025-10-22,pranarom,fra,dossier,racine,total,3.7,135,1812,final
2025-10-23,pranarom,fra,dossier,racine,total,3.6,134,1741,final
2025-10-24,pranarom,fra,dossier,racine,total,4.1,99,1542,final
2025-10-25,pranarom,fra,dossier,racine,total,3.7,78,1458,final
2025-10-26,pranarom,fra,dossier,racine,total,3.7,77,1386,final
2025-10-27,pranarom,fra,dossier,racine,total,11.1,130,1869,final
2025-10-28,pranarom,fra,dossier,racine,total,15.4,138,2208,final
2025-10-29,pranarom,fra,dossier,racine,total,6.6,127,1436,final
2025-10-30,pranarom,fra,dossier,racine,total,6.8,90,1276,final
2025-10-31,pranarom,fra,dossier,racine,total,19.0,69,1497,final
2025-11-01,pranarom,fra,dossier,racine,total,16.5,102,1240,final
2025-11-02,pranarom,fra,dossier,racine,total,14.4,94,1223,final
2025-11-03,pranarom,fra,dossier,racine,total,15.4,128,1634,final
2025-11-04,pranarom,fra,dossier,racine,total,10.3,88,1451,final
2025-11-05,pranarom,fra,dossier,racine,total,15.1,86,1750,final
2025-11-06,pranarom,fra,dossier,racine,total,8.1,112,1354,final
2025-11-07,pranarom,fra,dossier,racine,total,15.3,115,1557,final
2025-11-08,pranarom,fra,dossier,racine,total,13.5,67,1313,final
2025-11-09,pranarom,fra,dossier,racine,total,25.3,52,1462,final
2025-11-10,pranarom,fra,dossier,racine,total,5.0,64,1141,final
2025-11-11,pranarom,fra,dossier,racine,total,31.7,75,1879,final
2025-11-12,pranarom,fra,dossier,racine,total,15.8,97,1613,final
2025-11-13,pranarom,fra,dossier,racine,total,5.9,98,1601,final
2025-11-14,pranarom,fra,dossier,racine,total,5.5,95,1494,final
2025-11-15,pranarom,fra,dossier,racine,total,5.9,58,1123,final
2025-11-16,pranarom,fra,dossier,racine,total,5.6,52,1117,final
2025-11-17,pranarom,fra,dossier,racine,total,5.5,87,1380,final
2025-11-18,pranarom,fra,dossier,racine,total,5.0,76,1299,final
2025-11-19,pranarom,fra,dossier,racine,total,5.0,85,1212,final
2025-11-20,pranarom,fra,dossier,racine,total,4.8,84,1112,final
2025-11-21,pranarom,fra,dossier,racine,total,5.0,80,1113,final
2025-11-22,pranarom,fra,dossier,racine,total,4.7,65,1073,final
2025-11-23,pranarom,fra,dossier,racine,total,5.9,64,1067,final
2025-11-24,pranarom,fra,dossier,racine,total,15.1,116,1550,final
2025-11-25,pranarom,fra,dossier,racine,total,18.4,90,1673,final
2025-11-26,pranarom,fra,dossier,racine,total,21.0,94,1778,final
2025-11-27,pranarom,fra,dossier,racine,total,15.2,76,2236,final
2025-11-28,pranarom,fra,dossier,racine,total,13.0,68,2274,final
2025-11-29,pranarom,fra,dossier,racine,total,18.0,156,2282,final
2025-11-30,pranarom,fra,dossier,racine,total,13.7,87,1801,final
2025-12-01,pranarom,fra,dossier,racine,total,5.7,124,2265,final
2025-12-02,pranarom,fra,dossier,racine,total,6.7,104,2085,final
2025-12-03,pranarom,fra,dossier,racine,total,15.0,112,2564,final
2025-12-04,pranarom,fra,dossier,racine,total,20.3,135,2644,final
2025-12-05,pranarom,fra,dossier,racine,total,18.2,111,2452,final
2025-12-06,pranarom,fra,dossier,racine,total,14.9,90,2049,final
2025-12-07,pranarom,fra,dossier,racine,total,19.0,103,2255,final
2025-12-08,pranarom,fra,dossier,racine,total,14.6,144,2679,final
2025-12-09,pranarom,fra,dossier,racine,total,15.9,101,2653,final
2025-12-10,pranarom,fra,dossier,racine,total,18.8,140,3046,final
2025-12-11,pranarom,fra,dossier,racine,total,20.8,133,2787,final
2025-12-12,pranarom,fra,dossier,racine,total,4.9,121,1919,final
2025-12-13,pranarom,fra,dossier,racine,total,5.7,112,1876,final
2025-12-14,pranarom,fra,dossier,racine,total,6.3,88,1807,final
2025-12-15,pranarom,fra,dossier,racine,total,12.3,124,2470,final
2025-12-16,pranarom,fra,dossier,racine,total,10.4,155,2275,final
2025-12-17,pranarom,fra,dossier,racine,total,3.9,123,1783,final
2025-12-18,pranarom,fra,dossier,racine,total,12.1,117,2189,final
2025-12-19,pranarom,fra,dossier,racine,total,15.2,132,2295,final
2025-12-20,pranarom,fra,dossier,racine,total,9.1,91,2232,final
2025-12-21,pranarom,fra,dossier,racine,total,13.4,75,1715,final
2025-12-22,pranarom,fra,dossier,racine,total,7.9,116,2277,final
2025-12-23,pranarom,fra,dossier,racine,total,10.3,127,2120,final
2025-12-24,pranarom,fra,dossier,racine,total,29.2,53,1732,final
2025-12-25,pranarom,fra,dossier,racine,total,16.0,69,1386,final
2025-12-26,pranarom,fra,dossier,racine,total,3.7,108,1465,final
2025-12-27,pranarom,fra,dossier,racine,total,3.1,98,1840,final
2025-12-28,pranarom,fra,dossier,racine,total,3.9,77,1699,final
2025-12-29,pranarom,fra,dossier,racine,total,2.7,111,2022,final
2025-12-30,pranarom,fra,dossier,racine,total,2.5,137,1955,final
2025-12-31,pranarom,fra,dossier,racine,total,4.5,87,1485,final
2026-01-01,pranarom,fra,dossier,racine,total,4.8,68,1379,final
2026-01-02,pranarom,fra,dossier,racine,total,2.7,126,1992,final
2026-01-03,pranarom,fra,dossier,racine,total,3.0,106,1942,final
2026-01-04,pranarom,fra,dossier,racine,total,4.0,79,1433,final
2026-01-05,pranarom,fra,dossier,racine,total,7.1,145,2126,final
2026-01-06,pranarom,fra,dossier,racine,total,14.4,138,2401,final
2026-01-07,pranarom,fra,dossier,racine,total,15.5,122,2483,final
2026-01-08,pranarom,fra,dossier,racine,total,15.6,192,2653,final
2026-01-09,pranarom,fra,dossier,racine,total,12.3,138,2222,final
2026-01-10,pranarom,fra,dossier,racine,total,4.0,102,1803,final
2026-01-11,pranarom,fra,dossier,racine,total,4.6,99,1600,final
2026-01-12,pranarom,fra,dossier,racine,total,4.1,169,1764,final
2026-01-13,pranarom,fra,dossier,racine,total,5.1,119,1860,final
2026-01-14,pranarom,fra,dossier,racine,total,4.8,97,1779,final
2026-01-15,pranarom,fra,dossier,racine,total,4.2,121,1733,final
2026-01-16,pranarom,fra,dossier,racine,total,5.2,101,1667,final
2026-01-17,pranarom,fra,dossier,racine,total,4.1,121,1434,final
2026-01-18,pranarom,fra,dossier,racine,total,6.7,55,1084,final
2026-01-19,pranarom,fra,dossier,racine,total,3.8,123,1903,final
2026-01-20,pranarom,fra,dossier,racine,total,3.7,116,1808,final
2026-01-21,pranarom,fra,dossier,racine,total,3.9,95,1575,final
2026-01-22,pranarom,fra,dossier,racine,total,3.7,106,1764,final
2026-01-23,pranarom,fra,dossier,racine,total,4.7,97,1565,final
2026-01-24,pranarom,fra,dossier,racine,total,4.7,63,1639,final
2026-01-25,pranarom,fra,dossier,racine,total,5.2,60,1526,final
2026-01-26,pranarom,fra,dossier,racine,total,3.1,114,1628,final
2026-01-27,pranarom,fra,dossier,racine,total,4.3,110,1850,final
2026-01-28,pranarom,fra,dossier,racine,total,4.0,93,1323,final
2026-01-29,pranarom,fra,dossier,racine,total,4.5,92,1094,final
2026-01-30,pranarom,fra,dossier,racine,total,4.2,105,1494,final
2026-01-31,pranarom,fra,dossier,racine,total,4.9,79,1402,final
2026-02-01,pranarom,fra,dossier,racine,total,4.2,66,1294,final
2026-02-02,pranarom,fra,dossier,racine,total,2.8,109,1563,final
2026-02-03,pranarom,fra,dossier,racine,total,3.2,107,1660,final
2026-02-04,pranarom,fra,dossier,racine,total,3.1,122,1691,final
2026-02-05,pranarom,fra,dossier,racine,total,4.2,136,1630,final
2026-02-06,pranarom,fra,dossier,racine,total,5.2,105,1407,final
2026-02-07,pranarom,fra,dossier,racine,total,4.5,90,1132,final
2026-02-08,pranarom,fra,dossier,racine,total,6.4,97,1343,final
2026-02-09,pranarom,fra,dossier,racine,total,4.4,132,1436,final
2026-02-10,pranarom,fra,dossier,racine,total,13.2,163,1975,final
2026-02-11,pranarom,fra,dossier,racine,total,8.0,127,1710,final
2026-02-12,pranarom,fra,dossier,racine,total,9.1,101,1456,final
2026-02-13,pranarom,fra,dossier,racine,total,6.9,124,1585,final
2026-02-14,pranarom,fra,dossier,racine,total,16.0,90,1671,final
2026-02-15,pranarom,fra,dossier,racine,total,24.5,66,1981,final
2026-02-16,pranarom,fra,dossier,racine,total,18.7,139,1871,final
2026-02-17,pranarom,fra,dossier,racine,total,19.7,140,2143,final
2026-02-18,pranarom,fra,dossier,racine,total,14.9,105,1826,final
2026-02-19,pranarom,fra,dossier,racine,total,12.6,101,1481,final
2026-02-20,pranarom,fra,dossier,racine,total,6.2,124,1665,final
2026-02-21,pranarom,fra,dossier,racine,total,6.6,76,1445,final
2026-02-22,pranarom,fra,dossier,racine,total,7.7,58,1077,final
2026-02-23,pranarom,fra,dossier,racine,total,3.6,118,1520,final
2026-02-24,pranarom,fra,dossier,racine,total,3.9,124,1236,final
2026-02-25,pranarom,fra,dossier,racine,total,4.4,138,1296,final
2026-02-26,pranarom,fra,dossier,racine,total,6.3,141,1006,final
2026-02-27,pranarom,fra,dossier,racine,total,3.5,133,1183,final
2026-02-28,pranarom,fra,dossier,racine,total,4.3,137,993,final
2026-03-01,pranarom,fra,dossier,racine,total,6.1,83,800,final
2026-03-02,pranarom,fra,dossier,racine,total,5.1,147,839,final
2026-03-03,pranarom,fra,dossier,racine,total,2.6,158,1193,final
2026-03-04,pranarom,fra,dossier,racine,total,3.1,115,1327,final
2026-03-05,pranarom,fra,dossier,racine,total,16.1,137,1276,final
2026-03-06,pranarom,fra,dossier,racine,total,21.5,86,1333,final
2026-03-07,pranarom,fra,dossier,racine,total,20.6,67,1302,final
2026-03-08,pranarom,fra,dossier,racine,total,2.7,53,975,final
2026-03-09,pranarom,fra,dossier,racine,total,2.1,104,1209,final
2026-03-10,pranarom,fra,dossier,racine,total,2.9,130,1034,final
2026-03-11,pranarom,fra,dossier,racine,total,2.3,121,1123,final
2026-03-12,pranarom,fra,dossier,racine,total,3.8,117,1407,final
2026-03-13,pranarom,fra,dossier,racine,total,3.4,90,1096,final
2026-03-14,pranarom,fra,dossier,racine,total,3.3,62,1154,final
2026-03-15,pranarom,fra,dossier,racine,total,3.7,40,601,final
2026-03-16,pranarom,fra,dossier,racine,total,3.2,95,888,final
2026-03-17,pranarom,fra,dossier,racine,total,3.0,119,1171,final
2026-03-18,pranarom,fra,dossier,racine,total,4.9,102,1231,final
2026-03-19,pranarom,fra,dossier,racine,total,4.0,106,1312,final
2026-03-20,pranarom,fra,dossier,racine,total,3.2,98,1158,final
2026-03-21,pranarom,fra,dossier,racine,total,3.5,65,965,final
2026-03-22,pranarom,fra,dossier,racine,total,3.0,50,742,final
2026-03-23,pranarom,fra,dossier,racine,total,2.2,96,1213,final
2026-03-24,pranarom,fra,dossier,racine,total,2.0,79,1089,final
2026-03-25,pranarom,fra,dossier,racine,total,2.4,98,1212,final
2026-03-26,pranarom,fra,dossier,racine,total,2.1,113,1210,final
2026-03-27,pranarom,fra,dossier,racine,total,1.9,88,1232,final
2026-03-28,pranarom,fra,dossier,racine,total,2.4,57,1217,final
2026-03-29,pranarom,fra,dossier,racine,total,2.5,56,990,final
2026-03-30,pranarom,fra,dossier,racine,total,2.1,106,1292,final
2026-03-31,pranarom,fra,dossier,racine,total,2.3,147,1326,final
2026-04-01,pranarom,fra,dossier,racine,total,2.5,245,1274,final
2026-04-02,pranarom,fra,dossier,racine,total,2.4,248,1301,final
2026-04-03,pranarom,fra,dossier,racine,total,21.1,245,1962,final
2026-04-04,pranarom,fra,dossier,racine,total,7.8,168,1121,final
2026-04-05,pranarom,fra,dossier,racine,total,18.3,149,1189,final
2026-04-06,pranarom,fra,dossier,racine,total,24.5,180,1702,final
2026-04-07,pranarom,fra,dossier,racine,total,12.1,226,1401,final
2026-04-08,pranarom,fra,dossier,racine,total,10.3,189,969,final
2026-04-09,pranarom,fra,dossier,racine,total,2.5,202,1056,final
2026-04-10,pranarom,fra,dossier,racine,total,3.1,225,1224,final
2026-04-11,pranarom,fra,dossier,racine,total,4.4,181,1027,final
2026-04-12,pranarom,fra,dossier,racine,total,3.2,204,1025,final
2026-04-13,pranarom,fra,dossier,racine,total,2.9,214,1224,final
2026-04-14,pranarom,fra,dossier,racine,total,3.1,243,1368,final
2026-04-15,pranarom,fra,dossier,racine,total,4.0,190,1229,final
2026-04-16,pranarom,fra,dossier,racine,total,4.1,164,1292,final
2026-04-17,pranarom,fra,dossier,racine,total,4.5,103,869,final
2026-04-18,pranarom,fra,dossier,racine,total,3.7,71,908,final
2026-04-19,pranarom,fra,dossier,racine,total,4.3,52,586,final
2026-04-20,pranarom,fra,dossier,racine,total,2.4,107,1134,final
2026-04-21,pranarom,fra,dossier,racine,total,3.3,112,1013,final
2026-04-22,pranarom,fra,dossier,racine,total,2.9,164,1221,final
2026-04-23,pranarom,fra,dossier,racine,total,5.4,96,952,final
2026-04-24,pranarom,fra,dossier,racine,total,4.1,82,990,final
2026-04-25,pranarom,fra,dossier,racine,total,3.3,79,907,final
2026-04-26,pranarom,fra,dossier,racine,total,3.3,50,717,final
2026-04-27,pranarom,fra,dossier,racine,total,2.8,88,975,final
2026-04-28,pranarom,fra,dossier,racine,total,3.3,99,1029,final
2026-04-29,pranarom,fra,dossier,racine,total,2.7,148,999,final
2026-04-30,pranarom,fra,dossier,racine,total,3.6,93,1089,final
2026-05-01,pranarom,fra,dossier,racine,total,3.6,65,720,final
2026-05-02,pranarom,fra,dossier,racine,total,2.6,79,936,final
2026-05-03,pranarom,fra,dossier,racine,total,2.8,126,881,final
2026-05-04,pranarom,fra,dossier,racine,total,2.8,151,992,final
2026-05-05,pranarom,fra,dossier,racine,total,2.9,140,1186,final
2026-05-06,pranarom,fra,dossier,racine,total,3.0,176,1269,final
2026-05-07,pranarom,fra,dossier,racine,total,3.2,91,1134,final
2026-05-08,pranarom,fra,dossier,racine,total,3.7,90,690,final
2026-05-09,pranarom,fra,dossier,racine,total,3.2,124,1036,final
2026-05-10,pranarom,fra,dossier,racine,total,4.2,109,714,final
2026-05-11,pranarom,fra,dossier,racine,total,2.7,114,1241,final
2026-05-12,pranarom,fra,dossier,racine,total,3.1,98,1108,final
2026-05-13,pranarom,fra,dossier,racine,total,2.9,88,991,final
2026-05-14,pranarom,fra,dossier,racine,total,2.9,69,788,final
2026-05-15,pranarom,fra,dossier,racine,total,1.6,87,1013,final
2026-05-16,pranarom,fra,dossier,racine,total,2.1,75,868,final
2026-05-17,pranarom,fra,dossier,racine,total,1.7,60,908,final
2026-05-18,pranarom,fra,dossier,racine,total,2.0,97,1076,final
2026-05-19,pranarom,fra,dossier,racine,total,2.4,106,1067,final
2026-05-20,pranarom,fra,dossier,racine,total,2.6,89,816,final
2026-05-21,pranarom,fra,dossier,racine,total,1.8,88,935,final
2026-05-22,pranarom,fra,dossier,racine,total,1.8,87,1016,final
2026-05-23,pranarom,fra,dossier,racine,total,2.3,62,891,final
2026-05-24,pranarom,fra,dossier,racine,total,2.8,54,613,final
2026-05-25,pranarom,fra,dossier,racine,total,2.3,86,703,final
2026-05-26,pranarom,fra,dossier,racine,total,2.1,128,1185,final
2026-05-27,pranarom,fra,dossier,racine,total,2.2,127,1224,final
2026-05-28,pranarom,fra,dossier,racine,total,1.8,122,1201,final
2026-05-29,pranarom,fra,dossier,racine,total,2.4,100,934,final
2026-05-30,pranarom,fra,dossier,racine,total,2.4,82,902,final
2026-05-31,pranarom,fra,dossier,racine,total,2.4,70,1046,final
2026-06-01,pranarom,fra,dossier,racine,total,2.4,110,1165,final
2026-06-02,pranarom,fra,dossier,racine,total,2.2,111,1244,final
2026-06-03,pranarom,fra,dossier,racine,total,1.7,100,1178,final
2026-06-04,pranarom,fra,dossier,racine,total,2.6,106,1089,final
2026-06-05,pranarom,fra,dossier,racine,total,2.1,86,1129,final
2026-06-06,pranarom,fra,dossier,racine,total,2.1,94,1029,final
2026-06-07,pranarom,fra,dossier,racine,total,3.3,49,849,final
2026-06-08,pranarom,fra,dossier,racine,total,2.9,131,1006,final
2026-06-09,pranarom,fra,dossier,racine,total,2.0,115,1104,final
2026-06-10,pranarom,fra,dossier,racine,total,2.6,104,968,final
2026-06-11,pranarom,fra,dossier,racine,total,2.1,105,1099,final
2026-06-12,pranarom,fra,dossier,racine,total,2.5,97,973,final
2026-06-13,pranarom,fra,dossier,racine,total,2.5,62,882,final
2026-06-14,pranarom,fra,dossier,racine,total,3.0,49,671,final
2026-06-15,pranarom,fra,dossier,racine,total,2.8,100,798,final
2026-06-16,pranarom,fra,dossier,racine,total,2.3,108,977,final
2026-06-17,pranarom,fra,dossier,racine,total,3.0,108,931,final
2026-06-18,pranarom,fra,dossier,racine,total,2.9,94,972,final
2026-06-19,pranarom,fra,dossier,racine,total,3.0,89,683,final
2026-06-20,pranarom,fra,dossier,racine,total,3.8,67,629,final
2026-06-21,pranarom,fra,dossier,racine,total,3.3,46,536,final
2026-06-22,pranarom,fra,dossier,racine,total,3.0,95,756,final
2026-06-23,pranarom,fra,dossier,racine,total,2.7,117,1152,final
2026-06-24,pranarom,fra,dossier,racine,total,4.1,117,1383,final
2026-06-25,pranarom,fra,dossier,racine,total,3.4,96,841,final
2026-06-26,pranarom,fra,dossier,racine,total,2.0,80,964,final
2026-06-27,pranarom,fra,dossier,racine,total,2.0,71,939,final
2026-06-28,pranarom,fra,dossier,racine,total,2.3,76,923,final
2026-06-29,pranarom,fra,dossier,racine,total,2.3,91,941,final
2026-06-30,pranarom,fra,dossier,racine,total,2.5,88,735,final
2026-07-01,pranarom,fra,dossier,racine,total,2.8,75,1084,final
2026-07-02,pranarom,fra,dossier,racine,total,3.0,55,809,final
2026-07-03,pranarom,fra,dossier,racine,total,2.4,63,778,final
2026-07-04,pranarom,fra,dossier,racine,total,2.4,57,887,final
2026-07-05,pranarom,fra,dossier,racine,total,2.6,76,694,final
2026-07-06,pranarom,fra,dossier,racine,total,2.4,90,1039,final
2026-07-07,pranarom,fra,dossier,racine,total,2.0,74,954,final
2026-07-08,pranarom,fra,dossier,racine,total,2.5,81,813,final
2026-07-09,pranarom,fra,dossier,racine,total,3.1,70,777,final
2026-07-10,pranarom,fra,dossier,racine,total,3.2,79,708,final
2026-07-11,pranarom,fra,dossier,racine,total,2.5,63,936,final
2026-07-12,pranarom,fra,dossier,racine,total,3.3,31,703,final
2026-07-13,pranarom,fra,dossier,racine,total,3.2,73,804,final
2026-07-14,pranarom,fra,dossier,racine,total,2.8,79,953,final
2026-07-15,pranarom,fra,dossier,racine,total,3.3,98,889,final
2026-07-16,pranarom,fra,dossier,racine,total,3.0,99,782,final
2026-07-17,pranarom,fra,dossier,racine,total,2.6,77,685,final
2026-07-18,pranarom,fra,dossier,racine,total,3.6,74,688,final
2026-07-19,pranarom,fra,dossier,racine,total,3.0,63,789,final
2026-07-20,pranarom,fra,dossier,racine,total,2.1,111,1085,final
2026-07-21,pranarom,fra,dossier,racine,total,3.0,86,1005,final
2026-07-22,pranarom,fra,dossier,racine,total,4.0,104,1127,final
2026-07-23,pranarom,fra,dossier,racine,total,2.6,88,881,final
2026-07-24,pranarom,fra,dossier,racine,total,12.8,68,1209,final
2026-07-25,pranarom,fra,dossier,racine,total,7.7,42,657,final
2026-07-26,pranarom,fra,dossier,racine,total,3.4,62,846,final
2026-07-27,pranarom,fra,dossier,racine,total,3.2,77,1065,final
2026-07-28,pranarom,fra,dossier,racine,total,8.8,81,879,final
2026-07-29,pranarom,fra,dossier,racine,total,5.8,79,1146,final
2026-07-30,pranarom,fra,dossier,racine,total,3.6,87,931,final
2026-07-31,pranarom,fra,dossier,racine,total,4.4,67,922,final
2026-08-01,pranarom,fra,dossier,racine,total,4.2,52,636,final
2026-08-02,pranarom,fra,dossier,racine,total,3.2,67,886,final
2026-08-03,pranarom,fra,dossier,racine,total,3.1,101,980,final
2026-08-04,pranarom,fra,dossier,racine,total,5.3,75,755,final
2026-08-05,pranarom,fra,dossier,racine,total,12.3,80,800,final
2026-08-06,pranarom,fra,dossier,racine,total,12.3,69,918,final
2026-08-07,pranarom,fra,dossier,racine,total,8.5,60,759,final
2026-08-08,pranarom,fra,dossier,racine,total,3.7,45,674,final
2026-08-09,pranarom,fra,dossier,racine,total,4.4,54,816,final
2026-08-10,pranarom,fra,dossier,racine,total,4.8,64,1011,final
2026-08-11,pranarom,fra,dossier,racine,total,4.0,73,1024,final
2026-08-12,pranarom,fra,dossier,racine,total,3.6,70,775,final
2026-08-13,pranarom,fra,dossier,racine,total,4.0,64,844,final
2026-08-14,pranarom,fra,dossier,racine,total,3.3,58,601,final
2026-08-15,pranarom,fra,dossier,racine,total,2.9,51,521,final
2026-08-16,pranarom,fra,dossier,racine,total,4.0,47,608,final
2026-08-17,pranarom,fra,dossier,racine,total,4.1,66,742,final
2026-08-18,pranarom,fra,dossier,racine,total,3.1,78,723,final
2026-08-19,pranarom,fra,dossier,racine,total,4.0,66,758,final
2026-08-20,pranarom,fra,dossier,racine,total,3.6,59,650,final
2026-08-21,pranarom,fra,dossier,racine,total,4.4,61,643,final
2026-08-22,pranarom,fra,dossier,racine,total,4.1,51,558,final
2026-08-23,pranarom,fra,dossier,racine,total,2.9,43,494,final
2026-08-24,pranarom,fra,dossier,racine,total,4.0,78,703,final
2026-08-25,pranarom,fra,dossier,racine,total,3.3,64,687,final
2026-08-26,pranarom,fra,dossier,racine,total,4.8,68,660,final
2026-08-27,pranarom,fra,dossier,racine,total,4.2,59,703,final
2026-08-28,pranarom,fra,dossier,racine,total,7.2,90,797,final
2026-08-29,pranarom,fra,dossier,racine,total,3.8,46,589,final
2026-08-30,pranarom,fra,dossier,racine,total,3.8,51,568,final
2026-08-31,pranarom,fra,dossier,racine,total,3.7,93,879,final
2026-09-01,pranarom,fra,dossier,racine,total,3.4,86,834,final
2026-09-02,pranarom,fra,dossier,racine,total,3.0,89,987,final
2026-09-03,pranarom,fra,dossier,racine,total,7.9,102,1084,final
2026-09-04,pranarom,fra,dossier,racine,total,5.4,91,935,final
2026-09-05,pranarom,fra,dossier,racine,total,5.1,63,856,final
2026-09-06,pranarom,fra,dossier,racine,total,3.9,46,784,final
2026-09-07,pranarom,fra,dossier,racine,total,3.4,92,954,final
2026-09-08,pranarom,fra,dossier,racine,total,3.8,83,955,final
2026-09-09,pranarom,fra,dossier,racine,total,3.4,72,865,final
2026-09-10,pranarom,fra,dossier,racine,total,3.8,77,910,final
2026-09-11,pranarom,fra,dossier,racine,total,3.7,62,741,final
2026-09-12,pranarom,fra,dossier,racine,total,2.7,56,735,final
2026-09-13,pranarom,fra,dossier,racine,total,2.5,59,812,final
2026-09-14,pranarom,fra,dossier,racine,total,2.3,91,943,final
2026-09-15,pranarom,fra,dossier,racine,total,2.6,68,1238,final
2026-09-16,pranarom,fra,dossier,racine,total,3.0,73,981,final
2026-09-17,pranarom,fra,dossier,racine,total,3.2,62,1056,final
2026-09-18,pranarom,fra,dossier,racine,total,2.6,94,1021,final
2026-09-19,pranarom,fra,dossier,racine,total,2.1,68,883,final
2026-09-20,pranarom,fra,dossier,racine,total,2.8,51,822,final
2026-09-21,pranarom,fra,dossier,racine,total,2.6,78,1122,final
2026-09-22,pranarom,fra,dossier,racine,total,3.7,68,1025,final
2026-09-23,pranarom,fra,dossier,racine,total,2.9,101,1074,final
2026-09-24,pranarom,fra,dossier,racine,total,2.8,75,1012,final
2026-09-25,pranarom,fra,dossier,racine,total,2.7,87,1011,final
2026-09-26,pranarom,fra,dossier,racine,total,2.9,76,795,final
2026-09-27,pranarom,fra,dossier,racine,total,2.9,58,704,final
2026-09-28,pranarom,fra,dossier,racine,total,2.9,89,1035,final
2026-09-29,pranarom,fra,dossier,racine,total,3.7,112,1081,final
2026-09-30,pranarom,fra,dossier,racine,total,2.8,92,999,final
2026-10-01,pranarom,fra,dossier,racine,total,2.0,92,920,fresh
2026-10-02,pranarom,fra,dossier,racine,total,2.0,61,770,fresh
